{
"type": "FeatureCollection",
"name": "cuencas_sedimentarias_consolidadas",
"crs": { "type": "name", "properties": { "name": "urn:ogc:def:crs:OGC:1.3:CRS84" } },
"features": [
{ "type": "Feature", "properties": { "cuenca": "ARGENTINA", "ubicacion": "OFFSHORE", "tipo": "No Productiva", "origen_geo": "no_productiva", "cuenca_norm": "ARGENTINA", "cuenca_join_key": "ARGENTINA" }, "geometry": { "type": "Polygon", "coordinates": [ [ [ -54.289854, -37.109508 ], [ -54.236793, -37.158841 ], [ -53.992248, -37.252309 ], [ -53.986605, -37.254489 ], [ -53.460296, -37.502068 ], [ -53.040381, -37.681546 ], [ -52.767496, -37.857808 ], [ -52.669628, -37.917507 ], [ -52.56587, -37.983633 ], [ -52.60063, -38.074332 ], [ -52.695112, -38.31826 ], [ -52.75983, -38.4729 ], [ -52.826976, -38.615543 ], [ -52.955479, -38.851064 ], [ -53.073714, -39.060809 ], [ -53.194763, -39.258544 ], [ -53.345224, -39.471732 ], [ -53.485343, -39.659095 ], [ -53.574679, -39.779393 ], [ -53.731602, -39.968359 ], [ -53.875798, -40.143523 ], [ -54.013588, -40.2687 ], [ -54.113847, -40.4267 ], [ -54.274864, -40.517148 ], [ -54.478694, -40.734682 ], [ -54.650635, -40.862644 ], [ -54.765647, -40.94785 ], [ -54.898498, -41.120798 ], [ -55.118128, -41.36348 ], [ -55.236639, -41.436293 ], [ -55.377709, -41.671065 ], [ -55.50546, -41.892182 ], [ -55.666564, -42.116218 ], [ -55.787574, -42.287223 ], [ -55.87066, -42.490596 ], [ -55.935564, -42.705703 ], [ -56.008722, -42.872259 ], [ -56.039168, -43.096618 ], [ -56.0198, -43.316608 ], [ -55.967185, -43.632213 ], [ -55.836016, -43.903853 ], [ -55.625637, -44.131135 ], [ -55.182853, -44.397604 ], [ -54.771907, -44.566924 ], [ -54.298069, -44.777494 ], [ -53.974694, -44.915956 ], [ -53.6525, -45.041287 ], [ -53.343289, -45.179468 ], [ -53.111819, -45.276482 ], [ -52.95897, -45.332806 ], [ -52.777413, -45.434865 ], [ -52.583967, -45.51055 ], [ -52.358198, -45.643632 ], [ -52.125293, -45.800059 ], [ -51.830339, -45.985209 ], [ -51.650474, -46.19678 ], [ -51.598204, -46.325838 ], [ -51.600633, -46.449601 ], [ -51.694675, -46.498698 ], [ -51.727388, -46.576964 ], [ -51.843739, -46.678146 ], [ -51.970012, -46.74341 ], [ -52.079195, -46.806401 ], [ -52.242848, -46.937714 ], [ -52.44235, -47.073098 ], [ -52.532174, -47.145644 ], [ -52.657426, -47.22231 ], [ -52.829885, -47.32907 ], [ -52.959046, -47.393498 ], [ -53.073829, -47.443767 ], [ -53.185891, -47.505952 ], [ -53.404788, -47.579999 ], [ -53.541177, -47.619829 ], [ -53.749069, -47.667265 ], [ -54.052282, -47.699724 ], [ -54.320244, -47.727708 ], [ -54.525076, -47.711633 ], [ -54.691409, -47.703681 ], [ -54.952433, -47.68007 ], [ -55.154238, -47.646929 ], [ -55.236266, -47.633343 ], [ -55.448746, -47.665645 ], [ -55.612566, -47.668426 ], [ -55.942741, -47.661143 ], [ -56.239314, -47.637675 ], [ -56.502018, -47.598268 ], [ -56.896548, -47.531881 ], [ -57.066561, -47.496036 ], [ -57.222459, -47.511547 ], [ -57.363555, -47.538784 ], [ -57.48752, -47.597444 ], [ -57.550343, -47.659666 ], [ -57.622725, -47.738993 ], [ -57.707382, -47.819168 ], [ -57.781508, -47.890295 ], [ -57.797138, -47.934649 ], [ -57.837611, -47.972353 ], [ -57.837729, -47.972575 ], [ -57.837841, -47.972796 ], [ -57.83796, -47.973021 ], [ -57.838078, -47.973243 ], [ -57.838196, -47.973468 ], [ -57.838308, -47.973689 ], [ -57.838426, -47.973915 ], [ -57.838538, -47.974141 ], [ -57.838656, -47.974362 ], [ -57.838768, -47.974587 ], [ -57.838879, -47.974813 ], [ -57.838997, -47.975039 ], [ -57.839109, -47.97526 ], [ -57.839221, -47.975485 ], [ -57.839332, -47.97571 ], [ -57.839444, -47.975936 ], [ -57.839555, -47.976161 ], [ -57.839667, -47.976387 ], [ -57.839778, -47.976612 ], [ -57.83989, -47.976838 ], [ -57.840001, -47.977068 ], [ -57.840105, -47.977293 ], [ -57.840217, -47.977518 ], [ -57.840328, -47.977744 ], [ -57.840433, -47.977973 ], [ -57.840544, -47.978199 ], [ -57.840649, -47.978424 ], [ -57.84076, -47.978654 ], [ -57.840865, -47.978879 ], [ -57.840969, -47.979109 ], [ -57.841081, -47.979334 ], [ -57.841185, -47.979564 ], [ -57.84129, -47.979789 ], [ -57.841394, -47.980019 ], [ -57.841499, -47.980244 ], [ -57.84161, -47.980474 ], [ -57.841714, -47.980703 ], [ -57.841819, -47.980928 ], [ -57.841924, -47.981158 ], [ -57.842028, -47.981388 ], [ -57.842133, -47.981613 ], [ -57.842237, -47.981843 ], [ -57.842335, -47.982072 ], [ -57.842439, -47.982302 ], [ -57.842544, -47.982531 ], [ -57.842648, -47.982756 ], [ -57.842753, -47.982986 ], [ -57.842851, -47.983215 ], [ -57.842955, -47.983445 ], [ -57.843059, -47.983675 ], [ -57.843157, -47.983904 ], [ -57.843261, -47.984134 ], [ -57.843359, -47.984363 ], [ -57.843464, -47.984592 ], [ -57.843568, -47.984822 ], [ -57.843666, -47.985051 ], [ -57.84377, -47.985281 ], [ -57.843868, -47.98551 ], [ -57.843972, -47.98574 ], [ -57.844069, -47.985974 ], [ -57.844167, -47.986203 ], [ -57.844272, -47.986433 ], [ -57.844369, -47.986662 ], [ -57.844474, -47.986892 ], [ -57.844571, -47.987121 ], [ -57.844669, -47.98735 ], [ -57.844773, -47.987585 ], [ -57.844871, -47.987814 ], [ -57.844968, -47.988043 ], [ -57.845073, -47.988273 ], [ -57.845171, -47.988502 ], [ -57.845268, -47.988736 ], [ -57.845366, -47.988965 ], [ -57.84547, -47.989195 ], [ -57.845568, -47.989424 ], [ -57.845665, -47.989654 ], [ -57.845769, -47.989888 ], [ -57.845867, -47.990117 ], [ -57.845965, -47.990346 ], [ -57.846063, -47.990576 ], [ -57.846167, -47.99081 ], [ -57.846264, -47.991039 ], [ -57.846362, -47.991268 ], [ -57.84646, -47.991498 ], [ -57.846564, -47.991732 ], [ -57.846661, -47.991961 ], [ -57.846759, -47.992191 ], [ -57.846857, -47.99242 ], [ -57.846961, -47.992654 ], [ -57.847059, -47.992883 ], [ -57.847156, -47.993113 ], [ -57.847254, -47.993342 ], [ -57.847358, -47.993576 ], [ -57.847456, -47.993806 ], [ -57.847554, -47.994035 ], [ -57.847658, -47.994264 ], [ -57.847756, -47.994494 ], [ -57.847854, -47.994723 ], [ -57.847958, -47.994957 ], [ -57.848055, -47.995187 ], [ -57.848153, -47.995416 ], [ -57.848258, -47.995646 ], [ -57.848355, -47.995875 ], [ -57.84846, -47.996104 ], [ -57.848557, -47.996334 ], [ -57.848662, -47.996563 ], [ -57.848759, -47.996797 ], [ -57.848864, -47.997027 ], [ -57.848961, -47.997256 ], [ -57.849066, -47.997486 ], [ -57.849163, -47.997715 ], [ -57.849268, -47.997945 ], [ -57.849372, -47.998174 ], [ -57.84947, -47.998404 ], [ -57.849575, -47.998629 ], [ -57.849679, -47.998859 ], [ -57.849777, -47.999088 ], [ -57.849882, -47.999318 ], [ -57.849986, -47.999547 ], [ -57.850091, -47.999777 ], [ -57.850195, -48.000006 ], [ -57.8503, -48.000232 ], [ -57.850404, -48.000461 ], [ -57.850509, -48.000691 ], [ -57.850613, -48.00092 ], [ -57.850718, -48.001146 ], [ -57.850823, -48.001375 ], [ -57.850927, -48.001605 ], [ -57.851032, -48.00183 ], [ -57.851136, -48.00206 ], [ -57.851241, -48.002285 ], [ -57.851352, -48.002515 ], [ -57.851457, -48.00274 ], [ -57.851562, -48.00297 ], [ -57.851673, -48.003195 ], [ -57.851778, -48.003425 ], [ -57.851889, -48.00365 ], [ -57.851994, -48.003875 ], [ -57.852105, -48.004105 ], [ -57.85221, -48.00433 ], [ -57.852322, -48.004556 ], [ -57.852433, -48.004781 ], [ -57.852538, -48.005006 ], [ -57.852649, -48.005236 ], [ -57.852761, -48.005462 ], [ -57.852873, -48.005687 ], [ -57.852984, -48.005913 ], [ -57.853096, -48.006138 ], [ -57.853207, -48.006363 ], [ -57.853319, -48.006589 ], [ -57.853431, -48.00681 ], [ -57.853549, -48.007036 ], [ -57.853661, -48.007261 ], [ -57.853772, -48.007487 ], [ -57.853891, -48.007708 ], [ -57.854003, -48.007933 ], [ -57.854121, -48.008159 ], [ -57.854233, -48.00838 ], [ -57.854351, -48.008606 ], [ -57.85447, -48.008827 ], [ -57.854582, -48.009052 ], [ -57.8547, -48.009274 ], [ -57.854819, -48.009495 ], [ -57.854937, -48.009721 ], [ -57.855056, -48.009942 ], [ -57.855175, -48.010163 ], [ -57.8553, -48.010385 ], [ -57.855419, -48.010606 ], [ -57.855538, -48.010827 ], [ -57.855663, -48.011049 ], [ -57.855782, -48.01127 ], [ -57.855907, -48.011492 ], [ -57.856026, -48.011713 ], [ -57.856151, -48.011935 ], [ -57.856277, -48.012152 ], [ -57.856403, -48.012373 ], [ -57.856521, -48.012595 ], [ -57.856647, -48.012812 ], [ -57.856779, -48.013034 ], [ -57.856905, -48.013251 ], [ -57.85703, -48.013472 ], [ -57.857156, -48.013689 ], [ -57.857289, -48.013907 ], [ -57.857414, -48.014128 ], [ -57.857547, -48.014346 ], [ -57.857673, -48.014563 ], [ -57.857805, -48.01478 ], [ -57.857938, -48.014997 ], [ -57.85807, -48.015215 ], [ -57.858203, -48.015432 ], [ -57.858336, -48.015645 ], [ -57.858468, -48.015862 ], [ -57.858601, -48.01608 ], [ -57.858741, -48.016293 ], [ -57.858873, -48.01651 ], [ -57.859013, -48.016724 ], [ -57.859145, -48.016941 ], [ -57.859285, -48.017154 ], [ -57.859425, -48.017368 ], [ -57.859564, -48.017581 ], [ -57.859704, -48.017798 ], [ -57.859843, -48.018012 ], [ -57.859983, -48.018225 ], [ -57.86013, -48.018434 ], [ -57.86027, -48.018647 ], [ -57.860416, -48.018861 ], [ -57.860555, -48.019074 ], [ -57.860702, -48.019283 ], [ -57.860849, -48.019496 ], [ -57.860995, -48.019705 ], [ -57.861142, -48.019919 ], [ -57.861289, -48.020128 ], [ -57.861436, -48.020337 ], [ -57.861582, -48.020546 ], [ -57.861735, -48.02076 ], [ -57.861882, -48.020969 ], [ -57.862036, -48.021178 ], [ -57.86219, -48.021383 ], [ -57.862343, -48.021592 ], [ -57.862497, -48.021802 ], [ -57.862651, -48.022006 ], [ -57.862804, -48.022216 ], [ -57.862965, -48.022421 ], [ -57.863118, -48.02263 ], [ -57.863279, -48.022835 ], [ -57.863433, -48.02304 ], [ -57.863593, -48.023245 ], [ -57.863754, -48.02345 ], [ -57.863915, -48.023656 ], [ -57.864075, -48.023861 ], [ -57.864242, -48.024066 ], [ -57.864403, -48.024271 ], [ -57.864571, -48.024472 ], [ -57.864732, -48.024677 ], [ -57.864899, -48.024878 ], [ -57.865067, -48.025084 ], [ -57.865234, -48.025285 ], [ -57.865402, -48.025486 ], [ -57.865577, -48.025687 ], [ -57.865744, -48.025888 ], [ -57.865919, -48.026089 ], [ -57.866087, -48.02629 ], [ -57.866261, -48.026487 ], [ -57.866436, -48.026688 ], [ -57.866611, -48.026885 ], [ -57.866785, -48.027086 ], [ -57.866967, -48.027283 ], [ -57.867142, -48.02748 ], [ -57.867323, -48.027677 ], [ -57.867505, -48.027874 ], [ -57.86768, -48.028071 ], [ -57.867868, -48.028268 ], [ -57.86805, -48.028465 ], [ -57.868232, -48.028658 ], [ -57.86842, -48.028855 ], [ -57.868602, -48.029048 ], [ -57.868791, -48.029241 ], [ -57.868979, -48.029434 ], [ -57.869168, -48.029627 ], [ -57.869363, -48.02982 ], [ -57.869552, -48.030013 ], [ -57.869748, -48.030206 ], [ -57.869936, -48.030399 ], [ -57.870132, -48.030588 ], [ -57.870328, -48.030776 ], [ -57.870523, -48.03097 ], [ -57.870726, -48.031159 ], [ -57.870922, -48.031347 ], [ -57.871124, -48.031536 ], [ -57.87132, -48.031725 ], [ -57.871523, -48.031914 ], [ -57.871725, -48.032103 ], [ -57.871928, -48.032288 ], [ -57.872137, -48.032477 ], [ -57.87234, -48.032661 ], [ -57.872543, -48.03285 ], [ -57.872753, -48.033035 ], [ -57.872962, -48.03322 ], [ -57.873172, -48.033405 ], [ -57.873382, -48.03359 ], [ -57.873591, -48.033775 ], [ -57.873801, -48.033959 ], [ -57.874011, -48.03414 ], [ -57.874227, -48.034325 ], [ -57.874444, -48.03451 ], [ -57.874654, -48.03469 ], [ -57.874871, -48.034871 ], [ -57.875087, -48.035056 ], [ -57.875304, -48.035237 ], [ -57.875527, -48.035418 ], [ -57.875744, -48.035598 ], [ -57.875961, -48.035779 ], [ -57.876184, -48.03596 ], [ -57.876408, -48.036141 ], [ -57.876625, -48.036317 ], [ -57.876849, -48.036498 ], [ -57.877072, -48.036679 ], [ -57.877296, -48.036855 ], [ -57.87752, -48.037032 ], [ -57.87775, -48.037213 ], [ -57.877974, -48.03739 ], [ -57.878205, -48.037566 ], [ -57.878429, -48.037743 ], [ -57.878659, -48.03792 ], [ -57.87889, -48.038096 ], [ -57.879121, -48.038273 ], [ -57.879351, -48.03845 ], [ -57.879582, -48.038627 ], [ -57.879813, -48.038799 ], [ -57.88005, -48.038976 ], [ -57.880281, -48.039153 ], [ -57.880519, -48.039325 ], [ -57.88075, -48.039498 ], [ -57.880987, -48.039675 ], [ -57.881225, -48.039847 ], [ -57.881463, -48.04002 ], [ -57.881694, -48.040192 ], [ -57.881938, -48.040365 ], [ -57.882176, -48.040537 ], [ -57.882414, -48.04071 ], [ -57.882651, -48.040883 ], [ -57.882896, -48.041055 ], [ -57.883134, -48.041228 ], [ -57.883378, -48.041401 ], [ -57.883616, -48.041569 ], [ -57.883861, -48.041742 ], [ -57.884105, -48.041915 ], [ -57.88435, -48.042083 ], [ -57.884595, -48.042251 ], [ -57.88484, -48.042424 ], [ -57.885084, -48.042593 ], [ -57.885329, -48.042761 ], [ -57.885574, -48.042934 ], [ -57.885825, -48.043103 ], [ -57.88607, -48.043271 ], [ -57.886315, -48.043439 ], [ -57.886567, -48.043608 ], [ -57.886819, -48.043777 ], [ -57.887063, -48.043945 ], [ -57.887315, -48.044114 ], [ -57.887567, -48.044283 ], [ -57.887818, -48.044451 ], [ -57.88807, -48.044615 ], [ -57.888322, -48.044784 ], [ -57.888574, -48.044953 ], [ -57.888826, -48.045117 ], [ -57.889077, -48.045286 ], [ -57.889329, -48.04545 ], [ -57.889581, -48.045619 ], [ -57.88984, -48.045783 ], [ -57.890091, -48.045952 ], [ -57.89035, -48.046116 ], [ -57.890602, -48.04628 ], [ -57.89086, -48.046449 ], [ -57.891113, -48.046614 ], [ -57.891371, -48.046778 ], [ -57.89163, -48.046943 ], [ -57.891882, -48.047111 ], [ -57.892141, -48.047276 ], [ -57.892399, -48.04744 ], [ -57.892658, -48.047605 ], [ -57.892917, -48.047769 ], [ -57.893176, -48.047934 ], [ -57.893434, -48.048098 ], [ -57.893693, -48.048263 ], [ -57.893952, -48.048427 ], [ -57.894211, -48.048592 ], [ -57.89447, -48.048752 ], [ -57.894729, -48.048916 ], [ -57.894994, -48.049081 ], [ -57.895253, -48.049245 ], [ -57.895512, -48.04941 ], [ -57.895778, -48.04957 ], [ -57.896036, -48.049735 ], [ -57.896295, -48.049899 ], [ -57.896561, -48.050064 ], [ -57.89682, -48.050224 ], [ -57.897085, -48.050389 ], [ -57.897345, -48.050549 ], [ -57.89761, -48.050713 ], [ -57.897869, -48.050878 ], [ -57.898135, -48.051038 ], [ -57.898394, -48.051203 ], [ -57.89866, -48.051363 ], [ -57.898925, -48.051528 ], [ -57.899184, -48.051688 ], [ -57.89945, -48.051853 ], [ -57.899716, -48.052013 ], [ -57.899981, -48.052178 ], [ -57.900241, -48.052338 ], [ -57.900506, -48.052502 ], [ -57.900772, -48.052663 ], [ -57.901038, -48.052823 ], [ -57.901297, -48.052987 ], [ -57.901563, -48.053148 ], [ -57.901828, -48.053312 ], [ -57.902094, -48.053473 ], [ -57.90236, -48.053633 ], [ -57.902619, -48.053797 ], [ -57.902885, -48.053958 ], [ -57.90315, -48.054123 ], [ -57.903416, -48.054283 ], [ -57.903682, -48.054443 ], [ -57.903948, -48.054608 ], [ -57.904207, -48.054768 ], [ -57.904473, -48.054928 ], [ -57.904739, -48.055093 ], [ -57.905005, -48.055253 ], [ -57.90527, -48.055418 ], [ -57.905536, -48.055578 ], [ -57.905802, -48.055738 ], [ -57.906061, -48.055903 ], [ -57.906327, -48.056063 ], [ -57.906592, -48.056228 ], [ -57.906858, -48.056388 ], [ -57.907124, -48.056549 ], [ -57.907383, -48.056713 ], [ -57.907649, -48.056873 ], [ -57.907915, -48.057038 ], [ -57.908174, -48.057198 ], [ -57.90844, -48.057363 ], [ -57.908706, -48.057523 ], [ -57.908971, -48.057688 ], [ -57.909231, -48.057848 ], [ -57.909496, -48.058013 ], [ -57.909755, -48.058173 ], [ -57.910021, -48.058337 ], [ -57.910287, -48.058497 ], [ -57.910546, -48.058662 ], [ -57.910811, -48.058827 ], [ -57.911071, -48.058987 ], [ -57.911336, -48.059151 ], [ -57.911595, -48.059316 ], [ -57.911861, -48.059476 ], [ -57.91212, -48.059641 ], [ -57.912379, -48.059805 ], [ -57.912645, -48.059965 ], [ -57.912904, -48.06013 ], [ -57.913163, -48.060294 ], [ -57.913422, -48.060459 ], [ -57.913687, -48.060623 ], [ -57.913946, -48.060788 ], [ -57.914205, -48.060948 ], [ -57.914464, -48.061112 ], [ -57.914723, -48.061277 ], [ -57.914982, -48.061441 ], [ -57.915241, -48.061606 ], [ -57.9155, -48.06177 ], [ -57.915759, -48.061934 ], [ -57.916011, -48.062103 ], [ -57.91627, -48.062268 ], [ -57.916529, -48.062432 ], [ -57.916781, -48.062596 ], [ -57.91704, -48.062761 ], [ -57.917298, -48.062929 ], [ -57.91755, -48.063094 ], [ -57.917809, -48.063258 ], [ -57.918061, -48.063427 ], [ -57.918313, -48.063591 ], [ -57.918572, -48.06376 ], [ -57.918824, -48.063924 ], [ -57.919076, -48.064092 ], [ -57.919328, -48.064257 ], [ -57.91958, -48.064425 ], [ -57.919832, -48.064594 ], [ -57.920084, -48.064758 ], [ -57.920336, -48.064927 ], [ -57.920588, -48.065095 ], [ -57.92084, -48.065264 ], [ -57.921085, -48.065432 ], [ -57.921337, -48.065601 ], [ -57.921588, -48.065769 ], [ -57.921834, -48.065938 ], [ -57.922085, -48.066106 ], [ -57.922331, -48.066275 ], [ -57.922576, -48.066443 ], [ -57.92282, -48.066616 ], [ -57.923072, -48.066784 ], [ -57.923317, -48.066953 ], [ -57.923562, -48.067125 ], [ -57.923807, -48.067294 ], [ -57.924045, -48.067466 ], [ -57.924677, -48.067661 ], [ -57.924996, -48.06776 ], [ -57.925315, -48.06786 ], [ -57.925634, -48.067959 ], [ -57.925953, -48.068064 ], [ -57.926272, -48.068163 ], [ -57.926591, -48.068263 ], [ -57.92691, -48.068362 ], [ -57.927229, -48.068462 ], [ -57.927548, -48.068562 ], [ -57.927867, -48.068661 ], [ -57.928187, -48.068761 ], [ -57.928512, -48.068861 ], [ -57.928831, -48.06896 ], [ -57.92915, -48.06906 ], [ -57.929469, -48.069159 ], [ -57.929789, -48.069259 ], [ -57.930107, -48.069363 ], [ -57.930426, -48.069463 ], [ -57.930745, -48.069562 ], [ -57.931064, -48.069662 ], [ -57.931384, -48.069761 ], [ -57.931703, -48.069861 ], [ -57.932022, -48.069961 ], [ -57.932341, -48.07006 ], [ -57.93266, -48.07016 ], [ -57.932979, -48.070259 ], [ -57.933298, -48.070359 ], [ -57.933617, -48.070458 ], [ -57.933936, -48.070558 ], [ -57.934255, -48.070658 ], [ -57.934574, -48.070762 ], [ -57.934893, -48.070861 ], [ -57.935212, -48.070961 ], [ -57.935538, -48.071061 ], [ -57.935857, -48.07116 ], [ -57.936176, -48.07126 ], [ -57.936495, -48.071359 ], [ -57.936814, -48.071459 ], [ -57.937133, -48.071559 ], [ -57.937453, -48.071658 ], [ -57.937772, -48.071758 ], [ -57.938091, -48.071857 ], [ -57.93841, -48.071957 ], [ -57.938729, -48.072056 ], [ -57.939048, -48.07216 ], [ -57.939367, -48.07226 ], [ -57.939686, -48.07236 ], [ -57.940005, -48.072459 ], [ -57.940324, -48.072559 ], [ -57.940643, -48.072658 ], [ -57.940962, -48.072758 ], [ -57.941281, -48.072857 ], [ -57.941601, -48.072957 ], [ -57.94192, -48.073057 ], [ -57.942239, -48.073156 ], [ -57.942565, -48.073256 ], [ -57.942884, -48.073355 ], [ -57.943203, -48.07346 ], [ -57.943522, -48.073559 ], [ -57.943841, -48.073659 ], [ -57.94416, -48.073758 ], [ -57.944479, -48.073858 ], [ -57.944798, -48.073957 ], [ -57.945117, -48.074057 ], [ -57.945437, -48.074156 ], [ -57.945756, -48.074256 ], [ -57.946075, -48.074355 ], [ -57.946394, -48.074455 ], [ -57.946713, -48.074555 ], [ -57.947032, -48.074654 ], [ -57.947351, -48.074754 ], [ -57.94767, -48.074858 ], [ -57.947989, -48.074957 ], [ -57.948308, -48.075057 ], [ -57.948628, -48.075156 ], [ -57.948947, -48.075256 ], [ -57.949266, -48.075355 ], [ -57.949592, -48.075455 ], [ -57.949911, -48.075555 ], [ -57.95023, -48.075654 ], [ -57.950549, -48.075754 ], [ -57.950868, -48.075853 ], [ -57.951187, -48.075953 ], [ -57.951507, -48.076052 ], [ -57.951826, -48.076152 ], [ -57.952145, -48.076256 ], [ -57.952464, -48.076355 ], [ -57.952783, -48.076455 ], [ -57.953102, -48.076555 ], [ -57.953421, -48.076654 ], [ -57.95374, -48.076754 ], [ -57.95406, -48.076853 ], [ -57.954379, -48.076953 ], [ -57.954698, -48.077052 ], [ -57.955017, -48.077152 ], [ -57.955336, -48.077251 ], [ -57.955655, -48.077351 ], [ -57.955975, -48.07745 ], [ -57.956293, -48.077554 ], [ -57.956619, -48.077654 ], [ -57.956938, -48.077754 ], [ -57.957258, -48.077853 ], [ -57.957577, -48.077953 ], [ -57.957896, -48.078052 ], [ -57.958215, -48.078152 ], [ -57.958534, -48.078251 ], [ -57.958854, -48.078351 ], [ -57.959173, -48.07845 ], [ -57.959492, -48.07855 ], [ -57.959811, -48.078649 ], [ -57.96013, -48.078749 ], [ -57.96045, -48.078848 ], [ -57.960768, -48.078952 ], [ -57.961088, -48.079052 ], [ -57.961407, -48.079151 ], [ -57.961726, -48.079251 ], [ -57.962045, -48.07935 ], [ -57.962364, -48.07945 ], [ -57.962684, -48.079549 ], [ -57.963003, -48.079649 ], [ -57.963322, -48.079748 ], [ -57.963648, -48.079848 ], [ -57.963967, -48.079948 ], [ -57.964286, -48.080047 ], [ -57.964606, -48.080147 ], [ -57.964925, -48.080246 ], [ -57.965244, -48.08035 ], [ -57.965563, -48.08045 ], [ -57.965882, -48.080549 ], [ -57.966201, -48.080649 ], [ -57.96652, -48.080748 ], [ -57.96684, -48.080847 ], [ -57.967159, -48.080947 ], [ -57.967478, -48.081047 ], [ -57.967797, -48.081146 ], [ -57.968117, -48.081245 ], [ -57.968436, -48.081345 ], [ -57.968755, -48.081444 ], [ -57.969074, -48.081544 ], [ -57.969393, -48.081648 ], [ -57.969712, -48.081747 ], [ -57.970032, -48.081847 ], [ -57.970351, -48.081946 ], [ -57.970677, -48.082046 ], [ -57.970996, -48.082146 ], [ -57.971315, -48.082245 ], [ -57.971634, -48.082345 ], [ -57.971954, -48.082444 ], [ -57.972273, -48.082544 ], [ -57.972592, -48.082643 ], [ -57.972911, -48.082742 ], [ -57.973231, -48.082842 ], [ -57.97355, -48.082941 ], [ -57.973869, -48.083045 ], [ -57.974188, -48.083145 ], [ -57.974507, -48.083244 ], [ -57.974827, -48.083344 ], [ -57.975146, -48.083443 ], [ -57.975465, -48.083543 ], [ -57.975784, -48.083642 ], [ -57.976104, -48.083742 ], [ -57.976423, -48.083841 ], [ -57.976742, -48.083941 ], [ -57.977061, -48.08404 ], [ -57.977381, -48.08414 ], [ -57.9777, -48.084239 ], [ -57.978026, -48.084343 ], [ -57.978345, -48.084443 ], [ -57.978664, -48.084542 ], [ -57.978983, -48.084642 ], [ -57.979303, -48.084741 ], [ -57.979622, -48.084841 ], [ -57.979941, -48.08494 ], [ -57.98026, -48.085039 ], [ -57.98058, -48.085139 ], [ -57.980899, -48.085238 ], [ -57.981218, -48.085338 ], [ -57.981538, -48.085437 ], [ -57.981857, -48.085537 ], [ -57.982176, -48.085636 ], [ -57.982495, -48.08574 ], [ -57.982814, -48.08584 ], [ -57.983134, -48.085939 ], [ -57.983453, -48.086038 ], [ -57.983772, -48.086138 ], [ -57.984091, -48.086237 ], [ -57.984411, -48.086337 ], [ -57.98473, -48.086436 ], [ -57.985056, -48.086536 ], [ -57.985375, -48.086635 ], [ -57.985695, -48.086735 ], [ -57.986014, -48.086834 ], [ -57.986333, -48.086934 ], [ -57.986653, -48.087033 ], [ -57.986971, -48.087137 ], [ -57.987291, -48.087237 ], [ -57.98761, -48.087336 ], [ -57.987929, -48.087435 ], [ -57.988249, -48.087535 ], [ -57.988568, -48.087634 ], [ -57.988887, -48.087734 ], [ -57.989207, -48.087833 ], [ -57.989526, -48.087933 ], [ -57.989845, -48.088032 ], [ -57.990165, -48.088131 ], [ -57.990484, -48.088231 ], [ -57.990803, -48.08833 ], [ -57.991122, -48.088434 ], [ -57.991441, -48.088534 ], [ -57.991761, -48.088633 ], [ -57.992087, -48.088733 ], [ -57.992406, -48.088832 ], [ -57.992725, -48.088932 ], [ -57.993045, -48.089031 ], [ -57.993364, -48.08913 ], [ -57.993683, -48.08923 ], [ -57.994003, -48.089329 ], [ -57.994322, -48.089429 ], [ -57.994641, -48.089528 ], [ -57.994961, -48.089628 ], [ -57.99528, -48.089727 ], [ -57.995599, -48.089831 ], [ -57.995918, -48.08993 ], [ -57.996238, -48.09003 ], [ -57.996557, -48.090129 ], [ -57.996876, -48.090229 ], [ -57.997196, -48.090328 ], [ -57.997515, -48.090427 ], [ -57.997834, -48.090527 ], [ -57.998154, -48.090626 ], [ -57.998473, -48.090726 ], [ -57.998793, -48.090825 ], [ -57.999119, -48.090925 ], [ -57.999438, -48.091024 ], [ -57.999757, -48.091123 ], [ -58.000076, -48.091227 ], [ -58.000396, -48.091327 ], [ -58.000715, -48.091426 ], [ -58.001034, -48.091526 ], [ -58.001354, -48.091625 ], [ -58.001673, -48.091724 ], [ -58.001992, -48.091824 ], [ -58.002312, -48.091923 ], [ -58.002631, -48.092023 ], [ -58.002951, -48.092122 ], [ -58.00327, -48.092221 ], [ -58.003589, -48.092321 ], [ -58.003909, -48.09242 ], [ -58.004228, -48.092524 ], [ -58.004547, -48.092623 ], [ -58.004866, -48.092723 ], [ -58.005186, -48.092822 ], [ -58.005505, -48.092922 ], [ -58.005825, -48.093021 ], [ -58.006151, -48.093121 ], [ -58.00647, -48.09322 ], [ -58.006789, -48.093319 ], [ -58.007109, -48.093419 ], [ -58.007428, -48.093518 ], [ -58.007748, -48.093618 ], [ -58.008067, -48.093717 ], [ -58.008386, -48.093816 ], [ -58.008705, -48.09392 ], [ -58.009025, -48.09402 ], [ -58.009344, -48.094119 ], [ -58.009663, -48.094218 ], [ -58.009983, -48.094318 ], [ -58.010302, -48.094417 ], [ -58.010622, -48.094516 ], [ -58.010941, -48.094616 ], [ -58.011261, -48.094715 ], [ -58.01158, -48.094815 ], [ -58.011899, -48.094914 ], [ -58.012219, -48.095013 ], [ -58.012538, -48.095113 ], [ -58.013113, -48.09521 ], [ -58.013456, -48.09527 ], [ -58.0138, -48.095325 ], [ -58.014137, -48.09538 ], [ -58.014481, -48.09544 ], [ -58.014825, -48.095496 ], [ -58.015168, -48.095556 ], [ -58.015505, -48.095611 ], [ -58.015849, -48.095666 ], [ -58.016192, -48.095726 ], [ -58.016536, -48.095781 ], [ -58.016879, -48.095841 ], [ -58.017217, -48.095897 ], [ -58.01756, -48.095956 ], [ -58.017904, -48.096012 ], [ -58.018248, -48.096067 ], [ -58.018584, -48.096127 ], [ -58.018928, -48.096182 ], [ -58.019272, -48.096242 ], [ -58.019615, -48.096298 ], [ -58.019959, -48.096353 ], [ -58.020296, -48.096413 ], [ -58.02064, -48.096468 ], [ -58.020983, -48.096528 ], [ -58.021327, -48.096583 ], [ -58.021664, -48.096639 ], [ -58.022008, -48.096698 ], [ -58.022351, -48.096754 ], [ -58.022695, -48.096814 ], [ -58.023039, -48.096869 ], [ -58.023375, -48.096929 ], [ -58.023719, -48.096984 ], [ -58.024063, -48.09704 ], [ -58.024407, -48.0971 ], [ -58.024744, -48.097155 ], [ -58.025087, -48.097215 ], [ -58.025431, -48.09727 ], [ -58.025775, -48.097325 ], [ -58.026112, -48.097385 ], [ -58.026455, -48.09744 ], [ -58.026799, -48.0975 ], [ -58.027143, -48.097556 ], [ -58.027486, -48.097616 ], [ -58.027823, -48.097671 ], [ -58.028167, -48.097726 ], [ -58.028511, -48.097786 ], [ -58.028854, -48.097841 ], [ -58.029191, -48.097901 ], [ -58.029535, -48.097956 ], [ -58.029879, -48.098012 ], [ -58.030222, -48.098072 ], [ -58.030566, -48.098127 ], [ -58.030903, -48.098187 ], [ -58.031247, -48.098242 ], [ -58.031591, -48.098297 ], [ -58.031934, -48.098357 ], [ -58.032271, -48.098412 ], [ -58.032615, -48.098472 ], [ -58.032958, -48.098528 ], [ -58.033302, -48.098587 ], [ -58.033646, -48.098643 ], [ -58.033983, -48.098698 ], [ -58.034326, -48.098758 ], [ -58.03467, -48.098813 ], [ -58.035014, -48.098873 ], [ -58.035351, -48.098928 ], [ -58.035695, -48.098984 ], [ -58.036038, -48.099043 ], [ -58.036382, -48.099099 ], [ -58.036725, -48.099159 ], [ -58.037063, -48.099214 ], [ -58.037406, -48.099274 ], [ -58.03775, -48.099329 ], [ -58.038094, -48.099384 ], [ -58.038431, -48.099444 ], [ -58.038774, -48.099499 ], [ -58.039118, -48.099559 ], [ -58.039462, -48.099614 ], [ -58.039799, -48.09967 ], [ -58.040143, -48.099729 ], [ -58.040486, -48.099785 ], [ -58.04083, -48.099845 ], [ -58.041174, -48.0999 ], [ -58.041511, -48.099955 ], [ -58.041854, -48.100015 ], [ -58.042198, -48.10007 ], [ -58.042542, -48.10013 ], [ -58.042879, -48.100185 ], [ -58.043222, -48.100245 ], [ -58.043566, -48.1003 ], [ -58.04391, -48.100356 ], [ -58.044254, -48.100416 ], [ -58.044591, -48.100471 ], [ -58.044934, -48.10053 ], [ -58.045278, -48.100586 ], [ -58.045622, -48.100641 ], [ -58.045959, -48.100701 ], [ -58.046303, -48.100756 ], [ -58.046646, -48.100816 ], [ -58.04699, -48.100871 ], [ -58.047334, -48.100931 ], [ -58.047671, -48.100986 ], [ -58.048015, -48.101041 ], [ -58.048358, -48.101101 ], [ -58.048702, -48.101157 ], [ -58.049039, -48.101216 ], [ -58.049383, -48.101271 ], [ -58.049727, -48.101327 ], [ -58.05007, -48.101387 ], [ -58.050414, -48.101442 ], [ -58.050751, -48.101501 ], [ -58.051095, -48.101557 ], [ -58.051439, -48.101612 ], [ -58.051782, -48.101672 ], [ -58.052119, -48.101727 ], [ -58.052463, -48.101787 ], [ -58.052807, -48.101842 ], [ -58.05315, -48.101902 ], [ -58.053488, -48.101957 ], [ -58.053831, -48.102012 ], [ -58.054175, -48.102072 ], [ -58.054519, -48.102127 ], [ -58.054862, -48.102187 ], [ -58.0552, -48.102242 ], [ -58.055543, -48.102298 ], [ -58.055887, -48.102357 ], [ -58.056231, -48.102413 ], [ -58.056568, -48.102472 ], [ -58.056912, -48.102527 ], [ -58.057255, -48.102587 ], [ -58.057599, -48.102643 ], [ -58.057943, -48.102698 ], [ -58.05828, -48.102757 ], [ -58.058624, -48.102813 ], [ -58.058967, -48.102873 ], [ -58.059311, -48.102928 ], [ -58.059648, -48.102983 ], [ -58.059992, -48.103043 ], [ -58.060336, -48.103098 ], [ -58.060679, -48.103158 ], [ -58.061023, -48.103213 ], [ -58.06136, -48.103268 ], [ -58.061704, -48.103328 ], [ -58.062048, -48.103383 ], [ -58.062391, -48.103443 ], [ -58.062729, -48.103498 ], [ -58.063072, -48.103558 ], [ -58.063416, -48.103613 ], [ -58.06376, -48.103668 ], [ -58.064097, -48.103728 ], [ -58.064441, -48.103783 ], [ -58.064784, -48.103843 ], [ -58.065128, -48.103898 ], [ -58.065472, -48.103953 ], [ -58.065809, -48.104013 ], [ -58.066153, -48.104068 ], [ -58.066496, -48.104128 ], [ -58.06684, -48.104183 ], [ -58.067177, -48.104243 ], [ -58.067521, -48.104298 ], [ -58.067865, -48.104353 ], [ -58.068209, -48.104413 ], [ -58.068553, -48.104468 ], [ -58.068889, -48.104528 ], [ -58.069233, -48.104583 ], [ -58.069577, -48.104638 ], [ -58.069921, -48.104698 ], [ -58.070258, -48.104753 ], [ -58.070602, -48.104813 ], [ -58.070946, -48.104868 ], [ -58.07129, -48.104923 ], [ -58.071633, -48.104983 ], [ -58.07197, -48.105038 ], [ -58.072314, -48.105098 ], [ -58.072658, -48.105153 ], [ -58.073001, -48.105213 ], [ -58.073339, -48.105268 ], [ -58.073683, -48.105323 ], [ -58.074026, -48.105383 ], [ -58.07437, -48.105438 ], [ -58.074714, -48.105498 ], [ -58.075051, -48.105553 ], [ -58.075395, -48.105608 ], [ -58.075738, -48.105668 ], [ -58.076082, -48.105723 ], [ -58.076419, -48.105783 ], [ -58.076763, -48.105838 ], [ -58.077107, -48.105898 ], [ -58.077451, -48.105953 ], [ -58.077788, -48.106008 ], [ -58.078132, -48.106068 ], [ -58.078476, -48.106123 ], [ -58.078819, -48.106183 ], [ -58.079163, -48.106238 ], [ -58.0795, -48.106293 ], [ -58.079844, -48.106353 ], [ -58.080188, -48.106408 ], [ -58.080531, -48.106468 ], [ -58.080869, -48.106523 ], [ -58.081213, -48.106578 ], [ -58.081556, -48.106638 ], [ -58.0819, -48.106693 ], [ -58.082244, -48.106753 ], [ -58.082581, -48.106807 ], [ -58.082925, -48.106867 ], [ -58.083269, -48.106922 ], [ -58.083613, -48.106978 ], [ -58.08395, -48.107037 ], [ -58.084293, -48.107092 ], [ -58.084637, -48.107152 ], [ -58.084981, -48.107207 ], [ -58.085325, -48.107263 ], [ -58.085662, -48.107322 ], [ -58.086006, -48.107377 ], [ -58.086349, -48.107437 ], [ -58.086693, -48.107492 ], [ -58.08703, -48.107551 ], [ -58.087374, -48.107607 ], [ -58.087718, -48.107662 ], [ -58.088062, -48.107722 ], [ -58.088406, -48.107777 ], [ -58.088743, -48.107836 ], [ -58.089087, -48.107892 ], [ -58.089431, -48.107947 ], [ -58.089774, -48.108006 ], [ -58.090112, -48.108061 ], [ -58.090455, -48.108121 ], [ -58.090799, -48.108176 ], [ -58.091143, -48.108232 ], [ -58.09148, -48.108291 ], [ -58.091824, -48.108346 ], [ -58.092168, -48.108406 ], [ -58.092512, -48.108461 ], [ -58.092855, -48.108521 ], [ -58.093193, -48.108576 ], [ -58.093537, -48.108631 ], [ -58.09388, -48.108691 ], [ -58.094224, -48.108746 ], [ -58.094561, -48.108805 ], [ -58.094905, -48.10886 ], [ -58.095249, -48.108916 ], [ -58.095593, -48.108975 ], [ -58.095937, -48.109031 ], [ -58.096274, -48.10909 ], [ -58.096618, -48.109145 ], [ -58.096962, -48.1092 ], [ -58.097305, -48.10926 ], [ -58.097643, -48.109315 ], [ -58.097986, -48.109375 ], [ -58.09833, -48.10943 ], [ -58.098674, -48.109489 ], [ -58.099018, -48.109545 ], [ -58.099355, -48.1096 ], [ -58.099699, -48.109659 ], [ -58.100043, -48.109714 ], [ -58.100386, -48.109774 ], [ -58.100724, -48.109829 ], [ -58.101068, -48.109884 ], [ -58.101411, -48.109944 ], [ -58.101755, -48.109999 ], [ -58.102092, -48.110058 ], [ -58.102436, -48.110114 ], [ -58.10278, -48.110173 ], [ -58.103124, -48.110228 ], [ -58.103468, -48.110284 ], [ -58.103805, -48.110343 ], [ -58.104149, -48.110398 ], [ -58.104493, -48.110458 ], [ -58.104837, -48.110513 ], [ -58.105174, -48.110568 ], [ -58.105518, -48.110628 ], [ -58.105862, -48.110683 ], [ -58.106205, -48.110742 ], [ -58.106549, -48.110798 ], [ -58.106887, -48.110852 ], [ -58.10723, -48.110912 ], [ -58.107574, -48.110967 ], [ -58.107918, -48.111027 ], [ -58.108255, -48.111082 ], [ -58.108599, -48.111141 ], [ -58.108943, -48.111197 ], [ -58.109287, -48.111252 ], [ -58.109631, -48.111311 ], [ -58.109968, -48.111366 ], [ -58.110312, -48.111426 ], [ -58.110656, -48.111481 ], [ -58.111, -48.111536 ], [ -58.111337, -48.111596 ], [ -58.111681, -48.111651 ], [ -58.112024, -48.11171 ], [ -58.112369, -48.111766 ], [ -58.112712, -48.111825 ], [ -58.113049, -48.11188 ], [ -58.113394, -48.111935 ], [ -58.113737, -48.111995 ], [ -58.114081, -48.11205 ], [ -58.114418, -48.112109 ], [ -58.114762, -48.112164 ], [ -58.115106, -48.11222 ], [ -58.11545, -48.112279 ], [ -58.115787, -48.112334 ], [ -58.116131, -48.112394 ], [ -58.116475, -48.112449 ], [ -58.116819, -48.112504 ], [ -58.117163, -48.112564 ], [ -58.1175, -48.112618 ], [ -58.117844, -48.112678 ], [ -58.118188, -48.112733 ], [ -58.118531, -48.112793 ], [ -58.118869, -48.112848 ], [ -58.119213, -48.112903 ], [ -58.119557, -48.112962 ], [ -58.119901, -48.113018 ], [ -58.120244, -48.113077 ], [ -58.120582, -48.113132 ], [ -58.120926, -48.113187 ], [ -58.121269, -48.113247 ], [ -58.121614, -48.113302 ], [ -58.121951, -48.113361 ], [ -58.122294, -48.113416 ], [ -58.122948, -48.113467 ], [ -58.123295, -48.113495 ], [ -58.123648, -48.113523 ], [ -58.123995, -48.113552 ], [ -58.124348, -48.113576 ], [ -58.124695, -48.113604 ], [ -58.125048, -48.113632 ], [ -58.125402, -48.113661 ], [ -58.125749, -48.113685 ], [ -58.126102, -48.113713 ], [ -58.126449, -48.113742 ], [ -58.126802, -48.11377 ], [ -58.127149, -48.113794 ], [ -58.127502, -48.113822 ], [ -58.127849, -48.11385 ], [ -58.128202, -48.113879 ], [ -58.128549, -48.113903 ], [ -58.128903, -48.113931 ], [ -58.129256, -48.11396 ], [ -58.129603, -48.113988 ], [ -58.129956, -48.114017 ], [ -58.130303, -48.11404 ], [ -58.130657, -48.114069 ], [ -58.131003, -48.114097 ], [ -58.131356, -48.114125 ], [ -58.131704, -48.114149 ], [ -58.132057, -48.114178 ], [ -58.13241, -48.114206 ], [ -58.132757, -48.114234 ], [ -58.133111, -48.114258 ], [ -58.133457, -48.114287 ], [ -58.133811, -48.114315 ], [ -58.134157, -48.114343 ], [ -58.134511, -48.114372 ], [ -58.134858, -48.114396 ], [ -58.135211, -48.114424 ], [ -58.135564, -48.114452 ], [ -58.135911, -48.114481 ], [ -58.136265, -48.114505 ], [ -58.136611, -48.114533 ], [ -58.136965, -48.114561 ], [ -58.137311, -48.11459 ], [ -58.137665, -48.114614 ], [ -58.138012, -48.114642 ], [ -58.138365, -48.11467 ], [ -58.138712, -48.114698 ], [ -58.139066, -48.114722 ], [ -58.139419, -48.114751 ], [ -58.139766, -48.114779 ], [ -58.140119, -48.114808 ], [ -58.140466, -48.114836 ], [ -58.140819, -48.11486 ], [ -58.141166, -48.114888 ], [ -58.141519, -48.114916 ], [ -58.141866, -48.114945 ], [ -58.14222, -48.114969 ], [ -58.142573, -48.114997 ], [ -58.14292, -48.115025 ], [ -58.143273, -48.115054 ], [ -58.14362, -48.115077 ], [ -58.143974, -48.115106 ], [ -58.14432, -48.115134 ], [ -58.144674, -48.115163 ], [ -58.145021, -48.115186 ], [ -58.145374, -48.115215 ], [ -58.145721, -48.115243 ], [ -58.146074, -48.115271 ], [ -58.146427, -48.1153 ], [ -58.146775, -48.115323 ], [ -58.147128, -48.115352 ], [ -58.147474, -48.11538 ], [ -58.147828, -48.115409 ], [ -58.148175, -48.115432 ], [ -58.148528, -48.115461 ], [ -58.148875, -48.115489 ], [ -58.149228, -48.115517 ], [ -58.149582, -48.115541 ], [ -58.149929, -48.115569 ], [ -58.150282, -48.115598 ], [ -58.150629, -48.115626 ], [ -58.150982, -48.115654 ], [ -58.151329, -48.115678 ], [ -58.151683, -48.115707 ], [ -58.152029, -48.115735 ], [ -58.152383, -48.115763 ], [ -58.15273, -48.115787 ], [ -58.153083, -48.115815 ], [ -58.153436, -48.115844 ], [ -58.153783, -48.115872 ], [ -58.154137, -48.115896 ], [ -58.154484, -48.115924 ], [ -58.154837, -48.115952 ], [ -58.155184, -48.115981 ], [ -58.155537, -48.116004 ], [ -58.155884, -48.116033 ], [ -58.156237, -48.116061 ], [ -58.156591, -48.116089 ], [ -58.156937, -48.116118 ], [ -58.157291, -48.116141 ], [ -58.157638, -48.11617 ], [ -58.157991, -48.116198 ], [ -58.158338, -48.116226 ], [ -58.158692, -48.11625 ], [ -58.159038, -48.116278 ], [ -58.159392, -48.116307 ], [ -58.159745, -48.116335 ], [ -58.160092, -48.116359 ], [ -58.160446, -48.116387 ], [ -58.160792, -48.116415 ], [ -58.161146, -48.116444 ], [ -58.161493, -48.116467 ], [ -58.161846, -48.116496 ], [ -58.162193, -48.116524 ], [ -58.162546, -48.116552 ], [ -58.162893, -48.11658 ], [ -58.163247, -48.116604 ], [ -58.1636, -48.116633 ], [ -58.163947, -48.116661 ], [ -58.1643, -48.116689 ], [ -58.164647, -48.116713 ], [ -58.165001, -48.116741 ], [ -58.165347, -48.116769 ], [ -58.165701, -48.116798 ], [ -58.166048, -48.116821 ], [ -58.166401, -48.11685 ], [ -58.166755, -48.116878 ], [ -58.167101, -48.116906 ], [ -58.167455, -48.11693 ], [ -58.167802, -48.116958 ], [ -58.168155, -48.116987 ], [ -58.168502, -48.117015 ], [ -58.168855, -48.117043 ], [ -58.169202, -48.117067 ], [ -58.169556, -48.117095 ], [ -58.169902, -48.117123 ], [ -58.170256, -48.117152 ], [ -58.17061, -48.117176 ], [ -58.170956, -48.117204 ], [ -58.17131, -48.117232 ], [ -58.171656, -48.11726 ], [ -58.17201, -48.117284 ], [ -58.172357, -48.117312 ], [ -58.17271, -48.117341 ], [ -58.173057, -48.117369 ], [ -58.17341, -48.117397 ], [ -58.173764, -48.117421 ], [ -58.174111, -48.117449 ], [ -58.174464, -48.117477 ], [ -58.174811, -48.117505 ], [ -58.175165, -48.117529 ], [ -58.175511, -48.117557 ], [ -58.175865, -48.117586 ], [ -58.176212, -48.117614 ], [ -58.176565, -48.117638 ], [ -58.176919, -48.117666 ], [ -58.177265, -48.117694 ], [ -58.177619, -48.117723 ], [ -58.177966, -48.117746 ], [ -58.178319, -48.117774 ], [ -58.178666, -48.117803 ], [ -58.179019, -48.117831 ], [ -58.179366, -48.117859 ], [ -58.17972, -48.117883 ], [ -58.180067, -48.117911 ], [ -58.18042, -48.117939 ], [ -58.180774, -48.117968 ], [ -58.181121, -48.117991 ], [ -58.181474, -48.11802 ], [ -58.181821, -48.118048 ], [ -58.182174, -48.118076 ], [ -58.182521, -48.1181 ], [ -58.182875, -48.118128 ], [ -58.183221, -48.118156 ], [ -58.183575, -48.118184 ], [ -58.183929, -48.118208 ], [ -58.184275, -48.118236 ], [ -58.184629, -48.118265 ], [ -58.184975, -48.118293 ], [ -58.185329, -48.118321 ], [ -58.185676, -48.118345 ], [ -58.186029, -48.118373 ], [ -58.186376, -48.118401 ], [ -58.18673, -48.118429 ], [ -58.187077, -48.118453 ], [ -58.18743, -48.118481 ], [ -58.187784, -48.11851 ], [ -58.18813, -48.118538 ], [ -58.188484, -48.118561 ], [ -58.188831, -48.118589 ], [ -58.189184, -48.118618 ], [ -58.189531, -48.118646 ], [ -58.189884, -48.118674 ], [ -58.190231, -48.118698 ], [ -58.190585, -48.118726 ], [ -58.190938, -48.118754 ], [ -58.191285, -48.118782 ], [ -58.191639, -48.118806 ], [ -58.191986, -48.118834 ], [ -58.192339, -48.118863 ], [ -58.192686, -48.118891 ], [ -58.193039, -48.118914 ], [ -58.193386, -48.118942 ], [ -58.19374, -48.118971 ], [ -58.194086, -48.118999 ], [ -58.19444, -48.119023 ], [ -58.194794, -48.119051 ], [ -58.19514, -48.119079 ], [ -58.195494, -48.119107 ], [ -58.19584, -48.119135 ], [ -58.196194, -48.119159 ], [ -58.196541, -48.119187 ], [ -58.196894, -48.119215 ], [ -58.197241, -48.119243 ], [ -58.197595, -48.119267 ], [ -58.197948, -48.119295 ], [ -58.198295, -48.119324 ], [ -58.198649, -48.119352 ], [ -58.198996, -48.119375 ], [ -58.199349, -48.119404 ], [ -58.199696, -48.119432 ], [ -58.200049, -48.11946 ], [ -58.200396, -48.119483 ], [ -58.20075, -48.119512 ], [ -58.201103, -48.11954 ], [ -58.20145, -48.119568 ], [ -58.201804, -48.119596 ], [ -58.202151, -48.11962 ], [ -58.202504, -48.119648 ], [ -58.202851, -48.119676 ], [ -58.203204, -48.119704 ], [ -58.203551, -48.119728 ], [ -58.203905, -48.119756 ], [ -58.204251, -48.119784 ], [ -58.204605, -48.119813 ], [ -58.204959, -48.119836 ], [ -58.205306, -48.119864 ], [ -58.205659, -48.119893 ], [ -58.206006, -48.119921 ], [ -58.20636, -48.119944 ], [ -58.206706, -48.119972 ], [ -58.20706, -48.120001 ], [ -58.207406, -48.120029 ], [ -58.20776, -48.120057 ], [ -58.208114, -48.120081 ], [ -58.208461, -48.120109 ], [ -58.208814, -48.120137 ], [ -58.209161, -48.120165 ], [ -58.209515, -48.120189 ], [ -58.209861, -48.120217 ], [ -58.210215, -48.120245 ], [ -58.210562, -48.120273 ], [ -58.210915, -48.120297 ], [ -58.211262, -48.120325 ], [ -58.211615, -48.120353 ], [ -58.211969, -48.120381 ], [ -58.212316, -48.120409 ], [ -58.21267, -48.120433 ], [ -58.213016, -48.120461 ], [ -58.21337, -48.120489 ], [ -58.213716, -48.120517 ], [ -58.21407, -48.120541 ], [ -58.214417, -48.120569 ], [ -58.214771, -48.120597 ], [ -58.215124, -48.120625 ], [ -58.215471, -48.120649 ], [ -58.215825, -48.120677 ], [ -58.216171, -48.120705 ], [ -58.216525, -48.120733 ], [ -58.216872, -48.120757 ], [ -58.217225, -48.120785 ], [ -58.217572, -48.120813 ], [ -58.217926, -48.120841 ], [ -58.218558, -48.120827 ], [ -58.218915, -48.120819 ], [ -58.219265, -48.120816 ], [ -58.219622, -48.120808 ], [ -58.219972, -48.120801 ], [ -58.220322, -48.120793 ], [ -58.220678, -48.12079 ], [ -58.221028, -48.120782 ], [ -58.221385, -48.120774 ], [ -58.221735, -48.120766 ], [ -58.222085, -48.120763 ], [ -58.222442, -48.120755 ], [ -58.222792, -48.120747 ], [ -58.223149, -48.120739 ], [ -58.223499, -48.120732 ], [ -58.223848, -48.120728 ], [ -58.224205, -48.120721 ], [ -58.224555, -48.120713 ], [ -58.224912, -48.120705 ], [ -58.225262, -48.120702 ], [ -58.225618, -48.120694 ], [ -58.225969, -48.120686 ], [ -58.226319, -48.120678 ], [ -58.226675, -48.120675 ], [ -58.227025, -48.120667 ], [ -58.227382, -48.120659 ], [ -58.227732, -48.120651 ], [ -58.228082, -48.120648 ], [ -58.228438, -48.12064 ], [ -58.228788, -48.120632 ], [ -58.229145, -48.120625 ], [ -58.229495, -48.120617 ], [ -58.229845, -48.120613 ], [ -58.230202, -48.120606 ], [ -58.230552, -48.120598 ], [ -58.230909, -48.12059 ], [ -58.231258, -48.120587 ], [ -58.231608, -48.120579 ], [ -58.231965, -48.120571 ], [ -58.232315, -48.120563 ], [ -58.232672, -48.12056 ], [ -58.233022, -48.120552 ], [ -58.233372, -48.120544 ], [ -58.233729, -48.120536 ], [ -58.234078, -48.120533 ], [ -58.234435, -48.120525 ], [ -58.234785, -48.120517 ], [ -58.235142, -48.12051 ], [ -58.235492, -48.120502 ], [ -58.235842, -48.120498 ], [ -58.236198, -48.120491 ], [ -58.236549, -48.120483 ], [ -58.236905, -48.120475 ], [ -58.237255, -48.120472 ], [ -58.237605, -48.120464 ], [ -58.237962, -48.120456 ], [ -58.238312, -48.120448 ], [ -58.238668, -48.120445 ], [ -58.239018, -48.120437 ], [ -58.239369, -48.120429 ], [ -58.239725, -48.120421 ], [ -58.240075, -48.120418 ], [ -58.240432, -48.12041 ], [ -58.240782, -48.120402 ], [ -58.241132, -48.120394 ], [ -58.241488, -48.120391 ], [ -58.241838, -48.120383 ], [ -58.242195, -48.120375 ], [ -58.242545, -48.120367 ], [ -58.242895, -48.120359 ], [ -58.243252, -48.120356 ], [ -58.243602, -48.120348 ], [ -58.243959, -48.120341 ], [ -58.244309, -48.120333 ], [ -58.244665, -48.120329 ], [ -58.245015, -48.120321 ], [ -58.245365, -48.120313 ], [ -58.245722, -48.120306 ], [ -58.246072, -48.120302 ], [ -58.246428, -48.120294 ], [ -58.246779, -48.120287 ], [ -58.247129, -48.120279 ], [ -58.247485, -48.120275 ], [ -58.247835, -48.120267 ], [ -58.248192, -48.12026 ], [ -58.248542, -48.120252 ], [ -58.248892, -48.120244 ], [ -58.249248, -48.12024 ], [ -58.249599, -48.120232 ], [ -58.249955, -48.120225 ], [ -58.250305, -48.120217 ], [ -58.250655, -48.120213 ], [ -58.251012, -48.120205 ], [ -58.251362, -48.120198 ], [ -58.251719, -48.12019 ], [ -58.252068, -48.120186 ], [ -58.252418, -48.120178 ], [ -58.252775, -48.120171 ], [ -58.253125, -48.120163 ], [ -58.253482, -48.120159 ], [ -58.253832, -48.120151 ], [ -58.254189, -48.120144 ], [ -58.254539, -48.120136 ], [ -58.254889, -48.120128 ], [ -58.255245, -48.120124 ], [ -58.255595, -48.120116 ], [ -58.255952, -48.120109 ], [ -58.256302, -48.120101 ], [ -58.256652, -48.120097 ], [ -58.257009, -48.120089 ], [ -58.257359, -48.120081 ], [ -58.257715, -48.120074 ], [ -58.258065, -48.12007 ], [ -58.258415, -48.120062 ], [ -58.258772, -48.120054 ], [ -58.259122, -48.120046 ], [ -58.259478, -48.120043 ], [ -58.259828, -48.120035 ], [ -58.260179, -48.120027 ], [ -58.260535, -48.120019 ], [ -58.260885, -48.120011 ], [ -58.261242, -48.120008 ], [ -58.261592, -48.12 ], [ -58.261949, -48.119992 ], [ -58.262299, -48.119984 ], [ -58.262648, -48.119981 ], [ -58.263005, -48.119973 ], [ -58.263355, -48.119965 ], [ -58.263712, -48.119957 ], [ -58.264062, -48.119954 ], [ -58.264412, -48.119946 ], [ -58.264769, -48.119938 ], [ -58.265119, -48.11993 ], [ -58.265475, -48.119926 ], [ -58.265825, -48.119918 ], [ -58.266175, -48.11991 ], [ -58.266532, -48.119903 ], [ -58.266882, -48.119895 ], [ -58.267238, -48.119891 ], [ -58.267589, -48.119883 ], [ -58.267939, -48.119875 ], [ -58.268295, -48.119867 ], [ -58.268645, -48.119864 ], [ -58.269002, -48.119856 ], [ -58.269352, -48.119848 ], [ -58.269702, -48.11984 ], [ -58.270058, -48.119837 ], [ -58.270409, -48.119829 ], [ -58.270765, -48.119821 ], [ -58.271115, -48.119813 ], [ -58.271472, -48.11981 ], [ -58.271822, -48.119801 ], [ -58.272172, -48.119793 ], [ -58.272529, -48.119786 ], [ -58.272879, -48.119778 ], [ -58.273235, -48.119774 ], [ -58.273585, -48.119766 ], [ -58.273935, -48.119758 ], [ -58.274292, -48.11975 ], [ -58.274642, -48.119747 ], [ -58.274999, -48.119739 ], [ -58.275349, -48.119731 ], [ -58.275699, -48.119723 ], [ -58.276055, -48.119719 ], [ -58.276405, -48.119711 ], [ -58.276762, -48.119704 ], [ -58.277112, -48.119696 ], [ -58.277462, -48.119692 ], [ -58.277818, -48.119684 ], [ -58.278169, -48.119676 ], [ -58.278525, -48.119668 ], [ -58.278875, -48.11966 ], [ -58.279225, -48.119657 ], [ -58.279582, -48.119649 ], [ -58.279932, -48.119641 ], [ -58.280289, -48.119633 ], [ -58.280638, -48.119629 ], [ -58.280995, -48.119622 ], [ -58.281345, -48.119613 ], [ -58.281695, -48.119605 ], [ -58.282052, -48.119602 ], [ -58.282402, -48.119594 ], [ -58.282759, -48.119586 ], [ -58.283109, -48.119578 ], [ -58.283458, -48.119574 ], [ -58.283815, -48.119567 ], [ -58.284165, -48.119558 ], [ -58.284522, -48.119551 ], [ -58.284872, -48.119543 ], [ -58.285222, -48.119539 ], [ -58.285579, -48.119531 ], [ -58.285929, -48.119523 ], [ -58.286285, -48.119515 ], [ -58.286635, -48.119512 ], [ -58.286985, -48.119504 ], [ -58.287342, -48.119496 ], [ -58.287692, -48.119488 ], [ -58.288048, -48.119484 ], [ -58.288399, -48.119476 ], [ -58.288749, -48.119468 ], [ -58.289105, -48.11946 ], [ -58.289455, -48.119457 ], [ -58.289812, -48.119449 ], [ -58.290162, -48.119441 ], [ -58.290519, -48.119433 ], [ -58.290869, -48.119425 ], [ -58.291218, -48.119421 ], [ -58.291575, -48.119413 ], [ -58.291925, -48.119405 ], [ -58.292282, -48.119397 ], [ -58.292632, -48.119394 ], [ -58.292982, -48.119385 ], [ -58.293339, -48.119378 ], [ -58.293689, -48.11937 ], [ -58.294045, -48.119366 ], [ -58.294395, -48.119358 ], [ -58.294745, -48.11935 ], [ -58.295102, -48.119342 ], [ -58.295452, -48.119338 ], [ -58.295808, -48.119331 ], [ -58.296159, -48.119322 ], [ -58.296509, -48.119314 ], [ -58.296865, -48.119311 ], [ -58.297215, -48.119303 ], [ -58.297572, -48.119295 ], [ -58.297922, -48.119287 ], [ -58.298272, -48.119279 ], [ -58.298628, -48.119275 ], [ -58.298979, -48.119267 ], [ -58.299335, -48.119259 ], [ -58.299685, -48.119251 ], [ -58.300042, -48.119248 ], [ -58.300392, -48.11924 ], [ -58.300742, -48.119231 ], [ -58.301099, -48.119224 ], [ -58.301448, -48.11922 ], [ -58.301805, -48.119212 ], [ -58.302155, -48.119204 ], [ -58.302505, -48.119196 ], [ -58.302862, -48.119192 ], [ -58.303212, -48.119184 ], [ -58.303569, -48.119176 ], [ -58.303919, -48.119168 ], [ -58.304269, -48.11916 ], [ -58.304625, -48.119157 ], [ -58.304975, -48.119148 ], [ -58.305332, -48.119141 ], [ -58.305682, -48.119132 ], [ -58.306032, -48.119129 ], [ -58.306389, -48.119121 ], [ -58.306739, -48.119113 ], [ -58.307095, -48.119105 ], [ -58.307445, -48.119101 ], [ -58.307795, -48.119093 ], [ -58.308152, -48.119085 ], [ -58.308502, -48.119077 ], [ -58.308858, -48.119073 ], [ -58.309208, -48.119065 ], [ -58.309565, -48.119057 ], [ -58.309915, -48.119049 ], [ -58.310265, -48.119041 ], [ -58.310622, -48.119038 ], [ -58.310972, -48.119029 ], [ -58.311329, -48.119022 ], [ -58.311679, -48.119013 ], [ -58.312028, -48.11901 ], [ -58.312385, -48.119002 ], [ -58.312735, -48.118994 ], [ -58.313092, -48.118986 ], [ -58.313442, -48.118982 ], [ -58.313792, -48.118974 ], [ -58.314149, -48.118966 ], [ -58.314499, -48.118958 ], [ -58.314855, -48.118954 ], [ -58.315205, -48.118946 ], [ -58.315555, -48.118938 ], [ -58.315912, -48.11893 ], [ -58.316262, -48.118922 ], [ -58.316618, -48.118918 ], [ -58.316968, -48.11891 ], [ -58.317319, -48.118902 ], [ -58.317675, -48.118894 ], [ -58.318025, -48.11889 ], [ -58.318382, -48.118882 ], [ -58.318732, -48.118874 ], [ -58.319089, -48.118866 ], [ -58.319438, -48.118863 ], [ -58.319788, -48.118854 ], [ -58.320145, -48.118846 ], [ -58.320495, -48.118838 ], [ -58.320852, -48.118835 ], [ -58.321202, -48.118827 ], [ -58.321552, -48.118818 ], [ -58.321909, -48.11881 ], [ -58.322259, -48.118802 ], [ -58.322615, -48.118799 ], [ -58.322965, -48.11879 ], [ -58.323315, -48.118782 ], [ -58.323672, -48.118774 ], [ -58.324022, -48.118771 ], [ -58.324378, -48.118763 ], [ -58.324728, -48.118754 ], [ -58.325079, -48.118746 ], [ -58.325435, -48.118743 ], [ -58.325785, -48.118735 ], [ -58.326142, -48.118727 ], [ -58.326492, -48.118718 ], [ -58.326842, -48.118715 ], [ -58.327198, -48.118707 ], [ -58.327548, -48.118698 ], [ -58.327905, -48.11869 ], [ -58.328255, -48.118682 ], [ -58.328612, -48.118679 ], [ -58.328962, -48.118671 ], [ -58.329312, -48.118662 ], [ -58.329669, -48.118654 ], [ -58.330171, -48.118598 ], [ -58.330517, -48.118558 ], [ -58.33087, -48.118519 ], [ -58.331216, -48.118479 ], [ -58.331562, -48.118439 ], [ -58.331909, -48.118399 ], [ -58.332262, -48.11836 ], [ -58.332608, -48.11832 ], [ -58.332954, -48.118275 ], [ -58.333301, -48.118235 ], [ -58.333647, -48.118196 ], [ -58.334, -48.118156 ], [ -58.334346, -48.118116 ], [ -58.334692, -48.118076 ], [ -58.335039, -48.118036 ], [ -58.335392, -48.117997 ], [ -58.335738, -48.117957 ], [ -58.336084, -48.117917 ], [ -58.33643, -48.117877 ], [ -58.336776, -48.117837 ], [ -58.337129, -48.117797 ], [ -58.337476, -48.117757 ], [ -58.337822, -48.117718 ], [ -58.338168, -48.117678 ], [ -58.338521, -48.117638 ], [ -58.338867, -48.117598 ], [ -58.339213, -48.117558 ], [ -58.33956, -48.117514 ], [ -58.339906, -48.117474 ], [ -58.340259, -48.117434 ], [ -58.340605, -48.117394 ], [ -58.340952, -48.117354 ], [ -58.341298, -48.117315 ], [ -58.341651, -48.117275 ], [ -58.341997, -48.117235 ], [ -58.342343, -48.117195 ], [ -58.34269, -48.117155 ], [ -58.343042, -48.117116 ], [ -58.343389, -48.117076 ], [ -58.343735, -48.117036 ], [ -58.344081, -48.116996 ], [ -58.344427, -48.116956 ], [ -58.34478, -48.116916 ], [ -58.345126, -48.116876 ], [ -58.345473, -48.116836 ], [ -58.345819, -48.116796 ], [ -58.346172, -48.116752 ], [ -58.346518, -48.116712 ], [ -58.346865, -48.116672 ], [ -58.347211, -48.116632 ], [ -58.347557, -48.116593 ], [ -58.34791, -48.116553 ], [ -58.348256, -48.116513 ], [ -58.348602, -48.116473 ], [ -58.348949, -48.116433 ], [ -58.349301, -48.116393 ], [ -58.349648, -48.116353 ], [ -58.349994, -48.116314 ], [ -58.35034, -48.116274 ], [ -58.350686, -48.116234 ], [ -58.351039, -48.116194 ], [ -58.351385, -48.116154 ], [ -58.351732, -48.116114 ], [ -58.352078, -48.116074 ], [ -58.352431, -48.116034 ], [ -58.352777, -48.11599 ], [ -58.353124, -48.11595 ], [ -58.35347, -48.11591 ], [ -58.353816, -48.11587 ], [ -58.354169, -48.11583 ], [ -58.354515, -48.115791 ], [ -58.354861, -48.115751 ], [ -58.355208, -48.115711 ], [ -58.35556, -48.115671 ], [ -58.355907, -48.115631 ], [ -58.356253, -48.115591 ], [ -58.356599, -48.115551 ], [ -58.356952, -48.115511 ], [ -58.357298, -48.115471 ], [ -58.357644, -48.115431 ], [ -58.357991, -48.115391 ], [ -58.358337, -48.115352 ], [ -58.35869, -48.115312 ], [ -58.359036, -48.115272 ], [ -58.359382, -48.115227 ], [ -58.359729, -48.115187 ], [ -58.360082, -48.115148 ], [ -58.360428, -48.115108 ], [ -58.360774, -48.115068 ], [ -58.36112, -48.115028 ], [ -58.361466, -48.114988 ], [ -58.361819, -48.114948 ], [ -58.362165, -48.114908 ], [ -58.362512, -48.114868 ], [ -58.362858, -48.114828 ], [ -58.363211, -48.114788 ], [ -58.363557, -48.114749 ], [ -58.363903, -48.114708 ], [ -58.364249, -48.114669 ], [ -58.364595, -48.114629 ], [ -58.364948, -48.114589 ], [ -58.365295, -48.114549 ], [ -58.365641, -48.114509 ], [ -58.365987, -48.114464 ], [ -58.36634, -48.114425 ], [ -58.366686, -48.114385 ], [ -58.367033, -48.114345 ], [ -58.367379, -48.114305 ], [ -58.367725, -48.114265 ], [ -58.368078, -48.114225 ], [ -58.368424, -48.114185 ], [ -58.36877, -48.114145 ], [ -58.369116, -48.114105 ], [ -58.369469, -48.114065 ], [ -58.369815, -48.114025 ], [ -58.370162, -48.113985 ], [ -58.370508, -48.113945 ], [ -58.370854, -48.113905 ], [ -58.371207, -48.113865 ], [ -58.371553, -48.113825 ], [ -58.371899, -48.113785 ], [ -58.372246, -48.113741 ], [ -58.372599, -48.113701 ], [ -58.372945, -48.113661 ], [ -58.373291, -48.113621 ], [ -58.373637, -48.113581 ], [ -58.37399, -48.113541 ], [ -58.374336, -48.113501 ], [ -58.374682, -48.113461 ], [ -58.375029, -48.113421 ], [ -58.375375, -48.113381 ], [ -58.375728, -48.113342 ], [ -58.376074, -48.113302 ], [ -58.37642, -48.113262 ], [ -58.376766, -48.113222 ], [ -58.377119, -48.113182 ], [ -58.377465, -48.113142 ], [ -58.377811, -48.113102 ], [ -58.378158, -48.113062 ], [ -58.378504, -48.113022 ], [ -58.378857, -48.112977 ], [ -58.379203, -48.112937 ], [ -58.379549, -48.112897 ], [ -58.379896, -48.112857 ], [ -58.380248, -48.112818 ], [ -58.380595, -48.112778 ], [ -58.380941, -48.112738 ], [ -58.381287, -48.112698 ], [ -58.381633, -48.112658 ], [ -58.381986, -48.112618 ], [ -58.382332, -48.112578 ], [ -58.382678, -48.112538 ], [ -58.383025, -48.112498 ], [ -58.383377, -48.112458 ], [ -58.383723, -48.112418 ], [ -58.38407, -48.112378 ], [ -58.384416, -48.112338 ], [ -58.384762, -48.112298 ], [ -58.385115, -48.112258 ], [ -58.385461, -48.112213 ], [ -58.385808, -48.112173 ], [ -58.386154, -48.112133 ], [ -58.386507, -48.112093 ], [ -58.386853, -48.112053 ], [ -58.387199, -48.112013 ], [ -58.387545, -48.111973 ], [ -58.387898, -48.111933 ], [ -58.388244, -48.111893 ], [ -58.38859, -48.111853 ], [ -58.388936, -48.111813 ], [ -58.389283, -48.111773 ], [ -58.389635, -48.111733 ], [ -58.389982, -48.111693 ], [ -58.390328, -48.111653 ], [ -58.390674, -48.111613 ], [ -58.391027, -48.111573 ], [ -58.391373, -48.111533 ], [ -58.391719, -48.111493 ], [ -58.392066, -48.111449 ], [ -58.392412, -48.111409 ], [ -58.392765, -48.111369 ], [ -58.393111, -48.111329 ], [ -58.393457, -48.111289 ], [ -58.393803, -48.111249 ], [ -58.394156, -48.111209 ], [ -58.394502, -48.111169 ], [ -58.394848, -48.111129 ], [ -58.395194, -48.111089 ], [ -58.395541, -48.111049 ], [ -58.395893, -48.111009 ], [ -58.39624, -48.110969 ], [ -58.396586, -48.110929 ], [ -58.396932, -48.110888 ], [ -58.397285, -48.110849 ], [ -58.397631, -48.110809 ], [ -58.397977, -48.110769 ], [ -58.398323, -48.110728 ], [ -58.39867, -48.110684 ], [ -58.399022, -48.110644 ], [ -58.399369, -48.110604 ], [ -58.399715, -48.110564 ], [ -58.400061, -48.110524 ], [ -58.400414, -48.110484 ], [ -58.40076, -48.110444 ], [ -58.401106, -48.110404 ], [ -58.401452, -48.110364 ], [ -58.401798, -48.110324 ], [ -58.402151, -48.110284 ], [ -58.402497, -48.110244 ], [ -58.402843, -48.110203 ], [ -58.40319, -48.110163 ], [ -58.403542, -48.110124 ], [ -58.403889, -48.110083 ], [ -58.404235, -48.110043 ], [ -58.404581, -48.110003 ], [ -58.404934, -48.109963 ], [ -58.40528, -48.109919 ], [ -58.405626, -48.109879 ], [ -58.405972, -48.109839 ], [ -58.406319, -48.109798 ], [ -58.406671, -48.109759 ], [ -58.407018, -48.109719 ], [ -58.407364, -48.109678 ], [ -58.40771, -48.109638 ], [ -58.408063, -48.109598 ], [ -58.408409, -48.109558 ], [ -58.408755, -48.109518 ], [ -58.409101, -48.109478 ], [ -58.409447, -48.109438 ], [ -58.4098, -48.109398 ], [ -58.410146, -48.109358 ], [ -58.410492, -48.109318 ], [ -58.410839, -48.109278 ], [ -58.411191, -48.109238 ], [ -58.411537, -48.109198 ], [ -58.411884, -48.109153 ], [ -58.41223, -48.109113 ], [ -58.412576, -48.109073 ], [ -58.412929, -48.109033 ], [ -58.413275, -48.108993 ], [ -58.413621, -48.108953 ], [ -58.413967, -48.108913 ], [ -58.41432, -48.108873 ], [ -58.414666, -48.108833 ], [ -58.415012, -48.108792 ], [ -58.415359, -48.108752 ], [ -58.415705, -48.108712 ], [ -58.416058, -48.108672 ], [ -58.416404, -48.108632 ], [ -58.41675, -48.108592 ], [ -58.417152, -48.108523 ], [ -58.4175, -48.108469 ], [ -58.417841, -48.108411 ], [ -58.418181, -48.108357 ], [ -58.418528, -48.108303 ], [ -58.41887, -48.108245 ], [ -58.41921, -48.108191 ], [ -58.419558, -48.108133 ], [ -58.419899, -48.108079 ], [ -58.42024, -48.108021 ], [ -58.420581, -48.107962 ], [ -58.420928, -48.107909 ], [ -58.421269, -48.10785 ], [ -58.421609, -48.107796 ], [ -58.421957, -48.107738 ], [ -58.422298, -48.107684 ], [ -58.422639, -48.107626 ], [ -58.422979, -48.107572 ], [ -58.423327, -48.107514 ], [ -58.423668, -48.10746 ], [ -58.424009, -48.107402 ], [ -58.424349, -48.107348 ], [ -58.424697, -48.10729 ], [ -58.425038, -48.107236 ], [ -58.425379, -48.107178 ], [ -58.425726, -48.10712 ], [ -58.426067, -48.107066 ], [ -58.426408, -48.107007 ], [ -58.426749, -48.106953 ], [ -58.427096, -48.106895 ], [ -58.427437, -48.106841 ], [ -58.427778, -48.106783 ], [ -58.428119, -48.106729 ], [ -58.428466, -48.106671 ], [ -58.428807, -48.106613 ], [ -58.429148, -48.106559 ], [ -58.429496, -48.106501 ], [ -58.429836, -48.106447 ], [ -58.430177, -48.106388 ], [ -58.430518, -48.106334 ], [ -58.430865, -48.106276 ], [ -58.431206, -48.106218 ], [ -58.431547, -48.106164 ], [ -58.431888, -48.106106 ], [ -58.432235, -48.106052 ], [ -58.432576, -48.105994 ], [ -58.432917, -48.10594 ], [ -58.433258, -48.105881 ], [ -58.433606, -48.105823 ], [ -58.433946, -48.105769 ], [ -58.434287, -48.105711 ], [ -58.434635, -48.105657 ], [ -58.434975, -48.105599 ], [ -58.435316, -48.10554 ], [ -58.435657, -48.105487 ], [ -58.436005, -48.105428 ], [ -58.436345, -48.105375 ], [ -58.436686, -48.105316 ], [ -58.437027, -48.105258 ], [ -58.437375, -48.105204 ], [ -58.437716, -48.105146 ], [ -58.438056, -48.105092 ], [ -58.438397, -48.105033 ], [ -58.438745, -48.104975 ], [ -58.439085, -48.104921 ], [ -58.439426, -48.104863 ], [ -58.439767, -48.104809 ], [ -58.440115, -48.104751 ], [ -58.440456, -48.104692 ], [ -58.440796, -48.104638 ], [ -58.441137, -48.10458 ], [ -58.441484, -48.104526 ], [ -58.441825, -48.104468 ], [ -58.442166, -48.104414 ], [ -58.442514, -48.104356 ], [ -58.442855, -48.104297 ], [ -58.443195, -48.104243 ], [ -58.443536, -48.104185 ], [ -58.443883, -48.104131 ], [ -58.444224, -48.104073 ], [ -58.444565, -48.104014 ], [ -58.444906, -48.103961 ], [ -58.445254, -48.103902 ], [ -58.445594, -48.103848 ], [ -58.445935, -48.10379 ], [ -58.446276, -48.103732 ], [ -58.446623, -48.103678 ], [ -58.446964, -48.103619 ], [ -58.447305, -48.103565 ], [ -58.447646, -48.103507 ], [ -58.447993, -48.103453 ], [ -58.448334, -48.103395 ], [ -58.448675, -48.103336 ], [ -58.449022, -48.103283 ], [ -58.449363, -48.103224 ], [ -58.449704, -48.10317 ], [ -58.450045, -48.103112 ], [ -58.450392, -48.103058 ], [ -58.450733, -48.103 ], [ -58.451074, -48.102941 ], [ -58.451415, -48.102887 ], [ -58.451762, -48.102829 ], [ -58.452103, -48.102775 ], [ -58.452444, -48.102717 ], [ -58.452791, -48.102663 ], [ -58.453132, -48.102605 ], [ -58.453473, -48.102551 ], [ -58.453813, -48.102492 ], [ -58.454161, -48.102438 ], [ -58.454502, -48.10238 ], [ -58.454843, -48.102322 ], [ -58.455183, -48.102268 ], [ -58.455531, -48.102209 ], [ -58.455871, -48.102155 ], [ -58.456212, -48.102097 ], [ -58.45656, -48.102043 ], [ -58.4569, -48.101985 ], [ -58.457241, -48.101931 ], [ -58.457582, -48.101872 ], [ -58.457929, -48.101819 ], [ -58.45827, -48.10176 ], [ -58.458611, -48.101706 ], [ -58.458958, -48.101648 ], [ -58.459299, -48.101594 ], [ -58.45964, -48.101535 ], [ -58.45998, -48.101481 ], [ -58.460328, -48.101423 ], [ -58.460669, -48.101369 ], [ -58.46101, -48.101311 ], [ -58.461357, -48.101257 ], [ -58.461698, -48.101199 ], [ -58.462038, -48.101145 ], [ -58.462386, -48.101086 ], [ -58.462726, -48.101032 ], [ -58.463067, -48.100978 ], [ -58.463408, -48.10092 ], [ -58.463755, -48.100866 ], [ -58.464096, -48.100808 ], [ -58.464436, -48.100754 ], [ -58.464784, -48.100695 ], [ -58.465125, -48.100641 ], [ -58.465466, -48.100583 ], [ -58.465813, -48.100529 ], [ -58.466153, -48.100475 ], [ -58.466494, -48.100417 ], [ -58.466842, -48.100363 ], [ -58.467182, -48.100304 ], [ -58.467523, -48.10025 ], [ -58.46787, -48.100197 ], [ -58.468211, -48.100138 ], [ -58.468552, -48.100084 ], [ -58.468893, -48.100026 ], [ -58.46924, -48.099972 ], [ -58.46958, -48.099918 ], [ -58.469921, -48.099859 ], [ -58.470268, -48.099806 ], [ -58.470609, -48.099752 ], [ -58.47095, -48.099693 ], [ -58.471297, -48.099639 ], [ -58.471638, -48.099581 ], [ -58.471978, -48.099527 ], [ -58.472326, -48.099473 ], [ -58.472667, -48.099415 ], [ -58.473007, -48.09936 ], [ -58.473354, -48.099307 ], [ -58.473695, -48.099253 ], [ -58.474043, -48.099194 ], [ -58.474383, -48.09914 ], [ -58.474723, -48.099086 ], [ -58.475071, -48.099028 ], [ -58.475412, -48.098974 ], [ -58.475752, -48.09892 ], [ -58.476099, -48.098866 ], [ -58.47644, -48.098808 ], [ -58.476781, -48.098754 ], [ -58.477128, -48.0987 ], [ -58.477469, -48.098641 ], [ -58.477809, -48.098587 ], [ -58.478157, -48.098534 ], [ -58.478497, -48.09848 ], [ -58.478844, -48.098426 ], [ -58.479185, -48.098367 ], [ -58.479526, -48.098313 ], [ -58.479873, -48.098259 ], [ -58.480213, -48.098205 ], [ -58.480554, -48.098151 ], [ -58.480901, -48.098093 ], [ -58.481242, -48.098039 ], [ -58.481589, -48.097985 ], [ -58.48193, -48.097931 ], [ -58.48227, -48.097877 ], [ -58.482617, -48.097823 ], [ -58.482958, -48.097765 ], [ -58.483306, -48.097711 ], [ -58.483646, -48.097657 ], [ -58.483986, -48.097603 ], [ -58.484334, -48.097549 ], [ -58.484674, -48.097495 ], [ -58.485021, -48.097441 ], [ -58.485362, -48.097387 ], [ -58.485702, -48.097333 ], [ -58.48605, -48.097275 ], [ -58.48639, -48.097221 ], [ -58.486738, -48.097167 ], [ -58.487078, -48.097113 ], [ -58.487425, -48.097059 ], [ -58.487766, -48.097005 ], [ -58.488106, -48.096951 ], [ -58.488453, -48.096897 ], [ -58.488794, -48.096843 ], [ -58.489141, -48.096789 ], [ -58.489482, -48.096735 ], [ -58.489822, -48.096681 ], [ -58.490169, -48.096627 ], [ -58.49051, -48.096573 ], [ -58.490857, -48.096519 ], [ -58.491197, -48.096465 ], [ -58.491545, -48.096411 ], [ -58.491885, -48.096353 ], [ -58.492226, -48.096299 ], [ -58.492573, -48.096245 ], [ -58.492914, -48.096191 ], [ -58.493261, -48.096137 ], [ -58.493601, -48.096083 ], [ -58.493948, -48.096029 ], [ -58.494289, -48.095975 ], [ -58.494636, -48.095921 ], [ -58.494977, -48.095867 ], [ -58.495317, -48.095813 ], [ -58.495664, -48.095759 ], [ -58.496005, -48.095705 ], [ -58.496352, -48.095651 ], [ -58.496692, -48.095597 ], [ -58.497039, -48.095548 ], [ -58.49738, -48.095493 ], [ -58.497727, -48.09544 ], [ -58.498067, -48.095385 ], [ -58.498408, -48.095331 ], [ -58.498755, -48.095277 ], [ -58.499095, -48.095223 ], [ -58.499442, -48.09517 ], [ -58.499783, -48.095115 ], [ -58.50013, -48.095062 ], [ -58.50047, -48.095007 ], [ -58.500818, -48.094954 ], [ -58.501158, -48.0949 ], [ -58.501505, -48.094846 ], [ -58.501846, -48.094792 ], [ -58.502186, -48.094737 ], [ -58.502533, -48.094684 ], [ -58.502874, -48.094629 ], [ -58.503221, -48.09458 ], [ -58.503561, -48.094526 ], [ -58.503908, -48.094472 ], [ -58.504249, -48.094418 ], [ -58.504596, -48.094364 ], [ -58.504936, -48.09431 ], [ -58.505283, -48.094256 ], [ -58.505624, -48.094202 ], [ -58.505971, -48.094148 ], [ -58.506311, -48.094094 ], [ -58.506659, -48.09404 ], [ -58.506999, -48.09399 ], [ -58.507346, -48.093937 ], [ -58.507686, -48.093882 ], [ -58.508027, -48.093828 ], [ -58.508374, -48.093774 ], [ -58.508714, -48.09372 ], [ -58.509062, -48.093666 ], [ -58.509402, -48.093612 ], [ -58.509749, -48.093563 ], [ -58.510089, -48.093509 ], [ -58.510436, -48.093455 ], [ -58.510777, -48.093401 ], [ -58.511124, -48.093347 ], [ -58.511464, -48.093293 ], [ -58.511811, -48.093239 ], [ -58.512152, -48.093189 ], [ -58.512499, -48.093135 ], [ -58.512839, -48.093081 ], [ -58.513186, -48.093027 ], [ -58.513527, -48.092973 ], [ -58.513874, -48.092919 ], [ -58.514214, -48.092865 ], [ -58.514561, -48.092816 ], [ -58.514901, -48.092761 ], [ -58.515249, -48.092707 ], [ -58.515589, -48.092653 ], [ -58.515936, -48.092599 ], [ -58.516277, -48.092545 ], [ -58.516623, -48.092496 ], [ -58.516964, -48.092442 ], [ -58.517311, -48.092388 ], [ -58.517651, -48.092334 ], [ -58.517998, -48.09228 ], [ -58.518338, -48.09223 ], [ -58.518686, -48.092176 ], [ -58.519026, -48.092122 ], [ -58.519373, -48.092068 ], [ -58.519714, -48.092014 ], [ -58.520061, -48.09196 ], [ -58.520401, -48.09191 ], [ -58.520748, -48.091856 ], [ -58.521088, -48.091802 ], [ -58.521435, -48.091748 ], [ -58.521776, -48.091694 ], [ -58.522123, -48.091645 ], [ -58.522463, -48.09159 ], [ -58.52281, -48.091537 ], [ -58.52315, -48.091482 ], [ -58.523498, -48.091428 ], [ -58.523838, -48.091379 ], [ -58.524185, -48.091325 ], [ -58.524525, -48.091271 ], [ -58.524872, -48.091217 ], [ -58.525212, -48.091167 ], [ -58.525559, -48.091113 ], [ -58.5259, -48.091059 ], [ -58.526247, -48.091005 ], [ -58.526587, -48.090951 ], [ -58.526934, -48.090901 ], [ -58.527275, -48.090847 ], [ -58.527622, -48.090793 ], [ -58.527962, -48.090739 ], [ -58.528309, -48.090685 ], [ -58.528649, -48.090635 ], [ -58.528996, -48.090581 ], [ -58.529337, -48.090527 ], [ -58.529684, -48.090473 ], [ -58.530024, -48.090423 ], [ -58.530371, -48.09037 ], [ -58.530711, -48.090315 ], [ -58.531058, -48.090261 ], [ -58.531398, -48.090212 ], [ -58.531746, -48.090158 ], [ -58.532086, -48.090104 ], [ -58.532433, -48.09005 ], [ -58.532773, -48.089995 ], [ -58.53312, -48.089946 ], [ -58.533461, -48.089892 ], [ -58.533808, -48.089838 ], [ -58.534148, -48.089783 ], [ -58.534495, -48.089734 ], [ -58.534835, -48.08968 ], [ -58.535182, -48.089626 ], [ -58.535523, -48.089572 ], [ -58.535869, -48.089522 ], [ -58.53621, -48.089468 ], [ -58.536557, -48.089414 ], [ -58.536897, -48.08936 ], [ -58.537244, -48.08931 ], [ -58.537584, -48.089256 ], [ -58.537931, -48.089202 ], [ -58.538272, -48.089148 ], [ -58.538619, -48.089094 ], [ -58.538959, -48.089044 ], [ -58.539306, -48.08899 ], [ -58.539646, -48.088936 ], [ -58.539993, -48.088882 ], [ -58.540333, -48.088832 ], [ -58.540681, -48.088778 ], [ -58.541021, -48.088724 ], [ -58.541368, -48.08867 ], [ -58.541708, -48.08862 ], [ -58.542055, -48.088566 ], [ -58.542402, -48.088512 ], [ -58.542743, -48.088458 ], [ -58.543089, -48.088408 ], [ -58.54343, -48.088354 ], [ -58.543777, -48.0883 ], [ -58.544117, -48.088246 ], [ -58.544464, -48.088197 ], [ -58.544804, -48.088142 ], [ -58.545151, -48.088088 ], [ -58.545492, -48.088034 ], [ -58.545838, -48.087985 ], [ -58.546179, -48.08793 ], [ -58.546526, -48.087876 ], [ -58.546866, -48.087822 ], [ -58.547213, -48.087773 ], [ -58.547553, -48.087718 ], [ -58.5479, -48.087664 ], [ -58.548241, -48.08761 ], [ -58.548588, -48.087556 ], [ -58.548928, -48.087506 ], [ -58.549275, -48.087452 ], [ -58.549615, -48.087398 ], [ -58.549962, -48.087344 ], [ -58.550302, -48.087294 ], [ -58.550649, -48.08724 ], [ -58.55099, -48.087186 ], [ -58.551337, -48.087132 ], [ -58.551677, -48.087082 ], [ -58.552024, -48.087028 ], [ -58.552364, -48.086974 ], [ -58.552711, -48.08692 ], [ -58.553051, -48.08687 ], [ -58.553398, -48.086816 ], [ -58.553739, -48.086762 ], [ -58.554086, -48.086708 ], [ -58.554426, -48.086653 ], [ -58.554773, -48.086604 ], [ -58.555113, -48.08655 ], [ -58.55546, -48.086496 ], [ -58.5558, -48.086441 ], [ -58.556147, -48.086392 ], [ -58.556488, -48.086337 ], [ -58.556834, -48.086283 ], [ -58.557175, -48.086229 ], [ -58.557522, -48.086175 ], [ -58.557862, -48.086125 ], [ -58.558209, -48.086071 ], [ -58.558549, -48.086017 ], [ -58.558896, -48.085963 ], [ -58.559237, -48.085909 ], [ -58.559583, -48.085859 ], [ -58.559924, -48.085805 ], [ -58.560271, -48.085751 ], [ -58.560611, -48.085697 ], [ -58.560958, -48.085642 ], [ -58.561298, -48.085593 ], [ -58.561645, -48.085539 ], [ -58.561986, -48.085484 ], [ -58.562333, -48.08543 ], [ -58.562673, -48.085376 ], [ -58.56302, -48.085326 ], [ -58.56336, -48.085272 ], [ -58.563707, -48.085218 ], [ -58.564047, -48.085164 ], [ -58.564394, -48.08511 ], [ -58.564734, -48.08506 ], [ -58.565081, -48.085006 ], [ -58.565422, -48.084951 ], [ -58.565769, -48.084897 ], [ -58.566109, -48.084843 ], [ -58.566456, -48.084794 ], [ -58.566796, -48.084739 ], [ -58.567143, -48.084685 ], [ -58.567483, -48.084631 ], [ -58.56783, -48.084577 ], [ -58.568171, -48.084522 ], [ -58.568517, -48.084473 ], [ -58.568858, -48.084419 ], [ -58.569205, -48.084365 ], [ -58.569545, -48.08431 ], [ -58.569892, -48.084256 ], [ -58.570233, -48.084202 ], [ -58.570579, -48.084152 ], [ -58.570919, -48.084098 ], [ -58.571358, -48.083917 ], [ -58.571664, -48.083798 ], [ -58.571963, -48.083675 ], [ -58.572262, -48.083551 ], [ -58.572568, -48.083428 ], [ -58.572867, -48.083305 ], [ -58.573166, -48.083186 ], [ -58.573472, -48.083063 ], [ -58.573772, -48.082939 ], [ -58.574071, -48.082816 ], [ -58.574377, -48.082693 ], [ -58.574676, -48.08257 ], [ -58.574982, -48.082451 ], [ -58.575281, -48.082328 ], [ -58.57558, -48.082204 ], [ -58.575886, -48.082081 ], [ -58.576185, -48.081958 ], [ -58.576484, -48.081839 ], [ -58.57679, -48.081716 ], [ -58.577089, -48.081592 ], [ -58.577389, -48.081469 ], [ -58.577694, -48.081346 ], [ -58.577993, -48.081227 ], [ -58.578299, -48.081103 ], [ -58.578599, -48.08098 ], [ -58.578898, -48.080857 ], [ -58.579204, -48.080733 ], [ -58.579503, -48.08061 ], [ -58.579802, -48.080491 ], [ -58.580108, -48.080368 ], [ -58.580407, -48.080245 ], [ -58.580706, -48.080121 ], [ -58.581012, -48.079998 ], [ -58.581311, -48.079879 ], [ -58.581617, -48.079756 ], [ -58.581916, -48.079633 ], [ -58.582215, -48.079509 ], [ -58.582521, -48.079386 ], [ -58.58282, -48.079267 ], [ -58.583119, -48.079144 ], [ -58.583425, -48.07902 ], [ -58.583725, -48.078897 ], [ -58.584024, -48.078774 ], [ -58.58433, -48.07865 ], [ -58.584629, -48.078531 ], [ -58.584934, -48.078408 ], [ -58.585234, -48.078285 ], [ -58.585533, -48.078161 ], [ -58.585839, -48.078038 ], [ -58.586138, -48.077919 ], [ -58.586437, -48.077796 ], [ -58.586743, -48.077673 ], [ -58.587042, -48.077549 ], [ -58.587341, -48.077426 ], [ -58.587647, -48.077307 ], [ -58.587946, -48.077184 ], [ -58.588252, -48.077061 ], [ -58.588551, -48.076937 ], [ -58.58885, -48.076814 ], [ -58.589156, -48.076691 ], [ -58.589455, -48.076572 ], [ -58.589754, -48.076448 ], [ -58.59006, -48.076325 ], [ -58.590359, -48.076201 ], [ -58.590658, -48.076078 ], [ -58.590964, -48.075959 ], [ -58.591263, -48.075836 ], [ -58.591569, -48.075713 ], [ -58.591868, -48.075589 ], [ -58.592167, -48.075466 ], [ -58.592473, -48.075347 ], [ -58.592772, -48.075224 ], [ -58.593071, -48.0751 ], [ -58.593377, -48.074977 ], [ -58.593676, -48.074854 ], [ -58.593975, -48.07473 ], [ -58.594281, -48.074611 ], [ -58.59458, -48.074488 ], [ -58.594886, -48.074365 ], [ -58.595185, -48.074241 ], [ -58.595484, -48.074118 ], [ -58.59579, -48.073999 ], [ -58.596089, -48.073876 ], [ -58.596388, -48.073752 ], [ -58.596694, -48.073629 ], [ -58.596993, -48.073506 ], [ -58.597298, -48.073387 ], [ -58.597598, -48.073263 ], [ -58.597897, -48.07314 ], [ -58.598203, -48.073017 ], [ -58.598502, -48.072893 ], [ -58.598801, -48.07277 ], [ -58.599106, -48.072651 ], [ -58.599405, -48.072528 ], [ -58.599705, -48.072404 ], [ -58.60001, -48.072281 ], [ -58.60031, -48.072158 ], [ -58.600615, -48.072039 ], [ -58.600914, -48.071915 ], [ -58.601213, -48.071792 ], [ -58.601519, -48.071669 ], [ -58.601818, -48.071545 ], [ -58.602117, -48.071426 ], [ -58.602423, -48.071303 ], [ -58.602722, -48.071179 ], [ -58.603021, -48.071056 ], [ -58.603327, -48.070933 ], [ -58.603626, -48.070809 ], [ -58.603932, -48.070691 ], [ -58.604231, -48.070567 ], [ -58.60453, -48.070444 ], [ -58.604836, -48.07032 ], [ -58.605135, -48.070197 ], [ -58.605433, -48.070078 ], [ -58.605739, -48.069955 ], [ -58.606038, -48.069831 ], [ -58.606337, -48.069708 ], [ -58.606643, -48.069584 ], [ -58.606942, -48.069465 ], [ -58.607248, -48.069342 ], [ -58.607547, -48.069219 ], [ -58.607846, -48.069095 ], [ -58.608152, -48.068972 ], [ -58.608451, -48.068849 ], [ -58.60875, -48.068729 ], [ -58.609055, -48.068606 ], [ -58.609355, -48.068483 ], [ -58.609654, -48.068359 ], [ -58.60996, -48.068236 ], [ -58.610258, -48.068117 ], [ -58.610564, -48.067994 ], [ -58.610863, -48.06787 ], [ -58.611162, -48.067747 ], [ -58.611468, -48.067624 ], [ -58.611767, -48.067505 ], [ -58.612066, -48.067381 ], [ -58.612372, -48.067258 ], [ -58.612671, -48.067134 ], [ -58.61297, -48.067011 ], [ -58.613275, -48.066888 ], [ -58.613574, -48.066769 ], [ -58.61388, -48.066645 ], [ -58.614179, -48.066522 ], [ -58.614478, -48.066398 ], [ -58.614784, -48.066275 ], [ -58.615083, -48.066156 ], [ -58.615382, -48.066032 ], [ -58.615687, -48.065909 ], [ -58.615986, -48.065786 ], [ -58.616286, -48.065662 ], [ -58.616591, -48.065543 ], [ -58.61689, -48.06542 ], [ -58.617196, -48.065297 ], [ -58.617495, -48.065173 ], [ -58.617794, -48.06505 ], [ -58.6181, -48.064926 ], [ -58.618398, -48.064807 ], [ -58.618697, -48.064684 ], [ -58.619003, -48.064561 ], [ -58.619302, -48.064437 ], [ -58.619601, -48.064314 ], [ -58.619907, -48.064195 ], [ -58.620206, -48.064071 ], [ -58.620511, -48.063948 ], [ -58.62081, -48.063824 ], [ -58.62111, -48.063701 ], [ -58.621415, -48.063582 ], [ -58.621714, -48.063459 ], [ -58.622013, -48.063335 ], [ -58.622319, -48.063212 ], [ -58.622618, -48.063088 ], [ -58.622917, -48.062965 ], [ -58.623222, -48.062846 ], [ -58.623521, -48.062722 ], [ -58.623827, -48.062599 ], [ -58.624126, -48.062476 ], [ -58.624425, -48.062352 ], [ -58.62473, -48.062233 ], [ -58.625029, -48.06211 ], [ -58.625328, -48.061986 ], [ -58.625634, -48.061863 ], [ -58.625933, -48.061739 ], [ -58.626232, -48.06162 ], [ -58.626537, -48.061497 ], [ -58.626836, -48.061374 ], [ -58.627142, -48.06125 ], [ -58.627441, -48.061127 ], [ -58.62774, -48.061003 ], [ -58.628046, -48.060884 ], [ -58.628345, -48.060761 ], [ -58.628644, -48.060637 ], [ -58.628949, -48.060514 ], [ -58.629248, -48.06039 ], [ -58.629547, -48.060271 ], [ -58.629853, -48.060148 ], [ -58.630152, -48.060024 ], [ -58.630457, -48.059901 ], [ -58.630756, -48.059778 ], [ -58.631055, -48.059659 ], [ -58.631361, -48.059535 ], [ -58.63166, -48.059412 ], [ -58.631959, -48.059288 ], [ -58.632264, -48.059165 ], [ -58.632563, -48.059041 ], [ -58.632862, -48.058922 ], [ -58.633168, -48.058799 ], [ -58.633467, -48.058675 ], [ -58.633772, -48.058552 ], [ -58.634071, -48.058428 ], [ -58.63437, -48.058309 ], [ -58.634676, -48.058186 ], [ -58.634975, -48.058063 ], [ -58.635274, -48.057939 ], [ -58.635579, -48.057816 ], [ -58.635878, -48.057697 ], [ -58.636177, -48.057573 ], [ -58.636482, -48.05745 ], [ -58.636781, -48.057326 ], [ -58.637087, -48.057203 ], [ -58.637386, -48.057079 ], [ -58.637685, -48.05696 ], [ -58.63799, -48.056837 ], [ -58.638289, -48.056713 ], [ -58.638588, -48.05659 ], [ -58.638894, -48.056466 ], [ -58.639192, -48.056347 ], [ -58.639491, -48.056224 ], [ -58.639797, -48.0561 ], [ -58.640096, -48.055977 ], [ -58.640402, -48.055853 ], [ -58.6407, -48.055734 ], [ -58.640999, -48.055611 ], [ -58.641305, -48.055487 ], [ -58.641604, -48.055364 ], [ -58.641903, -48.05524 ], [ -58.642208, -48.055117 ], [ -58.642507, -48.054998 ], [ -58.642806, -48.054874 ], [ -58.643112, -48.054751 ], [ -58.643411, -48.054627 ], [ -58.643716, -48.054504 ], [ -58.644015, -48.054385 ], [ -58.644314, -48.054261 ], [ -58.644619, -48.054138 ], [ -58.644918, -48.054014 ], [ -58.645217, -48.053891 ], [ -58.645522, -48.053772 ], [ -58.645821, -48.053648 ], [ -58.64612, -48.053525 ], [ -58.646426, -48.053401 ], [ -58.646725, -48.053278 ], [ -58.64703, -48.053154 ], [ -58.647329, -48.053035 ], [ -58.647628, -48.052912 ], [ -58.647934, -48.052788 ], [ -58.648232, -48.052665 ], [ -58.648531, -48.052541 ], [ -58.648837, -48.052422 ], [ -58.649136, -48.052299 ], [ -58.649434, -48.052175 ], [ -58.64974, -48.052052 ], [ -58.650039, -48.051928 ], [ -58.650344, -48.051809 ], [ -58.650643, -48.051686 ], [ -58.650942, -48.051562 ], [ -58.651248, -48.051439 ], [ -58.651546, -48.051315 ], [ -58.651845, -48.051192 ], [ -58.652151, -48.051073 ], [ -58.65245, -48.050949 ], [ -58.652748, -48.050825 ], [ -58.653054, -48.050702 ], [ -58.653353, -48.050578 ], [ -58.653658, -48.05046 ], [ -58.653957, -48.050336 ], [ -58.654256, -48.050212 ], [ -58.654561, -48.050089 ], [ -58.65486, -48.049965 ], [ -58.655181, -48.049663 ], [ -58.655385, -48.049468 ], [ -58.65559, -48.049273 ], [ -58.655793, -48.049083 ], [ -58.655998, -48.048888 ], [ -58.656202, -48.048694 ], [ -58.656406, -48.048504 ], [ -58.656603, -48.048309 ], [ -58.656807, -48.048118 ], [ -58.657011, -48.047924 ], [ -58.657216, -48.047729 ], [ -58.657419, -48.047539 ], [ -58.657624, -48.047344 ], [ -58.657828, -48.04715 ], [ -58.658032, -48.046959 ], [ -58.658236, -48.046765 ], [ -58.658433, -48.046574 ], [ -58.658637, -48.04638 ], [ -58.658842, -48.046185 ], [ -58.659045, -48.045995 ], [ -58.65925, -48.0458 ], [ -58.659454, -48.045605 ], [ -58.659658, -48.045415 ], [ -58.659862, -48.04522 ], [ -58.660066, -48.04503 ], [ -58.660263, -48.044835 ], [ -58.660468, -48.044641 ], [ -58.660671, -48.04445 ], [ -58.660876, -48.044256 ], [ -58.66108, -48.044061 ], [ -58.661284, -48.043871 ], [ -58.661488, -48.043676 ], [ -58.661692, -48.043486 ], [ -58.661896, -48.043291 ], [ -58.6621, -48.043096 ], [ -58.662297, -48.042906 ], [ -58.662501, -48.042711 ], [ -58.662706, -48.042517 ], [ -58.662909, -48.042326 ], [ -58.663114, -48.042132 ], [ -58.663317, -48.041942 ], [ -58.663521, -48.041747 ], [ -58.663726, -48.041552 ], [ -58.663929, -48.041362 ], [ -58.664127, -48.041167 ], [ -58.664331, -48.040972 ], [ -58.664535, -48.040782 ], [ -58.664739, -48.040587 ], [ -58.664943, -48.040397 ], [ -58.665147, -48.040202 ], [ -58.665351, -48.040008 ], [ -58.665555, -48.039818 ], [ -58.665759, -48.039623 ], [ -58.665957, -48.039428 ], [ -58.66616, -48.039238 ], [ -58.666365, -48.039043 ], [ -58.666568, -48.038853 ], [ -58.666773, -48.038658 ], [ -58.666977, -48.038463 ], [ -58.667181, -48.038273 ], [ -58.667385, -48.038078 ], [ -58.667589, -48.037884 ], [ -58.667786, -48.037693 ], [ -58.66799, -48.037499 ], [ -58.668194, -48.037308 ], [ -58.668398, -48.037114 ], [ -58.668602, -48.036919 ], [ -58.668806, -48.036729 ], [ -58.66901, -48.036534 ], [ -58.669214, -48.036339 ], [ -58.669418, -48.036149 ], [ -58.669615, -48.035954 ], [ -58.669819, -48.035764 ], [ -58.670023, -48.035569 ], [ -58.670227, -48.035375 ], [ -58.670431, -48.035184 ], [ -58.670635, -48.03499 ], [ -58.670839, -48.034795 ], [ -58.671043, -48.034605 ], [ -58.671247, -48.03441 ], [ -58.671444, -48.034219 ], [ -58.671649, -48.034025 ], [ -58.671853, -48.03383 ], [ -58.672056, -48.03364 ], [ -58.672261, -48.033445 ], [ -58.672465, -48.03325 ], [ -58.672668, -48.03306 ], [ -58.672873, -48.032865 ], [ -58.673076, -48.032675 ], [ -58.673274, -48.03248 ], [ -58.673478, -48.032285 ], [ -58.673682, -48.032095 ], [ -58.673886, -48.031901 ], [ -58.674089, -48.03171 ], [ -58.674293, -48.031516 ], [ -58.674497, -48.031321 ], [ -58.674701, -48.031131 ], [ -58.674905, -48.030936 ], [ -58.675103, -48.030741 ], [ -58.675306, -48.030551 ], [ -58.675511, -48.030356 ], [ -58.675714, -48.030166 ], [ -58.675918, -48.029971 ], [ -58.676122, -48.029776 ], [ -58.676326, -48.029586 ], [ -58.67653, -48.029391 ], [ -58.676734, -48.029197 ], [ -58.676938, -48.029006 ], [ -58.677135, -48.028811 ], [ -58.677339, -48.028621 ], [ -58.677543, -48.028427 ], [ -58.677747, -48.028232 ], [ -58.677951, -48.028042 ], [ -58.678155, -48.027847 ], [ -58.678359, -48.027652 ], [ -58.678563, -48.027462 ], [ -58.678767, -48.027267 ], [ -58.678964, -48.027077 ], [ -58.679168, -48.026882 ], [ -58.679372, -48.026687 ], [ -58.679576, -48.026497 ], [ -58.67978, -48.026302 ], [ -58.679984, -48.026107 ], [ -58.680188, -48.025917 ], [ -58.680392, -48.025723 ], [ -58.680595, -48.025532 ], [ -58.680793, -48.025337 ], [ -58.680997, -48.025143 ], [ -58.6812, -48.024952 ], [ -58.681404, -48.024758 ], [ -58.681608, -48.024563 ], [ -58.681812, -48.024373 ], [ -58.682016, -48.024178 ], [ -58.68222, -48.023988 ], [ -58.682424, -48.023793 ], [ -58.682621, -48.023598 ], [ -58.682825, -48.023408 ], [ -58.683029, -48.023213 ], [ -58.683233, -48.023018 ], [ -58.683437, -48.022828 ], [ -58.683641, -48.022633 ], [ -58.683844, -48.022443 ], [ -58.684048, -48.022248 ], [ -58.684252, -48.022053 ], [ -58.684449, -48.021863 ], [ -58.684653, -48.021668 ], [ -58.684857, -48.021474 ], [ -58.685061, -48.021283 ], [ -58.685265, -48.021088 ], [ -58.685469, -48.020898 ], [ -58.685673, -48.020703 ], [ -58.685877, -48.020509 ], [ -58.68608, -48.020319 ], [ -58.686278, -48.020124 ], [ -58.686482, -48.019929 ], [ -58.686685, -48.019739 ], [ -58.686889, -48.019544 ], [ -58.687093, -48.019354 ], [ -58.687297, -48.019159 ], [ -58.687501, -48.018964 ], [ -58.687705, -48.018774 ], [ -58.687909, -48.018579 ], [ -58.688106, -48.018384 ], [ -58.688309, -48.018194 ], [ -58.688513, -48.017999 ], [ -58.688717, -48.017809 ], [ -58.688921, -48.017614 ], [ -58.689125, -48.017419 ], [ -58.689329, -48.017229 ], [ -58.689533, -48.017034 ], [ -58.689737, -48.01684 ], [ -58.689934, -48.016649 ], [ -58.690138, -48.016454 ], [ -58.690341, -48.016264 ], [ -58.690545, -48.016069 ], [ -58.690749, -48.015875 ], [ -58.690953, -48.015684 ], [ -58.691157, -48.01549 ], [ -58.691361, -48.015295 ], [ -58.691564, -48.015104 ], [ -58.691768, -48.01491 ], [ -58.691965, -48.014719 ], [ -58.692169, -48.014524 ], [ -58.692373, -48.01433 ], [ -58.692577, -48.014139 ], [ -58.692781, -48.013945 ], [ -58.692985, -48.01375 ], [ -58.693188, -48.01356 ], [ -58.693392, -48.013365 ], [ -58.693596, -48.013175 ], [ -58.693793, -48.01298 ], [ -58.693997, -48.012785 ], [ -58.694201, -48.012595 ], [ -58.694404, -48.0124 ], [ -58.694608, -48.012205 ], [ -58.694812, -48.012015 ], [ -58.695016, -48.01182 ], [ -58.695219, -48.01163 ], [ -58.695423, -48.011435 ], [ -58.695621, -48.01124 ], [ -58.695824, -48.01105 ], [ -58.696028, -48.010855 ], [ -58.696232, -48.01066 ], [ -58.696436, -48.01047 ], [ -58.69664, -48.010275 ], [ -58.696843, -48.010085 ], [ -58.697047, -48.00989 ], [ -58.697251, -48.009695 ], [ -58.697448, -48.009505 ], [ -58.697652, -48.00931 ], [ -58.697856, -48.009115 ], [ -58.698059, -48.008925 ], [ -58.698263, -48.00873 ], [ -58.698467, -48.00854 ], [ -58.698671, -48.008345 ], [ -58.698875, -48.00815 ], [ -58.699078, -48.00796 ], [ -58.699275, -48.007765 ], [ -58.699479, -48.00757 ], [ -58.699683, -48.00738 ], [ -58.699887, -48.007185 ], [ -58.70009, -48.006995 ], [ -58.700294, -48.0068 ], [ -58.700498, -48.006606 ], [ -58.700702, -48.006415 ], [ -58.700905, -48.00622 ], [ -58.701103, -48.006025 ], [ -58.701306, -48.005835 ], [ -58.70151, -48.00564 ], [ -58.701714, -48.00545 ], [ -58.701917, -48.005255 ], [ -58.702121, -48.005061 ], [ -58.702325, -48.00487 ], [ -58.702529, -48.004675 ], [ -58.702733, -48.004481 ], [ -58.702929, -48.00429 ], [ -58.703133, -48.004095 ], [ -58.703337, -48.003905 ], [ -58.703541, -48.00371 ], [ -58.703745, -48.003516 ], [ -58.703948, -48.003325 ], [ -58.704152, -48.003131 ], [ -58.704356, -48.002936 ], [ -58.704559, -48.002745 ], [ -58.704757, -48.00255 ], [ -58.70496, -48.00236 ], [ -58.705164, -48.002165 ], [ -58.705368, -48.001971 ], [ -58.705571, -48.00178 ], [ -58.705775, -48.001585 ], [ -58.705979, -48.001391 ], [ -58.706182, -48.0012 ], [ -58.706386, -48.001006 ], [ -58.70659, -48.000815 ], [ -58.706787, -48.00062 ], [ -58.706991, -48.000426 ], [ -58.707194, -48.000235 ], [ -58.707398, -48.00004 ], [ -58.707602, -47.999846 ], [ -58.707805, -47.999655 ], [ -58.708009, -47.999461 ], [ -58.708213, -47.99927 ], [ -58.708417, -47.999075 ], [ -58.708614, -47.99888 ], [ -58.708817, -47.99869 ], [ -58.709021, -47.998495 ], [ -58.709225, -47.998301 ], [ -58.709428, -47.99811 ], [ -58.709632, -47.997915 ], [ -58.709836, -47.997725 ], [ -58.710146, -47.997453 ], [ -58.710363, -47.997264 ], [ -58.71058, -47.997078 ], [ -58.710789, -47.996893 ], [ -58.711006, -47.996703 ], [ -58.711223, -47.996518 ], [ -58.71144, -47.996328 ], [ -58.711656, -47.996142 ], [ -58.711866, -47.995957 ], [ -58.712082, -47.995767 ], [ -58.712299, -47.995582 ], [ -58.712515, -47.995396 ], [ -58.712732, -47.995207 ], [ -58.712949, -47.995021 ], [ -58.713158, -47.994836 ], [ -58.713375, -47.994646 ], [ -58.713591, -47.994461 ], [ -58.713808, -47.994271 ], [ -58.714025, -47.994085 ], [ -58.714234, -47.9939 ], [ -58.714451, -47.99371 ], [ -58.714668, -47.993525 ], [ -58.714884, -47.993339 ], [ -58.715101, -47.99315 ], [ -58.715311, -47.992964 ], [ -58.715527, -47.992779 ], [ -58.715744, -47.992589 ], [ -58.71596, -47.992403 ], [ -58.716177, -47.992214 ], [ -58.716393, -47.992028 ], [ -58.716603, -47.991843 ], [ -58.71682, -47.991653 ], [ -58.717036, -47.991468 ], [ -58.717253, -47.991282 ], [ -58.717469, -47.991092 ], [ -58.717679, -47.990907 ], [ -58.717895, -47.990722 ], [ -58.718112, -47.990532 ], [ -58.718329, -47.990346 ], [ -58.718545, -47.990157 ], [ -58.718755, -47.989971 ], [ -58.718971, -47.989786 ], [ -58.719188, -47.989596 ], [ -58.719405, -47.98941 ], [ -58.719621, -47.989225 ], [ -58.719838, -47.989035 ], [ -58.720047, -47.98885 ], [ -58.720264, -47.988664 ], [ -58.720481, -47.988475 ], [ -58.720697, -47.988289 ], [ -58.720914, -47.988099 ], [ -58.721123, -47.987914 ], [ -58.72134, -47.987728 ], [ -58.721556, -47.987539 ], [ -58.721773, -47.987353 ], [ -58.721989, -47.987168 ], [ -58.722199, -47.986978 ], [ -58.722415, -47.986792 ], [ -58.722632, -47.986607 ], [ -58.722849, -47.986417 ], [ -58.723065, -47.986232 ], [ -58.723282, -47.986042 ], [ -58.723491, -47.985857 ], [ -58.723708, -47.985671 ], [ -58.723924, -47.985481 ], [ -58.724141, -47.985296 ], [ -58.724357, -47.985111 ], [ -58.724567, -47.984921 ], [ -58.724783, -47.984735 ], [ -58.725, -47.98455 ], [ -58.725216, -47.98436 ], [ -58.725433, -47.984175 ], [ -58.725643, -47.983985 ], [ -58.725859, -47.983799 ], [ -58.726075, -47.983614 ], [ -58.726292, -47.983424 ], [ -58.726508, -47.983239 ], [ -58.726725, -47.983053 ], [ -58.726935, -47.982863 ], [ -58.727151, -47.982678 ], [ -58.727367, -47.982492 ], [ -58.727584, -47.982303 ], [ -58.727801, -47.982117 ], [ -58.728011, -47.981927 ], [ -58.728227, -47.981742 ], [ -58.728443, -47.981557 ], [ -58.72866, -47.981367 ], [ -58.728876, -47.981181 ], [ -58.729092, -47.980996 ], [ -58.729302, -47.980806 ], [ -58.729519, -47.98062 ], [ -58.729735, -47.980435 ], [ -58.729952, -47.980245 ], [ -58.730168, -47.98006 ], [ -58.730378, -47.97987 ], [ -58.730594, -47.979684 ], [ -58.730811, -47.979499 ], [ -58.731027, -47.979309 ], [ -58.731243, -47.979124 ], [ -58.731453, -47.978938 ], [ -58.73167, -47.978748 ], [ -58.731886, -47.978563 ], [ -58.732102, -47.978378 ], [ -58.732319, -47.978188 ], [ -58.732535, -47.978002 ], [ -58.732745, -47.977812 ], [ -58.732962, -47.977627 ], [ -58.733178, -47.977442 ], [ -58.733394, -47.977252 ], [ -58.733611, -47.977066 ], [ -58.73382, -47.976881 ], [ -58.734037, -47.976691 ], [ -58.734253, -47.976506 ], [ -58.73447, -47.97632 ], [ -58.734686, -47.97613 ], [ -58.734896, -47.975945 ], [ -58.735112, -47.975755 ], [ -58.735329, -47.975569 ], [ -58.735545, -47.975384 ], [ -58.735761, -47.975194 ], [ -58.735978, -47.975009 ], [ -58.736187, -47.974823 ], [ -58.736404, -47.974633 ], [ -58.73662, -47.974448 ], [ -58.736837, -47.974263 ], [ -58.737053, -47.974073 ], [ -58.737263, -47.973887 ], [ -58.737479, -47.973697 ], [ -58.737696, -47.973512 ], [ -58.737912, -47.973327 ], [ -58.738128, -47.973137 ], [ -58.738338, -47.972951 ], [ -58.738554, -47.972766 ], [ -58.738771, -47.972576 ], [ -58.738987, -47.97239 ], [ -58.739203, -47.972205 ], [ -58.73942, -47.972015 ], [ -58.739629, -47.97183 ], [ -58.739846, -47.97164 ], [ -58.740062, -47.971454 ], [ -58.740278, -47.971269 ], [ -58.740495, -47.971079 ], [ -58.740705, -47.970893 ], [ -58.740921, -47.970708 ], [ -58.741137, -47.970518 ], [ -58.741354, -47.970333 ], [ -58.74157, -47.970147 ], [ -58.74178, -47.969957 ], [ -58.741996, -47.969772 ], [ -58.742213, -47.969582 ], [ -58.742429, -47.969397 ], [ -58.742645, -47.969211 ], [ -58.742862, -47.969021 ], [ -58.743071, -47.968836 ], [ -58.743287, -47.96865 ], [ -58.743504, -47.96846 ], [ -58.74372, -47.968275 ], [ -58.743936, -47.96809 ], [ -58.744146, -47.967899 ], [ -58.744362, -47.967714 ], [ -58.744579, -47.967524 ], [ -58.744795, -47.967339 ], [ -58.745011, -47.967153 ], [ -58.745221, -47.966963 ], [ -58.745437, -47.966778 ], [ -58.745653, -47.966592 ], [ -58.74587, -47.966403 ], [ -58.746086, -47.966217 ], [ -58.746302, -47.966032 ], [ -58.746512, -47.965842 ], [ -58.746728, -47.965656 ], [ -58.746945, -47.965466 ], [ -58.747161, -47.965281 ], [ -58.747377, -47.965096 ], [ -58.747587, -47.964905 ], [ -58.747803, -47.96472 ], [ -58.74802, -47.964535 ], [ -58.748236, -47.964345 ], [ -58.748452, -47.964159 ], [ -58.748662, -47.963974 ], [ -58.748878, -47.963784 ], [ -58.749094, -47.963598 ], [ -58.749311, -47.963409 ], [ -58.749527, -47.963223 ], [ -58.749743, -47.963038 ], [ -58.749953, -47.962848 ], [ -58.750169, -47.962662 ], [ -58.750385, -47.962477 ], [ -58.750602, -47.962287 ], [ -58.750818, -47.962101 ], [ -58.751028, -47.961916 ], [ -58.751244, -47.961726 ], [ -58.75146, -47.961541 ], [ -58.751677, -47.961351 ], [ -58.751893, -47.961165 ], [ -58.752102, -47.96098 ], [ -58.752319, -47.96079 ], [ -58.752535, -47.960604 ], [ -58.752751, -47.960419 ], [ -58.752968, -47.960229 ], [ -58.753184, -47.960044 ], [ -58.753393, -47.959858 ], [ -58.75361, -47.959668 ], [ -58.753826, -47.959483 ], [ -58.754042, -47.959293 ], [ -58.754258, -47.959107 ], [ -58.754468, -47.958922 ], [ -58.754684, -47.958732 ], [ -58.7549, -47.958546 ], [ -58.755117, -47.958361 ], [ -58.755333, -47.958171 ], [ -58.755542, -47.957985 ], [ -58.755759, -47.9578 ], [ -58.755975, -47.95761 ], [ -58.756191, -47.957425 ], [ -58.756408, -47.957235 ], [ -58.756624, -47.957049 ], [ -58.756833, -47.956864 ], [ -58.75705, -47.956674 ], [ -58.757266, -47.956488 ], [ -58.757482, -47.956303 ], [ -58.757698, -47.956113 ], [ -58.757908, -47.955927 ], [ -58.758124, -47.955737 ], [ -58.75834, -47.955552 ], [ -58.758556, -47.955366 ], [ -58.758773, -47.955177 ], [ -58.758982, -47.954991 ], [ -58.759198, -47.954806 ], [ -58.759415, -47.954616 ], [ -58.759631, -47.95443 ], [ -58.759847, -47.954245 ], [ -58.760063, -47.954055 ], [ -58.760273, -47.953869 ], [ -58.760489, -47.953679 ], [ -58.760705, -47.953494 ], [ -58.760921, -47.953308 ], [ -58.761138, -47.953118 ], [ -58.761347, -47.952933 ], [ -58.761563, -47.952747 ], [ -58.76178, -47.952557 ], [ -58.761996, -47.952372 ], [ -58.762212, -47.952187 ], [ -58.762422, -47.951996 ], [ -58.762638, -47.951811 ], [ -58.762854, -47.951621 ], [ -58.76307, -47.951436 ], [ -58.763286, -47.95125 ], [ -58.763503, -47.95106 ], [ -58.763712, -47.950875 ], [ -58.763928, -47.950689 ], [ -58.764145, -47.950499 ], [ -58.764361, -47.950314 ], [ -58.764577, -47.950128 ], [ -58.764786, -47.949938 ], [ -58.765002, -47.949753 ], [ -58.765219, -47.949563 ], [ -58.765435, -47.949377 ], [ -58.765651, -47.949192 ], [ -58.765861, -47.949002 ], [ -58.766077, -47.948816 ], [ -58.766293, -47.948631 ], [ -58.766509, -47.948441 ], [ -58.766725, -47.948256 ], [ -58.766941, -47.94807 ], [ -58.767151, -47.94788 ], [ -58.767367, -47.947695 ], [ -58.767583, -47.947505 ], [ -58.767799, -47.947319 ], [ -58.768015, -47.947134 ], [ -58.768225, -47.946944 ], [ -58.768441, -47.946758 ], [ -58.768657, -47.946573 ], [ -58.768873, -47.946383 ], [ -58.769089, -47.946197 ], [ -58.769299, -47.946012 ], [ -58.769515, -47.945822 ], [ -58.769731, -47.945636 ], [ -58.769998, -47.945399 ], [ -58.770208, -47.945209 ], [ -58.770418, -47.945018 ], [ -58.770627, -47.944833 ], [ -58.770843, -47.944643 ], [ -58.771053, -47.944452 ], [ -58.771263, -47.944262 ], [ -58.771472, -47.944072 ], [ -58.771682, -47.943886 ], [ -58.771891, -47.943696 ], [ -58.772108, -47.943506 ], [ -58.772317, -47.943316 ], [ -58.772527, -47.943126 ], [ -58.772737, -47.94294 ], [ -58.772946, -47.94275 ], [ -58.773163, -47.94256 ], [ -58.773372, -47.94237 ], [ -58.773582, -47.942184 ], [ -58.773791, -47.941994 ], [ -58.774001, -47.941804 ], [ -58.774217, -47.941614 ], [ -58.774427, -47.941424 ], [ -58.774636, -47.941238 ], [ -58.774846, -47.941048 ], [ -58.775055, -47.940858 ], [ -58.775272, -47.940668 ], [ -58.775481, -47.940478 ], [ -58.775691, -47.940292 ], [ -58.7759, -47.940102 ], [ -58.77611, -47.939911 ], [ -58.77632, -47.939721 ], [ -58.776536, -47.939536 ], [ -58.776745, -47.939346 ], [ -58.776955, -47.939155 ], [ -58.777165, -47.938965 ], [ -58.777374, -47.938775 ], [ -58.77759, -47.93859 ], [ -58.7778, -47.938399 ], [ -58.778009, -47.938209 ], [ -58.778219, -47.938019 ], [ -58.778429, -47.937829 ], [ -58.778645, -47.937643 ], [ -58.778854, -47.937453 ], [ -58.779064, -47.937263 ], [ -58.779274, -47.937073 ], [ -58.779483, -47.936887 ], [ -58.779699, -47.936697 ], [ -58.779909, -47.936507 ], [ -58.780118, -47.936317 ], [ -58.780328, -47.936126 ], [ -58.780537, -47.935941 ], [ -58.780747, -47.935751 ], [ -58.780963, -47.935561 ], [ -58.781173, -47.93537 ], [ -58.781382, -47.93518 ], [ -58.781592, -47.934994 ], [ -58.781801, -47.934804 ], [ -58.782018, -47.934614 ], [ -58.782227, -47.934424 ], [ -58.782436, -47.934238 ], [ -58.782646, -47.934048 ], [ -58.782856, -47.933858 ], [ -58.783072, -47.933668 ], [ -58.783282, -47.933478 ], [ -58.783491, -47.933292 ], [ -58.7837, -47.933102 ], [ -58.78391, -47.932912 ], [ -58.784126, -47.932722 ], [ -58.784336, -47.932531 ], [ -58.784545, -47.932346 ], [ -58.784755, -47.932156 ], [ -58.784964, -47.931965 ], [ -58.785174, -47.931775 ], [ -58.78539, -47.93159 ], [ -58.785599, -47.931399 ], [ -58.785809, -47.931209 ], [ -58.786018, -47.931019 ], [ -58.786228, -47.930829 ], [ -58.786444, -47.930643 ], [ -58.786653, -47.930453 ], [ -58.786863, -47.930263 ], [ -58.787073, -47.930073 ], [ -58.787282, -47.929882 ], [ -58.787498, -47.929697 ], [ -58.787708, -47.929507 ], [ -58.787917, -47.929317 ], [ -58.788127, -47.929126 ], [ -58.788336, -47.928941 ], [ -58.788552, -47.928751 ], [ -58.788762, -47.92856 ], [ -58.788971, -47.92837 ], [ -58.789181, -47.92818 ], [ -58.78939, -47.927994 ], [ -58.7896, -47.927804 ], [ -58.789816, -47.927614 ], [ -58.790025, -47.927424 ], [ -58.790235, -47.927234 ], [ -58.790444, -47.927048 ], [ -58.790654, -47.926858 ], [ -58.79087, -47.926668 ], [ -58.791079, -47.926477 ], [ -58.791289, -47.926292 ], [ -58.791498, -47.926101 ], [ -58.791708, -47.925911 ], [ -58.791924, -47.925721 ], [ -58.792133, -47.925531 ], [ -58.792343, -47.925345 ], [ -58.792552, -47.925155 ], [ -58.792762, -47.924965 ], [ -58.792978, -47.924775 ], [ -58.793187, -47.924585 ], [ -58.793397, -47.924399 ], [ -58.793606, -47.924209 ], [ -58.793816, -47.924018 ], [ -58.794025, -47.923828 ], [ -58.794241, -47.923643 ], [ -58.79445, -47.923453 ], [ -58.79466, -47.923262 ], [ -58.794869, -47.923072 ], [ -58.795079, -47.922882 ], [ -58.795295, -47.922696 ], [ -58.795504, -47.922506 ], [ -58.795714, -47.922316 ], [ -58.795923, -47.922126 ], [ -58.796133, -47.921935 ], [ -58.796349, -47.92175 ], [ -58.796558, -47.92156 ], [ -58.796768, -47.921369 ], [ -58.796977, -47.921179 ], [ -58.797186, -47.920993 ], [ -58.797403, -47.920803 ], [ -58.797612, -47.920613 ], [ -58.797822, -47.920423 ], [ -58.798031, -47.920233 ], [ -58.79824, -47.920047 ], [ -58.79845, -47.919857 ], [ -58.798666, -47.919667 ], [ -58.798875, -47.919476 ], [ -58.799085, -47.919286 ], [ -58.799294, -47.919101 ], [ -58.799503, -47.91891 ], [ -58.799719, -47.91872 ], [ -58.799929, -47.91853 ], [ -58.800138, -47.918344 ], [ -58.800348, -47.918154 ], [ -58.800557, -47.917964 ], [ -58.800773, -47.917774 ], [ -58.800983, -47.917584 ], [ -58.801192, -47.917398 ], [ -58.801401, -47.917208 ], [ -58.801611, -47.917017 ], [ -58.80182, -47.916827 ], [ -58.802036, -47.916642 ], [ -58.802245, -47.916451 ], [ -58.802455, -47.916261 ], [ -58.802664, -47.916071 ], [ -58.802874, -47.915881 ], [ -58.803089, -47.915695 ], [ -58.803299, -47.915505 ], [ -58.803508, -47.915315 ], [ -58.803718, -47.915124 ], [ -58.803927, -47.914934 ], [ -58.804143, -47.914749 ], [ -58.804352, -47.914558 ], [ -58.804562, -47.914368 ], [ -58.804771, -47.914178 ], [ -58.80498, -47.913992 ], [ -58.805197, -47.913802 ], [ -58.805406, -47.913612 ], [ -58.805615, -47.913422 ], [ -58.805825, -47.913231 ], [ -58.806034, -47.913046 ], [ -58.806243, -47.912855 ], [ -58.806459, -47.912665 ], [ -58.806669, -47.912475 ], [ -58.806878, -47.912285 ], [ -58.807087, -47.912099 ], [ -58.807297, -47.911909 ], [ -58.807513, -47.911719 ], [ -58.807722, -47.911528 ], [ -58.807931, -47.911343 ], [ -58.808141, -47.911152 ], [ -58.80835, -47.910962 ], [ -58.808566, -47.910772 ], [ -58.808776, -47.910582 ], [ -58.808985, -47.910396 ], [ -58.809194, -47.910206 ], [ -58.809404, -47.910016 ], [ -58.80962, -47.909826 ], [ -58.809829, -47.909635 ], [ -58.810038, -47.90945 ], [ -58.810247, -47.909259 ], [ -58.810457, -47.909069 ], [ -58.810666, -47.908879 ], [ -58.810882, -47.908693 ], [ -58.811091, -47.908503 ], [ -58.811301, -47.908313 ], [ -58.81151, -47.908122 ], [ -58.81172, -47.907932 ], [ -58.811935, -47.907747 ], [ -58.812145, -47.907556 ], [ -58.812354, -47.907366 ], [ -58.812563, -47.907176 ], [ -58.812773, -47.906986 ], [ -58.812989, -47.9068 ], [ -58.813198, -47.90661 ], [ -58.813407, -47.906419 ], [ -58.813617, -47.906229 ], [ -58.813826, -47.906043 ], [ -58.814042, -47.905853 ], [ -58.814251, -47.905663 ], [ -58.81446, -47.905473 ], [ -58.81467, -47.905283 ], [ -58.814879, -47.905097 ], [ -58.815088, -47.904907 ], [ -58.815304, -47.904716 ], [ -58.815514, -47.904526 ], [ -58.815723, -47.904336 ], [ -58.815932, -47.90415 ], [ -58.816141, -47.90396 ], [ -58.816357, -47.90377 ], [ -58.816567, -47.90358 ], [ -58.816776, -47.903394 ], [ -58.816985, -47.903204 ], [ -58.817194, -47.903013 ], [ -58.81741, -47.902823 ], [ -58.81762, -47.902633 ], [ -58.817829, -47.902447 ], [ -58.818038, -47.902257 ], [ -58.818247, -47.902067 ], [ -58.818463, -47.901877 ], [ -58.818673, -47.901686 ], [ -58.818882, -47.9015 ], [ -58.819091, -47.90131 ], [ -58.8193, -47.90112 ], [ -58.81951, -47.90093 ], [ -58.819725, -47.900744 ], [ -58.819935, -47.900554 ], [ -58.820144, -47.900364 ], [ -58.820353, -47.900173 ], [ -58.820563, -47.899983 ], [ -58.820778, -47.899797 ], [ -58.820988, -47.899607 ], [ -58.821197, -47.899417 ], [ -58.821406, -47.899227 ], [ -58.821616, -47.899036 ], [ -58.821831, -47.898851 ], [ -58.82204, -47.89866 ], [ -58.82225, -47.89847 ], [ -58.822459, -47.89828 ], [ -58.822668, -47.898094 ], [ -58.822884, -47.897904 ], [ -58.823093, -47.897714 ], [ -58.823303, -47.897523 ], [ -58.823512, -47.897333 ], [ -58.823721, -47.897147 ], [ -58.82393, -47.896957 ], [ -58.824146, -47.896767 ], [ -58.824355, -47.896577 ], [ -58.824565, -47.896386 ], [ -58.824774, -47.896201 ], [ -58.824983, -47.89601 ], [ -58.825199, -47.89582 ], [ -58.825408, -47.89563 ], [ -58.825617, -47.895444 ], [ -58.825826, -47.895254 ], [ -58.826036, -47.895064 ], [ -58.826252, -47.894873 ], [ -58.826461, -47.894683 ], [ -58.82667, -47.894497 ], [ -58.826879, -47.894307 ], [ -58.827088, -47.894117 ], [ -58.827304, -47.893927 ], [ -58.827514, -47.893736 ], [ -58.827722, -47.893551 ], [ -58.827932, -47.89336 ], [ -58.828141, -47.89317 ], [ -58.82835, -47.89298 ], [ -58.828566, -47.892794 ], [ -58.828775, -47.892604 ], [ -58.828984, -47.892414 ], [ -58.829194, -47.892223 ], [ -58.829403, -47.892033 ], [ -58.829619, -47.891847 ], [ -58.829828, -47.891657 ], [ -58.830037, -47.891467 ], [ -58.830246, -47.891276 ], [ -58.830456, -47.891086 ], [ -58.830671, -47.890901 ], [ -58.83088, -47.89071 ], [ -58.83109, -47.89052 ], [ -58.831299, -47.89033 ], [ -58.831508, -47.890144 ], [ -58.831724, -47.889954 ], [ -58.831933, -47.889764 ], [ -58.832142, -47.889573 ], [ -58.832351, -47.889383 ], [ -58.833167, -47.885063 ], [ -58.831416, -47.835025 ], [ -58.839669, -47.775312 ], [ -58.85678, -47.71397 ], [ -58.885384, -47.682885 ], [ -58.929331, -47.628093 ], [ -58.950192, -47.563642 ], [ -58.979744, -47.524375 ], [ -59.010339, -47.476951 ], [ -59.0321, -47.404325 ], [ -59.066859, -47.324274 ], [ -59.06492, -47.285132 ], [ -59.068723, -47.256154 ], [ -59.071302, -47.237292 ], [ -59.072838, -47.200468 ], [ -59.073756, -47.155774 ], [ -59.075537, -47.10442 ], [ -59.066632, -47.034517 ], [ -59.058026, -46.962396 ], [ -59.036048, -46.892806 ], [ -59.017518, -46.834619 ], [ -58.988732, -46.767967 ], [ -58.966735, -46.687174 ], [ -58.949651, -46.631301 ], [ -58.928075, -46.585215 ], [ -58.907691, -46.530842 ], [ -58.890066, -46.495723 ], [ -58.88259, -46.436828 ], [ -58.879276, -46.410648 ], [ -58.884151, -46.363372 ], [ -58.89546, -46.31819 ], [ -58.928339, -46.266355 ], [ -58.945469, -46.230693 ], [ -58.981378, -46.19012 ], [ -59.014658, -46.148514 ], [ -59.040821, -46.095476 ], [ -59.083576, -46.048595 ], [ -59.151959, -45.990486 ], [ -59.216441, -45.948959 ], [ -59.276426, -45.914682 ], [ -59.372285, -45.871315 ], [ -59.450668, -45.832886 ], [ -59.507375, -45.804895 ], [ -59.593391, -45.766601 ], [ -59.661974, -45.734239 ], [ -59.766259, -45.692632 ], [ -59.80943, -45.667813 ], [ -59.912187, -45.626025 ], [ -59.974919, -45.598885 ], [ -60.019473, -45.569362 ], [ -60.083444, -45.541264 ], [ -60.143441, -45.513026 ], [ -60.186861, -45.476894 ], [ -60.204924, -45.453139 ], [ -60.212577, -45.429126 ], [ -60.22712, -45.396895 ], [ -60.235162, -45.364513 ], [ -60.238577, -45.319908 ], [ -60.232522, -45.283446 ], [ -60.218979, -45.241213 ], [ -60.205494, -45.198048 ], [ -60.188147, -45.154791 ], [ -60.158862, -45.118672 ], [ -60.096879, -45.064949 ], [ -60.027097, -45.014715 ], [ -59.955101, -44.984863 ], [ -59.868085, -44.948035 ], [ -59.800953, -44.926601 ], [ -59.735209, -44.904236 ], [ -59.646653, -44.876503 ], [ -59.571467, -44.841666 ], [ -59.50891, -44.790421 ], [ -59.513205, -44.717025 ], [ -59.584222, -44.664274 ], [ -59.655015, -44.613338 ], [ -59.722618, -44.571557 ], [ -59.780259, -44.522949 ], [ -59.793087, -44.449767 ], [ -59.809312, -44.384134 ], [ -59.777909, -44.302265 ], [ -59.750481, -44.24284 ], [ -59.71004, -44.166277 ], [ -59.665595, -44.095176 ], [ -59.643973, -44.025666 ], [ -59.656611, -43.979492 ], [ -59.70626, -43.951152 ], [ -59.723863, -43.947389 ], [ -59.70383, -43.709058 ], [ -59.617387, -43.698173 ], [ -59.513303, -43.687617 ], [ -59.42506, -43.643026 ], [ -59.371319, -43.592017 ], [ -59.324352, -43.512349 ], [ -59.32112, -43.416388 ], [ -59.313149, -43.315626 ], [ -59.282697, -43.19274 ], [ -59.223587, -43.070777 ], [ -59.115827, -43.016045 ], [ -58.987334, -42.957709 ], [ -58.921446, -42.916331 ], [ -58.858851, -42.824796 ], [ -58.854376, -42.801405 ], [ -58.810684, -42.771908 ], [ -58.780942, -42.757192 ], [ -58.747302, -42.74381 ], [ -58.701044, -42.734529 ], [ -58.667425, -42.72704 ], [ -58.624453, -42.710009 ], [ -58.563035, -42.678919 ], [ -58.467079, -42.631335 ], [ -58.371037, -42.574785 ], [ -58.216181, -42.4861 ], [ -58.162957, -42.38142 ], [ -58.064588, -42.257012 ], [ -58.017438, -42.127064 ], [ -57.985545, -42.047512 ], [ -57.986261, -41.917272 ], [ -57.850273, -41.827747 ], [ -57.70335, -41.612619 ], [ -57.666406, -41.601435 ], [ -57.616354, -41.602051 ], [ -57.535134, -41.666896 ], [ -57.489684, -41.681295 ], [ -57.416429, -41.651697 ], [ -57.362608, -41.544854 ], [ -57.337792, -41.462519 ], [ -57.281742, -41.383948 ], [ -57.187463, -41.312901 ], [ -57.157345, -41.233807 ], [ -57.157202, -41.165121 ], [ -57.150188, -41.10319 ], [ -57.108661, -41.072057 ], [ -57.021449, -41.067549 ], [ -56.960896, -41.045435 ], [ -56.929629, -40.977479 ], [ -56.875309, -40.889348 ], [ -56.845062, -40.811951 ], [ -56.790969, -40.723797 ], [ -56.661007, -40.650403 ], [ -56.514847, -40.490712 ], [ -56.485151, -40.413268 ], [ -56.414901, -40.371388 ], [ -56.311574, -40.28967 ], [ -56.215087, -40.141975 ], [ -56.135884, -40.070995 ], [ -56.07195, -39.972478 ], [ -56.015598, -39.921732 ], [ -55.974438, -39.843482 ], [ -55.968981, -39.776866 ], [ -55.965441, -39.69143 ], [ -55.939485, -39.585691 ], [ -55.885452, -39.516102 ], [ -55.810165, -39.416763 ], [ -55.765563, -39.376113 ], [ -55.7341, -39.326802 ], [ -55.718697, -39.240631 ], [ -55.676215, -39.181145 ], [ -55.627633, -39.064463 ], [ -55.493822, -38.838158 ], [ -55.425354, -38.761819 ], [ -55.385708, -38.717532 ], [ -55.273888, -38.634435 ], [ -55.222153, -38.555271 ], [ -55.159597, -38.465895 ], [ -55.142874, -38.39852 ], [ -55.117314, -38.302158 ], [ -55.080924, -38.195595 ], [ -55.042566, -38.107818 ], [ -55.040922, -38.01308 ], [ -55.025751, -37.822794 ], [ -54.993331, -37.754938 ], [ -54.907963, -37.718319 ], [ -54.79994, -37.698978 ], [ -54.736278, -37.682676 ], [ -54.701546, -37.629966 ], [ -54.719638, -37.574486 ], [ -54.720913, -37.553881 ], [ -54.699955, -37.528749 ], [ -54.67901, -37.503614 ], [ -54.711076, -37.482234 ], [ -54.746014, -37.443901 ], [ -54.760898, -37.416569 ], [ -54.704141, -37.393648 ], [ -54.642096, -37.382747 ], [ -54.597996, -37.3796 ], [ -54.555486, -37.345216 ], [ -54.524482, -37.305149 ], [ -54.482833, -37.254849 ], [ -54.389559, -37.156431 ], [ -54.289854, -37.109508 ] ] ] } },
{ "type": "Feature", "properties": { "cuenca": "AUSTRAL MARINA", "ubicacion": "ONSHORE&OFFSHORE", "tipo": "Productiva", "origen_geo": "productiva", "cuenca_norm": "AUSTRAL MARINA", "cuenca_join_key": "AUSTRAL" }, "geometry": { "type": "Polygon", "coordinates": [ [ [ -71.681398, -46.700179 ], [ -71.552172, -46.760036 ], [ -71.58923, -46.807607 ], [ -71.607418, -46.847416 ], [ -71.590304, -46.921375 ], [ -71.565813, -46.970559 ], [ -71.526677, -47.021012 ], [ -71.491953, -47.095529 ], [ -71.437722, -47.182067 ], [ -71.40102, -47.239776 ], [ -71.379623, -47.299935 ], [ -71.354178, -47.360437 ], [ -71.34496, -47.435541 ], [ -71.340377, -47.498965 ], [ -71.343057, -47.572117 ], [ -71.319918, -47.660628 ], [ -71.281341, -47.732553 ], [ -71.238602, -47.797283 ], [ -71.19892, -47.849513 ], [ -71.149885, -47.903438 ], [ -71.075224, -47.960376 ], [ -71.06287, -47.96798 ], [ -71.032564, -48.005257 ], [ -70.983917, -48.047771 ], [ -70.944305, -48.102707 ], [ -70.902526, -48.1766 ], [ -70.862608, -48.223059 ], [ -70.789221, -48.275918 ], [ -70.707726, -48.32277 ], [ -70.638585, -48.362021 ], [ -70.563475, -48.407326 ], [ -70.501346, -48.440301 ], [ -70.442288, -48.467365 ], [ -70.368045, -48.511526 ], [ -70.286563, -48.562736 ], [ -70.228645, -48.598052 ], [ -70.184856, -48.635122 ], [ -70.1178, -48.683257 ], [ -70.045555, -48.717633 ], [ -69.990661, -48.73098 ], [ -69.908162, -48.763181 ], [ -69.853158, -48.784924 ], [ -69.792549, -48.815486 ], [ -69.707518, -48.868367 ], [ -69.650255, -48.921162 ], [ -69.557896, -49.018565 ], [ -69.505775, -49.079373 ], [ -69.453471, -49.130778 ], [ -69.406865, -49.174258 ], [ -69.372134, -49.213178 ], [ -69.329742, -49.266673 ], [ -69.29024, -49.339681 ], [ -69.262218, -49.41474 ], [ -69.250478, -49.476531 ], [ -69.238755, -49.557111 ], [ -69.214112, -49.655399 ], [ -69.205751, -49.702882 ], [ -69.190387, -49.778984 ], [ -69.173111, -49.82421 ], [ -69.164575, -49.880144 ], [ -69.142298, -49.939773 ], [ -69.109094, -50.002887 ], [ -69.092384, -50.043371 ], [ -69.082883, -50.049586 ], [ -69.077033, -50.053407 ], [ -69.032625, -50.130646 ], [ -69.013096, -50.181613 ], [ -68.997346, -50.238909 ], [ -68.969167, -50.299781 ], [ -68.908212, -50.372962 ], [ -68.725939, -50.544371 ], [ -68.670934, -50.583271 ], [ -68.596035, -50.635475 ], [ -68.528169, -50.68724 ], [ -68.441593, -50.751258 ], [ -68.347696, -50.816552 ], [ -68.269937, -50.88463 ], [ -68.195628, -50.97966 ], [ -68.162286, -51.066816 ], [ -68.156456, -51.142158 ], [ -68.179675, -51.247837 ], [ -68.199079, -51.314323 ], [ -68.223811, -51.418975 ], [ -68.221644, -51.530701 ], [ -68.339996, -51.603322 ], [ -68.283967, -51.741729 ], [ -68.276073, -51.898793 ], [ -68.174684, -52.096848 ], [ -68.053261, -52.226509 ], [ -67.945423, -52.316594 ], [ -67.803897, -52.377676 ], [ -67.743322, -52.466836 ], [ -67.728041, -52.486671 ], [ -67.64475, -52.535904 ], [ -67.619268, -52.586254 ], [ -67.589215, -52.645492 ], [ -67.525461, -52.665939 ], [ -67.448096, -52.764958 ], [ -67.27064, -52.776797 ], [ -67.181186, -52.760701 ], [ -67.108008, -52.73921 ], [ -67.056829, -52.755326 ], [ -66.804235, -53.424587 ], [ -66.621653, -53.884568 ], [ -66.519274, -54.190463 ], [ -66.512414, -54.310595 ], [ -66.496381, -54.341626 ], [ -66.733566, -54.367592 ], [ -66.837639, -54.370087 ], [ -67.015494, -54.371362 ], [ -67.305873, -54.390961 ], [ -67.574655, -54.399623 ], [ -67.788775, -54.410288 ], [ -67.9353, -54.403456 ], [ -68.121883, -54.40032 ], [ -68.318461, -54.390648 ], [ -68.442434, -54.382154 ], [ -68.537047, -54.356804 ], [ -68.611455, -54.347308 ], [ -68.61011, -53.999846 ], [ -68.610511, -52.659408 ], [ -68.431623, -52.395157 ], [ -68.431623, -52.395157 ], [ -68.428129, -52.390304 ], [ -68.426824, -52.389396 ], [ -68.423589, -52.386447 ], [ -68.423818, -52.38475 ], [ -68.420093, -52.332441 ], [ -68.51696, -52.328198 ], [ -68.576289, -52.324676 ], [ -68.5889, -52.305861 ], [ -68.712853, -52.28682 ], [ -68.837889, -52.277552 ], [ -68.899887, -52.248231 ], [ -68.98862, -52.205443 ], [ -69.002643, -52.200575 ], [ -69.021641, -52.1956 ], [ -69.024327, -52.194894 ], [ -69.031056, -52.193132 ], [ -69.033742, -52.192426 ], [ -69.055593, -52.186688 ], [ -69.058287, -52.185979 ], [ -69.064337, -52.184201 ], [ -69.067694, -52.183503 ], [ -69.074416, -52.18174 ], [ -69.080695, -52.180084 ], [ -69.098945, -52.175285 ], [ -69.101631, -52.174579 ], [ -69.108353, -52.172809 ], [ -69.111038, -52.172103 ], [ -69.117752, -52.170333 ], [ -69.120446, -52.169628 ], [ -69.142274, -52.163874 ], [ -69.14496, -52.163165 ], [ -69.151674, -52.161391 ], [ -69.15436, -52.160681 ], [ -69.161074, -52.158911 ], [ -69.163759, -52.158202 ], [ -69.183848, -52.152895 ], [ -69.188403, -52.152159 ], [ -69.195705, -52.152174 ], [ -69.198627, -52.152181 ], [ -69.205936, -52.152197 ], [ -69.208866, -52.1522 ], [ -69.23261, -52.15225 ], [ -69.235532, -52.152253 ], [ -69.242834, -52.152265 ], [ -69.245756, -52.152272 ], [ -69.253065, -52.152284 ], [ -69.255987, -52.152288 ], [ -69.279724, -52.152325 ], [ -69.282646, -52.152329 ], [ -69.289955, -52.152341 ], [ -69.29287, -52.152348 ], [ -69.300179, -52.152356 ], [ -69.303101, -52.152356 ], [ -69.324182, -52.152382 ], [ -69.329767, -52.15239 ], [ -69.337069, -52.152393 ], [ -69.339991, -52.152401 ], [ -69.347293, -52.152405 ], [ -69.350215, -52.152405 ], [ -69.373959, -52.152424 ], [ -69.376888, -52.152427 ], [ -69.384198, -52.152431 ], [ -69.38712, -52.152431 ], [ -69.394422, -52.152439 ], [ -69.397344, -52.152439 ], [ -69.421087, -52.152446 ], [ -69.42401, -52.15245 ], [ -69.431311, -52.15245 ], [ -69.434234, -52.152446 ], [ -69.441543, -52.152446 ], [ -69.444465, -52.15245 ], [ -69.468209, -52.152449 ], [ -69.471131, -52.152449 ], [ -69.478433, -52.152449 ], [ -69.481355, -52.152445 ], [ -69.488649, -52.152411 ], [ -69.491281, -52.151629 ], [ -69.512667, -52.145284 ], [ -69.515292, -52.144506 ], [ -69.521876, -52.142553 ], [ -69.524508, -52.141775 ], [ -69.531085, -52.139821 ], [ -69.533717, -52.139039 ], [ -69.548511, -52.134648 ], [ -69.551365, -52.133801 ], [ -69.555096, -52.132695 ], [ -69.557728, -52.131917 ], [ -69.564305, -52.12996 ], [ -69.566937, -52.129181 ], [ -69.573506, -52.127224 ], [ -69.576138, -52.126442 ], [ -69.597501, -52.120087 ], [ -69.600126, -52.119304 ], [ -69.606695, -52.117347 ], [ -69.609327, -52.116565 ], [ -69.615897, -52.114608 ], [ -69.618529, -52.113826 ], [ -69.639877, -52.107463 ], [ -69.642501, -52.106681 ], [ -69.64907, -52.10472 ], [ -69.651695, -52.103938 ], [ -69.658264, -52.101977 ], [ -69.660889, -52.101195 ], [ -69.682229, -52.094824 ], [ -69.684854, -52.094042 ], [ -69.691423, -52.092077 ], [ -69.694047, -52.091295 ], [ -69.700609, -52.089334 ], [ -69.703233, -52.088548 ], [ -69.724558, -52.08217 ], [ -69.72716, -52.081334 ], [ -69.733714, -52.079373 ], [ -69.736369, -52.078637 ], [ -69.742923, -52.076672 ], [ -69.745548, -52.075886 ], [ -69.753528, -52.073498 ], [ -69.757549, -52.072293 ], [ -69.766873, -52.069504 ], [ -69.76949, -52.068714 ], [ -69.776051, -52.066753 ], [ -69.778676, -52.065963 ], [ -69.78523, -52.063999 ], [ -69.787854, -52.063209 ], [ -69.809156, -52.056819 ], [ -69.811773, -52.056033 ], [ -69.818327, -52.054065 ], [ -69.820952, -52.053279 ], [ -69.827506, -52.051306 ], [ -69.830123, -52.05052 ], [ -69.851409, -52.044119 ], [ -69.854034, -52.043333 ], [ -69.86058, -52.041357 ], [ -69.863197, -52.040571 ], [ -69.869743, -52.038599 ], [ -69.872368, -52.037809 ], [ -69.89364, -52.031404 ], [ -69.896257, -52.030618 ], [ -69.902803, -52.028642 ], [ -69.905427, -52.027856 ], [ -69.911966, -52.02588 ], [ -69.914591, -52.025094 ], [ -69.925539, -52.021786 ], [ -69.928812, -52.020802 ], [ -69.935854, -52.018673 ], [ -69.938471, -52.017883 ], [ -69.94501, -52.015911 ], [ -69.947627, -52.015121 ], [ -69.954166, -52.013145 ], [ -69.956783, -52.012355 ], [ -69.978047, -52.005931 ], [ -69.980664, -52.005138 ], [ -69.987195, -52.003165 ], [ -69.989812, -52.002372 ], [ -69.994908, -52.000739 ], [ -70.23684, -52.000358 ], [ -70.421935, -52.00007 ], [ -70.445595, -52.000024 ], [ -70.448502, -52.00002 ], [ -70.455781, -52.000005 ], [ -70.458695, -52.000001 ], [ -70.465974, -51.99999 ], [ -70.468888, -51.999986 ], [ -70.502688, -51.999924 ], [ -70.536587, -51.999951 ], [ -70.549695, -51.999958 ], [ -70.556974, -51.999962 ], [ -70.559888, -51.999962 ], [ -70.583541, -51.999969 ], [ -70.596648, -51.999969 ], [ -70.603927, -51.999969 ], [ -70.606842, -51.999969 ], [ -70.630494, -51.999965 ], [ -70.633408, -51.999961 ], [ -70.640687, -51.999961 ], [ -70.643602, -51.999957 ], [ -70.650881, -51.999964 ], [ -70.653803, -51.999968 ], [ -70.677455, -51.999979 ], [ -70.690563, -51.999983 ], [ -70.697842, -51.999987 ], [ -70.700749, -51.999987 ], [ -70.724408, -51.999987 ], [ -70.737516, -51.999986 ], [ -70.744795, -51.999986 ], [ -70.74771, -51.999986 ], [ -70.771362, -51.999978 ], [ -70.774276, -51.999978 ], [ -70.781555, -51.999974 ], [ -70.78447, -51.999974 ], [ -70.791748, -51.99997 ], [ -70.794663, -51.999967 ], [ -70.818315, -51.999955 ], [ -70.82123, -51.999955 ], [ -70.828516, -51.999943 ], [ -70.831431, -51.999943 ], [ -70.838709, -51.999939 ], [ -70.841624, -51.999936 ], [ -70.858295, -51.99992 ], [ -70.865284, -51.999924 ], [ -70.868191, -51.999924 ], [ -70.875469, -51.999928 ], [ -70.878384, -51.999927 ], [ -70.885663, -51.999931 ], [ -70.888577, -51.999931 ], [ -70.912237, -51.999935 ], [ -70.915144, -51.999935 ], [ -70.92243, -51.999938 ], [ -70.935531, -51.999938 ], [ -70.959191, -51.999934 ], [ -70.972298, -51.999926 ], [ -70.979577, -51.999926 ], [ -70.982484, -51.99993 ], [ -71.001169, -51.99993 ], [ -71.006152, -51.99993 ], [ -71.009066, -51.99993 ], [ -71.012706, -51.999934 ], [ -71.016345, -51.999941 ], [ -71.019259, -51.999945 ], [ -71.026538, -51.999956 ], [ -71.029445, -51.999964 ], [ -71.053105, -51.999994 ], [ -71.05602, -51.999998 ], [ -71.063298, -52.000009 ], [ -71.066213, -52.000009 ], [ -71.073492, -52.000017 ], [ -71.076406, -52.000024 ], [ -71.100066, -52.000051 ], [ -71.102981, -52.000055 ], [ -71.110259, -52.000058 ], [ -71.113166, -52.000058 ], [ -71.120445, -52.00007 ], [ -71.12336, -52.00007 ], [ -71.147019, -52.000085 ], [ -71.149934, -52.000088 ], [ -71.157213, -52.000092 ], [ -71.160127, -52.000092 ], [ -71.167414, -52.000096 ], [ -71.170321, -52.0001 ], [ -71.193988, -52.000103 ], [ -71.196895, -52.000103 ], [ -71.204174, -52.000103 ], [ -71.207088, -52.000107 ], [ -71.214367, -52.000103 ], [ -71.217282, -52.000107 ], [ -71.240941, -52.000102 ], [ -71.243856, -52.000099 ], [ -71.251135, -52.000099 ], [ -71.254049, -52.000099 ], [ -71.261328, -52.000095 ], [ -71.264235, -52.000095 ], [ -71.287895, -52.000083 ], [ -71.290809, -52.000083 ], [ -71.298088, -52.000075 ], [ -71.301003, -52.000071 ], [ -71.308281, -52.000071 ], [ -71.311196, -52.000064 ], [ -71.334863, -52.000044 ], [ -71.337776, -52.00004 ], [ -71.345055, -52.000033 ], [ -71.347962, -52.000033 ], [ -71.35524, -52.000021 ], [ -71.358155, -52.000021 ], [ -71.381815, -51.999983 ], [ -71.384729, -51.999979 ], [ -71.392008, -51.999967 ], [ -71.394923, -51.999963 ], [ -71.402201, -51.999952 ], [ -71.405116, -51.999948 ], [ -71.428776, -51.99991 ], [ -71.431683, -51.999909 ], [ -71.438969, -51.999921 ], [ -71.441876, -51.999928 ], [ -71.449162, -51.999944 ], [ -71.452069, -51.999947 ], [ -71.475729, -51.999993 ], [ -71.478644, -51.999997 ], [ -71.485923, -52.000008 ], [ -71.488837, -52.000016 ], [ -71.496116, -52.000023 ], [ -71.49903, -52.000027 ], [ -71.522698, -52.000065 ], [ -71.525612, -52.000065 ], [ -71.532891, -52.000076 ], [ -71.535798, -52.00008 ], [ -71.543077, -52.000087 ], [ -71.545991, -52.000091 ], [ -71.569651, -52.000114 ], [ -71.572566, -52.000118 ], [ -71.579845, -52.000125 ], [ -71.582759, -52.000125 ], [ -71.590038, -52.000133 ], [ -71.592952, -52.000133 ], [ -71.616612, -52.000148 ], [ -71.619527, -52.000151 ], [ -71.626805, -52.000151 ], [ -71.62972, -52.000151 ], [ -71.636999, -52.000159 ], [ -71.639906, -52.000159 ], [ -71.663573, -52.000166 ], [ -71.676681, -52.000162 ], [ -71.68396, -52.000158 ], [ -71.686874, -52.000158 ], [ -71.710534, -52.000158 ], [ -71.713449, -52.000154 ], [ -71.720727, -52.000154 ], [ -71.723642, -52.00015 ], [ -71.730921, -52.000146 ], [ -71.733835, -52.00015 ], [ -71.757495, -52.000131 ], [ -71.760402, -52.000131 ], [ -71.767688, -52.000127 ], [ -71.770595, -52.000123 ], [ -71.777882, -52.000119 ], [ -71.780789, -52.000115 ], [ -71.804448, -52.000088 ], [ -71.807363, -52.000092 ], [ -71.814642, -52.00008 ], [ -71.817556, -52.000076 ], [ -71.824835, -52.000069 ], [ -71.82775, -52.000065 ], [ -71.851415, -51.999908 ], [ -71.864523, -51.999916 ], [ -71.871802, -51.999919 ], [ -71.874716, -51.999916 ], [ -71.898376, -51.999923 ], [ -71.901283, -51.999919 ], [ -71.908562, -51.999923 ], [ -71.911476, -51.999923 ], [ -71.918892, -51.999892 ], [ -71.926507, -51.998095 ], [ -71.932725, -51.995802 ], [ -71.934732, -51.994502 ], [ -71.951013, -51.9839 ], [ -71.953012, -51.982599 ], [ -71.954889, -51.981378 ], [ -71.957262, -51.978975 ], [ -71.959261, -51.976942 ], [ -71.962167, -51.973466 ], [ -71.963495, -51.971868 ], [ -71.974329, -51.958886 ], [ -71.975656, -51.957287 ], [ -71.97899, -51.953293 ], [ -71.980326, -51.951695 ], [ -71.983652, -51.947701 ], [ -71.984987, -51.946106 ], [ -71.991831, -51.937885 ], [ -71.984964, -51.934604 ], [ -71.98266, -51.93351 ], [ -71.976914, -51.930759 ], [ -71.97461, -51.92966 ], [ -71.968865, -51.92691 ], [ -71.966561, -51.925811 ], [ -71.953567, -51.919593 ], [ -71.949226, -51.916049 ], [ -71.947471, -51.914619 ], [ -71.945426, -51.912948 ], [ -71.945945, -51.908763 ], [ -71.946723, -51.902492 ], [ -71.948752, -51.886134 ], [ -71.94953, -51.879862 ], [ -71.949781, -51.877791 ], [ -71.952154, -51.875868 ], [ -71.953917, -51.874441 ], [ -71.96826, -51.862844 ], [ -71.970023, -51.861417 ], [ -71.974432, -51.857846 ], [ -71.976195, -51.85642 ], [ -71.978056, -51.852422 ], [ -71.980093, -51.85022 ], [ -71.99227, -51.83765 ], [ -71.994803, -51.834663 ], [ -72.00286, -51.825527 ], [ -72.015418, -51.814711 ], [ -72.016692, -51.811835 ], [ -72.019362, -51.807761 ], [ -72.021331, -51.806422 ], [ -72.022872, -51.804186 ], [ -72.025161, -51.80247 ], [ -72.036651, -51.800718 ], [ -72.039245, -51.798681 ], [ -72.041046, -51.797266 ], [ -72.045539, -51.793741 ], [ -72.047615, -51.792112 ], [ -72.053329, -51.789831 ], [ -72.055664, -51.786943 ], [ -72.058693, -51.78568 ], [ -72.066132, -51.784284 ], [ -72.070908, -51.783177 ], [ -72.073731, -51.780881 ], [ -72.0737, -51.777684 ], [ -72.072945, -51.774689 ], [ -72.072998, -51.772095 ], [ -72.078903, -51.772351 ], [ -72.082116, -51.772976 ], [ -72.086342, -51.772217 ], [ -72.08928, -51.771576 ], [ -72.093766, -51.769448 ], [ -72.101663, -51.765736 ], [ -72.104326, -51.765026 ], [ -72.110185, -51.762649 ], [ -72.111879, -51.761184 ], [ -72.115495, -51.756328 ], [ -72.115045, -51.752506 ], [ -72.12317, -51.749858 ], [ -72.123971, -51.747516 ], [ -72.123475, -51.743545 ], [ -72.121865, -51.740271 ], [ -72.121194, -51.73799 ], [ -72.12153, -51.735705 ], [ -72.128763, -51.735705 ], [ -72.131662, -51.735705 ], [ -72.135416, -51.735705 ], [ -72.152979, -51.735976 ], [ -72.154955, -51.735384 ], [ -72.157565, -51.734602 ], [ -72.159754, -51.733946 ], [ -72.162745, -51.731714 ], [ -72.15761, -51.723726 ], [ -72.154619, -51.719347 ], [ -72.164194, -51.713422 ], [ -72.163492, -51.711381 ], [ -72.161989, -51.706983 ], [ -72.16205, -51.703725 ], [ -72.166536, -51.704026 ], [ -72.169054, -51.704919 ], [ -72.171541, -51.705796 ], [ -72.186298, -51.710122 ], [ -72.190036, -51.71148 ], [ -72.192646, -51.712216 ], [ -72.199724, -51.713128 ], [ -72.203424, -51.713075 ], [ -72.208017, -51.711064 ], [ -72.209437, -51.709107 ], [ -72.212549, -51.708405 ], [ -72.216586, -51.707699 ], [ -72.222071, -51.705788 ], [ -72.226473, -51.701031 ], [ -72.227992, -51.699505 ], [ -72.22996, -51.697926 ], [ -72.233409, -51.69664 ], [ -72.237094, -51.695266 ], [ -72.242671, -51.696315 ], [ -72.245441, -51.696834 ], [ -72.256618, -51.698936 ], [ -72.268368, -51.699783 ], [ -72.272893, -51.700103 ], [ -72.27786, -51.701675 ], [ -72.280439, -51.702487 ], [ -72.286435, -51.703079 ], [ -72.288404, -51.701766 ], [ -72.295927, -51.698157 ], [ -72.298772, -51.692088 ], [ -72.300016, -51.689849 ], [ -72.299894, -51.687796 ], [ -72.298673, -51.685805 ], [ -72.296888, -51.684016 ], [ -72.294477, -51.681601 ], [ -72.29205, -51.678496 ], [ -72.290768, -51.676886 ], [ -72.289334, -51.675291 ], [ -72.288639, -51.672037 ], [ -72.288143, -51.669645 ], [ -72.29292, -51.663847 ], [ -72.293156, -51.661485 ], [ -72.291592, -51.655271 ], [ -72.290531, -51.650827 ], [ -72.290584, -51.648607 ], [ -72.295643, -51.643499 ], [ -72.296978, -51.640809 ], [ -72.29916, -51.639253 ], [ -72.302341, -51.636613 ], [ -72.304073, -51.635174 ], [ -72.308613, -51.631699 ], [ -72.310696, -51.630482 ], [ -72.313854, -51.626442 ], [ -72.315975, -51.623741 ], [ -72.31673, -51.612999 ], [ -72.316692, -51.610943 ], [ -72.316829, -51.608585 ], [ -72.31892, -51.604282 ], [ -72.32011, -51.600932 ], [ -72.32127, -51.598865 ], [ -72.320087, -51.596515 ], [ -72.318713, -51.593799 ], [ -72.319141, -51.591456 ], [ -72.326221, -51.587073 ], [ -72.329051, -51.584422 ], [ -72.331005, -51.582594 ], [ -72.334278, -51.581087 ], [ -72.336689, -51.580672 ], [ -72.339328, -51.580763 ], [ -72.345371, -51.583216 ], [ -72.347744, -51.584238 ], [ -72.351956, -51.586123 ], [ -72.359746, -51.586416 ], [ -72.366422, -51.585749 ], [ -72.370107, -51.58589 ], [ -72.374128, -51.586046 ], [ -72.377889, -51.589018 ], [ -72.380049, -51.590197 ], [ -72.385733, -51.592959 ], [ -72.388464, -51.594011 ], [ -72.392279, -51.591871 ], [ -72.395339, -51.588652 ], [ -72.398619, -51.587602 ], [ -72.402373, -51.587293 ], [ -72.406875, -51.587087 ], [ -72.409759, -51.587019 ], [ -72.416969, -51.586854 ], [ -72.419853, -51.586786 ], [ -72.423713, -51.586702 ], [ -72.426071, -51.585218 ], [ -72.4281, -51.58394 ], [ -72.431595, -51.581739 ], [ -72.43219, -51.57916 ], [ -72.429618, -51.568581 ], [ -72.427375, -51.562474 ], [ -72.427085, -51.560231 ], [ -72.427459, -51.556278 ], [ -72.42523, -51.54871 ], [ -72.417814, -51.543579 ], [ -72.415884, -51.54224 ], [ -72.413458, -51.540562 ], [ -72.411298, -51.53878 ], [ -72.409566, -51.537346 ], [ -72.405217, -51.53376 ], [ -72.402959, -51.531891 ], [ -72.398434, -51.52935 ], [ -72.392697, -51.52613 ], [ -72.399456, -51.522674 ], [ -72.401684, -51.521533 ], [ -72.404675, -51.52 ], [ -72.405232, -51.516837 ], [ -72.399304, -51.514491 ], [ -72.396442, -51.514312 ], [ -72.389095, -51.513301 ], [ -72.386814, -51.513946 ], [ -72.380367, -51.516559 ], [ -72.375125, -51.517948 ], [ -72.37247, -51.51865 ], [ -72.369342, -51.519481 ], [ -72.366496, -51.521045 ], [ -72.364138, -51.522083 ], [ -72.360446, -51.523701 ], [ -72.357791, -51.523403 ], [ -72.353655, -51.522945 ], [ -72.347696, -51.51664 ], [ -72.346185, -51.513565 ], [ -72.347917, -51.510505 ], [ -72.349565, -51.507606 ], [ -72.350855, -51.502929 ], [ -72.348443, -51.500591 ], [ -72.35003, -51.499194 ], [ -72.351282, -51.497604 ], [ -72.353082, -51.493533 ], [ -72.349702, -51.488189 ], [ -72.346207, -51.482134 ], [ -72.345002, -51.480048 ], [ -72.342064, -51.478701 ], [ -72.339348, -51.47811 ], [ -72.332542, -51.476637 ], [ -72.328934, -51.475855 ], [ -72.325981, -51.474219 ], [ -72.324127, -51.472289 ], [ -72.324668, -51.466059 ], [ -72.328376, -51.464071 ], [ -72.330253, -51.462706 ], [ -72.331909, -51.461508 ], [ -72.334632, -51.459143 ], [ -72.339233, -51.451349 ], [ -72.339141, -51.445466 ], [ -72.339484, -51.437043 ], [ -72.339599, -51.434159 ], [ -72.339087, -51.430764 ], [ -72.337584, -51.422757 ], [ -72.332525, -51.414551 ], [ -72.326932, -51.409909 ], [ -72.325208, -51.408474 ], [ -72.320821, -51.404911 ], [ -72.317548, -51.402413 ], [ -72.316441, -51.399475 ], [ -72.316273, -51.396828 ], [ -72.31548, -51.392261 ], [ -72.312924, -51.386337 ], [ -72.312084, -51.381545 ], [ -72.310726, -51.377345 ], [ -72.312298, -51.375545 ], [ -72.316135, -51.370337 ], [ -72.315784, -51.364844 ], [ -72.319454, -51.354205 ], [ -72.322719, -51.350199 ], [ -72.324344, -51.348734 ], [ -72.326808, -51.34696 ], [ -72.330036, -51.34767 ], [ -72.332844, -51.347895 ], [ -72.346508, -51.347814 ], [ -72.354802, -51.34472 ], [ -72.357266, -51.343797 ], [ -72.363202, -51.341317 ], [ -72.36514, -51.339998 ], [ -72.367597, -51.338323 ], [ -72.368382, -51.336152 ], [ -72.366971, -51.333928 ], [ -72.363087, -51.330525 ], [ -72.359883, -51.323979 ], [ -72.35857, -51.321294 ], [ -72.357433, -51.318966 ], [ -72.352207, -51.316929 ], [ -72.348171, -51.315365 ], [ -72.343356, -51.313988 ], [ -72.340579, -51.313626 ], [ -72.332278, -51.313115 ], [ -72.325602, -51.311215 ], [ -72.321474, -51.307187 ], [ -72.319887, -51.305688 ], [ -72.315752, -51.302018 ], [ -72.314103, -51.300549 ], [ -72.310365, -51.296738 ], [ -72.309205, -51.295094 ], [ -72.307092, -51.292069 ], [ -72.301857, -51.28907 ], [ -72.294449, -51.287003 ], [ -72.291893, -51.28624 ], [ -72.289299, -51.285473 ], [ -72.285575, -51.284363 ], [ -72.282539, -51.284233 ], [ -72.278472, -51.284062 ], [ -72.273421, -51.282414 ], [ -72.27156, -51.281048 ], [ -72.269118, -51.279255 ], [ -72.268363, -51.277203 ], [ -72.265753, -51.273277 ], [ -72.264433, -51.26997 ], [ -72.266127, -51.265827 ], [ -72.266981, -51.263561 ], [ -72.266706, -51.261402 ], [ -72.266363, -51.258651 ], [ -72.263853, -51.255493 ], [ -72.262006, -51.253078 ], [ -72.260061, -51.250686 ], [ -72.25913, -51.248805 ], [ -72.258969, -51.24401 ], [ -72.263677, -51.240916 ], [ -72.265538, -51.239551 ], [ -72.270383, -51.236262 ], [ -72.274015, -51.234225 ], [ -72.27754, -51.231863 ], [ -72.27944, -51.230513 ], [ -72.288236, -51.224268 ], [ -72.293592, -51.218981 ], [ -72.295133, -51.217458 ], [ -72.296568, -51.216051 ], [ -72.298406, -51.21348 ], [ -72.299581, -51.211839 ], [ -72.302519, -51.207738 ], [ -72.303717, -51.206109 ], [ -72.307081, -51.202054 ], [ -72.310881, -51.201291 ], [ -72.313544, -51.202821 ], [ -72.319174, -51.206716 ], [ -72.323439, -51.208074 ], [ -72.328589, -51.207875 ], [ -72.331374, -51.207463 ], [ -72.33834, -51.206437 ], [ -72.341125, -51.206025 ], [ -72.343124, -51.205731 ], [ -72.351265, -51.203625 ], [ -72.353729, -51.198357 ], [ -72.354927, -51.194332 ], [ -72.356788, -51.188152 ], [ -72.359077, -51.18399 ], [ -72.360939, -51.182624 ], [ -72.364509, -51.180015 ], [ -72.36708, -51.176399 ], [ -72.367187, -51.171947 ], [ -72.366172, -51.167495 ], [ -72.367156, -51.164523 ], [ -72.369048, -51.163676 ], [ -72.377845, -51.157805 ], [ -72.380989, -51.155581 ], [ -72.390739, -51.146891 ], [ -72.391975, -51.144205 ], [ -72.393959, -51.139887 ], [ -72.395027, -51.137556 ], [ -72.398163, -51.132249 ], [ -72.402786, -51.124429 ], [ -72.405548, -51.116559 ], [ -72.406501, -51.113835 ], [ -72.406753, -51.110333 ], [ -72.407073, -51.105843 ], [ -72.407233, -51.103665 ], [ -72.404608, -51.093571 ], [ -72.400786, -51.090381 ], [ -72.399069, -51.088947 ], [ -72.394773, -51.085357 ], [ -72.39102, -51.083664 ], [ -72.385679, -51.083542 ], [ -72.382871, -51.083374 ], [ -72.380575, -51.082416 ], [ -72.375798, -51.078335 ], [ -72.375638, -51.068736 ], [ -72.375599, -51.066337 ], [ -72.375538, -51.064243 ], [ -72.375149, -51.056159 ], [ -72.374065, -51.045271 ], [ -72.374004, -51.041575 ], [ -72.37392, -51.033484 ], [ -72.374225, -51.027193 ], [ -72.374423, -51.023046 ], [ -72.358164, -51.025152 ], [ -72.355891, -51.026228 ], [ -72.35232, -51.02793 ], [ -72.349665, -51.027872 ], [ -72.346811, -51.027815 ], [ -72.343714, -51.027754 ], [ -72.339807, -51.02714 ], [ -72.337038, -51.026705 ], [ -72.330011, -51.025603 ], [ -72.321977, -51.026908 ], [ -72.31466, -51.02825 ], [ -72.311921, -51.028758 ], [ -72.305092, -51.03004 ], [ -72.292396, -51.029704 ], [ -72.284164, -51.028773 ], [ -72.28131, -51.03176 ], [ -72.271766, -51.03321 ], [ -72.27114, -51.028732 ], [ -72.272208, -51.020709 ], [ -72.272909, -50.999815 ], [ -72.273199, -50.988577 ], [ -72.273534, -50.980489 ], [ -72.273549, -50.977655 ], [ -72.274015, -50.973256 ], [ -72.274137, -50.970121 ], [ -72.273549, -50.967671 ], [ -72.272382, -50.964211 ], [ -72.270543, -50.959912 ], [ -72.266743, -50.951062 ], [ -72.266148, -50.948155 ], [ -72.265568, -50.945706 ], [ -72.266964, -50.942959 ], [ -72.266552, -50.940449 ], [ -72.265461, -50.938305 ], [ -72.264667, -50.935726 ], [ -72.262668, -50.932339 ], [ -72.259936, -50.924915 ], [ -72.260463, -50.922752 ], [ -72.259875, -50.9207 ], [ -72.258761, -50.918941 ], [ -72.257205, -50.917583 ], [ -72.255335, -50.914459 ], [ -72.253863, -50.91241 ], [ -72.252398, -50.909663 ], [ -72.25178, -50.907233 ], [ -72.251604, -50.9052 ], [ -72.25313, -50.896384 ], [ -72.254984, -50.894263 ], [ -72.256677, -50.892939 ], [ -72.260408, -50.889723 ], [ -72.260645, -50.88761 ], [ -72.258546, -50.884447 ], [ -72.25728, -50.882838 ], [ -72.254876, -50.878618 ], [ -72.256776, -50.871263 ], [ -72.259446, -50.870954 ], [ -72.261888, -50.870996 ], [ -72.265031, -50.870462 ], [ -72.269258, -50.869634 ], [ -72.272676, -50.869154 ], [ -72.274912, -50.867712 ], [ -72.277124, -50.865953 ], [ -72.278345, -50.863069 ], [ -72.277216, -50.859922 ], [ -72.274949, -50.851972 ], [ -72.274003, -50.847352 ], [ -72.274659, -50.843808 ], [ -72.273072, -50.840684 ], [ -72.272225, -50.837895 ], [ -72.273896, -50.836228 ], [ -72.276566, -50.834671 ], [ -72.277581, -50.83276 ], [ -72.281945, -50.825172 ], [ -72.283738, -50.822529 ], [ -72.285958, -50.820743 ], [ -72.288529, -50.818157 ], [ -72.289574, -50.816268 ], [ -72.291062, -50.814033 ], [ -72.292969, -50.810466 ], [ -72.296777, -50.80667 ], [ -72.303231, -50.799227 ], [ -72.306046, -50.795901 ], [ -72.308328, -50.792578 ], [ -72.310792, -50.789477 ], [ -72.314065, -50.786909 ], [ -72.316064, -50.785635 ], [ -72.318086, -50.784456 ], [ -72.321221, -50.782549 ], [ -72.329812, -50.776384 ], [ -72.335512, -50.772809 ], [ -72.339143, -50.769983 ], [ -72.344232, -50.767835 ], [ -72.346033, -50.766465 ], [ -72.347841, -50.76508 ], [ -72.3519, -50.76141 ], [ -72.357897, -50.754319 ], [ -72.357774, -50.751301 ], [ -72.356744, -50.749375 ], [ -72.356409, -50.746006 ], [ -72.355539, -50.742817 ], [ -72.355973, -50.738232 ], [ -72.355317, -50.736149 ], [ -72.353982, -50.733932 ], [ -72.349923, -50.726379 ], [ -72.346985, -50.724056 ], [ -72.345429, -50.722644 ], [ -72.343674, -50.720317 ], [ -72.341576, -50.718566 ], [ -72.338585, -50.717677 ], [ -72.336509, -50.717292 ], [ -72.333915, -50.71743 ], [ -72.329223, -50.717002 ], [ -72.325805, -50.71463 ], [ -72.316763, -50.708991 ], [ -72.314932, -50.707633 ], [ -72.312262, -50.704406 ], [ -72.309782, -50.701343 ], [ -72.30866, -50.699184 ], [ -72.307356, -50.696506 ], [ -72.307462, -50.694056 ], [ -72.304822, -50.67964 ], [ -72.29868, -50.664846 ], [ -72.297192, -50.66234 ], [ -72.290615, -50.655947 ], [ -72.293125, -50.655531 ], [ -72.295452, -50.655397 ], [ -72.300648, -50.654451 ], [ -72.303128, -50.652776 ], [ -72.306607, -50.651613 ], [ -72.311383, -50.651311 ], [ -72.332967, -50.652532 ], [ -72.335439, -50.651746 ], [ -72.339018, -50.651204 ], [ -72.342512, -50.650666 ], [ -72.345633, -50.649674 ], [ -72.347845, -50.647889 ], [ -72.349096, -50.64428 ], [ -72.349073, -50.641999 ], [ -72.348646, -50.638008 ], [ -72.351774, -50.630203 ], [ -72.352483, -50.627884 ], [ -72.354849, -50.624786 ], [ -72.355779, -50.621982 ], [ -72.35655, -50.620098 ], [ -72.358396, -50.61837 ], [ -72.36112, -50.617595 ], [ -72.364843, -50.617294 ], [ -72.370749, -50.618236 ], [ -72.381469, -50.623329 ], [ -72.386436, -50.624599 ], [ -72.388892, -50.626522 ], [ -72.391624, -50.628269 ], [ -72.394439, -50.629787 ], [ -72.399399, -50.630859 ], [ -72.403, -50.631603 ], [ -72.408844, -50.632663 ], [ -72.418389, -50.629249 ], [ -72.417687, -50.625609 ], [ -72.419976, -50.623706 ], [ -72.422722, -50.621913 ], [ -72.426194, -50.620517 ], [ -72.4292, -50.619502 ], [ -72.432809, -50.619265 ], [ -72.439019, -50.618826 ], [ -72.452264, -50.618307 ], [ -72.456758, -50.618952 ], [ -72.460276, -50.619379 ], [ -72.462954, -50.618899 ], [ -72.465334, -50.616823 ], [ -72.467097, -50.615385 ], [ -72.470637, -50.6136 ], [ -72.473109, -50.611563 ], [ -72.475611, -50.608213 ], [ -72.485324, -50.603658 ], [ -72.488086, -50.602704 ], [ -72.491832, -50.601877 ], [ -72.494693, -50.601506 ], [ -72.497661, -50.601709 ], [ -72.499927, -50.602601 ], [ -72.501583, -50.604638 ], [ -72.503162, -50.606748 ], [ -72.504558, -50.609121 ], [ -72.507389, -50.612421 ], [ -72.519625, -50.616693 ], [ -72.522242, -50.617296 ], [ -72.525576, -50.618173 ], [ -72.531085, -50.619871 ], [ -72.539829, -50.619504 ], [ -72.544452, -50.619432 ], [ -72.548847, -50.621106 ], [ -72.555333, -50.628042 ], [ -72.556843, -50.631071 ], [ -72.559178, -50.634813 ], [ -72.561338, -50.638616 ], [ -72.563878, -50.641561 ], [ -72.566411, -50.644499 ], [ -72.5697, -50.646429 ], [ -72.581419, -50.649153 ], [ -72.582823, -50.650961 ], [ -72.584708, -50.654768 ], [ -72.586234, -50.658182 ], [ -72.588203, -50.66308 ], [ -72.587966, -50.666663 ], [ -72.587165, -50.669287 ], [ -72.584297, -50.678225 ], [ -72.586593, -50.680259 ], [ -72.590095, -50.680339 ], [ -72.593719, -50.681327 ], [ -72.599396, -50.682017 ], [ -72.603432, -50.682063 ], [ -72.607712, -50.68011 ], [ -72.609063, -50.677336 ], [ -72.618867, -50.673556 ], [ -72.621262, -50.672217 ], [ -72.621812, -50.669127 ], [ -72.622475, -50.666952 ], [ -72.623047, -50.664724 ], [ -72.624337, -50.662542 ], [ -72.62658, -50.660844 ], [ -72.628831, -50.659017 ], [ -72.631127, -50.657281 ], [ -72.633439, -50.656465 ], [ -72.64467, -50.653154 ], [ -72.647455, -50.653241 ], [ -72.649896, -50.653787 ], [ -72.653986, -50.65574 ], [ -72.655939, -50.658403 ], [ -72.657167, -50.660844 ], [ -72.65967, -50.662313 ], [ -72.662401, -50.662717 ], [ -72.664683, -50.662935 ], [ -72.66907, -50.661836 ], [ -72.678843, -50.655145 ], [ -72.680491, -50.652791 ], [ -72.682048, -50.650433 ], [ -72.687487, -50.643395 ], [ -72.689814, -50.644409 ], [ -72.695766, -50.646824 ], [ -72.707195, -50.644737 ], [ -72.709079, -50.643818 ], [ -72.713329, -50.641891 ], [ -72.715259, -50.640217 ], [ -72.717365, -50.638252 ], [ -72.720341, -50.635597 ], [ -72.722317, -50.63396 ], [ -72.725162, -50.631263 ], [ -72.725826, -50.628276 ], [ -72.727489, -50.618064 ], [ -72.728679, -50.615596 ], [ -72.731624, -50.614821 ], [ -72.734217, -50.614855 ], [ -72.741785, -50.622187 ], [ -72.743586, -50.624877 ], [ -72.753665, -50.629817 ], [ -72.757541, -50.630286 ], [ -72.762661, -50.630572 ], [ -72.767498, -50.630122 ], [ -72.771244, -50.629222 ], [ -72.774731, -50.627337 ], [ -72.777493, -50.628127 ], [ -72.783909, -50.629111 ], [ -72.79424, -50.633769 ], [ -72.796529, -50.634589 ], [ -72.798284, -50.636279 ], [ -72.800779, -50.638644 ], [ -72.804136, -50.639922 ], [ -72.80863, -50.640154 ], [ -72.812819, -50.639914 ], [ -72.815001, -50.641024 ], [ -72.817061, -50.642623 ], [ -72.819838, -50.644286 ], [ -72.828063, -50.650428 ], [ -72.83007, -50.651374 ], [ -72.832961, -50.651854 ], [ -72.838165, -50.651736 ], [ -72.841774, -50.652381 ], [ -72.844307, -50.652979 ], [ -72.849007, -50.65219 ], [ -72.851814, -50.651862 ], [ -72.852146, -50.652065 ], [ -72.852172, -50.652027 ], [ -72.949898, -50.600049 ], [ -73.015216, -50.495659 ], [ -73.074858, -50.365966 ], [ -73.108576, -50.272861 ], [ -73.113244, -50.169428 ], [ -73.113448, -50.044928 ], [ -73.118442, -49.911428 ], [ -73.089157, -49.772371 ], [ -73.046245, -49.630222 ], [ -73.009246, -49.483262 ], [ -72.952762, -49.303673 ], [ -72.9348, -49.129182 ], [ -72.862967, -48.949225 ], [ -72.862364, -48.949112 ], [ -72.862363, -48.949112 ], [ -72.862363, -48.949113 ], [ -72.857968, -48.95087 ], [ -72.855801, -48.950866 ], [ -72.849766, -48.949886 ], [ -72.845829, -48.948532 ], [ -72.841061, -48.947364 ], [ -72.83707, -48.947502 ], [ -72.834293, -48.948242 ], [ -72.832294, -48.949245 ], [ -72.829349, -48.950584 ], [ -72.82632, -48.951835 ], [ -72.823543, -48.952412 ], [ -72.818509, -48.953606 ], [ -72.815221, -48.954407 ], [ -72.813397, -48.955261 ], [ -72.810025, -48.956345 ], [ -72.807065, -48.957833 ], [ -72.802861, -48.960495 ], [ -72.800206, -48.962681 ], [ -72.797787, -48.965756 ], [ -72.796994, -48.968217 ], [ -72.794476, -48.967984 ], [ -72.79353, -48.96399 ], [ -72.792492, -48.961251 ], [ -72.78957, -48.959446 ], [ -72.78651, -48.958108 ], [ -72.784168, -48.957078 ], [ -72.781887, -48.953579 ], [ -72.780445, -48.951992 ], [ -72.777706, -48.950066 ], [ -72.775508, -48.948567 ], [ -72.772296, -48.947251 ], [ -72.77048, -48.945477 ], [ -72.768489, -48.943142 ], [ -72.763812, -48.939198 ], [ -72.762568, -48.937359 ], [ -72.76105, -48.934341 ], [ -72.760172, -48.931282 ], [ -72.758806, -48.929657 ], [ -72.758173, -48.92543 ], [ -72.759073, -48.922809 ], [ -72.758386, -48.919094 ], [ -72.756662, -48.916126 ], [ -72.755105, -48.914413 ], [ -72.75216, -48.91241 ], [ -72.750039, -48.911037 ], [ -72.746278, -48.909038 ], [ -72.742791, -48.906959 ], [ -72.738923, -48.905605 ], [ -72.733971, -48.904632 ], [ -72.730766, -48.904113 ], [ -72.727478, -48.903598 ], [ -72.722717, -48.903419 ], [ -72.716827, -48.90324 ], [ -72.714141, -48.9025 ], [ -72.712325, -48.901523 ], [ -72.710342, -48.90076 ], [ -72.708106, -48.899749 ], [ -72.702887, -48.896904 ], [ -72.699599, -48.896942 ], [ -72.697554, -48.897033 ], [ -72.691565, -48.89418 ], [ -72.677503, -48.883331 ], [ -72.675595, -48.882041 ], [ -72.670827, -48.878833 ], [ -72.668919, -48.877551 ], [ -72.664143, -48.874335 ], [ -72.662236, -48.87305 ], [ -72.646739, -48.862613 ], [ -72.644832, -48.861331 ], [ -72.640063, -48.858115 ], [ -72.638163, -48.85683 ], [ -72.633395, -48.853618 ], [ -72.631106, -48.852073 ], [ -72.622644, -48.847491 ], [ -72.614664, -48.842841 ], [ -72.61271, -48.841586 ], [ -72.6093, -48.837699 ], [ -72.607471, -48.835986 ], [ -72.602938, -48.833045 ], [ -72.60039, -48.831858 ], [ -72.597796, -48.830424 ], [ -72.59434, -48.829447 ], [ -72.589762, -48.828581 ], [ -72.585527, -48.827773 ], [ -72.580377, -48.826644 ], [ -72.577318, -48.825812 ], [ -72.574899, -48.824778 ], [ -72.57203, -48.823645 ], [ -72.569749, -48.822665 ], [ -72.567307, -48.821623 ], [ -72.563905, -48.820361 ], [ -72.56218, -48.819007 ], [ -72.560074, -48.816634 ], [ -72.557579, -48.814402 ], [ -72.555504, -48.813654 ], [ -72.553001, -48.812224 ], [ -72.54702, -48.808646 ], [ -72.544303, -48.806601 ], [ -72.540992, -48.803801 ], [ -72.539146, -48.801512 ], [ -72.535888, -48.79648 ], [ -72.534362, -48.792414 ], [ -72.533774, -48.790071 ], [ -72.533583, -48.780222 ], [ -72.533499, -48.778081 ], [ -72.533697, -48.773931 ], [ -72.533957, -48.769437 ], [ -72.534346, -48.767118 ], [ -72.534796, -48.763467 ], [ -72.537069, -48.759648 ], [ -72.537863, -48.757592 ], [ -72.538511, -48.753426 ], [ -72.538679, -48.750973 ], [ -72.540876, -48.747433 ], [ -72.541738, -48.744927 ], [ -72.544103, -48.739514 ], [ -72.544294, -48.736542 ], [ -72.543538, -48.732941 ], [ -72.543218, -48.729175 ], [ -72.542882, -48.726547 ], [ -72.542203, -48.723297 ], [ -72.541371, -48.719348 ], [ -72.541303, -48.71701 ], [ -72.540707, -48.712566 ], [ -72.541173, -48.709239 ], [ -72.541195, -48.706615 ], [ -72.540524, -48.702903 ], [ -72.539936, -48.700446 ], [ -72.539173, -48.698333 ], [ -72.538365, -48.696414 ], [ -72.538944, -48.692736 ], [ -72.540211, -48.688425 ], [ -72.541241, -48.68492 ], [ -72.541248, -48.6822 ], [ -72.540836, -48.679434 ], [ -72.539913, -48.676004 ], [ -72.538723, -48.672457 ], [ -72.537876, -48.670462 ], [ -72.537601, -48.667822 ], [ -72.538341, -48.664407 ], [ -72.539256, -48.66163 ], [ -72.540019, -48.658761 ], [ -72.541431, -48.655511 ], [ -72.543071, -48.652028 ], [ -72.543262, -48.649804 ], [ -72.54259, -48.647233 ], [ -72.542956, -48.642892 ], [ -72.542559, -48.639329 ], [ -72.542056, -48.635811 ], [ -72.542452, -48.633069 ], [ -72.543116, -48.629532 ], [ -72.54452, -48.626961 ], [ -72.546252, -48.624401 ], [ -72.548769, -48.62064 ], [ -72.550341, -48.617676 ], [ -72.550608, -48.615333 ], [ -72.55002, -48.612537 ], [ -72.549967, -48.609565 ], [ -72.550051, -48.607456 ], [ -72.550989, -48.605159 ], [ -72.552927, -48.601867 ], [ -72.555529, -48.599708 ], [ -72.556849, -48.598155 ], [ -72.558649, -48.595374 ], [ -72.560221, -48.592235 ], [ -72.561266, -48.589785 ], [ -72.563746, -48.584296 ], [ -72.564493, -48.582369 ], [ -72.564485, -48.57807 ], [ -72.564363, -48.574545 ], [ -72.562189, -48.570212 ], [ -72.559938, -48.566198 ], [ -72.558999, -48.563906 ], [ -72.558938, -48.560026 ], [ -72.560151, -48.556032 ], [ -72.560952, -48.55398 ], [ -72.562814, -48.549993 ], [ -72.563912, -48.547647 ], [ -72.565263, -48.542081 ], [ -72.567155, -48.536519 ], [ -72.567788, -48.531842 ], [ -72.567895, -48.52763 ], [ -72.567826, -48.524018 ], [ -72.569283, -48.521531 ], [ -72.570756, -48.520024 ], [ -72.574654, -48.516342 ], [ -72.576913, -48.514217 ], [ -72.578385, -48.511593 ], [ -72.579255, -48.509369 ], [ -72.580041, -48.50692 ], [ -72.581154, -48.500763 ], [ -72.583619, -48.497844 ], [ -72.586007, -48.495456 ], [ -72.587677, -48.493575 ], [ -72.588204, -48.491576 ], [ -72.587792, -48.489509 ], [ -72.586266, -48.487437 ], [ -72.583679, -48.486083 ], [ -72.578522, -48.485614 ], [ -72.574142, -48.485603 ], [ -72.570022, -48.485027 ], [ -72.56623, -48.484534 ], [ -72.562209, -48.484149 ], [ -72.557105, -48.485301 ], [ -72.552916, -48.485897 ], [ -72.547812, -48.485317 ], [ -72.545218, -48.484813 ], [ -72.540129, -48.483692 ], [ -72.538069, -48.48386 ], [ -72.534193, -48.485386 ], [ -72.532721, -48.486984 ], [ -72.52986, -48.491146 ], [ -72.529394, -48.493099 ], [ -72.528265, -48.497528 ], [ -72.527304, -48.500729 ], [ -72.526091, -48.50364 ], [ -72.523741, -48.506886 ], [ -72.521414, -48.508362 ], [ -72.517355, -48.510411 ], [ -72.515028, -48.511716 ], [ -72.51235, -48.513364 ], [ -72.509596, -48.515519 ], [ -72.50717, -48.516603 ], [ -72.503637, -48.518132 ], [ -72.50134, -48.518251 ], [ -72.498144, -48.517202 ], [ -72.495221, -48.516111 ], [ -72.492955, -48.515325 ], [ -72.488957, -48.514608 ], [ -72.485951, -48.514882 ], [ -72.481991, -48.515382 ], [ -72.478978, -48.515886 ], [ -72.475529, -48.516733 ], [ -72.472943, -48.517694 ], [ -72.469349, -48.51777 ], [ -72.465893, -48.517618 ], [ -72.460087, -48.516584 ], [ -72.457142, -48.515928 ], [ -72.451152, -48.514486 ], [ -72.447788, -48.513612 ], [ -72.445041, -48.5132 ], [ -72.442462, -48.512567 ], [ -72.440417, -48.511018 ], [ -72.438357, -48.509409 ], [ -72.436228, -48.507234 ], [ -72.433146, -48.504362 ], [ -72.430689, -48.501161 ], [ -72.428896, -48.498853 ], [ -72.425905, -48.497774 ], [ -72.422815, -48.49748 ], [ -72.419923, -48.497396 ], [ -72.415506, -48.497282 ], [ -72.413286, -48.496301 ], [ -72.411493, -48.494237 ], [ -72.409791, -48.492177 ], [ -72.407235, -48.489713 ], [ -72.402436, -48.487348 ], [ -72.400032, -48.48652 ], [ -72.397141, -48.485105 ], [ -72.395783, -48.483228 ], [ -72.393997, -48.481096 ], [ -72.393349, -48.477265 ], [ -72.392944, -48.473493 ], [ -72.391678, -48.471776 ], [ -72.388198, -48.466855 ], [ -72.386497, -48.465249 ], [ -72.384681, -48.462163 ], [ -72.383285, -48.459695 ], [ -72.380584, -48.456521 ], [ -72.378089, -48.45448 ], [ -72.377211, -48.451027 ], [ -72.379515, -48.44883 ], [ -72.382544, -48.446678 ], [ -72.39099, -48.442886 ], [ -72.394744, -48.439754 ], [ -72.39627, -48.438274 ], [ -72.398086, -48.436969 ], [ -72.401817, -48.436004 ], [ -72.404784, -48.43597 ], [ -72.407447, -48.43592 ], [ -72.409789, -48.434066 ], [ -72.41072, -48.432125 ], [ -72.408363, -48.429759 ], [ -72.408126, -48.426845 ], [ -72.407035, -48.424045 ], [ -72.406882, -48.421931 ], [ -72.405768, -48.418487 ], [ -72.403952, -48.41717 ], [ -72.401358, -48.416369 ], [ -72.398619, -48.414531 ], [ -72.396704, -48.41326 ], [ -72.391638, -48.410289 ], [ -72.388304, -48.408042 ], [ -72.383024, -48.404021 ], [ -72.380369, -48.403323 ], [ -72.375829, -48.402278 ], [ -72.371617, -48.402106 ], [ -72.368939, -48.401908 ], [ -72.366658, -48.401729 ], [ -72.362967, -48.400233 ], [ -72.361029, -48.39799 ], [ -72.357039, -48.395404 ], [ -72.354849, -48.394397 ], [ -72.352148, -48.393901 ], [ -72.349264, -48.391375 ], [ -72.349455, -48.389151 ], [ -72.35034, -48.386637 ], [ -72.355322, -48.383425 ], [ -72.357496, -48.38233 ], [ -72.360083, -48.380858 ], [ -72.363249, -48.380209 ], [ -72.366871, -48.378718 ], [ -72.369709, -48.378214 ], [ -72.371853, -48.377764 ], [ -72.375126, -48.376802 ], [ -72.377453, -48.37533 ], [ -72.379445, -48.372999 ], [ -72.380406, -48.370947 ], [ -72.380429, -48.368318 ], [ -72.379856, -48.365575 ], [ -72.380192, -48.362134 ], [ -72.381199, -48.359758 ], [ -72.381863, -48.355981 ], [ -72.38065, -48.353871 ], [ -72.378124, -48.35275 ], [ -72.375431, -48.352769 ], [ -72.37286, -48.352872 ], [ -72.370197, -48.353887 ], [ -72.365995, -48.354383 ], [ -72.36102, -48.354474 ], [ -72.358541, -48.35367 ], [ -72.354825, -48.352258 ], [ -72.352574, -48.351259 ], [ -72.349827, -48.350149 ], [ -72.346379, -48.350328 ], [ -72.343228, -48.350919 ], [ -72.340046, -48.35153 ], [ -72.337193, -48.351648 ], [ -72.332844, -48.352186 ], [ -72.330265, -48.352571 ], [ -72.328113, -48.353533 ], [ -72.325176, -48.356317 ], [ -72.321903, -48.357729 ], [ -72.318729, -48.357546 ], [ -72.316364, -48.356741 ], [ -72.313915, -48.355982 ], [ -72.310786, -48.355112 ], [ -72.307506, -48.355166 ], [ -72.304919, -48.355673 ], [ -72.301944, -48.356444 ], [ -72.2988, -48.35755 ], [ -72.296183, -48.35824 ], [ -72.29146, -48.358847 ], [ -72.287333, -48.35985 ], [ -72.28467, -48.360922 ], [ -72.28277, -48.361659 ], [ -72.279161, -48.362555 ], [ -72.275713, -48.362433 ], [ -72.272485, -48.362063 ], [ -72.268228, -48.359091 ], [ -72.266176, -48.357932 ], [ -72.260835, -48.355212 ], [ -72.258233, -48.354735 ], [ -72.255685, -48.35427 ], [ -72.250481, -48.352244 ], [ -72.246636, -48.351313 ], [ -72.244606, -48.349585 ], [ -72.24353, -48.346156 ], [ -72.243103, -48.343962 ], [ -72.242576, -48.340098 ], [ -72.241401, -48.337748 ], [ -72.240036, -48.334971 ], [ -72.239547, -48.328142 ], [ -72.237434, -48.325445 ], [ -72.234206, -48.323435 ], [ -72.23165, -48.322332 ], [ -72.23088, -48.319799 ], [ -72.233329, -48.318002 ], [ -72.235915, -48.316473 ], [ -72.237739, -48.315496 ], [ -72.240226, -48.314153 ], [ -72.242133, -48.312395 ], [ -72.243026, -48.310495 ], [ -72.243644, -48.307439 ], [ -72.244193, -48.304811 ], [ -72.246535, -48.302197 ], [ -72.24945, -48.301583 ], [ -72.25315, -48.300462 ], [ -72.255691, -48.298383 ], [ -72.25817, -48.295746 ], [ -72.25901, -48.292695 ], [ -72.258414, -48.289181 ], [ -72.260352, -48.286812 ], [ -72.262664, -48.28418 ], [ -72.264228, -48.282303 ], [ -72.265617, -48.280598 ], [ -72.268218, -48.277584 ], [ -72.27037, -48.276398 ], [ -72.274841, -48.273849 ], [ -72.278297, -48.271751 ], [ -72.282104, -48.269847 ], [ -72.285438, -48.267848 ], [ -72.287002, -48.265914 ], [ -72.288749, -48.263259 ], [ -72.29013, -48.261531 ], [ -72.291954, -48.259257 ], [ -72.293686, -48.257152 ], [ -72.296974, -48.254027 ], [ -72.300583, -48.251044 ], [ -72.302582, -48.249655 ], [ -72.306015, -48.248133 ], [ -72.308083, -48.24729 ], [ -72.310738, -48.246214 ], [ -72.315705, -48.243654 ], [ -72.317215, -48.24219 ], [ -72.31807, -48.240023 ], [ -72.318703, -48.236708 ], [ -72.319504, -48.233972 ], [ -72.321617, -48.227888 ], [ -72.323196, -48.224512 ], [ -72.324783, -48.221971 ], [ -72.326317, -48.219957 ], [ -72.328072, -48.217569 ], [ -72.325088, -48.2147 ], [ -72.322624, -48.21343 ], [ -72.320129, -48.211103 ], [ -72.316787, -48.207753 ], [ -72.314757, -48.205686 ], [ -72.314193, -48.203271 ], [ -72.313186, -48.200822 ], [ -72.313559, -48.197743 ], [ -72.313758, -48.195283 ], [ -72.313948, -48.192891 ], [ -72.313872, -48.189 ], [ -72.314292, -48.18467 ], [ -72.313895, -48.182209 ], [ -72.31272, -48.17992 ], [ -72.311384, -48.177059 ], [ -72.31114, -48.172878 ], [ -72.310644, -48.168396 ], [ -72.310392, -48.166149 ], [ -72.307691, -48.16254 ], [ -72.306066, -48.161106 ], [ -72.303808, -48.158519 ], [ -72.304693, -48.156127 ], [ -72.305837, -48.152477 ], [ -72.307157, -48.14923 ], [ -72.307256, -48.147189 ], [ -72.30737, -48.145122 ], [ -72.307805, -48.140925 ], [ -72.309743, -48.138503 ], [ -72.314733, -48.137515 ], [ -72.318548, -48.136946 ], [ -72.320776, -48.136157 ], [ -72.323782, -48.134402 ], [ -72.325773, -48.131842 ], [ -72.327184, -48.127283 ], [ -72.327306, -48.123591 ], [ -72.327756, -48.121401 ], [ -72.329305, -48.119356 ], [ -72.330785, -48.117414 ], [ -72.334722, -48.114282 ], [ -72.336858, -48.113222 ], [ -72.33885, -48.112653 ], [ -72.341665, -48.112035 ], [ -72.344496, -48.110849 ], [ -72.347502, -48.108922 ], [ -72.352041, -48.106431 ], [ -72.354368, -48.10484 ], [ -72.356428, -48.10291 ], [ -72.359617, -48.099622 ], [ -72.361509, -48.09739 ], [ -72.36376, -48.093987 ], [ -72.36463, -48.092148 ], [ -72.365172, -48.089127 ], [ -72.364859, -48.085926 ], [ -72.364553, -48.082157 ], [ -72.364668, -48.079815 ], [ -72.36437, -48.077705 ], [ -72.364278, -48.075531 ], [ -72.366842, -48.074573 ], [ -72.369818, -48.075085 ], [ -72.373831, -48.075115 ], [ -72.377073, -48.074844 ], [ -72.379133, -48.074535 ], [ -72.382201, -48.073154 ], [ -72.384762, -48.072078 ], [ -72.388257, -48.072605 ], [ -72.39037, -48.073986 ], [ -72.394025, -48.075599 ], [ -72.396146, -48.076576 ], [ -72.400266, -48.076625 ], [ -72.402814, -48.076126 ], [ -72.405103, -48.075756 ], [ -72.40859, -48.077419 ], [ -72.412153, -48.07864 ], [ -72.415052, -48.078762 ], [ -72.417501, -48.078578 ], [ -72.420111, -48.078193 ], [ -72.422217, -48.077762 ], [ -72.424193, -48.076286 ], [ -72.426939, -48.07384 ], [ -72.429083, -48.072478 ], [ -72.432501, -48.071292 ], [ -72.437308, -48.06985 ], [ -72.440703, -48.068583 ], [ -72.443869, -48.067221 ], [ -72.445899, -48.064654 ], [ -72.4457, -48.061915 ], [ -72.443999, -48.060652 ], [ -72.44232, -48.059046 ], [ -72.442419, -48.056536 ], [ -72.443373, -48.054655 ], [ -72.442808, -48.050829 ], [ -72.440703, -48.047735 ], [ -72.437506, -48.046396 ], [ -72.434339, -48.045031 ], [ -72.432645, -48.043482 ], [ -72.431402, -48.039965 ], [ -72.431417, -48.037706 ], [ -72.433538, -48.033975 ], [ -72.432843, -48.029714 ], [ -72.432782, -48.026918 ], [ -72.432294, -48.024118 ], [ -72.431134, -48.019777 ], [ -72.430646, -48.017602 ], [ -72.431409, -48.013269 ], [ -72.429684, -48.010064 ], [ -72.426495, -48.008252 ], [ -72.424755, -48.006883 ], [ -72.422062, -48.004891 ], [ -72.420895, -48.002602 ], [ -72.42091, -47.999467 ], [ -72.42104, -47.998517 ], [ -72.423061, -47.98415 ], [ -72.42329, -47.981411 ], [ -72.423671, -47.979416 ], [ -72.426479, -47.975326 ], [ -72.428066, -47.972942 ], [ -72.426685, -47.969562 ], [ -72.428142, -47.967304 ], [ -72.431194, -47.965602 ], [ -72.43581, -47.964443 ], [ -72.438198, -47.964183 ], [ -72.440662, -47.964256 ], [ -72.444149, -47.964347 ], [ -72.447216, -47.964145 ], [ -72.450451, -47.964175 ], [ -72.452923, -47.963908 ], [ -72.456356, -47.961486 ], [ -72.457982, -47.960059 ], [ -72.461575, -47.956904 ], [ -72.464131, -47.956527 ], [ -72.46861, -47.958049 ], [ -72.473249, -47.960204 ], [ -72.476026, -47.961539 ], [ -72.48071, -47.956896 ], [ -72.482351, -47.955653 ], [ -72.487547, -47.95848 ], [ -72.489507, -47.95954 ], [ -72.494039, -47.958495 ], [ -72.498213, -47.957194 ], [ -72.500799, -47.956381 ], [ -72.503752, -47.957606 ], [ -72.506651, -47.957175 ], [ -72.507803, -47.954897 ], [ -72.508795, -47.951704 ], [ -72.509611, -47.949305 ], [ -72.511313, -47.948038 ], [ -72.51673, -47.946283 ], [ -72.519858, -47.94549 ], [ -72.52468, -47.944067 ], [ -72.525817, -47.942133 ], [ -72.528685, -47.938898 ], [ -72.529891, -47.933656 ], [ -72.528678, -47.930444 ], [ -72.528037, -47.92798 ], [ -72.52793, -47.924954 ], [ -72.527632, -47.922894 ], [ -72.524946, -47.921044 ], [ -72.522421, -47.919885 ], [ -72.523306, -47.917893 ], [ -72.524336, -47.915478 ], [ -72.525175, -47.913506 ], [ -72.525221, -47.911107 ], [ -72.522558, -47.908116 ], [ -72.519125, -47.905346 ], [ -72.517705, -47.903904 ], [ -72.51624, -47.900807 ], [ -72.513494, -47.897469 ], [ -72.512158, -47.895348 ], [ -72.50974, -47.893898 ], [ -72.507016, -47.892574 ], [ -72.505665, -47.891026 ], [ -72.502499, -47.886299 ], [ -72.501316, -47.881374 ], [ -72.499332, -47.87714 ], [ -72.497242, -47.872833 ], [ -72.49609, -47.870933 ], [ -72.49406, -47.870292 ], [ -72.487781, -47.871151 ], [ -72.485118, -47.871265 ], [ -72.481723, -47.871387 ], [ -72.479381, -47.869594 ], [ -72.478076, -47.866954 ], [ -72.476916, -47.865001 ], [ -72.476718, -47.862255 ], [ -72.476199, -47.860187 ], [ -72.476107, -47.85477 ], [ -72.476008, -47.852096 ], [ -72.475809, -47.848369 ], [ -72.475038, -47.840194 ], [ -72.475847, -47.837912 ], [ -72.473459, -47.831549 ], [ -72.47191, -47.8268 ], [ -72.471269, -47.823599 ], [ -72.470445, -47.819472 ], [ -72.470491, -47.817339 ], [ -72.470437, -47.8113 ], [ -72.47442, -47.811674 ], [ -72.476442, -47.812323 ], [ -72.48079, -47.809168 ], [ -72.482438, -47.807748 ], [ -72.486688, -47.804285 ], [ -72.488443, -47.802926 ], [ -72.490396, -47.80142 ], [ -72.4927, -47.799466 ], [ -72.494363, -47.798055 ], [ -72.497041, -47.79559 ], [ -72.496767, -47.792275 ], [ -72.497568, -47.79028 ], [ -72.499727, -47.788071 ], [ -72.50171, -47.786603 ], [ -72.501596, -47.783688 ], [ -72.500902, -47.778801 ], [ -72.501237, -47.775975 ], [ -72.502824, -47.772732 ], [ -72.503808, -47.770001 ], [ -72.505853, -47.765045 ], [ -72.507264, -47.762199 ], [ -72.511537, -47.760578 ], [ -72.514688, -47.759517 ], [ -72.518663, -47.755725 ], [ -72.520982, -47.753803 ], [ -72.524339, -47.751201 ], [ -72.525064, -47.748752 ], [ -72.52485, -47.746749 ], [ -72.524217, -47.74406 ], [ -72.522203, -47.7433 ], [ -72.518449, -47.74464 ], [ -72.516404, -47.745307 ], [ -72.513597, -47.745685 ], [ -72.511559, -47.745898 ], [ -72.508241, -47.746898 ], [ -72.505044, -47.749843 ], [ -72.502648, -47.752407 ], [ -72.501069, -47.753921 ], [ -72.49952, -47.755394 ], [ -72.495812, -47.754554 ], [ -72.492607, -47.753566 ], [ -72.490418, -47.752861 ], [ -72.487915, -47.755184 ], [ -72.485764, -47.756931 ], [ -72.483612, -47.758629 ], [ -72.480011, -47.760597 ], [ -72.477386, -47.761212 ], [ -72.471069, -47.762692 ], [ -72.472045, -47.756359 ], [ -72.472625, -47.752766 ], [ -72.472579, -47.750709 ], [ -72.471694, -47.748585 ], [ -72.470718, -47.746521 ], [ -72.469268, -47.742565 ], [ -72.468261, -47.740478 ], [ -72.466819, -47.738205 ], [ -72.463027, -47.736969 ], [ -72.460715, -47.738094 ], [ -72.457304, -47.739261 ], [ -72.454581, -47.739647 ], [ -72.451941, -47.739891 ], [ -72.446783, -47.740372 ], [ -72.44351, -47.738682 ], [ -72.440008, -47.735966 ], [ -72.438009, -47.734524 ], [ -72.43791, -47.732013 ], [ -72.43897, -47.728874 ], [ -72.440778, -47.727405 ], [ -72.442693, -47.724967 ], [ -72.446027, -47.72084 ], [ -72.447416, -47.71931 ], [ -72.449018, -47.717879 ], [ -72.450666, -47.715785 ], [ -72.451391, -47.713447 ], [ -72.451444, -47.710933 ], [ -72.449292, -47.708457 ], [ -72.446714, -47.706607 ], [ -72.444722, -47.705413 ], [ -72.44177, -47.703879 ], [ -72.439488, -47.702632 ], [ -72.437413, -47.701503 ], [ -72.431904, -47.698992 ], [ -72.429745, -47.69794 ], [ -72.427021, -47.696604 ], [ -72.42316, -47.69514 ], [ -72.420223, -47.693911 ], [ -72.418232, -47.691897 ], [ -72.415851, -47.688616 ], [ -72.41447, -47.685801 ], [ -72.413341, -47.683108 ], [ -72.412631, -47.680533 ], [ -72.412379, -47.676588 ], [ -72.413943, -47.67449 ], [ -72.416286, -47.671766 ], [ -72.418719, -47.668699 ], [ -72.419627, -47.665735 ], [ -72.420291, -47.662317 ], [ -72.417994, -47.660989 ], [ -72.415896, -47.659887 ], [ -72.413165, -47.65888 ], [ -72.40983, -47.658144 ], [ -72.407191, -47.658315 ], [ -72.404629, -47.658571 ], [ -72.399029, -47.659437 ], [ -72.400547, -47.655908 ], [ -72.402981, -47.652845 ], [ -72.400905, -47.650941 ], [ -72.398159, -47.648916 ], [ -72.395954, -47.646791 ], [ -72.394466, -47.645295 ], [ -72.392116, -47.642576 ], [ -72.388362, -47.64079 ], [ -72.384837, -47.638967 ], [ -72.382678, -47.637227 ], [ -72.381289, -47.635217 ], [ -72.378672, -47.635019 ], [ -72.375941, -47.636136 ], [ -72.372469, -47.636216 ], [ -72.367655, -47.636171 ], [ -72.365122, -47.636033 ], [ -72.363306, -47.637674 ], [ -72.361246, -47.639425 ], [ -72.357057, -47.637441 ], [ -72.354196, -47.636041 ], [ -72.350663, -47.63595 ], [ -72.34768, -47.635347 ], [ -72.345056, -47.629781 ], [ -72.344437, -47.627149 ], [ -72.343476, -47.624914 ], [ -72.341942, -47.621469 ], [ -72.340233, -47.618425 ], [ -72.337189, -47.614854 ], [ -72.336617, -47.612756 ], [ -72.335106, -47.609975 ], [ -72.331802, -47.607606 ], [ -72.329696, -47.606091 ], [ -72.327133, -47.603665 ], [ -72.324821, -47.601361 ], [ -72.322166, -47.59916 ], [ -72.318763, -47.596558 ], [ -72.31623, -47.595109 ], [ -72.312834, -47.593411 ], [ -72.311125, -47.592251 ], [ -72.312064, -47.590432 ], [ -72.31436, -47.589657 ], [ -72.317206, -47.588757 ], [ -72.319587, -47.587952 ], [ -72.32585, -47.585888 ], [ -72.327567, -47.584706 ], [ -72.327445, -47.582474 ], [ -72.326407, -47.579838 ], [ -72.327323, -47.576759 ], [ -72.328231, -47.573799 ], [ -72.328284, -47.571399 ], [ -72.32675, -47.569076 ], [ -72.32469, -47.566051 ], [ -72.322813, -47.563373 ], [ -72.321509, -47.561504 ], [ -72.319769, -47.559772 ], [ -72.317175, -47.558719 ], [ -72.314054, -47.555148 ], [ -72.31117, -47.551917 ], [ -72.309705, -47.549789 ], [ -72.308606, -47.545894 ], [ -72.307889, -47.544002 ], [ -72.306348, -47.541587 ], [ -72.305837, -47.539443 ], [ -72.303799, -47.534533 ], [ -72.302655, -47.52938 ], [ -72.300022, -47.526381 ], [ -72.298351, -47.524027 ], [ -72.296604, -47.521094 ], [ -72.29533, -47.518088 ], [ -72.294109, -47.51581 ], [ -72.293789, -47.511408 ], [ -72.295307, -47.509123 ], [ -72.298145, -47.50556 ], [ -72.299877, -47.503637 ], [ -72.298397, -47.501909 ], [ -72.297008, -47.500009 ], [ -72.298007, -47.497446 ], [ -72.299327, -47.495889 ], [ -72.301364, -47.493829 ], [ -72.303608, -47.492582 ], [ -72.306133, -47.492025 ], [ -72.308758, -47.491441 ], [ -72.309826, -47.488885 ], [ -72.309978, -47.486089 ], [ -72.310398, -47.481568 ], [ -72.317264, -47.480676 ], [ -72.31953, -47.481095 ], [ -72.323223, -47.48182 ], [ -72.327023, -47.481457 ], [ -72.328823, -47.480279 ], [ -72.330891, -47.478127 ], [ -72.332196, -47.476426 ], [ -72.333798, -47.474183 ], [ -72.335331, -47.472718 ], [ -72.33746, -47.470936 ], [ -72.340024, -47.469532 ], [ -72.341404, -47.467892 ], [ -72.342228, -47.465214 ], [ -72.343121, -47.462707 ], [ -72.343472, -47.459854 ], [ -72.340695, -47.458286 ], [ -72.336102, -47.456646 ], [ -72.333774, -47.45578 ], [ -72.330257, -47.454239 ], [ -72.327709, -47.451187 ], [ -72.32529, -47.450249 ], [ -72.321666, -47.450325 ], [ -72.318202, -47.450577 ], [ -72.316104, -47.450329 ], [ -72.313594, -47.449673 ], [ -72.31016, -47.448723 ], [ -72.307818, -47.44807 ], [ -72.305277, -47.447605 ], [ -72.301264, -47.447266 ], [ -72.298784, -47.446823 ], [ -72.296404, -47.446014 ], [ -72.292002, -47.442699 ], [ -72.290727, -47.44112 ], [ -72.290422, -47.43898 ], [ -72.29426, -47.43679 ], [ -72.293039, -47.435177 ], [ -72.289895, -47.432518 ], [ -72.287889, -47.431984 ], [ -72.284539, -47.431266 ], [ -72.282189, -47.431011 ], [ -72.27987, -47.4291 ], [ -72.279153, -47.4272 ], [ -72.277138, -47.423702 ], [ -72.275338, -47.421478 ], [ -72.273987, -47.419937 ], [ -72.271553, -47.417701 ], [ -72.269402, -47.416194 ], [ -72.263977, -47.413963 ], [ -72.261459, -47.413825 ], [ -72.257568, -47.414409 ], [ -72.253845, -47.415225 ], [ -72.250938, -47.413486 ], [ -72.249603, -47.41122 ], [ -72.248252, -47.40974 ], [ -72.246345, -47.408637 ], [ -72.244422, -47.408042 ], [ -72.242438, -47.407604 ], [ -72.237143, -47.40631 ], [ -72.232046, -47.404537 ], [ -72.228964, -47.403362 ], [ -72.225782, -47.402755 ], [ -72.223417, -47.403076 ], [ -72.222517, -47.405082 ], [ -72.222136, -47.407116 ], [ -72.219931, -47.40892 ], [ -72.217695, -47.409885 ], [ -72.213094, -47.411873 ], [ -72.209951, -47.41304 ], [ -72.205358, -47.415104 ], [ -72.200338, -47.417103 ], [ -72.198148, -47.417023 ], [ -72.196263, -47.415001 ], [ -72.193562, -47.412682 ], [ -72.191686, -47.411411 ], [ -72.189732, -47.410072 ], [ -72.189091, -47.407589 ], [ -72.187909, -47.405655 ], [ -72.184697, -47.402817 ], [ -72.182636, -47.40102 ], [ -72.177647, -47.398563 ], [ -72.175411, -47.397228 ], [ -72.172397, -47.396507 ], [ -72.167697, -47.395939 ], [ -72.165271, -47.39534 ], [ -72.163448, -47.394348 ], [ -72.161159, -47.391807 ], [ -72.160075, -47.389038 ], [ -72.159526, -47.386417 ], [ -72.160273, -47.383739 ], [ -72.160846, -47.381057 ], [ -72.158724, -47.378406 ], [ -72.157084, -47.37685 ], [ -72.154421, -47.375732 ], [ -72.153223, -47.373088 ], [ -72.152605, -47.370967 ], [ -72.150629, -47.369067 ], [ -72.149027, -47.367637 ], [ -72.145616, -47.364776 ], [ -72.14406, -47.363269 ], [ -72.144258, -47.358989 ], [ -72.14467, -47.356223 ], [ -72.144967, -47.354193 ], [ -72.14441, -47.349845 ], [ -72.139344, -47.34413 ], [ -72.13762, -47.342455 ], [ -72.137017, -47.339877 ], [ -72.137162, -47.336764 ], [ -72.137589, -47.334055 ], [ -72.1363, -47.331812 ], [ -72.132714, -47.330229 ], [ -72.129982, -47.329226 ], [ -72.127892, -47.328913 ], [ -72.124519, -47.32939 ], [ -72.121574, -47.329466 ], [ -72.118438, -47.330401 ], [ -72.11483, -47.329962 ], [ -72.112747, -47.329535 ], [ -72.110214, -47.330611 ], [ -72.105445, -47.331961 ], [ -72.10324, -47.33285 ], [ -72.100272, -47.333728 ], [ -72.095466, -47.334285 ], [ -72.092841, -47.334471 ], [ -72.088736, -47.334555 ], [ -72.084929, -47.335257 ], [ -72.081549, -47.335956 ], [ -72.078154, -47.337287 ], [ -72.076163, -47.339378 ], [ -72.074158, -47.341865 ], [ -72.071114, -47.342571 ], [ -72.067184, -47.342285 ], [ -72.064743, -47.342037 ], [ -72.059471, -47.341453 ], [ -72.055419, -47.341003 ], [ -72.052421, -47.340568 ], [ -72.049995, -47.33974 ], [ -72.047675, -47.338569 ], [ -72.046943, -47.334846 ], [ -72.045073, -47.332534 ], [ -72.04283, -47.331481 ], [ -72.041213, -47.32957 ], [ -72.038168, -47.326965 ], [ -72.03665, -47.324031 ], [ -72.035116, -47.32178 ], [ -72.033354, -47.320338 ], [ -72.031477, -47.319083 ], [ -72.026433, -47.316874 ], [ -72.021466, -47.314013 ], [ -72.016927, -47.311152 ], [ -72.01489, -47.309878 ], [ -72.00127, -47.300986 ], [ -71.998852, -47.299376 ], [ -71.996944, -47.297541 ], [ -71.996547, -47.295256 ], [ -71.996318, -47.292914 ], [ -71.996853, -47.290633 ], [ -71.997463, -47.288298 ], [ -71.998325, -47.286078 ], [ -71.999019, -47.283858 ], [ -71.999965, -47.281634 ], [ -72.000659, -47.279413 ], [ -72.002109, -47.277246 ], [ -72.002605, -47.274912 ], [ -72.013836, -47.263204 ], [ -72.015766, -47.260396 ], [ -72.016765, -47.257287 ], [ -72.017879, -47.254025 ], [ -72.018024, -47.251969 ], [ -72.017688, -47.248822 ], [ -72.016582, -47.246407 ], [ -72.013774, -47.243462 ], [ -72.012225, -47.242005 ], [ -72.010623, -47.240502 ], [ -72.007869, -47.238747 ], [ -72.008731, -47.23631 ], [ -72.006655, -47.233239 ], [ -72.004588, -47.231511 ], [ -72.003474, -47.229557 ], [ -72.003359, -47.227497 ], [ -72.002619, -47.209007 ], [ -72.002939, -47.20924 ], [ -72.017374, -47.209919 ], [ -72.019755, -47.208622 ], [ -72.021105, -47.20544 ], [ -72.019411, -47.203079 ], [ -72.017512, -47.204936 ], [ -72.002611, -47.208797 ], [ -71.978425, -47.219502 ], [ -71.975495, -47.220803 ], [ -71.972504, -47.222123 ], [ -71.969659, -47.223382 ], [ -71.966553, -47.224759 ], [ -71.963524, -47.226098 ], [ -71.960595, -47.227395 ], [ -71.957703, -47.228673 ], [ -71.954544, -47.230073 ], [ -71.951607, -47.231374 ], [ -71.942802, -47.2193 ], [ -71.939613, -47.220082 ], [ -71.9365, -47.220921 ], [ -71.933295, -47.2217 ], [ -71.930022, -47.222482 ], [ -71.926749, -47.22292 ], [ -71.923552, -47.223531 ], [ -71.920119, -47.223851 ], [ -71.916846, -47.224229 ], [ -71.913481, -47.224611 ], [ -71.910208, -47.225168 ], [ -71.907263, -47.226289 ], [ -71.904814, -47.227815 ], [ -71.901373, -47.227911 ], [ -71.898016, -47.228174 ], [ -71.894583, -47.22838 ], [ -71.891225, -47.228536 ], [ -71.887952, -47.229086 ], [ -71.884588, -47.229753 ], [ -71.881635, -47.231047 ], [ -71.879102, -47.232511 ], [ -71.875913, -47.233183 ], [ -71.872716, -47.233904 ], [ -71.869359, -47.233999 ], [ -71.867375, -47.232103 ], [ -71.864544, -47.230887 ], [ -71.864903, -47.228548 ], [ -71.865773, -47.226328 ], [ -71.868725, -47.225202 ], [ -71.871915, -47.224592 ], [ -71.874944, -47.223528 ], [ -71.877477, -47.222005 ], [ -71.879765, -47.220361 ], [ -71.881879, -47.218545 ], [ -71.884748, -47.217424 ], [ -71.888097, -47.217557 ], [ -71.89121, -47.216779 ], [ -71.892072, -47.214559 ], [ -71.892774, -47.212278 ], [ -71.891797, -47.210046 ], [ -71.889806, -47.208211 ], [ -71.886548, -47.20762 ], [ -71.883199, -47.207543 ], [ -71.882893, -47.205258 ], [ -71.884007, -47.203095 ], [ -71.88654, -47.201627 ], [ -71.889485, -47.20033 ], [ -71.8896, -47.197991 ], [ -71.88963, -47.195653 ], [ -71.890248, -47.193089 ], [ -71.891034, -47.190869 ], [ -71.891728, -47.188649 ], [ -71.89201, -47.186364 ], [ -71.891285, -47.184021 ], [ -71.889302, -47.182182 ], [ -71.886379, -47.181084 ], [ -71.883122, -47.180603 ], [ -71.880291, -47.179333 ], [ -71.877544, -47.177948 ], [ -71.875141, -47.176277 ], [ -71.872562, -47.174606 ], [ -71.869739, -47.173275 ], [ -71.867412, -47.171494 ], [ -71.864245, -47.170616 ], [ -71.860988, -47.170086 ], [ -71.858073, -47.16898 ], [ -71.855067, -47.168049 ], [ -71.852328, -47.166721 ], [ -71.852106, -47.164375 ], [ -71.852221, -47.162098 ], [ -71.853419, -47.159992 ], [ -71.855868, -47.158466 ], [ -71.858561, -47.157169 ], [ -71.861094, -47.15559 ], [ -71.862048, -47.153369 ], [ -71.862994, -47.151206 ], [ -71.864199, -47.148986 ], [ -71.864809, -47.146709 ], [ -71.865427, -47.144489 ], [ -71.866122, -47.142207 ], [ -71.86532, -47.139976 ], [ -71.86384, -47.137916 ], [ -71.862276, -47.135905 ], [ -71.862139, -47.13362 ], [ -71.863169, -47.131461 ], [ -71.86445, -47.129355 ], [ -71.866152, -47.1272 ], [ -71.867853, -47.125212 ], [ -71.870546, -47.123919 ], [ -71.873324, -47.122679 ], [ -71.875933, -47.121264 ], [ -71.877802, -47.119395 ], [ -71.878245, -47.117117 ], [ -71.878191, -47.114775 ], [ -71.878725, -47.112494 ], [ -71.880007, -47.110331 ], [ -71.881457, -47.108229 ], [ -71.884394, -47.10716 ], [ -71.887499, -47.106382 ], [ -71.890765, -47.105833 ], [ -71.893878, -47.104936 ], [ -71.897059, -47.10404 ], [ -71.900256, -47.10309 ], [ -71.903109, -47.101968 ], [ -71.906215, -47.1009 ], [ -71.90916, -47.099832 ], [ -71.912585, -47.099679 ], [ -71.915851, -47.099244 ], [ -71.918712, -47.098062 ], [ -71.921405, -47.096646 ], [ -71.924259, -47.095468 ], [ -71.9267, -47.093884 ], [ -71.929722, -47.092873 ], [ -71.932911, -47.091866 ], [ -71.936016, -47.09108 ], [ -71.939121, -47.090298 ], [ -71.942387, -47.089806 ], [ -71.945652, -47.089306 ], [ -71.948834, -47.088585 ], [ -71.951031, -47.086827 ], [ -71.951893, -47.084549 ], [ -71.952168, -47.082211 ], [ -71.952778, -47.079929 ], [ -71.954808, -47.078117 ], [ -71.955922, -47.075897 ], [ -71.954861, -47.073665 ], [ -71.95287, -47.071831 ], [ -71.950298, -47.070389 ], [ -71.947643, -47.068775 ], [ -71.945072, -47.067219 ], [ -71.942669, -47.065552 ], [ -71.940433, -47.06377 ], [ -71.93803, -47.062214 ], [ -71.935283, -47.060947 ], [ -71.9322, -47.06007 ], [ -71.928866, -47.059768 ], [ -71.925524, -47.059807 ], [ -71.922259, -47.060127 ], [ -71.918925, -47.059883 ], [ -71.916857, -47.058044 ], [ -71.915209, -47.056091 ], [ -71.912806, -47.054481 ], [ -71.910234, -47.052929 ], [ -71.907831, -47.051315 ], [ -71.906183, -47.049308 ], [ -71.90471, -47.047248 ], [ -71.903146, -47.045181 ], [ -71.901498, -47.043174 ], [ -71.899774, -47.041107 ], [ -71.89779, -47.039272 ], [ -71.895806, -47.037433 ], [ -71.893998, -47.035369 ], [ -71.892853, -47.033248 ], [ -71.891381, -47.031131 ], [ -71.889565, -47.029063 ], [ -71.888176, -47.027003 ], [ -71.888703, -47.024779 ], [ -71.88781, -47.022601 ], [ -71.886337, -47.020541 ], [ -71.885445, -47.018367 ], [ -71.8843, -47.016188 ], [ -71.883247, -47.013846 ], [ -71.882271, -47.011615 ], [ -71.883468, -47.009394 ], [ -71.899643, -46.998972 ], [ -71.900635, -46.998331 ], [ -71.903237, -46.995993 ], [ -71.90699, -46.996283 ], [ -71.909997, -46.995779 ], [ -71.913933, -46.993562 ], [ -71.915604, -46.99225 ], [ -71.917794, -46.988031 ], [ -71.919694, -46.986783 ], [ -71.924447, -46.983682 ], [ -71.926507, -46.982637 ], [ -71.932839, -46.981706 ], [ -71.938859, -46.979035 ], [ -71.944032, -46.975133 ], [ -71.94581, -46.97379 ], [ -71.948984, -46.969864 ], [ -71.950838, -46.967572 ], [ -71.953355, -46.964325 ], [ -71.954607, -46.962719 ], [ -71.958055, -46.954441 ], [ -71.960176, -46.948631 ], [ -71.961084, -46.946163 ], [ -71.963769, -46.940929 ], [ -71.96486, -46.938796 ], [ -71.965829, -46.936656 ], [ -71.966958, -46.934169 ], [ -71.966394, -46.926856 ], [ -71.965409, -46.921027 ], [ -71.963868, -46.918853 ], [ -71.9609, -46.914847 ], [ -71.959519, -46.913245 ], [ -71.954399, -46.910521 ], [ -71.952194, -46.909346 ], [ -71.945213, -46.904364 ], [ -71.944396, -46.899565 ], [ -71.943893, -46.895273 ], [ -71.941474, -46.8892 ], [ -71.939025, -46.885023 ], [ -71.937857, -46.883032 ], [ -71.93363, -46.877138 ], [ -71.932478, -46.872911 ], [ -71.932776, -46.867738 ], [ -71.934736, -46.861623 ], [ -71.935072, -46.855336 ], [ -71.934973, -46.852513 ], [ -71.932989, -46.846566 ], [ -71.932577, -46.841164 ], [ -71.934019, -46.839024 ], [ -71.937131, -46.835713 ], [ -71.938558, -46.834206 ], [ -71.942022, -46.830391 ], [ -71.943708, -46.828358 ], [ -71.948301, -46.825054 ], [ -71.955473, -46.820266 ], [ -71.956861, -46.817798 ], [ -71.96018, -46.813392 ], [ -71.956678, -46.811073 ], [ -71.95297, -46.815338 ], [ -71.950132, -46.814151 ], [ -71.948781, -46.81216 ], [ -71.946264, -46.809661 ], [ -71.943769, -46.80939 ], [ -71.94077, -46.808319 ], [ -71.938931, -46.807361 ], [ -71.936765, -46.806854 ], [ -71.931859, -46.80648 ], [ -71.929196, -46.806266 ], [ -71.927441, -46.805191 ], [ -71.92593, -46.803596 ], [ -71.92384, -46.802185 ], [ -71.921261, -46.801624 ], [ -71.918354, -46.801635 ], [ -71.916843, -46.800216 ], [ -71.914753, -46.79903 ], [ -71.912677, -46.799152 ], [ -71.911976, -46.802188 ], [ -71.903041, -46.8036 ], [ -71.894801, -46.802288 ], [ -71.891162, -46.802296 ], [ -71.88872, -46.802101 ], [ -71.885028, -46.803234 ], [ -71.881297, -46.804054 ], [ -71.876322, -46.805195 ], [ -71.872011, -46.805683 ], [ -71.866083, -46.806259 ], [ -71.860017, -46.80521 ], [ -71.856363, -46.803238 ], [ -71.853921, -46.802532 ], [ -71.851434, -46.801968 ], [ -71.847718, -46.801194 ], [ -71.845063, -46.801037 ], [ -71.842454, -46.800865 ], [ -71.8368, -46.798756 ], [ -71.833664, -46.797486 ], [ -71.831322, -46.794876 ], [ -71.828308, -46.792832 ], [ -71.826645, -46.791638 ], [ -71.82505, -46.789818 ], [ -71.823204, -46.787888 ], [ -71.821785, -46.78624 ], [ -71.820442, -46.784649 ], [ -71.818771, -46.783283 ], [ -71.81652, -46.782208 ], [ -71.813773, -46.781765 ], [ -71.811614, -46.781368 ], [ -71.80812, -46.781269 ], [ -71.805037, -46.781037 ], [ -71.806433, -46.778103 ], [ -71.804137, -46.776661 ], [ -71.80152, -46.773186 ], [ -71.794188, -46.771973 ], [ -71.790419, -46.77029 ], [ -71.788671, -46.768959 ], [ -71.786916, -46.767612 ], [ -71.783483, -46.766312 ], [ -71.78137, -46.765278 ], [ -71.776609, -46.762211 ], [ -71.774282, -46.761387 ], [ -71.770612, -46.76009 ], [ -71.768338, -46.7575 ], [ -71.762333, -46.753212 ], [ -71.758686, -46.749378 ], [ -71.756748, -46.745811 ], [ -71.755688, -46.743431 ], [ -71.754749, -46.741321 ], [ -71.753215, -46.739288 ], [ -71.749683, -46.741905 ], [ -71.748393, -46.739658 ], [ -71.745975, -46.738639 ], [ -71.743899, -46.73796 ], [ -71.741237, -46.736824 ], [ -71.739322, -46.735862 ], [ -71.738139, -46.733356 ], [ -71.73556, -46.731368 ], [ -71.732981, -46.730346 ], [ -71.730402, -46.729442 ], [ -71.727404, -46.727626 ], [ -71.725573, -46.726436 ], [ -71.723574, -46.725013 ], [ -71.721323, -46.723766 ], [ -71.717363, -46.72195 ], [ -71.715364, -46.721 ], [ -71.71045, -46.718765 ], [ -71.7091, -46.716056 ], [ -71.707093, -46.715129 ], [ -71.701379, -46.71347 ], [ -71.697404, -46.712173 ], [ -71.694054, -46.709853 ], [ -71.692498, -46.708423 ], [ -71.689835, -46.704402 ], [ -71.688431, -46.702331 ], [ -71.684784, -46.70106 ], [ -71.682863, -46.699553 ], [ -71.681398, -46.700179 ] ] ] } },
{ "type": "Feature", "properties": { "cuenca": "BOLSONES INTERMONTANOS", "ubicacion": "ONSHORE", "tipo": "No Productiva", "origen_geo": "no_productiva", "cuenca_norm": "BOLSONES INTERMONTANOS", "cuenca_join_key": "BOLSONES INTERMONTANOS" }, "geometry": { "type": "MultiPolygon", "coordinates": [ [ [ [ -65.849051, -26.409681 ], [ -65.817266, -26.512324 ], [ -65.823482, -26.583342 ], [ -65.848027, -26.670098 ], [ -65.877559, -26.747309 ], [ -65.885291, -26.773427 ], [ -65.894425, -26.803515 ], [ -65.900967, -26.833096 ], [ -65.928062, -26.886719 ], [ -65.938951, -26.909885 ], [ -65.987285, -26.986932 ], [ -66.014139, -27.02853 ], [ -66.039178, -27.074183 ], [ -66.059282, -27.103359 ], [ -66.091096, -27.136211 ], [ -66.113518, -27.15502 ], [ -66.139982, -27.180006 ], [ -66.179573, -27.212609 ], [ -66.203114, -27.224511 ], [ -66.243506, -27.239327 ], [ -66.273159, -27.239579 ], [ -66.306657, -27.239129 ], [ -66.361327, -27.235167 ], [ -66.41387, -27.224938 ], [ -66.450822, -27.211189 ], [ -66.488882, -27.191666 ], [ -66.529763, -27.180626 ], [ -66.579393, -27.181314 ], [ -66.620062, -27.203457 ], [ -66.654104, -27.239544 ], [ -66.681165, -27.278147 ], [ -66.71823, -27.306685 ], [ -66.753391, -27.335839 ], [ -66.788836, -27.372425 ], [ -66.828991, -27.41399 ], [ -66.861091, -27.446084 ], [ -66.909383, -27.478757 ], [ -66.954009, -27.498384 ], [ -67.008725, -27.528505 ], [ -67.038915, -27.54117 ], [ -67.065735, -27.532196 ], [ -67.066234, -27.510419 ], [ -67.057252, -27.476975 ], [ -67.042847, -27.436271 ], [ -67.027359, -27.40076 ], [ -67.014837, -27.37602 ], [ -67.002913, -27.34954 ], [ -66.989301, -27.311666 ], [ -66.983104, -27.282689 ], [ -66.985925, -27.253392 ], [ -66.99206, -27.226849 ], [ -66.993195, -27.20448 ], [ -66.991085, -27.181655 ], [ -66.980608, -27.140814 ], [ -66.964039, -27.109335 ], [ -66.94287, -27.09348 ], [ -66.917357, -27.08178 ], [ -66.891202, -27.070093 ], [ -66.865677, -27.057815 ], [ -66.829028, -27.040175 ], [ -66.808892, -27.034571 ], [ -66.772476, -27.023218 ], [ -66.735393, -27.010729 ], [ -66.690318, -26.989911 ], [ -66.662994, -26.980511 ], [ -66.626486, -26.965109 ], [ -66.595184, -26.951827 ], [ -66.559194, -26.931813 ], [ -66.531073, -26.916695 ], [ -66.502065, -26.893582 ], [ -66.480402, -26.87882 ], [ -66.448677, -26.850055 ], [ -66.430816, -26.83345 ], [ -66.403555, -26.802816 ], [ -66.374131, -26.763667 ], [ -66.364376, -26.738203 ], [ -66.360452, -26.714287 ], [ -66.355299, -26.692117 ], [ -66.346276, -26.669506 ], [ -66.338214, -26.657158 ], [ -66.329598, -26.647686 ], [ -66.322316, -26.639896 ], [ -66.307918, -26.630034 ], [ -66.288009, -26.628927 ], [ -66.26672, -26.646171 ], [ -66.260238, -26.665832 ], [ -66.258242, -26.685358 ], [ -66.255124, -26.710636 ], [ -66.254577, -26.714093 ], [ -66.2521, -26.761099 ], [ -66.247273, -26.793881 ], [ -66.241422, -26.813518 ], [ -66.232588, -26.841257 ], [ -66.222373, -26.865606 ], [ -66.220519, -26.890277 ], [ -66.210898, -26.913457 ], [ -66.195121, -26.923661 ], [ -66.173325, -26.925457 ], [ -66.151373, -26.922099 ], [ -66.137196, -26.920796 ], [ -66.12416, -26.914309 ], [ -66.101783, -26.895502 ], [ -66.083943, -26.877705 ], [ -66.069769, -26.852932 ], [ -66.059504, -26.829759 ], [ -66.050897, -26.796805 ], [ -66.049775, -26.779096 ], [ -66.048884, -26.746499 ], [ -66.045557, -26.718539 ], [ -66.043037, -26.69686 ], [ -66.039993, -26.679206 ], [ -66.035475, -26.654725 ], [ -66.028518, -26.634317 ], [ -66.0221, -26.610457 ], [ -66.013841, -26.589508 ], [ -66.004909, -26.566872 ], [ -65.997939, -26.54589 ], [ -65.989473, -26.516935 ], [ -65.978534, -26.450363 ], [ -65.966532, -26.395733 ], [ -65.900148, -26.389936 ], [ -65.849051, -26.409681 ] ] ], [ [ [ -69.185112, -30.241465 ], [ -69.176648, -30.236042 ], [ -69.164357, -30.223432 ], [ -69.154275, -30.212596 ], [ -69.144376, -30.205489 ], [ -69.1257, -30.192181 ], [ -69.10751, -30.188188 ], [ -69.085458, -30.191808 ], [ -69.071045, -30.199819 ], [ -69.031052, -30.225587 ], [ -69.020352, -30.244662 ], [ -69.011316, -30.275827 ], [ -69.008988, -30.314222 ], [ -69.009651, -30.348772 ], [ -69.013494, -30.383203 ], [ -69.025261, -30.427621 ], [ -69.03622, -30.476739 ], [ -69.039158, -30.514007 ], [ -69.038246, -30.55889 ], [ -69.045453, -30.617495 ], [ -69.051149, -30.666801 ], [ -69.063031, -30.71215 ], [ -69.082946, -30.747841 ], [ -69.14086, -30.83817 ], [ -69.154746, -30.879691 ], [ -69.158871, -30.91784 ], [ -69.157976, -30.961783 ], [ -69.159938, -31.019635 ], [ -69.168315, -31.0978 ], [ -69.171069, -31.150014 ], [ -69.212524, -31.26614 ], [ -69.227175, -31.319769 ], [ -69.238316, -31.387539 ], [ -69.23699, -31.462321 ], [ -69.230666, -31.524226 ], [ -69.224229, -31.56131 ], [ -69.213567, -31.61517 ], [ -69.215778, -31.679415 ], [ -69.225, -31.764917 ], [ -69.277782, -31.838579 ], [ -69.311245, -31.89666 ], [ -69.368688, -31.921938 ], [ -69.443398, -31.903856 ], [ -69.504923, -31.87003 ], [ -69.547182, -31.825992 ], [ -69.581078, -31.728603 ], [ -69.607413, -31.599278 ], [ -69.635145, -31.507413 ], [ -69.670105, -31.442123 ], [ -69.68423, -31.32385 ], [ -69.668028, -31.227877 ], [ -69.628853, -31.080401 ], [ -69.624152, -31.035755 ], [ -69.623083, -30.998433 ], [ -69.614559, -30.942744 ], [ -69.608872, -30.899069 ], [ -69.600269, -30.841511 ], [ -69.595291, -30.809959 ], [ -69.581278, -30.769426 ], [ -69.554398, -30.726622 ], [ -69.527474, -30.682885 ], [ -69.506042, -30.641712 ], [ -69.477262, -30.601772 ], [ -69.455575, -30.574609 ], [ -69.431737, -30.546609 ], [ -69.412956, -30.513721 ], [ -69.387628, -30.477348 ], [ -69.356365, -30.448687 ], [ -69.323964, -30.418188 ], [ -69.292457, -30.383907 ], [ -69.270771, -30.354856 ], [ -69.216403, -30.287792 ], [ -69.198037, -30.260464 ], [ -69.185112, -30.241465 ] ] ], [ [ [ -67.633575, -31.399682 ], [ -67.683459, -31.280145 ], [ -67.759216, -31.150616 ], [ -67.8328, -31.064043 ], [ -67.926844, -31.016623 ], [ -68.008933, -31.054323 ], [ -68.060611, -31.125333 ], [ -68.097011, -31.183843 ], [ -68.149402, -31.199856 ], [ -68.194385, -31.188717 ], [ -68.237507, -31.154751 ], [ -68.274926, -31.101587 ], [ -68.300209, -31.034643 ], [ -68.357273, -30.924484 ], [ -68.401149, -30.819479 ], [ -68.481247, -30.708198 ], [ -68.542568, -30.609775 ], [ -68.598984, -30.496678 ], [ -68.613243, -30.392433 ], [ -68.605297, -30.282939 ], [ -68.595053, -30.203883 ], [ -68.577179, -30.081128 ], [ -68.561631, -29.98858 ], [ -68.567247, -29.895619 ], [ -68.641116, -29.709004 ], [ -68.661212, -29.59244 ], [ -68.654925, -29.500038 ], [ -68.617396, -29.438306 ], [ -68.532636, -29.415402 ], [ -68.461603, -29.441018 ], [ -68.415636, -29.494071 ], [ -68.373378, -29.569252 ], [ -68.332386, -29.65753 ], [ -68.282174, -29.760524 ], [ -68.238144, -29.830596 ], [ -68.178706, -29.911056 ], [ -68.133184, -29.980587 ], [ -68.09054, -30.055698 ], [ -68.036002, -30.146758 ], [ -67.968136, -30.238363 ], [ -67.908559, -30.311274 ], [ -67.879849, -30.350241 ], [ -67.687051, -30.566463 ], [ -67.598531, -30.701619 ], [ -67.524194, -30.86134 ], [ -67.485477, -30.999603 ], [ -67.443651, -31.130529 ], [ -67.418021, -31.266541 ], [ -67.395201, -31.340718 ], [ -67.633575, -31.399682 ] ] ], [ [ [ -68.007311, -27.316014 ], [ -67.989746, -27.341375 ], [ -67.947609, -27.336862 ], [ -67.915811, -27.318167 ], [ -67.889169, -27.284365 ], [ -67.861928, -27.251159 ], [ -67.851204, -27.197222 ], [ -67.825854, -27.162211 ], [ -67.815498, -27.116267 ], [ -67.792729, -27.050797 ], [ -67.782545, -27.008288 ], [ -67.786052, -26.954901 ], [ -67.776459, -26.91064 ], [ -67.752368, -26.88815 ], [ -67.719234, -26.910114 ], [ -67.681527, -26.976904 ], [ -67.661985, -27.032642 ], [ -67.638149, -27.047338 ], [ -67.623281, -27.045644 ], [ -67.575476, -27.041243 ], [ -67.558033, -27.071131 ], [ -67.555531, -27.135917 ], [ -67.549268, -27.187687 ], [ -67.538647, -27.227605 ], [ -67.504353, -27.287912 ], [ -67.468797, -27.301888 ], [ -67.426353, -27.337312 ], [ -67.401835, -27.386336 ], [ -67.415743, -27.427594 ], [ -67.436632, -27.465707 ], [ -67.462386, -27.511655 ], [ -67.484814, -27.554861 ], [ -67.503402, -27.598786 ], [ -67.519275, -27.654836 ], [ -67.538456, -27.727928 ], [ -67.528739, -27.806733 ], [ -67.520576, -27.860292 ], [ -67.515174, -27.918314 ], [ -67.485818, -27.94579 ], [ -67.466686, -27.937951 ], [ -67.44242, -27.915414 ], [ -67.421499, -27.879023 ], [ -67.409997, -27.850834 ], [ -67.396698, -27.826161 ], [ -67.375115, -27.788637 ], [ -67.354936, -27.753342 ], [ -67.335843, -27.728875 ], [ -67.318584, -27.734682 ], [ -67.319131, -27.781604 ], [ -67.321295, -27.820443 ], [ -67.336891, -27.870801 ], [ -67.35354, -27.914811 ], [ -67.369761, -27.963995 ], [ -67.37957, -28.014564 ], [ -67.384883, -28.082483 ], [ -67.39391, -28.145673 ], [ -67.38604, -28.176307 ], [ -67.363015, -28.218404 ], [ -67.319067, -28.241811 ], [ -67.273191, -28.233236 ], [ -67.252582, -28.221983 ], [ -67.223266, -28.187011 ], [ -67.208688, -28.162941 ], [ -67.194569, -28.133696 ], [ -67.185967, -28.095662 ], [ -67.183364, -28.061409 ], [ -67.17831, -28.014093 ], [ -67.169572, -27.972047 ], [ -67.160994, -27.934009 ], [ -67.153781, -27.880467 ], [ -67.145158, -27.84072 ], [ -67.135177, -27.799297 ], [ -67.120402, -27.750604 ], [ -67.104055, -27.7117 ], [ -67.084514, -27.673482 ], [ -67.062058, -27.643375 ], [ -67.034713, -27.620885 ], [ -67.00224, -27.581397 ], [ -66.963091, -27.553589 ], [ -66.91197, -27.533622 ], [ -66.868496, -27.528829 ], [ -66.820529, -27.524754 ], [ -66.781525, -27.536953 ], [ -66.753036, -27.554518 ], [ -66.730142, -27.58505 ], [ -66.688873, -27.62707 ], [ -66.653006, -27.657446 ], [ -66.604752, -27.665895 ], [ -66.57068, -27.652689 ], [ -66.483741, -27.583355 ], [ -66.436252, -27.532195 ], [ -66.405637, -27.503384 ], [ -66.362, -27.492149 ], [ -66.310221, -27.488582 ], [ -66.278369, -27.482111 ], [ -66.21112, -27.501875 ], [ -66.180161, -27.526254 ], [ -66.144991, -27.562205 ], [ -66.127026, -27.61309 ], [ -66.115087, -27.648356 ], [ -66.094468, -27.697602 ], [ -66.076158, -27.737616 ], [ -66.067431, -27.796247 ], [ -66.066264, -27.847784 ], [ -66.055808, -27.89158 ], [ -66.049166, -27.956448 ], [ -66.044178, -28.01095 ], [ -66.041789, -28.06539 ], [ -66.043233, -28.117996 ], [ -66.042466, -28.20787 ], [ -66.040468, -28.229671 ], [ -66.084931, -28.284488 ], [ -66.132299, -28.325477 ], [ -66.157651, -28.347052 ], [ -66.200068, -28.395025 ], [ -66.22479, -28.438364 ], [ -66.241922, -28.488788 ], [ -66.276563, -28.535254 ], [ -66.321951, -28.56937 ], [ -66.375464, -28.611799 ], [ -66.414377, -28.645505 ], [ -66.463882, -28.703486 ], [ -66.515232, -28.776265 ], [ -66.541308, -28.854404 ], [ -66.540779, -28.898488 ], [ -66.551306, -28.95996 ], [ -66.535532, -29.01884 ], [ -66.454499, -29.00537 ], [ -66.41039, -28.956953 ], [ -66.378256, -28.913308 ], [ -66.332382, -28.868921 ], [ -66.264173, -28.84179 ], [ -66.236311, -28.828885 ], [ -66.205516, -28.804618 ], [ -66.153766, -28.756345 ], [ -66.107581, -28.718189 ], [ -66.074986, -28.697378 ], [ -66.043569, -28.671948 ], [ -66.005074, -28.648997 ], [ -65.942853, -28.593498 ], [ -65.891531, -28.552554 ], [ -65.843366, -28.506364 ], [ -65.777435, -28.451466 ], [ -65.697537, -28.408915 ], [ -65.639158, -28.392096 ], [ -65.58842, -28.422559 ], [ -65.579662, -28.466256 ], [ -65.594724, -28.524816 ], [ -65.597998, -28.580813 ], [ -65.600162, -28.645415 ], [ -65.603406, -28.699684 ], [ -65.621479, -28.773045 ], [ -65.656197, -28.857427 ], [ -65.675424, -28.922164 ], [ -65.683454, -28.983176 ], [ -65.684102, -29.036373 ], [ -65.68525, -29.110726 ], [ -65.667156, -29.175829 ], [ -65.648543, -29.22036 ], [ -65.615907, -29.256079 ], [ -65.601513, -29.286179 ], [ -65.58709, -29.343177 ], [ -65.577836, -29.397179 ], [ -65.569137, -29.447171 ], [ -65.53837, -29.454208 ], [ -65.497548, -29.452907 ], [ -65.478248, -29.443074 ], [ -65.459387, -29.423491 ], [ -65.43776, -29.397115 ], [ -65.418787, -29.371247 ], [ -65.402488, -29.347027 ], [ -65.378177, -29.316703 ], [ -65.35336, -29.293246 ], [ -65.325785, -29.262409 ], [ -65.299486, -29.229254 ], [ -65.277936, -29.202284 ], [ -65.253188, -29.179377 ], [ -65.224995, -29.147964 ], [ -65.198287, -29.123955 ], [ -65.15689, -29.085374 ], [ -65.124202, -29.055763 ], [ -65.074906, -29.012183 ], [ -65.042282, -28.98369 ], [ -65.005026, -28.950708 ], [ -64.953954, -28.912846 ], [ -64.910903, -28.882247 ], [ -64.871917, -28.858991 ], [ -64.829606, -28.830635 ], [ -64.781961, -28.79494 ], [ -64.750833, -28.768069 ], [ -64.722984, -28.741704 ], [ -64.677429, -28.708789 ], [ -64.654229, -28.68576 ], [ -64.619106, -28.649213 ], [ -64.595238, -28.622177 ], [ -64.560768, -28.582741 ], [ -64.466943, -28.461582 ], [ -64.385999, -28.386712 ], [ -64.271307, -28.342398 ], [ -64.134217, -28.328462 ], [ -64.021377, -28.460609 ], [ -63.977216, -28.627525 ], [ -63.967352, -28.799231 ], [ -63.985877, -28.94044 ], [ -64.062332, -29.121579 ], [ -64.219527, -29.397312 ], [ -64.259188, -29.481367 ], [ -64.310229, -29.577234 ], [ -64.363534, -29.690784 ], [ -64.439846, -29.786228 ], [ -64.547939, -29.876541 ], [ -64.618706, -29.930813 ], [ -64.678802, -29.973795 ], [ -64.757821, -30.0393 ], [ -64.823408, -30.086129 ], [ -64.901172, -30.144715 ], [ -64.974758, -30.186748 ], [ -65.040313, -30.220328 ], [ -65.128689, -30.266552 ], [ -65.227485, -30.331947 ], [ -65.267962, -30.363667 ], [ -65.314644, -30.405538 ], [ -65.367456, -30.483856 ], [ -65.422713, -30.54838 ], [ -65.471455, -30.615887 ], [ -65.5212, -30.694794 ], [ -65.573376, -30.789069 ], [ -65.621545, -30.878842 ], [ -65.647508, -30.930831 ], [ -65.739036, -31.143622 ], [ -65.802581, -31.244958 ], [ -65.86786, -31.355948 ], [ -65.90333, -31.418529 ], [ -66.214467, -31.291564 ], [ -66.213277, -31.285807 ], [ -66.207848, -31.19501 ], [ -66.201641, -31.122539 ], [ -66.205972, -30.97768 ], [ -66.192938, -30.89968 ], [ -66.212515, -30.773833 ], [ -66.227963, -30.689289 ], [ -66.23473, -30.58268 ], [ -66.237664, -30.481898 ], [ -66.238651, -30.382889 ], [ -66.246457, -30.333464 ], [ -66.251881, -30.205713 ], [ -66.261142, -30.161384 ], [ -66.278286, -30.11511 ], [ -66.294658, -30.065991 ], [ -66.325787, -30.045026 ], [ -66.361035, -30.029091 ], [ -66.37747, -30.021837 ], [ -66.41792, -30.007326 ], [ -66.454335, -30.00792 ], [ -66.497053, -30.019179 ], [ -66.531398, -30.057 ], [ -66.565986, -30.10168 ], [ -66.596529, -30.143049 ], [ -66.629156, -30.206075 ], [ -66.654288, -30.281366 ], [ -66.672709, -30.353432 ], [ -66.682387, -30.42178 ], [ -66.699067, -30.499624 ], [ -66.72169, -30.57555 ], [ -66.731474, -30.663914 ], [ -66.724925, -30.780278 ], [ -66.714551, -30.883033 ], [ -66.706019, -30.962838 ], [ -66.680558, -31.075238 ], [ -66.674428, -31.186429 ], [ -66.669518, -31.269706 ], [ -67.020438, -31.278412 ], [ -67.010224, -31.209412 ], [ -67.011413, -31.11897 ], [ -67.042434, -30.987418 ], [ -67.083612, -30.878394 ], [ -67.126788, -30.754968 ], [ -67.191027, -30.661083 ], [ -67.272949, -30.53046 ], [ -67.352428, -30.426192 ], [ -67.45817, -30.334604 ], [ -67.562085, -30.251005 ], [ -67.641797, -30.178591 ], [ -67.793082, -30.066005 ], [ -67.918555, -29.946322 ], [ -68.023116, -29.809669 ], [ -68.101747, -29.701542 ], [ -68.171099, -29.609229 ], [ -68.241789, -29.493355 ], [ -68.268682, -29.425193 ], [ -68.286641, -29.323664 ], [ -68.27411, -29.243535 ], [ -68.219569, -29.16241 ], [ -68.142122, -29.134921 ], [ -68.041135, -29.177654 ], [ -67.941666, -29.268894 ], [ -67.872646, -29.382828 ], [ -67.825029, -29.507277 ], [ -67.763646, -29.67978 ], [ -67.718258, -29.800675 ], [ -67.670597, -29.932507 ], [ -67.584783, -30.026924 ], [ -67.484817, -30.073196 ], [ -67.401587, -30.062098 ], [ -67.364813, -30.005704 ], [ -67.353326, -29.919722 ], [ -67.376541, -29.825568 ], [ -67.404019, -29.739823 ], [ -67.438197, -29.657818 ], [ -67.463362, -29.550391 ], [ -67.525508, -29.41634 ], [ -67.590009, -29.310214 ], [ -67.611953, -29.270426 ], [ -67.631209, -29.154043 ], [ -67.606304, -29.078346 ], [ -67.544071, -28.98695 ], [ -67.486916, -28.935959 ], [ -67.436339, -28.884694 ], [ -67.386364, -28.814492 ], [ -67.382809, -28.743081 ], [ -67.409757, -28.682528 ], [ -67.428267, -28.624004 ], [ -67.488366, -28.577611 ], [ -67.544342, -28.605175 ], [ -67.612001, -28.615086 ], [ -67.650579, -28.586074 ], [ -67.660574, -28.530155 ], [ -67.653024, -28.460626 ], [ -67.675096, -28.397921 ], [ -67.733405, -28.360639 ], [ -67.75618, -28.330526 ], [ -67.817639, -28.3217 ], [ -67.874759, -28.303291 ], [ -67.899471, -28.24502 ], [ -67.916912, -28.155572 ], [ -67.869721, -28.132362 ], [ -67.813399, -28.151877 ], [ -67.773939, -28.141477 ], [ -67.757034, -28.081495 ], [ -67.776064, -28.026342 ], [ -67.827494, -27.985298 ], [ -67.911772, -27.939993 ], [ -67.937863, -27.899972 ], [ -67.948707, -27.823955 ], [ -67.948323, -27.743259 ], [ -67.954444, -27.663437 ], [ -67.957151, -27.60837 ], [ -67.9757, -27.53202 ], [ -67.996629, -27.494494 ], [ -68.068946, -27.53604 ], [ -68.079093, -27.616317 ], [ -68.07272, -27.688716 ], [ -68.056817, -27.75122 ], [ -68.05423, -27.821739 ], [ -68.048836, -27.887797 ], [ -68.067488, -27.940801 ], [ -68.104478, -27.968962 ], [ -68.148353, -27.977348 ], [ -68.20142, -28.001918 ], [ -68.216772, -28.037877 ], [ -68.237802, -28.083878 ], [ -68.274508, -28.090822 ], [ -68.308267, -28.090457 ], [ -68.343443, -28.132367 ], [ -68.352651, -28.174314 ], [ -68.405333, -28.201105 ], [ -68.41815, -28.158162 ], [ -68.424159, -28.096069 ], [ -68.437428, -28.023351 ], [ -68.428998, -27.97108 ], [ -68.415675, -27.911587 ], [ -68.397057, -27.849474 ], [ -68.390084, -27.826326 ], [ -68.392786, -27.789 ], [ -68.381595, -27.74543 ], [ -68.351937, -27.69469 ], [ -68.331561, -27.648102 ], [ -68.341934, -27.621871 ], [ -68.36629, -27.617337 ], [ -68.376376, -27.585405 ], [ -68.367255, -27.557192 ], [ -68.328822, -27.510849 ], [ -68.28141, -27.464893 ], [ -68.236762, -27.422228 ], [ -68.207108, -27.381757 ], [ -68.166372, -27.324593 ], [ -68.135041, -27.260701 ], [ -68.115711, -27.218612 ], [ -68.103914, -27.200234 ], [ -68.081176, -27.153702 ], [ -68.063035, -27.10869 ], [ -68.038354, -27.046784 ], [ -68.029003, -26.996235 ], [ -68.007818, -26.925005 ], [ -68.000935, -26.857178 ], [ -67.992344, -26.808312 ], [ -67.970978, -26.760561 ], [ -67.960741, -26.746679 ], [ -67.953317, -26.709208 ], [ -67.960505, -26.683143 ], [ -67.975458, -26.658467 ], [ -67.983673, -26.62663 ], [ -67.965137, -26.598793 ], [ -67.956768, -26.56881 ], [ -67.970343, -26.527588 ], [ -67.976458, -26.491827 ], [ -67.963799, -26.466028 ], [ -67.945207, -26.435904 ], [ -67.927986, -26.408007 ], [ -67.919675, -26.378575 ], [ -67.918315, -26.347152 ], [ -67.925888, -26.315345 ], [ -67.932409, -26.273849 ], [ -67.925626, -26.235206 ], [ -67.915588, -26.209862 ], [ -67.90413, -26.196029 ], [ -67.891258, -26.178817 ], [ -67.8693, -26.143094 ], [ -67.85346, -26.146043 ], [ -67.851288, -26.185059 ], [ -67.836319, -26.223472 ], [ -67.8107, -26.237127 ], [ -67.767337, -26.25436 ], [ -67.739492, -26.291568 ], [ -67.745059, -26.333135 ], [ -67.744762, -26.356617 ], [ -67.750431, -26.400472 ], [ -67.755616, -26.447779 ], [ -67.772294, -26.479155 ], [ -67.79552, -26.498234 ], [ -67.826731, -26.524428 ], [ -67.853133, -26.557689 ], [ -67.860637, -26.598023 ], [ -67.860801, -26.631789 ], [ -67.862975, -26.68208 ], [ -67.872411, -26.722331 ], [ -67.877321, -26.776521 ], [ -67.888126, -26.818429 ], [ -67.91343, -26.8832 ], [ -67.942068, -26.935239 ], [ -67.961788, -26.988787 ], [ -67.98307, -27.047997 ], [ -67.991945, -27.102569 ], [ -68.001499, -27.129067 ], [ -68.02363, -27.191666 ], [ -68.026697, -27.25966 ], [ -68.020933, -27.289101 ], [ -68.007311, -27.316014 ] ], [ [ -67.055338, -28.462713 ], [ -67.072713, -28.509025 ], [ -67.092233, -28.542664 ], [ -67.128721, -28.575683 ], [ -67.153633, -28.578787 ], [ -67.174383, -28.541393 ], [ -67.195382, -28.493692 ], [ -67.230915, -28.502107 ], [ -67.25195, -28.556271 ], [ -67.265287, -28.613588 ], [ -67.275881, -28.666989 ], [ -67.292196, -28.71617 ], [ -67.30733, -28.78429 ], [ -67.298123, -28.848737 ], [ -67.294603, -28.908393 ], [ -67.289786, -28.984695 ], [ -67.274126, -29.052243 ], [ -67.235376, -29.117213 ], [ -67.217291, -29.191133 ], [ -67.213835, -29.270243 ], [ -67.221453, -29.380418 ], [ -67.219925, -29.474903 ], [ -67.213427, -29.543817 ], [ -67.199752, -29.61471 ], [ -67.167921, -29.677109 ], [ -67.150981, -29.733238 ], [ -67.122729, -29.787485 ], [ -67.059569, -29.828094 ], [ -67.009249, -29.807559 ], [ -66.955192, -29.721326 ], [ -66.91676, -29.627098 ], [ -66.89064, -29.524987 ], [ -66.88297, -29.458868 ], [ -66.879051, -29.386895 ], [ -66.855363, -29.294993 ], [ -66.812895, -29.246083 ], [ -66.779131, -29.200862 ], [ -66.734777, -29.152557 ], [ -66.705459, -29.081991 ], [ -66.695692, -29.007351 ], [ -66.6839, -28.949365 ], [ -66.666942, -28.893261 ], [ -66.636204, -28.835323 ], [ -66.60874, -28.776698 ], [ -66.600167, -28.715165 ], [ -66.582431, -28.652783 ], [ -66.545931, -28.5744 ], [ -66.521501, -28.545427 ], [ -66.491285, -28.518333 ], [ -66.469251, -28.502434 ], [ -66.465118, -28.494391 ], [ -66.463835, -28.485437 ], [ -66.465631, -28.476526 ], [ -66.471564, -28.472052 ], [ -66.47737, -28.4707 ], [ -66.502699, -28.467611 ], [ -66.540232, -28.47901 ], [ -66.577485, -28.501856 ], [ -66.601536, -28.51939 ], [ -66.629462, -28.555109 ], [ -66.647691, -28.592857 ], [ -66.664305, -28.640388 ], [ -66.680016, -28.680505 ], [ -66.686092, -28.705494 ], [ -66.707739, -28.72709 ], [ -66.741441, -28.737989 ], [ -66.772336, -28.762138 ], [ -66.799177, -28.819039 ], [ -66.814247, -28.875761 ], [ -66.834296, -28.924291 ], [ -66.858139, -28.950378 ], [ -66.904415, -28.944202 ], [ -66.921154, -28.900132 ], [ -66.915505, -28.834511 ], [ -66.906602, -28.750685 ], [ -66.904941, -28.668324 ], [ -66.918743, -28.598019 ], [ -66.927242, -28.526182 ], [ -66.922221, -28.44108 ], [ -66.922932, -28.37008 ], [ -66.940818, -28.324241 ], [ -66.975365, -28.307576 ], [ -67.000089, -28.325019 ], [ -67.022583, -28.370006 ], [ -67.037869, -28.413544 ], [ -67.055338, -28.462713 ] ] ] ] } },
{ "type": "Feature", "properties": { "cuenca": "CAÑADON ASFALTO", "ubicacion": "ONSHORE", "tipo": "No Productiva", "origen_geo": "no_productiva", "cuenca_norm": "CANADON ASFALTO", "cuenca_join_key": "CANADON ASFALTO" }, "geometry": { "type": "Polygon", "coordinates": [ [ [ -66.792564, -41.982487 ], [ -66.821087, -41.999177 ], [ -66.839314, -42.012218 ], [ -66.852641, -42.032958 ], [ -66.845789, -42.063548 ], [ -66.831417, -42.099979 ], [ -66.796205, -42.12341 ], [ -66.761214, -42.156347 ], [ -66.720884, -42.181732 ], [ -66.685869, -42.216554 ], [ -66.663501, -42.245467 ], [ -66.656624, -42.279863 ], [ -66.662439, -42.308349 ], [ -66.675636, -42.323394 ], [ -66.674039, -42.363418 ], [ -66.651656, -42.394228 ], [ -66.631455, -42.409763 ], [ -66.619233, -42.436612 ], [ -66.643184, -42.470554 ], [ -66.674879, -42.504383 ], [ -66.693363, -42.523157 ], [ -66.683619, -42.546161 ], [ -66.663571, -42.56932 ], [ -66.677143, -42.597695 ], [ -66.683177, -42.6338 ], [ -66.668256, -42.65688 ], [ -66.630199, -42.684101 ], [ -66.604616, -42.693996 ], [ -66.555986, -42.713726 ], [ -66.540839, -42.729164 ], [ -66.541342, -42.752018 ], [ -66.559859, -42.770813 ], [ -66.576322, -42.812498 ], [ -66.587553, -42.850438 ], [ -66.593738, -42.894166 ], [ -66.589703, -42.943749 ], [ -66.593268, -42.985605 ], [ -66.602163, -43.033094 ], [ -66.608379, -43.076818 ], [ -66.655691, -43.099003 ], [ -66.705721, -43.124927 ], [ -66.73505, -43.15306 ], [ -66.799184, -43.216825 ], [ -66.818169, -43.2451 ], [ -66.843439, -43.311359 ], [ -66.849497, -43.341741 ], [ -66.879151, -43.375539 ], [ -66.919172, -43.405348 ], [ -66.988314, -43.446075 ], [ -67.039129, -43.483274 ], [ -67.084708, -43.51865 ], [ -67.122315, -43.548427 ], [ -67.175788, -43.581715 ], [ -67.229051, -43.607355 ], [ -67.300719, -43.632601 ], [ -67.361676, -43.650405 ], [ -67.425076, -43.662411 ], [ -67.509545, -43.675824 ], [ -67.567382, -43.67836 ], [ -67.622509, -43.67901 ], [ -67.674232, -43.660672 ], [ -67.702418, -43.644764 ], [ -67.748851, -43.626512 ], [ -67.777661, -43.625817 ], [ -67.798097, -43.633189 ], [ -67.812296, -43.638305 ], [ -67.856334, -43.684839 ], [ -67.881992, -43.729916 ], [ -67.893576, -43.758036 ], [ -67.898063, -43.765308 ], [ -67.905672, -43.777629 ], [ -67.910652, -43.799875 ], [ -67.915732, -43.823044 ], [ -67.920406, -43.842487 ], [ -67.918532, -43.871697 ], [ -67.89515, -43.90213 ], [ -67.858724, -43.918271 ], [ -67.816755, -43.918765 ], [ -67.759469, -43.906953 ], [ -67.667437, -43.879203 ], [ -67.643586, -43.870188 ], [ -67.588417, -43.865685 ], [ -67.551069, -43.86113 ], [ -67.503798, -43.858984 ], [ -67.4753, -43.853937 ], [ -67.437481, -43.844679 ], [ -67.396362, -43.838847 ], [ -67.378665, -43.838781 ], [ -67.359205, -43.837123 ], [ -67.335647, -43.837607 ], [ -67.321113, -43.837902 ], [ -67.297497, -43.838381 ], [ -67.284405, -43.839404 ], [ -67.231759, -43.842238 ], [ -67.225044, -43.842887 ], [ -67.193527, -43.845931 ], [ -67.167202, -43.851044 ], [ -67.160108, -43.852968 ], [ -67.116799, -43.864717 ], [ -67.067658, -43.892285 ], [ -67.036963, -43.921403 ], [ -66.998628, -43.960167 ], [ -66.965582, -44.000732 ], [ -66.940219, -44.035448 ], [ -66.903896, -44.057008 ], [ -66.877987, -44.074571 ], [ -66.833739, -44.098151 ], [ -66.783856, -44.110354 ], [ -66.761023, -44.157612 ], [ -66.761643, -44.161956 ], [ -66.754542, -44.200323 ], [ -66.780059, -44.262779 ], [ -66.797101, -44.30441 ], [ -66.829913, -44.340077 ], [ -66.852807, -44.398753 ], [ -66.838382, -44.452305 ], [ -66.81809, -44.486912 ], [ -66.805534, -44.513765 ], [ -66.803924, -44.551879 ], [ -66.837114, -44.595157 ], [ -66.855746, -44.594858 ], [ -66.909704, -44.616831 ], [ -67.021554, -44.613022 ], [ -67.027075, -44.612206 ], [ -67.138267, -44.595676 ], [ -67.196471, -44.583155 ], [ -67.249648, -44.580222 ], [ -67.29033, -44.526097 ], [ -67.301353, -44.463024 ], [ -67.331838, -44.424318 ], [ -67.377573, -44.368152 ], [ -67.448682, -44.353323 ], [ -67.567244, -44.331689 ], [ -67.633672, -44.333998 ], [ -67.681704, -44.340503 ], [ -67.758743, -44.342482 ], [ -67.808865, -44.33555 ], [ -67.895265, -44.310553 ], [ -67.926886, -44.305938 ], [ -67.981781, -44.289288 ], [ -68.028076, -44.259507 ], [ -68.077149, -44.233435 ], [ -68.148631, -44.18006 ], [ -68.167847, -44.141428 ], [ -68.192712, -44.110269 ], [ -68.196249, -44.075882 ], [ -68.165022, -44.032929 ], [ -68.142508, -44.004981 ], [ -68.11438, -43.969559 ], [ -68.092847, -43.960616 ], [ -68.067485, -43.927012 ], [ -68.060193, -43.885294 ], [ -68.055365, -43.839709 ], [ -68.090206, -43.798776 ], [ -68.138123, -43.757459 ], [ -68.197716, -43.740571 ], [ -68.264471, -43.761542 ], [ -68.303586, -43.806144 ], [ -68.36137, -43.853985 ], [ -68.424391, -43.899742 ], [ -68.500146, -43.935551 ], [ -68.559105, -43.952782 ], [ -68.655333, -44.020235 ], [ -68.720711, -44.054321 ], [ -68.765296, -44.092867 ], [ -68.817976, -44.133028 ], [ -68.856705, -44.160309 ], [ -68.901577, -44.200698 ], [ -68.943265, -44.231661 ], [ -69.013593, -44.253976 ], [ -69.065854, -44.242605 ], [ -69.138067, -44.213349 ], [ -69.171394, -44.196893 ], [ -69.185566, -44.171617 ], [ -69.187876, -44.127715 ], [ -69.16732, -44.05798 ], [ -69.153585, -44.010853 ], [ -69.124616, -43.971888 ], [ -69.104063, -43.940238 ], [ -69.088663, -43.906506 ], [ -69.081785, -43.881975 ], [ -69.082403, -43.868256 ], [ -69.076028, -43.846565 ], [ -69.080944, -43.805847 ], [ -69.086037, -43.799226 ], [ -69.103799, -43.776122 ], [ -69.13134, -43.714135 ], [ -69.135802, -43.680012 ], [ -69.130685, -43.60146 ], [ -69.112694, -43.574861 ], [ -69.114943, -43.545479 ], [ -69.121788, -43.52999 ], [ -69.131742, -43.522013 ], [ -69.182894, -43.461067 ], [ -69.184986, -43.417187 ], [ -69.187809, -43.380884 ], [ -69.175011, -43.34516 ], [ -69.149705, -43.317496 ], [ -69.104962, -43.311494 ], [ -69.046917, -43.342145 ], [ -69.003849, -43.36272 ], [ -68.974253, -43.39042 ], [ -68.950675, -43.431255 ], [ -68.926709, -43.466378 ], [ -68.903048, -43.493003 ], [ -68.875278, -43.523386 ], [ -68.825101, -43.559369 ], [ -68.778157, -43.56283 ], [ -68.683089, -43.594516 ], [ -68.662262, -43.597092 ], [ -68.63829, -43.635952 ], [ -68.610912, -43.66159 ], [ -68.567557, -43.683905 ], [ -68.523764, -43.698607 ], [ -68.453931, -43.717876 ], [ -68.419532, -43.7132 ], [ -68.354203, -43.66941 ], [ -68.347146, -43.63533 ], [ -68.341526, -43.57834 ], [ -68.349398, -43.528577 ], [ -68.375428, -43.476376 ], [ -68.399811, -43.443269 ], [ -68.426897, -43.411977 ], [ -68.446834, -43.394226 ], [ -68.473863, -43.362926 ], [ -68.499925, -43.314506 ], [ -68.513784, -43.28169 ], [ -68.561535, -43.249725 ], [ -68.639033, -43.237753 ], [ -68.651426, -43.236113 ], [ -68.695919, -43.230206 ], [ -68.760592, -43.222381 ], [ -68.808407, -43.237947 ], [ -68.837576, -43.24649 ], [ -68.917957, -43.239948 ], [ -68.997126, -43.214345 ], [ -69.039489, -43.184272 ], [ -69.051704, -43.130496 ], [ -69.033919, -43.054914 ], [ -69.027899, -43.04179 ], [ -69.028426, -42.967456 ], [ -69.036154, -42.925274 ], [ -69.038341, -42.877554 ], [ -69.055778, -42.82549 ], [ -69.089038, -42.778577 ], [ -69.118301, -42.750854 ], [ -69.141543, -42.709992 ], [ -69.15431, -42.667609 ], [ -69.174677, -42.62304 ], [ -69.176518, -42.571527 ], [ -69.204423, -42.524773 ], [ -69.225323, -42.489696 ], [ -69.253772, -42.452434 ], [ -69.302462, -42.41059 ], [ -69.365805, -42.396747 ], [ -69.431164, -42.37517 ], [ -69.491743, -42.35946 ], [ -69.564043, -42.328006 ], [ -69.605956, -42.303451 ], [ -69.651069, -42.288281 ], [ -69.718079, -42.256944 ], [ -69.772665, -42.231803 ], [ -69.816425, -42.199469 ], [ -69.866233, -42.180201 ], [ -69.92126, -42.162601 ], [ -69.96297, -42.172214 ], [ -70.010518, -42.191102 ], [ -70.074642, -42.192066 ], [ -70.131252, -42.195249 ], [ -70.200793, -42.199725 ], [ -70.241946, -42.201646 ], [ -70.270581, -42.17555 ], [ -70.294397, -42.153492 ], [ -70.28668, -42.121453 ], [ -70.260677, -42.084541 ], [ -70.240552, -42.056889 ], [ -70.177772, -42.038791 ], [ -70.11771, -42.022454 ], [ -70.055862, -42.015686 ], [ -69.996004, -42.001183 ], [ -69.909859, -42.010641 ], [ -69.843649, -42.013475 ], [ -69.776669, -42.041075 ], [ -69.713141, -42.081838 ], [ -69.66256, -42.125843 ], [ -69.620107, -42.17711 ], [ -69.580971, -42.203461 ], [ -69.513023, -42.221424 ], [ -69.467662, -42.232737 ], [ -69.401173, -42.235322 ], [ -69.35897, -42.256003 ], [ -69.309178, -42.278855 ], [ -69.248281, -42.328783 ], [ -69.195102, -42.380299 ], [ -69.148572, -42.416304 ], [ -69.094402, -42.45447 ], [ -69.063398, -42.493682 ], [ -69.040074, -42.532624 ], [ -69.006309, -42.570015 ], [ -68.97075, -42.620798 ], [ -68.931862, -42.660253 ], [ -68.903356, -42.701251 ], [ -68.871668, -42.732818 ], [ -68.840281, -42.770079 ], [ -68.808514, -42.801629 ], [ -68.793339, -42.851679 ], [ -68.778592, -42.909328 ], [ -68.755379, -42.955821 ], [ -68.723596, -42.989252 ], [ -68.699116, -43.014818 ], [ -68.63681, -43.014913 ], [ -68.594824, -43.006721 ], [ -68.57532, -42.982561 ], [ -68.588954, -42.947844 ], [ -68.620369, -42.906842 ], [ -68.640304, -42.892865 ], [ -68.660676, -42.840772 ], [ -68.630873, -42.816961 ], [ -68.562877, -42.803859 ], [ -68.510601, -42.794053 ], [ -68.466591, -42.793487 ], [ -68.418404, -42.762552 ], [ -68.411159, -42.722761 ], [ -68.41205, -42.690346 ], [ -68.443958, -42.6589 ], [ -68.491696, -42.634586 ], [ -68.555784, -42.626892 ], [ -68.593985, -42.618067 ], [ -68.629084, -42.599803 ], [ -68.661163, -42.574012 ], [ -68.654522, -42.547548 ], [ -68.628067, -42.535051 ], [ -68.558213, -42.529639 ], [ -68.506484, -42.525525 ], [ -68.472861, -42.522745 ], [ -68.394342, -42.498435 ], [ -68.3469, -42.476979 ], [ -68.304265, -42.44774 ], [ -68.32289, -42.409092 ], [ -68.365648, -42.390679 ], [ -68.417765, -42.354835 ], [ -68.444675, -42.329251 ], [ -68.466353, -42.301913 ], [ -68.477153, -42.26348 ], [ -68.495326, -42.2191 ], [ -68.526053, -42.170511 ], [ -68.53701, -42.135872 ], [ -68.519255, -42.090697 ], [ -68.504874, -42.060655 ], [ -68.515221, -42.014601 ], [ -68.507823, -41.971003 ], [ -68.529348, -41.943657 ], [ -68.555544, -41.908545 ], [ -68.582434, -41.886742 ], [ -68.609402, -41.866833 ], [ -68.630441, -41.831867 ], [ -68.633665, -41.797455 ], [ -68.680067, -41.761671 ], [ -68.718911, -41.728009 ], [ -68.755502, -41.700126 ], [ -68.811004, -41.692572 ], [ -68.876964, -41.690345 ], [ -68.959378, -41.708459 ], [ -69.036761, -41.726702 ], [ -69.120388, -41.721802 ], [ -69.157848, -41.710913 ], [ -69.202551, -41.694031 ], [ -69.244583, -41.675312 ], [ -69.276441, -41.65697 ], [ -69.313107, -41.634629 ], [ -69.363407, -41.626995 ], [ -69.426844, -41.626451 ], [ -69.451802, -41.619762 ], [ -69.519909, -41.613262 ], [ -69.569375, -41.594141 ], [ -69.603373, -41.571807 ], [ -69.634944, -41.551466 ], [ -69.672615, -41.546119 ], [ -69.702312, -41.571576 ], [ -69.711779, -41.597862 ], [ -69.709801, -41.641777 ], [ -69.698101, -41.691808 ], [ -69.682766, -41.726739 ], [ -69.66755, -41.763573 ], [ -69.675034, -41.797566 ], [ -69.709286, -41.84951 ], [ -69.746777, -41.874635 ], [ -69.8007, -41.88 ], [ -69.869307, -41.877085 ], [ -69.927336, -41.868873 ], [ -69.984909, -41.854933 ], [ -70.038607, -41.823985 ], [ -70.090155, -41.798826 ], [ -70.124354, -41.780143 ], [ -70.156909, -41.740561 ], [ -70.157676, -41.685267 ], [ -70.137451, -41.653783 ], [ -70.081664, -41.621983 ], [ -70.058456, -41.617297 ], [ -69.991665, -41.606902 ], [ -69.948634, -41.574476 ], [ -69.948897, -41.543982 ], [ -69.979062, -41.506455 ], [ -70.012007, -41.472619 ], [ -70.037638, -41.442898 ], [ -70.058619, -41.419099 ], [ -70.097105, -41.392607 ], [ -70.120862, -41.372489 ], [ -70.15381, -41.340508 ], [ -70.162859, -41.326759 ], [ -70.168509, -41.301732 ], [ -70.182322, -41.251551 ], [ -70.172152, -41.217719 ], [ -70.124951, -41.227469 ], [ -70.071898, -41.260333 ], [ -70.0108, -41.253515 ], [ -69.971915, -41.23997 ], [ -69.915736, -41.230978 ], [ -69.884992, -41.224675 ], [ -69.862891, -41.233243 ], [ -69.839641, -41.26091 ], [ -69.807598, -41.271796 ], [ -69.769241, -41.229582 ], [ -69.764038, -41.191683 ], [ -69.766796, -41.159171 ], [ -69.76106, -41.113674 ], [ -69.753635, -41.079679 ], [ -69.748732, -41.045581 ], [ -69.745671, -41.001878 ], [ -69.74328, -40.967677 ], [ -69.730745, -40.931983 ], [ -69.721909, -40.913294 ], [ -69.705042, -40.887306 ], [ -69.674863, -40.886645 ], [ -69.648362, -40.902981 ], [ -69.607074, -40.923717 ], [ -69.56435, -40.923527 ], [ -69.533403, -40.911425 ], [ -69.506594, -40.885804 ], [ -69.488061, -40.871289 ], [ -69.458411, -40.840064 ], [ -69.426041, -40.805109 ], [ -69.404195, -40.777373 ], [ -69.385716, -40.762837 ], [ -69.366887, -40.7426 ], [ -69.340093, -40.715039 ], [ -69.311422, -40.69707 ], [ -69.265517, -40.683548 ], [ -69.229612, -40.669641 ], [ -69.181478, -40.659989 ], [ -69.158782, -40.657009 ], [ -69.10805, -40.68744 ], [ -69.078638, -40.698027 ], [ -69.051722, -40.708521 ], [ -69.029073, -40.749349 ], [ -69.01606, -40.78411 ], [ -69.041265, -40.828959 ], [ -69.066271, -40.869998 ], [ -69.08642, -40.913106 ], [ -69.109211, -40.958022 ], [ -69.128612, -40.987819 ], [ -69.150878, -41.023212 ], [ -69.170316, -41.052989 ], [ -69.184866, -41.084853 ], [ -69.192581, -41.128403 ], [ -69.191955, -41.15892 ], [ -69.198159, -41.177749 ], [ -69.212742, -41.209607 ], [ -69.224723, -41.239657 ], [ -69.21642, -41.268552 ], [ -69.215209, -41.289554 ], [ -69.20678, -41.316553 ], [ -69.190308, -41.336212 ], [ -69.176353, -41.355783 ], [ -69.146429, -41.362592 ], [ -69.080127, -41.353558 ], [ -69.036551, -41.343682 ], [ -69.017757, -41.325289 ], [ -69.020988, -41.294684 ], [ -69.023549, -41.252665 ], [ -69.027679, -41.237269 ], [ -69.048865, -41.211747 ], [ -69.069473, -41.176711 ], [ -69.062282, -41.140754 ], [ -69.049499, -41.095468 ], [ -69.037866, -41.069209 ], [ -69.008214, -41.035948 ], [ -68.989634, -41.019454 ], [ -68.960914, -41.001396 ], [ -68.92948, -40.979619 ], [ -68.921086, -40.964666 ], [ -68.922283, -40.941758 ], [ -68.918575, -40.920921 ], [ -68.907571, -40.904144 ], [ -68.883074, -40.870677 ], [ -68.869475, -40.852081 ], [ -68.848363, -40.833743 ], [ -68.8326, -40.820935 ], [ -68.814239, -40.806311 ], [ -68.80578, -40.78944 ], [ -68.796908, -40.764958 ], [ -68.790966, -40.748003 ], [ -68.777622, -40.733202 ], [ -68.764286, -40.718402 ], [ -68.726068, -40.706323 ], [ -68.686183, -40.709525 ], [ -68.667597, -40.736807 ], [ -68.646092, -40.756559 ], [ -68.628776, -40.760926 ], [ -68.605072, -40.738809 ], [ -68.588083, -40.701233 ], [ -68.564318, -40.677202 ], [ -68.548547, -40.662454 ], [ -68.52836, -40.659268 ], [ -68.490984, -40.66233 ], [ -68.474538, -40.683802 ], [ -68.478387, -40.710359 ], [ -68.474623, -40.735254 ], [ -68.473646, -40.76578 ], [ -68.485192, -40.795912 ], [ -68.498961, -40.820267 ], [ -68.517761, -40.844464 ], [ -68.532045, -40.87832 ], [ -68.542948, -40.895131 ], [ -68.528679, -40.910823 ], [ -68.487406, -40.938776 ], [ -68.46366, -40.966188 ], [ -68.452544, -40.995112 ], [ -68.438809, -41.022207 ], [ -68.425732, -41.062627 ], [ -68.399209, -41.086289 ], [ -68.352362, -41.106745 ], [ -68.291992, -41.108511 ], [ -68.234033, -41.108264 ], [ -68.206448, -41.110957 ], [ -68.168711, -41.112017 ], [ -68.124027, -41.1266 ], [ -68.101881, -41.138637 ], [ -68.085207, -41.160053 ], [ -68.081794, -41.196356 ], [ -68.067783, -41.221512 ], [ -68.048966, -41.252503 ], [ -68.009627, -41.276428 ], [ -67.966329, -41.268036 ], [ -67.928321, -41.265214 ], [ -67.913918, -41.282742 ], [ -67.900231, -41.317386 ], [ -67.88628, -41.346331 ], [ -67.852108, -41.375774 ], [ -67.820364, -41.403247 ], [ -67.788186, -41.421204 ], [ -67.758148, -41.429554 ], [ -67.717002, -41.4134 ], [ -67.652615, -41.384432 ], [ -67.616432, -41.364319 ], [ -67.56924, -41.319665 ], [ -67.542872, -41.289772 ], [ -67.516525, -41.259867 ], [ -67.46531, -41.240038 ], [ -67.391842, -41.232091 ], [ -67.35879, -41.225167 ], [ -67.327765, -41.202938 ], [ -67.303939, -41.169129 ], [ -67.280142, -41.135305 ], [ -67.259687, -41.126195 ], [ -67.21221, -41.13857 ], [ -67.162295, -41.15478 ], [ -67.133057, -41.187731 ], [ -67.091052, -41.217101 ], [ -67.063422, -41.22142 ], [ -67.027893, -41.214452 ], [ -67.004761, -41.199616 ], [ -66.973968, -41.181106 ], [ -66.950921, -41.168173 ], [ -66.923149, -41.166743 ], [ -66.890637, -41.176822 ], [ -66.858274, -41.192608 ], [ -66.83865, -41.213887 ], [ -66.809115, -41.242945 ], [ -66.794509, -41.264145 ], [ -66.74674, -41.272513 ], [ -66.70386, -41.275082 ], [ -66.661035, -41.279541 ], [ -66.623205, -41.281991 ], [ -66.577839, -41.286454 ], [ -66.524941, -41.292899 ], [ -66.500278, -41.321816 ], [ -66.493292, -41.350497 ], [ -66.503963, -41.37702 ], [ -66.52215, -41.399639 ], [ -66.553132, -41.427802 ], [ -66.568983, -41.458056 ], [ -66.584934, -41.49213 ], [ -66.585697, -41.526421 ], [ -66.575986, -41.545614 ], [ -66.558692, -41.56681 ], [ -66.518324, -41.576884 ], [ -66.462213, -41.562395 ], [ -66.426363, -41.545706 ], [ -66.357162, -41.506561 ], [ -66.341784, -41.497215 ], [ -66.287776, -41.452125 ], [ -66.259338, -41.41816 ], [ -66.236105, -41.391738 ], [ -66.195148, -41.361704 ], [ -66.161862, -41.335383 ], [ -66.14399, -41.324134 ], [ -66.085654, -41.309479 ], [ -66.042629, -41.304184 ], [ -65.992129, -41.306549 ], [ -65.94693, -41.327904 ], [ -65.9271, -41.36046 ], [ -65.937586, -41.390855 ], [ -65.986236, -41.436162 ], [ -66.047263, -41.454649 ], [ -66.108619, -41.49406 ], [ -66.154853, -41.533607 ], [ -66.18845, -41.573261 ], [ -66.20909, -41.593998 ], [ -66.249909, -41.606884 ], [ -66.319014, -41.638476 ], [ -66.372769, -41.660688 ], [ -66.406082, -41.67552 ], [ -66.480466, -41.708854 ], [ -66.52917, -41.72726 ], [ -66.567513, -41.736251 ], [ -66.606081, -41.754763 ], [ -66.642805, -41.801864 ], [ -66.648785, -41.83988 ], [ -66.631437, -41.861088 ], [ -66.619228, -41.88413 ], [ -66.665483, -41.896658 ], [ -66.701794, -41.924827 ], [ -66.727861, -41.94729 ], [ -66.792564, -41.982487 ] ] ] } },
{ "type": "Feature", "properties": { "cuenca": "CLAROMECO", "ubicacion": "ONSHORE&OFFSHORE", "tipo": "No Productiva", "origen_geo": "no_productiva", "cuenca_norm": "CLAROMECO", "cuenca_join_key": "CLAROMECO" }, "geometry": { "type": "Polygon", "coordinates": [ [ [ -61.015948, -38.983644 ], [ -61.015948, -38.983644 ], [ -61.171256, -38.890548 ], [ -61.376067, -38.766066 ], [ -61.52438, -38.679138 ], [ -61.681559, -38.562442 ], [ -61.837679, -38.455288 ], [ -61.999044, -38.320725 ], [ -62.10981, -38.240567 ], [ -62.258201, -38.112566 ], [ -62.405387, -37.998303 ], [ -62.489785, -37.89598 ], [ -62.600985, -37.780377 ], [ -62.658804, -37.670158 ], [ -62.662561, -37.586351 ], [ -62.68475, -37.482091 ], [ -62.680623, -37.37708 ], [ -62.641852, -37.264111 ], [ -62.566699, -37.185032 ], [ -62.455195, -37.139786 ], [ -62.298568, -37.128001 ], [ -62.166376, -37.151766 ], [ -61.983639, -37.138707 ], [ -61.84418, -37.133893 ], [ -61.740786, -37.109247 ], [ -61.611752, -37.076569 ], [ -61.437242, -37.076965 ], [ -61.296268, -37.099399 ], [ -61.196554, -37.158296 ], [ -61.036144, -37.207588 ], [ -60.903572, -37.229891 ], [ -60.509011, -37.422738 ], [ -60.142844, -37.658834 ], [ -59.844003, -37.86046 ], [ -59.39885, -38.0678 ], [ -58.939966, -38.294062 ], [ -58.643572, -38.50355 ], [ -58.566691, -38.561334 ], [ -58.555908, -38.55921 ], [ -58.332659, -38.700247 ], [ -58.147413, -38.785608 ], [ -57.907324, -38.895463 ], [ -57.770866, -38.977678 ], [ -57.663763, -39.087551 ], [ -57.657538, -39.219324 ], [ -57.717265, -39.312989 ], [ -57.798222, -39.375081 ], [ -57.957649, -39.442618 ], [ -58.20036, -39.522939 ], [ -58.366147, -39.568297 ], [ -58.614493, -39.613836 ], [ -58.960728, -39.635446 ], [ -59.200156, -39.649777 ], [ -59.428766, -39.645845 ], [ -59.642987, -39.62596 ], [ -59.843306, -39.582873 ], [ -59.983341, -39.538761 ], [ -60.119788, -39.474684 ], [ -60.326983, -39.377157 ], [ -60.541437, -39.259976 ], [ -60.693004, -39.175005 ], [ -60.844034, -39.089926 ], [ -60.938833, -39.040151 ], [ -61.001843, -38.993838 ], [ -61.015948, -38.983644 ] ] ] } },
{ "type": "Feature", "properties": { "cuenca": "COLORADO MARINA", "ubicacion": "OFFSHORE", "tipo": "No Productiva", "origen_geo": "no_productiva", "cuenca_norm": "COLORADO MARINA", "cuenca_join_key": "COLORADO MARINA" }, "geometry": { "type": "Polygon", "coordinates": [ [ [ -62.386586, -40.912843 ], [ -62.386586, -40.912843 ], [ -62.399648, -40.902421 ], [ -62.516975, -40.835621 ], [ -62.624427, -40.771478 ], [ -62.696754, -40.723996 ], [ -62.764136, -40.664337 ], [ -62.807302, -40.589715 ], [ -62.857473, -40.485213 ], [ -62.891846, -40.368588 ], [ -62.916593, -40.269672 ], [ -62.934249, -40.205279 ], [ -62.91115, -40.120427 ], [ -62.862987, -40.01881 ], [ -62.803029, -39.913445 ], [ -62.729034, -39.829519 ], [ -62.654029, -39.755808 ], [ -62.580373, -39.68485 ], [ -62.518732, -39.616678 ], [ -62.484422, -39.549458 ], [ -62.465586, -39.472013 ], [ -62.459768, -39.403916 ], [ -62.474045, -39.324656 ], [ -62.516579, -39.259434 ], [ -62.506006, -39.180134 ], [ -62.475419, -39.123186 ], [ -62.437802, -39.083945 ], [ -62.350866, -39.038037 ], [ -62.267537, -39.001401 ], [ -62.212416, -38.977884 ], [ -62.072208, -38.94098 ], [ -62.049441, -38.937037 ], [ -61.974349, -38.93382 ], [ -61.871096, -38.931304 ], [ -61.806531, -38.934571 ], [ -61.690209, -38.94765 ], [ -61.598364, -38.971078 ], [ -61.47945, -38.995093 ], [ -61.406398, -39.011109 ], [ -61.265184, -39.027198 ], [ -61.216536, -39.053629 ], [ -61.142023, -39.078769 ], [ -61.050821, -39.112004 ], [ -60.991722, -39.126073 ], [ -60.81187, -39.171778 ], [ -60.731725, -39.176986 ], [ -60.693004, -39.175005 ], [ -60.541437, -39.259976 ], [ -60.326983, -39.377157 ], [ -60.119788, -39.474684 ], [ -59.983341, -39.538761 ], [ -59.843306, -39.582873 ], [ -59.642987, -39.62596 ], [ -59.428766, -39.645845 ], [ -59.200156, -39.649777 ], [ -58.960728, -39.635446 ], [ -58.614493, -39.613836 ], [ -58.366147, -39.568297 ], [ -58.20036, -39.522939 ], [ -57.957649, -39.442618 ], [ -57.798222, -39.375081 ], [ -57.717265, -39.312989 ], [ -57.657538, -39.219324 ], [ -57.663763, -39.087551 ], [ -57.770866, -38.977678 ], [ -57.907324, -38.895463 ], [ -58.147413, -38.785608 ], [ -58.1111, -38.776134 ], [ -58.061961, -38.759329 ], [ -58.019475, -38.748345 ], [ -57.859226, -38.700952 ], [ -57.760111, -38.683805 ], [ -57.681838, -38.669336 ], [ -57.626396, -38.662309 ], [ -57.501951, -38.642924 ], [ -57.283615, -38.60333 ], [ -57.195627, -38.597373 ], [ -57.154911, -38.597315 ], [ -57.107528, -38.593212 ], [ -56.980058, -38.587061 ], [ -56.912865, -38.583766 ], [ -56.855171, -38.578122 ], [ -56.814302, -38.565857 ], [ -56.253401, -38.603629 ], [ -55.852876, -38.627072 ], [ -55.566351, -38.713251 ], [ -55.425354, -38.761819 ], [ -55.493821, -38.838158 ], [ -55.627633, -39.064463 ], [ -55.676215, -39.181145 ], [ -55.718697, -39.240631 ], [ -55.7341, -39.326802 ], [ -55.765563, -39.376113 ], [ -55.810164, -39.416763 ], [ -55.885452, -39.516102 ], [ -55.939485, -39.585691 ], [ -55.965441, -39.69143 ], [ -55.968981, -39.776866 ], [ -55.974438, -39.843482 ], [ -56.015598, -39.921732 ], [ -56.07195, -39.972478 ], [ -56.135884, -40.070995 ], [ -56.215087, -40.141975 ], [ -56.311574, -40.28967 ], [ -56.414901, -40.371388 ], [ -56.485151, -40.413268 ], [ -56.514847, -40.490712 ], [ -56.661007, -40.650403 ], [ -56.790969, -40.723797 ], [ -56.845062, -40.811951 ], [ -56.875309, -40.889348 ], [ -56.929629, -40.977479 ], [ -56.960896, -41.045435 ], [ -57.021449, -41.067549 ], [ -57.108661, -41.072057 ], [ -57.150188, -41.10319 ], [ -57.157202, -41.165121 ], [ -57.157345, -41.233807 ], [ -57.187463, -41.312901 ], [ -57.281742, -41.383948 ], [ -57.337792, -41.462519 ], [ -57.362608, -41.544854 ], [ -57.416429, -41.651697 ], [ -57.489684, -41.681295 ], [ -57.535134, -41.666896 ], [ -57.616354, -41.602051 ], [ -57.666406, -41.601435 ], [ -57.70335, -41.612619 ], [ -57.850273, -41.827747 ], [ -57.986261, -41.917272 ], [ -57.985545, -42.047512 ], [ -58.017438, -42.127064 ], [ -58.064588, -42.257012 ], [ -58.162957, -42.38142 ], [ -58.216181, -42.4861 ], [ -58.371037, -42.574785 ], [ -58.467079, -42.631335 ], [ -58.563035, -42.678919 ], [ -58.624453, -42.710009 ], [ -58.667425, -42.72704 ], [ -58.701044, -42.734529 ], [ -58.747302, -42.74381 ], [ -58.780942, -42.757192 ], [ -58.810684, -42.771908 ], [ -58.854376, -42.801405 ], [ -58.844877, -42.751731 ], [ -58.858691, -42.631272 ], [ -58.884036, -42.542851 ], [ -58.935222, -42.393913 ], [ -58.969083, -42.302964 ], [ -59.013611, -42.217015 ], [ -59.057258, -42.144046 ], [ -59.128738, -42.032889 ], [ -59.186959, -41.978945 ], [ -59.313057, -41.890804 ], [ -59.450169, -41.795385 ], [ -59.61204, -41.709799 ], [ -59.720736, -41.656965 ], [ -59.877494, -41.588521 ], [ -60.062774, -41.558714 ], [ -60.136571, -41.541852 ], [ -60.230281, -41.512361 ], [ -60.337473, -41.478429 ], [ -60.435922, -41.447938 ], [ -60.528955, -41.431213 ], [ -60.697289, -41.416774 ], [ -60.925219, -41.400287 ], [ -61.090157, -41.370295 ], [ -61.231556, -41.353712 ], [ -61.337855, -41.328115 ], [ -61.446393, -41.30804 ], [ -61.545238, -41.283086 ], [ -61.679551, -41.236967 ], [ -61.796639, -41.195184 ], [ -61.911091, -41.159789 ], [ -62.044834, -41.1216 ], [ -62.172454, -41.073897 ], [ -62.234475, -41.036003 ], [ -62.312296, -40.972025 ], [ -62.386586, -40.912843 ] ] ] } },
{ "type": "Feature", "properties": { "cuenca": "CUYANA", "ubicacion": "ONSHORE", "tipo": "Productiva", "origen_geo": "productiva", "cuenca_norm": "CUYANA", "cuenca_join_key": "CUYANA" }, "geometry": { "type": "Polygon", "coordinates": [ [ [ -68.404004, -31.952888 ], [ -68.402283, -31.9572 ], [ -68.376329, -31.97952 ], [ -68.370291, -31.989056 ], [ -68.345738, -32.0188 ], [ -68.297138, -32.139003 ], [ -68.286026, -32.20476 ], [ -68.272568, -32.291137 ], [ -68.266749, -32.330564 ], [ -68.263591, -32.381112 ], [ -68.254301, -32.440271 ], [ -68.249931, -32.488053 ], [ -68.205243, -32.606225 ], [ -68.182754, -32.662973 ], [ -68.161763, -32.704722 ], [ -68.084804, -32.836909 ], [ -68.044005, -32.90165 ], [ -67.96421, -32.974053 ], [ -67.931523, -33.027308 ], [ -67.895365, -33.07692 ], [ -67.864591, -33.125441 ], [ -67.826171, -33.175099 ], [ -67.789899, -33.224682 ], [ -67.759698, -33.262877 ], [ -67.695827, -33.336539 ], [ -67.622094, -33.384266 ], [ -67.582818, -33.417994 ], [ -67.524548, -33.442835 ], [ -67.403443, -33.490696 ], [ -67.291628, -33.52513 ], [ -67.232742, -33.536774 ], [ -67.168545, -33.554119 ], [ -67.095547, -33.571619 ], [ -67.004771, -33.583849 ], [ -66.945783, -33.594421 ], [ -66.886043, -33.617132 ], [ -66.799283, -33.656215 ], [ -66.731091, -33.693964 ], [ -66.679498, -33.736975 ], [ -66.650682, -33.769258 ], [ -66.564497, -33.839942 ], [ -66.488681, -33.890758 ], [ -66.448458, -33.956825 ], [ -66.44317, -34.009222 ], [ -66.4701, -34.069496 ], [ -66.494494, -34.11579 ], [ -66.532884, -34.146892 ], [ -66.553224, -34.163357 ], [ -66.584735, -34.183358 ], [ -66.769015, -34.199549 ], [ -67.028996, -34.259732 ], [ -67.168279, -34.285912 ], [ -67.266341, -34.335406 ], [ -67.258634, -34.392956 ], [ -67.209105, -34.465174 ], [ -67.06552, -34.5758 ], [ -66.936487, -34.663765 ], [ -66.838554, -34.737404 ], [ -66.76259, -34.827918 ], [ -66.67673, -34.936428 ], [ -66.673327, -34.973853 ], [ -66.662428, -35.022625 ], [ -66.636336, -35.088481 ], [ -66.631102, -35.140877 ], [ -66.626563, -35.218477 ], [ -66.633111, -35.292145 ], [ -66.640591, -35.437711 ], [ -66.651962, -35.521561 ], [ -66.664268, -35.597922 ], [ -66.691557, -35.685211 ], [ -66.717953, -35.778112 ], [ -66.762032, -35.93137 ], [ -66.890461, -36.167942 ], [ -66.914252, -36.202945 ], [ -67.000187, -36.195569 ], [ -67.032787, -36.187418 ], [ -67.096069, -36.148701 ], [ -67.174669, -36.096528 ], [ -67.230032, -36.061653 ], [ -67.293831, -36.011616 ], [ -67.339592, -35.964769 ], [ -67.397175, -35.903615 ], [ -67.424832, -35.859045 ], [ -67.471806, -35.789701 ], [ -67.504684, -35.736578 ], [ -67.523512, -35.69968 ], [ -67.566604, -35.621995 ], [ -67.597774, -35.557675 ], [ -67.612967, -35.51619 ], [ -67.645083, -35.449032 ], [ -67.664292, -35.397156 ], [ -67.707791, -35.336215 ], [ -67.744243, -35.296006 ], [ -67.785023, -35.252856 ], [ -67.835103, -35.192618 ], [ -67.876579, -35.141959 ], [ -67.938356, -35.07107 ], [ -67.973751, -35.037352 ], [ -68.020598, -34.985547 ], [ -68.059099, -34.947978 ], [ -68.087759, -34.915363 ], [ -68.107821, -34.890476 ], [ -68.142595, -34.84646 ], [ -68.171222, -34.814752 ], [ -68.203262, -34.784817 ], [ -68.236877, -34.741738 ], [ -68.238748, -34.734209 ], [ -68.278458, -34.703066 ], [ -68.330667, -34.654704 ], [ -68.376605, -34.615866 ], [ -68.438685, -34.567134 ], [ -68.486455, -34.522588 ], [ -68.531501, -34.468777 ], [ -68.574647, -34.422485 ], [ -68.62627, -34.369346 ], [ -68.688116, -34.322371 ], [ -68.775333, -34.253913 ], [ -68.831686, -34.210795 ], [ -68.872435, -34.166353 ], [ -68.902669, -34.132553 ], [ -68.94524, -34.08242 ], [ -68.981414, -34.037181 ], [ -69.009304, -34.00251 ], [ -69.039266, -33.965893 ], [ -69.073763, -33.931897 ], [ -69.105362, -33.905468 ], [ -69.136774, -33.876243 ], [ -69.154144, -33.852227 ], [ -69.182207, -33.803501 ], [ -69.196554, -33.765582 ], [ -69.202749, -33.739193 ], [ -69.208109, -33.717504 ], [ -69.221142, -33.695505 ], [ -69.233184, -33.675421 ], [ -69.248879, -33.623434 ], [ -69.25785, -33.588514 ], [ -69.265849, -33.536832 ], [ -69.268535, -33.488159 ], [ -69.27023, -33.441386 ], [ -69.267368, -33.410683 ], [ -69.265175, -33.372471 ], [ -69.262781, -33.330528 ], [ -69.252844, -33.290756 ], [ -69.242548, -33.244461 ], [ -69.236889, -33.202645 ], [ -69.227549, -33.153507 ], [ -69.220759, -33.110801 ], [ -69.210925, -33.052339 ], [ -69.20344, -33.016202 ], [ -69.196009, -32.980987 ], [ -69.188649, -32.946717 ], [ -69.180101, -32.910612 ], [ -69.165651, -32.866338 ], [ -69.157479, -32.836755 ], [ -69.148077, -32.804426 ], [ -69.134495, -32.775054 ], [ -69.118743, -32.745764 ], [ -69.080575, -32.68368 ], [ -69.060474, -32.653615 ], [ -69.022579, -32.595243 ], [ -69.000454, -32.567107 ], [ -68.987402, -32.546104 ], [ -68.933965, -32.458384 ], [ -68.908229, -32.421959 ], [ -68.88339, -32.381747 ], [ -68.860831, -32.343326 ], [ -68.852082, -32.320281 ], [ -68.757687, -32.186296 ], [ -68.726052, -32.13695 ], [ -68.694771, -32.09412 ], [ -68.676296, -32.069535 ], [ -68.652831, -32.031096 ], [ -68.62993, -31.981422 ], [ -68.60015, -31.94506 ], [ -68.576657, -31.927167 ], [ -68.529046, -31.900721 ], [ -68.489011, -31.897372 ], [ -68.465678, -31.905617 ], [ -68.44161, -31.921355 ], [ -68.404004, -31.952888 ] ] ] } },
{ "type": "Feature", "properties": { "cuenca": "DEL SALADO", "ubicacion": "ONSHORE&OFFSHORE", "tipo": "No Productiva", "origen_geo": "no_productiva", "cuenca_norm": "DEL SALADO", "cuenca_join_key": "DEL SALADO" }, "geometry": { "type": "Polygon", "coordinates": [ [ [ -57.063733, -37.407478 ], [ -57.077144, -37.388264 ], [ -57.107547, -37.36275 ], [ -57.122529, -37.344877 ], [ -57.162104, -37.302129 ], [ -57.184308, -37.26228 ], [ -57.249331, -37.213219 ], [ -57.31101, -37.178827 ], [ -57.372882, -37.140699 ], [ -57.438093, -37.102674 ], [ -57.513892, -37.058547 ], [ -57.592631, -37.002415 ], [ -57.657281, -36.969797 ], [ -57.745885, -36.935322 ], [ -57.805105, -36.915397 ], [ -57.911631, -36.883363 ], [ -57.999786, -36.853306 ], [ -58.076786, -36.818114 ], [ -58.1719, -36.762141 ], [ -58.227126, -36.727902 ], [ -58.305034, -36.671186 ], [ -58.36278, -36.629524 ], [ -58.427681, -36.602013 ], [ -58.518467, -36.577193 ], [ -58.589922, -36.552592 ], [ -58.664343, -36.536413 ], [ -58.723809, -36.52436 ], [ -58.791486, -36.506017 ], [ -58.865238, -36.477593 ], [ -58.906604, -36.463961 ], [ -58.988161, -36.436613 ], [ -59.041813, -36.399098 ], [ -59.094432, -36.357805 ], [ -59.13522, -36.328253 ], [ -59.193642, -36.280549 ], [ -59.245381, -36.228916 ], [ -59.314692, -36.158181 ], [ -59.338356, -36.12902 ], [ -59.398066, -36.099845 ], [ -59.448575, -36.075064 ], [ -59.502123, -36.058717 ], [ -59.576391, -36.028869 ], [ -59.611457, -35.991531 ], [ -59.665699, -35.951847 ], [ -59.699216, -35.890239 ], [ -59.76874, -35.825697 ], [ -59.81406, -35.77735 ], [ -59.872398, -35.742282 ], [ -59.944189, -35.705607 ], [ -60.026049, -35.668147 ], [ -60.077087, -35.647736 ], [ -60.097464, -35.640679 ], [ -60.170545, -35.590827 ], [ -60.219847, -35.547023 ], [ -60.277234, -35.49123 ], [ -60.37164, -35.427642 ], [ -60.437643, -35.377482 ], [ -60.510606, -35.311561 ], [ -60.592193, -35.255018 ], [ -60.665965, -35.192716 ], [ -60.696827, -35.153077 ], [ -60.719994, -35.105869 ], [ -60.744355, -35.053068 ], [ -60.752956, -35.007518 ], [ -60.772848, -34.951864 ], [ -60.779079, -34.912796 ], [ -60.774363, -34.86334 ], [ -60.757116, -34.832361 ], [ -60.726353, -34.812387 ], [ -60.681205, -34.790358 ], [ -60.629572, -34.760756 ], [ -60.590055, -34.737835 ], [ -60.540319, -34.727797 ], [ -60.491748, -34.715893 ], [ -60.434203, -34.709418 ], [ -60.358762, -34.711022 ], [ -60.28798, -34.702406 ], [ -60.242259, -34.713742 ], [ -60.167439, -34.735726 ], [ -60.072804, -34.74984 ], [ -60.00429, -34.740167 ], [ -59.928146, -34.726583 ], [ -59.837021, -34.73406 ], [ -59.727678, -34.757844 ], [ -59.63592, -34.7847 ], [ -59.516218, -34.816426 ], [ -59.37355, -34.868861 ], [ -59.256908, -34.933881 ], [ -59.184455, -34.971092 ], [ -59.066889, -35.023784 ], [ -58.968553, -35.064795 ], [ -58.868316, -35.095421 ], [ -58.779313, -35.14862 ], [ -58.670388, -35.221586 ], [ -58.624617, -35.274118 ], [ -58.508999, -35.291843 ], [ -58.459115, -35.309745 ], [ -58.331803, -35.360384 ], [ -58.238462, -35.375784 ], [ -58.119038, -35.420868 ], [ -57.998963, -35.454637 ], [ -57.915666, -35.467352 ], [ -57.818638, -35.465546 ], [ -57.746233, -35.462767 ], [ -57.6834, -35.468671 ], [ -57.631965, -35.470352 ], [ -57.572409, -35.477261 ], [ -57.318017, -35.530824 ], [ -57.252172, -35.548434 ], [ -57.202676, -35.55954 ], [ -57.141152, -35.573314 ], [ -57.035506, -35.583464 ], [ -56.948165, -35.586939 ], [ -56.90121, -35.587573 ], [ -56.695956, -35.632688 ], [ -56.612129, -35.664823 ], [ -56.517009, -35.713041 ], [ -56.434253, -35.759004 ], [ -56.334971, -35.785509 ], [ -56.235551, -35.812845 ], [ -56.150322, -35.829713 ], [ -56.094772, -35.838815 ], [ -56.053536, -35.836616 ], [ -55.984213, -35.821757 ], [ -55.928074, -35.796458 ], [ -55.881841, -35.780801 ], [ -55.860542, -35.77367 ], [ -55.79263, -35.780719 ], [ -55.769315, -35.790437 ], [ -55.726503, -35.789427 ], [ -55.677218, -35.801933 ], [ -55.052396, -36.400554 ], [ -54.28984, -37.109521 ], [ -54.389559, -37.156431 ], [ -54.482833, -37.254849 ], [ -54.524482, -37.305149 ], [ -54.555485, -37.345216 ], [ -54.597996, -37.3796 ], [ -54.642096, -37.382747 ], [ -54.70414, -37.393648 ], [ -54.760898, -37.416569 ], [ -54.746014, -37.443901 ], [ -54.711076, -37.482234 ], [ -54.67901, -37.503614 ], [ -54.699955, -37.528749 ], [ -54.720913, -37.553881 ], [ -54.719638, -37.574486 ], [ -54.701545, -37.629966 ], [ -54.736278, -37.682676 ], [ -54.799939, -37.698978 ], [ -54.907963, -37.718319 ], [ -54.99333, -37.754938 ], [ -55.025751, -37.822794 ], [ -55.040922, -38.01308 ], [ -55.042566, -38.107818 ], [ -55.080924, -38.195595 ], [ -55.117314, -38.302158 ], [ -55.142874, -38.39852 ], [ -55.159597, -38.465895 ], [ -55.222153, -38.555271 ], [ -55.273888, -38.634435 ], [ -55.385708, -38.717532 ], [ -55.425354, -38.761819 ], [ -55.566351, -38.713251 ], [ -55.852876, -38.627072 ], [ -56.253401, -38.603629 ], [ -56.814302, -38.565857 ], [ -56.771704, -38.546073 ], [ -56.744038, -38.528889 ], [ -56.689343, -38.48711 ], [ -56.649423, -38.449783 ], [ -56.596901, -38.39694 ], [ -56.564461, -38.354415 ], [ -56.543733, -38.31064 ], [ -56.528245, -38.259705 ], [ -56.525306, -38.225216 ], [ -56.521719, -38.170266 ], [ -56.536081, -38.12182 ], [ -56.553085, -38.068879 ], [ -56.579622, -38.011777 ], [ -56.615504, -37.952365 ], [ -56.664174, -37.87596 ], [ -56.716949, -37.819218 ], [ -56.76785, -37.770708 ], [ -56.844697, -37.712309 ], [ -56.875188, -37.688734 ], [ -56.937149, -37.627674 ], [ -56.978689, -37.577679 ], [ -57.013587, -37.507842 ], [ -57.036332, -37.446704 ], [ -57.063733, -37.407478 ] ] ] } },
{ "type": "Feature", "properties": { "cuenca": "EL TRANQUILO", "ubicacion": "ONSHORE", "tipo": "No Productiva", "origen_geo": "no_productiva", "cuenca_norm": "EL TRANQUILO", "cuenca_join_key": "EL TRANQUILO" }, "geometry": { "type": "Polygon", "coordinates": [ [ [ -68.12108, -48.24958 ], [ -68.142199, -48.27443 ], [ -68.151175, -48.28181 ], [ -68.183709, -48.30187 ], [ -68.201787, -48.318516 ], [ -68.252127, -48.349494 ], [ -68.290213, -48.365582 ], [ -68.359708, -48.380752 ], [ -68.420081, -48.38662 ], [ -68.471544, -48.387016 ], [ -68.557108, -48.384463 ], [ -68.597287, -48.387053 ], [ -68.651343, -48.38348 ], [ -68.699577, -48.378159 ], [ -68.756472, -48.374449 ], [ -68.816597, -48.376323 ], [ -68.87864, -48.364763 ], [ -68.940234, -48.347473 ], [ -68.976442, -48.334833 ], [ -69.02317, -48.310389 ], [ -69.064444, -48.289921 ], [ -69.105099, -48.261845 ], [ -69.134219, -48.232253 ], [ -69.15944, -48.189467 ], [ -69.191015, -48.15597 ], [ -69.229269, -48.13555 ], [ -69.268081, -48.122713 ], [ -69.308958, -48.100264 ], [ -69.347122, -48.079808 ], [ -69.376605, -48.057758 ], [ -69.400084, -48.032113 ], [ -69.417431, -48.000988 ], [ -69.420013, -47.962806 ], [ -69.407544, -47.913769 ], [ -69.359487, -47.879383 ], [ -69.332886, -47.865146 ], [ -69.263264, -47.842951 ], [ -69.228244, -47.828993 ], [ -69.201132, -47.807118 ], [ -69.179387, -47.781244 ], [ -69.162421, -47.743761 ], [ -69.146351, -47.717679 ], [ -69.114697, -47.709275 ], [ -69.031991, -47.696931 ], [ -68.986979, -47.698482 ], [ -68.938474, -47.690605 ], [ -68.895872, -47.686326 ], [ -68.822476, -47.684944 ], [ -68.768892, -47.684785 ], [ -68.720678, -47.680616 ], [ -68.661484, -47.680583 ], [ -68.60167, -47.671016 ], [ -68.547858, -47.666953 ], [ -68.5053, -47.662522 ], [ -68.449275, -47.667999 ], [ -68.415285, -47.665181 ], [ -68.348679, -47.682342 ], [ -68.270208, -47.690276 ], [ -68.25647, -47.696365 ], [ -68.228529, -47.700951 ], [ -68.167879, -47.725453 ], [ -68.12417, -47.751374 ], [ -68.088676, -47.773251 ], [ -68.0333, -47.793739 ], [ -67.981221, -47.823629 ], [ -67.940261, -47.851311 ], [ -67.897997, -47.85426 ], [ -67.839065, -47.863314 ], [ -67.802524, -47.867992 ], [ -67.766436, -47.882172 ], [ -67.732618, -47.884874 ], [ -67.715382, -47.879557 ], [ -67.68838, -47.906832 ], [ -67.652069, -47.917165 ], [ -67.632887, -47.93092 ], [ -67.608909, -47.963816 ], [ -67.59596, -47.990754 ], [ -67.591076, -48.00799 ], [ -67.598408, -48.044002 ], [ -67.605207, -48.068595 ], [ -67.640766, -48.100161 ], [ -67.667033, -48.114803 ], [ -67.707786, -48.13481 ], [ -67.751589, -48.15855 ], [ -67.777824, -48.171261 ], [ -67.815062, -48.176087 ], [ -67.83808, -48.181249 ], [ -67.892579, -48.189441 ], [ -67.921112, -48.190649 ], [ -67.958265, -48.19353 ], [ -67.981316, -48.198658 ], [ -68.018695, -48.205319 ], [ -68.04186, -48.212337 ], [ -68.068076, -48.223085 ], [ -68.12108, -48.24958 ] ] ] } },
{ "type": "Feature", "properties": { "cuenca": "GOLFO SAN JORGE", "ubicacion": "ONSHORE&OFFSHORE", "tipo": "Productiva", "origen_geo": "productiva", "cuenca_norm": "GOLFO SAN JORGE", "cuenca_join_key": "GOLFO SAN JORGE" }, "geometry": { "type": "Polygon", "coordinates": [ [ [ -69.445704, -44.579626 ], [ -69.419018, -44.598781 ], [ -69.390383, -44.600394 ], [ -69.348828, -44.596836 ], [ -69.309786, -44.578425 ], [ -69.254411, -44.522666 ], [ -69.211394, -44.466206 ], [ -69.165003, -44.415792 ], [ -69.120835, -44.385828 ], [ -69.031268, -44.352377 ], [ -68.928687, -44.310715 ], [ -68.852132, -44.282328 ], [ -68.759361, -44.25471 ], [ -68.669212, -44.25335 ], [ -68.583128, -44.251723 ], [ -68.47695, -44.253936 ], [ -68.391934, -44.263878 ], [ -68.31334, -44.299921 ], [ -68.260182, -44.346503 ], [ -68.223541, -44.395243 ], [ -68.197806, -44.42877 ], [ -68.194314, -44.481867 ], [ -68.203106, -44.534404 ], [ -68.209394, -44.604695 ], [ -68.221542, -44.648254 ], [ -68.233712, -44.69181 ], [ -68.237154, -44.729882 ], [ -68.232645, -44.771261 ], [ -68.227601, -44.806784 ], [ -68.204086, -44.866679 ], [ -68.182591, -44.926477 ], [ -68.133702, -44.981629 ], [ -68.039788, -45.04464 ], [ -67.950313, -45.113261 ], [ -67.854984, -45.16442 ], [ -67.755825, -45.221538 ], [ -67.650392, -45.255296 ], [ -67.524761, -45.298586 ], [ -67.372856, -45.32804 ], [ -67.22844, -45.348191 ], [ -67.083794, -45.369323 ], [ -67.067478, -45.371692 ], [ -66.905555, -45.383232 ], [ -66.797886, -45.395691 ], [ -66.648697, -45.412326 ], [ -66.529133, -45.43667 ], [ -66.446106, -45.445093 ], [ -66.266433, -45.444494 ], [ -66.118984, -45.422152 ], [ -65.954972, -45.400055 ], [ -65.82083, -45.388742 ], [ -65.731873, -45.361501 ], [ -65.655081, -45.325081 ], [ -65.521899, -45.273822 ], [ -65.516464, -45.270941 ], [ -65.472321, -45.253748 ], [ -65.439746, -45.234266 ], [ -65.341477, -45.203877 ], [ -65.271708, -45.190278 ], [ -65.105409, -45.148805 ], [ -65.072262, -45.137669 ], [ -65.013763, -45.115136 ], [ -64.954055, -45.072006 ], [ -64.912263, -45.045161 ], [ -64.842267, -45.000416 ], [ -64.733079, -44.923971 ], [ -64.695098, -44.892273 ], [ -64.62777, -44.842649 ], [ -64.579498, -44.809322 ], [ -64.505497, -44.775731 ], [ -64.441068, -44.751199 ], [ -64.391932, -44.722505 ], [ -64.320044, -44.70092 ], [ -64.267889, -44.687234 ], [ -64.181867, -44.66404 ], [ -64.088672, -44.651244 ], [ -64.022567, -44.639634 ], [ -63.94764, -44.630994 ], [ -63.876668, -44.624092 ], [ -63.785919, -44.636271 ], [ -63.703837, -44.640712 ], [ -63.60405, -44.652923 ], [ -63.558487, -44.672484 ], [ -63.494973, -44.694208 ], [ -63.45369, -44.727688 ], [ -63.422139, -44.746005 ], [ -63.397295, -44.772622 ], [ -63.386569, -44.798062 ], [ -63.375601, -44.81696 ], [ -63.367549, -44.846096 ], [ -63.373299, -44.863778 ], [ -63.393549, -44.89057 ], [ -63.409502, -44.904331 ], [ -63.444987, -44.922448 ], [ -63.495953, -44.939339 ], [ -63.539058, -44.952605 ], [ -63.627736, -44.974369 ], [ -63.668251, -44.98577 ], [ -63.704866, -44.996294 ], [ -63.740282, -45.008708 ], [ -63.779772, -45.025704 ], [ -63.806464, -45.045755 ], [ -63.825653, -45.071569 ], [ -63.8332, -45.097618 ], [ -63.83006, -45.115457 ], [ -63.806371, -45.138401 ], [ -63.787474, -45.151882 ], [ -63.759444, -45.164601 ], [ -63.710571, -45.174913 ], [ -63.639916, -45.193097 ], [ -63.585728, -45.201585 ], [ -63.518935, -45.220552 ], [ -63.462403, -45.237441 ], [ -63.394923, -45.27693 ], [ -63.386927, -45.309808 ], [ -63.398581, -45.347037 ], [ -63.41638, -45.372932 ], [ -63.441505, -45.384674 ], [ -63.480747, -45.389622 ], [ -63.527379, -45.383199 ], [ -63.58814, -45.371821 ], [ -63.591372, -45.388608 ], [ -63.553149, -45.411748 ], [ -63.513571, -45.433963 ], [ -63.500209, -45.46133 ], [ -63.52701, -45.481437 ], [ -63.592406, -45.48683 ], [ -63.648278, -45.481132 ], [ -63.716013, -45.478914 ], [ -63.777138, -45.47492 ], [ -63.830849, -45.4804 ], [ -63.867049, -45.503997 ], [ -63.863333, -45.539633 ], [ -63.785995, -45.564574 ], [ -63.705919, -45.587649 ], [ -63.646463, -45.604664 ], [ -63.600478, -45.633572 ], [ -63.581955, -45.662909 ], [ -63.607269, -45.710165 ], [ -63.704435, -45.716792 ], [ -63.826984, -45.703185 ], [ -63.933219, -45.676689 ], [ -64.05822, -45.661842 ], [ -64.1364, -45.654469 ], [ -64.217938, -45.635747 ], [ -64.303726, -45.624345 ], [ -64.412841, -45.634758 ], [ -64.52637, -45.677712 ], [ -64.611012, -45.740071 ], [ -64.685204, -45.823268 ], [ -64.716004, -45.879522 ], [ -64.729626, -45.933452 ], [ -64.710126, -45.983615 ], [ -64.680908, -46.02561 ], [ -64.60534, -46.065081 ], [ -64.537783, -46.083707 ], [ -64.451327, -46.095278 ], [ -64.373401, -46.09347 ], [ -64.293553, -46.079486 ], [ -64.218743, -46.05971 ], [ -64.1665, -46.042194 ], [ -64.092183, -46.030756 ], [ -64.009051, -46.027881 ], [ -63.94835, -46.025414 ], [ -63.859057, -46.031914 ], [ -63.832847, -46.035243 ], [ -63.800513, -46.049914 ], [ -63.776784, -46.082182 ], [ -63.815275, -46.152542 ], [ -63.88565, -46.193254 ], [ -63.99052, -46.234141 ], [ -64.11651, -46.270725 ], [ -64.20985, -46.285469 ], [ -64.301024, -46.30861 ], [ -64.37459, -46.322755 ], [ -64.451036, -46.340531 ], [ -64.641647, -46.35994 ], [ -64.735813, -46.337736 ], [ -64.889554, -46.315618 ], [ -64.996834, -46.293741 ], [ -65.123745, -46.289893 ], [ -65.236674, -46.294765 ], [ -65.311461, -46.3036 ], [ -65.368677, -46.326067 ], [ -65.407002, -46.381 ], [ -65.414338, -46.428517 ], [ -65.388718, -46.479948 ], [ -65.323702, -46.520476 ], [ -65.248294, -46.546319 ], [ -65.170522, -46.577802 ], [ -65.096517, -46.607232 ], [ -65.022803, -46.642232 ], [ -64.927632, -46.676859 ], [ -64.840424, -46.69058 ], [ -64.733848, -46.715998 ], [ -64.685399, -46.732281 ], [ -64.661355, -46.778799 ], [ -64.675495, -46.839259 ], [ -64.657429, -46.874376 ], [ -64.58866, -46.889281 ], [ -64.504547, -46.868954 ], [ -64.42205, -46.852274 ], [ -64.302094, -46.860759 ], [ -64.225405, -46.879367 ], [ -64.201003, -46.900504 ], [ -64.218449, -46.956253 ], [ -64.281612, -46.986634 ], [ -64.399928, -47.018463 ], [ -64.493352, -47.033965 ], [ -64.553775, -47.058649 ], [ -64.627066, -47.096072 ], [ -64.725344, -47.144958 ], [ -64.816351, -47.159328 ], [ -64.882382, -47.13876 ], [ -64.912524, -47.104204 ], [ -64.938088, -47.061347 ], [ -64.946544, -47.003057 ], [ -64.949918, -46.949593 ], [ -64.95712, -46.914747 ], [ -65.00061, -46.861047 ], [ -65.07003, -46.837444 ], [ -65.138706, -46.803517 ], [ -65.198588, -46.77919 ], [ -65.26, -46.778192 ], [ -65.307952, -46.775718 ], [ -65.370864, -46.796161 ], [ -65.44692, -46.812376 ], [ -65.511057, -46.829887 ], [ -65.583896, -46.837693 ], [ -65.655919, -46.834244 ], [ -65.701205, -46.8139 ], [ -65.726357, -46.775533 ], [ -65.765133, -46.723553 ], [ -65.815405, -46.68331 ], [ -65.868948, -46.651346 ], [ -65.935265, -46.613254 ], [ -66.015826, -46.587694 ], [ -66.055615, -46.569288 ], [ -66.11874, -46.559315 ], [ -66.244615, -46.5824 ], [ -66.322729, -46.622318 ], [ -66.401557, -46.668711 ], [ -66.451469, -46.704101 ], [ -66.538898, -46.739743 ], [ -66.692618, -46.767709 ], [ -66.747688, -46.784004 ], [ -66.793891, -46.791297 ], [ -66.847408, -46.804802 ], [ -66.882473, -46.821016 ], [ -66.923529, -46.843496 ], [ -66.955951, -46.858871 ], [ -66.968543, -46.864838 ], [ -67.051523, -46.903127 ], [ -67.132592, -46.921768 ], [ -67.209771, -46.928335 ], [ -67.278015, -46.939053 ], [ -67.371369, -46.945664 ], [ -67.40927, -46.94845 ], [ -67.499579, -46.963549 ], [ -67.540376, -46.968017 ], [ -67.619735, -46.980775 ], [ -67.682676, -46.990602 ], [ -67.714569, -47.02267 ], [ -67.736501, -47.073101 ], [ -67.733923, -47.121087 ], [ -67.722391, -47.173289 ], [ -67.721956, -47.216462 ], [ -67.735166, -47.260789 ], [ -67.788018, -47.308631 ], [ -67.804915, -47.314283 ], [ -67.881811, -47.335462 ], [ -67.928522, -47.341362 ], [ -68.000338, -47.330839 ], [ -68.048047, -47.311292 ], [ -68.106964, -47.273274 ], [ -68.151202, -47.248246 ], [ -68.197264, -47.216535 ], [ -68.239491, -47.186893 ], [ -68.30415, -47.164384 ], [ -68.403554, -47.139777 ], [ -68.461735, -47.130688 ], [ -68.536183, -47.143124 ], [ -68.623595, -47.18195 ], [ -68.658864, -47.223908 ], [ -68.696114, -47.26011 ], [ -68.740731, -47.290211 ], [ -68.779062, -47.323507 ], [ -68.817004, -47.343663 ], [ -68.847496, -47.35865 ], [ -68.898026, -47.371426 ], [ -68.946293, -47.387141 ], [ -69.024367, -47.412193 ], [ -69.050036, -47.411475 ], [ -69.126128, -47.402784 ], [ -69.214007, -47.381986 ], [ -69.263287, -47.36651 ], [ -69.30917, -47.337157 ], [ -69.365586, -47.306132 ], [ -69.414422, -47.269952 ], [ -69.470339, -47.245475 ], [ -69.508977, -47.205251 ], [ -69.561268, -47.175333 ], [ -69.591229, -47.13192 ], [ -69.624006, -47.09863 ], [ -69.650919, -47.053533 ], [ -69.706342, -47.010171 ], [ -69.734048, -46.962171 ], [ -69.782891, -46.929562 ], [ -69.790776, -46.919602 ], [ -69.833478, -46.891171 ], [ -69.880968, -46.868023 ], [ -69.914245, -46.848688 ], [ -69.993714, -46.80718 ], [ -70.059333, -46.78073 ], [ -70.226943, -46.763505 ], [ -70.277771, -46.770932 ], [ -70.376215, -46.782208 ], [ -70.522381, -46.789696 ], [ -70.629382, -46.795389 ], [ -70.704515, -46.795069 ], [ -70.813428, -46.788212 ], [ -70.904139, -46.777096 ], [ -70.98025, -46.7671 ], [ -71.053048, -46.746048 ], [ -71.107597, -46.735874 ], [ -71.208871, -46.724568 ], [ -71.273273, -46.709712 ], [ -71.334678, -46.700724 ], [ -71.39743, -46.706635 ], [ -71.451853, -46.725473 ], [ -71.501026, -46.744732 ], [ -71.552173, -46.760036 ], [ -71.681399, -46.700179 ], [ -71.682863, -46.699553 ], [ -71.682518, -46.699283 ], [ -71.678963, -46.698008 ], [ -71.673637, -46.697787 ], [ -71.670585, -46.696639 ], [ -71.668342, -46.695365 ], [ -71.664756, -46.694846 ], [ -71.662231, -46.69451 ], [ -71.66011, -46.693545 ], [ -71.658027, -46.692271 ], [ -71.654273, -46.69226 ], [ -71.654952, -46.689391 ], [ -71.652808, -46.689143 ], [ -71.650733, -46.688922 ], [ -71.648741, -46.688239 ], [ -71.646498, -46.687507 ], [ -71.643919, -46.685912 ], [ -71.642592, -46.684375 ], [ -71.643652, -46.681865 ], [ -71.643721, -46.679126 ], [ -71.645041, -46.676783 ], [ -71.646765, -46.674326 ], [ -71.646421, -46.672217 ], [ -71.646078, -46.669421 ], [ -71.644819, -46.665888 ], [ -71.644811, -46.663836 ], [ -71.64472, -46.660772 ], [ -71.652792, -46.659166 ], [ -71.654631, -46.655313 ], [ -71.653929, -46.650999 ], [ -71.653173, -46.645048 ], [ -71.653188, -46.642885 ], [ -71.652235, -46.640642 ], [ -71.650266, -46.638357 ], [ -71.65241, -46.634771 ], [ -71.653966, -46.633164 ], [ -71.657041, -46.631063 ], [ -71.660017, -46.627217 ], [ -71.668379, -46.622449 ], [ -71.671064, -46.618615 ], [ -71.67085, -46.61578 ], [ -71.672933, -46.612602 ], [ -71.673612, -46.608997 ], [ -71.67584, -46.605659 ], [ -71.678671, -46.600414 ], [ -71.660122, -46.582054 ], [ -71.661518, -46.574519 ], [ -71.661778, -46.566398 ], [ -71.662289, -46.561923 ], [ -71.663448, -46.558276 ], [ -71.663807, -46.555727 ], [ -71.664226, -46.552733 ], [ -71.665249, -46.548521 ], [ -71.664684, -46.545622 ], [ -71.66505, -46.54151 ], [ -71.665989, -46.539514 ], [ -71.66695, -46.537493 ], [ -71.669529, -46.536608 ], [ -71.668544, -46.534536 ], [ -71.672397, -46.528623 ], [ -71.680202, -46.514794 ], [ -71.682964, -46.50879 ], [ -71.685726, -46.502789 ], [ -71.692928, -46.487144 ], [ -71.69569, -46.48114 ], [ -71.698451, -46.475139 ], [ -71.705646, -46.459491 ], [ -71.708408, -46.453494 ], [ -71.711162, -46.447493 ], [ -71.718349, -46.431837 ], [ -71.721103, -46.425836 ], [ -71.723857, -46.419832 ], [ -71.730975, -46.404172 ], [ -71.733699, -46.398163 ], [ -71.736422, -46.392155 ], [ -71.743533, -46.376491 ], [ -71.746257, -46.370483 ], [ -71.74898, -46.364475 ], [ -71.755297, -46.350528 ], [ -71.756297, -46.343035 ], [ -71.754076, -46.340247 ], [ -71.748041, -46.334628 ], [ -71.745699, -46.333235 ], [ -71.747698, -46.329928 ], [ -71.745744, -46.326834 ], [ -71.741876, -46.326243 ], [ -71.741388, -46.324076 ], [ -71.740053, -46.320082 ], [ -71.735963, -46.314463 ], [ -71.734147, -46.311304 ], [ -71.731698, -46.307577 ], [ -71.730568, -46.303632 ], [ -71.728134, -46.299047 ], [ -71.727089, -46.295331 ], [ -71.726921, -46.292825 ], [ -71.726578, -46.286531 ], [ -71.726692, -46.28093 ], [ -71.727585, -46.27757 ], [ -71.731392, -46.270917 ], [ -71.735634, -46.267514 ], [ -71.737083, -46.266033 ], [ -71.739876, -46.261974 ], [ -71.741424, -46.259724 ], [ -71.747986, -46.251636 ], [ -71.752022, -46.245918 ], [ -71.752632, -46.24147 ], [ -71.752441, -46.238162 ], [ -71.754242, -46.233573 ], [ -71.754822, -46.22811 ], [ -71.75888, -46.223498 ], [ -71.760124, -46.220259 ], [ -71.762405, -46.219428 ], [ -71.765427, -46.217406 ], [ -71.767693, -46.21723 ], [ -71.770279, -46.217028 ], [ -71.772431, -46.216856 ], [ -71.774574, -46.212313 ], [ -71.776619, -46.205324 ], [ -71.779694, -46.198267 ], [ -71.781937, -46.197225 ], [ -71.787766, -46.196294 ], [ -71.790665, -46.197023 ], [ -71.793793, -46.19629 ], [ -71.795495, -46.194852 ], [ -71.797707, -46.194017 ], [ -71.800149, -46.193399 ], [ -71.804498, -46.193982 ], [ -71.80745, -46.195703 ], [ -71.811883, -46.198175 ], [ -71.815836, -46.199651 ], [ -71.818239, -46.200223 ], [ -71.824678, -46.200593 ], [ -71.82725, -46.200387 ], [ -71.831286, -46.200059 ], [ -71.833674, -46.200303 ], [ -71.836237, -46.200566 ], [ -71.83935, -46.200883 ], [ -71.843463, -46.200498 ], [ -71.849322, -46.197823 ], [ -71.85535, -46.195721 ], [ -71.85773, -46.195008 ], [ -71.862453, -46.192742 ], [ -71.862109, -46.190545 ], [ -71.862201, -46.18734 ], [ -71.863589, -46.184838 ], [ -71.865855, -46.180725 ], [ -71.865054, -46.176037 ], [ -71.865726, -46.172951 ], [ -71.866328, -46.170612 ], [ -71.867068, -46.167751 ], [ -71.86658, -46.164379 ], [ -71.866191, -46.16175 ], [ -71.868495, -46.156841 ], [ -71.874675, -46.159202 ], [ -71.880092, -46.161212 ], [ -71.887493, -46.163017 ], [ -71.890018, -46.163417 ], [ -71.896328, -46.164428 ], [ -71.8988, -46.164066 ], [ -71.904332, -46.162005 ], [ -71.906979, -46.159961 ], [ -71.911023, -46.157283 ], [ -71.913006, -46.154715 ], [ -71.912526, -46.150942 ], [ -71.911312, -46.148013 ], [ -71.912632, -46.144541 ], [ -71.915196, -46.140372 ], [ -71.918446, -46.135027 ], [ -71.91473, -46.132601 ], [ -71.909145, -46.132704 ], [ -71.901996, -46.133089 ], [ -71.898944, -46.133688 ], [ -71.895664, -46.134333 ], [ -71.89043, -46.133288 ], [ -71.887874, -46.130774 ], [ -71.888987, -46.127653 ], [ -71.886576, -46.125284 ], [ -71.882884, -46.124243 ], [ -71.879023, -46.124689 ], [ -71.874262, -46.123938 ], [ -71.868677, -46.121702 ], [ -71.866113, -46.121596 ], [ -71.859704, -46.121237 ], [ -71.85579, -46.120402 ], [ -71.851617, -46.118536 ], [ -71.849465, -46.117537 ], [ -71.8453, -46.115576 ], [ -71.839814, -46.112761 ], [ -71.832909, -46.112803 ], [ -71.830673, -46.112536 ], [ -71.8274, -46.112154 ], [ -71.82167, -46.111876 ], [ -71.819084, -46.111754 ], [ -71.812637, -46.111559 ], [ -71.80548, -46.112071 ], [ -71.798697, -46.113002 ], [ -71.796683, -46.112868 ], [ -71.794341, -46.111979 ], [ -71.792159, -46.110476 ], [ -71.78945, -46.109683 ], [ -71.784933, -46.109046 ], [ -71.77928, -46.108722 ], [ -71.77635, -46.107138 ], [ -71.772077, -46.104144 ], [ -71.749089, -46.094546 ], [ -71.745869, -46.09458 ], [ -71.741016, -46.095759 ], [ -71.733295, -46.098365 ], [ -71.730945, -46.098624 ], [ -71.728603, -46.097945 ], [ -71.725421, -46.096343 ], [ -71.723376, -46.095241 ], [ -71.720012, -46.093398 ], [ -71.718013, -46.092788 ], [ -71.715648, -46.092059 ], [ -71.713244, -46.086631 ], [ -71.71287, -46.081771 ], [ -71.710406, -46.078765 ], [ -71.70917, -46.077185 ], [ -71.706774, -46.073859 ], [ -71.705156, -46.071539 ], [ -71.700571, -46.070765 ], [ -71.675652, -46.044016 ], [ -71.672165, -46.040514 ], [ -71.670906, -46.033823 ], [ -71.669967, -46.030271 ], [ -71.663962, -46.023118 ], [ -71.658515, -46.02049 ], [ -71.656989, -46.019033 ], [ -71.6509, -46.01259 ], [ -71.65029, -46.007726 ], [ -71.649839, -46.005731 ], [ -71.648451, -45.999505 ], [ -71.650396, -45.997453 ], [ -71.650022, -45.994565 ], [ -71.648649, -45.991055 ], [ -71.648862, -45.988686 ], [ -71.649244, -45.986668 ], [ -71.648214, -45.98367 ], [ -71.646201, -45.982178 ], [ -71.644202, -45.980973 ], [ -71.640952, -45.979542 ], [ -71.638205, -45.978516 ], [ -71.635657, -45.979676 ], [ -71.633948, -45.98164 ], [ -71.633786, -45.981778 ], [ -71.632231, -45.98309 ], [ -71.6286, -45.983849 ], [ -71.625288, -45.983803 ], [ -71.621809, -45.983121 ], [ -71.619467, -45.981747 ], [ -71.616453, -45.979161 ], [ -71.615444, -45.977137 ], [ -71.6145, -45.975243 ], [ -71.613554, -45.972767 ], [ -71.615003, -45.969643 ], [ -71.614889, -45.96751 ], [ -71.61392, -45.963421 ], [ -71.615369, -45.960587 ], [ -71.616498, -45.958218 ], [ -71.617963, -45.956657 ], [ -71.618492, -45.956297 ], [ -71.620092, -45.955208 ], [ -71.621564, -45.953819 ], [ -71.623274, -45.952026 ], [ -71.623464, -45.9477 ], [ -71.626455, -45.942901 ], [ -71.628805, -45.939662 ], [ -71.629766, -45.93735 ], [ -71.631651, -45.93579 ], [ -71.633703, -45.935031 ], [ -71.635931, -45.934447 ], [ -71.636518, -45.93101 ], [ -71.638731, -45.928153 ], [ -71.641607, -45.926642 ], [ -71.643614, -45.9261 ], [ -71.645864, -45.923914 ], [ -71.646902, -45.921664 ], [ -71.647787, -45.919756 ], [ -71.649832, -45.918017 ], [ -71.650038, -45.915304 ], [ -71.646032, -45.912783 ], [ -71.644659, -45.909269 ], [ -71.646749, -45.904756 ], [ -71.647954, -45.902448 ], [ -71.650548, -45.899378 ], [ -71.652172, -45.89747 ], [ -71.653278, -45.89372 ], [ -71.652584, -45.891298 ], [ -71.653125, -45.888696 ], [ -71.655239, -45.88656 ], [ -71.660175, -45.883458 ], [ -71.662616, -45.881089 ], [ -71.667331, -45.877747 ], [ -71.67046, -45.876641 ], [ -71.672512, -45.875996 ], [ -71.675404, -45.875813 ], [ -71.6787, -45.875744 ], [ -71.681668, -45.875332 ], [ -71.688549, -45.871613 ], [ -71.692242, -45.869698 ], [ -71.695439, -45.868355 ], [ -71.699147, -45.867649 ], [ -71.701604, -45.866547 ], [ -71.704549, -45.864628 ], [ -71.707418, -45.863407 ], [ -71.71053, -45.861835 ], [ -71.713247, -45.861015 ], [ -71.716543, -45.86066 ], [ -71.718908, -45.858745 ], [ -71.720441, -45.856777 ], [ -71.724371, -45.854568 ], [ -71.727232, -45.852538 ], [ -71.733259, -45.852687 ], [ -71.737463, -45.852206 ], [ -71.745962, -45.852054 ], [ -71.750586, -45.85192 ], [ -71.753874, -45.850985 ], [ -71.758132, -45.849063 ], [ -71.760764, -45.8483 ], [ -71.764388, -45.847937 ], [ -71.772285, -45.846175 ], [ -71.775085, -45.845526 ], [ -71.775367, -45.842696 ], [ -71.773696, -45.841376 ], [ -71.771613, -45.840292 ], [ -71.772781, -45.836245 ], [ -71.769683, -45.833548 ], [ -71.767836, -45.831541 ], [ -71.765975, -45.829008 ], [ -71.764288, -45.826826 ], [ -71.761504, -45.822912 ], [ -71.759558, -45.820032 ], [ -71.757681, -45.816179 ], [ -71.75556, -45.812555 ], [ -71.752378, -45.80974 ], [ -71.748372, -45.807222 ], [ -71.742818, -45.805452 ], [ -71.743909, -45.801412 ], [ -71.745938, -45.799325 ], [ -71.751897, -45.795549 ], [ -71.756719, -45.792703 ], [ -71.760221, -45.789975 ], [ -71.761877, -45.785527 ], [ -71.760846, -45.782819 ], [ -71.758794, -45.778332 ], [ -71.757596, -45.775567 ], [ -71.75723, -45.773316 ], [ -71.757275, -45.771237 ], [ -71.759374, -45.768345 ], [ -71.762464, -45.76585 ], [ -71.765142, -45.763359 ], [ -71.766232, -45.759487 ], [ -71.768178, -45.757694 ], [ -71.769139, -45.755672 ], [ -71.769345, -45.753246 ], [ -71.771794, -45.752193 ], [ -71.772832, -45.750057 ], [ -71.773374, -45.74792 ], [ -71.772748, -45.74475 ], [ -71.774785, -45.743354 ], [ -71.777402, -45.742481 ], [ -71.780362, -45.741718 ], [ -71.783544, -45.739795 ], [ -71.785978, -45.737937 ], [ -71.789564, -45.73527 ], [ -71.791913, -45.733065 ], [ -71.795881, -45.728781 ], [ -71.798864, -45.725188 ], [ -71.799146, -45.722247 ], [ -71.798437, -45.719595 ], [ -71.797246, -45.717177 ], [ -71.795713, -45.7143 ], [ -71.794522, -45.712111 ], [ -71.790868, -45.710051 ], [ -71.789021, -45.708448 ], [ -71.787106, -45.707014 ], [ -71.784131, -45.706331 ], [ -71.781811, -45.705652 ], [ -71.778057, -45.702726 ], [ -71.776386, -45.700884 ], [ -71.775272, -45.698408 ], [ -71.774563, -45.695528 ], [ -71.774181, -45.692125 ], [ -71.773594, -45.686651 ], [ -71.772899, -45.684576 ], [ -71.777195, -45.680635 ], [ -71.779773, -45.677045 ], [ -71.785618, -45.67217 ], [ -71.787403, -45.670949 ], [ -71.790241, -45.668229 ], [ -71.791508, -45.665566 ], [ -71.790394, -45.662629 ], [ -71.787487, -45.660912 ], [ -71.784236, -45.658623 ], [ -71.781665, -45.657189 ], [ -71.779994, -45.655758 ], [ -71.780521, -45.653157 ], [ -71.780818, -45.65102 ], [ -71.778468, -45.648087 ], [ -71.776866, -45.645672 ], [ -71.774859, -45.643952 ], [ -71.772944, -45.642346 ], [ -71.770945, -45.640968 ], [ -71.770418, -45.639011 ], [ -71.771288, -45.63699 ], [ -71.773821, -45.635651 ], [ -71.776743, -45.633617 ], [ -71.775874, -45.630676 ], [ -71.776003, -45.628429 ], [ -71.777041, -45.626636 ], [ -71.778559, -45.623916 ], [ -71.778017, -45.620979 ], [ -71.774523, -45.618453 ], [ -71.770883, -45.617145 ], [ -71.766947, -45.617683 ], [ -71.762689, -45.61885 ], [ -71.759988, -45.619903 ], [ -71.757386, -45.616508 ], [ -71.756265, -45.613346 ], [ -71.754914, -45.611041 ], [ -71.753327, -45.609256 ], [ -71.748681, -45.607028 ], [ -71.746651, -45.608367 ], [ -71.744515, -45.608661 ], [ -71.7435, -45.606651 ], [ -71.743615, -45.603763 ], [ -71.743897, -45.600822 ], [ -71.743119, -45.598456 ], [ -71.739121, -45.595187 ], [ -71.735962, -45.593238 ], [ -71.734619, -45.591456 ], [ -71.731704, -45.589099 ], [ -71.730125, -45.587726 ], [ -71.730132, -45.583049 ], [ -71.729278, -45.581038 ], [ -71.727103, -45.578509 ], [ -71.725753, -45.576205 ], [ -71.726935, -45.573081 ], [ -71.729888, -45.572726 ], [ -71.738487, -45.576151 ], [ -71.740554, -45.57741 ], [ -71.743858, -45.578146 ], [ -71.74649, -45.578368 ], [ -71.750191, -45.578177 ], [ -71.753556, -45.577986 ], [ -71.755684, -45.577578 ], [ -71.759209, -45.576926 ], [ -71.76204, -45.574377 ], [ -71.76249, -45.571489 ], [ -71.762566, -45.566465 ], [ -71.762596, -45.563291 ], [ -71.762306, -45.560468 ], [ -71.760117, -45.557535 ], [ -71.756599, -45.553453 ], [ -71.752037, -45.550588 ], [ -71.748962, -45.548524 ], [ -71.746795, -45.546285 ], [ -71.74536, -45.543752 ], [ -71.741217, -45.541345 ], [ -71.73767, -45.540269 ], [ -71.734625, -45.54022 ], [ -71.730841, -45.539716 ], [ -71.727461, -45.538637 ], [ -71.724806, -45.536802 ], [ -71.720846, -45.535608 ], [ -71.717726, -45.535795 ], [ -71.714368, -45.535978 ], [ -71.710828, -45.535703 ], [ -71.707784, -45.535253 ], [ -71.699552, -45.533613 ], [ -71.693036, -45.531446 ], [ -71.6889, -45.529672 ], [ -71.6833, -45.528192 ], [ -71.681477, -45.527162 ], [ -71.680706, -45.52474 ], [ -71.682148, -45.522832 ], [ -71.684361, -45.522478 ], [ -71.687794, -45.521196 ], [ -71.689076, -45.519231 ], [ -71.683872, -45.516828 ], [ -71.680881, -45.514646 ], [ -71.673452, -45.516923 ], [ -71.666959, -45.516656 ], [ -71.658109, -45.517152 ], [ -71.654011, -45.517854 ], [ -71.650487, -45.51816 ], [ -71.647702, -45.518228 ], [ -71.645314, -45.517828 ], [ -71.643627, -45.514719 ], [ -71.64082, -45.513403 ], [ -71.638584, -45.511968 ], [ -71.63464, -45.511461 ], [ -71.632015, -45.51153 ], [ -71.628231, -45.511141 ], [ -71.625522, -45.511091 ], [ -71.620776, -45.51214 ], [ -71.616191, -45.512384 ], [ -71.613482, -45.512571 ], [ -71.611812, -45.516443 ], [ -71.61037, -45.518931 ], [ -71.606448, -45.520499 ], [ -71.604235, -45.520621 ], [ -71.600787, -45.520228 ], [ -71.596674, -45.519549 ], [ -71.591822, -45.518751 ], [ -71.586901, -45.519804 ], [ -71.582468, -45.51982 ], [ -71.578935, -45.519255 ], [ -71.575807, -45.518397 ], [ -71.571618, -45.51829 ], [ -71.5636, -45.520159 ], [ -71.559182, -45.521384 ], [ -71.552598, -45.520076 ], [ -71.543854, -45.516406 ], [ -71.53701, -45.513823 ], [ -71.531738, -45.512221 ], [ -71.528854, -45.510901 ], [ -71.526786, -45.509868 ], [ -71.522926, -45.50936 ], [ -71.518241, -45.509078 ], [ -71.513556, -45.508342 ], [ -71.509924, -45.507029 ], [ -71.507162, -45.505576 ], [ -71.501501, -45.503707 ], [ -71.495031, -45.502326 ], [ -71.482282, -45.499526 ], [ -71.474301, -45.497462 ], [ -71.471249, -45.496314 ], [ -71.468846, -45.494243 ], [ -71.469235, -45.491874 ], [ -71.47118, -45.490142 ], [ -71.474682, -45.487998 ], [ -71.47424, -45.48477 ], [ -71.472485, -45.482234 ], [ -71.472515, -45.477621 ], [ -71.475361, -45.475191 ], [ -71.478863, -45.473456 ], [ -71.482617, -45.471949 ], [ -71.486134, -45.470961 ], [ -71.489003, -45.47072 ], [ -71.492208, -45.471235 ], [ -71.494329, -45.470533 ], [ -71.498738, -45.468965 ], [ -71.502073, -45.466478 ], [ -71.504262, -45.464513 ], [ -71.505803, -45.462949 ], [ -71.507985, -45.460294 ], [ -71.508382, -45.45791 ], [ -71.51074, -45.454644 ], [ -71.511983, -45.45215 ], [ -71.512525, -45.449555 ], [ -71.512586, -45.447537 ], [ -71.513952, -45.445165 ], [ -71.515729, -45.4432 ], [ -71.517995, -45.440541 ], [ -71.519697, -45.439038 ], [ -71.522642, -45.438569 ], [ -71.526342, -45.43977 ], [ -71.528959, -45.439015 ], [ -71.530905, -45.437165 ], [ -71.533247, -45.434502 ], [ -71.532636, -45.43145 ], [ -71.530149, -45.429322 ], [ -71.526189, -45.426407 ], [ -71.523671, -45.42461 ], [ -71.524793, -45.41993 ], [ -71.526868, -45.415542 ], [ -71.531316, -45.410568 ], [ -71.534314, -45.408081 ], [ -71.532567, -45.399028 ], [ -71.53185, -45.394473 ], [ -71.529034, -45.391654 ], [ -71.526486, -45.390674 ], [ -71.523693, -45.390224 ], [ -71.519345, -45.389251 ], [ -71.510898, -45.388404 ], [ -71.500163, -45.387332 ], [ -71.497379, -45.387454 ], [ -71.490588, -45.387927 ], [ -71.476679, -45.388877 ], [ -71.471606, -45.389061 ], [ -71.468088, -45.388954 ], [ -71.465044, -45.3885 ], [ -71.460123, -45.388046 ], [ -71.457254, -45.387935 ], [ -71.453905, -45.388576 ], [ -71.449502, -45.390373 ], [ -71.444375, -45.392807 ], [ -71.442254, -45.393845 ], [ -71.44056, -45.396214 ], [ -71.439958, -45.393101 ], [ -71.43998, -45.388138 ], [ -71.443696, -45.383114 ], [ -71.444901, -45.381035 ], [ -71.445916, -45.376129 ], [ -71.44629, -45.373474 ], [ -71.448472, -45.370414 ], [ -71.450181, -45.369373 ], [ -71.44809, -45.365451 ], [ -71.445618, -45.364074 ], [ -71.438469, -45.361488 ], [ -71.429359, -45.358447 ], [ -71.42443, -45.35678 ], [ -71.41909, -45.355174 ], [ -71.413116, -45.355006 ], [ -71.407882, -45.354957 ], [ -71.403372, -45.354099 ], [ -71.395338, -45.352435 ], [ -71.393286, -45.351627 ], [ -71.388029, -45.349559 ], [ -71.385153, -45.34835 ], [ -71.382276, -45.346965 ], [ -71.377523, -45.346225 ], [ -71.37473, -45.345359 ], [ -71.372754, -45.343921 ], [ -71.371915, -45.341846 ], [ -71.369428, -45.338329 ], [ -71.364331, -45.335563 ], [ -71.361454, -45.333953 ], [ -71.358662, -45.332397 ], [ -71.356518, -45.330897 ], [ -71.353222, -45.328246 ], [ -71.350666, -45.325538 ], [ -71.344745, -45.322486 ], [ -71.341457, -45.320758 ], [ -71.337932, -45.319201 ], [ -71.335528, -45.315913 ], [ -71.335185, -45.313838 ], [ -71.334674, -45.311759 ], [ -71.331881, -45.310092 ], [ -71.329577, -45.308596 ], [ -71.328089, -45.306632 ], [ -71.32667, -45.303576 ], [ -71.324503, -45.298213 ], [ -71.322748, -45.2951 ], [ -71.322321, -45.292387 ], [ -71.322786, -45.289618 ], [ -71.32416, -45.287886 ], [ -71.327371, -45.281649 ], [ -71.328829, -45.279398 ], [ -71.331018, -45.277605 ], [ -71.333132, -45.276567 ], [ -71.335428, -45.276506 ], [ -71.338045, -45.276449 ], [ -71.341036, -45.272928 ], [ -71.34437, -45.271139 ], [ -71.347872, -45.26975 ], [ -71.350314, -45.269052 ], [ -71.352015, -45.267495 ], [ -71.350192, -45.264501 ], [ -71.346331, -45.261964 ], [ -71.344103, -45.259366 ], [ -71.340959, -45.25631 ], [ -71.338663, -45.254697 ], [ -71.335611, -45.251412 ], [ -71.333467, -45.249284 ], [ -71.336145, -45.247319 ], [ -71.338831, -45.246049 ], [ -71.337747, -45.243855 ], [ -71.33574, -45.238892 ], [ -71.337114, -45.237278 ], [ -71.339708, -45.234333 ], [ -71.341813, -45.232891 ], [ -71.347589, -45.230118 ], [ -71.351976, -45.228325 ], [ -71.358728, -45.22578 ], [ -71.363947, -45.224216 ], [ -71.367861, -45.223579 ], [ -71.370798, -45.223518 ], [ -71.372401, -45.220283 ], [ -71.374308, -45.214282 ], [ -71.375925, -45.212665 ], [ -71.377619, -45.210761 ], [ -71.37768, -45.208739 ], [ -71.379198, -45.20568 ], [ -71.381228, -45.203834 ], [ -71.385371, -45.201926 ], [ -71.388217, -45.200942 ], [ -71.394076, -45.199259 ], [ -71.396594, -45.198042 ], [ -71.399409, -45.193888 ], [ -71.401088, -45.190771 ], [ -71.40327, -45.188807 ], [ -71.405467, -45.187647 ], [ -71.406337, -45.185225 ], [ -71.406794, -45.18239 ], [ -71.408, -45.180372 ], [ -71.410266, -45.178465 ], [ -71.414645, -45.176092 ], [ -71.420001, -45.172971 ], [ -71.421947, -45.171869 ], [ -71.423305, -45.169736 ], [ -71.423503, -45.16512 ], [ -71.422671, -45.162931 ], [ -71.425349, -45.16171 ], [ -71.421489, -45.159638 ], [ -71.419268, -45.157796 ], [ -71.420962, -45.155602 ], [ -71.423404, -45.155137 ], [ -71.428867, -45.155187 ], [ -71.434574, -45.155179 ], [ -71.439952, -45.154996 ], [ -71.442074, -45.154702 ], [ -71.444256, -45.153256 ], [ -71.448231, -45.15152 ], [ -71.453037, -45.151051 ], [ -71.459713, -45.149884 ], [ -71.465161, -45.148834 ], [ -71.469792, -45.147328 ], [ -71.471486, -45.14571 ], [ -71.472691, -45.143864 ], [ -71.473462, -45.140282 ], [ -71.476147, -45.139183 ], [ -71.480634, -45.140037 ], [ -71.484487, -45.141643 ], [ -71.48676, -45.140774 ], [ -71.484448, -45.138183 ], [ -71.481732, -45.136112 ], [ -71.480397, -45.133232 ], [ -71.480771, -45.130462 ], [ -71.481389, -45.127399 ], [ -71.483311, -45.124339 ], [ -71.4856, -45.118102 ], [ -71.486951, -45.114985 ], [ -71.489514, -45.111113 ], [ -71.491925, -45.108168 ], [ -71.495244, -45.10591 ], [ -71.500592, -45.103762 ], [ -71.504895, -45.102602 ], [ -71.509206, -45.102072 ], [ -71.513044, -45.10235 ], [ -71.522184, -45.102675 ], [ -71.518957, -45.099508 ], [ -71.515088, -45.096518 ], [ -71.512105, -45.092253 ], [ -71.510167, -45.086664 ], [ -71.509076, -45.083662 ], [ -71.507092, -45.081247 ], [ -71.505589, -45.07871 ], [ -71.504887, -45.074037 ], [ -71.505009, -45.070573 ], [ -71.506276, -45.067228 ], [ -71.508679, -45.063989 ], [ -71.512783, -45.060521 ], [ -71.516827, -45.058202 ], [ -71.520398, -45.056809 ], [ -71.524083, -45.05201 ], [ -71.52673, -45.048657 ], [ -71.533101, -45.044201 ], [ -71.535451, -45.043389 ], [ -71.540219, -45.040722 ], [ -71.545446, -45.035744 ], [ -71.547704, -45.034065 ], [ -71.549886, -45.032963 ], [ -71.554098, -45.031219 ], [ -71.556585, -45.028274 ], [ -71.555143, -45.023948 ], [ -71.551915, -45.019115 ], [ -71.549573, -45.014331 ], [ -71.549794, -45.012313 ], [ -71.551618, -45.00896 ], [ -71.552564, -45.006305 ], [ -71.550427, -45.004634 ], [ -71.54823, -45.004527 ], [ -71.545376, -45.004069 ], [ -71.543003, -45.002921 ], [ -71.542149, -44.99945 ], [ -71.550923, -44.997824 ], [ -71.553708, -44.996279 ], [ -71.556485, -44.994128 ], [ -71.557652, -44.990855 ], [ -71.558232, -44.988543 ], [ -71.558781, -44.985697 ], [ -71.559414, -44.98139 ], [ -71.560483, -44.978895 ], [ -71.565015, -44.976938 ], [ -71.567471, -44.977491 ], [ -71.569425, -44.978052 ], [ -71.573232, -44.979265 ], [ -71.577108, -44.97986 ], [ -71.579152, -44.980051 ], [ -71.581975, -44.980032 ], [ -71.585081, -44.979616 ], [ -71.588735, -44.978174 ], [ -71.592298, -44.976957 ], [ -71.595709, -44.97574 ], [ -71.599356, -44.974641 ], [ -71.602812, -44.973123 ], [ -71.606657, -44.971986 ], [ -71.610754, -44.973569 ], [ -71.613104, -44.974977 ], [ -71.618789, -44.975724 ], [ -71.621314, -44.975774 ], [ -71.62493, -44.975175 ], [ -71.628417, -44.973958 ], [ -71.631988, -44.972798 ], [ -71.635704, -44.971928 ], [ -71.640739, -44.971753 ], [ -71.643417, -44.972478 ], [ -71.646774, -44.973775 ], [ -71.648796, -44.974358 ], [ -71.652436, -44.97527 ], [ -71.655312, -44.975747 ], [ -71.66243, -44.975152 ], [ -71.665444, -44.973359 ], [ -71.668382, -44.971619 ], [ -71.672105, -44.970692 ], [ -71.676057, -44.970108 ], [ -71.678155, -44.969944 ], [ -71.680619, -44.969589 ], [ -71.683412, -44.968704 ], [ -71.686014, -44.967289 ], [ -71.689126, -44.964825 ], [ -71.692171, -44.962768 ], [ -71.694521, -44.960769 ], [ -71.697138, -44.958744 ], [ -71.700556, -44.95718 ], [ -71.70257, -44.956848 ], [ -71.704584, -44.956539 ], [ -71.706553, -44.956127 ], [ -71.708551, -44.955783 ], [ -71.711809, -44.955451 ], [ -71.714318, -44.955188 ], [ -71.71653, -44.954959 ], [ -71.720612, -44.955097 ], [ -71.724808, -44.955505 ], [ -71.729379, -44.955989 ], [ -71.732759, -44.955936 ], [ -71.73636, -44.956828 ], [ -71.739633, -44.958293 ], [ -71.741678, -44.958465 ], [ -71.743661, -44.957763 ], [ -71.745485, -44.955043 ], [ -71.746049, -44.952594 ], [ -71.746248, -44.949508 ], [ -71.745439, -44.946357 ], [ -71.745637, -44.943843 ], [ -71.746896, -44.941287 ], [ -71.747346, -44.938433 ], [ -71.746904, -44.936266 ], [ -71.747369, -44.934222 ], [ -71.747972, -44.932181 ], [ -71.748895, -44.929583 ], [ -71.750306, -44.927782 ], [ -71.754655, -44.926176 ], [ -71.757417, -44.925917 ], [ -71.763124, -44.927099 ], [ -71.765009, -44.928228 ], [ -71.766413, -44.930353 ], [ -71.767336, -44.932402 ], [ -71.768885, -44.93558 ], [ -71.770601, -44.937994 ], [ -71.773463, -44.93997 ], [ -71.775477, -44.940535 ], [ -71.777476, -44.940352 ], [ -71.780802, -44.938788 ], [ -71.782695, -44.937719 ], [ -71.784655, -44.936575 ], [ -71.786822, -44.935247 ], [ -71.789477, -44.933657 ], [ -71.793239, -44.931772 ], [ -71.795276, -44.93141 ], [ -71.79742, -44.931543 ], [ -71.801349, -44.932482 ], [ -71.80521, -44.932462 ], [ -71.80743, -44.930029 ], [ -71.80804, -44.927232 ], [ -71.809146, -44.924219 ], [ -71.81097, -44.922841 ], [ -71.813076, -44.92196 ], [ -71.815555, -44.921426 ], [ -71.819248, -44.921838 ], [ -71.823322, -44.922929 ], [ -71.826306, -44.925309 ], [ -71.828793, -44.926931 ], [ -71.832638, -44.927655 ], [ -71.83643, -44.927064 ], [ -71.840215, -44.926759 ], [ -71.842267, -44.927255 ], [ -71.844205, -44.928056 ], [ -71.84731, -44.929441 ], [ -71.85066, -44.931256 ], [ -71.8542, -44.9334 ], [ -71.856542, -44.934972 ], [ -71.858587, -44.937509 ], [ -71.860105, -44.940175 ], [ -71.861952, -44.942453 ], [ -71.864081, -44.944929 ], [ -71.866522, -44.947523 ], [ -71.868102, -44.949384 ], [ -71.871398, -44.952371 ], [ -71.873725, -44.954221 ], [ -71.877555, -44.956842 ], [ -71.879768, -44.957761 ], [ -71.882621, -44.955907 ], [ -71.883247, -44.952493 ], [ -71.88304, -44.95025 ], [ -71.88301, -44.947454 ], [ -71.885886, -44.944608 ], [ -71.887794, -44.945554 ], [ -71.891929, -44.947816 ], [ -71.894416, -44.948419 ], [ -71.898277, -44.94851 ], [ -71.900619, -44.948217 ], [ -71.903122, -44.947934 ], [ -71.90609, -44.947667 ], [ -71.909355, -44.947133 ], [ -71.91243, -44.946752 ], [ -71.914482, -44.946545 ], [ -71.918351, -44.946011 ], [ -71.920304, -44.945508 ], [ -71.922234, -44.944962 ], [ -71.926102, -44.944367 ], [ -71.929665, -44.943028 ], [ -71.931718, -44.940285 ], [ -71.933205, -44.938092 ], [ -71.933846, -44.936077 ], [ -71.935471, -44.932682 ], [ -71.938233, -44.930828 ], [ -71.94024, -44.92973 ], [ -71.942063, -44.928051 ], [ -71.944543, -44.92704 ], [ -71.947038, -44.926041 ], [ -71.951173, -44.923176 ], [ -71.953073, -44.92226 ], [ -71.956712, -44.921592 ], [ -71.95923, -44.921421 ], [ -71.96132, -44.921321 ], [ -71.965555, -44.921287 ], [ -71.96808, -44.921196 ], [ -71.97146, -44.920146 ], [ -71.972712, -44.918552 ], [ -71.973993, -44.916999 ], [ -71.975641, -44.915099 ], [ -71.977533, -44.912429 ], [ -71.97777, -44.910369 ], [ -71.977732, -44.908248 ], [ -71.978395, -44.905692 ], [ -71.979822, -44.903292 ], [ -71.981791, -44.902194 ], [ -71.984736, -44.901637 ], [ -71.987986, -44.901324 ], [ -71.991709, -44.900611 ], [ -71.996668, -44.900145 ], [ -71.999903, -44.900069 ], [ -72.001857, -44.899817 ], [ -72.00381, -44.899565 ], [ -72.006617, -44.897936 ], [ -72.010562, -44.897455 ], [ -72.014499, -44.897372 ], [ -72.016551, -44.897333 ], [ -72.01881, -44.897364 ], [ -72.022197, -44.898523 ], [ -72.026394, -44.90058 ], [ -72.02898, -44.90172 ], [ -72.034519, -44.902922 ], [ -72.037007, -44.903078 ], [ -72.040303, -44.902327 ], [ -72.042508, -44.900061 ], [ -72.043667, -44.897379 ], [ -72.044117, -44.894529 ], [ -72.044102, -44.890794 ], [ -72.044674, -44.887617 ], [ -72.046955, -44.885038 ], [ -72.048481, -44.883615 ], [ -72.049931, -44.881776 ], [ -72.0518, -44.879785 ], [ -72.055684, -44.878564 ], [ -72.059613, -44.87911 ], [ -72.063481, -44.878514 ], [ -72.063924, -44.875775 ], [ -72.060978, -44.873921 ], [ -72.058812, -44.8728 ], [ -72.056691, -44.871816 ], [ -72.054272, -44.870786 ], [ -72.051228, -44.86955 ], [ -72.047329, -44.867932 ], [ -72.043194, -44.867009 ], [ -72.039562, -44.866784 ], [ -72.036128, -44.865209 ], [ -72.035854, -44.862241 ], [ -72.039249, -44.861008 ], [ -72.043262, -44.860757 ], [ -72.046283, -44.860467 ], [ -72.048595, -44.859811 ], [ -72.050602, -44.8587 ], [ -72.053524, -44.856995 ], [ -72.056759, -44.85532 ], [ -72.060658, -44.853268 ], [ -72.063152, -44.851887 ], [ -72.063999, -44.849037 ], [ -72.062916, -44.846169 ], [ -72.061268, -44.843472 ], [ -72.058162, -44.841679 ], [ -72.055233, -44.840462 ], [ -72.051471, -44.838596 ], [ -72.050098, -44.833912 ], [ -72.050845, -44.831669 ], [ -72.051921, -44.829632 ], [ -72.052035, -44.827457 ], [ -72.049174, -44.825611 ], [ -72.046237, -44.823757 ], [ -72.044268, -44.821113 ], [ -72.042544, -44.818645 ], [ -72.04143, -44.815872 ], [ -72.040179, -44.814308 ], [ -72.03863, -44.812354 ], [ -72.036715, -44.810623 ], [ -72.034418, -44.80949 ], [ -72.031687, -44.807307 ], [ -72.031328, -44.804397 ], [ -72.032839, -44.802848 ], [ -72.035829, -44.800879 ], [ -72.039148, -44.799071 ], [ -72.04246, -44.797561 ], [ -72.047899, -44.796542 ], [ -72.050417, -44.796572 ], [ -72.054034, -44.796225 ], [ -72.056208, -44.795115 ], [ -72.058177, -44.79399 ], [ -72.060504, -44.792674 ], [ -72.062999, -44.791079 ], [ -72.06618, -44.788378 ], [ -72.068782, -44.786055 ], [ -72.070666, -44.783671 ], [ -72.071505, -44.780993 ], [ -72.069857, -44.778463 ], [ -72.06795, -44.777521 ], [ -72.066187, -44.776289 ], [ -72.064784, -44.774538 ], [ -72.064318, -44.772081 ], [ -72.064463, -44.769052 ], [ -72.065119, -44.765821 ], [ -72.065432, -44.763399 ], [ -72.066271, -44.760663 ], [ -72.065508, -44.757974 ], [ -72.063547, -44.757299 ], [ -72.06151, -44.757203 ], [ -72.059473, -44.756952 ], [ -72.057428, -44.756769 ], [ -72.054063, -44.75694 ], [ -72.049798, -44.757963 ], [ -72.045732, -44.759004 ], [ -72.04239, -44.760191 ], [ -72.038117, -44.762174 ], [ -72.0356, -44.763677 ], [ -72.032533, -44.765306 ], [ -72.029427, -44.763628 ], [ -72.027062, -44.761267 ], [ -72.024613, -44.759016 ], [ -72.021729, -44.7572 ], [ -72.017594, -44.756674 ], [ -72.014694, -44.759085 ], [ -72.01358, -44.761217 ], [ -72.015656, -44.764856 ], [ -72.01735, -44.766691 ], [ -72.018677, -44.769255 ], [ -72.01693, -44.771075 ], [ -72.013336, -44.77241 ], [ -72.009636, -44.773352 ], [ -72.008148, -44.775908 ], [ -72.007546, -44.778796 ], [ -72.007416, -44.781729 ], [ -72.006432, -44.784812 ], [ -72.003578, -44.785869 ], [ -72.001854, -44.786136 ], [ -72.000542, -44.786338 ], [ -71.998268, -44.785846 ], [ -71.996292, -44.785007 ], [ -71.994354, -44.783656 ], [ -71.992401, -44.782348 ], [ -71.988815, -44.781001 ], [ -71.98532, -44.780631 ], [ -71.980354, -44.781818 ], [ -71.977912, -44.782275 ], [ -71.974731, -44.783736 ], [ -71.972793, -44.784766 ], [ -71.970618, -44.785697 ], [ -71.96691, -44.786407 ], [ -71.964469, -44.786128 ], [ -71.961981, -44.785827 ], [ -71.959387, -44.785488 ], [ -71.955527, -44.786251 ], [ -71.953749, -44.787242 ], [ -71.95059, -44.789241 ], [ -71.948279, -44.790935 ], [ -71.945555, -44.79311 ], [ -71.942793, -44.795555 ], [ -71.940176, -44.798096 ], [ -71.93862, -44.799507 ], [ -71.936827, -44.801224 ], [ -71.934164, -44.802635 ], [ -71.931913, -44.803437 ], [ -71.929884, -44.803906 ], [ -71.925954, -44.803929 ], [ -71.92455, -44.801285 ], [ -71.923635, -44.798535 ], [ -71.923688, -44.795738 ], [ -71.924352, -44.792236 ], [ -71.925145, -44.790207 ], [ -71.925733, -44.787849 ], [ -71.925962, -44.784447 ], [ -71.925855, -44.781563 ], [ -71.924535, -44.778835 ], [ -71.920621, -44.778225 ], [ -71.916844, -44.778537 ], [ -71.912831, -44.778957 ], [ -71.909207, -44.779892 ], [ -71.906346, -44.780701 ], [ -71.899021, -44.784142 ], [ -71.896335, -44.786225 ], [ -71.892788, -44.787682 ], [ -71.889469, -44.791134 ], [ -71.88805, -44.792912 ], [ -71.886577, -44.794373 ], [ -71.884609, -44.795693 ], [ -71.881137, -44.796265 ], [ -71.878612, -44.796345 ], [ -71.874904, -44.796311 ], [ -71.872317, -44.796559 ], [ -71.869861, -44.796948 ], [ -71.867343, -44.797494 ], [ -71.864108, -44.798947 ], [ -71.860789, -44.800401 ], [ -71.858844, -44.800885 ], [ -71.856768, -44.801107 ], [ -71.852915, -44.801297 ], [ -71.850787, -44.801023 ], [ -71.848376, -44.800538 ], [ -71.845644, -44.799508 ], [ -71.844217, -44.797452 ], [ -71.841806, -44.794789 ], [ -71.837824, -44.7935 ], [ -71.834375, -44.793111 ], [ -71.831636, -44.792626 ], [ -71.828866, -44.792142 ], [ -71.826379, -44.791917 ], [ -71.823884, -44.792134 ], [ -71.821053, -44.792642 ], [ -71.818253, -44.793123 ], [ -71.815293, -44.792535 ], [ -71.81173, -44.790315 ], [ -71.809899, -44.787824 ], [ -71.812462, -44.785524 ], [ -71.816689, -44.7842 ], [ -71.819794, -44.783654 ], [ -71.823342, -44.782662 ], [ -71.82515, -44.780225 ], [ -71.824319, -44.777589 ], [ -71.821259, -44.774037 ], [ -71.819642, -44.772816 ], [ -71.817925, -44.771496 ], [ -71.815689, -44.769673 ], [ -71.813797, -44.76809 ], [ -71.811623, -44.76632 ], [ -71.807869, -44.763417 ], [ -71.805923, -44.762204 ], [ -71.803161, -44.760235 ], [ -71.800552, -44.758267 ], [ -71.797218, -44.756573 ], [ -71.793807, -44.754826 ], [ -71.790145, -44.753041 ], [ -71.787123, -44.752243 ], [ -71.781577, -44.752747 ], [ -71.771444, -44.756318 ], [ -71.769224, -44.757539 ], [ -71.766218, -44.759278 ], [ -71.763693, -44.761365 ], [ -71.760847, -44.76328 ], [ -71.757665, -44.76315 ], [ -71.754812, -44.762933 ], [ -71.752454, -44.762342 ], [ -71.750379, -44.761624 ], [ -71.746602, -44.762323 ], [ -71.744146, -44.764756 ], [ -71.740865, -44.767049 ], [ -71.738217, -44.768293 ], [ -71.736188, -44.768762 ], [ -71.734113, -44.768995 ], [ -71.73026, -44.769178 ], [ -71.728215, -44.769277 ], [ -71.72617, -44.769361 ], [ -71.724089, -44.769384 ], [ -71.721999, -44.769376 ], [ -71.718481, -44.769434 ], [ -71.715704, -44.769392 ], [ -71.713667, -44.769342 ], [ -71.709646, -44.769499 ], [ -71.705236, -44.769537 ], [ -71.7031, -44.76927 ], [ -71.700971, -44.768732 ], [ -71.697507, -44.767507 ], [ -71.69441, -44.765871 ], [ -71.692395, -44.765524 ], [ -71.690328, -44.765653 ], [ -71.686536, -44.766699 ], [ -71.68353, -44.768614 ], [ -71.681081, -44.769953 ], [ -71.679433, -44.771288 ], [ -71.677991, -44.772837 ], [ -71.676366, -44.77521 ], [ -71.675381, -44.778231 ], [ -71.675702, -44.781405 ], [ -71.675343, -44.784003 ], [ -71.67384, -44.786616 ], [ -71.670522, -44.788119 ], [ -71.666737, -44.788592 ], [ -71.664654, -44.788596 ], [ -71.662571, -44.788371 ], [ -71.659352, -44.787463 ], [ -71.655651, -44.786006 ], [ -71.651859, -44.784137 ], [ -71.649219, -44.783019 ], [ -71.643978, -44.781295 ], [ -71.641628, -44.780631 ], [ -71.638301, -44.779921 ], [ -71.634303, -44.779361 ], [ -71.630519, -44.779944 ], [ -71.626574, -44.780524 ], [ -71.622653, -44.778232 ], [ -71.620074, -44.777251 ], [ -71.614229, -44.777709 ], [ -71.609758, -44.777904 ], [ -71.607409, -44.778449 ], [ -71.603495, -44.780334 ], [ -71.600885, -44.781307 ], [ -71.598871, -44.7817 ], [ -71.596788, -44.781661 ], [ -71.593301, -44.780021 ], [ -71.593126, -44.777103 ], [ -71.595621, -44.774104 ], [ -71.596849, -44.772178 ], [ -71.59723, -44.769439 ], [ -71.595292, -44.76652 ], [ -71.593743, -44.764308 ], [ -71.592393, -44.762523 ], [ -71.59092, -44.761073 ], [ -71.589196, -44.759684 ], [ -71.586686, -44.757426 ], [ -71.582497, -44.754302 ], [ -71.578514, -44.753897 ], [ -71.575691, -44.755458 ], [ -71.574204, -44.7569 ], [ -71.571266, -44.758494 ], [ -71.568787, -44.758998 ], [ -71.566475, -44.758441 ], [ -71.564239, -44.757327 ], [ -71.561126, -44.756057 ], [ -71.557159, -44.755008 ], [ -71.553329, -44.754272 ], [ -71.549491, -44.753772 ], [ -71.546241, -44.752189 ], [ -71.543975, -44.749873 ], [ -71.542533, -44.747958 ], [ -71.5409, -44.746619 ], [ -71.539191, -44.745528 ], [ -71.536146, -44.743697 ], [ -71.533102, -44.743091 ], [ -71.527517, -44.743201 ], [ -71.523512, -44.744132 ], [ -71.51959, -44.744079 ], [ -71.517545, -44.743739 ], [ -71.515516, -44.743343 ], [ -71.511846, -44.742553 ], [ -71.508184, -44.741763 ], [ -71.505322, -44.741027 ], [ -71.502171, -44.740421 ], [ -71.500127, -44.740119 ], [ -71.49677, -44.739452 ], [ -71.492466, -44.738879 ], [ -71.490429, -44.738654 ], [ -71.488064, -44.738387 ], [ -71.484394, -44.737972 ], [ -71.480556, -44.737636 ], [ -71.476627, -44.737586 ], [ -71.472767, -44.738281 ], [ -71.467968, -44.740917 ], [ -71.46619, -44.7434 ], [ -71.464778, -44.746105 ], [ -71.459766, -44.748505 ], [ -71.455127, -44.749657 ], [ -71.452014, -44.750801 ], [ -71.450068, -44.751434 ], [ -71.448131, -44.752068 ], [ -71.444735, -44.753277 ], [ -71.440943, -44.754311 ], [ -71.437296, -44.755696 ], [ -71.434649, -44.757058 ], [ -71.432139, -44.759965 ], [ -71.429873, -44.764306 ], [ -71.428889, -44.766644 ], [ -71.42705, -44.768197 ], [ -71.424349, -44.769631 ], [ -71.421259, -44.771249 ], [ -71.418085, -44.773202 ], [ -71.414904, -44.775163 ], [ -71.411417, -44.776372 ], [ -71.408647, -44.777959 ], [ -71.406412, -44.780813 ], [ -71.404344, -44.783445 ], [ -71.402513, -44.785734 ], [ -71.399057, -44.788439 ], [ -71.39715, -44.789617 ], [ -71.39332, -44.790586 ], [ -71.389764, -44.791559 ], [ -71.386117, -44.792883 ], [ -71.382638, -44.793978 ], [ -71.380715, -44.794539 ], [ -71.378167, -44.795111 ], [ -71.375649, -44.795306 ], [ -71.373071, -44.794848 ], [ -71.369691, -44.793951 ], [ -71.367173, -44.793303 ], [ -71.363427, -44.792452 ], [ -71.361229, -44.792166 ], [ -71.358711, -44.792162 ], [ -71.355248, -44.79251 ], [ -71.353088, -44.792979 ], [ -71.350967, -44.793479 ], [ -71.348991, -44.793963 ], [ -71.347008, -44.794451 ], [ -71.345024, -44.79494 ], [ -71.343048, -44.795481 ], [ -71.340255, -44.797656 ], [ -71.338867, -44.799159 ], [ -71.337165, -44.801326 ], [ -71.336021, -44.803165 ], [ -71.334838, -44.805362 ], [ -71.330856, -44.808048 ], [ -71.328483, -44.808646 ], [ -71.324714, -44.808872 ], [ -71.322631, -44.808814 ], [ -71.320548, -44.808586 ], [ -71.316878, -44.807788 ], [ -71.312964, -44.807048 ], [ -71.308356, -44.80651 ], [ -71.305365, -44.806419 ], [ -71.30023, -44.808384 ], [ -71.298117, -44.809341 ], [ -71.295065, -44.810157 ], [ -71.292097, -44.809627 ], [ -71.2898, -44.808662 ], [ -71.287908, -44.807922 ], [ -71.284063, -44.80764 ], [ -71.280134, -44.807464 ], [ -71.276136, -44.807121 ], [ -71.272801, -44.805813 ], [ -71.270192, -44.805218 ], [ -71.266354, -44.80381 ], [ -71.258091, -44.801521 ], [ -71.254292, -44.799839 ], [ -71.251827, -44.798775 ], [ -71.250133, -44.796177 ], [ -71.249492, -44.793312 ], [ -71.251415, -44.790767 ], [ -71.25333, -44.788341 ], [ -71.253864, -44.785682 ], [ -71.251796, -44.783176 ], [ -71.250507, -44.780525 ], [ -71.25056, -44.778167 ], [ -71.250308, -44.776172 ], [ -71.248615, -44.774039 ], [ -71.246883, -44.772643 ], [ -71.244052, -44.770827 ], [ -71.240893, -44.76924 ], [ -71.235568, -44.767036 ], [ -71.233675, -44.766383 ], [ -71.231692, -44.765803 ], [ -71.229502, -44.765185 ], [ -71.225802, -44.764155 ], [ -71.221369, -44.762725 ], [ -71.213426, -44.75682 ], [ -71.210771, -44.754325 ], [ -71.208436, -44.751944 ], [ -71.206674, -44.749404 ], [ -71.206513, -44.746657 ], [ -71.206834, -44.743804 ], [ -71.20556, -44.740988 ], [ -71.204522, -44.738055 ], [ -71.204026, -44.735972 ], [ -71.20382, -44.7339 ], [ -71.203805, -44.731482 ], [ -71.203812, -44.729475 ], [ -71.20398, -44.726736 ], [ -71.203904, -44.723875 ], [ -71.203827, -44.721014 ], [ -71.204293, -44.716871 ], [ -71.206093, -44.715788 ], [ -71.209542, -44.714704 ], [ -71.212388, -44.712034 ], [ -71.211411, -44.70403 ], [ -71.210579, -44.701349 ], [ -71.209694, -44.69859 ], [ -71.206955, -44.69655 ], [ -71.204048, -44.694562 ], [ -71.201225, -44.692517 ], [ -71.19609, -44.685525 ], [ -71.197433, -44.682797 ], [ -71.202621, -44.678055 ], [ -71.205367, -44.677037 ], [ -71.209144, -44.676697 ], [ -71.213058, -44.676987 ], [ -71.216957, -44.677617 ], [ -71.219131, -44.678086 ], [ -71.221397, -44.673195 ], [ -71.219841, -44.670292 ], [ -71.219391, -44.666966 ], [ -71.222687, -44.664833 ], [ -71.22464, -44.664246 ], [ -71.227577, -44.662292 ], [ -71.228531, -44.659622 ], [ -71.229416, -44.656719 ], [ -71.231338, -44.654064 ], [ -71.238091, -44.646339 ], [ -71.238754, -44.644004 ], [ -71.236763, -44.640433 ], [ -71.235214, -44.639094 ], [ -71.233452, -44.638126 ], [ -71.231498, -44.637496 ], [ -71.227516, -44.636924 ], [ -71.223769, -44.636466 ], [ -71.221656, -44.636268 ], [ -71.219543, -44.636054 ], [ -71.216559, -44.634181 ], [ -71.21646, -44.628028 ], [ -71.21456, -44.625922 ], [ -71.214873, -44.622165 ], [ -71.21968, -44.619319 ], [ -71.218398, -44.616614 ], [ -71.214667, -44.615698 ], [ -71.21015, -44.612994 ], [ -71.208448, -44.611662 ], [ -71.205969, -44.609965 ], [ -71.198812, -44.605055 ], [ -71.197591, -44.60087 ], [ -71.199979, -44.598505 ], [ -71.202993, -44.596728 ], [ -71.205297, -44.594534 ], [ -71.198903, -44.591436 ], [ -71.195684, -44.591826 ], [ -71.193654, -44.592405 ], [ -71.190145, -44.594 ], [ -71.187726, -44.594996 ], [ -71.181714, -44.598326 ], [ -71.176907, -44.600497 ], [ -71.174954, -44.599822 ], [ -71.171971, -44.597834 ], [ -71.168903, -44.596072 ], [ -71.166584, -44.595004 ], [ -71.162639, -44.592226 ], [ -71.159252, -44.591563 ], [ -71.155063, -44.591574 ], [ -71.150134, -44.591364 ], [ -71.146709, -44.592631 ], [ -71.143085, -44.593543 ], [ -71.139361, -44.594798 ], [ -71.137141, -44.596991 ], [ -71.133967, -44.598712 ], [ -71.129916, -44.598815 ], [ -71.125643, -44.596931 ], [ -71.122408, -44.595447 ], [ -71.120226, -44.593329 ], [ -71.115221, -44.591289 ], [ -71.113818, -44.590479 ], [ -71.113817, -44.590478 ], [ -71.113116, -44.590072 ], [ -71.108441, -44.5902 ], [ -71.105859, -44.590542 ], [ -71.103914, -44.5908 ], [ -71.10203, -44.589889 ], [ -71.05007, -44.60665 ], [ -70.957572, -44.592592 ], [ -70.864718, -44.57554 ], [ -70.772686, -44.564235 ], [ -70.690379, -44.563956 ], [ -70.583978, -44.568175 ], [ -70.473846, -44.575478 ], [ -70.393354, -44.589569 ], [ -70.280147, -44.605704 ], [ -70.161336, -44.610313 ], [ -69.99648, -44.608819 ], [ -69.907525, -44.587796 ], [ -69.840383, -44.541859 ], [ -69.791027, -44.471299 ], [ -69.780836, -44.418972 ], [ -69.808663, -44.340848 ], [ -69.832719, -44.301176 ], [ -69.843533, -44.253476 ], [ -69.834703, -44.177547 ], [ -69.801238, -44.135441 ], [ -69.761055, -44.10549 ], [ -69.702642, -44.094241 ], [ -69.639096, -44.109733 ], [ -69.593696, -44.141784 ], [ -69.567748, -44.202101 ], [ -69.55932, -44.273163 ], [ -69.54583, -44.335699 ], [ -69.541451, -44.406532 ], [ -69.509647, -44.452466 ], [ -69.50295, -44.502843 ], [ -69.483331, -44.548077 ], [ -69.445704, -44.579626 ] ] ] } },
{ "type": "Feature", "properties": { "cuenca": "LEVALLE", "ubicacion": "ONSHORE", "tipo": "No Productiva", "origen_geo": "no_productiva", "cuenca_norm": "LEVALLE", "cuenca_join_key": "LEVALLE" }, "geometry": { "type": "Polygon", "coordinates": [ [ [ -64.088313, -33.179009 ], [ -64.059489, -33.1692 ], [ -64.021784, -33.164047 ], [ -63.994776, -33.163603 ], [ -63.951254, -33.176512 ], [ -63.891049, -33.207283 ], [ -63.846697, -33.251938 ], [ -63.796642, -33.305571 ], [ -63.757707, -33.345742 ], [ -63.718613, -33.390445 ], [ -63.679118, -33.448766 ], [ -63.623171, -33.511282 ], [ -63.56649, -33.596479 ], [ -63.52665, -33.659282 ], [ -63.481319, -33.721941 ], [ -63.452509, -33.77585 ], [ -63.428953, -33.834417 ], [ -63.383023, -33.91065 ], [ -63.348066, -33.982574 ], [ -63.323936, -34.054716 ], [ -63.305523, -34.117905 ], [ -63.297408, -34.199493 ], [ -63.295629, -34.253961 ], [ -63.304197, -34.326834 ], [ -63.312916, -34.395161 ], [ -63.332766, -34.459198 ], [ -63.35812, -34.523359 ], [ -63.383508, -34.613503 ], [ -63.403123, -34.709377 ], [ -63.43107, -34.775388 ], [ -63.467381, -34.845918 ], [ -63.520144, -34.882175 ], [ -63.556502, -34.941279 ], [ -63.579653, -35.009558 ], [ -63.600365, -35.055404 ], [ -63.632017, -35.106003 ], [ -63.652645, -35.156378 ], [ -63.690163, -35.198001 ], [ -63.722821, -35.216796 ], [ -63.778522, -35.204234 ], [ -63.801533, -35.172862 ], [ -63.836669, -35.100833 ], [ -63.860601, -35.033129 ], [ -63.873081, -34.978842 ], [ -63.8635, -34.924157 ], [ -63.86543, -34.851507 ], [ -63.873329, -34.760791 ], [ -63.885873, -34.701962 ], [ -63.909163, -34.652403 ], [ -63.927032, -34.598194 ], [ -63.939972, -34.521191 ], [ -63.964403, -34.421656 ], [ -63.998952, -34.354101 ], [ -64.060905, -34.282431 ], [ -64.122646, -34.215274 ], [ -64.156473, -34.170366 ], [ -64.18489, -34.120822 ], [ -64.196519, -34.089195 ], [ -64.230629, -34.026091 ], [ -64.259253, -33.962902 ], [ -64.298802, -33.89532 ], [ -64.327145, -33.841187 ], [ -64.344467, -33.79145 ], [ -64.350805, -33.746096 ], [ -64.36267, -33.696277 ], [ -64.35794, -33.659859 ], [ -64.332052, -33.595888 ], [ -64.311429, -33.541071 ], [ -64.307103, -33.486477 ], [ -64.291579, -33.449912 ], [ -64.260464, -33.381301 ], [ -64.218112, -33.335241 ], [ -64.165368, -33.270835 ], [ -64.088313, -33.179009 ] ] ] } },
{ "type": "Feature", "properties": { "cuenca": "MACACHIN", "ubicacion": "ONSHORE", "tipo": "No Productiva", "origen_geo": "no_productiva", "cuenca_norm": "MACACHIN", "cuenca_join_key": "MACACHIN" }, "geometry": { "type": "Polygon", "coordinates": [ [ [ -63.843016, -35.631034 ], [ -63.80892, -35.615622 ], [ -63.774548, -35.610283 ], [ -63.728272, -35.6188 ], [ -63.722386, -35.623378 ], [ -63.669656, -35.655236 ], [ -63.632585, -35.739069 ], [ -63.613153, -35.809151 ], [ -63.616482, -35.889097 ], [ -63.614612, -35.950133 ], [ -63.61187, -36.03934 ], [ -63.59812, -36.109528 ], [ -63.572613, -36.184172 ], [ -63.547801, -36.235341 ], [ -63.51121, -36.290939 ], [ -63.48632, -36.34209 ], [ -63.455757, -36.388409 ], [ -63.424507, -36.453489 ], [ -63.399183, -36.514003 ], [ -63.356204, -36.5788 ], [ -63.313313, -36.638896 ], [ -63.294335, -36.680734 ], [ -63.268825, -36.741201 ], [ -63.243275, -36.801676 ], [ -63.223528, -36.862269 ], [ -63.203739, -36.922858 ], [ -63.165124, -37.015869 ], [ -63.138311, -37.104456 ], [ -63.099711, -37.192744 ], [ -63.080269, -37.239226 ], [ -63.060439, -37.295093 ], [ -63.062781, -37.384389 ], [ -63.047842, -37.463852 ], [ -63.038755, -37.543472 ], [ -63.017649, -37.627463 ], [ -62.990979, -37.701921 ], [ -62.952814, -37.766678 ], [ -62.90887, -37.826566 ], [ -62.853223, -37.881427 ], [ -62.833623, -37.923155 ], [ -62.801543, -37.97863 ], [ -62.78762, -38.025206 ], [ -62.779806, -38.067251 ], [ -62.777299, -38.123535 ], [ -62.782196, -38.147157 ], [ -62.791987, -38.194391 ], [ -62.795839, -38.241452 ], [ -62.817967, -38.279632 ], [ -62.846898, -38.299209 ], [ -62.876856, -38.295329 ], [ -62.920328, -38.254228 ], [ -62.964947, -38.184967 ], [ -63.009663, -38.110989 ], [ -63.048741, -38.027469 ], [ -63.094396, -37.925298 ], [ -63.139557, -37.832487 ], [ -63.178506, -37.744208 ], [ -63.222894, -37.665442 ], [ -63.278817, -37.591614 ], [ -63.334956, -37.508374 ], [ -63.397354, -37.411151 ], [ -63.447021, -37.337099 ], [ -63.490551, -37.267593 ], [ -63.540648, -37.174717 ], [ -63.571663, -37.123698 ], [ -63.620957, -37.049555 ], [ -63.682732, -36.947463 ], [ -63.71398, -36.882312 ], [ -63.727655, -36.81681 ], [ -63.753678, -36.728057 ], [ -63.779494, -36.643989 ], [ -63.80525, -36.559919 ], [ -63.825138, -36.475726 ], [ -63.867936, -36.401345 ], [ -63.898529, -36.345518 ], [ -63.923278, -36.28958 ], [ -63.94245, -36.224151 ], [ -63.956294, -36.139822 ], [ -63.969238, -36.088365 ], [ -63.970967, -36.022614 ], [ -63.984366, -35.95237 ], [ -63.986076, -35.886617 ], [ -63.976003, -35.830059 ], [ -63.948645, -35.773199 ], [ -63.915825, -35.706838 ], [ -63.843016, -35.631034 ] ] ] } },
{ "type": "Feature", "properties": { "cuenca": "MALVINAS", "ubicacion": "OFFSHORE", "tipo": "No Productiva", "origen_geo": "no_productiva", "cuenca_norm": "MALVINAS", "cuenca_join_key": "MALVINAS" }, "geometry": { "type": "Polygon", "coordinates": [ [ [ -67.056829, -52.755326 ], [ -67.043876, -52.7594 ], [ -66.897845, -52.731183 ], [ -66.704386, -52.752097 ], [ -66.510048, -52.713877 ], [ -66.412722, -52.665235 ], [ -66.524776, -52.596161 ], [ -66.700467, -52.507022 ], [ -66.764053, -52.467408 ], [ -66.778375, -52.36927 ], [ -66.745516, -52.320458 ], [ -66.633661, -52.330916 ], [ -66.48996, -52.361012 ], [ -66.393694, -52.34176 ], [ -66.376853, -52.243771 ], [ -66.439873, -52.155307 ], [ -66.486624, -52.057074 ], [ -66.580909, -51.968397 ], [ -66.642304, -51.821005 ], [ -66.718916, -51.663669 ], [ -66.668737, -51.467844 ], [ -66.541748, -51.350832 ], [ -66.446835, -51.253167 ], [ -66.321276, -51.175128 ], [ -66.242809, -51.087059 ], [ -66.148824, -50.910701 ], [ -66.071038, -50.763664 ], [ -65.932082, -50.626366 ], [ -65.778309, -50.537906 ], [ -65.701424, -50.527924 ], [ -65.532476, -50.497948 ], [ -65.410447, -50.41894 ], [ -65.318485, -50.408627 ], [ -65.182244, -50.299859 ], [ -65.135422, -50.348561 ], [ -65.090001, -50.318791 ], [ -65.012811, -50.347584 ], [ -64.934649, -50.415556 ], [ -64.855785, -50.50307 ], [ -64.793034, -50.551478 ], [ -64.682846, -50.638553 ], [ -64.557403, -50.705727 ], [ -64.398687, -50.831156 ], [ -64.331521, -50.977325 ], [ -64.265391, -51.084246 ], [ -64.243885, -51.240847 ], [ -64.159147, -51.40627 ], [ -64.186218, -51.514564 ], [ -64.119348, -51.611581 ], [ -64.035985, -51.718093 ], [ -63.936866, -51.814467 ], [ -63.774914, -51.88997 ], [ -63.498147, -52.021705 ], [ -63.351204, -52.087145 ], [ -63.268118, -52.144091 ], [ -63.219141, -52.162562 ], [ -63.052785, -52.26641 ], [ -62.953674, -52.312933 ], [ -62.804991, -52.377662 ], [ -62.706104, -52.414177 ], [ -62.541453, -52.468324 ], [ -62.47109, -52.544709 ], [ -62.373175, -52.561365 ], [ -62.225332, -52.595978 ], [ -62.023726, -52.687473 ], [ -61.82314, -52.759053 ], [ -61.754866, -52.795869 ], [ -61.603792, -52.849227 ], [ -61.433106, -52.931082 ], [ -61.283317, -52.96447 ], [ -61.147317, -53.017853 ], [ -60.926454, -53.09694 ], [ -60.688545, -53.174871 ], [ -60.499865, -53.244811 ], [ -60.303418, -53.245374 ], [ -60.158923, -53.262716 ], [ -60.101114, -53.83155 ], [ -60.132644, -53.83407 ], [ -60.255029, -53.829439 ], [ -60.495879, -53.84029 ], [ -60.673901, -53.836877 ], [ -60.83487, -53.833958 ], [ -61.009925, -53.823477 ], [ -61.223551, -53.813018 ], [ -61.412271, -53.809508 ], [ -61.627053, -53.826334 ], [ -61.761653, -53.825804 ], [ -61.944223, -53.828906 ], [ -62.182551, -53.836363 ], [ -62.351312, -53.843526 ], [ -62.503201, -53.857061 ], [ -62.714254, -53.882232 ], [ -62.889585, -53.89142 ], [ -63.128344, -53.891389 ], [ -63.35034, -53.899479 ], [ -63.510161, -53.901384 ], [ -63.727526, -53.906029 ], [ -63.955037, -53.926933 ], [ -64.088603, -53.927554 ], [ -64.306875, -53.97227 ], [ -64.43401, -54.020297 ], [ -64.564282, -54.063461 ], [ -64.7573, -54.107902 ], [ -65.010202, -54.15341 ], [ -65.275827, -54.213959 ], [ -65.459316, -54.237929 ], [ -65.611024, -54.271918 ], [ -65.753986, -54.310674 ], [ -65.921837, -54.326953 ], [ -66.112927, -54.322577 ], [ -66.271406, -54.321847 ], [ -66.496381, -54.341626 ], [ -66.529415, -54.309277 ], [ -66.519274, -54.190463 ], [ -66.621653, -53.884568 ], [ -66.804235, -53.424587 ], [ -67.056829, -52.755326 ] ] ] } },
{ "type": "Feature", "properties": { "cuenca": "MALVINAS NORTE", "ubicacion": "OFFSHORE", "tipo": "No Productiva", "origen_geo": "no_productiva", "cuenca_norm": "MALVINAS NORTE", "cuenca_join_key": "MALVINAS NORTE" }, "geometry": { "type": "Polygon", "coordinates": [ [ [ -59.096914, -48.500639 ], [ -58.965172, -48.524847 ], [ -58.868041, -48.521396 ], [ -58.738563, -48.516667 ], [ -58.637777, -48.556024 ], [ -58.580049, -48.596958 ], [ -58.519684, -48.66652 ], [ -58.445073, -48.771438 ], [ -58.274435, -48.850836 ], [ -58.235061, -48.921114 ], [ -58.193319, -49.127895 ], [ -58.233416, -49.280553 ], [ -58.269647, -49.361136 ], [ -58.325908, -49.464088 ], [ -58.371381, -49.566577 ], [ -58.431429, -49.633675 ], [ -58.457166, -49.713775 ], [ -58.438046, -49.799296 ], [ -58.382854, -49.91214 ], [ -58.273218, -50.00837 ], [ -58.15128, -50.111176 ], [ -58.098687, -50.188052 ], [ -58.186777, -50.313971 ], [ -58.33702, -50.384812 ], [ -58.389544, -50.422857 ], [ -58.416244, -50.495807 ], [ -58.353771, -50.558029 ], [ -58.188378, -50.630385 ], [ -58.043514, -50.717767 ], [ -57.956896, -50.785945 ], [ -57.924212, -50.877996 ], [ -57.918748, -50.928088 ], [ -58.00242, -50.996418 ], [ -58.191556, -51.040322 ], [ -58.315034, -51.059727 ], [ -58.528197, -51.096848 ], [ -58.625836, -51.150869 ], [ -58.641851, -51.223352 ], [ -58.787095, -51.305264 ], [ -58.787096, -51.305258 ], [ -58.787437, -51.305039 ], [ -58.78994, -51.304345 ], [ -58.793953, -51.304387 ], [ -58.796814, -51.304177 ], [ -58.800244, -51.304573 ], [ -58.802731, -51.304356 ], [ -58.803891, -51.303772 ], [ -58.807148, -51.303444 ], [ -58.810948, -51.303849 ], [ -58.813069, -51.303265 ], [ -58.81387, -51.301956 ], [ -58.814847, -51.30101 ], [ -58.814873, -51.299816 ], [ -58.814137, -51.298847 ], [ -58.813397, -51.298004 ], [ -58.813824, -51.296211 ], [ -58.813843, -51.295376 ], [ -58.815377, -51.295269 ], [ -58.817094, -51.295284 ], [ -58.817834, -51.296249 ], [ -58.818566, -51.297577 ], [ -58.819299, -51.298664 ], [ -58.820817, -51.298916 ], [ -58.821973, -51.298687 ], [ -58.82332, -51.297985 ], [ -58.823922, -51.296791 ], [ -58.824496, -51.296158 ], [ -58.825105, -51.29549 ], [ -58.825921, -51.293342 ], [ -58.8271, -51.29216 ], [ -58.828657, -51.290859 ], [ -58.830202, -51.290031 ], [ -58.83212, -51.289692 ], [ -58.83481, -51.288883 ], [ -58.835222, -51.287933 ], [ -58.836198, -51.287105 ], [ -58.837927, -51.286647 ], [ -58.840223, -51.286544 ], [ -58.843939, -51.286701 ], [ -58.847197, -51.286014 ], [ -58.848753, -51.284835 ], [ -58.850664, -51.284972 ], [ -58.852168, -51.285705 ], [ -58.853339, -51.284641 ], [ -58.855071, -51.284061 ], [ -58.856578, -51.284671 ], [ -58.858107, -51.284568 ], [ -58.859645, -51.284221 ], [ -58.860934, -51.284732 ], [ -58.862101, -51.285205 ], [ -58.864581, -51.285228 ], [ -58.867835, -51.284904 ], [ -58.87033, -51.284209 ], [ -58.871868, -51.283862 ], [ -58.872672, -51.283507 ], [ -58.873989, -51.282924 ], [ -58.875164, -51.281745 ], [ -58.876899, -51.280917 ], [ -58.879104, -51.280642 ], [ -58.879585, -51.280581 ], [ -58.881866, -51.280963 ], [ -58.885105, -51.280879 ], [ -58.886658, -51.279815 ], [ -58.889183, -51.278285 ], [ -58.893204, -51.27748 ], [ -58.895504, -51.277033 ], [ -58.899544, -51.275626 ], [ -58.901852, -51.274813 ], [ -58.90281, -51.273943 ], [ -58.903031, -51.273745 ], [ -58.903073, -51.27183 ], [ -58.904237, -51.270647 ], [ -58.904271, -51.269213 ], [ -58.90416, -51.266218 ], [ -58.904534, -51.265721 ], [ -58.905144, -51.26491 ], [ -58.907867, -51.264935 ], [ -58.911046, -51.265207 ], [ -58.913549, -51.264151 ], [ -58.914731, -51.262846 ], [ -58.915899, -51.2619 ], [ -58.916688, -51.260591 ], [ -58.918233, -51.259645 ], [ -58.920541, -51.259069 ], [ -58.921888, -51.258364 ], [ -58.923456, -51.256586 ], [ -58.925211, -51.255048 ], [ -58.927251, -51.253389 ], [ -58.929384, -51.251729 ], [ -58.931513, -51.250673 ], [ -58.933252, -51.249616 ], [ -58.93482, -51.247594 ], [ -58.935232, -51.246286 ], [ -58.936785, -51.245336 ], [ -58.940973, -51.245496 ], [ -58.944231, -51.244805 ], [ -58.946162, -51.243863 ], [ -58.9462, -51.24207 ], [ -58.947352, -51.241845 ], [ -58.948512, -51.240773 ], [ -58.949301, -51.239949 ], [ -58.950667, -51.238519 ], [ -58.951453, -51.237572 ], [ -58.953379, -51.236508 ], [ -58.955497, -51.23557 ], [ -58.956092, -51.234742 ], [ -58.957248, -51.233914 ], [ -58.961062, -51.23383 ], [ -58.962394, -51.233841 ], [ -58.964912, -51.232186 ], [ -58.967769, -51.232331 ], [ -58.969116, -51.232777 ], [ -58.968711, -51.233059 ], [ -58.966602, -51.233395 ], [ -58.96487, -51.233983 ], [ -58.963901, -51.23481 ], [ -58.963126, -51.235287 ], [ -58.962543, -51.235993 ], [ -58.961753, -51.236825 ], [ -58.961745, -51.237427 ], [ -58.961726, -51.238145 ], [ -58.961326, -51.239095 ], [ -58.96112, -51.240052 ], [ -58.960945, -51.240967 ], [ -59.153009, -51.133487 ], [ -59.282376, -51.087366 ], [ -59.460265, -50.999463 ], [ -59.69472, -50.905724 ], [ -59.78007, -50.821871 ], [ -59.878802, -50.702384 ], [ -60.101872, -50.571605 ], [ -60.429482, -50.564929 ], [ -60.660224, -50.462006 ], [ -60.891244, -50.329891 ], [ -61.029715, -50.238904 ], [ -61.203341, -50.090816 ], [ -61.263309, -49.976752 ], [ -61.32249, -49.877018 ], [ -61.327695, -49.726183 ], [ -61.287668, -49.603429 ], [ -61.258093, -49.502376 ], [ -61.185405, -49.379084 ], [ -61.1021, -49.255569 ], [ -61.007106, -49.160536 ], [ -60.856897, -49.085972 ], [ -60.629024, -49.045577 ], [ -60.464094, -49.063632 ], [ -60.341234, -49.111179 ], [ -60.245041, -49.2268 ], [ -60.118908, -49.357412 ], [ -60.01437, -49.448197 ], [ -59.911251, -49.510176 ], [ -59.739728, -49.433586 ], [ -59.79588, -49.248269 ], [ -59.876572, -49.013274 ], [ -59.957758, -48.75667 ], [ -59.968549, -48.577244 ], [ -59.974546, -48.476762 ], [ -59.890826, -48.431397 ], [ -59.752017, -48.405992 ], [ -59.569308, -48.393495 ], [ -59.493902, -48.391219 ], [ -59.307696, -48.428522 ], [ -59.207502, -48.468394 ], [ -59.096914, -48.500639 ] ] ] } },
{ "type": "Feature", "properties": { "cuenca": "MALVINAS ORIENTAL", "ubicacion": "OFFSHORE", "tipo": "No Productiva", "origen_geo": "no_productiva", "cuenca_norm": "MALVINAS ORIENTAL", "cuenca_join_key": "MALVINAS ORIENTAL" }, "geometry": { "type": "Polygon", "coordinates": [ [ [ -52.144956, -49.081543 ], [ -52.047022, -49.021081 ], [ -51.719973, -48.960525 ], [ -51.119957, -49.040777 ], [ -50.211481, -49.203307 ], [ -49.595035, -49.292841 ], [ -49.248822, -49.33007 ], [ -49.013907, -49.354682 ], [ -48.806209, -49.342811 ], [ -48.716503, -49.507021 ], [ -48.615717, -49.699187 ], [ -48.570733, -49.820856 ], [ -48.517939, -49.921532 ], [ -48.464861, -50.02216 ], [ -48.408355, -50.17176 ], [ -48.326787, -50.466081 ], [ -48.192128, -50.732332 ], [ -48.111134, -50.898023 ], [ -47.995501, -51.187225 ], [ -47.86337, -51.434163 ], [ -47.726645, -51.610859 ], [ -47.669748, -51.763837 ], [ -47.540294, -51.950797 ], [ -47.389546, -52.144656 ], [ -47.347395, -52.241809 ], [ -47.326228, -52.290381 ], [ -47.225032, -52.481967 ], [ -47.015827, -52.724726 ], [ -46.955369, -52.85811 ], [ -46.928123, -52.961175 ], [ -46.89245, -53.038945 ], [ -46.906948, -53.137046 ], [ -46.913201, -53.209858 ], [ -47.032747, -53.253588 ], [ -47.223551, -53.272952 ], [ -47.569872, -53.25721 ], [ -47.994769, -53.288537 ], [ -48.151457, -53.294338 ], [ -48.701832, -53.313049 ], [ -49.044497, -53.351808 ], [ -49.077686, -53.351041 ], [ -49.185312, -53.348487 ], [ -49.915594, -53.416218 ], [ -50.284066, -53.442758 ], [ -50.682838, -53.495834 ], [ -51.070569, -53.581692 ], [ -51.328963, -53.585009 ], [ -51.598944, -53.612252 ], [ -51.7984, -53.612855 ], [ -51.931954, -53.611477 ], [ -52.113602, -53.62521 ], [ -52.221098, -53.622055 ], [ -52.326091, -53.626424 ], [ -52.444296, -53.671749 ], [ -52.534141, -53.682076 ], [ -52.680942, -53.722506 ], [ -52.871536, -53.751817 ], [ -53.062449, -53.780834 ], [ -53.27245, -53.83528 ], [ -53.425284, -53.859565 ], [ -53.543173, -53.911534 ], [ -53.72402, -53.97782 ], [ -53.903749, -54.004211 ], [ -54.001125, -54.037796 ], [ -54.053234, -54.043051 ], [ -54.148621, -54.08419 ], [ -54.239961, -54.093278 ], [ -54.4032, -54.133011 ], [ -54.488258, -54.164952 ], [ -54.660911, -54.22098 ], [ -54.823023, -54.267861 ], [ -54.978636, -54.290254 ], [ -55.153733, -54.290552 ], [ -55.253967, -54.268105 ], [ -55.332895, -54.275195 ], [ -55.442192, -54.26916 ], [ -55.508008, -54.274971 ], [ -55.577778, -54.265336 ], [ -55.652895, -54.287628 ], [ -56.067431, -54.299223 ], [ -56.282369, -54.30115 ], [ -56.404546, -54.291404 ], [ -56.576971, -54.288247 ], [ -56.685436, -54.27172 ], [ -56.817124, -54.256125 ], [ -56.897147, -54.240957 ], [ -56.990768, -54.216046 ], [ -57.097481, -54.185079 ], [ -57.177667, -54.139884 ], [ -57.249971, -54.107364 ], [ -57.401456, -54.07513 ], [ -57.542303, -54.052555 ], [ -57.648591, -54.03227 ], [ -57.726459, -54.015534 ], [ -57.816313, -53.987043 ], [ -57.947877, -53.958996 ], [ -58.099934, -53.941743 ], [ -58.258056, -53.924495 ], [ -58.420071, -53.91461 ], [ -58.509804, -53.897718 ], [ -58.582549, -53.879334 ], [ -58.761621, -53.865745 ], [ -58.93911, -53.850913 ], [ -59.155107, -53.836765 ], [ -59.327455, -53.825892 ], [ -59.649874, -53.811357 ], [ -59.809146, -53.809778 ], [ -59.957024, -53.819932 ], [ -60.101114, -53.83155 ], [ -60.158923, -53.262716 ], [ -60.070413, -53.273244 ], [ -59.829329, -53.241329 ], [ -59.612885, -53.21024 ], [ -59.327381, -53.184706 ], [ -59.002978, -53.168905 ], [ -58.810787, -53.144676 ], [ -58.516145, -53.025246 ], [ -58.217338, -52.812296 ], [ -58.044639, -52.692649 ], [ -57.702568, -52.619881 ], [ -57.687724, -52.619658 ], [ -57.628912, -52.604063 ], [ -57.583887, -52.587681 ], [ -57.521546, -52.556158 ], [ -57.425352, -52.506072 ], [ -57.308586, -52.435378 ], [ -57.181394, -52.349718 ], [ -57.029033, -52.265241 ], [ -56.869416, -52.160639 ], [ -56.798171, -52.094371 ], [ -56.741086, -52.034023 ], [ -56.694094, -51.978588 ], [ -56.696499, -51.973835 ], [ -56.201252, -51.382352 ], [ -56.037811, -51.338911 ], [ -56.02723, -51.339017 ], [ -55.97158, -51.318487 ], [ -55.915001, -51.299818 ], [ -55.860621, -51.28464 ], [ -55.79611, -51.26542 ], [ -55.717489, -51.250364 ], [ -55.648827, -51.224027 ], [ -55.613617, -51.191303 ], [ -55.590516, -51.133922 ], [ -55.585831, -51.079409 ], [ -55.596294, -51.030946 ], [ -55.616594, -50.954306 ], [ -55.642105, -50.894938 ], [ -55.663572, -50.826837 ], [ -55.675722, -50.766618 ], [ -55.674777, -50.719089 ], [ -55.675696, -50.716751 ], [ -55.461279, -50.362768 ], [ -55.246643, -50.224793 ], [ -54.892669, -50.033598 ], [ -54.462635, -49.853269 ], [ -54.062714, -49.625113 ], [ -53.779667, -49.545899 ], [ -53.487526, -49.563428 ], [ -53.222721, -49.534013 ], [ -52.926411, -49.3427 ], [ -52.643591, -49.250659 ], [ -52.366813, -49.217715 ], [ -52.144956, -49.081543 ] ] ] } },
{ "type": "Feature", "properties": { "cuenca": "MERCEDES", "ubicacion": "ONSHORE", "tipo": "No Productiva", "origen_geo": "no_productiva", "cuenca_norm": "MERCEDES", "cuenca_join_key": "MERCEDES" }, "geometry": { "type": "Polygon", "coordinates": [ [ [ -65.846388, -34.002204 ], [ -65.773326, -33.947215 ], [ -65.688445, -33.895471 ], [ -65.619231, -33.817933 ], [ -65.527104, -33.720934 ], [ -65.48881, -33.675667 ], [ -65.41978, -33.623801 ], [ -65.304679, -33.565203 ], [ -65.204901, -33.53237 ], [ -65.09696, -33.55097 ], [ -65.011778, -33.59543 ], [ -64.948845, -33.704485 ], [ -64.939624, -33.826856 ], [ -64.93086, -33.910558 ], [ -64.906932, -33.968346 ], [ -64.828453, -34.051403 ], [ -64.796204, -34.14132 ], [ -64.778939, -34.26359 ], [ -64.792806, -34.379721 ], [ -64.883925, -34.541683 ], [ -64.968624, -34.619755 ], [ -65.084681, -34.698013 ], [ -65.17018, -34.730841 ], [ -65.255746, -34.763621 ], [ -65.357045, -34.789965 ], [ -65.497685, -34.784185 ], [ -65.591572, -34.752319 ], [ -65.701134, -34.681748 ], [ -65.81061, -34.565973 ], [ -65.834135, -34.488672 ], [ -65.904307, -34.379191 ], [ -65.91997, -34.256752 ], [ -65.91236, -34.108513 ], [ -65.913846, -34.097674 ], [ -65.891549, -34.062807 ], [ -65.846388, -34.002204 ] ] ] } },
{ "type": "Feature", "properties": { "cuenca": "NEUQUINA", "ubicacion": "ONSHORE", "tipo": "Productiva", "origen_geo": "productiva", "cuenca_norm": "NEUQUINA", "cuenca_join_key": "NEUQUINA" }, "geometry": { "type": "Polygon", "coordinates": [ [ [ -69.944454, -34.278229 ], [ -69.938793, -34.279343 ], [ -69.930255, -34.278164 ], [ -69.926708, -34.277482 ], [ -69.924197, -34.276993 ], [ -69.92213, -34.276646 ], [ -69.919223, -34.276776 ], [ -69.919223, -34.276776 ], [ -69.919223, -34.276776 ], [ -69.915367, -34.285572 ], [ -69.884241, -34.320538 ], [ -69.842124, -34.375334 ], [ -69.804369, -34.417647 ], [ -69.756649, -34.460243 ], [ -69.670088, -34.524572 ], [ -69.641379, -34.550114 ], [ -69.597409, -34.567865 ], [ -69.538167, -34.577834 ], [ -69.47291, -34.563254 ], [ -69.413147, -34.560831 ], [ -69.344441, -34.583303 ], [ -69.296545, -34.629851 ], [ -69.259512, -34.700777 ], [ -69.237037, -34.76308 ], [ -69.205208, -34.842076 ], [ -69.193752, -34.932876 ], [ -69.186641, -35.007108 ], [ -69.195989, -35.069429 ], [ -69.184626, -35.14178 ], [ -69.176379, -35.210274 ], [ -69.170871, -35.268391 ], [ -69.153929, -35.341896 ], [ -69.139719, -35.405019 ], [ -69.122478, -35.455179 ], [ -69.093074, -35.528221 ], [ -69.074961, -35.602694 ], [ -69.045088, -35.669208 ], [ -69.024699, -35.744682 ], [ -69.006223, -35.814486 ], [ -69.001434, -35.867902 ], [ -69.001166, -35.940751 ], [ -68.978168, -36.031267 ], [ -68.963916, -36.136387 ], [ -68.959111, -36.209401 ], [ -68.933798, -36.30093 ], [ -68.925081, -36.385296 ], [ -68.898331, -36.473132 ], [ -68.880478, -36.538219 ], [ -68.855441, -36.597968 ], [ -68.824413, -36.653261 ], [ -68.786413, -36.706917 ], [ -68.770435, -36.727108 ], [ -68.723492, -36.78574 ], [ -68.656567, -36.835718 ], [ -68.600795, -36.860995 ], [ -68.54934, -36.882363 ], [ -68.470248, -36.922373 ], [ -68.395151, -36.952867 ], [ -68.364158, -36.973485 ], [ -68.310652, -37.00229 ], [ -68.227099, -37.049752 ], [ -68.172254, -37.076657 ], [ -68.10416, -37.115155 ], [ -68.01369, -37.167353 ], [ -67.942834, -37.199291 ], [ -67.881068, -37.230011 ], [ -67.8083, -37.273125 ], [ -67.733105, -37.315344 ], [ -67.667986, -37.352569 ], [ -67.57926, -37.405311 ], [ -67.500439, -37.449339 ], [ -67.426385, -37.499727 ], [ -67.349715, -37.574404 ], [ -67.288704, -37.639331 ], [ -67.257, -37.686746 ], [ -67.210844, -37.751296 ], [ -67.178115, -37.805251 ], [ -67.15213, -37.867653 ], [ -67.128386, -37.936683 ], [ -67.110814, -38.005659 ], [ -67.099055, -38.049995 ], [ -67.068911, -38.114164 ], [ -67.038576, -38.168496 ], [ -66.996016, -38.242584 ], [ -66.940889, -38.316756 ], [ -66.909946, -38.336657 ], [ -66.848074, -38.381349 ], [ -66.773636, -38.426097 ], [ -66.699283, -38.490452 ], [ -66.649707, -38.539876 ], [ -66.612836, -38.618702 ], [ -66.588467, -38.70237 ], [ -66.582949, -38.795765 ], [ -66.583309, -38.839992 ], [ -66.590492, -38.948068 ], [ -66.629158, -39.051055 ], [ -66.673786, -39.104858 ], [ -66.750135, -39.168272 ], [ -66.851652, -39.211791 ], [ -66.99115, -39.250005 ], [ -67.123999, -39.258626 ], [ -67.237487, -39.242729 ], [ -67.426611, -39.220913 ], [ -67.577832, -39.204219 ], [ -67.72232, -39.172696 ], [ -67.816462, -39.15161 ], [ -67.948917, -39.149473 ], [ -68.049964, -39.152656 ], [ -68.164391, -39.18006 ], [ -68.260283, -39.217545 ], [ -68.401137, -39.273676 ], [ -68.522902, -39.320231 ], [ -68.645379, -39.381377 ], [ -68.730087, -39.443275 ], [ -68.828415, -39.524435 ], [ -68.958901, -39.609608 ], [ -69.070429, -39.690219 ], [ -69.149307, -39.747045 ], [ -69.220359, -39.769655 ], [ -69.297101, -39.777322 ], [ -69.367507, -39.785119 ], [ -69.443298, -39.773069 ], [ -69.518574, -39.751166 ], [ -69.569396, -39.749611 ], [ -69.640308, -39.767053 ], [ -69.750982, -39.812636 ], [ -69.848799, -39.853628 ], [ -69.948139, -39.919037 ], [ -70.046796, -39.969656 ], [ -70.139515, -40.025311 ], [ -70.211436, -40.052178 ], [ -70.270353, -40.074567 ], [ -70.286253, -40.076791 ], [ -70.287235, -40.076436 ], [ -70.528884, -40.152187 ], [ -70.619943, -40.184528 ], [ -70.794617, -40.182411 ], [ -70.882488, -40.186006 ], [ -71.04249, -40.270745 ], [ -71.27853, -40.359375 ], [ -71.416241, -40.358945 ], [ -71.594817, -40.345715 ], [ -71.59718, -40.347723 ], [ -71.66145, -40.35411 ], [ -71.662039, -40.351972 ], [ -71.662086, -40.35165 ], [ -71.663868, -40.34875 ], [ -71.667255, -40.347598 ], [ -71.669422, -40.347587 ], [ -71.671505, -40.347015 ], [ -71.673802, -40.344581 ], [ -71.674748, -40.34146 ], [ -71.675236, -40.33816 ], [ -71.674534, -40.335067 ], [ -71.67532, -40.331801 ], [ -71.675365, -40.328593 ], [ -71.673893, -40.325388 ], [ -71.672092, -40.322829 ], [ -71.673557, -40.320013 ], [ -71.674999, -40.31819 ], [ -71.676281, -40.315932 ], [ -71.676334, -40.313914 ], [ -71.676464, -40.311289 ], [ -71.677623, -40.308249 ], [ -71.679691, -40.305769 ], [ -71.683246, -40.302084 ], [ -71.684627, -40.299223 ], [ -71.686695, -40.296224 ], [ -71.689258, -40.294099 ], [ -71.692402, -40.292066 ], [ -71.695042, -40.289762 ], [ -71.698879, -40.290086 ], [ -71.70097, -40.289613 ], [ -71.703556, -40.287191 ], [ -71.70525, -40.284551 ], [ -71.709057, -40.284467 ], [ -71.712361, -40.284818 ], [ -71.714657, -40.284501 ], [ -71.716962, -40.283559 ], [ -71.719411, -40.281926 ], [ -71.722668, -40.279523 ], [ -71.725072, -40.280701 ], [ -71.725621, -40.282883 ], [ -71.726918, -40.285855 ], [ -71.729039, -40.288587 ], [ -71.730565, -40.291673 ], [ -71.733137, -40.294293 ], [ -71.73496, -40.297143 ], [ -71.736112, -40.3 ], [ -71.737402, -40.303079 ], [ -71.738195, -40.306115 ], [ -71.739378, -40.309175 ], [ -71.741316, -40.311651 ], [ -71.744917, -40.313177 ], [ -71.748961, -40.31384 ], [ -71.753073, -40.313642 ], [ -71.755004, -40.312944 ], [ -71.756072, -40.310766 ], [ -71.757804, -40.309491 ], [ -71.760764, -40.310441 ], [ -71.763076, -40.310689 ], [ -71.76596, -40.310243 ], [ -71.767661, -40.308911 ], [ -71.767844, -40.306851 ], [ -71.766417, -40.30457 ], [ -71.764739, -40.301484 ], [ -71.764479, -40.298566 ], [ -71.765273, -40.295525 ], [ -71.764578, -40.292947 ], [ -71.76319, -40.291505 ], [ -71.761771, -40.290047 ], [ -71.759917, -40.28777 ], [ -71.759688, -40.284279 ], [ -71.761648, -40.282093 ], [ -71.763113, -40.280697 ], [ -71.764258, -40.279038 ], [ -71.76467, -40.275883 ], [ -71.766211, -40.273239 ], [ -71.768301, -40.272995 ], [ -71.770316, -40.272698 ], [ -71.772475, -40.272453 ], [ -71.774687, -40.272572 ], [ -71.778601, -40.272644 ], [ -71.780616, -40.272289 ], [ -71.782836, -40.272026 ], [ -71.787025, -40.271728 ], [ -71.790862, -40.271019 ], [ -71.793067, -40.270408 ], [ -71.795806, -40.268696 ], [ -71.796295, -40.265659 ], [ -71.797149, -40.262786 ], [ -71.800041, -40.260589 ], [ -71.803123, -40.259349 ], [ -71.805015, -40.258289 ], [ -71.806419, -40.256828 ], [ -71.807518, -40.254321 ], [ -71.806274, -40.251269 ], [ -71.803565, -40.24911 ], [ -71.803611, -40.246821 ], [ -71.807182, -40.245936 ], [ -71.808937, -40.243178 ], [ -71.808975, -40.23997 ], [ -71.809013, -40.236933 ], [ -71.809669, -40.234183 ], [ -71.810523, -40.232283 ], [ -71.813484, -40.231696 ], [ -71.815711, -40.232245 ], [ -71.818145, -40.232806 ], [ -71.821396, -40.23337 ], [ -71.824051, -40.233397 ], [ -71.826134, -40.23292 ], [ -71.828941, -40.23044 ], [ -71.829719, -40.227457 ], [ -71.830131, -40.224417 ], [ -71.83181, -40.221411 ], [ -71.833122, -40.218554 ], [ -71.83387, -40.215334 ], [ -71.834083, -40.212244 ], [ -71.833748, -40.209055 ], [ -71.832, -40.206419 ], [ -71.828407, -40.205236 ], [ -71.826461, -40.204736 ], [ -71.824439, -40.204061 ], [ -71.820693, -40.2026 ], [ -71.817458, -40.200903 ], [ -71.81552, -40.19869 ], [ -71.81465, -40.196855 ], [ -71.813056, -40.194624 ], [ -71.811255, -40.193327 ], [ -71.809454, -40.192255 ], [ -71.80657, -40.190809 ], [ -71.803663, -40.188222 ], [ -71.804075, -40.185472 ], [ -71.807722, -40.184533 ], [ -71.809882, -40.1844 ], [ -71.813742, -40.183172 ], [ -71.816115, -40.182103 ], [ -71.818061, -40.1811 ], [ -71.820342, -40.180036 ], [ -71.823226, -40.178983 ], [ -71.825835, -40.177709 ], [ -71.829642, -40.175149 ], [ -71.830855, -40.173489 ], [ -71.829909, -40.169888 ], [ -71.828017, -40.167039 ], [ -71.826293, -40.164731 ], [ -71.820685, -40.158955 ], [ -71.819304, -40.155926 ], [ -71.818655, -40.153408 ], [ -71.818426, -40.151177 ], [ -71.818075, -40.148926 ], [ -71.81777, -40.146141 ], [ -71.81677, -40.143227 ], [ -71.815908, -40.140202 ], [ -71.81394, -40.137524 ], [ -71.812139, -40.136616 ], [ -71.808965, -40.135578 ], [ -71.806951, -40.132526 ], [ -71.807416, -40.129913 ], [ -71.808385, -40.127704 ], [ -71.808866, -40.124439 ], [ -71.809179, -40.121978 ], [ -71.808889, -40.1198 ], [ -71.808103, -40.116539 ], [ -71.808065, -40.113502 ], [ -71.808103, -40.110469 ], [ -71.805615, -40.108135 ], [ -71.802907, -40.105861 ], [ -71.80254, -40.103141 ], [ -71.804684, -40.103126 ], [ -71.807439, -40.104629 ], [ -71.809728, -40.105155 ], [ -71.812726, -40.104251 ], [ -71.816671, -40.104392 ], [ -71.819906, -40.106551 ], [ -71.821783, -40.107738 ], [ -71.824789, -40.110011 ], [ -71.827719, -40.110828 ], [ -71.829946, -40.110484 ], [ -71.83103, -40.108596 ], [ -71.831236, -40.106307 ], [ -71.830663, -40.103442 ], [ -71.830183, -40.100467 ], [ -71.830045, -40.098269 ], [ -71.830122, -40.095656 ], [ -71.830007, -40.092448 ], [ -71.829297, -40.08919 ], [ -71.827405, -40.086222 ], [ -71.825376, -40.084715 ], [ -71.823583, -40.083556 ], [ -71.821027, -40.082484 ], [ -71.818097, -40.082423 ], [ -71.815793, -40.08211 ], [ -71.81342, -40.081393 ], [ -71.81062, -40.080103 ], [ -71.808392, -40.078558 ], [ -71.805172, -40.07675 ], [ -71.801502, -40.075228 ], [ -71.799496, -40.075469 ], [ -71.797588, -40.07783 ], [ -71.797405, -40.080809 ], [ -71.795826, -40.082522 ], [ -71.793575, -40.084559 ], [ -71.791805, -40.085784 ], [ -71.788692, -40.087573 ], [ -71.784878, -40.089107 ], [ -71.782169, -40.089789 ], [ -71.780162, -40.090373 ], [ -71.778156, -40.090732 ], [ -71.776149, -40.091315 ], [ -71.774074, -40.091846 ], [ -71.771617, -40.092433 ], [ -71.767307, -40.093265 ], [ -71.764377, -40.093692 ], [ -71.760989, -40.094337 ], [ -71.758914, -40.094978 ], [ -71.756968, -40.096149 ], [ -71.755069, -40.09721 ], [ -71.751879, -40.09869 ], [ -71.749964, -40.099392 ], [ -71.74763, -40.099575 ], [ -71.745036, -40.099586 ], [ -71.742579, -40.099888 ], [ -71.740572, -40.100189 ], [ -71.736712, -40.100845 ], [ -71.734858, -40.101883 ], [ -71.733233, -40.103214 ], [ -71.731607, -40.104485 ], [ -71.729586, -40.106491 ], [ -71.727991, -40.108456 ], [ -71.726053, -40.110062 ], [ -71.723177, -40.110775 ], [ -71.720873, -40.111019 ], [ -71.718279, -40.111489 ], [ -71.716074, -40.112091 ], [ -71.713075, -40.113244 ], [ -71.710916, -40.113945 ], [ -71.708612, -40.114415 ], [ -71.706529, -40.114884 ], [ -71.704454, -40.115639 ], [ -71.702531, -40.116624 ], [ -71.700242, -40.119046 ], [ -71.698815, -40.120751 ], [ -71.696481, -40.122617 ], [ -71.694337, -40.12357 ], [ -71.690537, -40.124082 ], [ -71.687028, -40.122319 ], [ -71.684678, -40.119588 ], [ -71.682564, -40.116967 ], [ -71.681343, -40.113885 ], [ -71.68071, -40.110623 ], [ -71.679276, -40.107278 ], [ -71.677376, -40.104622 ], [ -71.675957, -40.101544 ], [ -71.674782, -40.098458 ], [ -71.67411, -40.09541 ], [ -71.67263, -40.092053 ], [ -71.670967, -40.088967 ], [ -71.669372, -40.085941 ], [ -71.668594, -40.08308 ], [ -71.668639, -40.079933 ], [ -71.669257, -40.077991 ], [ -71.670676, -40.075107 ], [ -71.672172, -40.072105 ], [ -71.673522, -40.069362 ], [ -71.675102, -40.066219 ], [ -71.676368, -40.063449 ], [ -71.677902, -40.060691 ], [ -71.67974, -40.057819 ], [ -71.681938, -40.055 ], [ -71.683486, -40.053138 ], [ -71.685394, -40.050624 ], [ -71.687194, -40.04753 ], [ -71.688537, -40.044822 ], [ -71.690017, -40.041613 ], [ -71.690856, -40.038966 ], [ -71.691421, -40.035586 ], [ -71.691833, -40.032431 ], [ -71.691726, -40.029284 ], [ -71.691024, -40.025908 ], [ -71.690291, -40.023623 ], [ -71.688895, -40.021338 ], [ -71.687201, -40.019869 ], [ -71.684546, -40.018042 ], [ -71.682677, -40.016958 ], [ -71.680892, -40.015852 ], [ -71.678107, -40.013834 ], [ -71.67652, -40.01232 ], [ -71.674292, -40.007967 ], [ -71.67304, -40.005503 ], [ -71.672415, -40.00247 ], [ -71.671057, -39.999433 ], [ -71.67082, -39.999174 ], [ -71.668493, -39.99666 ], [ -71.666631, -39.994802 ], [ -71.663648, -39.991586 ], [ -71.66213, -39.990213 ], [ -71.660222, -39.987672 ], [ -71.658384, -39.985292 ], [ -71.65624, -39.982801 ], [ -71.654401, -39.980424 ], [ -71.6526, -39.977563 ], [ -71.651166, -39.975488 ], [ -71.64835, -39.972192 ], [ -71.642605, -39.968526 ], [ -71.640507, -39.969282 ], [ -71.63834, -39.970453 ], [ -71.635716, -39.972719 ], [ -71.632931, -39.974592 ], [ -71.62849, -39.976827 ], [ -71.625461, -39.975984 ], [ -71.623348, -39.974951 ], [ -71.622768, -39.972269 ], [ -71.624088, -39.969045 ], [ -71.624347, -39.966634 ], [ -71.622943, -39.964853 ], [ -71.62038, -39.961877 ], [ -71.618823, -39.959035 ], [ -71.61906, -39.956285 ], [ -71.620258, -39.953462 ], [ -71.622958, -39.950006 ], [ -71.624324, -39.948541 ], [ -71.62627, -39.946507 ], [ -71.627544, -39.944791 ], [ -71.628085, -39.941331 ], [ -71.626842, -39.938767 ], [ -71.625506, -39.935811 ], [ -71.625514, -39.933007 ], [ -71.625232, -39.930203 ], [ -71.62472, -39.92746 ], [ -71.623767, -39.924839 ], [ -71.622287, -39.922963 ], [ -71.618571, -39.921704 ], [ -71.61484, -39.922573 ], [ -71.611933, -39.923741 ], [ -71.607294, -39.924965 ], [ -71.604754, -39.924813 ], [ -71.602388, -39.922555 ], [ -71.603586, -39.919728 ], [ -71.605089, -39.917076 ], [ -71.60428, -39.914166 ], [ -71.601961, -39.912438 ], [ -71.599069, -39.910343 ], [ -71.596536, -39.907757 ], [ -71.595102, -39.905583 ], [ -71.594377, -39.902905 ], [ -71.595048, -39.899971 ], [ -71.595208, -39.897049 ], [ -71.59678, -39.894222 ], [ -71.599031, -39.89196 ], [ -71.601884, -39.890087 ], [ -71.604204, -39.887889 ], [ -71.606012, -39.885456 ], [ -71.609438, -39.883178 ], [ -71.611482, -39.882297 ], [ -71.61368, -39.881488 ], [ -71.616754, -39.880359 ], [ -71.618883, -39.879665 ], [ -71.622286, -39.879623 ], [ -71.626169, -39.880088 ], [ -71.629732, -39.880263 ], [ -71.633204, -39.879474 ], [ -71.635996, -39.876807 ], [ -71.637103, -39.874782 ], [ -71.638308, -39.87213 ], [ -71.638903, -39.869075 ], [ -71.638689, -39.866229 ], [ -71.639132, -39.862803 ], [ -71.639757, -39.860774 ], [ -71.641703, -39.858286 ], [ -71.643954, -39.856135 ], [ -71.64902, -39.85441 ], [ -71.652163, -39.855097 ], [ -71.654307, -39.855822 ], [ -71.656466, -39.856508 ], [ -71.659724, -39.8575 ], [ -71.661922, -39.858118 ], [ -71.665164, -39.858763 ], [ -71.667499, -39.859431 ], [ -71.669696, -39.860048 ], [ -71.67226, -39.860724 ], [ -71.674503, -39.860933 ], [ -71.679546, -39.861136 ], [ -71.682941, -39.860342 ], [ -71.685413, -39.858362 ], [ -71.687435, -39.855539 ], [ -71.689175, -39.851854 ], [ -71.690617, -39.849764 ], [ -71.692082, -39.848241 ], [ -71.692081, -39.845628 ], [ -71.69202, -39.842577 ], [ -71.691654, -39.839715 ], [ -71.689815, -39.837339 ], [ -71.687542, -39.835138 ], [ -71.688213, -39.83238 ], [ -71.690349, -39.831231 ], [ -71.691921, -39.82995 ], [ -71.693241, -39.828302 ], [ -71.692211, -39.825913 ], [ -71.689495, -39.823655 ], [ -71.686435, -39.821477 ], [ -71.683994, -39.820123 ], [ -71.681979, -39.818578 ], [ -71.679004, -39.816247 ], [ -71.676074, -39.814568 ], [ -71.672999, -39.813123 ], [ -71.670878, -39.810796 ], [ -71.672427, -39.809495 ], [ -71.675059, -39.808358 ], [ -71.677806, -39.8079 ], [ -71.680728, -39.807461 ], [ -71.685588, -39.806222 ], [ -71.68732, -39.805123 ], [ -71.686618, -39.802624 ], [ -71.683986, -39.80077 ], [ -71.682292, -39.798386 ], [ -71.681559, -39.795479 ], [ -71.682399, -39.792034 ], [ -71.68336, -39.790074 ], [ -71.683963, -39.787254 ], [ -71.684901, -39.784187 ], [ -71.685458, -39.78162 ], [ -71.685786, -39.777935 ], [ -71.685465, -39.775726 ], [ -71.684809, -39.772987 ], [ -71.683855, -39.770191 ], [ -71.684679, -39.767433 ], [ -71.68677, -39.763977 ], [ -71.687426, -39.760742 ], [ -71.690295, -39.75891 ], [ -71.692416, -39.758163 ], [ -71.695025, -39.756862 ], [ -71.697055, -39.755458 ], [ -71.699969, -39.752784 ], [ -71.70206, -39.750407 ], [ -71.704371, -39.74797 ], [ -71.706172, -39.745597 ], [ -71.707888, -39.743106 ], [ -71.709712, -39.740157 ], [ -71.711413, -39.735857 ], [ -71.712741, -39.732272 ], [ -71.713206, -39.729719 ], [ -71.711947, -39.726843 ], [ -71.709307, -39.724993 ], [ -71.707331, -39.722731 ], [ -71.706667, -39.719931 ], [ -71.705714, -39.717257 ], [ -71.704455, -39.71522 ], [ -71.701456, -39.712618 ], [ -71.698885, -39.710649 ], [ -71.697718, -39.708315 ], [ -71.700037, -39.70622 ], [ -71.703501, -39.705431 ], [ -71.706431, -39.703836 ], [ -71.708132, -39.699876 ], [ -71.707102, -39.697584 ], [ -71.705278, -39.696298 ], [ -71.701959, -39.696237 ], [ -71.698106, -39.696741 ], [ -71.69388, -39.697015 ], [ -71.690935, -39.696962 ], [ -71.687448, -39.696665 ], [ -71.683885, -39.696256 ], [ -71.680314, -39.695795 ], [ -71.677102, -39.694406 ], [ -71.676423, -39.691496 ], [ -71.676232, -39.688806 ], [ -71.67669, -39.685213 ], [ -71.677796, -39.683172 ], [ -71.682732, -39.681859 ], [ -71.685044, -39.681581 ], [ -71.688775, -39.681012 ], [ -71.691239, -39.678746 ], [ -71.693185, -39.67648 ], [ -71.694154, -39.673665 ], [ -71.694741, -39.67064 ], [ -71.695504, -39.667977 ], [ -71.696176, -39.664433 ], [ -71.696549, -39.662347 ], [ -71.700021, -39.659211 ], [ -71.701921, -39.658177 ], [ -71.704408, -39.656739 ], [ -71.706048, -39.654198 ], [ -71.70897, -39.652493 ], [ -71.712121, -39.651245 ], [ -71.714822, -39.649487 ], [ -71.716531, -39.646885 ], [ -71.717866, -39.644062 ], [ -71.717889, -39.640793 ], [ -71.718263, -39.636749 ], [ -71.718683, -39.634525 ], [ -71.719072, -39.632534 ], [ -71.719743, -39.629661 ], [ -71.717324, -39.627514 ], [ -71.714395, -39.625553 ], [ -71.710626, -39.623035 ], [ -71.709, -39.621746 ], [ -71.707383, -39.620224 ], [ -71.704361, -39.614417 ], [ -71.703438, -39.611999 ], [ -71.702317, -39.609123 ], [ -71.701729, -39.606323 ], [ -71.701073, -39.603583 ], [ -71.700569, -39.600898 ], [ -71.700646, -39.598094 ], [ -71.701569, -39.595912 ], [ -71.703407, -39.593013 ], [ -71.70533, -39.590327 ], [ -71.706993, -39.58821 ], [ -71.706657, -39.584181 ], [ -71.701698, -39.583304 ], [ -71.698082, -39.58364 ], [ -71.694473, -39.583922 ], [ -71.690704, -39.584147 ], [ -71.687019, -39.58443 ], [ -71.683479, -39.584937 ], [ -71.679793, -39.585444 ], [ -71.675887, -39.585734 ], [ -71.672271, -39.58607 ], [ -71.668158, -39.586368 ], [ -71.664885, -39.586516 ], [ -71.661124, -39.586684 ], [ -71.657271, -39.586337 ], [ -71.653921, -39.585296 ], [ -71.650274, -39.584197 ], [ -71.646635, -39.583507 ], [ -71.643064, -39.582641 ], [ -71.639463, -39.583492 ], [ -71.636472, -39.585307 ], [ -71.633382, -39.5872 ], [ -71.630277, -39.589172 ], [ -71.62766, -39.591156 ], [ -71.624967, -39.593021 ], [ -71.622724, -39.595119 ], [ -71.620702, -39.597435 ], [ -71.618993, -39.600033 ], [ -71.617719, -39.602627 ], [ -71.61749, -39.605614 ], [ -71.617849, -39.608467 ], [ -71.615773, -39.611271 ], [ -71.61411, -39.613274 ], [ -71.614469, -39.616021 ], [ -71.615567, -39.618863 ], [ -71.61659, -39.621602 ], [ -71.615621, -39.624421 ], [ -71.612851, -39.626233 ], [ -71.609403, -39.627652 ], [ -71.605573, -39.62822 ], [ -71.602437, -39.627003 ], [ -71.598736, -39.625062 ], [ -71.595891, -39.625088 ], [ -71.59245, -39.626851 ], [ -71.590207, -39.628999 ], [ -71.587208, -39.6307 ], [ -71.583927, -39.629598 ], [ -71.577732, -39.626702 ], [ -71.573787, -39.625653 ], [ -71.571598, -39.623689 ], [ -71.569644, -39.620328 ], [ -71.568889, -39.618287 ], [ -71.568241, -39.615544 ], [ -71.567066, -39.612759 ], [ -71.565387, -39.610261 ], [ -71.56232, -39.608582 ], [ -71.558627, -39.608914 ], [ -71.554797, -39.609711 ], [ -71.550761, -39.610288 ], [ -71.547503, -39.610722 ], [ -71.543429, -39.612729 ], [ -71.541575, -39.613835 ], [ -71.538363, -39.615537 ], [ -71.535441, -39.617234 ], [ -71.532374, -39.619108 ], [ -71.529284, -39.620466 ], [ -71.526079, -39.622201 ], [ -71.522287, -39.625204 ], [ -71.520799, -39.626924 ], [ -71.519029, -39.62861 ], [ -71.514765, -39.633303 ], [ -71.511545, -39.634722 ], [ -71.50477, -39.632914 ], [ -71.501817, -39.6294 ], [ -71.500627, -39.627748 ], [ -71.497781, -39.624624 ], [ -71.495591, -39.622835 ], [ -71.492837, -39.620462 ], [ -71.488923, -39.617536 ], [ -71.48658, -39.615274 ], [ -71.484024, -39.613134 ], [ -71.481377, -39.610586 ], [ -71.478973, -39.608442 ], [ -71.477127, -39.605348 ], [ -71.476349, -39.603265 ], [ -71.471893, -39.598852 ], [ -71.471176, -39.596059 ], [ -71.470527, -39.59337 ], [ -71.468482, -39.590993 ], [ -71.466071, -39.588788 ], [ -71.46498, -39.585996 ], [ -71.468124, -39.582429 ], [ -71.470809, -39.581098 ], [ -71.47277, -39.580232 ], [ -71.477187, -39.575764 ], [ -71.478309, -39.572777 ], [ -71.478103, -39.569745 ], [ -71.476859, -39.567009 ], [ -71.474669, -39.564862 ], [ -71.472632, -39.562535 ], [ -71.470794, -39.560002 ], [ -71.471434, -39.554592 ], [ -71.474501, -39.553005 ], [ -71.477965, -39.552338 ], [ -71.48175, -39.553089 ], [ -71.484664, -39.554833 ], [ -71.487876, -39.55645 ], [ -71.490936, -39.558075 ], [ -71.494362, -39.559235 ], [ -71.497993, -39.559647 ], [ -71.502624, -39.554249 ], [ -71.504356, -39.552982 ], [ -71.50766, -39.551906 ], [ -71.511254, -39.550831 ], [ -71.514862, -39.550209 ], [ -71.518387, -39.549366 ], [ -71.521462, -39.547779 ], [ -71.524224, -39.545913 ], [ -71.527527, -39.544612 ], [ -71.530747, -39.54325 ], [ -71.533967, -39.54195 ], [ -71.53666, -39.540141 ], [ -71.539346, -39.537814 ], [ -71.540696, -39.53522 ], [ -71.540841, -39.531978 ], [ -71.539918, -39.529902 ], [ -71.53801, -39.527293 ], [ -71.536187, -39.524859 ], [ -71.534432, -39.522242 ], [ -71.533341, -39.519568 ], [ -71.529999, -39.518576 ], [ -71.526436, -39.517649 ], [ -71.523277, -39.515528 ], [ -71.522133, -39.513411 ], [ -71.523865, -39.508063 ], [ -71.524399, -39.505133 ], [ -71.522133, -39.503046 ], [ -71.518928, -39.501601 ], [ -71.51342, -39.500918 ], [ -71.510886, -39.500815 ], [ -71.507911, -39.500708 ], [ -71.502791, -39.500224 ], [ -71.500731, -39.500056 ], [ -71.497176, -39.499415 ], [ -71.493903, -39.49819 ], [ -71.490485, -39.497149 ], [ -71.483359, -39.495349 ], [ -71.480887, -39.493434 ], [ -71.477674, -39.488203 ], [ -71.474546, -39.482916 ], [ -71.472501, -39.480536 ], [ -71.470754, -39.478098 ], [ -71.468709, -39.475603 ], [ -71.466672, -39.473219 ], [ -71.466313, -39.470305 ], [ -71.468335, -39.467989 ], [ -71.470952, -39.462683 ], [ -71.470456, -39.459772 ], [ -71.468198, -39.457563 ], [ -71.466374, -39.455183 ], [ -71.463971, -39.453039 ], [ -71.457425, -39.451395 ], [ -71.450978, -39.449129 ], [ -71.452175, -39.446252 ], [ -71.452625, -39.444212 ], [ -71.452923, -39.442033 ], [ -71.453106, -39.439111 ], [ -71.452976, -39.436136 ], [ -71.452289, -39.426263 ], [ -71.452228, -39.423402 ], [ -71.451145, -39.420724 ], [ -71.450939, -39.417863 ], [ -71.450458, -39.412259 ], [ -71.448421, -39.41005 ], [ -71.446681, -39.407666 ], [ -71.445667, -39.404812 ], [ -71.445682, -39.402066 ], [ -71.447246, -39.399353 ], [ -71.448222, -39.396534 ], [ -71.44987, -39.394112 ], [ -71.452258, -39.391735 ], [ -71.454349, -39.389271 ], [ -71.456134, -39.386818 ], [ -71.458148, -39.384392 ], [ -71.459346, -39.381508 ], [ -71.460399, -39.378921 ], [ -71.46078, -39.376053 ], [ -71.460063, -39.37331 ], [ -71.457446, -39.371399 ], [ -71.453837, -39.371051 ], [ -71.450229, -39.371658 ], [ -71.44813, -39.371784 ], [ -71.445819, -39.37178 ], [ -71.44308, -39.37146 ], [ -71.43941, -39.372192 ], [ -71.435808, -39.372749 ], [ -71.432612, -39.371475 ], [ -71.428705, -39.369144 ], [ -71.426538, -39.368519 ], [ -71.423822, -39.366939 ], [ -71.421846, -39.363689 ], [ -71.419748, -39.362236 ], [ -71.417512, -39.360695 ], [ -71.415384, -39.357765 ], [ -71.412988, -39.35556 ], [ -71.409516, -39.355201 ], [ -71.406533, -39.353462 ], [ -71.403992, -39.351429 ], [ -71.401894, -39.348346 ], [ -71.401162, -39.346366 ], [ -71.400719, -39.343944 ], [ -71.399369, -39.341003 ], [ -71.399331, -39.337833 ], [ -71.399544, -39.335044 ], [ -71.399781, -39.332179 ], [ -71.39943, -39.329204 ], [ -71.399086, -39.326404 ], [ -71.398811, -39.323657 ], [ -71.398361, -39.321471 ], [ -71.397667, -39.317946 ], [ -71.396873, -39.31528 ], [ -71.395355, -39.312415 ], [ -71.39405, -39.30939 ], [ -71.394729, -39.306815 ], [ -71.396301, -39.304331 ], [ -71.39772, -39.301852 ], [ -71.398628, -39.299204 ], [ -71.398132, -39.296522 ], [ -71.396797, -39.293883 ], [ -71.395462, -39.291399 ], [ -71.39302, -39.288332 ], [ -71.391029, -39.286928 ], [ -71.385802, -39.286005 ], [ -71.383498, -39.285891 ], [ -71.380469, -39.285162 ], [ -71.37873, -39.282545 ], [ -71.377867, -39.279753 ], [ -71.377814, -39.276945 ], [ -71.377852, -39.273435 ], [ -71.378249, -39.269922 ], [ -71.380812, -39.26845 ], [ -71.383116, -39.268293 ], [ -71.386626, -39.268308 ], [ -71.388907, -39.268171 ], [ -71.391135, -39.267759 ], [ -71.393287, -39.266508 ], [ -71.395225, -39.264142 ], [ -71.396132, -39.261442 ], [ -71.396659, -39.258451 ], [ -71.397437, -39.254609 ], [ -71.398085, -39.251599 ], [ -71.396163, -39.248784 ], [ -71.394751, -39.247357 ], [ -71.393035, -39.245725 ], [ -71.390677, -39.244184 ], [ -71.388022, -39.241605 ], [ -71.386069, -39.239278 ], [ -71.38719, -39.23663 ], [ -71.390173, -39.234708 ], [ -71.392409, -39.23256 ], [ -71.392874, -39.229107 ], [ -71.392958, -39.22683 ], [ -71.394171, -39.22482 ], [ -71.395132, -39.22136 ], [ -71.393606, -39.218979 ], [ -71.390013, -39.218903 ], [ -71.385404, -39.216679 ], [ -71.385771, -39.21254 ], [ -71.386602, -39.209725 ], [ -71.38664, -39.207634 ], [ -71.387518, -39.203987 ], [ -71.390043, -39.202335 ], [ -71.393789, -39.201164 ], [ -71.396505, -39.198833 ], [ -71.398184, -39.196701 ], [ -71.399015, -39.193946 ], [ -71.399252, -39.191021 ], [ -71.40148, -39.188419 ], [ -71.403868, -39.186385 ], [ -71.404768, -39.184215 ], [ -71.404562, -39.180824 ], [ -71.403585, -39.178058 ], [ -71.40431, -39.175212 ], [ -71.405874, -39.17216 ], [ -71.404722, -39.169879 ], [ -71.402761, -39.167441 ], [ -71.404844, -39.165126 ], [ -71.408293, -39.164569 ], [ -71.411795, -39.163497 ], [ -71.414381, -39.162001 ], [ -71.417311, -39.160109 ], [ -71.419935, -39.157469 ], [ -71.422148, -39.155699 ], [ -71.425917, -39.153239 ], [ -71.427779, -39.15217 ], [ -71.430342, -39.150332 ], [ -71.431914, -39.147848 ], [ -71.43244, -39.144983 ], [ -71.432898, -39.142164 ], [ -71.431051, -39.139105 ], [ -71.429136, -39.137571 ], [ -71.425421, -39.13458 ], [ -71.423658, -39.133421 ], [ -71.421591, -39.131193 ], [ -71.420568, -39.127744 ], [ -71.420522, -39.125192 ], [ -71.420095, -39.122388 ], [ -71.419088, -39.11971 ], [ -71.418081, -39.116857 ], [ -71.41538, -39.114053 ], [ -71.413518, -39.112562 ], [ -71.411275, -39.110471 ], [ -71.408627, -39.107904 ], [ -71.406613, -39.104318 ], [ -71.40659, -39.101964 ], [ -71.406956, -39.099984 ], [ -71.408658, -39.097104 ], [ -71.410153, -39.094506 ], [ -71.412381, -39.092244 ], [ -71.414784, -39.088979 ], [ -71.416028, -39.087048 ], [ -71.417439, -39.084225 ], [ -71.418919, -39.081543 ], [ -71.41998, -39.079094 ], [ -71.420949, -39.075455 ], [ -71.421773, -39.073288 ], [ -71.423116, -39.070526 ], [ -71.424016, -39.067825 ], [ -71.423657, -39.064678 ], [ -71.421902, -39.061512 ], [ -71.420476, -39.059677 ], [ -71.418812, -39.057293 ], [ -71.417996, -39.054153 ], [ -71.418492, -39.051971 ], [ -71.419216, -39.049755 ], [ -71.421101, -39.046726 ], [ -71.422955, -39.044185 ], [ -71.425412, -39.042152 ], [ -71.426899, -39.039497 ], [ -71.428242, -39.036964 ], [ -71.430554, -39.033988 ], [ -71.431149, -39.031829 ], [ -71.430981, -39.029544 ], [ -71.42899, -39.026645 ], [ -71.426899, -39.024165 ], [ -71.425228, -39.021594 ], [ -71.423855, -39.018977 ], [ -71.423214, -39.01612 ], [ -71.422642, -39.013377 ], [ -71.422733, -39.010512 ], [ -71.42287, -39.008334 ], [ -71.423351, -39.004778 ], [ -71.424091, -38.999125 ], [ -71.425892, -38.995733 ], [ -71.428135, -38.992006 ], [ -71.428707, -38.98789 ], [ -71.42921, -38.984003 ], [ -71.429523, -38.981653 ], [ -71.429592, -38.978109 ], [ -71.428684, -38.975542 ], [ -71.425853, -38.973325 ], [ -71.422336, -38.971731 ], [ -71.420581, -38.970606 ], [ -71.419253, -38.96903 ], [ -71.41952, -38.965887 ], [ -71.420657, -38.963491 ], [ -71.422381, -38.961049 ], [ -71.425044, -38.959474 ], [ -71.427035, -38.958944 ], [ -71.429164, -38.958295 ], [ -71.433231, -38.95511 ], [ -71.434993, -38.953946 ], [ -71.437168, -38.9526 ], [ -71.438915, -38.950704 ], [ -71.440227, -38.949025 ], [ -71.441577, -38.946462 ], [ -71.441318, -38.944283 ], [ -71.439853, -38.939637 ], [ -71.438724, -38.936822 ], [ -71.438235, -38.933266 ], [ -71.438029, -38.929661 ], [ -71.437045, -38.926621 ], [ -71.436938, -38.923931 ], [ -71.433848, -38.92202 ], [ -71.431559, -38.921593 ], [ -71.428637, -38.921109 ], [ -71.423579, -38.921574 ], [ -71.418825, -38.921074 ], [ -71.411951, -38.919522 ], [ -71.405626, -38.916542 ], [ -71.403825, -38.914639 ], [ -71.399446, -38.91391 ], [ -71.397119, -38.913086 ], [ -71.394647, -38.911805 ], [ -71.392106, -38.910462 ], [ -71.389039, -38.90992 ], [ -71.386773, -38.909439 ], [ -71.38292, -38.907914 ], [ -71.379586, -38.90559 ], [ -71.37674, -38.904934 ], [ -71.373917, -38.903073 ], [ -71.371605, -38.901223 ], [ -71.368805, -38.898724 ], [ -71.36721, -38.896885 ], [ -71.364105, -38.894108 ], [ -71.362457, -38.891636 ], [ -71.360435, -38.890293 ], [ -71.353095, -38.886902 ], [ -71.351058, -38.886082 ], [ -71.347335, -38.884106 ], [ -71.344237, -38.882355 ], [ -71.34101, -38.880215 ], [ -71.339018, -38.879437 ], [ -71.335371, -38.878544 ], [ -71.33267, -38.877941 ], [ -71.329229, -38.878197 ], [ -71.325354, -38.878098 ], [ -71.321188, -38.879856 ], [ -71.319166, -38.880211 ], [ -71.316595, -38.880642 ], [ -71.313436, -38.879742 ], [ -71.310628, -38.878575 ], [ -71.306264, -38.876851 ], [ -71.303075, -38.875069 ], [ -71.290402, -38.866127 ], [ -71.287678, -38.864205 ], [ -71.2841, -38.86221 ], [ -71.281162, -38.860069 ], [ -71.277553, -38.858639 ], [ -71.273746, -38.857132 ], [ -71.271495, -38.856251 ], [ -71.270008, -38.853542 ], [ -71.270359, -38.850174 ], [ -71.269893, -38.847591 ], [ -71.269802, -38.84547 ], [ -71.270587, -38.841305 ], [ -71.272022, -38.838573 ], [ -71.272937, -38.836525 ], [ -71.275279, -38.833923 ], [ -71.277408, -38.832164 ], [ -71.276706, -38.83004 ], [ -71.274196, -38.827438 ], [ -71.271968, -38.825298 ], [ -71.26636, -38.819686 ], [ -71.262011, -38.816299 ], [ -71.259364, -38.814288 ], [ -71.255518, -38.812476 ], [ -71.25194, -38.812091 ], [ -71.248942, -38.811946 ], [ -71.244013, -38.813209 ], [ -71.238619, -38.818779 ], [ -71.237596, -38.820579 ], [ -71.235353, -38.825153 ], [ -71.234186, -38.826893 ], [ -71.232805, -38.828602 ], [ -71.22944, -38.830502 ], [ -71.22645, -38.830296 ], [ -71.222215, -38.82951 ], [ -71.217065, -38.827274 ], [ -71.213822, -38.826015 ], [ -71.210526, -38.824741 ], [ -71.207162, -38.822544 ], [ -71.200966, -38.818504 ], [ -71.183639, -38.807789 ], [ -71.18029, -38.806831 ], [ -71.176597, -38.805244 ], [ -71.172874, -38.804863 ], [ -71.168715, -38.804356 ], [ -71.165946, -38.803692 ], [ -71.162535, -38.802391 ], [ -71.159484, -38.801559 ], [ -71.15592, -38.800541 ], [ -71.149748, -38.798969 ], [ -71.147062, -38.797348 ], [ -71.144209, -38.794525 ], [ -71.142324, -38.79266 ], [ -71.138609, -38.790031 ], [ -71.135892, -38.788635 ], [ -71.125669, -38.780731 ], [ -71.122311, -38.780559 ], [ -71.120114, -38.780723 ], [ -71.117421, -38.780289 ], [ -71.11443, -38.77972 ], [ -71.111309, -38.778667 ], [ -71.107853, -38.776054 ], [ -71.105564, -38.773338 ], [ -71.104084, -38.770569 ], [ -71.101078, -38.767673 ], [ -71.099132, -38.76622 ], [ -71.094173, -38.764599 ], [ -71.091068, -38.763836 ], [ -71.085529, -38.766628 ], [ -71.083514, -38.768604 ], [ -71.080928, -38.768761 ], [ -71.078326, -38.768829 ], [ -71.075335, -38.768391 ], [ -71.064806, -38.759647 ], [ -71.059237, -38.755096 ], [ -71.057276, -38.754143 ], [ -71.051691, -38.755215 ], [ -71.048471, -38.755924 ], [ -71.044725, -38.756737 ], [ -71.040895, -38.758518 ], [ -71.036455, -38.760979 ], [ -71.033273, -38.763001 ], [ -71.025155, -38.766846 ], [ -71.022851, -38.768647 ], [ -71.019372, -38.770493 ], [ -71.014436, -38.772603 ], [ -71.012009, -38.773369 ], [ -71.009385, -38.772996 ], [ -71.006539, -38.77279 ], [ -70.99868, -38.771199 ], [ -70.993004, -38.769501 ], [ -70.985481, -38.767251 ], [ -70.976676, -38.764619 ], [ -70.97412, -38.764241 ], [ -70.970473, -38.764249 ], [ -70.965293, -38.765191 ], [ -70.963271, -38.76587 ], [ -70.957594, -38.766641 ], [ -70.949095, -38.766019 ], [ -70.943777, -38.768415 ], [ -70.936666, -38.76946 ], [ -70.93466, -38.767717 ], [ -70.934141, -38.764569 ], [ -70.934217, -38.761243 ], [ -70.933492, -38.757573 ], [ -70.933126, -38.754476 ], [ -70.931951, -38.751313 ], [ -70.931363, -38.74833 ], [ -70.929235, -38.745438 ], [ -70.925862, -38.742646 ], [ -70.923489, -38.740952 ], [ -70.921292, -38.738625 ], [ -70.919781, -38.736725 ], [ -70.917019, -38.732911 ], [ -70.915562, -38.729516 ], [ -70.913006, -38.726449 ], [ -70.911038, -38.723042 ], [ -70.908321, -38.720433 ], [ -70.906093, -38.718857 ], [ -70.899959, -38.715782 ], [ -70.897632, -38.714962 ], [ -70.892368, -38.7122 ], [ -70.88985, -38.709801 ], [ -70.888362, -38.707688 ], [ -70.887103, -38.706063 ], [ -70.884639, -38.702076 ], [ -70.883006, -38.699993 ], [ -70.880183, -38.698696 ], [ -70.877383, -38.696884 ], [ -70.877253, -38.694721 ], [ -70.878565, -38.692841 ], [ -70.882533, -38.688827 ], [ -70.88811, -38.685844 ], [ -70.890155, -38.684013 ], [ -70.893176, -38.68291 ], [ -70.896144, -38.680721 ], [ -70.897738, -38.678226 ], [ -70.899333, -38.675327 ], [ -70.900416, -38.67271 ], [ -70.901576, -38.669749 ], [ -70.900866, -38.665732 ], [ -70.900614, -38.663283 ], [ -70.898982, -38.661281 ], [ -70.895831, -38.659202 ], [ -70.891253, -38.655303 ], [ -70.888018, -38.653025 ], [ -70.884958, -38.649226 ], [ -70.883631, -38.646609 ], [ -70.881334, -38.64363 ], [ -70.875154, -38.637736 ], [ -70.86348, -38.625712 ], [ -70.860901, -38.623057 ], [ -70.85804, -38.620844 ], [ -70.85257, -38.616484 ], [ -70.848305, -38.612749 ], [ -70.842476, -38.606428 ], [ -70.839492, -38.603121 ], [ -70.83744, -38.600233 ], [ -70.835723, -38.595968 ], [ -70.836494, -38.590009 ], [ -70.836478, -38.585561 ], [ -70.834754, -38.578042 ], [ -70.834731, -38.575281 ], [ -70.834693, -38.57129 ], [ -70.834914, -38.568982 ], [ -70.835181, -38.566259 ], [ -70.835669, -38.562707 ], [ -70.836409, -38.557408 ], [ -70.837454, -38.553132 ], [ -70.838111, -38.550046 ], [ -70.840407, -38.54522 ], [ -70.842436, -38.540722 ], [ -70.844962, -38.537388 ], [ -70.846343, -38.535221 ], [ -70.847609, -38.533245 ], [ -70.851172, -38.530377 ], [ -70.854506, -38.527966 ], [ -70.857268, -38.525028 ], [ -70.860137, -38.523033 ], [ -70.863555, -38.520771 ], [ -70.866584, -38.519313 ], [ -70.870704, -38.51715 ], [ -70.873512, -38.516178 ], [ -70.876579, -38.515113 ], [ -70.883705, -38.512462 ], [ -70.890587, -38.510787 ], [ -70.892921, -38.510123 ], [ -70.895569, -38.509368 ], [ -70.90049, -38.508021 ], [ -70.908021, -38.505855 ], [ -70.917718, -38.502234 ], [ -70.923547, -38.498709 ], [ -70.925935, -38.49753 ], [ -70.928414, -38.496027 ], [ -70.932367, -38.491789 ], [ -70.933664, -38.489176 ], [ -70.934961, -38.48736 ], [ -70.939653, -38.475057 ], [ -70.941423, -38.471739 ], [ -70.942987, -38.468809 ], [ -70.944703, -38.465986 ], [ -70.947336, -38.463087 ], [ -70.950555, -38.463548 ], [ -70.954065, -38.465005 ], [ -70.957094, -38.466077 ], [ -70.960375, -38.46578 ], [ -70.962358, -38.465005 ], [ -70.965052, -38.461721 ], [ -70.967814, -38.460824 ], [ -70.973246, -38.459886 ], [ -70.977137, -38.458276 ], [ -70.982371, -38.455312 ], [ -70.984606, -38.452821 ], [ -70.983653, -38.449662 ], [ -70.981348, -38.445168 ], [ -70.980967, -38.439152 ], [ -70.984637, -38.434811 ], [ -70.986635, -38.432419 ], [ -70.989962, -38.430176 ], [ -70.991877, -38.428879 ], [ -70.993662, -38.427013 ], [ -70.994448, -38.42445 ], [ -70.996119, -38.421097 ], [ -70.998118, -38.419407 ], [ -71.000437, -38.416172 ], [ -71.002398, -38.413051 ], [ -71.003054, -38.410427 ], [ -71.00368, -38.407398 ], [ -71.00342, -38.402362 ], [ -71.001925, -38.397304 ], [ -71.001467, -38.395065 ], [ -71.001803, -38.392898 ], [ -71.002649, -38.390735 ], [ -71.003596, -38.387309 ], [ -71.003054, -38.381812 ], [ -71.002687, -38.378142 ], [ -71.002542, -38.375518 ], [ -71.002008, -38.365542 ], [ -71.001421, -38.359103 ], [ -71.001062, -38.355173 ], [ -71.000932, -38.352812 ], [ -71.000596, -38.346514 ], [ -70.999963, -38.334665 ], [ -71.001107, -38.332277 ], [ -71.002404, -38.329488 ], [ -71.004327, -38.324335 ], [ -71.005937, -38.320035 ], [ -71.007234, -38.317189 ], [ -71.007867, -38.314679 ], [ -71.008393, -38.310391 ], [ -71.007211, -38.307919 ], [ -71.00631, -38.30573 ], [ -71.004823, -38.302518 ], [ -71.003243, -38.299626 ], [ -71.001931, -38.296517 ], [ -71.00245, -38.292519 ], [ -71.004456, -38.290486 ], [ -71.008149, -38.287327 ], [ -71.010155, -38.285061 ], [ -71.011437, -38.282906 ], [ -71.015084, -38.275055 ], [ -71.015855, -38.272778 ], [ -71.016274, -38.270618 ], [ -71.016831, -38.26775 ], [ -71.017861, -38.263759 ], [ -71.019379, -38.26046 ], [ -71.02118, -38.257507 ], [ -71.02356, -38.25473 ], [ -71.024834, -38.252803 ], [ -71.026452, -38.249591 ], [ -71.02765, -38.246597 ], [ -71.027673, -38.243426 ], [ -71.027703, -38.240306 ], [ -71.026642, -38.235488 ], [ -71.024147, -38.229613 ], [ -71.022332, -38.226271 ], [ -71.018425, -38.22246 ], [ -71.013725, -38.217387 ], [ -71.009964, -38.211825 ], [ -71.00856, -38.208525 ], [ -71.008026, -38.202685 ], [ -71.005943, -38.19842 ], [ -71.00508, -38.19446 ], [ -71.003394, -38.188658 ], [ -71.002295, -38.183596 ], [ -71.000724, -38.180895 ], [ -70.999404, -38.17481 ], [ -70.999808, -38.172697 ], [ -71.001097, -38.169965 ], [ -71.003531, -38.168867 ], [ -71.006514, -38.16752 ], [ -71.010421, -38.165685 ], [ -71.012809, -38.164563 ], [ -71.015212, -38.164136 ], [ -71.019447, -38.162362 ], [ -71.023979, -38.160646 ], [ -71.026504, -38.157758 ], [ -71.027702, -38.155827 ], [ -71.029991, -38.153626 ], [ -71.031562, -38.151414 ], [ -71.032928, -38.148339 ], [ -71.034248, -38.143948 ], [ -71.034469, -38.139416 ], [ -71.034385, -38.137139 ], [ -71.033332, -38.132035 ], [ -71.031585, -38.128918 ], [ -71.02996, -38.127011 ], [ -71.026839, -38.123768 ], [ -71.023619, -38.121834 ], [ -71.021964, -38.119938 ], [ -71.020728, -38.117966 ], [ -71.019385, -38.116406 ], [ -71.017332, -38.113861 ], [ -71.015738, -38.110519 ], [ -71.01412, -38.108093 ], [ -71.011427, -38.105369 ], [ -71.009954, -38.103176 ], [ -71.008161, -38.09869 ], [ -71.010229, -38.09671 ], [ -71.012075, -38.095028 ], [ -71.013922, -38.093326 ], [ -71.014761, -38.091445 ], [ -71.015478, -38.088138 ], [ -71.016432, -38.083915 ], [ -71.016737, -38.079738 ], [ -71.018652, -38.078105 ], [ -71.020979, -38.076266 ], [ -71.023924, -38.075084 ], [ -71.026182, -38.074595 ], [ -71.028029, -38.073481 ], [ -71.03002, -38.072615 ], [ -71.03327, -38.071421 ], [ -71.03517, -38.070685 ], [ -71.036978, -38.069674 ], [ -71.041541, -38.064562 ], [ -71.046477, -38.058325 ], [ -71.047377, -38.05559 ], [ -71.048812, -38.051233 ], [ -71.049468, -38.049227 ], [ -71.053054, -38.046076 ], [ -71.054625, -38.044691 ], [ -71.060851, -38.040426 ], [ -71.065284, -38.037767 ], [ -71.065787, -38.034399 ], [ -71.066085, -38.032335 ], [ -71.066626, -38.02857 ], [ -71.06681, -38.026059 ], [ -71.067015, -38.023366 ], [ -71.066016, -38.019845 ], [ -71.064787, -38.015496 ], [ -71.064551, -38.01275 ], [ -71.062994, -38.005425 ], [ -71.062445, -38.002477 ], [ -71.062643, -37.999074 ], [ -71.062445, -37.99363 ], [ -71.06394, -37.992062 ], [ -71.065779, -37.990365 ], [ -71.067702, -37.987213 ], [ -71.069014, -37.983761 ], [ -71.068724, -37.981571 ], [ -71.069006, -37.979542 ], [ -71.068625, -37.977509 ], [ -71.066885, -37.974171 ], [ -71.065298, -37.972603 ], [ -71.063017, -37.969925 ], [ -71.064916, -37.968815 ], [ -71.067343, -37.96764 ], [ -71.070082, -37.966522 ], [ -71.072065, -37.96566 ], [ -71.075613, -37.96389 ], [ -71.077994, -37.963562 ], [ -71.08087, -37.963401 ], [ -71.082983, -37.962917 ], [ -71.085845, -37.962032 ], [ -71.087874, -37.960548 ], [ -71.089713, -37.962589 ], [ -71.094001, -37.962253 ], [ -71.095611, -37.960731 ], [ -71.098556, -37.957755 ], [ -71.102569, -37.955341 ], [ -71.10691, -37.953307 ], [ -71.111465, -37.951587 ], [ -71.115005, -37.949737 ], [ -71.112861, -37.94477 ], [ -71.112716, -37.942504 ], [ -71.111892, -37.940242 ], [ -71.109344, -37.936801 ], [ -71.108184, -37.934622 ], [ -71.108489, -37.932589 ], [ -71.109458, -37.930052 ], [ -71.109145, -37.927886 ], [ -71.111861, -37.92552 ], [ -71.110816, -37.923476 ], [ -71.111144, -37.920347 ], [ -71.113524, -37.919482 ], [ -71.114051, -37.917536 ], [ -71.112395, -37.916075 ], [ -71.110701, -37.914499 ], [ -71.108924, -37.911982 ], [ -71.107962, -37.910109 ], [ -71.107077, -37.907854 ], [ -71.106589, -37.905699 ], [ -71.104353, -37.902677 ], [ -71.10224, -37.90143 ], [ -71.104109, -37.898958 ], [ -71.106139, -37.897489 ], [ -71.108343, -37.894266 ], [ -71.109, -37.891756 ], [ -71.110335, -37.889204 ], [ -71.112227, -37.887086 ], [ -71.114569, -37.88677 ], [ -71.117201, -37.886861 ], [ -71.120612, -37.884927 ], [ -71.121855, -37.883104 ], [ -71.123847, -37.880307 ], [ -71.126197, -37.879178 ], [ -71.127799, -37.877294 ], [ -71.128524, -37.874906 ], [ -71.128607, -37.87254 ], [ -71.12918, -37.870496 ], [ -71.130637, -37.868966 ], [ -71.132819, -37.867497 ], [ -71.134093, -37.865388 ], [ -71.134955, -37.861886 ], [ -71.136275, -37.860146 ], [ -71.139487, -37.858281 ], [ -71.142028, -37.856862 ], [ -71.144836, -37.855626 ], [ -71.147033, -37.85521 ], [ -71.149642, -37.85558 ], [ -71.153549, -37.856823 ], [ -71.155937, -37.856739 ], [ -71.158363, -37.856026 ], [ -71.160774, -37.856282 ], [ -71.165489, -37.85701 ], [ -71.166977, -37.858364 ], [ -71.169136, -37.860901 ], [ -71.171486, -37.861195 ], [ -71.172623, -37.859307 ], [ -71.173271, -37.856979 ], [ -71.172424, -37.854603 ], [ -71.170044, -37.853802 ], [ -71.16716, -37.852032 ], [ -71.164833, -37.850033 ], [ -71.163833, -37.846806 ], [ -71.162323, -37.845173 ], [ -71.162666, -37.841991 ], [ -71.160781, -37.840622 ], [ -71.160697, -37.838562 ], [ -71.158813, -37.837017 ], [ -71.157226, -37.835304 ], [ -71.15496, -37.835247 ], [ -71.152022, -37.836101 ], [ -71.1491, -37.836979 ], [ -71.14672, -37.837017 ], [ -71.1445, -37.835686 ], [ -71.140303, -37.834335 ], [ -71.138175, -37.833565 ], [ -71.134497, -37.831928 ], [ -71.132551, -37.830448 ], [ -71.130659, -37.827308 ], [ -71.128706, -37.825229 ], [ -71.128805, -37.823044 ], [ -71.129316, -37.820797 ], [ -71.130323, -37.817588 ], [ -71.132475, -37.817188 ], [ -71.135306, -37.817298 ], [ -71.137518, -37.81734 ], [ -71.139563, -37.817283 ], [ -71.143774, -37.816066 ], [ -71.145842, -37.814857 ], [ -71.148047, -37.813442 ], [ -71.151717, -37.811237 ], [ -71.154387, -37.810359 ], [ -71.155333, -37.808318 ], [ -71.155516, -37.805366 ], [ -71.155036, -37.803054 ], [ -71.156806, -37.799842 ], [ -71.158171, -37.798129 ], [ -71.160063, -37.795447 ], [ -71.161208, -37.793193 ], [ -71.162444, -37.791155 ], [ -71.164397, -37.790656 ], [ -71.165839, -37.789038 ], [ -71.167601, -37.787592 ], [ -71.170035, -37.787524 ], [ -71.17176, -37.78578 ], [ -71.172034, -37.783354 ], [ -71.172767, -37.779684 ], [ -71.171363, -37.778197 ], [ -71.168486, -37.775358 ], [ -71.166541, -37.774534 ], [ -71.164618, -37.771345 ], [ -71.162459, -37.770338 ], [ -71.160399, -37.770861 ], [ -71.160399, -37.768381 ], [ -71.161497, -37.76613 ], [ -71.161307, -37.763735 ], [ -71.159216, -37.761221 ], [ -71.158354, -37.758734 ], [ -71.159788, -37.755632 ], [ -71.162398, -37.755502 ], [ -71.165274, -37.752592 ], [ -71.167021, -37.749479 ], [ -71.166578, -37.747003 ], [ -71.167761, -37.745332 ], [ -71.16992, -37.744825 ], [ -71.17224, -37.744691 ], [ -71.17594, -37.743383 ], [ -71.178603, -37.742223 ], [ -71.181739, -37.739881 ], [ -71.183112, -37.738015 ], [ -71.185355, -37.736653 ], [ -71.187293, -37.735024 ], [ -71.187873, -37.732804 ], [ -71.187621, -37.730668 ], [ -71.187171, -37.728326 ], [ -71.188002, -37.726029 ], [ -71.190009, -37.725056 ], [ -71.191207, -37.722512 ], [ -71.19274, -37.720299 ], [ -71.192206, -37.716851 ], [ -71.191176, -37.714917 ], [ -71.190604, -37.712033 ], [ -71.192198, -37.710171 ], [ -71.19448, -37.709931 ], [ -71.196883, -37.710137 ], [ -71.198828, -37.709294 ], [ -71.200347, -37.7076 ], [ -71.201766, -37.705074 ], [ -71.204245, -37.703049 ], [ -71.207068, -37.701466 ], [ -71.211089, -37.699879 ], [ -71.212951, -37.698509 ], [ -71.212966, -37.694221 ], [ -71.212195, -37.691448 ], [ -71.213477, -37.689224 ], [ -71.213637, -37.686061 ], [ -71.211944, -37.684192 ], [ -71.210769, -37.682147 ], [ -71.210067, -37.679859 ], [ -71.207846, -37.678535 ], [ -71.20732, -37.676238 ], [ -71.205824, -37.674686 ], [ -71.205481, -37.67258 ], [ -71.205443, -37.670387 ], [ -71.202505, -37.668048 ], [ -71.202742, -37.666007 ], [ -71.201101, -37.663039 ], [ -71.20117, -37.660686 ], [ -71.202917, -37.658977 ], [ -71.20529, -37.657351 ], [ -71.205389, -37.655078 ], [ -71.203756, -37.653483 ], [ -71.202681, -37.651454 ], [ -71.204397, -37.650267 ], [ -71.206785, -37.649199 ], [ -71.20542, -37.646422 ], [ -71.203032, -37.645522 ], [ -71.199438, -37.643901 ], [ -71.1984, -37.64181 ], [ -71.197652, -37.638926 ], [ -71.196638, -37.636389 ], [ -71.195447, -37.634142 ], [ -71.195653, -37.630923 ], [ -71.197607, -37.63008 ], [ -71.196859, -37.628138 ], [ -71.193036, -37.627077 ], [ -71.190549, -37.625719 ], [ -71.188489, -37.624174 ], [ -71.186254, -37.621382 ], [ -71.182912, -37.61957 ], [ -71.181241, -37.61759 ], [ -71.179867, -37.615404 ], [ -71.178044, -37.613882 ], [ -71.175778, -37.613054 ], [ -71.172329, -37.611803 ], [ -71.168072, -37.611525 ], [ -71.165501, -37.612261 ], [ -71.162159, -37.614298 ], [ -71.160404, -37.61318 ], [ -71.15794, -37.61059 ], [ -71.155895, -37.609831 ], [ -71.153415, -37.609328 ], [ -71.151271, -37.609171 ], [ -71.148914, -37.608126 ], [ -71.146823, -37.606386 ], [ -71.145892, -37.604262 ], [ -71.144168, -37.601916 ], [ -71.142489, -37.599341 ], [ -71.139125, -37.597677 ], [ -71.137019, -37.595949 ], [ -71.134738, -37.593035 ], [ -71.133265, -37.591135 ], [ -71.131632, -37.58914 ], [ -71.129931, -37.587397 ], [ -71.127352, -37.584818 ], [ -71.126528, -37.582823 ], [ -71.126192, -37.579305 ], [ -71.12768, -37.577787 ], [ -71.128901, -37.574579 ], [ -71.128328, -37.572431 ], [ -71.129152, -37.570322 ], [ -71.13077, -37.568471 ], [ -71.132509, -37.566881 ], [ -71.133799, -37.565301 ], [ -71.135126, -37.563245 ], [ -71.135004, -37.561013 ], [ -71.134318, -37.5584 ], [ -71.134012, -37.55478 ], [ -71.133486, -37.552831 ], [ -71.136019, -37.550183 ], [ -71.136774, -37.548203 ], [ -71.137323, -37.545235 ], [ -71.139216, -37.544015 ], [ -71.141047, -37.542512 ], [ -71.143343, -37.54263 ], [ -71.146288, -37.542679 ], [ -71.147738, -37.541203 ], [ -71.149866, -37.539746 ], [ -71.149462, -37.534855 ], [ -71.146761, -37.535 ], [ -71.143061, -37.533356 ], [ -71.13933, -37.531704 ], [ -71.13727, -37.530209 ], [ -71.135919, -37.52829 ], [ -71.134355, -37.526162 ], [ -71.133432, -37.523396 ], [ -71.132394, -37.521542 ], [ -71.133562, -37.51981 ], [ -71.132921, -37.517792 ], [ -71.131547, -37.516323 ], [ -71.132287, -37.514385 ], [ -71.130731, -37.512669 ], [ -71.129533, -37.510044 ], [ -71.129724, -37.50753 ], [ -71.127336, -37.504597 ], [ -71.126626, -37.502621 ], [ -71.124101, -37.50003 ], [ -71.125626, -37.4977 ], [ -71.12616, -37.4953 ], [ -71.124314, -37.493568 ], [ -71.122323, -37.492183 ], [ -71.120423, -37.490337 ], [ -71.118218, -37.487293 ], [ -71.119645, -37.485614 ], [ -71.12172, -37.482807 ], [ -71.121148, -37.480731 ], [ -71.121964, -37.478053 ], [ -71.121582, -37.476039 ], [ -71.120453, -37.472808 ], [ -71.12011, -37.470515 ], [ -71.119255, -37.467822 ], [ -71.12011, -37.465575 ], [ -71.120369, -37.463332 ], [ -71.120949, -37.45999 ], [ -71.121727, -37.457091 ], [ -71.122948, -37.454619 ], [ -71.125809, -37.451663 ], [ -71.127762, -37.450419 ], [ -71.129326, -37.44876 ], [ -71.132073, -37.445181 ], [ -71.135765, -37.443587 ], [ -71.138878, -37.443468 ], [ -71.141419, -37.441244 ], [ -71.14338, -37.438639 ], [ -71.144097, -37.436216 ], [ -71.144944, -37.433619 ], [ -71.145226, -37.43149 ], [ -71.145119, -37.429369 ], [ -71.146821, -37.42811 ], [ -71.149224, -37.42787 ], [ -71.148667, -37.425806 ], [ -71.147378, -37.423719 ], [ -71.148087, -37.420519 ], [ -71.150063, -37.418913 ], [ -71.150948, -37.416891 ], [ -71.151902, -37.413713 ], [ -71.152016, -37.410333 ], [ -71.153748, -37.40883 ], [ -71.153557, -37.406797 ], [ -71.15448, -37.404546 ], [ -71.155617, -37.401551 ], [ -71.156479, -37.398984 ], [ -71.159119, -37.395978 ], [ -71.161469, -37.395642 ], [ -71.165116, -37.397553 ], [ -71.167573, -37.397485 ], [ -71.171868, -37.396668 ], [ -71.174188, -37.396516 ], [ -71.176744, -37.396382 ], [ -71.179261, -37.396058 ], [ -71.181321, -37.395894 ], [ -71.184503, -37.395055 ], [ -71.186708, -37.3942 ], [ -71.189958, -37.391842 ], [ -71.190622, -37.38987 ], [ -71.191255, -37.387677 ], [ -71.192705, -37.384545 ], [ -71.196512, -37.383194 ], [ -71.1998, -37.381645 ], [ -71.201013, -37.379608 ], [ -71.201158, -37.377392 ], [ -71.200639, -37.375305 ], [ -71.199556, -37.372753 ], [ -71.201402, -37.370346 ], [ -71.201471, -37.368172 ], [ -71.202554, -37.365139 ], [ -71.201868, -37.363106 ], [ -71.197732, -37.363075 ], [ -71.195878, -37.361858 ], [ -71.193818, -37.360931 ], [ -71.19185, -37.359775 ], [ -71.19127, -37.357708 ], [ -71.190309, -37.355571 ], [ -71.188973, -37.353737 ], [ -71.189904, -37.350437 ], [ -71.192132, -37.349842 ], [ -71.1951, -37.347793 ], [ -71.195787, -37.345443 ], [ -71.196221, -37.342365 ], [ -71.196984, -37.340022 ], [ -71.199205, -37.339179 ], [ -71.202157, -37.338859 ], [ -71.205621, -37.338596 ], [ -71.208871, -37.337279 ], [ -71.208673, -37.335132 ], [ -71.207887, -37.332599 ], [ -71.207643, -37.330363 ], [ -71.207643, -37.327067 ], [ -71.209008, -37.323798 ], [ -71.207948, -37.320132 ], [ -71.208871, -37.318198 ], [ -71.210885, -37.317355 ], [ -71.212915, -37.316062 ], [ -71.213144, -37.313765 ], [ -71.212854, -37.310416 ], [ -71.212777, -37.308146 ], [ -71.215768, -37.30562 ], [ -71.217233, -37.304117 ], [ -71.217866, -37.300379 ], [ -71.218667, -37.298075 ], [ -71.218141, -37.295893 ], [ -71.219003, -37.293901 ], [ -71.218484, -37.291532 ], [ -71.216706, -37.289327 ], [ -71.217225, -37.285826 ], [ -71.216348, -37.283991 ], [ -71.215814, -37.280916 ], [ -71.217317, -37.278802 ], [ -71.220101, -37.276979 ], [ -71.221925, -37.27477 ], [ -71.222543, -37.272844 ], [ -71.220445, -37.271718 ], [ -71.218423, -37.271486 ], [ -71.216004, -37.271455 ], [ -71.213112, -37.27165 ], [ -71.208657, -37.270978 ], [ -71.206322, -37.271623 ], [ -71.203141, -37.273302 ], [ -71.200051, -37.274 ], [ -71.196297, -37.274152 ], [ -71.193886, -37.274114 ], [ -71.190422, -37.273905 ], [ -71.18901, -37.271929 ], [ -71.18721, -37.269159 ], [ -71.186508, -37.267164 ], [ -71.185989, -37.263711 ], [ -71.1865, -37.261602 ], [ -71.185287, -37.257734 ], [ -71.182769, -37.257398 ], [ -71.180579, -37.2576 ], [ -71.177238, -37.258024 ], [ -71.174979, -37.256845 ], [ -71.174804, -37.254472 ], [ -71.175979, -37.251264 ], [ -71.174323, -37.249883 ], [ -71.170569, -37.247899 ], [ -71.168425, -37.248124 ], [ -71.165282, -37.247438 ], [ -71.163229, -37.24571 ], [ -71.161658, -37.243688 ], [ -71.161612, -37.241292 ], [ -71.161314, -37.237695 ], [ -71.159941, -37.236062 ], [ -71.15769, -37.233113 ], [ -71.159193, -37.231584 ], [ -71.162718, -37.228978 ], [ -71.164824, -37.228642 ], [ -71.166945, -37.228433 ], [ -71.168936, -37.228124 ], [ -71.17063, -37.22688 ], [ -71.170935, -37.224385 ], [ -71.168257, -37.224133 ], [ -71.164251, -37.224095 ], [ -71.16149, -37.223157 ], [ -71.15756, -37.221165 ], [ -71.155294, -37.220662 ], [ -71.151296, -37.219979 ], [ -71.148878, -37.219609 ], [ -71.146085, -37.219373 ], [ -71.143262, -37.219003 ], [ -71.140966, -37.218659 ], [ -71.138448, -37.218469 ], [ -71.136182, -37.217458 ], [ -71.133748, -37.215863 ], [ -71.130666, -37.213952 ], [ -71.127072, -37.213025 ], [ -71.124257, -37.212068 ], [ -71.121678, -37.210957 ], [ -71.119175, -37.209638 ], [ -71.116245, -37.207356 ], [ -71.115505, -37.205262 ], [ -71.116703, -37.203206 ], [ -71.119015, -37.200596 ], [ -71.11974, -37.198559 ], [ -71.120388, -37.196576 ], [ -71.122082, -37.194108 ], [ -71.12273, -37.191891 ], [ -71.124867, -37.191086 ], [ -71.126911, -37.191059 ], [ -71.128598, -37.189732 ], [ -71.129902, -37.186394 ], [ -71.130337, -37.184307 ], [ -71.130703, -37.18148 ], [ -71.131253, -37.17886 ], [ -71.132595, -37.174885 ], [ -71.132374, -37.172836 ], [ -71.132633, -37.170627 ], [ -71.134182, -37.168297 ], [ -71.135868, -37.166866 ], [ -71.137921, -37.16497 ], [ -71.13876, -37.162242 ], [ -71.139012, -37.159439 ], [ -71.138874, -37.155864 ], [ -71.138172, -37.153896 ], [ -71.137318, -37.15079 ], [ -71.137356, -37.148696 ], [ -71.136852, -37.146556 ], [ -71.135616, -37.144862 ], [ -71.135067, -37.142772 ], [ -71.133045, -37.141681 ], [ -71.130863, -37.140769 ], [ -71.127666, -37.138469 ], [ -71.126247, -37.136619 ], [ -71.123714, -37.133826 ], [ -71.121478, -37.132632 ], [ -71.118144, -37.132892 ], [ -71.115512, -37.133861 ], [ -71.113399, -37.133849 ], [ -71.111354, -37.132602 ], [ -71.108996, -37.13042 ], [ -71.107066, -37.129321 ], [ -71.10467, -37.128535 ], [ -71.102099, -37.127524 ], [ -71.098719, -37.125594 ], [ -71.097338, -37.123469 ], [ -71.09614, -37.120395 ], [ -71.094362, -37.116546 ], [ -71.094896, -37.113589 ], [ -71.095896, -37.111682 ], [ -71.097795, -37.10866 ], [ -71.099337, -37.106902 ], [ -71.102976, -37.10575 ], [ -71.105692, -37.105963 ], [ -71.10731, -37.10435 ], [ -71.107722, -37.102217 ], [ -71.109148, -37.099493 ], [ -71.111445, -37.098414 ], [ -71.11262, -37.096712 ], [ -71.112879, -37.094538 ], [ -71.11484, -37.093687 ], [ -71.119319, -37.093233 ], [ -71.121485, -37.092299 ], [ -71.124629, -37.090334 ], [ -71.124835, -37.08819 ], [ -71.124056, -37.08608 ], [ -71.124934, -37.084032 ], [ -71.123217, -37.082838 ], [ -71.123591, -37.080637 ], [ -71.12427, -37.078146 ], [ -71.123362, -37.076307 ], [ -71.122775, -37.073812 ], [ -71.124621, -37.071271 ], [ -71.12736, -37.06991 ], [ -71.131579, -37.069051 ], [ -71.133418, -37.07044 ], [ -71.137393, -37.070783 ], [ -71.139415, -37.070077 ], [ -71.141437, -37.069402 ], [ -71.144382, -37.067544 ], [ -71.144427, -37.065122 ], [ -71.144244, -37.062039 ], [ -71.145785, -37.060617 ], [ -71.143687, -37.058042 ], [ -71.142329, -37.055963 ], [ -71.141429, -37.053998 ], [ -71.139682, -37.052056 ], [ -71.140071, -37.050011 ], [ -71.141635, -37.046563 ], [ -71.142131, -37.043168 ], [ -71.142832, -37.041047 ], [ -71.144122, -37.038716 ], [ -71.144953, -37.035714 ], [ -71.14551, -37.033509 ], [ -71.145999, -37.031041 ], [ -71.147128, -37.028656 ], [ -71.149371, -37.025948 ], [ -71.15005, -37.023762 ], [ -71.151095, -37.020866 ], [ -71.15243, -37.019169 ], [ -71.154696, -37.019161 ], [ -71.156901, -37.018028 ], [ -71.157298, -37.015835 ], [ -71.157626, -37.013767 ], [ -71.159037, -37.010208 ], [ -71.160945, -37.009525 ], [ -71.163577, -37.006313 ], [ -71.165652, -37.005939 ], [ -71.168689, -37.00344 ], [ -71.168429, -37.001361 ], [ -71.166949, -36.999286 ], [ -71.166758, -36.999023 ], [ -71.165637, -36.997489 ], [ -71.166201, -36.995555 ], [ -71.168216, -36.994632 ], [ -71.17052, -36.994376 ], [ -71.172908, -36.994407 ], [ -71.177455, -36.994689 ], [ -71.180225, -36.994327 ], [ -71.182376, -36.994037 ], [ -71.184368, -36.994277 ], [ -71.187969, -36.9938 ], [ -71.190189, -36.991874 ], [ -71.192783, -36.989455 ], [ -71.196789, -36.985736 ], [ -71.198795, -36.984435 ], [ -71.200725, -36.983874 ], [ -71.203281, -36.983485 ], [ -71.20557, -36.983302 ], [ -71.20837, -36.983386 ], [ -71.210491, -36.983481 ], [ -71.212544, -36.983183 ], [ -71.215748, -36.981864 ], [ -71.217884, -36.979769 ], [ -71.220997, -36.978335 ], [ -71.221913, -36.97624 ], [ -71.221554, -36.973948 ], [ -71.221447, -36.971918 ], [ -71.219479, -36.970873 ], [ -71.217404, -36.971007 ], [ -71.214337, -36.971197 ], [ -71.210392, -36.971628 ], [ -71.207508, -36.972121 ], [ -71.196605, -36.970477 ], [ -71.193492, -36.96897 ], [ -71.190807, -36.967352 ], [ -71.18748, -36.966204 ], [ -71.184909, -36.965975 ], [ -71.182757, -36.966231 ], [ -71.178202, -36.966902 ], [ -71.176181, -36.966448 ], [ -71.172053, -36.967253 ], [ -71.17113, -36.969161 ], [ -71.170191, -36.971282 ], [ -71.169108, -36.97314 ], [ -71.167521, -36.974784 ], [ -71.163737, -36.975394 ], [ -71.158526, -36.975654 ], [ -71.156061, -36.975951 ], [ -71.151545, -36.976775 ], [ -71.1495, -36.977794 ], [ -71.145258, -36.979106 ], [ -71.143099, -36.978686 ], [ -71.140062, -36.977256 ], [ -71.13791, -36.976516 ], [ -71.135904, -36.976031 ], [ -71.131814, -36.975265 ], [ -71.129487, -36.974696 ], [ -71.127969, -36.973243 ], [ -71.127549, -36.971141 ], [ -71.125642, -36.968131 ], [ -71.123154, -36.967422 ], [ -71.120682, -36.966395 ], [ -71.118729, -36.965674 ], [ -71.11673, -36.965602 ], [ -71.113907, -36.965766 ], [ -71.111443, -36.966056 ], [ -71.108712, -36.966777 ], [ -71.106064, -36.96799 ], [ -71.104164, -36.966319 ], [ -71.10257, -36.964816 ], [ -71.100571, -36.962249 ], [ -71.100342, -36.959964 ], [ -71.100204, -36.957713 ], [ -71.099663, -36.954364 ], [ -71.099006, -36.951213 ], [ -71.09806, -36.948905 ], [ -71.09642, -36.947085 ], [ -71.094009, -36.944682 ], [ -71.092483, -36.942458 ], [ -71.090926, -36.940253 ], [ -71.088607, -36.937491 ], [ -71.087768, -36.935603 ], [ -71.087729, -36.927241 ], [ -71.08921, -36.925524 ], [ -71.093627, -36.924395 ], [ -71.095634, -36.923163 ], [ -71.097831, -36.923411 ], [ -71.099822, -36.923998 ], [ -71.101798, -36.924933 ], [ -71.10456, -36.926348 ], [ -71.106681, -36.925787 ], [ -71.110244, -36.923674 ], [ -71.112694, -36.923273 ], [ -71.115478, -36.925993 ], [ -71.117256, -36.927431 ], [ -71.121422, -36.928587 ], [ -71.123375, -36.928125 ], [ -71.125641, -36.92734 ], [ -71.127571, -36.926188 ], [ -71.12957, -36.926558 ], [ -71.131981, -36.927519 ], [ -71.13498, -36.927774 ], [ -71.139062, -36.927645 ], [ -71.1419, -36.927122 ], [ -71.1438, -36.924581 ], [ -71.143998, -36.922399 ], [ -71.145097, -36.919916 ], [ -71.144418, -36.917379 ], [ -71.145593, -36.915433 ], [ -71.147347, -36.914465 ], [ -71.147965, -36.912462 ], [ -71.147569, -36.910264 ], [ -71.147775, -36.908132 ], [ -71.148301, -36.904966 ], [ -71.148629, -36.902639 ], [ -71.148675, -36.899392 ], [ -71.14769, -36.897241 ], [ -71.144875, -36.896569 ], [ -71.142884, -36.895558 ], [ -71.140755, -36.89367 ], [ -71.139649, -36.891553 ], [ -71.137413, -36.886937 ], [ -71.135475, -36.884942 ], [ -71.134819, -36.88276 ], [ -71.133903, -36.879464 ], [ -71.132728, -36.876817 ], [ -71.131805, -36.873368 ], [ -71.130844, -36.871083 ], [ -71.128906, -36.868756 ], [ -71.126632, -36.867795 ], [ -71.124145, -36.867097 ], [ -71.122367, -36.864148 ], [ -71.123451, -36.862401 ], [ -71.125984, -36.860001 ], [ -71.126823, -36.857621 ], [ -71.130027, -36.855385 ], [ -71.134452, -36.853771 ], [ -71.136467, -36.85265 ], [ -71.138466, -36.851513 ], [ -71.140724, -36.851273 ], [ -71.143478, -36.852284 ], [ -71.147629, -36.85326 ], [ -71.148956, -36.854878 ], [ -71.151016, -36.856476 ], [ -71.152779, -36.857449 ], [ -71.154816, -36.857441 ], [ -71.159234, -36.857842 ], [ -71.161828, -36.858639 ], [ -71.164872, -36.858566 ], [ -71.167146, -36.856647 ], [ -71.169015, -36.85479 ], [ -71.170548, -36.853001 ], [ -71.172578, -36.849872 ], [ -71.174569, -36.848686 ], [ -71.176118, -36.846782 ], [ -71.17862, -36.8442 ], [ -71.18039, -36.841522 ], [ -71.180902, -36.839561 ], [ -71.179742, -36.83789 ], [ -71.176537, -36.835101 ], [ -71.175683, -36.832965 ], [ -71.173028, -36.831771 ], [ -71.169358, -36.829566 ], [ -71.168045, -36.82801 ], [ -71.166794, -36.825011 ], [ -71.166329, -36.822589 ], [ -71.165276, -36.819747 ], [ -71.163712, -36.817699 ], [ -71.161575, -36.816123 ], [ -71.159141, -36.815864 ], [ -71.157417, -36.816932 ], [ -71.157165, -36.818942 ], [ -71.157585, -36.821021 ], [ -71.158951, -36.822982 ], [ -71.155693, -36.824142 ], [ -71.152901, -36.824344 ], [ -71.150795, -36.824294 ], [ -71.148872, -36.82368 ], [ -71.145294, -36.822429 ], [ -71.143257, -36.822379 ], [ -71.142097, -36.820732 ], [ -71.14241, -36.817699 ], [ -71.141242, -36.815963 ], [ -71.138183, -36.81359 ], [ -71.13449, -36.813216 ], [ -71.132552, -36.812339 ], [ -71.132651, -36.809108 ], [ -71.133262, -36.806811 ], [ -71.133162, -36.804561 ], [ -71.132575, -36.801074 ], [ -71.131743, -36.79877 ], [ -71.13024, -36.796733 ], [ -71.129454, -36.794497 ], [ -71.129218, -36.791682 ], [ -71.129202, -36.788291 ], [ -71.129416, -36.783148 ], [ -71.12905, -36.780833 ], [ -71.128737, -36.778597 ], [ -71.128432, -36.775206 ], [ -71.128866, -36.772932 ], [ -71.128546, -36.770647 ], [ -71.127569, -36.768439 ], [ -71.127218, -36.765383 ], [ -71.127592, -36.761709 ], [ -71.126074, -36.760283 ], [ -71.125158, -36.757345 ], [ -71.122923, -36.75561 ], [ -71.119443, -36.753332 ], [ -71.118543, -36.751066 ], [ -71.118223, -36.74856 ], [ -71.118429, -36.746569 ], [ -71.118917, -36.744612 ], [ -71.120069, -36.741567 ], [ -71.120351, -36.738187 ], [ -71.11952, -36.736097 ], [ -71.117803, -36.733831 ], [ -71.115712, -36.731382 ], [ -71.114202, -36.729486 ], [ -71.111432, -36.725416 ], [ -71.111325, -36.723329 ], [ -71.113133, -36.721059 ], [ -71.112683, -36.718621 ], [ -71.113179, -36.716203 ], [ -71.112363, -36.713731 ], [ -71.112256, -36.710244 ], [ -71.114194, -36.709111 ], [ -71.115697, -36.707696 ], [ -71.116284, -36.705651 ], [ -71.116513, -36.702908 ], [ -71.118382, -36.70044 ], [ -71.119427, -36.697869 ], [ -71.118703, -36.694684 ], [ -71.116788, -36.693066 ], [ -71.114964, -36.690877 ], [ -71.114163, -36.688942 ], [ -71.114483, -36.686924 ], [ -71.114689, -36.684468 ], [ -71.113568, -36.682629 ], [ -71.113392, -36.680622 ], [ -71.113964, -36.678276 ], [ -71.111485, -36.676308 ], [ -71.108448, -36.675122 ], [ -71.104145, -36.674782 ], [ -71.101543, -36.675003 ], [ -71.098781, -36.675354 ], [ -71.093875, -36.67606 ], [ -71.091274, -36.676144 ], [ -71.087009, -36.676136 ], [ -71.085002, -36.677327 ], [ -71.083781, -36.678925 ], [ -71.082606, -36.681389 ], [ -71.08163, -36.68427 ], [ -71.079188, -36.687085 ], [ -71.078563, -36.689179 ], [ -71.078731, -36.69143 ], [ -71.078685, -36.694306 ], [ -71.077174, -36.696622 ], [ -71.07645, -36.698648 ], [ -71.077022, -36.701783 ], [ -71.076541, -36.704412 ], [ -71.072665, -36.705251 ], [ -71.070521, -36.705873 ], [ -71.069362, -36.707906 ], [ -71.067058, -36.710725 ], [ -71.064128, -36.711935 ], [ -71.061511, -36.711431 ], [ -71.058886, -36.710634 ], [ -71.056941, -36.709154 ], [ -71.056452, -36.706838 ], [ -71.054789, -36.705492 ], [ -71.052386, -36.705301 ], [ -71.048594, -36.703973 ], [ -71.046969, -36.702337 ], [ -71.042444, -36.701692 ], [ -71.040537, -36.700746 ], [ -71.036028, -36.701356 ], [ -71.033334, -36.701089 ], [ -71.029672, -36.698873 ], [ -71.028001, -36.697462 ], [ -71.025506, -36.696073 ], [ -71.023423, -36.696069 ], [ -71.018998, -36.696993 ], [ -71.01674, -36.696558 ], [ -71.012765, -36.695444 ], [ -71.011864, -36.693399 ], [ -71.011529, -36.691148 ], [ -71.009957, -36.689291 ], [ -71.008797, -36.687429 ], [ -71.009965, -36.685529 ], [ -71.0084, -36.683393 ], [ -71.007492, -36.681459 ], [ -71.008423, -36.679464 ], [ -71.009667, -36.677453 ], [ -71.011071, -36.674272 ], [ -71.012482, -36.671002 ], [ -71.011391, -36.669107 ], [ -71.011704, -36.666856 ], [ -71.015572, -36.661694 ], [ -71.018746, -36.661778 ], [ -71.021592, -36.661908 ], [ -71.023644, -36.66182 ], [ -71.027581, -36.66092 ], [ -71.028779, -36.657361 ], [ -71.028451, -36.653992 ], [ -71.028092, -36.650567 ], [ -71.027672, -36.6484 ], [ -71.029443, -36.647347 ], [ -71.03309, -36.647919 ], [ -71.035981, -36.647469 ], [ -71.038636, -36.646252 ], [ -71.040345, -36.644474 ], [ -71.042329, -36.642643 ], [ -71.04242, -36.636642 ], [ -71.041718, -36.632557 ], [ -71.04062, -36.630768 ], [ -71.041291, -36.628807 ], [ -71.04326, -36.627487 ], [ -71.044435, -36.625473 ], [ -71.045602, -36.622646 ], [ -71.048181, -36.619384 ], [ -71.050508, -36.618419 ], [ -71.052735, -36.618217 ], [ -71.05491, -36.617843 ], [ -71.056695, -36.616603 ], [ -71.054887, -36.613551 ], [ -71.053659, -36.611717 ], [ -71.050935, -36.609546 ], [ -71.048722, -36.608665 ], [ -71.048234, -36.601543 ], [ -71.048417, -36.599494 ], [ -71.048402, -36.597285 ], [ -71.047654, -36.595271 ], [ -71.046158, -36.593608 ], [ -71.046822, -36.590167 ], [ -71.047524, -36.588103 ], [ -71.048195, -36.57852 ], [ -71.049637, -36.576899 ], [ -71.052628, -36.575026 ], [ -71.052468, -36.572958 ], [ -71.052956, -36.570929 ], [ -71.053818, -36.568857 ], [ -71.052834, -36.566469 ], [ -71.051026, -36.563753 ], [ -71.048905, -36.560686 ], [ -71.048615, -36.558641 ], [ -71.048714, -36.556028 ], [ -71.046738, -36.55504 ], [ -71.044373, -36.554323 ], [ -71.043068, -36.55237 ], [ -71.04219, -36.54986 ], [ -71.041023, -36.54788 ], [ -71.04161, -36.545938 ], [ -71.043052, -36.543459 ], [ -71.044235, -36.540762 ], [ -71.045677, -36.533201 ], [ -71.046272, -36.530885 ], [ -71.047233, -36.528871 ], [ -71.048713, -36.526582 ], [ -71.049316, -36.524358 ], [ -71.049621, -36.522256 ], [ -71.048767, -36.52044 ], [ -71.046157, -36.518544 ], [ -71.044097, -36.516317 ], [ -71.043502, -36.513043 ], [ -71.041663, -36.511476 ], [ -71.038612, -36.510213 ], [ -71.035575, -36.507962 ], [ -71.035003, -36.505998 ], [ -71.035544, -36.503285 ], [ -71.036704, -36.500806 ], [ -71.038245, -36.499051 ], [ -71.039382, -36.495827 ], [ -71.038268, -36.493909 ], [ -71.035865, -36.490918 ], [ -71.035796, -36.488884 ], [ -71.036048, -36.486039 ], [ -71.036421, -36.483414 ], [ -71.036749, -36.480893 ], [ -71.037421, -36.478016 ], [ -71.037932, -36.475556 ], [ -71.037138, -36.473389 ], [ -71.034598, -36.470421 ], [ -71.032439, -36.469525 ], [ -71.02783, -36.468968 ], [ -71.025747, -36.468907 ], [ -71.021818, -36.46933 ], [ -71.019445, -36.470066 ], [ -71.017568, -36.471524 ], [ -71.017195, -36.473542 ], [ -71.015386, -36.474743 ], [ -71.013578, -36.476441 ], [ -71.012678, -36.478341 ], [ -71.0119, -36.48066 ], [ -71.011236, -36.4838 ], [ -71.007574, -36.484383 ], [ -71.004529, -36.484082 ], [ -71.001768, -36.483765 ], [ -70.999532, -36.483636 ], [ -70.997388, -36.484036 ], [ -70.995603, -36.485288 ], [ -70.993283, -36.488091 ], [ -70.991559, -36.489507 ], [ -70.989911, -36.491773 ], [ -70.987287, -36.491357 ], [ -70.98428, -36.490289 ], [ -70.980252, -36.490567 ], [ -70.978421, -36.492166 ], [ -70.976483, -36.495195 ], [ -70.975537, -36.497499 ], [ -70.973782, -36.500051 ], [ -70.971318, -36.499635 ], [ -70.969105, -36.499551 ], [ -70.966359, -36.499746 ], [ -70.963429, -36.500192 ], [ -70.961277, -36.500776 ], [ -70.957394, -36.500429 ], [ -70.954594, -36.499704 ], [ -70.953167, -36.496763 ], [ -70.952717, -36.494695 ], [ -70.949001, -36.493028 ], [ -70.948055, -36.489702 ], [ -70.946369, -36.488317 ], [ -70.944141, -36.487504 ], [ -70.94157, -36.487676 ], [ -70.938846, -36.489168 ], [ -70.935557, -36.489213 ], [ -70.934482, -36.487524 ], [ -70.934726, -36.484598 ], [ -70.932628, -36.483217 ], [ -70.928813, -36.480928 ], [ -70.929263, -36.478776 ], [ -70.930224, -36.476617 ], [ -70.930537, -36.474191 ], [ -70.929438, -36.472341 ], [ -70.92766, -36.471212 ], [ -70.925303, -36.470681 ], [ -70.922594, -36.470132 ], [ -70.920542, -36.469934 ], [ -70.918444, -36.470117 ], [ -70.915758, -36.47072 ], [ -70.911692, -36.471513 ], [ -70.907816, -36.472204 ], [ -70.900781, -36.47046 ], [ -70.893586, -36.468282 ], [ -70.888619, -36.463998 ], [ -70.887521, -36.461191 ], [ -70.888062, -36.457936 ], [ -70.889642, -36.456521 ], [ -70.893281, -36.452584 ], [ -70.894219, -36.44867 ], [ -70.892564, -36.445508 ], [ -70.891328, -36.442525 ], [ -70.889863, -36.441083 ], [ -70.888116, -36.439633 ], [ -70.886269, -36.435155 ], [ -70.888161, -36.433327 ], [ -70.890984, -36.431943 ], [ -70.890397, -36.428391 ], [ -70.891228, -36.425084 ], [ -70.891129, -36.421936 ], [ -70.889618, -36.418659 ], [ -70.8872, -36.413613 ], [ -70.888703, -36.411667 ], [ -70.891114, -36.40926 ], [ -70.89061, -36.403831 ], [ -70.889214, -36.400833 ], [ -70.888573, -36.397663 ], [ -70.885628, -36.395576 ], [ -70.882187, -36.393944 ], [ -70.878359, -36.394192 ], [ -70.874681, -36.394157 ], [ -70.865403, -36.394813 ], [ -70.863336, -36.395676 ], [ -70.864152, -36.398235 ], [ -70.868074, -36.400616 ], [ -70.869798, -36.403893 ], [ -70.869615, -36.406807 ], [ -70.86654, -36.408779 ], [ -70.858148, -36.410225 ], [ -70.856889, -36.412159 ], [ -70.853883, -36.413655 ], [ -70.849969, -36.414624 ], [ -70.846207, -36.414818 ], [ -70.842599, -36.414899 ], [ -70.838738, -36.413827 ], [ -70.836884, -36.412903 ], [ -70.834427, -36.410714 ], [ -70.833542, -36.408619 ], [ -70.832894, -36.406128 ], [ -70.831589, -36.403355 ], [ -70.829834, -36.402245 ], [ -70.826416, -36.400578 ], [ -70.824165, -36.399243 ], [ -70.821136, -36.396931 ], [ -70.818641, -36.393616 ], [ -70.816627, -36.393635 ], [ -70.813239, -36.395222 ], [ -70.811492, -36.397282 ], [ -70.809135, -36.399777 ], [ -70.807052, -36.400849 ], [ -70.806327, -36.402756 ], [ -70.805152, -36.405152 ], [ -70.802093, -36.407445 ], [ -70.800391, -36.409196 ], [ -70.798789, -36.411035 ], [ -70.79647, -36.413846 ], [ -70.794913, -36.415715 ], [ -70.792914, -36.418924 ], [ -70.792159, -36.421605 ], [ -70.791778, -36.424142 ], [ -70.79132, -36.42653 ], [ -70.789458, -36.42785 ], [ -70.786361, -36.427701 ], [ -70.782591, -36.427034 ], [ -70.777915, -36.426179 ], [ -70.775755, -36.426374 ], [ -70.771612, -36.425622 ], [ -70.769774, -36.423849 ], [ -70.766836, -36.420972 ], [ -70.764013, -36.419858 ], [ -70.760671, -36.417692 ], [ -70.759214, -36.415201 ], [ -70.759878, -36.412607 ], [ -70.758588, -36.410611 ], [ -70.756414, -36.407731 ], [ -70.754827, -36.405877 ], [ -70.752988, -36.404561 ], [ -70.750951, -36.404592 ], [ -70.748685, -36.4036 ], [ -70.746373, -36.402978 ], [ -70.744267, -36.403119 ], [ -70.742185, -36.403798 ], [ -70.740231, -36.405301 ], [ -70.738545, -36.407083 ], [ -70.736325, -36.409948 ], [ -70.736043, -36.414056 ], [ -70.73689, -36.41633 ], [ -70.738057, -36.41913 ], [ -70.739354, -36.421579 ], [ -70.740117, -36.42497 ], [ -70.738767, -36.426542 ], [ -70.734479, -36.426397 ], [ -70.732205, -36.426355 ], [ -70.729909, -36.425722 ], [ -70.727795, -36.425127 ], [ -70.724934, -36.424658 ], [ -70.722477, -36.424559 ], [ -70.719624, -36.424532 ], [ -70.715077, -36.424604 ], [ -70.713169, -36.423494 ], [ -70.711292, -36.421228 ], [ -70.710873, -36.418379 ], [ -70.709049, -36.413534 ], [ -70.705257, -36.411547 ], [ -70.702617, -36.408312 ], [ -70.70116, -36.406862 ], [ -70.697627, -36.406427 ], [ -70.695499, -36.406519 ], [ -70.691966, -36.406252 ], [ -70.688327, -36.40381 ], [ -70.687808, -36.400888 ], [ -70.686755, -36.396299 ], [ -70.68355, -36.393236 ], [ -70.681666, -36.39184 ], [ -70.678744, -36.387186 ], [ -70.678828, -36.383863 ], [ -70.679804, -36.380327 ], [ -70.679148, -36.377404 ], [ -70.680308, -36.371694 ], [ -70.682474, -36.36863 ], [ -70.686312, -36.368043 ], [ -70.688029, -36.366864 ], [ -70.69063, -36.359227 ], [ -70.694155, -36.357644 ], [ -70.697672, -36.358479 ], [ -70.700259, -36.358647 ], [ -70.702113, -36.357808 ], [ -70.703089, -36.354615 ], [ -70.70354, -36.348732 ], [ -70.707072, -36.348709 ], [ -70.71004, -36.347374 ], [ -70.711306, -36.344925 ], [ -70.712153, -36.340706 ], [ -70.712916, -36.337624 ], [ -70.709262, -36.336098 ], [ -70.707514, -36.334877 ], [ -70.705393, -36.330509 ], [ -70.7046, -36.327526 ], [ -70.702639, -36.321728 ], [ -70.702929, -36.317386 ], [ -70.699419, -36.315403 ], [ -70.695993, -36.313247 ], [ -70.691751, -36.309082 ], [ -70.690004, -36.307807 ], [ -70.686563, -36.3068 ], [ -70.684892, -36.300949 ], [ -70.687189, -36.299041 ], [ -70.689218, -36.298385 ], [ -70.68921, -36.296245 ], [ -70.687707, -36.293315 ], [ -70.686013, -36.288776 ], [ -70.685571, -36.285628 ], [ -70.686364, -36.283 ], [ -70.688485, -36.280837 ], [ -70.690492, -36.279754 ], [ -70.693559, -36.278113 ], [ -70.697381, -36.276835 ], [ -70.701189, -36.277278 ], [ -70.706087, -36.275901 ], [ -70.706697, -36.272875 ], [ -70.705782, -36.268465 ], [ -70.703889, -36.267527 ], [ -70.702081, -36.266135 ], [ -70.700197, -36.265097 ], [ -70.697999, -36.263663 ], [ -70.696656, -36.261526 ], [ -70.694856, -36.260401 ], [ -70.693025, -36.258982 ], [ -70.692338, -36.257048 ], [ -70.690797, -36.255125 ], [ -70.684365, -36.253126 ], [ -70.680932, -36.251139 ], [ -70.680375, -36.249186 ], [ -70.676644, -36.247748 ], [ -70.674446, -36.24769 ], [ -70.672234, -36.246706 ], [ -70.671402, -36.244459 ], [ -70.670265, -36.242277 ], [ -70.668526, -36.240942 ], [ -70.666603, -36.240332 ], [ -70.663879, -36.23987 ], [ -70.661827, -36.239504 ], [ -70.659858, -36.238997 ], [ -70.655204, -36.238619 ], [ -70.652938, -36.238604 ], [ -70.648956, -36.238932 ], [ -70.646888, -36.239313 ], [ -70.644179, -36.240061 ], [ -70.642112, -36.240477 ], [ -70.639228, -36.239836 ], [ -70.637168, -36.238646 ], [ -70.63507, -36.237017 ], [ -70.632742, -36.234339 ], [ -70.630583, -36.231085 ], [ -70.629057, -36.228865 ], [ -70.626745, -36.226694 ], [ -70.625906, -36.224341 ], [ -70.625967, -36.222204 ], [ -70.626585, -36.220232 ], [ -70.629675, -36.217749 ], [ -70.632078, -36.217333 ], [ -70.633459, -36.214476 ], [ -70.631697, -36.213045 ], [ -70.628401, -36.21031 ], [ -70.626043, -36.209921 ], [ -70.623876, -36.209787 ], [ -70.621885, -36.209413 ], [ -70.61923, -36.208364 ], [ -70.616453, -36.207926 ], [ -70.614461, -36.207102 ], [ -70.61115, -36.204813 ], [ -70.608945, -36.204462 ], [ -70.607556, -36.201231 ], [ -70.607556, -36.199159 ], [ -70.605474, -36.195467 ], [ -70.603887, -36.194109 ], [ -70.60188, -36.192621 ], [ -70.599415, -36.189893 ], [ -70.596837, -36.188818 ], [ -70.594891, -36.188078 ], [ -70.59232, -36.187238 ], [ -70.590267, -36.186971 ], [ -70.58823, -36.187261 ], [ -70.584728, -36.186922 ], [ -70.583729, -36.184732 ], [ -70.583591, -36.182478 ], [ -70.583019, -36.180486 ], [ -70.581455, -36.17904 ], [ -70.579609, -36.177816 ], [ -70.577427, -36.176607 ], [ -70.575336, -36.175161 ], [ -70.571758, -36.173906 ], [ -70.571041, -36.171861 ], [ -70.572536, -36.170415 ], [ -70.572803, -36.16335 ], [ -70.573474, -36.161309 ], [ -70.573329, -36.159238 ], [ -70.571941, -36.157025 ], [ -70.573016, -36.155309 ], [ -70.575656, -36.154664 ], [ -70.577503, -36.153771 ], [ -70.578639, -36.151349 ], [ -70.580173, -36.148602 ], [ -70.581691, -36.146336 ], [ -70.581081, -36.14312 ], [ -70.580142, -36.140919 ], [ -70.578708, -36.139001 ], [ -70.576884, -36.137181 ], [ -70.574336, -36.135743 ], [ -70.57207, -36.135026 ], [ -70.570781, -36.133034 ], [ -70.569369, -36.130829 ], [ -70.567256, -36.130902 ], [ -70.563082, -36.13231 ], [ -70.561404, -36.133671 ], [ -70.558856, -36.135705 ], [ -70.555949, -36.136899 ], [ -70.553202, -36.136372 ], [ -70.551134, -36.136678 ], [ -70.549563, -36.138165 ], [ -70.548189, -36.139829 ], [ -70.545984, -36.140202 ], [ -70.544046, -36.141274 ], [ -70.542032, -36.141564 ], [ -70.539598, -36.141133 ], [ -70.536875, -36.140702 ], [ -70.534799, -36.140512 ], [ -70.532755, -36.140748 ], [ -70.529687, -36.142137 ], [ -70.527338, -36.144113 ], [ -70.524408, -36.144891 ], [ -70.522981, -36.146879 ], [ -70.522661, -36.149019 ], [ -70.52057, -36.150052 ], [ -70.51703, -36.150976 ], [ -70.512979, -36.152399 ], [ -70.510163, -36.15444 ], [ -70.508485, -36.156587 ], [ -70.507127, -36.159208 ], [ -70.506562, -36.161947 ], [ -70.506295, -36.16461 ], [ -70.505555, -36.166517 ], [ -70.503457, -36.167952 ], [ -70.500993, -36.168165 ], [ -70.497987, -36.16741 ], [ -70.496331, -36.168669 ], [ -70.493905, -36.171953 ], [ -70.492348, -36.173723 ], [ -70.48938, -36.174734 ], [ -70.486771, -36.173998 ], [ -70.483361, -36.172179 ], [ -70.481209, -36.172156 ], [ -70.479218, -36.171961 ], [ -70.474663, -36.171828 ], [ -70.469185, -36.16955 ], [ -70.465438, -36.169257 ], [ -70.459731, -36.169497 ], [ -70.457328, -36.169356 ], [ -70.447944, -36.169581 ], [ -70.444449, -36.167281 ], [ -70.443351, -36.164771 ], [ -70.442328, -36.161303 ], [ -70.44055, -36.15861 ], [ -70.438696, -36.157843 ], [ -70.436217, -36.157313 ], [ -70.433813, -36.156943 ], [ -70.430266, -36.155898 ], [ -70.427366, -36.154978 ], [ -70.425329, -36.154864 ], [ -70.423223, -36.154627 ], [ -70.42053, -36.153658 ], [ -70.419912, -36.151625 ], [ -70.420271, -36.149569 ], [ -70.421285, -36.145827 ], [ -70.421239, -36.143023 ], [ -70.42066, -36.140745 ], [ -70.419805, -36.138273 ], [ -70.417859, -36.13553 ], [ -70.416486, -36.130907 ], [ -70.417165, -36.128023 ], [ -70.41892, -36.125101 ], [ -70.419423, -36.12195 ], [ -70.419301, -36.119154 ], [ -70.419034, -36.11601 ], [ -70.417378, -36.110082 ], [ -70.4166, -36.106847 ], [ -70.41573, -36.104841 ], [ -70.416341, -36.100995 ], [ -70.417539, -36.099279 ], [ -70.419164, -36.097936 ], [ -70.421712, -36.095857 ], [ -70.423238, -36.093438 ], [ -70.422963, -36.091287 ], [ -70.420987, -36.088204 ], [ -70.418156, -36.086518 ], [ -70.416104, -36.083272 ], [ -70.415555, -36.081319 ], [ -70.415829, -36.078889 ], [ -70.416607, -36.072339 ], [ -70.416256, -36.069436 ], [ -70.415287, -36.065567 ], [ -70.412243, -36.06221 ], [ -70.411022, -36.060532 ], [ -70.409756, -36.058354 ], [ -70.409039, -36.056248 ], [ -70.407696, -36.054318 ], [ -70.403621, -36.050453 ], [ -70.401241, -36.049626 ], [ -70.40002, -36.052765 ], [ -70.389697, -36.048733 ], [ -70.383258, -36.046215 ], [ -70.379664, -36.044396 ], [ -70.374995, -36.042599 ], [ -70.371432, -36.041455 ], [ -70.369662, -36.040493 ], [ -70.368014, -36.036705 ], [ -70.368151, -36.03466 ], [ -70.368899, -36.03249 ], [ -70.370959, -36.030033 ], [ -70.373789, -36.028816 ], [ -70.37604, -36.027763 ], [ -70.377856, -36.022262 ], [ -70.378107, -36.020138 ], [ -70.378222, -36.018127 ], [ -70.378687, -36.013534 ], [ -70.379397, -35.999503 ], [ -70.379618, -35.995124 ], [ -70.388766, -35.982012 ], [ -70.392939, -35.980822 ], [ -70.397097, -35.981673 ], [ -70.399844, -35.98189 ], [ -70.403712, -35.98062 ], [ -70.407084, -35.980208 ], [ -70.410892, -35.979968 ], [ -70.414195, -35.979159 ], [ -70.417781, -35.97777 ], [ -70.422557, -35.975065 ], [ -70.424495, -35.973261 ], [ -70.421123, -35.968653 ], [ -70.419215, -35.967398 ], [ -70.416659, -35.965376 ], [ -70.417079, -35.962931 ], [ -70.417071, -35.960413 ], [ -70.416705, -35.958406 ], [ -70.414309, -35.95698 ], [ -70.405703, -35.952936 ], [ -70.403162, -35.951227 ], [ -70.400248, -35.951147 ], [ -70.395556, -35.951017 ], [ -70.391474, -35.949827 ], [ -70.389849, -35.948511 ], [ -70.387903, -35.944982 ], [ -70.387643, -35.942446 ], [ -70.386789, -35.940325 ], [ -70.38537, -35.938036 ], [ -70.383882, -35.935465 ], [ -70.381837, -35.934549 ], [ -70.378312, -35.932039 ], [ -70.375344, -35.929926 ], [ -70.372239, -35.92724 ], [ -70.370759, -35.925695 ], [ -70.369408, -35.923982 ], [ -70.369401, -35.921918 ], [ -70.371583, -35.921686 ], [ -70.374329, -35.921617 ], [ -70.380708, -35.921861 ], [ -70.382913, -35.921712 ], [ -70.388315, -35.922601 ], [ -70.390657, -35.922723 ], [ -70.395982, -35.922983 ], [ -70.39924, -35.923501 ], [ -70.401354, -35.923612 ], [ -70.405153, -35.922338 ], [ -70.407679, -35.922101 ], [ -70.415758, -35.918988 ], [ -70.418833, -35.917306 ], [ -70.421442, -35.915646 ], [ -70.423548, -35.914494 ], [ -70.425379, -35.912759 ], [ -70.426203, -35.91013 ], [ -70.425272, -35.907441 ], [ -70.424677, -35.900223 ], [ -70.424456, -35.894818 ], [ -70.424494, -35.890827 ], [ -70.42399, -35.888363 ], [ -70.422648, -35.886879 ], [ -70.420954, -35.884934 ], [ -70.421991, -35.881783 ], [ -70.42367, -35.87925 ], [ -70.423578, -35.875244 ], [ -70.4209, -35.87336 ], [ -70.419, -35.872562 ], [ -70.415117, -35.871426 ], [ -70.412866, -35.869202 ], [ -70.408983, -35.86623 ], [ -70.406099, -35.865436 ], [ -70.402665, -35.865299 ], [ -70.400262, -35.865055 ], [ -70.394349, -35.863693 ], [ -70.391053, -35.865074 ], [ -70.389374, -35.866283 ], [ -70.387475, -35.866921 ], [ -70.383736, -35.864925 ], [ -70.382676, -35.862518 ], [ -70.381539, -35.8596 ], [ -70.380768, -35.856823 ], [ -70.379601, -35.849922 ], [ -70.377693, -35.847576 ], [ -70.374733, -35.845176 ], [ -70.370506, -35.842781 ], [ -70.367836, -35.841587 ], [ -70.363418, -35.839267 ], [ -70.361243, -35.838932 ], [ -70.358894, -35.838627 ], [ -70.352843, -35.836807 ], [ -70.350028, -35.83498 ], [ -70.347274, -35.832752 ], [ -70.341429, -35.830127 ], [ -70.336813, -35.828972 ], [ -70.332007, -35.828201 ], [ -70.329702, -35.826854 ], [ -70.32665, -35.823398 ], [ -70.324888, -35.821399 ], [ -70.321859, -35.819572 ], [ -70.318838, -35.818546 ], [ -70.314611, -35.815803 ], [ -70.313062, -35.813911 ], [ -70.311788, -35.811164 ], [ -70.316427, -35.811386 ], [ -70.31867, -35.810924 ], [ -70.321546, -35.809829 ], [ -70.325223, -35.807765 ], [ -70.327528, -35.805827 ], [ -70.328359, -35.803882 ], [ -70.32974, -35.800357 ], [ -70.331663, -35.797496 ], [ -70.334364, -35.796908 ], [ -70.338446, -35.798217 ], [ -70.344137, -35.80038 ], [ -70.346739, -35.80049 ], [ -70.351866, -35.799445 ], [ -70.356642, -35.799781 ], [ -70.35855, -35.801379 ], [ -70.361846, -35.801429 ], [ -70.363318, -35.799422 ], [ -70.363578, -35.794848 ], [ -70.363784, -35.792426 ], [ -70.368827, -35.789092 ], [ -70.374557, -35.78776 ], [ -70.377036, -35.78678 ], [ -70.37815, -35.784655 ], [ -70.375541, -35.780878 ], [ -70.376929, -35.775946 ], [ -70.378783, -35.774424 ], [ -70.380141, -35.772387 ], [ -70.380469, -35.766943 ], [ -70.379409, -35.764597 ], [ -70.378119, -35.762552 ], [ -70.376441, -35.760648 ], [ -70.374961, -35.758821 ], [ -70.370459, -35.756082 ], [ -70.367506, -35.754598 ], [ -70.362234, -35.753275 ], [ -70.359915, -35.752096 ], [ -70.36038, -35.746706 ], [ -70.362196, -35.742258 ], [ -70.36331, -35.739881 ], [ -70.365538, -35.735345 ], [ -70.366583, -35.732423 ], [ -70.367414, -35.72973 ], [ -70.367361, -35.726533 ], [ -70.367323, -35.724458 ], [ -70.36788, -35.720258 ], [ -70.369261, -35.717263 ], [ -70.370855, -35.714478 ], [ -70.372671, -35.709828 ], [ -70.37364, -35.706387 ], [ -70.375242, -35.702774 ], [ -70.376554, -35.698532 ], [ -70.377943, -35.694401 ], [ -70.379896, -35.692104 ], [ -70.382986, -35.691181 ], [ -70.386206, -35.69043 ], [ -70.390272, -35.689499 ], [ -70.393286, -35.688232 ], [ -70.396437, -35.686962 ], [ -70.398604, -35.685409 ], [ -70.400893, -35.680828 ], [ -70.401465, -35.677631 ], [ -70.4009, -35.674568 ], [ -70.400587, -35.672283 ], [ -70.4, -35.667182 ], [ -70.400694, -35.665119 ], [ -70.40209, -35.663223 ], [ -70.404257, -35.660926 ], [ -70.40663, -35.658569 ], [ -70.408972, -35.653991 ], [ -70.410521, -35.650077 ], [ -70.413527, -35.647433 ], [ -70.415831, -35.645308 ], [ -70.416876, -35.643439 ], [ -70.418402, -35.640715 ], [ -70.420485, -35.635779 ], [ -70.42208, -35.631937 ], [ -70.421774, -35.625746 ], [ -70.418433, -35.622591 ], [ -70.416426, -35.621065 ], [ -70.411436, -35.618727 ], [ -70.40814, -35.617136 ], [ -70.40077, -35.614748 ], [ -70.396627, -35.612925 ], [ -70.39504, -35.610937 ], [ -70.393094, -35.606974 ], [ -70.392423, -35.605017 ], [ -70.391255, -35.601648 ], [ -70.391446, -35.597467 ], [ -70.391782, -35.592535 ], [ -70.392804, -35.586919 ], [ -70.395116, -35.582883 ], [ -70.398465, -35.57723 ], [ -70.401303, -35.573888 ], [ -70.402753, -35.571988 ], [ -70.404508, -35.569696 ], [ -70.408208, -35.566018 ], [ -70.411763, -35.561997 ], [ -70.420728, -35.546555 ], [ -70.420789, -35.544209 ], [ -70.420423, -35.539856 ], [ -70.41908, -35.537102 ], [ -70.415143, -35.532196 ], [ -70.41277, -35.529904 ], [ -70.410146, -35.52739 ], [ -70.404889, -35.522781 ], [ -70.40305, -35.520817 ], [ -70.39954, -35.518822 ], [ -70.396801, -35.517799 ], [ -70.394001, -35.517288 ], [ -70.391689, -35.517292 ], [ -70.389446, -35.51656 ], [ -70.385875, -35.515701 ], [ -70.382488, -35.514423 ], [ -70.383693, -35.5121 ], [ -70.387027, -35.509655 ], [ -70.389065, -35.508247 ], [ -70.391651, -35.506748 ], [ -70.394787, -35.50336 ], [ -70.396946, -35.501465 ], [ -70.398548, -35.500026 ], [ -70.400677, -35.497726 ], [ -70.403011, -35.494571 ], [ -70.404896, -35.492454 ], [ -70.406284, -35.490894 ], [ -70.408589, -35.488765 ], [ -70.411061, -35.486106 ], [ -70.414997, -35.481875 ], [ -70.421963, -35.474505 ], [ -70.425236, -35.472506 ], [ -70.427975, -35.470572 ], [ -70.429631, -35.469386 ], [ -70.432927, -35.465788 ], [ -70.434438, -35.463828 ], [ -70.436749, -35.462271 ], [ -70.43855, -35.461062 ], [ -70.446752, -35.453955 ], [ -70.449559, -35.451345 ], [ -70.450948, -35.449564 ], [ -70.452077, -35.447222 ], [ -70.452108, -35.442762 ], [ -70.451055, -35.439512 ], [ -70.450337, -35.437586 ], [ -70.448567, -35.433695 ], [ -70.44827, -35.430086 ], [ -70.447346, -35.425073 ], [ -70.44756, -35.418775 ], [ -70.44814, -35.415761 ], [ -70.448704, -35.412538 ], [ -70.449673, -35.40849 ], [ -70.450047, -35.405267 ], [ -70.450734, -35.402402 ], [ -70.450375, -35.398068 ], [ -70.449582, -35.395242 ], [ -70.446347, -35.390725 ], [ -70.444798, -35.388779 ], [ -70.441692, -35.38575 ], [ -70.439953, -35.384209 ], [ -70.436031, -35.38147 ], [ -70.43259, -35.377469 ], [ -70.429935, -35.374814 ], [ -70.428172, -35.3737 ], [ -70.424953, -35.37325 ], [ -70.422794, -35.373456 ], [ -70.420962, -35.370858 ], [ -70.420985, -35.368317 ], [ -70.421008, -35.366154 ], [ -70.421557, -35.363232 ], [ -70.421824, -35.360134 ], [ -70.422282, -35.354405 ], [ -70.422137, -35.350128 ], [ -70.422526, -35.345631 ], [ -70.423632, -35.342651 ], [ -70.425441, -35.339859 ], [ -70.427943, -35.337139 ], [ -70.430095, -35.334671 ], [ -70.432689, -35.331111 ], [ -70.433841, -35.329452 ], [ -70.436069, -35.325954 ], [ -70.437381, -35.323642 ], [ -70.439883, -35.320617 ], [ -70.441745, -35.319656 ], [ -70.446636, -35.317592 ], [ -70.44894, -35.316619 ], [ -70.452777, -35.315577 ], [ -70.456684, -35.314589 ], [ -70.46059, -35.313887 ], [ -70.465626, -35.312438 ], [ -70.469326, -35.311862 ], [ -70.473217, -35.311656 ], [ -70.475415, -35.311717 ], [ -70.477482, -35.311774 ], [ -70.480885, -35.312155 ], [ -70.483044, -35.312472 ], [ -70.489217, -35.313452 ], [ -70.495366, -35.313548 ], [ -70.500768, -35.313113 ], [ -70.502919, -35.312785 ], [ -70.505338, -35.31214 ], [ -70.508024, -35.311129 ], [ -70.509969, -35.310297 ], [ -70.512449, -35.309077 ], [ -70.514738, -35.308058 ], [ -70.516699, -35.307245 ], [ -70.520674, -35.305895 ], [ -70.52458, -35.305998 ], [ -70.52857, -35.307245 ], [ -70.533896, -35.307055 ], [ -70.537222, -35.306749 ], [ -70.54138, -35.305712 ], [ -70.544333, -35.30472 ], [ -70.546408, -35.302133 ], [ -70.547995, -35.30026 ], [ -70.551917, -35.300165 ], [ -70.5559, -35.300321 ], [ -70.559455, -35.299043 ], [ -70.561469, -35.297834 ], [ -70.56401, -35.293733 ], [ -70.565055, -35.290601 ], [ -70.565513, -35.287568 ], [ -70.56552, -35.283075 ], [ -70.565482, -35.280168 ], [ -70.567634, -35.27884 ], [ -70.571471, -35.278085 ], [ -70.575652, -35.276574 ], [ -70.57837, -35.274627 ], [ -70.57962, -35.273732 ], [ -70.581489, -35.272141 ], [ -70.583221, -35.270467 ], [ -70.584922, -35.267079 ], [ -70.585067, -35.264901 ], [ -70.583564, -35.261029 ], [ -70.581687, -35.259816 ], [ -70.578193, -35.258397 ], [ -70.57553, -35.256459 ], [ -70.573836, -35.25372 ], [ -70.573638, -35.248482 ], [ -70.571913, -35.247193 ], [ -70.56954, -35.246746 ], [ -70.568095, -35.244951 ], [ -70.566267, -35.240849 ], [ -70.565863, -35.238793 ], [ -70.565536, -35.236422 ], [ -70.565317, -35.234189 ], [ -70.565046, -35.230656 ], [ -70.566641, -35.228416 ], [ -70.567018, -35.227755 ], [ -70.567796, -35.226389 ], [ -70.568464, -35.225216 ], [ -70.568907, -35.223076 ], [ -70.564535, -35.221172 ], [ -70.56165, -35.220017 ], [ -70.560934, -35.21973 ], [ -70.556982, -35.216217 ], [ -70.554479, -35.213165 ], [ -70.553075, -35.211448 ], [ -70.550062, -35.208309 ], [ -70.545965, -35.204742 ], [ -70.543615, -35.202831 ], [ -70.540814, -35.200782 ], [ -70.538312, -35.199493 ], [ -70.536351, -35.198421 ], [ -70.533452, -35.197738 ], [ -70.531224, -35.197502 ], [ -70.526562, -35.19659 ], [ -70.524052, -35.196487 ], [ -70.519596, -35.197365 ], [ -70.516339, -35.197582 ], [ -70.51012, -35.198311 ], [ -70.507053, -35.19878 ], [ -70.503948, -35.19923 ], [ -70.501758, -35.199547 ], [ -70.496303, -35.199802 ], [ -70.491023, -35.199867 ], [ -70.488445, -35.19976 ], [ -70.483844, -35.200291 ], [ -70.480708, -35.20047 ], [ -70.476336, -35.200359 ], [ -70.472766, -35.199879 ], [ -70.469035, -35.199337 ], [ -70.466547, -35.199776 ], [ -70.461214, -35.199623 ], [ -70.457895, -35.198994 ], [ -70.454546, -35.198891 ], [ -70.448686, -35.198052 ], [ -70.443666, -35.197205 ], [ -70.441606, -35.19656 ], [ -70.437517, -35.195275 ], [ -70.432977, -35.193798 ], [ -70.427697, -35.191285 ], [ -70.423692, -35.189583 ], [ -70.41845, -35.187535 ], [ -70.414673, -35.185025 ], [ -70.410065, -35.18303 ], [ -70.407692, -35.181836 ], [ -70.404465, -35.1792 ], [ -70.401466, -35.176747 ], [ -70.398803, -35.173832 ], [ -70.396568, -35.171944 ], [ -70.394531, -35.168915 ], [ -70.392356, -35.165424 ], [ -70.389449, -35.160332 ], [ -70.387664, -35.157982 ], [ -70.384093, -35.154499 ], [ -70.381583, -35.153358 ], [ -70.378325, -35.152542 ], [ -70.376349, -35.151367 ], [ -70.374396, -35.150108 ], [ -70.372298, -35.148624 ], [ -70.370619, -35.147365 ], [ -70.368803, -35.145481 ], [ -70.364996, -35.140529 ], [ -70.363127, -35.137642 ], [ -70.362417, -35.134029 ], [ -70.365881, -35.128578 ], [ -70.368376, -35.123702 ], [ -70.369833, -35.118789 ], [ -70.370428, -35.113532 ], [ -70.36965, -35.110229 ], [ -70.368108, -35.107486 ], [ -70.363286, -35.101649 ], [ -70.36112, -35.099875 ], [ -70.359021, -35.096785 ], [ -70.361173, -35.094432 ], [ -70.363401, -35.093741 ], [ -70.365972, -35.092761 ], [ -70.368474, -35.091437 ], [ -70.370969, -35.089308 ], [ -70.372007, -35.0861 ], [ -70.371923, -35.082259 ], [ -70.372259, -35.079275 ], [ -70.371831, -35.076357 ], [ -70.370916, -35.071657 ], [ -70.371045, -35.069079 ], [ -70.371495, -35.064051 ], [ -70.371785, -35.061342 ], [ -70.372884, -35.05744 ], [ -70.374944, -35.050729 ], [ -70.375142, -35.047006 ], [ -70.374578, -35.04466 ], [ -70.373525, -35.041337 ], [ -70.372189, -35.038187 ], [ -70.371411, -35.035268 ], [ -70.371053, -35.032228 ], [ -70.369862, -35.029081 ], [ -70.367688, -35.025701 ], [ -70.366643, -35.023935 ], [ -70.365521, -35.021905 ], [ -70.361882, -35.015893 ], [ -70.352619, -34.999478 ], [ -70.325441, -34.932167 ], [ -70.322916, -34.928993 ], [ -70.318758, -34.923694 ], [ -70.31495, -34.918224 ], [ -70.313028, -34.915473 ], [ -70.307862, -34.905177 ], [ -70.307267, -34.903102 ], [ -70.305497, -34.89696 ], [ -70.304505, -34.893504 ], [ -70.303643, -34.890841 ], [ -70.302407, -34.886985 ], [ -70.29982, -34.884127 ], [ -70.293274, -34.877059 ], [ -70.288101, -34.872416 ], [ -70.283569, -34.867339 ], [ -70.281097, -34.864573 ], [ -70.27539, -34.85702 ], [ -70.274009, -34.85306 ], [ -70.271972, -34.846979 ], [ -70.27014, -34.84086 ], [ -70.266875, -34.833338 ], [ -70.263533, -34.828188 ], [ -70.261809, -34.825994 ], [ -70.259222, -34.822698 ], [ -70.257444, -34.820821 ], [ -70.254354, -34.817552 ], [ -70.253073, -34.81566 ], [ -70.251707, -34.813661 ], [ -70.250456, -34.810461 ], [ -70.251142, -34.805765 ], [ -70.254896, -34.800599 ], [ -70.259947, -34.796025 ], [ -70.2656, -34.791726 ], [ -70.279486, -34.782704 ], [ -70.2815, -34.781537 ], [ -70.289511, -34.77842 ], [ -70.292479, -34.778153 ], [ -70.296821, -34.778748 ], [ -70.29914, -34.779065 ], [ -70.303855, -34.776768 ], [ -70.305656, -34.773445 ], [ -70.305755, -34.767105 ], [ -70.304175, -34.761009 ], [ -70.301879, -34.757313 ], [ -70.301108, -34.755256 ], [ -70.300208, -34.752849 ], [ -70.298674, -34.74942 ], [ -70.295058, -34.747703 ], [ -70.289656, -34.742702 ], [ -70.28694, -34.736805 ], [ -70.284345, -34.729175 ], [ -70.281423, -34.726203 ], [ -70.274618, -34.719909 ], [ -70.273084, -34.717674 ], [ -70.269055, -34.711787 ], [ -70.266454, -34.70634 ], [ -70.264745, -34.702746 ], [ -70.258358, -34.697032 ], [ -70.253636, -34.691768 ], [ -70.250538, -34.687983 ], [ -70.248562, -34.685874 ], [ -70.244053, -34.682158 ], [ -70.235446, -34.675868 ], [ -70.230884, -34.672103 ], [ -70.228091, -34.669802 ], [ -70.226123, -34.66722 ], [ -70.222354, -34.661772 ], [ -70.220042, -34.655157 ], [ -70.220454, -34.648977 ], [ -70.221423, -34.645701 ], [ -70.222384, -34.64245 ], [ -70.223216, -34.63833 ], [ -70.221102, -34.633539 ], [ -70.219881, -34.630781 ], [ -70.220019, -34.624021 ], [ -70.219095, -34.617315 ], [ -70.217447, -34.611162 ], [ -70.213625, -34.603769 ], [ -70.206003, -34.601022 ], [ -70.199494, -34.599649 ], [ -70.198121, -34.597665 ], [ -70.195611, -34.594041 ], [ -70.195031, -34.591962 ], [ -70.19394, -34.58809 ], [ -70.191704, -34.586675 ], [ -70.186875, -34.583623 ], [ -70.180504, -34.581105 ], [ -70.177979, -34.575929 ], [ -70.176483, -34.572862 ], [ -70.176704, -34.569863 ], [ -70.176903, -34.567258 ], [ -70.17482, -34.563477 ], [ -70.17205, -34.560044 ], [ -70.170944, -34.554551 ], [ -70.168174, -34.550774 ], [ -70.166351, -34.549656 ], [ -70.163879, -34.548138 ], [ -70.161101, -34.545151 ], [ -70.159728, -34.543675 ], [ -70.15557, -34.53841 ], [ -70.151839, -34.536118 ], [ -70.147681, -34.529709 ], [ -70.145979, -34.526524 ], [ -70.14395, -34.52272 ], [ -70.142752, -34.520809 ], [ -70.139257, -34.515202 ], [ -70.134679, -34.508182 ], [ -70.13191, -34.503601 ], [ -70.130201, -34.500564 ], [ -70.12914, -34.49868 ], [ -70.127019, -34.494835 ], [ -70.123471, -34.489177 ], [ -70.117985, -34.485168 ], [ -70.114682, -34.482986 ], [ -70.106907, -34.481006 ], [ -70.100513, -34.477581 ], [ -70.093723, -34.47343 ], [ -70.087253, -34.469634 ], [ -70.084918, -34.466194 ], [ -70.082248, -34.461459 ], [ -70.07973, -34.459552 ], [ -70.076808, -34.457053 ], [ -70.073794, -34.454143 ], [ -70.071521, -34.452537 ], [ -70.065669, -34.448394 ], [ -70.058924, -34.445514 ], [ -70.056627, -34.442241 ], [ -70.054262, -34.438861 ], [ -70.053644, -34.436515 ], [ -70.052637, -34.432673 ], [ -70.05108, -34.430674 ], [ -70.047838, -34.426482 ], [ -70.041505, -34.423137 ], [ -70.035829, -34.420806 ], [ -70.033379, -34.419795 ], [ -70.029526, -34.417319 ], [ -70.025673, -34.414847 ], [ -70.023392, -34.413592 ], [ -70.020859, -34.412196 ], [ -70.016129, -34.407206 ], [ -70.013588, -34.404276 ], [ -70.013206, -34.398661 ], [ -70.013794, -34.392943 ], [ -70.015961, -34.38835 ], [ -70.01757, -34.384947 ], [ -70.024918, -34.378908 ], [ -70.027184, -34.375131 ], [ -70.029663, -34.369306 ], [ -70.028709, -34.363203 ], [ -70.024086, -34.356016 ], [ -70.01844, -34.354166 ], [ -70.014594, -34.350488 ], [ -70.01374, -34.345823 ], [ -70.012588, -34.339586 ], [ -70.01126, -34.332391 ], [ -70.007315, -34.323224 ], [ -70.006034, -34.317578 ], [ -70.0045, -34.311398 ], [ -70.002051, -34.304207 ], [ -69.997427, -34.294117 ], [ -69.995764, -34.289841 ], [ -69.993147, -34.283932 ], [ -69.984296, -34.269215 ], [ -69.982305, -34.265903 ], [ -69.980481, -34.263779 ], [ -69.979154, -34.26223 ], [ -69.976964, -34.260502 ], [ -69.972844, -34.26239 ], [ -69.969777, -34.263798 ], [ -69.961331, -34.269142 ], [ -69.958714, -34.270775 ], [ -69.952061, -34.274937 ], [ -69.944454, -34.278229 ] ] ] } },
{ "type": "Feature", "properties": { "cuenca": "ÑIRIHUAU", "ubicacion": "ONSHORE", "tipo": "No Productiva", "origen_geo": "no_productiva", "cuenca_norm": "NIRIHUAU", "cuenca_join_key": "NIRIHUAU" }, "geometry": { "type": "Polygon", "coordinates": [ [ [ -71.487228, -41.018684 ], [ -71.362618, -40.990131 ], [ -71.207527, -41.001356 ], [ -71.131272, -41.017578 ], [ -71.05694, -41.049784 ], [ -70.922824, -41.118441 ], [ -70.875922, -41.202538 ], [ -70.834715, -41.275448 ], [ -70.824385, -41.367802 ], [ -70.760386, -41.490768 ], [ -70.725319, -41.617143 ], [ -70.709709, -41.666719 ], [ -70.706362, -41.7586 ], [ -70.667259, -41.852889 ], [ -70.624099, -41.974396 ], [ -70.617462, -42.039541 ], [ -70.602887, -42.159134 ], [ -70.597526, -42.234978 ], [ -70.586898, -42.32735 ], [ -70.590047, -42.413414 ], [ -70.599799, -42.493646 ], [ -70.645771, -42.571452 ], [ -70.731999, -42.619551 ], [ -70.819706, -42.678266 ], [ -70.901435, -42.688799 ], [ -71.070104, -42.693138 ], [ -71.161423, -42.665057 ], [ -71.235348, -42.616597 ], [ -71.287484, -42.569679 ], [ -71.339543, -42.522744 ], [ -71.399456, -42.480597 ], [ -71.466492, -42.437891 ], [ -71.532706, -42.389816 ], [ -71.608803, -42.308611 ], [ -71.659674, -42.256235 ], [ -71.659505, -42.202341 ], [ -71.609154, -42.152253 ], [ -71.504412, -42.073871 ], [ -71.494382, -41.99915 ], [ -71.472941, -41.94684 ], [ -71.475819, -41.914282 ], [ -71.538679, -41.844905 ], [ -71.560779, -41.794734 ], [ -71.585, -41.760572 ], [ -71.569293, -41.69707 ], [ -71.518058, -41.636225 ], [ -71.462625, -41.597228 ], [ -71.428582, -41.556625 ], [ -71.386093, -41.505851 ], [ -71.373633, -41.409741 ], [ -71.374512, -41.361166 ], [ -71.41512, -41.288112 ], [ -71.467573, -41.251898 ], [ -71.534884, -41.166046 ], [ -71.52722, -41.107332 ], [ -71.487228, -41.018684 ] ] ] } },
{ "type": "Feature", "properties": { "cuenca": "NORESTE", "ubicacion": "ONSHORE", "tipo": "No Productiva", "origen_geo": "no_productiva", "cuenca_norm": "NORESTE", "cuenca_join_key": "NORESTE" }, "geometry": { "type": "GeometryCollection", "geometries": [ { "type": "Polygon", "coordinates": [ [ [ -61.710608, -23.244208 ], [ -61.709208, -23.246615 ], [ -61.707423, -23.24902 ], [ -61.704127, -23.249787 ], [ -61.702128, -23.251735 ], [ -61.702044, -23.254107 ], [ -61.701296, -23.256427 ], [ -61.698668, -23.256644 ], [ -61.69417, -23.257501 ], [ -61.691748, -23.258225 ], [ -61.688719, -23.259906 ], [ -61.688009, -23.263385 ], [ -61.686972, -23.267114 ], [ -61.686495, -23.269736 ], [ -61.686236, -23.272311 ], [ -61.685812, -23.275184 ], [ -61.683268, -23.276973 ], [ -61.679647, -23.277534 ], [ -61.677626, -23.277557 ], [ -61.674394, -23.277467 ], [ -61.67354, -23.279933 ], [ -61.674387, -23.281967 ], [ -61.672987, -23.284171 ], [ -61.669962, -23.285144 ], [ -61.667497, -23.285213 ], [ -61.664991, -23.284831 ], [ -61.661714, -23.28413 ], [ -61.659208, -23.283491 ], [ -61.65529, -23.282129 ], [ -61.653333, -23.281444 ], [ -61.650548, -23.280654 ], [ -61.648099, -23.279964 ], [ -61.64536, -23.28008 ], [ -61.642751, -23.279188 ], [ -61.64079, -23.278402 ], [ -61.637581, -23.277252 ], [ -61.634675, -23.277618 ], [ -61.631653, -23.27849 ], [ -61.629826, -23.279878 ], [ -61.625832, -23.280082 ], [ -61.622376, -23.280742 ], [ -61.619183, -23.281915 ], [ -61.615791, -23.281768 ], [ -61.61351, -23.280882 ], [ -61.61153, -23.281311 ], [ -61.609104, -23.282644 ], [ -61.606475, -23.286195 ], [ -61.605468, -23.28795 ], [ -61.604496, -23.290569 ], [ -61.602607, -23.292213 ], [ -61.599063, -23.291609 ], [ -61.596282, -23.291218 ], [ -61.594562, -23.292511 ], [ -61.594463, -23.295341 ], [ -61.594581, -23.298475 ], [ -61.59312, -23.300831 ], [ -61.591674, -23.30238 ], [ -61.588969, -23.303656 ], [ -61.58665, -23.30196 ], [ -61.5852, -23.299816 ], [ -61.583476, -23.29833 ], [ -61.581, -23.299051 ], [ -61.579116, -23.300695 ], [ -61.577052, -23.303097 ], [ -61.574286, -23.30518 ], [ -61.571856, -23.306461 ], [ -61.569815, -23.307549 ], [ -61.56787, -23.309441 ], [ -61.570258, -23.310538 ], [ -61.572348, -23.309956 ], [ -61.574332, -23.309124 ], [ -61.576636, -23.308748 ], [ -61.578475, -23.310087 ], [ -61.579089, -23.312775 ], [ -61.578826, -23.315552 ], [ -61.577899, -23.318974 ], [ -61.575698, -23.319605 ], [ -61.57252, -23.320017 ], [ -61.569483, -23.321642 ], [ -61.567877, -23.322888 ], [ -61.566035, -23.325289 ], [ -61.565939, -23.327862 ], [ -61.56534, -23.331143 ], [ -61.564917, -23.333815 ], [ -61.564444, -23.335982 ], [ -61.562495, -23.337977 ], [ -61.559813, -23.338042 ], [ -61.557264, -23.339978 ], [ -61.555166, -23.341317 ], [ -61.553015, -23.342498 ], [ -61.55102, -23.343634 ], [ -61.54936, -23.344874 ], [ -61.546755, -23.346963 ], [ -61.543844, -23.34768 ], [ -61.540903, -23.346732 ], [ -61.540014, -23.343993 ], [ -61.538961, -23.341298 ], [ -61.536733, -23.34051 ], [ -61.53507, -23.341853 ], [ -61.532956, -23.343747 ], [ -61.530267, -23.344516 ], [ -61.528329, -23.345752 ], [ -61.526555, -23.346995 ], [ -61.524728, -23.348535 ], [ -61.522733, -23.349925 ], [ -61.520326, -23.350041 ], [ -61.518224, -23.347892 ], [ -61.515668, -23.346644 ], [ -61.513543, -23.346362 ], [ -61.51038, -23.345204 ], [ -61.507214, -23.344907 ], [ -61.504036, -23.34512 ], [ -61.504433, -23.347651 ], [ -61.507149, -23.348901 ], [ -61.509102, -23.34999 ], [ -61.511166, -23.35098 ], [ -61.512444, -23.353068 ], [ -61.513711, -23.356217 ], [ -61.516038, -23.357764 ], [ -61.518048, -23.3586 ], [ -61.520001, -23.359742 ], [ -61.521611, -23.361735 ], [ -61.52279, -23.363521 ], [ -61.524274, -23.366473 ], [ -61.523725, -23.370052 ], [ -61.522752, -23.372768 ], [ -61.521718, -23.375738 ], [ -61.519815, -23.378337 ], [ -61.517743, -23.381139 ], [ -61.515733, -23.383539 ], [ -61.511945, -23.384447 ], [ -61.508355, -23.385965 ], [ -61.506524, -23.387609 ], [ -61.505448, -23.389814 ], [ -61.506551, -23.392713 ], [ -61.506295, -23.394931 ], [ -61.505334, -23.396841 ], [ -61.503285, -23.398226 ], [ -61.500779, -23.400181 ], [ -61.497292, -23.401636 ], [ -61.496743, -23.404213 ], [ -61.498879, -23.404766 ], [ -61.499756, -23.406837 ], [ -61.498768, -23.409922 ], [ -61.497731, -23.411989 ], [ -61.497124, -23.414165 ], [ -61.497128, -23.416233 ], [ -61.494709, -23.418808 ], [ -61.493699, -23.421246 ], [ -61.49152, -23.423239 ], [ -61.489502, -23.423317 ], [ -61.486405, -23.419279 ], [ -61.483318, -23.416767 ], [ -61.480732, -23.415045 ], [ -61.477508, -23.416657 ], [ -61.477348, -23.418688 ], [ -61.475307, -23.422098 ], [ -61.473297, -23.422907 ], [ -61.470783, -23.416773 ], [ -61.469875, -23.414417 ], [ -61.466159, -23.415638 ], [ -61.465026, -23.418133 ], [ -61.463893, -23.420969 ], [ -61.462142, -23.422732 ], [ -61.459094, -23.423497 ], [ -61.456706, -23.423405 ], [ -61.455035, -23.421389 ], [ -61.45428, -23.419474 ], [ -61.452952, -23.415703 ], [ -61.450927, -23.414652 ], [ -61.448794, -23.415629 ], [ -61.447348, -23.417452 ], [ -61.445304, -23.420857 ], [ -61.442961, -23.424435 ], [ -61.439635, -23.42791 ], [ -61.434027, -23.432038 ], [ -61.427202, -23.434132 ], [ -61.424727, -23.436976 ], [ -61.423838, -23.439583 ], [ -61.423128, -23.441848 ], [ -61.420347, -23.444918 ], [ -61.416693, -23.446311 ], [ -61.413572, -23.445887 ], [ -61.408682, -23.446099 ], [ -61.40542, -23.444377 ], [ -61.401197, -23.444022 ], [ -61.397435, -23.446652 ], [ -61.39272, -23.451831 ], [ -61.390489, -23.45473 ], [ -61.388673, -23.45667 ], [ -61.385091, -23.456845 ], [ -61.383897, -23.454255 ], [ -61.385934, -23.450004 ], [ -61.386273, -23.447572 ], [ -61.386186, -23.44464 ], [ -61.384339, -23.443641 ], [ -61.379975, -23.447123 ], [ -61.378655, -23.449729 ], [ -61.377404, -23.453017 ], [ -61.375645, -23.454387 ], [ -61.37204, -23.454925 ], [ -61.367695, -23.454345 ], [ -61.361988, -23.454114 ], [ -61.360004, -23.451762 ], [ -61.35783, -23.448171 ], [ -61.355858, -23.446715 ], [ -61.353172, -23.447249 ], [ -61.351669, -23.450029 ], [ -61.351043, -23.454156 ], [ -61.351127, -23.456638 ], [ -61.349148, -23.460437 ], [ -61.344055, -23.464715 ], [ -61.341739, -23.465526 ], [ -61.337329, -23.464885 ], [ -61.329558, -23.464786 ], [ -61.324035, -23.46532 ], [ -61.318984, -23.467733 ], [ -61.31668, -23.469842 ], [ -61.314799, -23.471609 ], [ -61.312933, -23.474559 ], [ -61.310088, -23.477518 ], [ -61.308573, -23.478943 ], [ -61.306425, -23.48333 ], [ -61.305399, -23.485143 ], [ -61.302439, -23.482347 ], [ -61.300284, -23.481178 ], [ -61.296801, -23.481094 ], [ -61.295469, -23.482744 ], [ -61.294641, -23.485685 ], [ -61.294676, -23.489015 ], [ -61.294573, -23.491108 ], [ -61.29183, -23.492313 ], [ -61.290689, -23.488426 ], [ -61.289079, -23.486296 ], [ -61.28467, -23.485708 ], [ -61.280317, -23.486526 ], [ -61.279252, -23.490372 ], [ -61.281484, -23.493458 ], [ -61.283891, -23.495979 ], [ -61.290224, -23.498861 ], [ -61.293432, -23.501549 ], [ -61.293833, -23.504818 ], [ -61.292509, -23.507143 ], [ -61.290426, -23.50716 ], [ -61.288553, -23.503168 ], [ -61.286947, -23.50149 ], [ -61.284612, -23.500548 ], [ -61.281873, -23.50215 ], [ -61.27773, -23.503994 ], [ -61.27382, -23.504814 ], [ -61.271817, -23.505961 ], [ -61.274164, -23.508826 ], [ -61.276254, -23.509823 ], [ -61.279016, -23.511214 ], [ -61.280996, -23.513401 ], [ -61.276746, -23.516821 ], [ -61.272897, -23.516966 ], [ -61.2683, -23.516213 ], [ -61.266282, -23.516287 ], [ -61.263471, -23.51693 ], [ -61.261525, -23.517907 ], [ -61.258809, -23.521653 ], [ -61.254861, -23.524903 ], [ -61.25274, -23.526896 ], [ -61.249516, -23.529578 ], [ -61.250756, -23.534058 ], [ -61.251023, -23.536425 ], [ -61.24804, -23.538594 ], [ -61.24284, -23.538636 ], [ -61.238625, -23.53884 ], [ -61.235703, -23.540557 ], [ -61.232803, -23.544642 ], [ -61.229458, -23.547097 ], [ -61.225735, -23.54803 ], [ -61.223472, -23.548671 ], [ -61.220844, -23.549676 ], [ -61.216861, -23.549083 ], [ -61.213481, -23.547643 ], [ -61.211456, -23.546868 ], [ -61.208515, -23.546439 ], [ -61.204715, -23.54613 ], [ -61.202865, -23.544395 ], [ -61.198493, -23.539773 ], [ -61.195422, -23.538276 ], [ -61.192965, -23.537274 ], [ -61.190634, -23.536901 ], [ -61.19208, -23.541289 ], [ -61.194434, -23.544377 ], [ -61.195613, -23.546178 ], [ -61.194594, -23.548722 ], [ -61.188098, -23.54787 ], [ -61.185339, -23.54716 ], [ -61.182764, -23.546558 ], [ -61.1808, -23.545781 ], [ -61.1761, -23.546947 ], [ -61.173533, -23.547475 ], [ -61.17103, -23.548509 ], [ -61.169504, -23.554181 ], [ -61.169477, -23.557794 ], [ -61.169439, -23.560674 ], [ -61.167986, -23.562494 ], [ -61.165251, -23.564374 ], [ -61.161527, -23.565761 ], [ -61.158533, -23.566009 ], [ -61.152715, -23.566219 ], [ -61.148908, -23.567405 ], [ -61.152189, -23.568594 ], [ -61.154584, -23.569875 ], [ -61.156137, -23.572067 ], [ -61.153463, -23.574177 ], [ -61.151449, -23.575546 ], [ -61.148622, -23.578239 ], [ -61.144159, -23.578272 ], [ -61.140901, -23.576546 ], [ -61.137593, -23.576456 ], [ -61.135259, -23.575458 ], [ -61.131032, -23.575317 ], [ -61.130692, -23.578709 ], [ -61.131017, -23.580685 ], [ -61.133912, -23.582973 ], [ -61.136315, -23.584541 ], [ -61.136705, -23.587021 ], [ -61.135259, -23.589853 ], [ -61.134484, -23.5924 ], [ -61.135114, -23.594711 ], [ -61.133111, -23.596138 ], [ -61.131024, -23.595703 ], [ -61.129662, -23.59379 ], [ -61.130422, -23.590172 ], [ -61.130589, -23.587801 ], [ -61.129651, -23.585886 ], [ -61.127381, -23.585058 ], [ -61.123746, -23.58243 ], [ -61.121365, -23.583012 ], [ -61.120472, -23.586178 ], [ -61.123196, -23.589829 ], [ -61.124024, -23.59355 ], [ -61.12159, -23.595261 ], [ -61.115025, -23.595728 ], [ -61.11068, -23.596098 ], [ -61.104694, -23.597779 ], [ -61.10207, -23.598416 ], [ -61.09919, -23.599633 ], [ -61.097816, -23.602454 ], [ -61.09729, -23.605565 ], [ -61.094978, -23.607558 ], [ -61.091922, -23.608088 ], [ -61.089473, -23.608386 ], [ -61.087413, -23.611168 ], [ -61.087562, -23.614213 ], [ -61.088378, -23.616244 ], [ -61.088379, -23.616244 ], [ -61.090885, -23.61628 ], [ -61.093754, -23.614567 ], [ -61.096321, -23.614152 ], [ -61.098049, -23.615723 ], [ -61.097763, -23.618479 ], [ -61.099682, -23.620444 ], [ -61.101463, -23.621501 ], [ -61.103012, -23.623187 ], [ -61.101982, -23.625054 ], [ -61.099545, -23.626317 ], [ -61.096863, -23.62797 ], [ -61.096146, -23.630292 ], [ -61.094585, -23.634086 ], [ -61.093315, -23.635787 ], [ -61.092411, -23.637658 ], [ -61.092865, -23.640307 ], [ -61.093502, -23.643237 ], [ -61.094189, -23.645225 ], [ -61.095917, -23.646569 ], [ -61.097462, -23.648307 ], [ -61.099159, -23.653489 ], [ -61.100712, -23.655961 ], [ -61.098553, -23.661344 ], [ -61.096909, -23.662936 ], [ -61.095394, -23.664413 ], [ -61.092026, -23.665059 ], [ -61.089165, -23.666715 ], [ -61.086838, -23.667127 ], [ -61.084202, -23.667259 ], [ -61.084201, -23.667259 ], [ -61.082264, -23.669755 ], [ -61.085792, -23.670867 ], [ -61.08868, -23.672147 ], [ -61.089378, -23.674911 ], [ -61.088413, -23.676776 ], [ -61.086029, -23.677642 ], [ -61.083706, -23.678335 ], [ -61.082012, -23.681057 ], [ -61.082958, -23.683876 ], [ -61.08316, -23.686243 ], [ -61.081707, -23.688457 ], [ -61.077507, -23.691818 ], [ -61.074096, -23.693985 ], [ -61.072822, -23.695858 ], [ -61.071433, -23.698463 ], [ -61.070392, -23.700796 ], [ -61.069797, -23.70306 ], [ -61.068096, -23.704819 ], [ -61.068095, -23.704819 ], [ -61.065692, -23.70303 ], [ -61.06372, -23.701351 ], [ -61.061523, -23.702833 ], [ -61.056346, -23.706427 ], [ -61.054335, -23.708191 ], [ -61.047961, -23.715122 ], [ -61.045714, -23.71813 ], [ -61.044936, -23.720167 ], [ -61.043227, -23.726851 ], [ -61.042391, -23.729285 ], [ -61.041426, -23.731553 ], [ -61.041087, -23.73494 ], [ -61.041045, -23.73765 ], [ -61.039042, -23.740037 ], [ -61.036349, -23.740222 ], [ -61.034453, -23.741137 ], [ -61.032088, -23.743979 ], [ -61.030348, -23.746451 ], [ -61.028269, -23.74697 ], [ -61.025881, -23.747723 ], [ -61.024118, -23.749314 ], [ -61.021929, -23.751418 ], [ -61.018869, -23.752116 ], [ -61.016607, -23.753146 ], [ -61.014665, -23.755927 ], [ -61.015806, -23.76055 ], [ -61.020494, -23.765674 ], [ -61.021734, -23.767476 ], [ -61.021265, -23.770076 ], [ -61.019392, -23.773248 ], [ -61.017073, -23.774562 ], [ -61.01333, -23.774587 ], [ -61.009382, -23.779298 ], [ -61.007013, -23.782194 ], [ -61.002016, -23.788732 ], [ -60.997999, -23.792654 ], [ -60.99587, -23.794639 ], [ -60.993566, -23.798324 ], [ -60.992242, -23.801384 ], [ -60.990358, -23.804106 ], [ -60.987306, -23.806272 ], [ -60.985539, -23.807466 ], [ -60.980557, -23.805748 ], [ -60.97522, -23.805389 ], [ -60.971352, -23.805187 ], [ -60.967492, -23.805265 ], [ -60.967491, -23.805265 ], [ -60.9651, -23.805281 ], [ -60.962998, -23.80645 ], [ -60.962887, -23.808481 ], [ -60.962849, -23.811361 ], [ -60.96196, -23.815655 ], [ -60.960072, -23.817757 ], [ -60.957794, -23.816137 ], [ -60.957684, -23.8097 ], [ -60.957119, -23.807556 ], [ -60.954899, -23.80571 ], [ -60.952385, -23.80657 ], [ -60.949646, -23.808676 ], [ -60.947262, -23.810497 ], [ -60.94313, -23.806684 ], [ -60.941043, -23.806358 ], [ -60.938709, -23.805862 ], [ -60.940166, -23.804102 ], [ -60.9445, -23.801224 ], [ -60.943439, -23.799145 ], [ -60.941585, -23.797178 ], [ -60.937171, -23.797432 ], [ -60.932883, -23.798134 ], [ -60.929824, -23.799114 ], [ -60.924613, -23.803186 ], [ -60.922786, -23.804831 ], [ -60.920218, -23.806259 ], [ -60.913924, -23.808897 ], [ -60.911417, -23.809927 ], [ -60.909216, -23.810955 ], [ -60.908255, -23.813782 ], [ -60.906943, -23.819266 ], [ -60.906344, -23.821473 ], [ -60.902991, -23.824656 ], [ -60.899756, -23.826594 ], [ -60.89786, -23.827734 ], [ -60.887766, -23.832888 ], [ -60.883672, -23.835734 ], [ -60.879404, -23.838525 ], [ -60.877573, -23.839776 ], [ -60.877572, -23.839776 ], [ -60.875249, -23.841031 ], [ -60.872739, -23.842458 ], [ -60.870668, -23.844447 ], [ -60.869333, -23.846373 ], [ -60.867936, -23.848584 ], [ -60.865487, -23.848937 ], [ -60.861306, -23.847945 ], [ -60.857957, -23.851575 ], [ -60.856805, -23.853387 ], [ -60.854535, -23.853797 ], [ -60.852708, -23.855725 ], [ -60.85434, -23.858844 ], [ -60.854001, -23.863364 ], [ -60.85328, -23.865287 ], [ -60.849618, -23.867736 ], [ -60.844582, -23.8672 ], [ -60.841023, -23.867164 ], [ -60.837963, -23.86831 ], [ -60.835633, -23.868377 ], [ -60.835632, -23.868377 ], [ -60.831951, -23.868623 ], [ -60.825382, -23.86971 ], [ -60.820663, -23.870412 ], [ -60.818271, -23.870651 ], [ -60.807452, -23.868053 ], [ -60.805122, -23.86778 ], [ -60.802493, -23.869094 ], [ -60.800597, -23.870458 ], [ -60.79711, -23.872003 ], [ -60.794047, -23.872976 ], [ -60.791419, -23.873897 ], [ -60.789023, -23.873796 ], [ -60.786246, -23.870704 ], [ -60.775732, -23.870811 ], [ -60.771189, -23.870948 ], [ -60.765119, -23.871032 ], [ -60.761625, -23.871109 ], [ -60.759294, -23.871233 ], [ -60.75826, -23.873382 ], [ -60.756921, -23.875082 ], [ -60.753923, -23.876508 ], [ -60.753923, -23.876509 ], [ -60.751767, -23.875559 ], [ -60.747659, -23.875578 ], [ -60.745431, -23.876613 ], [ -60.743207, -23.874195 ], [ -60.741776, -23.871042 ], [ -60.736943, -23.873323 ], [ -60.733823, -23.875202 ], [ -60.73243, -23.878031 ], [ -60.73164, -23.879953 ], [ -60.726868, -23.882404 ], [ -60.721901, -23.882711 ], [ -60.718037, -23.883181 ], [ -60.71603, -23.882956 ], [ -60.71265, -23.881613 ], [ -60.71032, -23.881681 ], [ -60.710319, -23.881681 ], [ -60.709103, -23.883665 ], [ -60.707893, -23.886717 ], [ -60.704834, -23.888764 ], [ -60.699268, -23.892292 ], [ -60.697769, -23.89386 ], [ -60.695335, -23.896918 ], [ -60.693325, -23.900147 ], [ -60.691925, -23.902016 ], [ -60.691924, -23.902016 ], [ -60.686748, -23.898316 ], [ -60.683482, -23.896181 ], [ -60.680591, -23.89456 ], [ -60.677768, -23.894347 ], [ -60.67372, -23.894984 ], [ -60.669249, -23.897034 ], [ -60.667349, -23.897665 ], [ -60.665305, -23.897656 ], [ -60.65996, -23.896492 ], [ -60.657133, -23.896111 ], [ -60.655363, -23.898322 ], [ -60.65415, -23.901261 ], [ -60.652323, -23.903525 ], [ -60.648767, -23.904954 ], [ -60.643064, -23.90515 ], [ -60.638704, -23.905167 ], [ -60.635084, -23.905123 ], [ -60.628637, -23.904189 ], [ -60.625432, -23.903298 ], [ -60.619103, -23.901799 ], [ -60.61683, -23.901244 ], [ -60.612103, -23.900923 ], [ -60.610016, -23.90099 ], [ -60.607197, -23.902018 ], [ -60.602913, -23.904689 ], [ -60.602192, -23.907794 ], [ -60.602139, -23.909997 ], [ -60.601109, -23.912148 ], [ -60.595822, -23.910699 ], [ -60.59404, -23.909747 ], [ -60.592262, -23.91105 ], [ -60.590176, -23.911117 ], [ -60.587475, -23.910451 ], [ -60.585514, -23.911473 ], [ -60.584949, -23.91455 ], [ -60.588081, -23.915837 ], [ -60.588829, -23.918431 ], [ -60.589519, -23.921136 ], [ -60.59058, -23.925088 ], [ -60.590771, -23.927345 ], [ -60.589748, -23.931243 ], [ -60.589294, -23.938653 ], [ -60.588512, -23.941139 ], [ -60.586243, -23.942054 ], [ -60.580299, -23.944164 ], [ -60.577419, -23.945362 ], [ -60.575714, -23.948188 ], [ -60.578418, -23.949424 ], [ -60.581371, -23.950317 ], [ -60.584724, -23.952346 ], [ -60.578007, -23.953828 ], [ -60.578006, -23.953828 ], [ -60.574569, -23.954179 ], [ -60.571441, -23.954588 ], [ -60.569164, -23.953748 ], [ -60.563815, -23.951677 ], [ -60.561603, -23.950954 ], [ -60.558955, -23.949665 ], [ -60.556937, -23.950859 ], [ -60.554835, -23.95343 ], [ -60.554358, -23.956537 ], [ -60.553687, -23.958626 ], [ -60.553084, -23.961454 ], [ -60.549956, -23.961519 ], [ -60.546572, -23.9608 ], [ -60.544364, -23.96047 ], [ -60.540927, -23.960821 ], [ -60.540926, -23.960821 ], [ -60.533018, -23.963728 ], [ -60.530935, -23.964693 ], [ -60.527186, -23.964764 ], [ -60.527185, -23.964764 ], [ -60.523878, -23.965168 ], [ -60.519331, -23.965071 ], [ -60.514547, -23.96599 ], [ -60.512396, -23.966395 ], [ -60.512395, -23.966395 ], [ -60.508092, -23.967762 ], [ -60.504876, -23.966143 ], [ -60.501165, -23.962124 ], [ -60.499219, -23.96028 ], [ -60.494908, -23.956963 ], [ -60.487889, -23.951338 ], [ -60.485917, -23.949764 ], [ -60.482903, -23.94832 ], [ -60.475975, -23.948635 ], [ -60.468746, -23.951365 ], [ -60.459606, -23.954779 ], [ -60.457218, -23.955351 ], [ -60.453655, -23.95587 ], [ -60.444507, -23.959166 ], [ -60.440642, -23.960757 ], [ -60.436347, -23.962241 ], [ -60.433162, -23.964674 ], [ -60.429923, -23.968129 ], [ -60.42367, -23.975056 ], [ -60.419856, -23.977698 ], [ -60.412253, -23.981051 ], [ -60.409185, -23.982413 ], [ -60.404344, -23.984742 ], [ -60.400785, -23.986558 ], [ -60.391096, -23.990312 ], [ -60.389131, -23.991557 ], [ -60.387174, -23.993932 ], [ -60.38289, -23.999351 ], [ -60.378827, -24.011834 ], [ -60.373601, -24.018857 ], [ -60.365994, -24.017612 ], [ -60.361252, -24.016897 ], [ -60.359067, -24.016826 ], [ -60.355252, -24.018062 ], [ -60.352436, -24.019081 ], [ -60.348194, -24.018196 ], [ -60.345699, -24.017835 ], [ -60.341831, -24.018156 ], [ -60.339081, -24.018026 ], [ -60.334716, -24.017309 ], [ -60.330848, -24.017173 ], [ -60.327781, -24.018186 ], [ -60.327266, -24.020305 ], [ -60.326927, -24.024202 ], [ -60.324108, -24.026306 ], [ -60.310519, -24.031784 ], [ -60.297686, -24.036062 ], [ -60.290495, -24.037912 ], [ -60.274179, -24.040503 ], [ -60.266244, -24.04114 ], [ -60.241143, -24.040915 ], [ -60.218231, -24.040533 ], [ -60.196124, -24.040383 ], [ -60.178206, -24.040026 ], [ -60.165857, -24.038563 ], [ -60.147954, -24.036542 ], [ -60.118042, -24.029151 ], [ -60.104793, -24.023146 ], [ -60.1021, -24.01676 ], [ -60.100803, -24.014916 ], [ -60.088073, -24.02147 ], [ -60.080531, -24.012698 ], [ -60.070338, -24.00803 ], [ -60.060404, -24.008639 ], [ -60.040109, -24.00911 ], [ -60.037923, -24.011557 ], [ -60.000588, -24.032727 ], [ -59.959708, -24.055378 ], [ -59.853359, -24.114524 ], [ -59.737423, -24.180394 ], [ -59.474746, -24.333092 ], [ -59.472457, -24.333797 ], [ -59.470065, -24.336204 ], [ -59.469512, -24.338468 ], [ -59.470645, -24.341293 ], [ -59.472324, -24.343954 ], [ -59.472194, -24.346882 ], [ -59.471153, -24.349199 ], [ -59.469283, -24.350023 ], [ -59.467162, -24.352945 ], [ -59.464687, -24.353655 ], [ -59.462566, -24.354754 ], [ -59.460403, -24.354027 ], [ -59.459186, -24.355847 ], [ -59.458217, -24.357874 ], [ -59.458442, -24.361689 ], [ -59.459273, -24.364342 ], [ -59.460288, -24.366337 ], [ -59.458659, -24.368456 ], [ -59.457923, -24.370942 ], [ -59.45605, -24.372925 ], [ -59.453811, -24.373969 ], [ -59.451575, -24.374846 ], [ -59.448676, -24.376383 ], [ -59.447894, -24.378895 ], [ -59.446917, -24.381659 ], [ -59.445525, -24.383754 ], [ -59.443766, -24.385625 ], [ -59.44303, -24.388276 ], [ -59.440608, -24.389541 ], [ -59.438372, -24.390637 ], [ -59.43511, -24.39123 ], [ -59.43239, -24.392882 ], [ -59.429492, -24.393145 ], [ -59.429491, -24.393146 ], [ -59.426954, -24.394189 ], [ -59.425196, -24.395839 ], [ -59.424345, -24.397992 ], [ -59.423876, -24.400279 ], [ -59.422903, -24.402099 ], [ -59.423677, -24.404147 ], [ -59.42288, -24.406577 ], [ -59.420404, -24.408117 ], [ -59.417684, -24.40899 ], [ -59.41551, -24.409148 ], [ -59.413149, -24.411239 ], [ -59.410734, -24.410733 ], [ -59.407419, -24.410774 ], [ -59.404486, -24.411201 ], [ -59.404485, -24.411201 ], [ -59.401655, -24.410083 ], [ -59.398214, -24.410846 ], [ -59.396035, -24.41183 ], [ -59.39404, -24.412156 ], [ -59.392102, -24.413698 ], [ -59.390229, -24.414796 ], [ -59.388593, -24.416278 ], [ -59.386658, -24.4171 ], [ -59.384988, -24.418842 ], [ -59.382992, -24.419551 ], [ -59.38094, -24.420097 ], [ -59.378777, -24.418708 ], [ -59.375756, -24.419359 ], [ -59.373326, -24.422111 ], [ -59.374283, -24.424051 ], [ -59.373543, -24.427032 ], [ -59.37299, -24.429405 ], [ -59.372071, -24.432113 ], [ -59.370137, -24.433374 ], [ -59.37024, -24.435835 ], [ -59.369263, -24.438038 ], [ -59.368351, -24.440246 ], [ -59.367493, -24.442179 ], [ -59.367482, -24.444277 ], [ -59.36681, -24.446875 ], [ -59.366257, -24.448971 ], [ -59.363777, -24.449846 ], [ -59.361111, -24.451496 ], [ -59.359352, -24.452816 ], [ -59.359051, -24.455206 ], [ -59.359886, -24.457255 ], [ -59.357948, -24.458185 ], [ -59.357513, -24.460783 ], [ -59.35672, -24.462658 ], [ -59.356346, -24.464922 ], [ -59.355972, -24.466912 ], [ -59.355175, -24.469342 ], [ -59.353954, -24.471991 ], [ -59.353519, -24.475193 ], [ -59.353138, -24.477887 ], [ -59.3521, -24.480645 ], [ -59.349739, -24.482403 ], [ -59.347553, -24.483996 ], [ -59.34486, -24.485181 ], [ -59.34346, -24.487553 ], [ -59.34074, -24.488536 ], [ -59.337841, -24.488356 ], [ -59.335548, -24.488017 ], [ -59.333183, -24.489829 ], [ -59.330104, -24.490533 ], [ -59.328162, -24.491959 ], [ -59.325629, -24.491231 ], [ -59.323279, -24.490945 ], [ -59.320983, -24.490546 ], [ -59.319285, -24.492476 ], [ -59.318305, -24.494515 ], [ -59.316302, -24.496774 ], [ -59.315604, -24.499122 ], [ -59.313239, -24.500379 ], [ -59.310519, -24.501473 ], [ -59.308466, -24.50047 ], [ -59.306174, -24.500346 ], [ -59.305502, -24.50228 ], [ -59.303084, -24.502322 ], [ -59.301386, -24.503642 ], [ -59.300654, -24.50563 ], [ -59.298895, -24.507337 ], [ -59.297251, -24.509094 ], [ -59.297602, -24.511421 ], [ -59.295981, -24.513151 ], [ -59.293799, -24.514413 ], [ -59.291864, -24.515067 ], [ -59.289442, -24.515773 ], [ -59.287504, -24.516536 ], [ -59.284426, -24.516576 ], [ -59.284425, -24.516576 ], [ -59.281946, -24.517394 ], [ -59.279897, -24.516279 ], [ -59.277792, -24.515163 ], [ -59.275373, -24.515762 ], [ -59.273259, -24.515972 ], [ -59.271138, -24.516735 ], [ -59.269319, -24.517944 ], [ -59.26708, -24.518873 ], [ -59.267079, -24.518873 ], [ -59.264791, -24.518198 ], [ -59.262311, -24.518682 ], [ -59.260159, -24.518564 ], [ -59.258043, -24.518499 ], [ -59.258042, -24.518499 ], [ -59.256161, -24.520313 ], [ -59.25422, -24.522073 ], [ -59.253182, -24.524053 ], [ -59.251416, -24.526203 ], [ -59.25224, -24.52947 ], [ -59.251576, -24.531494 ], [ -59.248734, -24.531976 ], [ -59.247212, -24.53385 ], [ -59.245812, -24.535721 ], [ -59.244111, -24.537649 ], [ -59.243851, -24.540296 ], [ -59.24263, -24.542227 ], [ -59.24202, -24.544306 ], [ -59.239415, -24.545122 ], [ -59.236927, -24.547321 ], [ -59.234086, -24.547529 ], [ -59.234085, -24.547529 ], [ -59.232029, -24.548344 ], [ -59.228814, -24.547922 ], [ -59.228813, -24.547922 ], [ -59.227474, -24.549684 ], [ -59.227474, -24.549685 ], [ -59.225609, -24.548958 ], [ -59.22427, -24.550715 ], [ -59.221615, -24.550259 ], [ -59.219123, -24.552679 ], [ -59.215984, -24.55283 ], [ -59.213924, -24.553595 ], [ -59.211921, -24.554798 ], [ -59.209087, -24.553732 ], [ -59.206493, -24.553719 ], [ -59.206054, -24.555706 ], [ -59.204295, -24.557579 ], [ -59.20087, -24.559039 ], [ -59.198818, -24.55914 ], [ -59.198817, -24.55914 ], [ -59.19694, -24.560399 ], [ -59.194335, -24.56066 ], [ -59.190829, -24.561083 ], [ -59.188895, -24.561738 ], [ -59.185744, -24.562771 ], [ -59.184943, -24.565529 ], [ -59.183241, -24.566794 ], [ -59.180567, -24.569378 ], [ -59.181097, -24.571427 ], [ -59.180964, -24.573638 ], [ -59.179263, -24.57523 ], [ -59.178004, -24.576854 ], [ -59.176005, -24.577559 ], [ -59.174299, -24.579428 ], [ -59.172125, -24.579583 ], [ -59.170782, -24.581345 ], [ -59.167946, -24.58133 ], [ -59.166481, -24.583144 ], [ -59.164478, -24.584737 ], [ -59.164477, -24.584736 ], [ -59.164476, -24.584737 ], [ -59.162364, -24.584449 ], [ -59.159275, -24.586089 ], [ -59.156238, -24.588283 ], [ -59.156223, -24.59044 ], [ -59.155971, -24.592429 ], [ -59.154266, -24.593747 ], [ -59.154571, -24.596864 ], [ -59.152496, -24.599618 ], [ -59.1502, -24.59966 ], [ -59.150199, -24.59966 ], [ -59.148563, -24.60081 ], [ -59.1468, -24.60235 ], [ -59.144435, -24.603608 ], [ -59.141589, -24.604089 ], [ -59.139228, -24.604793 ], [ -59.139226, -24.604793 ], [ -59.136268, -24.604722 ], [ -59.13396, -24.606641 ], [ -59.132258, -24.60807 ], [ -59.131152, -24.610221 ], [ -59.130652, -24.612648 ], [ -59.131198, -24.614786 ], [ -59.129191, -24.616043 ], [ -59.126586, -24.617412 ], [ -59.126585, -24.617412 ], [ -59.126584, -24.617412 ], [ -59.123694, -24.61607 ], [ -59.122233, -24.617717 ], [ -59.120345, -24.619474 ], [ -59.116892, -24.621278 ], [ -59.114287, -24.621429 ], [ -59.111987, -24.622409 ], [ -59.111986, -24.622409 ], [ -59.111984, -24.62241 ], [ -59.109993, -24.621513 ], [ -59.10738, -24.620609 ], [ -59.105759, -24.619384 ], [ -59.103599, -24.616718 ], [ -59.100952, -24.615705 ], [ -59.097871, -24.615303 ], [ -59.095812, -24.615673 ], [ -59.093878, -24.616438 ], [ -59.093876, -24.616437 ], [ -59.093875, -24.616438 ], [ -59.091817, -24.616314 ], [ -59.089582, -24.616909 ], [ -59.087819, -24.618393 ], [ -59.085153, -24.61898 ], [ -59.082734, -24.619688 ], [ -59.08043, -24.619837 ], [ -59.07879, -24.62171 ], [ -59.077027, -24.622911 ], [ -59.075543, -24.624374 ], [ -59.072877, -24.625301 ], [ -59.069787, -24.626551 ], [ -59.067239, -24.628029 ], [ -59.067238, -24.628028 ], [ -59.067237, -24.628029 ], [ -59.06459, -24.62641 ], [ -59.06337, -24.628172 ], [ -59.060765, -24.628927 ], [ -59.057915, -24.629686 ], [ -59.056809, -24.632609 ], [ -59.054924, -24.634365 ], [ -59.054295, -24.637125 ], [ -59.052765, -24.639656 ], [ -59.05106, -24.641138 ], [ -59.048329, -24.643112 ], [ -59.045258, -24.643679 ], [ -59.045256, -24.643679 ], [ -59.041516, -24.643656 ], [ -59.041515, -24.643656 ], [ -59.037334, -24.644455 ], [ -59.035026, -24.646155 ], [ -59.033382, -24.648243 ], [ -59.031547, -24.65028 ], [ -59.031471, -24.652325 ], [ -59.029281, -24.654631 ], [ -59.027091, -24.656111 ], [ -59.025657, -24.657736 ], [ -59.023288, -24.65866 ], [ -59.020503, -24.659251 ], [ -59.017963, -24.659508 ], [ -59.017962, -24.659508 ], [ -59.017961, -24.659508 ], [ -59.014279, -24.659264 ], [ -59.01241, -24.657926 ], [ -59.010238, -24.658299 ], [ -59.007628, -24.65889 ], [ -59.004428, -24.659312 ], [ -59.000899, -24.66183 ], [ -58.998713, -24.662699 ], [ -58.996478, -24.662738 ], [ -58.996476, -24.662738 ], [ -58.993702, -24.661835 ], [ -58.98885, -24.660588 ], [ -58.986031, -24.658197 ], [ -58.983671, -24.658896 ], [ -58.98155, -24.659051 ], [ -58.979131, -24.659364 ], [ -58.975618, -24.66039 ], [ -58.973013, -24.661036 ], [ -58.970579, -24.66273 ], [ -58.96972, -24.665185 ], [ -58.968843, -24.668555 ], [ -58.967985, -24.670426 ], [ -58.965013, -24.671399 ], [ -58.962831, -24.672105 ], [ -58.960157, -24.673799 ], [ -58.95749, -24.674718 ], [ -58.955362, -24.675755 ], [ -58.955361, -24.675755 ], [ -58.955359, -24.675756 ], [ -58.952393, -24.674774 ], [ -58.949895, -24.677079 ], [ -58.947282, -24.678609 ], [ -58.943528, -24.679246 ], [ -58.941506, -24.682384 ], [ -58.939732, -24.684745 ], [ -58.935311, -24.685932 ], [ -58.933544, -24.68741 ], [ -58.92965, -24.68976 ], [ -58.928307, -24.691299 ], [ -58.928227, -24.693784 ], [ -58.925552, -24.695146 ], [ -58.923008, -24.695793 ], [ -58.923007, -24.695792 ], [ -58.923006, -24.695793 ], [ -58.920595, -24.695333 ], [ -58.918175, -24.695314 ], [ -58.91571, -24.696872 ], [ -58.913097, -24.698898 ], [ -58.910904, -24.70104 ], [ -58.90847, -24.702457 ], [ -58.908468, -24.702457 ], [ -58.906379, -24.70236 ], [ -58.903682, -24.703749 ], [ -58.903468, -24.70701 ], [ -58.901283, -24.708322 ], [ -58.898193, -24.709185 ], [ -58.896117, -24.710716 ], [ -58.893455, -24.713594 ], [ -58.891028, -24.714849 ], [ -58.888171, -24.716652 ], [ -58.88621, -24.719124 ], [ -58.884616, -24.721934 ], [ -58.884223, -24.724972 ], [ -58.882884, -24.726988 ], [ -58.881774, -24.729689 ], [ -58.879878, -24.731665 ], [ -58.876975, -24.731972 ], [ -58.876973, -24.731972 ], [ -58.874016, -24.730898 ], [ -58.871865, -24.7279 ], [ -58.868848, -24.72716 ], [ -58.86685, -24.72764 ], [ -58.863939, -24.728394 ], [ -58.859655, -24.730502 ], [ -58.857176, -24.731146 ], [ -58.855947, -24.732907 ], [ -58.8537, -24.733887 ], [ -58.852117, -24.735255 ], [ -58.849696, -24.735291 ], [ -58.849695, -24.735291 ], [ -58.847089, -24.735989 ], [ -58.845979, -24.73852 ], [ -58.841363, -24.741284 ], [ -58.83965, -24.742985 ], [ -58.835576, -24.745274 ], [ -58.833139, -24.747687 ], [ -58.829358, -24.75162 ], [ -58.827893, -24.7536 ], [ -58.82684, -24.755748 ], [ -58.825791, -24.757897 ], [ -58.824437, -24.760537 ], [ -58.821645, -24.761291 ], [ -58.819226, -24.761823 ], [ -58.817093, -24.763024 ], [ -58.814614, -24.764323 ], [ -58.811928, -24.766345 ], [ -58.809044, -24.770745 ], [ -58.806443, -24.771114 ], [ -58.804066, -24.772416 ], [ -58.804065, -24.772416 ], [ -58.804064, -24.772416 ], [ -58.801169, -24.771951 ], [ -58.798693, -24.771051 ], [ -58.795788, -24.771579 ], [ -58.79311, -24.771711 ], [ -58.790432, -24.773513 ], [ -58.786857, -24.774146 ], [ -58.78389, -24.774236 ], [ -58.783887, -24.774236 ], [ -58.781294, -24.77333 ], [ -58.777179, -24.773517 ], [ -58.775115, -24.77444 ], [ -58.775114, -24.77444 ], [ -58.775113, -24.77444 ], [ -58.772031, -24.774192 ], [ -58.769617, -24.773122 ], [ -58.766956, -24.773542 ], [ -58.766954, -24.773542 ], [ -58.766953, -24.773542 ], [ -58.764594, -24.773361 ], [ -58.762164, -24.774721 ], [ -58.759253, -24.775194 ], [ -58.756407, -24.775558 ], [ -58.754408, -24.775762 ], [ -58.752524, -24.776741 ], [ -58.749216, -24.778143 ], [ -58.746908, -24.77923 ], [ -58.744002, -24.779647 ], [ -58.744001, -24.779647 ], [ -58.744, -24.779647 ], [ -58.740067, -24.779279 ], [ -58.738327, -24.777776 ], [ -58.73513, -24.776865 ], [ -58.733398, -24.775135 ], [ -58.732448, -24.77297 ], [ -58.730212, -24.773063 ], [ -58.73021, -24.773063 ], [ -58.730209, -24.773063 ], [ -58.727548, -24.77304 ], [ -58.7254, -24.77606 ], [ -58.722219, -24.779463 ], [ -58.71935, -24.78323 ], [ -58.717981, -24.787252 ], [ -58.715429, -24.788057 ], [ -58.713536, -24.789701 ], [ -58.71388, -24.791803 ], [ -58.714036, -24.794346 ], [ -58.712075, -24.796431 ], [ -58.710004, -24.798382 ], [ -58.710569, -24.8022 ], [ -58.71103, -24.804356 ], [ -58.710824, -24.806679 ], [ -58.709104, -24.809538 ], [ -58.707334, -24.81085 ], [ -58.705014, -24.812708 ], [ -58.702982, -24.812884 ], [ -58.702981, -24.812883 ], [ -58.702979, -24.812884 ], [ -58.699958, -24.81247 ], [ -58.696578, -24.811669 ], [ -58.69406, -24.809269 ], [ -58.691276, -24.808855 ], [ -58.68916, -24.809004 ], [ -58.686661, -24.810639 ], [ -58.684216, -24.813271 ], [ -58.683167, -24.815085 ], [ -58.681629, -24.817559 ], [ -58.681423, -24.819605 ], [ -58.680225, -24.824072 ], [ -58.678085, -24.82626 ], [ -58.675961, -24.828322 ], [ -58.674244, -24.83013 ], [ -58.674242, -24.83013 ], [ -58.671522, -24.829884 ], [ -58.669039, -24.829863 ], [ -58.666632, -24.829011 ], [ -58.66402, -24.829652 ], [ -58.661541, -24.829795 ], [ -58.661539, -24.829795 ], [ -58.65907, -24.829774 ], [ -58.657152, -24.827708 ], [ -58.654203, -24.826079 ], [ -58.651624, -24.824011 ], [ -58.649461, -24.822778 ], [ -58.646491, -24.823414 ], [ -58.642936, -24.82548 ], [ -58.63959, -24.826722 ], [ -58.637046, -24.82692 ], [ -58.634684, -24.827342 ], [ -58.634682, -24.827342 ], [ -58.631897, -24.827315 ], [ -58.630212, -24.826196 ], [ -58.627306, -24.826609 ], [ -58.625288, -24.82836 ], [ -58.621902, -24.828439 ], [ -58.621901, -24.828439 ], [ -58.621899, -24.828439 ], [ -58.619057, -24.82797 ], [ -58.61706, -24.828118 ], [ -58.614328, -24.828977 ], [ -58.612261, -24.829568 ], [ -58.612261, -24.829567 ], [ -58.612259, -24.829568 ], [ -58.6101, -24.827945 ], [ -58.605773, -24.828235 ], [ -58.605772, -24.828234 ], [ -58.60577, -24.828235 ], [ -58.604152, -24.826508 ], [ -58.601627, -24.824992 ], [ -58.598016, -24.82341 ], [ -58.596727, -24.825165 ], [ -58.596725, -24.825165 ], [ -58.596725, -24.825166 ], [ -58.593648, -24.824529 ], [ -58.591268, -24.825999 ], [ -58.591268, -24.825998 ], [ -58.591266, -24.825999 ], [ -58.589473, -24.824267 ], [ -58.587184, -24.823253 ], [ -58.585746, -24.821692 ], [ -58.584376, -24.820186 ], [ -58.581657, -24.819776 ], [ -58.578118, -24.82096 ], [ -58.578117, -24.820959 ], [ -58.578116, -24.82096 ], [ -58.575404, -24.820159 ], [ -58.572315, -24.820075 ], [ -58.570011, -24.820716 ], [ -58.568066, -24.821637 ], [ -58.565624, -24.823106 ], [ -58.563976, -24.824801 ], [ -58.561108, -24.826543 ], [ -58.559166, -24.827025 ], [ -58.557507, -24.828993 ], [ -58.557505, -24.828993 ], [ -58.557505, -24.828994 ], [ -58.554381, -24.827308 ], [ -58.552257, -24.827563 ], [ -58.550308, -24.828817 ], [ -58.547866, -24.830617 ], [ -58.545856, -24.831594 ], [ -58.544742, -24.833682 ], [ -58.543144, -24.835986 ], [ -58.54066, -24.837867 ], [ -58.538768, -24.839395 ], [ -58.536697, -24.84048 ], [ -58.534252, -24.842393 ], [ -58.53425, -24.842393 ], [ -58.534249, -24.842393 ], [ -58.532073, -24.842092 ], [ -58.530303, -24.843736 ], [ -58.529792, -24.845775 ], [ -58.52801, -24.848077 ], [ -58.526298, -24.849553 ], [ -58.526297, -24.849553 ], [ -58.526296, -24.849554 ], [ -58.52377, -24.848089 ], [ -58.521672, -24.846525 ], [ -58.519124, -24.845399 ], [ -58.51775, -24.843616 ], [ -58.516504, -24.841614 ], [ -58.514239, -24.843856 ], [ -58.514238, -24.843855 ], [ -58.514237, -24.843856 ], [ -58.512559, -24.842572 ], [ -58.511149, -24.8441 ], [ -58.509016, -24.845243 ], [ -58.507242, -24.84699 ], [ -58.504511, -24.847406 ], [ -58.503576, -24.849332 ], [ -58.502707, -24.851843 ], [ -58.500547, -24.852068 ], [ -58.497866, -24.853124 ], [ -58.49621, -24.855049 ], [ -58.496208, -24.855049 ], [ -58.493282, -24.854954 ], [ -58.490201, -24.854221 ], [ -58.486028, -24.855661 ], [ -58.483819, -24.85734 ], [ -58.483818, -24.85734 ], [ -58.483817, -24.85734 ], [ -58.47907, -24.85726 ], [ -58.474748, -24.857813 ], [ -58.471414, -24.859119 ], [ -58.46906, -24.860672 ], [ -58.467687, -24.862595 ], [ -58.466451, -24.864389 ], [ -58.462842, -24.865824 ], [ -58.460606, -24.865976 ], [ -58.457413, -24.867407 ], [ -58.454663, -24.870619 ], [ -58.451893, -24.872809 ], [ -58.44941, -24.87525 ], [ -58.449408, -24.87525 ], [ -58.445079, -24.875166 ], [ -58.442848, -24.875315 ], [ -58.439255, -24.878409 ], [ -58.438019, -24.880329 ], [ -58.437218, -24.883393 ], [ -58.435142, -24.884816 ], [ -58.433342, -24.886107 ], [ -58.431133, -24.888672 ], [ -58.428245, -24.89214 ], [ -58.426727, -24.894063 ], [ -58.426204, -24.897128 ], [ -58.426113, -24.901078 ], [ -58.432545, -24.901904 ], [ -58.434692, -24.906216 ], [ -58.435879, -24.912442 ], [ -58.43454, -24.917424 ], [ -58.432484, -24.920756 ], [ -58.429298, -24.922948 ], [ -58.426925, -24.923228 ], [ -58.422734, -24.923268 ], [ -58.422731, -24.923268 ], [ -58.418821, -24.923049 ], [ -58.415046, -24.922506 ], [ -58.412131, -24.924064 ], [ -58.411464, -24.926746 ], [ -58.409398, -24.929185 ], [ -58.407311, -24.929971 ], [ -58.406499, -24.932145 ], [ -58.405271, -24.934707 ], [ -58.405175, -24.938274 ], [ -58.403523, -24.940586 ], [ -58.402284, -24.94238 ], [ -58.400777, -24.944686 ], [ -58.397855, -24.945987 ], [ -58.396344, -24.948551 ], [ -58.395531, -24.950599 ], [ -58.393826, -24.952835 ], [ -58.391884, -24.954252 ], [ -58.388543, -24.955177 ], [ -58.385609, -24.95533 ], [ -58.383103, -24.95599 ], [ -58.380192, -24.957931 ], [ -58.376286, -24.958603 ], [ -58.374199, -24.959133 ], [ -58.373241, -24.961056 ], [ -58.369625, -24.96236 ], [ -58.366848, -24.963917 ], [ -58.364067, -24.965342 ], [ -58.361709, -24.967018 ], [ -58.357818, -24.968842 ], [ -58.35559, -24.969372 ], [ -58.35268, -24.971563 ], [ -58.351302, -24.97336 ], [ -58.349235, -24.975928 ], [ -58.348991, -24.979368 ], [ -58.348068, -24.983967 ], [ -58.346152, -24.987933 ], [ -58.344518, -24.991279 ], [ -58.343964, -24.992413 ], [ -58.342877, -24.995228 ], [ -58.3401, -24.996653 ], [ -58.337601, -24.998332 ], [ -58.335233, -24.998864 ], [ -58.335232, -24.998863 ], [ -58.335227, -24.998864 ], [ -58.333937, -24.996071 ], [ -58.330298, -24.995211 ], [ -58.328322, -24.993319 ], [ -58.327044, -24.991292 ], [ -58.326445, -24.987858 ], [ -58.323363, -24.987118 ], [ -58.320322, -24.985362 ], [ -58.318636, -24.983973 ], [ -58.3165, -24.980681 ], [ -58.314947, -24.979037 ], [ -58.311857, -24.977408 ], [ -58.309328, -24.976159 ], [ -58.307489, -24.974135 ], [ -58.306352, -24.972489 ], [ -58.304105, -24.97123 ], [ -58.300737, -24.969603 ], [ -58.298345, -24.967968 ], [ -58.29902, -24.965796 ], [ -58.296769, -24.964285 ], [ -58.293672, -24.961893 ], [ -58.291288, -24.961277 ], [ -58.29112, -24.958471 ], [ -58.291787, -24.955412 ], [ -58.287152, -24.953028 ], [ -58.284489, -24.952541 ], [ -58.281964, -24.951542 ], [ -58.280408, -24.949646 ], [ -58.27871, -24.947749 ], [ -58.276068, -24.948029 ], [ -58.276068, -24.948028 ], [ -58.276063, -24.948029 ], [ -58.274788, -24.946383 ], [ -58.272244, -24.943598 ], [ -58.269142, -24.940821 ], [ -58.266865, -24.939478 ], [ -58.264328, -24.937206 ], [ -58.262085, -24.936205 ], [ -58.260242, -24.933798 ], [ -58.258819, -24.931007 ], [ -58.256702, -24.928985 ], [ -58.253347, -24.928377 ], [ -58.249581, -24.928791 ], [ -58.249578, -24.928791 ], [ -58.249576, -24.928791 ], [ -58.245941, -24.928566 ], [ -58.245075, -24.925644 ], [ -58.242545, -24.924261 ], [ -58.238907, -24.923529 ], [ -58.23668, -24.923673 ], [ -58.234445, -24.923693 ], [ -58.234444, -24.923692 ], [ -58.234439, -24.923693 ], [ -58.232339, -24.922948 ], [ -58.229001, -24.923862 ], [ -58.228997, -24.923862 ], [ -58.228995, -24.923862 ], [ -58.225646, -24.923512 ], [ -58.223702, -24.924417 ], [ -58.221066, -24.926605 ], [ -58.219269, -24.928022 ], [ -58.218598, -24.931341 ], [ -58.219608, -24.934519 ], [ -58.220745, -24.936167 ], [ -58.221043, -24.938204 ], [ -58.21925, -24.940638 ], [ -58.216469, -24.941679 ], [ -58.213268, -24.943236 ], [ -58.215302, -24.950865 ], [ -58.211533, -24.951279 ], [ -58.207485, -24.951695 ], [ -58.205257, -24.952734 ], [ -58.20346, -24.954531 ], [ -58.200256, -24.955702 ], [ -58.198616, -24.959029 ], [ -58.197826, -24.964263 ], [ -58.196178, -24.966824 ], [ -58.193393, -24.968247 ], [ -58.190341, -24.970437 ], [ -58.185028, -24.970101 ], [ -58.181388, -24.969493 ], [ -58.178473, -24.971173 ], [ -58.175677, -24.97132 ], [ -58.17345, -24.971722 ], [ -58.171481, -24.97046 ], [ -58.16928, -24.969548 ], [ -58.167182, -24.969821 ], [ -58.165392, -24.97238 ], [ -58.165137, -24.974933 ], [ -58.161089, -24.975348 ], [ -58.157721, -24.974229 ], [ -58.155512, -24.976539 ], [ -58.156237, -24.979592 ], [ -58.152773, -24.982549 ], [ -58.150133, -24.984483 ], [ -58.148619, -24.986787 ], [ -58.146547, -24.989095 ], [ -58.142923, -24.990527 ], [ -58.142115, -24.993463 ], [ -58.141439, -24.995891 ], [ -58.140341, -24.998193 ], [ -58.138689, -24.999374 ], [ -58.137064, -25.001815 ], [ -58.136408, -25.00394 ], [ -58.138204, -25.005205 ], [ -58.13611, -25.008632 ], [ -58.13265, -25.010034 ], [ -58.130231, -25.01045 ], [ -58.129621, -25.012531 ], [ -58.125997, -25.013132 ], [ -58.124193, -25.011381 ], [ -58.121385, -25.011358 ], [ -58.118962, -25.011511 ], [ -58.119138, -25.013576 ], [ -58.118879, -25.016359 ], [ -58.116903, -25.01774 ], [ -58.11477, -25.017097 ], [ -58.112901, -25.018074 ], [ -58.111825, -25.014967 ], [ -58.110135, -25.013689 ], [ -58.107575, -25.014326 ], [ -58.10809, -25.012071 ], [ -58.106507, -25.010624 ], [ -58.10463, -25.011875 ], [ -58.101407, -25.011913 ], [ -58.098443, -25.01267 ], [ -58.096718, -25.009063 ], [ -58.095009, -25.007578 ], [ -58.093132, -25.008472 ], [ -58.091141, -25.007913 ], [ -58.090779, -25.01065 ], [ -58.086922, -25.011152 ], [ -58.088944, -25.01395 ], [ -58.084946, -25.013609 ], [ -58.084576, -25.015682 ], [ -58.084839, -25.017933 ], [ -58.083363, -25.021683 ], [ -58.079922, -25.020222 ], [ -58.078823, -25.022079 ], [ -58.080505, -25.023588 ], [ -58.08033, -25.025629 ], [ -58.077629, -25.026831 ], [ -58.078472, -25.028896 ], [ -58.07888, -25.031633 ], [ -58.077156, -25.03273 ], [ -58.07695, -25.036747 ], [ -58.074928, -25.036955 ], [ -58.072811, -25.039381 ], [ -58.070976, -25.04032 ], [ -58.071914, -25.042475 ], [ -58.069492, -25.042317 ], [ -58.06681, -25.039776 ], [ -58.064308, -25.040327 ], [ -58.062118, -25.039196 ], [ -58.060626, -25.04053 ], [ -58.059684, -25.04292 ], [ -58.057605, -25.042858 ], [ -58.055831, -25.041201 ], [ -58.054809, -25.03855 ], [ -58.052341, -25.038435 ], [ -58.050258, -25.038847 ], [ -58.049224, -25.036648 ], [ -58.047355, -25.037632 ], [ -58.047507, -25.03991 ], [ -58.045211, -25.041619 ], [ -58.043265, -25.040703 ], [ -58.041037, -25.040854 ], [ -58.037947, -25.040347 ], [ -58.037535, -25.038233 ], [ -58.035368, -25.038651 ], [ -58.034384, -25.036892 ], [ -58.032118, -25.034172 ], [ -58.02986, -25.034319 ], [ -58.02867, -25.036358 ], [ -58.026121, -25.037081 ], [ -58.024138, -25.037491 ], [ -58.024256, -25.039607 ], [ -58.022219, -25.039315 ], [ -58.019983, -25.038184 ], [ -58.017858, -25.038857 ], [ -58.016615, -25.040766 ], [ -58.014322, -25.038765 ], [ -58.01124, -25.038804 ], [ -58.010832, -25.036246 ], [ -58.008497, -25.034718 ], [ -58.006551, -25.033495 ], [ -58.005308, -25.035399 ], [ -58.003229, -25.036519 ], [ -58.005228, -25.037873 ], [ -58.004327, -25.039771 ], [ -58.004346, -25.042153 ], [ -58.004121, -25.044448 ], [ -58.002488, -25.045781 ], [ -58.002942, -25.04803 ], [ -58.001989, -25.050086 ], [ -57.998281, -25.052493 ], [ -57.997476, -25.054398 ], [ -57.998647, -25.056155 ], [ -57.996728, -25.058154 ], [ -57.998098, -25.059911 ], [ -57.999902, -25.061221 ], [ -57.999486, -25.063516 ], [ -58.001447, -25.065867 ], [ -58.000593, -25.068122 ], [ -58.000661, -25.070548 ], [ -57.999959, -25.072936 ], [ -57.998201, -25.071229 ], [ -57.996518, -25.072738 ], [ -57.994943, -25.07521 ], [ -57.99159, -25.073602 ], [ -57.991124, -25.076163 ], [ -57.99022, -25.078243 ], [ -57.988587, -25.079755 ], [ -57.986371, -25.079761 ], [ -57.984982, -25.081977 ], [ -57.982457, -25.081331 ], [ -57.98082, -25.082534 ], [ -57.977967, -25.083085 ], [ -57.976144, -25.084771 ], [ -57.97421, -25.083999 ], [ -57.975354, -25.082095 ], [ -57.97326, -25.080787 ], [ -57.973259, -25.080787 ], [ -57.97094, -25.081285 ], [ -57.969136, -25.079929 ], [ -57.969945, -25.078069 ], [ -57.970849, -25.076068 ], [ -57.968716, -25.075608 ], [ -57.965008, -25.075315 ], [ -57.963065, -25.074512 ], [ -57.963064, -25.074512 ], [ -57.961188, -25.075847 ], [ -57.960448, -25.073865 ], [ -57.957228, -25.071578 ], [ -57.956484, -25.075217 ], [ -57.954058, -25.074172 ], [ -57.953295, -25.076074 ], [ -57.954195, -25.078708 ], [ -57.951868, -25.078281 ], [ -57.948755, -25.076843 ], [ -57.945944, -25.076202 ], [ -57.943567, -25.075906 ], [ -57.943697, -25.073787 ], [ -57.944311, -25.071843 ], [ -57.942358, -25.070001 ], [ -57.942357, -25.070001 ], [ -57.940339, -25.071471 ], [ -57.93836, -25.072761 ], [ -57.935415, -25.071321 ], [ -57.935414, -25.071321 ], [ -57.932241, -25.073383 ], [ -57.932691, -25.075364 ], [ -57.930471, -25.076701 ], [ -57.928331, -25.075569 ], [ -57.92833, -25.075569 ], [ -57.926007, -25.075714 ], [ -57.925073, -25.073648 ], [ -57.924188, -25.071843 ], [ -57.924187, -25.071844 ], [ -57.924187, -25.071843 ], [ -57.922211, -25.072782 ], [ -57.920285, -25.074518 ], [ -57.918309, -25.075675 ], [ -57.916085, -25.076042 ], [ -57.914666, -25.074462 ], [ -57.912438, -25.074209 ], [ -57.910779, -25.073072 ], [ -57.910778, -25.073072 ], [ -57.908406, -25.073041 ], [ -57.906376, -25.072124 ], [ -57.905609, -25.076454 ], [ -57.90131, -25.077671 ], [ -57.899231, -25.077905 ], [ -57.896129, -25.080732 ], [ -57.892235, -25.079591 ], [ -57.889095, -25.076553 ], [ -57.887298, -25.075286 ], [ -57.885109, -25.074285 ], [ -57.885108, -25.074285 ], [ -57.882743, -25.075269 ], [ -57.880882, -25.076643 ], [ -57.878337, -25.079483 ], [ -57.876308, -25.079761 ], [ -57.873458, -25.081367 ], [ -57.872573, -25.079387 ], [ -57.870692, -25.080454 ], [ -57.870414, -25.082752 ], [ -57.867133, -25.081667 ], [ -57.8651, -25.082517 ], [ -57.860984, -25.082037 ], [ -57.860983, -25.082037 ], [ -57.858111, -25.085098 ], [ -57.860163, -25.087913 ], [ -57.858141, -25.089414 ], [ -57.85607, -25.090837 ], [ -57.85409, -25.092173 ], [ -57.851527, -25.092407 ], [ -57.852652, -25.094343 ], [ -57.854361, -25.095966 ], [ -57.851992, -25.096598 ], [ -57.849428, -25.097475 ], [ -57.849245, -25.099592 ], [ -57.847902, -25.10132 ], [ -57.849238, -25.104811 ], [ -57.85134, -25.108097 ], [ -57.848208, -25.109339 ], [ -57.845789, -25.110012 ], [ -57.84498, -25.112223 ], [ -57.846831, -25.113449 ], [ -57.84907, -25.114939 ], [ -57.84487, -25.117125 ], [ -57.840933, -25.120032 ], [ -57.840319, -25.121975 ], [ -57.839651, -25.124043 ], [ -57.835649, -25.126814 ], [ -57.836924, -25.128663 ], [ -57.836351, -25.130606 ], [ -57.833979, -25.130528 ], [ -57.833041, -25.128066 ], [ -57.830519, -25.127551 ], [ -57.830518, -25.127551 ], [ -57.83029, -25.12958 ], [ -57.827715, -25.130545 ], [ -57.823843, -25.13371 ], [ -57.824392, -25.135823 ], [ -57.824598, -25.137984 ], [ -57.823595, -25.139754 ], [ -57.821512, -25.140208 ], [ -57.818212, -25.139121 ], [ -57.817689, -25.141244 ], [ -57.815316, -25.14174 ], [ -57.813981, -25.144175 ], [ -57.811925, -25.145207 ], [ -57.810678, -25.143178 ], [ -57.809888, -25.141152 ], [ -57.807344, -25.14107 ], [ -57.807343, -25.14107 ], [ -57.805703, -25.142226 ], [ -57.805913, -25.144433 ], [ -57.803979, -25.145017 ], [ -57.802205, -25.148027 ], [ -57.799444, -25.147996 ], [ -57.799443, -25.147996 ], [ -57.79741, -25.147918 ], [ -57.795132, -25.148814 ], [ -57.790177, -25.151862 ], [ -57.786828, -25.150479 ], [ -57.784737, -25.15027 ], [ -57.782807, -25.15125 ], [ -57.780629, -25.150994 ], [ -57.780629, -25.150995 ], [ -57.780628, -25.150994 ], [ -57.779034, -25.15237 ], [ -57.776966, -25.154412 ], [ -57.777901, -25.156616 ], [ -57.775944, -25.158372 ], [ -57.775665, -25.160846 ], [ -57.773495, -25.162622 ], [ -57.771362, -25.162811 ], [ -57.770698, -25.164844 ], [ -57.770031, -25.166744 ], [ -57.770004, -25.169525 ], [ -57.768124, -25.171474 ], [ -57.765835, -25.169721 ], [ -57.765834, -25.169721 ], [ -57.763851, -25.169998 ], [ -57.761428, -25.170497 ], [ -57.761779, -25.17288 ], [ -57.760604, -25.17493 ], [ -57.758518, -25.174678 ], [ -57.755569, -25.176765 ], [ -57.754734, -25.174562 ], [ -57.754734, -25.174563 ], [ -57.754733, -25.174562 ], [ -57.752807, -25.176916 ], [ -57.753558, -25.180395 ], [ -57.755554, -25.181621 ], [ -57.757739, -25.182693 ], [ -57.759296, -25.184452 ], [ -57.758682, -25.186571 ], [ -57.757675, -25.188341 ], [ -57.755252, -25.189108 ], [ -57.753181, -25.190485 ], [ -57.755073, -25.192005 ], [ -57.756973, -25.193363 ], [ -57.756355, -25.195619 ], [ -57.754025, -25.194967 ], [ -57.751549, -25.193878 ], [ -57.751548, -25.193878 ], [ -57.749911, -25.195299 ], [ -57.749824, -25.197462 ], [ -57.749938, -25.199669 ], [ -57.751109, -25.201689 ], [ -57.753055, -25.203426 ], [ -57.750537, -25.204056 ], [ -57.749141, -25.205523 ], [ -57.750217, -25.207371 ], [ -57.752067, -25.208286 ], [ -57.752068, -25.208286 ], [ -57.753803, -25.206955 ], [ -57.756229, -25.207029 ], [ -57.758083, -25.208698 ], [ -57.75737, -25.210909 ], [ -57.756481, -25.213314 ], [ -57.758369, -25.214596 ], [ -57.760723, -25.215592 ], [ -57.759269, -25.219137 ], [ -57.757183, -25.218529 ], [ -57.755047, -25.218233 ], [ -57.755047, -25.218234 ], [ -57.755046, -25.218233 ], [ -57.754669, -25.220618 ], [ -57.751739, -25.223183 ], [ -57.752342, -25.226046 ], [ -57.750305, -25.226368 ], [ -57.748081, -25.227391 ], [ -57.745552, -25.226391 ], [ -57.745552, -25.226392 ], [ -57.745551, -25.226391 ], [ -57.744983, -25.228688 ], [ -57.746257, -25.230668 ], [ -57.74293, -25.232033 ], [ -57.74401, -25.234456 ], [ -57.742519, -25.235877 ], [ -57.740383, -25.235886 ], [ -57.738437, -25.235192 ], [ -57.737404, -25.232281 ], [ -57.737403, -25.232282 ], [ -57.737403, -25.232281 ], [ -57.735961, -25.234275 ], [ -57.735926, -25.23688 ], [ -57.738559, -25.238631 ], [ -57.7405, -25.240359 ], [ -57.738528, -25.241614 ], [ -57.736934, -25.243081 ], [ -57.736365, -25.245025 ], [ -57.737685, -25.246959 ], [ -57.73944, -25.248759 ], [ -57.741489, -25.250474 ], [ -57.740527, -25.252328 ], [ -57.737758, -25.251725 ], [ -57.735473, -25.250588 ], [ -57.733913, -25.248923 ], [ -57.731979, -25.246671 ], [ -57.729057, -25.245141 ], [ -57.729056, -25.245141 ], [ -57.72758, -25.249165 ], [ -57.727595, -25.252032 ], [ -57.725505, -25.251691 ], [ -57.725504, -25.251691 ], [ -57.723326, -25.251832 ], [ -57.723536, -25.254128 ], [ -57.725722, -25.25566 ], [ -57.725723, -25.25566 ], [ -57.727516, -25.254727 ], [ -57.730033, -25.254272 ], [ -57.730628, -25.256562 ], [ -57.729087, -25.257852 ], [ -57.726958, -25.259185 ], [ -57.725764, -25.261212 ], [ -57.724715, -25.263953 ], [ -57.722636, -25.264802 ], [ -57.720008, -25.263578 ], [ -57.720007, -25.263578 ], [ -57.718611, -25.26526 ], [ -57.716105, -25.267478 ], [ -57.713194, -25.268157 ], [ -57.710043, -25.268348 ], [ -57.707087, -25.268407 ], [ -57.703482, -25.268266 ], [ -57.702837, -25.271839 ], [ -57.702734, -25.274028 ], [ -57.703379, -25.278436 ], [ -57.698206, -25.280639 ], [ -57.695253, -25.282081 ], [ -57.693441, -25.283271 ], [ -57.692648, -25.285555 ], [ -57.693044, -25.287862 ], [ -57.695482, -25.290844 ], [ -57.696596, -25.293249 ], [ -57.698309, -25.295028 ], [ -57.701826, -25.296207 ], [ -57.704306, -25.296575 ], [ -57.702486, -25.29874 ], [ -57.701067, -25.300238 ], [ -57.697748, -25.300728 ], [ -57.697851, -25.30273 ], [ -57.696626, -25.305019 ], [ -57.696134, -25.30759 ], [ -57.69745, -25.310925 ], [ -57.697725, -25.313171 ], [ -57.697004, -25.315268 ], [ -57.697214, -25.318363 ], [ -57.694444, -25.318728 ], [ -57.691408, -25.318743 ], [ -57.690988, -25.321083 ], [ -57.690546, -25.323305 ], [ -57.689256, -25.32556 ], [ -57.686728, -25.325409 ], [ -57.686727, -25.325409 ], [ -57.68448, -25.326136 ], [ -57.683458, -25.32791 ], [ -57.68205, -25.329365 ], [ -57.68036, -25.331377 ], [ -57.679529, -25.333251 ], [ -57.678716, -25.335885 ], [ -57.676676, -25.335822 ], [ -57.676675, -25.335822 ], [ -57.676686, -25.338183 ], [ -57.675309, -25.339936 ], [ -57.674409, -25.342652 ], [ -57.671975, -25.342971 ], [ -57.670308, -25.345059 ], [ -57.670808, -25.34841 ], [ -57.669103, -25.349835 ], [ -57.665181, -25.351365 ], [ -57.661107, -25.356221 ], [ -57.65738, -25.360074 ], [ -57.653462, -25.362069 ], [ -57.65038, -25.365323 ], [ -57.648877, -25.369594 ], [ -57.645909, -25.377584 ], [ -57.643074, -25.380634 ], [ -57.638001, -25.383584 ], [ -57.634796, -25.384695 ], [ -57.628277, -25.386081 ], [ -57.621117, -25.385791 ], [ -57.621116, -25.385791 ], [ -57.616283, -25.387333 ], [ -57.614028, -25.388488 ], [ -57.610065, -25.391 ], [ -57.603927, -25.395395 ], [ -57.595984, -25.400474 ], [ -57.593539, -25.404003 ], [ -57.588293, -25.410317 ], [ -57.577219, -25.421952 ], [ -57.572672, -25.427449 ], [ -57.566244, -25.433287 ], [ -57.560815, -25.438786 ], [ -57.558076, -25.442849 ], [ -57.55845, -25.447213 ], [ -57.559164, -25.449183 ], [ -57.560289, -25.451579 ], [ -57.561121, -25.455291 ], [ -57.56151, -25.462844 ], [ -57.560709, -25.469333 ], [ -57.562303, -25.471887 ], [ -57.56661, -25.476461 ], [ -57.568342, -25.482105 ], [ -57.569075, -25.488744 ], [ -57.57081, -25.493866 ], [ -57.573164, -25.4964 ], [ -57.575388, -25.49887 ], [ -57.578185, -25.501087 ], [ -57.579352, -25.502752 ], [ -57.581297, -25.504921 ], [ -57.581015, -25.507339 ], [ -57.579455, -25.512815 ], [ -57.577414, -25.516718 ], [ -57.574049, -25.524815 ], [ -57.571738, -25.532066 ], [ -57.57001, -25.539368 ], [ -57.569903, -25.542084 ], [ -57.571104, -25.547356 ], [ -57.575152, -25.558791 ], [ -57.579409, -25.565209 ], [ -57.582538, -25.56856 ], [ -57.587649, -25.569447 ], [ -57.58765, -25.569447 ], [ -57.587651, -25.569447 ], [ -57.591755, -25.568473 ], [ -57.595742, -25.566909 ], [ -57.601712, -25.565589 ], [ -57.60418, -25.5651 ], [ -57.606121, -25.565625 ], [ -57.606964, -25.57005 ], [ -57.605888, -25.577925 ], [ -57.605404, -25.586675 ], [ -57.606716, -25.591926 ], [ -57.608028, -25.596543 ], [ -57.608162, -25.599263 ], [ -57.610188, -25.605272 ], [ -57.612679, -25.609264 ], [ -57.615631, -25.612388 ], [ -57.619755, -25.615304 ], [ -57.623292, -25.616306 ], [ -57.623293, -25.616306 ], [ -57.628687, -25.615857 ], [ -57.634024, -25.614183 ], [ -57.638651, -25.611875 ], [ -57.642153, -25.609475 ], [ -57.645956, -25.6069 ], [ -57.648875, -25.602357 ], [ -57.652426, -25.597705 ], [ -57.655711, -25.596093 ], [ -57.662867, -25.593821 ], [ -57.667021, -25.593469 ], [ -57.669493, -25.593936 ], [ -57.672964, -25.595149 ], [ -57.675265, -25.596577 ], [ -57.67758, -25.60093 ], [ -57.677145, -25.607535 ], [ -57.676428, -25.615577 ], [ -57.67779, -25.61964 ], [ -57.676875, -25.623054 ], [ -57.6771, -25.628293 ], [ -57.677104, -25.632074 ], [ -57.676104, -25.635301 ], [ -57.67483, -25.638074 ], [ -57.672129, -25.645528 ], [ -57.671557, -25.64813 ], [ -57.671584, -25.65245 ], [ -57.673659, -25.656009 ], [ -57.675124, -25.657438 ], [ -57.678488, -25.659448 ], [ -57.683433, -25.66028 ], [ -57.688599, -25.660255 ], [ -57.691944, -25.65912 ], [ -57.695214, -25.657348 ], [ -57.701077, -25.653696 ], [ -57.702946, -25.652357 ], [ -57.709862, -25.649177 ], [ -57.714307, -25.646389 ], [ -57.719762, -25.644495 ], [ -57.72487, -25.643137 ], [ -57.729626, -25.643962 ], [ -57.73446, -25.644845 ], [ -57.739526, -25.647329 ], [ -57.743474, -25.650125 ], [ -57.746263, -25.654163 ], [ -57.75076, -25.659416 ], [ -57.754022, -25.664823 ], [ -57.756002, -25.671404 ], [ -57.757787, -25.675392 ], [ -57.759863, -25.678676 ], [ -57.764002, -25.682541 ], [ -57.766928, -25.685272 ], [ -57.768881, -25.688543 ], [ -57.76961, -25.69066 ], [ -57.77017, -25.693384 ], [ -57.767916, -25.697495 ], [ -57.765791, -25.703829 ], [ -57.760988, -25.707157 ], [ -57.756948, -25.708924 ], [ -57.753946, -25.709078 ], [ -57.751333, -25.709336 ], [ -57.74861, -25.70949 ], [ -57.747248, -25.707707 ], [ -57.74024, -25.706145 ], [ -57.737821, -25.705624 ], [ -57.734232, -25.705161 ], [ -57.734231, -25.705161 ], [ -57.730824, -25.706513 ], [ -57.728543, -25.708018 ], [ -57.72802, -25.714198 ], [ -57.729756, -25.718938 ], [ -57.731873, -25.721301 ], [ -57.733933, -25.722762 ], [ -57.736219, -25.724776 ], [ -57.738164, -25.726084 ], [ -57.740175, -25.727139 ], [ -57.742288, -25.72845 ], [ -57.74563, -25.730262 ], [ -57.747911, -25.730962 ], [ -57.750475, -25.732623 ], [ -57.753481, -25.733578 ], [ -57.756658, -25.736144 ], [ -57.758112, -25.738944 ], [ -57.765379, -25.744656 ], [ -57.770827, -25.751073 ], [ -57.774207, -25.755635 ], [ -57.779818, -25.758805 ], [ -57.779819, -25.758805 ], [ -57.783298, -25.75854 ], [ -57.785304, -25.759044 ], [ -57.787753, -25.759997 ], [ -57.787754, -25.759997 ], [ -57.787754, -25.759998 ], [ -57.790539, -25.759996 ], [ -57.79343, -25.759235 ], [ -57.796654, -25.757764 ], [ -57.799935, -25.756753 ], [ -57.803387, -25.755637 ], [ -57.806054, -25.754426 ], [ -57.807114, -25.751412 ], [ -57.81239, -25.748416 ], [ -57.816277, -25.750029 ], [ -57.822876, -25.751378 ], [ -57.827542, -25.755553 ], [ -57.828507, -25.759015 ], [ -57.826653, -25.762424 ], [ -57.824437, -25.765533 ], [ -57.823456, -25.768895 ], [ -57.82267, -25.774274 ], [ -57.819485, -25.781419 ], [ -57.81604, -25.784746 ], [ -57.812248, -25.788915 ], [ -57.808453, -25.793195 ], [ -57.804958, -25.79731 ], [ -57.801639, -25.802978 ], [ -57.7971, -25.809921 ], [ -57.797306, -25.814501 ], [ -57.798061, -25.821428 ], [ -57.802349, -25.830227 ], [ -57.80555, -25.83494 ], [ -57.809891, -25.840886 ], [ -57.813374, -25.843146 ], [ -57.820054, -25.846682 ], [ -57.825108, -25.84734 ], [ -57.825109, -25.84734 ], [ -57.837243, -25.847592 ], [ -57.846304, -25.849614 ], [ -57.854692, -25.852606 ], [ -57.860769, -25.855708 ], [ -57.864271, -25.859522 ], [ -57.868201, -25.865363 ], [ -57.867937, -25.869687 ], [ -57.865763, -25.878423 ], [ -57.86112, -25.886376 ], [ -57.853849, -25.891162 ], [ -57.844053, -25.897086 ], [ -57.840387, -25.902889 ], [ -57.839342, -25.905174 ], [ -57.837675, -25.911727 ], [ -57.83835, -25.915134 ], [ -57.85029, -25.921831 ], [ -57.868457, -25.926303 ], [ -57.875495, -25.929727 ], [ -57.886169, -25.940307 ], [ -57.895229, -25.951687 ], [ -57.896339, -25.958494 ], [ -57.892326, -25.964914 ], [ -57.87971, -25.971806 ], [ -57.867144, -25.97806 ], [ -57.85723, -25.983653 ], [ -57.853033, -25.989588 ], [ -57.85142, -25.995042 ], [ -57.851687, -25.99939 ], [ -57.860209, -26.00064 ], [ -57.861232, -26.002644 ], [ -57.863101, -26.004102 ], [ -57.865287, -26.005877 ], [ -57.867381, -26.006833 ], [ -57.86943, -26.007926 ], [ -57.871482, -26.009065 ], [ -57.872894, -26.009931 ], [ -57.874805, -26.010751 ], [ -57.878677, -26.010705 ], [ -57.881363, -26.010751 ], [ -57.884873, -26.010751 ], [ -57.887238, -26.010797 ], [ -57.889882, -26.010705 ], [ -57.892159, -26.010522 ], [ -57.894982, -26.010386 ], [ -57.897942, -26.009749 ], [ -57.900067, -26.009177 ], [ -57.902253, -26.007975 ], [ -57.905457, -26.007289 ], [ -57.908372, -26.006606 ], [ -57.91229, -26.005559 ], [ -57.913701, -26.005149 ], [ -57.915296, -26.003827 ], [ -57.917844, -26.003327 ], [ -57.920129, -26.003192 ], [ -57.922135, -26.003752 ], [ -57.923993, -26.00565 ], [ -57.925496, -26.00861 ], [ -57.925359, -26.010203 ], [ -57.924905, -26.01207 ], [ -57.925496, -26.013528 ], [ -57.925634, -26.014985 ], [ -57.926271, -26.016717 ], [ -57.927091, -26.019904 ], [ -57.927682, -26.022227 ], [ -57.928502, -26.027009 ], [ -57.928502, -26.030242 ], [ -57.928319, -26.034433 ], [ -57.929231, -26.038348 ], [ -57.930597, -26.040809 ], [ -57.932008, -26.044633 ], [ -57.933057, -26.047593 ], [ -57.93474, -26.049781 ], [ -57.936609, -26.051282 ], [ -57.938612, -26.053106 ], [ -57.939932, -26.054426 ], [ -57.941343, -26.055656 ], [ -57.942347, -26.056474 ], [ -57.943712, -26.057432 ], [ -57.945475, -26.059654 ], [ -57.947539, -26.061374 ], [ -57.949427, -26.062847 ], [ -57.951765, -26.06421 ], [ -57.953555, -26.065124 ], [ -57.955645, -26.066539 ], [ -57.958178, -26.067459 ], [ -57.961184, -26.06863 ], [ -57.96342, -26.069089 ], [ -57.965541, -26.070104 ], [ -57.968436, -26.072227 ], [ -57.970325, -26.074152 ], [ -57.97272, -26.076126 ], [ -57.974616, -26.076839 ], [ -57.977184, -26.078005 ], [ -57.978568, -26.079569 ], [ -57.981639, -26.080488 ], [ -57.98164, -26.080488 ], [ -57.982544, -26.076858 ], [ -57.984832, -26.07843 ], [ -57.986503, -26.079746 ], [ -57.988285, -26.081312 ], [ -57.990009, -26.082529 ], [ -57.99279, -26.084905 ], [ -57.996025, -26.086729 ], [ -57.99976, -26.088909 ], [ -58.001431, -26.090071 ], [ -58.003437, -26.091087 ], [ -58.00578, -26.093059 ], [ -58.008397, -26.09473 ], [ -58.011796, -26.097666 ], [ -58.01347, -26.098881 ], [ -58.01788, -26.100052 ], [ -58.017881, -26.100052 ], [ -58.020776, -26.100613 ], [ -58.02385, -26.101124 ], [ -58.027307, -26.102596 ], [ -58.029256, -26.104317 ], [ -58.031095, -26.106388 ], [ -58.033769, -26.107302 ], [ -58.036512, -26.107458 ], [ -58.038515, -26.108122 ], [ -58.04299, -26.106821 ], [ -58.046507, -26.10812 ], [ -58.050467, -26.107574 ], [ -58.054566, -26.107664 ], [ -58.058072, -26.106571 ], [ -58.06012, -26.105524 ], [ -58.062943, -26.105615 ], [ -58.065541, -26.105387 ], [ -58.068364, -26.10598 ], [ -58.072144, -26.106207 ], [ -58.075925, -26.106708 ], [ -58.077699, -26.107254 ], [ -58.080636, -26.107662 ], [ -58.083699, -26.108927 ], [ -58.085988, -26.1108 ], [ -58.088605, -26.114033 ], [ -58.089551, -26.116152 ], [ -58.090322, -26.118221 ], [ -58.091379, -26.120037 ], [ -58.092603, -26.122562 ], [ -58.095052, -26.125341 ], [ -58.096948, -26.126604 ], [ -58.099405, -26.128174 ], [ -58.101793, -26.12283 ], [ -58.103708, -26.126215 ], [ -58.105215, -26.12884 ], [ -58.106997, -26.131619 ], [ -58.108889, -26.133232 ], [ -58.110728, -26.135056 ], [ -58.112345, -26.136519 ], [ -58.113737, -26.13879 ], [ -58.116465, -26.142727 ], [ -58.117522, -26.144596 ], [ -58.118582, -26.146565 ], [ -58.119246, -26.148888 ], [ -58.12041, -26.151812 ], [ -58.121131, -26.154892 ], [ -58.121573, -26.156907 ], [ -58.122069, -26.159127 ], [ -58.121901, -26.16165 ], [ -58.120887, -26.164519 ], [ -58.119651, -26.167395 ], [ -58.118308, -26.170216 ], [ -58.117072, -26.172736 ], [ -58.117507, -26.175568 ], [ -58.117461, -26.178801 ], [ -58.11856, -26.180102 ], [ -58.120513, -26.183175 ], [ -58.123565, -26.185361 ], [ -58.129531, -26.183539 ], [ -58.1329, -26.181807 ], [ -58.136222, -26.180714 ], [ -58.138591, -26.178712 ], [ -58.140869, -26.177892 ], [ -58.142963, -26.177209 ], [ -58.145561, -26.176526 ], [ -58.147564, -26.176205 ], [ -58.150162, -26.176116 ], [ -58.151936, -26.176205 ], [ -58.154533, -26.175797 ], [ -58.156445, -26.176526 ], [ -58.158493, -26.177117 ], [ -58.159725, -26.177663 ], [ -58.162102, -26.177901 ], [ -58.16098, -26.180926 ], [ -58.15913, -26.182994 ], [ -58.157227, -26.184754 ], [ -58.154762, -26.18611 ], [ -58.152306, -26.187821 ], [ -58.149895, -26.190843 ], [ -58.147873, -26.193511 ], [ -58.146923, -26.195983 ], [ -58.145462, -26.199109 ], [ -58.143337, -26.198245 ], [ -58.140262, -26.1991 ], [ -58.137241, -26.200708 ], [ -58.135341, -26.201814 ], [ -58.132766, -26.203017 ], [ -58.129016, -26.203868 ], [ -58.127002, -26.204421 ], [ -58.124988, -26.205325 ], [ -58.126434, -26.208707 ], [ -58.124084, -26.208719 ], [ -58.121505, -26.20873 ], [ -58.115992, -26.21129 ], [ -58.113288, -26.213575 ], [ -58.112277, -26.21569 ], [ -58.109366, -26.216341 ], [ -58.108805, -26.218759 ], [ -58.107623, -26.22138 ], [ -58.106947, -26.22385 ], [ -58.106494, -26.225866 ], [ -58.107379, -26.228842 ], [ -58.10821, -26.232071 ], [ -58.108672, -26.235639 ], [ -58.110904, -26.238235 ], [ -58.113227, -26.239921 ], [ -58.113227, -26.239922 ], [ -58.116141, -26.241058 ], [ -58.117824, -26.242016 ], [ -58.119739, -26.243336 ], [ -58.122241, -26.243837 ], [ -58.124931, -26.244474 ], [ -58.126933, -26.244884 ], [ -58.128028, -26.246115 ], [ -58.129257, -26.246979 ], [ -58.132217, -26.248711 ], [ -58.134903, -26.250305 ], [ -58.139274, -26.251261 ], [ -58.143101, -26.252127 ], [ -58.146427, -26.25281 ], [ -58.148613, -26.253265 ], [ -58.15057, -26.254402 ], [ -58.153302, -26.255268 ], [ -58.156262, -26.255997 ], [ -58.158951, -26.257454 ], [ -58.161366, -26.258411 ], [ -58.163323, -26.259367 ], [ -58.166737, -26.260962 ], [ -58.168652, -26.2626 ], [ -58.168679, -26.264645 ], [ -58.169621, -26.268685 ], [ -58.17014, -26.273585 ], [ -58.170484, -26.278141 ], [ -58.170312, -26.281149 ], [ -58.170144, -26.281536 ], [ -58.170224, -26.283728 ], [ -58.169709, -26.287079 ], [ -58.169709, -26.288456 ], [ -58.169023, -26.289658 ], [ -58.168935, -26.290347 ], [ -58.168679, -26.291035 ], [ -58.16842, -26.291808 ], [ -58.168161, -26.292325 ], [ -58.16816, -26.292325 ], [ -58.167817, -26.29344 ], [ -58.167474, -26.294043 ], [ -58.167302, -26.294903 ], [ -58.167092, -26.295155 ], [ -58.166787, -26.295762 ], [ -58.166528, -26.29645 ], [ -58.166356, -26.296965 ], [ -58.166101, -26.297394 ], [ -58.166184, -26.297961 ], [ -58.166226, -26.298144 ], [ -58.165887, -26.298409 ], [ -58.165277, -26.298943 ], [ -58.164819, -26.299475 ], [ -58.16425, -26.299893 ], [ -58.163693, -26.300318 ], [ -58.162747, -26.300404 ], [ -58.161713, -26.301263 ], [ -58.160596, -26.301951 ], [ -58.159306, -26.303498 ], [ -58.158879, -26.30453 ], [ -58.158448, -26.305734 ], [ -58.156911, -26.308173 ], [ -58.155759, -26.311133 ], [ -58.155034, -26.31301 ], [ -58.155106, -26.315392 ], [ -58.154851, -26.317321 ], [ -58.155179, -26.320066 ], [ -58.154835, -26.323928 ], [ -58.154942, -26.326701 ], [ -58.154656, -26.328765 ], [ -58.154824, -26.33139 ], [ -58.155881, -26.334567 ], [ -58.156934, -26.337695 ], [ -58.157494, -26.340471 ], [ -58.158494, -26.343444 ], [ -58.160165, -26.34728 ], [ -58.16145, -26.349905 ], [ -58.161451, -26.349905 ], [ -58.1634, -26.352682 ], [ -58.165864, -26.354602 ], [ -58.1681, -26.356268 ], [ -58.169721, -26.357582 ], [ -58.172681, -26.359304 ], [ -58.175703, -26.360466 ], [ -58.178949, -26.361833 ], [ -58.181913, -26.362694 ], [ -58.185209, -26.363807 ], [ -58.188513, -26.36507 ], [ -58.190527, -26.365478 ], [ -58.195113, -26.366792 ], [ -58.196848, -26.368461 ], [ -58.199706, -26.370226 ], [ -58.201769, -26.37124 ], [ -58.204283, -26.373007 ], [ -58.206187, -26.375179 ], [ -58.20893, -26.377348 ], [ -58.211612, -26.379673 ], [ -58.213344, -26.380886 ], [ -58.215079, -26.382549 ], [ -58.216136, -26.384621 ], [ -58.217029, -26.387594 ], [ -58.218425, -26.392489 ], [ -58.218868, -26.39521 ], [ -58.219871, -26.397633 ], [ -58.220149, -26.400202 ], [ -58.220256, -26.402724 ], [ -58.220367, -26.406054 ], [ -58.219913, -26.41029 ], [ -58.219295, -26.412808 ], [ -58.218673, -26.41553 ], [ -58.217719, -26.41775 ], [ -58.216144, -26.420266 ], [ -58.214912, -26.422131 ], [ -58.212951, -26.423896 ], [ -58.209922, -26.425559 ], [ -58.20824, -26.427115 ], [ -58.207233, -26.429484 ], [ -58.206218, -26.431302 ], [ -58.204364, -26.434779 ], [ -58.203074, -26.436391 ], [ -58.201556, -26.438655 ], [ -58.200377, -26.441377 ], [ -58.196692, -26.442817 ], [ -58.19229, -26.445344 ], [ -58.188681, -26.447509 ], [ -58.186873, -26.448737 ], [ -58.18471, -26.450397 ], [ -58.183119, -26.452131 ], [ -58.181025, -26.45408 ], [ -58.180975, -26.456231 ], [ -58.182253, -26.458845 ], [ -58.184565, -26.460071 ], [ -58.186514, -26.461082 ], [ -58.188689, -26.462102 ], [ -58.190222, -26.462282 ], [ -58.192389, -26.463005 ], [ -58.194644, -26.463186 ], [ -58.196811, -26.463186 ], [ -58.200332, -26.463725 ], [ -58.203307, -26.464178 ], [ -58.205745, -26.464538 ], [ -58.208995, -26.464359 ], [ -58.213008, -26.463931 ], [ -58.216709, -26.462776 ], [ -58.220462, -26.46273 ], [ -58.222645, -26.463338 ], [ -58.226623, -26.465005 ], [ -58.228638, -26.466319 ], [ -58.230427, -26.467834 ], [ -58.232384, -26.469901 ], [ -58.234177, -26.472373 ], [ -58.234844, -26.475349 ], [ -58.234001, -26.478172 ], [ -58.232372, -26.48019 ], [ -58.230202, -26.480873 ], [ -58.227493, -26.481504 ], [ -58.224426, -26.48394 ], [ -58.221176, -26.484934 ], [ -58.218738, -26.486196 ], [ -58.216575, -26.487461 ], [ -58.213688, -26.488634 ], [ -58.212963, -26.490528 ], [ -58.211071, -26.491792 ], [ -58.211071, -26.491793 ], [ -58.209354, -26.49486 ], [ -58.208541, -26.49811 ], [ -58.209716, -26.503252 ], [ -58.210529, -26.505871 ], [ -58.212223, -26.507498 ], [ -58.212665, -26.509516 ], [ -58.214287, -26.512489 ], [ -58.217029, -26.515669 ], [ -58.218933, -26.517084 ], [ -58.220783, -26.517992 ], [ -58.222408, -26.519608 ], [ -58.224251, -26.521479 ], [ -58.225708, -26.523798 ], [ -58.227669, -26.52612 ], [ -58.229794, -26.528393 ], [ -58.228844, -26.532526 ], [ -58.228009, -26.534861 ], [ -58.227177, -26.537028 ], [ -58.226261, -26.538697 ], [ -58.225342, -26.54103 ], [ -58.224091, -26.54303 ], [ -58.22398, -26.54395 ], [ -58.223007, -26.545199 ], [ -58.221924, -26.546448 ], [ -58.219757, -26.5477 ], [ -58.216507, -26.549367 ], [ -58.212086, -26.551034 ], [ -58.208919, -26.552535 ], [ -58.206333, -26.554786 ], [ -58.203582, -26.556037 ], [ -58.201164, -26.557788 ], [ -58.199665, -26.559371 ], [ -58.199581, -26.56154 ], [ -58.199249, -26.564708 ], [ -58.198833, -26.567208 ], [ -58.198913, -26.570293 ], [ -58.198413, -26.574044 ], [ -58.198413, -26.574045 ], [ -58.198082, -26.577878 ], [ -58.197414, -26.579879 ], [ -58.195663, -26.587217 ], [ -58.194664, -26.594137 ], [ -58.196079, -26.599722 ], [ -58.199749, -26.606474 ], [ -58.205585, -26.609476 ], [ -58.209225, -26.6086 ], [ -58.211285, -26.609529 ], [ -58.2118, -26.611486 ], [ -58.211594, -26.613445 ], [ -58.211182, -26.615093 ], [ -58.210049, -26.617668 ], [ -58.20974, -26.619833 ], [ -58.209225, -26.621687 ], [ -58.208504, -26.623646 ], [ -58.20768, -26.625294 ], [ -58.206753, -26.626633 ], [ -58.205208, -26.628283 ], [ -58.204178, -26.628901 ], [ -58.202732, -26.630549 ], [ -58.201187, -26.631787 ], [ -58.200157, -26.632817 ], [ -58.198921, -26.634156 ], [ -58.197582, -26.635495 ], [ -58.195419, -26.636629 ], [ -58.193561, -26.63838 ], [ -58.191913, -26.6458 ], [ -58.199642, -26.653424 ], [ -58.208813, -26.653735 ], [ -58.213761, -26.654456 ], [ -58.217572, -26.653941 ], [ -58.22149, -26.652085 ], [ -58.223984, -26.651015 ], [ -58.227239, -26.650662 ], [ -58.230161, -26.650113 ], [ -58.232575, -26.649407 ], [ -58.234765, -26.648602 ], [ -58.236837, -26.6481 ], [ -58.238748, -26.647295 ], [ -58.241613, -26.645384 ], [ -58.243406, -26.643969 ], [ -58.246442, -26.641503 ], [ -58.247961, -26.640194 ], [ -58.249811, -26.638277 ], [ -58.253446, -26.640318 ], [ -58.257513, -26.640007 ], [ -58.260427, -26.640215 ], [ -58.262514, -26.641777 ], [ -58.26491, -26.642508 ], [ -58.26512, -26.645426 ], [ -58.266264, -26.647198 ], [ -58.266264, -26.649281 ], [ -58.265951, -26.651263 ], [ -58.265536, -26.653138 ], [ -58.264704, -26.654805 ], [ -58.264078, -26.657307 ], [ -58.263033, -26.659808 ], [ -58.261889, -26.661475 ], [ -58.260534, -26.663455 ], [ -58.258867, -26.665436 ], [ -58.257719, -26.667206 ], [ -58.257616, -26.669604 ], [ -58.2572, -26.672002 ], [ -58.257093, -26.673774 ], [ -58.257093, -26.676379 ], [ -58.257822, -26.678464 ], [ -58.256052, -26.682006 ], [ -58.256262, -26.683362 ], [ -58.255739, -26.68607 ], [ -58.255739, -26.688884 ], [ -58.256155, -26.691907 ], [ -58.255529, -26.694825 ], [ -58.256052, -26.697536 ], [ -58.256575, -26.699516 ], [ -58.256262, -26.703058 ], [ -58.256041, -26.705676 ], [ -58.257212, -26.706458 ], [ -58.257342, -26.708282 ], [ -58.256823, -26.710496 ], [ -58.256689, -26.712322 ], [ -58.25656, -26.713493 ], [ -58.257082, -26.714014 ], [ -58.257601, -26.715057 ], [ -58.255652, -26.71651 ], [ -58.254633, -26.718341 ], [ -58.254229, -26.71997 ], [ -58.253821, -26.721801 ], [ -58.25321, -26.724041 ], [ -58.252192, -26.725874 ], [ -58.245371, -26.749333 ], [ -58.256377, -26.760769 ], [ -58.272128, -26.761202 ], [ -58.284644, -26.754726 ], [ -58.293758, -26.761368 ], [ -58.29681, -26.767802 ], [ -58.293426, -26.775294 ], [ -58.29293, -26.777197 ], [ -58.292541, -26.777821 ], [ -58.29018, -26.778929 ], [ -58.287769, -26.780644 ], [ -58.286132, -26.782811 ], [ -58.284675, -26.786339 ], [ -58.284442, -26.789061 ], [ -58.284839, -26.791938 ], [ -58.285801, -26.794791 ], [ -58.288387, -26.796449 ], [ -58.290245, -26.798505 ], [ -58.294357, -26.800259 ], [ -58.298672, -26.80177 ], [ -58.302777, -26.802947 ], [ -58.304768, -26.804473 ], [ -58.306889, -26.805268 ], [ -58.308812, -26.806197 ], [ -58.3112, -26.80613 ], [ -58.315907, -26.806197 ], [ -58.31836, -26.805932 ], [ -58.321877, -26.805136 ], [ -58.325257, -26.8056 ], [ -58.328443, -26.80507 ], [ -58.330697, -26.804738 ], [ -58.334077, -26.803942 ], [ -58.336866, -26.803279 ], [ -58.339651, -26.802483 ], [ -58.342168, -26.802882 ], [ -58.342169, -26.802882 ], [ -58.344225, -26.802416 ], [ -58.347807, -26.803479 ], [ -58.350061, -26.803744 ], [ -58.353178, -26.805136 ], [ -58.354704, -26.80633 ], [ -58.357092, -26.807854 ], [ -58.358217, -26.809779 ], [ -58.358416, -26.810906 ], [ -58.358614, -26.811702 ], [ -58.358484, -26.812564 ], [ -58.358416, -26.813426 ], [ -58.358153, -26.81462 ], [ -58.358217, -26.816542 ], [ -58.358351, -26.818532 ], [ -58.357554, -26.819924 ], [ -58.356959, -26.822179 ], [ -58.356493, -26.824235 ], [ -58.355101, -26.828015 ], [ -58.352846, -26.830337 ], [ -58.349863, -26.83279 ], [ -58.34701, -26.833453 ], [ -58.343961, -26.83438 ], [ -58.340315, -26.835443 ], [ -58.336466, -26.836436 ], [ -58.336465, -26.836437 ], [ -58.334211, -26.837631 ], [ -58.331029, -26.839885 ], [ -58.328244, -26.843135 ], [ -58.326322, -26.84539 ], [ -58.324197, -26.848772 ], [ -58.323404, -26.852287 ], [ -58.323201, -26.856994 ], [ -58.323404, -26.860973 ], [ -58.325391, -26.863958 ], [ -58.326387, -26.866611 ], [ -58.328535, -26.867527 ], [ -58.330553, -26.869394 ], [ -58.333704, -26.87116 ], [ -58.337415, -26.871612 ], [ -58.341127, -26.87141 ], [ -58.344442, -26.871107 ], [ -58.344443, -26.871107 ], [ -58.346521, -26.870605 ], [ -58.346522, -26.870605 ], [ -58.348437, -26.870001 ], [ -58.350794, -26.869093 ], [ -58.353102, -26.868034 ], [ -58.356307, -26.866771 ], [ -58.359225, -26.865665 ], [ -58.363108, -26.862285 ], [ -58.366706, -26.861478 ], [ -58.369067, -26.861076 ], [ -58.371592, -26.860975 ], [ -58.373673, -26.860771 ], [ -58.376146, -26.861175 ], [ -58.379094, -26.863123 ], [ -58.379095, -26.863122 ], [ -58.379095, -26.863123 ], [ -58.379096, -26.863124 ], [ -58.379062, -26.86819 ], [ -58.378954, -26.870915 ], [ -58.378921, -26.871742 ], [ -58.37944, -26.874111 ], [ -58.381916, -26.877844 ], [ -58.386448, -26.882709 ], [ -58.389515, -26.885309 ], [ -58.392183, -26.886726 ], [ -58.393803, -26.887871 ], [ -58.396546, -26.889233 ], [ -58.399618, -26.890407 ], [ -58.399636, -26.890416 ], [ -58.39967, -26.890429 ], [ -58.404297, -26.892574 ], [ -58.404854, -26.892832 ], [ -58.409575, -26.89472 ], [ -58.417966, -26.897619 ], [ -58.418392, -26.897766 ], [ -58.418793, -26.897903 ], [ -58.419728, -26.898232 ], [ -58.419791, -26.898254 ], [ -58.420197, -26.898397 ], [ -58.423772, -26.899654 ], [ -58.42995, -26.902606 ], [ -58.43131, -26.903255 ], [ -58.441725, -26.90716 ], [ -58.449843, -26.910406 ], [ -58.45394, -26.911755 ], [ -58.457747, -26.912613 ], [ -58.460375, -26.912834 ], [ -58.464492, -26.912731 ], [ -58.472914, -26.912048 ], [ -58.472915, -26.912048 ], [ -58.476886, -26.911104 ], [ -58.480094, -26.910828 ], [ -58.482051, -26.911625 ], [ -58.483924, -26.913649 ], [ -58.485652, -26.916008 ], [ -58.489273, -26.920956 ], [ -58.493717, -26.925974 ], [ -58.494999, -26.927517 ], [ -58.494709, -26.931364 ], [ -58.493072, -26.934124 ], [ -58.48751, -26.94203 ], [ -58.481254, -26.952464 ], [ -58.47552, -26.962766 ], [ -58.472186, -26.968526 ], [ -58.471591, -26.972289 ], [ -58.471435, -26.977637 ], [ -58.472553, -26.981141 ], [ -58.47491, -26.983079 ], [ -58.479107, -26.983852 ], [ -58.482906, -26.98406 ], [ -58.48611, -26.983533 ], [ -58.486111, -26.983533 ], [ -58.494286, -26.983609 ], [ -58.500557, -26.983625 ], [ -58.503903, -26.986295 ], [ -58.505261, -26.988195 ], [ -58.505955, -26.990752 ], [ -58.50652, -26.992807 ], [ -58.505013, -26.997058 ], [ -58.50301, -26.998422 ], [ -58.501175, -26.999404 ], [ -58.501492, -27.043539 ], [ -58.502927, -27.045811 ], [ -58.503106, -27.048971 ], [ -58.504983, -27.054238 ], [ -58.506856, -27.05522 ], [ -58.508107, -27.057272 ], [ -58.509534, -27.058791 ], [ -58.511228, -27.059771 ], [ -58.5123, -27.060397 ], [ -58.514531, -27.060933 ], [ -58.516229, -27.060753 ], [ -58.51819, -27.059058 ], [ -58.51972, -27.055855 ], [ -58.51983, -27.052397 ], [ -58.518937, -27.049719 ], [ -58.519052, -27.046148 ], [ -58.519273, -27.043583 ], [ -58.520837, -27.042914 ], [ -58.522172, -27.042133 ], [ -58.525672, -27.040167 ], [ -58.527225, -27.038929 ], [ -58.529491, -27.038231 ], [ -58.530884, -27.037186 ], [ -58.535244, -27.036314 ], [ -58.539429, -27.034571 ], [ -58.542217, -27.034222 ], [ -58.545006, -27.033699 ], [ -58.548142, -27.033525 ], [ -58.550759, -27.033176 ], [ -58.554394, -27.035166 ], [ -58.558602, -27.037186 ], [ -58.560521, -27.039627 ], [ -58.560868, -27.044508 ], [ -58.559476, -27.050783 ], [ -58.557381, -27.053745 ], [ -58.556161, -27.054966 ], [ -58.555291, -27.056709 ], [ -58.554906, -27.05855 ], [ -58.555093, -27.063082 ], [ -58.555093, -27.066176 ], [ -58.554837, -27.069611 ], [ -58.554902, -27.071619 ], [ -58.554066, -27.073569 ], [ -58.556512, -27.076582 ], [ -58.557732, -27.079371 ], [ -58.55808, -27.081637 ], [ -58.559125, -27.082858 ], [ -58.558953, -27.084428 ], [ -58.55721, -27.087392 ], [ -58.55721, -27.089658 ], [ -58.556512, -27.09262 ], [ -58.555989, -27.09541 ], [ -58.554421, -27.098372 ], [ -58.553201, -27.099767 ], [ -58.552327, -27.102035 ], [ -58.553548, -27.103778 ], [ -58.554768, -27.105868 ], [ -58.557034, -27.10831 ], [ -58.559301, -27.109355 ], [ -58.561914, -27.108659 ], [ -58.561915, -27.108659 ], [ -58.565229, -27.108832 ], [ -58.568365, -27.108659 ], [ -58.570806, -27.108134 ], [ -58.573946, -27.107961 ], [ -58.578825, -27.107612 ], [ -58.583185, -27.108483 ], [ -58.586321, -27.108659 ], [ -58.59033, -27.109878 ], [ -58.590331, -27.109877 ], [ -58.593817, -27.108134 ], [ -58.59556, -27.107787 ], [ -58.595561, -27.107787 ], [ -58.598174, -27.108134 ], [ -58.598175, -27.108134 ], [ -58.601313, -27.108134 ], [ -58.601314, -27.108134 ], [ -58.604453, -27.10831 ], [ -58.607589, -27.109877 ], [ -58.609679, -27.110053 ], [ -58.612643, -27.110402 ], [ -58.61526, -27.111274 ], [ -58.615261, -27.111274 ], [ -58.617526, -27.110749 ], [ -58.617527, -27.110749 ], [ -58.620315, -27.111098 ], [ -58.620316, -27.111098 ], [ -58.622405, -27.111098 ], [ -58.622406, -27.111098 ], [ -58.625198, -27.111621 ], [ -58.627986, -27.112319 ], [ -58.62973, -27.11354 ], [ -58.634388, -27.114482 ], [ -58.636562, -27.115455 ], [ -58.639771, -27.11797 ], [ -58.641434, -27.119574 ], [ -58.643227, -27.120892 ], [ -58.645279, -27.12221 ], [ -58.647072, -27.123185 ], [ -58.649189, -27.125705 ], [ -58.651242, -27.127538 ], [ -58.652073, -27.129603 ], [ -58.65355, -27.132695 ], [ -58.65445, -27.134933 ], [ -58.655797, -27.138599 ], [ -58.656438, -27.140603 ], [ -58.657403, -27.143127 ], [ -58.658238, -27.145246 ], [ -58.659325, -27.147941 ], [ -58.660546, -27.151719 ], [ -58.661511, -27.154188 ], [ -58.662667, -27.157167 ], [ -58.663568, -27.160316 ], [ -58.664788, -27.163126 ], [ -58.665433, -27.166275 ], [ -58.665754, -27.168684 ], [ -58.666269, -27.171205 ], [ -58.666463, -27.173843 ], [ -58.666341, -27.177456 ], [ -58.665185, -27.180035 ], [ -58.663713, -27.182726 ], [ -58.661794, -27.185482 ], [ -58.660451, -27.187374 ], [ -58.658719, -27.190298 ], [ -58.657182, -27.192707 ], [ -58.654237, -27.194885 ], [ -58.652699, -27.196205 ], [ -58.651032, -27.197584 ], [ -58.648473, -27.19793 ], [ -58.646355, -27.198672 ], [ -58.643982, -27.199822 ], [ -58.640591, -27.201773 ], [ -58.638604, -27.20332 ], [ -58.636551, -27.204752 ], [ -58.634499, -27.205441 ], [ -58.632576, -27.206017 ], [ -58.630463, -27.206818 ], [ -58.62854, -27.207678 ], [ -58.626297, -27.2086 ], [ -58.622066, -27.21049 ], [ -58.620079, -27.211638 ], [ -58.610642, -27.210461 ], [ -58.610641, -27.210461 ], [ -58.598014, -27.220832 ], [ -58.593505, -27.247211 ], [ -58.59369, -27.249267 ], [ -58.595086, -27.264797 ], [ -58.606811, -27.280353 ], [ -58.608166, -27.294783 ], [ -58.578629, -27.291851 ], [ -58.578627, -27.291851 ], [ -58.560461, -27.300093 ], [ -58.558899, -27.302441 ], [ -58.558882, -27.302434 ], [ -58.557199, -27.301849 ], [ -58.556406, -27.301573 ], [ -58.552419, -27.300498 ], [ -58.550449, -27.299967 ], [ -58.547332, -27.299876 ], [ -58.544033, -27.299601 ], [ -58.540092, -27.299784 ], [ -58.537158, -27.299326 ], [ -58.533675, -27.299418 ], [ -58.531474, -27.299233 ], [ -58.529464, -27.299845 ], [ -58.526771, -27.299044 ], [ -58.524413, -27.297034 ], [ -58.522765, -27.2941 ], [ -58.518824, -27.293183 ], [ -58.516074, -27.291808 ], [ -58.513506, -27.29135 ], [ -58.510115, -27.291901 ], [ -58.507181, -27.291716 ], [ -58.505804, -27.29135 ], [ -58.50057, -27.282381 ], [ -58.496599, -27.275578 ], [ -58.493017, -27.274508 ], [ -58.48818, -27.273661 ], [ -58.479852, -27.272175 ], [ -58.474496, -27.272232 ], [ -58.465844, -27.267639 ], [ -58.453728, -27.268572 ], [ -58.447514, -27.278351 ], [ -58.447513, -27.278351 ], [ -58.443119, -27.279069 ], [ -58.431629, -27.28143 ], [ -58.425765, -27.276494 ], [ -58.417376, -27.274165 ], [ -58.407126, -27.278825 ], [ -58.397883, -27.282668 ], [ -58.386629, -27.282781 ], [ -58.381261, -27.281936 ], [ -58.369451, -27.280257 ], [ -58.35656, -27.278361 ], [ -58.345021, -27.27645 ], [ -58.335354, -27.275199 ], [ -58.329448, -27.273906 ], [ -58.32092, -27.271983 ], [ -58.318874, -27.272151 ], [ -58.315494, -27.272468 ], [ -58.313075, -27.268351 ], [ -58.305137, -27.265376 ], [ -58.29637, -27.262565 ], [ -58.290911, -27.262399 ], [ -58.288763, -27.266368 ], [ -58.287604, -27.267856 ], [ -58.285784, -27.267692 ], [ -58.283793, -27.265124 ], [ -58.281607, -27.261779 ], [ -58.27762, -27.25781 ], [ -58.273027, -27.254481 ], [ -58.267114, -27.252513 ], [ -58.261205, -27.251443 ], [ -58.255849, -27.25149 ], [ -58.246995, -27.249999 ], [ -58.235878, -27.248874 ], [ -58.227966, -27.248582 ], [ -58.223358, -27.251159 ], [ -58.218673, -27.250997 ], [ -58.216034, -27.25159 ], [ -58.213088, -27.251086 ], [ -58.210594, -27.250955 ], [ -58.208751, -27.250955 ], [ -58.206256, -27.25135 ], [ -58.204414, -27.252269 ], [ -58.202312, -27.252269 ], [ -58.200995, -27.252006 ], [ -58.19863, -27.251481 ], [ -58.197974, -27.253059 ], [ -58.195605, -27.253846 ], [ -58.193637, -27.254241 ], [ -58.192057, -27.254373 ], [ -58.190085, -27.254768 ], [ -58.187193, -27.255292 ], [ -58.185091, -27.255819 ], [ -58.180621, -27.256606 ], [ -58.178911, -27.256082 ], [ -58.176546, -27.256213 ], [ -58.174181, -27.256345 ], [ -58.171946, -27.256477 ], [ -58.170763, -27.256082 ], [ -58.169187, -27.255687 ], [ -58.167738, -27.255687 ], [ -58.166162, -27.255424 ], [ -58.164325, -27.255687 ], [ -58.16288, -27.256214 ], [ -58.160907, -27.256082 ], [ -58.158409, -27.256606 ], [ -58.15578, -27.256738 ], [ -58.152625, -27.257528 ], [ -58.145915, -27.255681 ], [ -58.140021, -27.257913 ], [ -58.133235, -27.26202 ], [ -58.131808, -27.265056 ], [ -58.120642, -27.267898 ], [ -58.107512, -27.267776 ], [ -58.107511, -27.267776 ], [ -58.103342, -27.26359 ], [ -58.094404, -27.258482 ], [ -58.083547, -27.258693 ], [ -58.077199, -27.263971 ], [ -58.064858, -27.26227 ], [ -58.053055, -27.260784 ], [ -58.035365, -27.260469 ], [ -58.020899, -27.261023 ], [ -58.012339, -27.262434 ], [ -57.996275, -27.263672 ], [ -57.971391, -27.267664 ], [ -57.957573, -27.268635 ], [ -57.938289, -27.269663 ], [ -57.906676, -27.270545 ], [ -57.89596, -27.271063 ], [ -57.886602, -27.273366 ], [ -57.875383, -27.278151 ], [ -57.865785, -27.284051 ], [ -57.857522, -27.289941 ], [ -57.846085, -27.301465 ], [ -57.84219, -27.307066 ], [ -57.83688, -27.31406 ], [ -57.830773, -27.321506 ], [ -57.829178, -27.324209 ], [ -57.821976, -27.328295 ], [ -57.815563, -27.331476 ], [ -57.80379, -27.334915 ], [ -57.795215, -27.335411 ], [ -57.776442, -27.335291 ], [ -57.76768, -27.334658 ], [ -57.767679, -27.334658 ], [ -57.757482, -27.33314 ], [ -57.747281, -27.33185 ], [ -57.741652, -27.331202 ], [ -57.741651, -27.331202 ], [ -57.728505, -27.330599 ], [ -57.71188, -27.330014 ], [ -57.703037, -27.330956 ], [ -57.695003, -27.332566 ], [ -57.688853, -27.335517 ], [ -57.682444, -27.339139 ], [ -57.668357, -27.347258 ], [ -57.666764, -27.348176 ], [ -57.65715, -27.354285 ], [ -57.644321, -27.36198 ], [ -57.627215, -27.372839 ], [ -57.617327, -27.379171 ], [ -57.610384, -27.38459 ], [ -57.602366, -27.390017 ], [ -57.587124, -27.39884 ], [ -57.56972, -27.405869 ], [ -57.558215, -27.411755 ], [ -57.552672, -27.415753 ], [ -57.54117, -27.423207 ], [ -57.530737, -27.430434 ], [ -57.518957, -27.436544 ], [ -57.510385, -27.439494 ], [ -57.501805, -27.441543 ], [ -57.494828, -27.442245 ], [ -57.481777, -27.442731 ], [ -57.47372, -27.441184 ], [ -57.460555, -27.438981 ], [ -57.451961, -27.43744 ], [ -57.439875, -27.434785 ], [ -57.436648, -27.433 ], [ -57.420526, -27.428108 ], [ -57.405485, -27.424781 ], [ -57.396627, -27.423684 ], [ -57.384543, -27.421476 ], [ -57.369238, -27.418146 ], [ -57.355005, -27.41414 ], [ -57.344617, -27.411697 ], [ -57.338445, -27.411491 ], [ -57.326104, -27.412193 ], [ -57.317799, -27.416702 ], [ -57.306007, -27.423019 ], [ -57.291805, -27.430683 ], [ -57.278407, -27.437899 ], [ -57.272776, -27.442175 ], [ -57.265002, -27.446232 ], [ -57.251337, -27.454569 ], [ -57.247412, -27.45658 ], [ -57.237226, -27.462662 ], [ -57.228906, -27.466492 ], [ -57.223809, -27.468072 ], [ -57.214684, -27.468537 ], [ -57.203409, -27.468102 ], [ -57.192137, -27.46857 ], [ -57.184353, -27.469699 ], [ -57.175231, -27.471732 ], [ -57.161273, -27.475568 ], [ -57.149516, -27.480274 ], [ -57.135828, -27.482755 ], [ -57.124551, -27.484336 ], [ -57.116765, -27.484342 ], [ -57.105489, -27.484352 ], [ -57.095284, -27.483461 ], [ -57.086155, -27.48257 ], [ -57.072189, -27.481006 ], [ -57.060649, -27.480116 ], [ -57.048028, -27.478996 ], [ -57.038899, -27.478998 ], [ -57.035408, -27.481022 ], [ -57.02494, -27.485964 ], [ -57.000503, -27.487988 ], [ -56.990741, -27.487492 ], [ -56.979491, -27.49128 ], [ -56.971323, -27.495074 ], [ -56.964781, -27.503569 ], [ -56.961332, -27.512065 ], [ -56.960604, -27.517831 ], [ -56.955518, -27.526629 ], [ -56.949705, -27.534062 ], [ -56.947523, -27.540889 ], [ -56.94552, -27.547567 ], [ -56.941163, -27.553634 ], [ -56.932984, -27.559698 ], [ -56.925351, -27.565687 ], [ -56.918107, -27.569902 ], [ -56.910481, -27.574604 ], [ -56.899574, -27.584156 ], [ -56.891033, -27.588248 ], [ -56.880313, -27.590973 ], [ -56.868132, -27.595208 ], [ -56.856867, -27.600815 ], [ -56.849047, -27.603535 ], [ -56.84033, -27.603526 ], [ -56.832656, -27.602303 ], [ -56.824123, -27.598197 ], [ -56.814505, -27.591506 ], [ -56.805617, -27.587397 ], [ -56.796534, -27.585105 ], [ -56.782543, -27.587512 ], [ -56.769275, -27.593409 ], [ -56.754908, -27.59809 ], [ -56.741465, -27.599128 ], [ -56.729666, -27.596677 ], [ -56.720415, -27.591651 ], [ -56.708081, -27.584342 ], [ -56.700928, -27.581769 ], [ -56.690411, -27.576589 ], [ -56.690411, -27.576588 ], [ -56.682446, -27.56701 ], [ -56.679756, -27.555163 ], [ -56.681415, -27.54576 ], [ -56.688885, -27.537731 ], [ -56.699807, -27.527286 ], [ -56.707471, -27.512579 ], [ -56.709847, -27.506362 ], [ -56.715123, -27.500606 ], [ -56.719491, -27.496215 ], [ -56.723332, -27.484757 ], [ -56.724443, -27.475049 ], [ -56.721196, -27.466542 ], [ -56.710873, -27.459695 ], [ -56.696548, -27.456023 ], [ -56.689159, -27.455563 ], [ -56.677726, -27.456904 ], [ -56.660487, -27.457928 ], [ -56.652153, -27.45457 ], [ -56.640373, -27.45029 ], [ -56.640373, -27.450289 ], [ -56.631149, -27.442219 ], [ -56.619926, -27.434754 ], [ -56.604518, -27.433041 ], [ -56.592711, -27.436345 ], [ -56.581144, -27.444943 ], [ -56.569341, -27.447335 ], [ -56.560258, -27.4511 ], [ -56.554963, -27.458827 ], [ -56.555837, -27.465877 ], [ -56.550381, -27.470346 ], [ -56.544562, -27.473512 ], [ -56.541281, -27.477901 ], [ -56.538683, -27.49049 ], [ -56.531395, -27.498814 ], [ -56.525562, -27.504406 ], [ -56.517723, -27.512728 ], [ -56.509872, -27.522109 ], [ -56.508658, -27.524542 ], [ -56.506393, -27.52908 ], [ -56.501479, -27.543532 ], [ -56.496719, -27.55277 ], [ -56.489058, -27.559877 ], [ -56.477233, -27.56484 ], [ -56.462545, -27.573999 ], [ -56.45636, -27.577011 ], [ -56.451263, -27.578506 ], [ -56.445259, -27.581365 ], [ -56.437789, -27.585438 ], [ -56.434856, -27.590736 ], [ -56.432105, -27.595427 ], [ -56.425177, -27.600258 ], [ -56.412627, -27.603238 ], [ -56.39863, -27.605305 ], [ -56.385103, -27.603747 ], [ -56.372228, -27.598681 ], [ -56.36337, -27.591814 ], [ -56.356678, -27.586621 ], [ -56.352539, -27.58038 ], [ -56.352421, -27.569906 ], [ -56.350906, -27.549415 ], [ -56.346439, -27.536951 ], [ -56.339462, -27.524234 ], [ -56.335125, -27.52042 ], [ -56.335124, -27.520419 ], [ -56.33005, -27.518422 ], [ -56.321174, -27.516254 ], [ -56.321173, -27.516254 ], [ -56.314478, -27.51258 ], [ -56.30979, -27.507703 ], [ -56.307089, -27.503741 ], [ -56.306383, -27.500853 ], [ -56.302591, -27.498105 ], [ -56.2997, -27.495965 ], [ -56.29627, -27.492911 ], [ -56.289832, -27.480488 ], [ -56.289878, -27.47336 ], [ -56.289737, -27.467896 ], [ -56.289405, -27.463187 ], [ -56.287608, -27.459992 ], [ -56.288562, -27.452408 ], [ -56.289047, -27.450939 ], [ -56.289191, -27.450504 ], [ -56.292264, -27.441196 ], [ -56.294858, -27.432407 ], [ -56.295282, -27.423975 ], [ -56.29099, -27.414239 ], [ -56.287837, -27.409842 ], [ -56.284877, -27.405711 ], [ -56.274577, -27.400798 ], [ -56.269148, -27.399255 ], [ -56.254625, -27.401149 ], [ -56.248088, -27.402635 ], [ -56.243018, -27.401697 ], [ -56.23725, -27.396655 ], [ -56.2335, -27.388591 ], [ -56.230254, -27.385842 ], [ -56.216048, -27.383746 ], [ -56.201097, -27.370459 ], [ -56.180798, -27.34515 ], [ -56.176129, -27.339808 ], [ -56.164192, -27.335795 ], [ -56.159864, -27.333187 ], [ -56.154833, -27.327847 ], [ -56.140432, -27.325547 ], [ -56.129945, -27.322907 ], [ -56.125077, -27.319384 ], [ -56.116963, -27.314478 ], [ -56.103779, -27.309231 ], [ -56.088413, -27.305035 ], [ -56.071759, -27.303559 ], [ -56.052729, -27.304495 ], [ -56.035993, -27.312575 ], [ -56.022859, -27.322802 ], [ -56.008977, -27.335452 ], [ -56.001669, -27.341928 ], [ -55.992022, -27.346868 ], [ -55.981092, -27.35189 ], [ -55.976011, -27.352765 ], [ -55.975976, -27.35276 ], [ -55.975957, -27.352764 ], [ -55.958035, -27.350204 ], [ -55.949914, -27.346654 ], [ -55.933642, -27.344711 ], [ -55.922805, -27.344928 ], [ -55.922795, -27.344925 ], [ -55.922748, -27.344926 ], [ -55.914607, -27.34259 ], [ -55.909015, -27.34057 ], [ -55.901639, -27.339912 ], [ -55.894562, -27.341825 ], [ -55.884533, -27.347665 ], [ -55.873916, -27.3582 ], [ -55.867853, -27.366499 ], [ -55.864545, -27.371178 ], [ -55.863359, -27.380877 ], [ -55.859113, -27.388432 ], [ -55.850141, -27.396704 ], [ -55.838834, -27.407611 ], [ -55.833355, -27.41121 ], [ -55.824421, -27.415689 ], [ -55.814621, -27.416967 ], [ -55.807535, -27.418428 ], [ -55.801874, -27.423667 ], [ -55.792127, -27.434225 ], [ -55.785542, -27.439329 ], [ -55.774083, -27.442112 ], [ -55.746856, -27.444298 ], [ -55.746802, -27.444295 ], [ -55.74679, -27.444296 ], [ -55.739503, -27.443909 ], [ -55.733361, -27.441427 ], [ -55.72548, -27.432707 ], [ -55.717827, -27.420192 ], [ -55.713066, -27.408464 ], [ -55.708057, -27.402503 ], [ -55.697135, -27.390864 ], [ -55.689983, -27.382148 ], [ -55.681724, -27.375394 ], [ -55.675429, -27.37139 ], [ -55.663855, -27.369155 ], [ -55.654989, -27.367858 ], [ -55.643445, -27.363192 ], [ -55.630242, -27.356333 ], [ -55.602005, -27.338904 ], [ -55.595367, -27.333527 ], [ -55.591808, -27.328787 ], [ -55.589698, -27.323609 ], [ -55.589031, -27.31905 ], [ -55.590339, -27.314194 ], [ -55.597995, -27.297895 ], [ -55.602096, -27.288375 ], [ -55.602531, -27.282916 ], [ -55.596828, -27.275276 ], [ -55.592143, -27.273406 ], [ -55.584178, -27.273172 ], [ -55.579474, -27.272519 ], [ -55.575907, -27.268386 ], [ -55.576163, -27.248601 ], [ -55.577319, -27.243302 ], [ -55.579924, -27.23741 ], [ -55.584517, -27.232449 ], [ -55.590011, -27.227347 ], [ -55.594405, -27.223597 ], [ -55.599704, -27.219553 ], [ -55.608993, -27.214792 ], [ -55.613395, -27.210283 ], [ -55.617664, -27.20113 ], [ -55.620277, -27.194782 ], [ -55.618851, -27.178529 ], [ -55.614631, -27.168626 ], [ -55.610164, -27.164029 ], [ -55.601884, -27.160913 ], [ -55.590558, -27.160951 ], [ -55.584725, -27.16438 ], [ -55.581425, -27.167537 ], [ -55.572018, -27.167591 ], [ -55.572014, -27.167588 ], [ -55.571943, -27.167589 ], [ -55.564943, -27.162965 ], [ -55.561067, -27.154886 ], [ -55.560781, -27.148963 ], [ -55.561048, -27.142289 ], [ -55.56426, -27.134107 ], [ -55.566042, -27.121983 ], [ -55.56542, -27.113938 ], [ -55.560644, -27.10569 ], [ -55.553655, -27.100918 ], [ -55.546289, -27.098871 ], [ -55.530417, -27.099921 ], [ -55.523535, -27.100754 ], [ -55.513208, -27.102469 ], [ -55.505044, -27.104506 ], [ -55.500531, -27.10657 ], [ -55.500467, -27.106562 ], [ -55.500453, -27.106568 ], [ -55.493499, -27.105697 ], [ -55.486293, -27.106766 ], [ -55.480719, -27.107325 ], [ -55.475142, -27.107632 ], [ -55.475095, -27.107629 ], [ -55.475062, -27.10763 ], [ -55.469477, -27.107188 ], [ -55.463602, -27.106005 ], [ -55.456869, -27.103074 ], [ -55.450132, -27.099648 ], [ -55.448961, -27.095414 ], [ -55.449731, -27.090159 ], [ -55.451898, -27.084891 ], [ -55.455354, -27.072113 ], [ -55.455858, -27.06761 ], [ -55.457441, -27.060848 ], [ -55.455678, -27.053873 ], [ -55.454198, -27.047392 ], [ -55.45247, -27.042917 ], [ -55.449571, -27.034202 ], [ -55.445271, -27.025003 ], [ -55.439549, -27.01357 ], [ -55.427564, -26.999419 ], [ -55.420217, -26.999398 ], [ -55.420215, -26.999396 ], [ -55.420135, -26.999396 ], [ -55.418514, -26.998078 ], [ -55.416424, -26.99652 ], [ -55.414619, -26.995313 ], [ -55.411853, -26.993806 ], [ -55.409599, -26.99265 ], [ -55.407398, -26.991193 ], [ -55.404914, -26.989688 ], [ -55.403224, -26.98833 ], [ -55.400401, -26.986516 ], [ -55.398704, -26.984959 ], [ -55.397124, -26.983092 ], [ -55.395488, -26.981787 ], [ -55.392836, -26.980279 ], [ -55.38996, -26.97872 ], [ -55.388209, -26.977465 ], [ -55.386462, -26.975854 ], [ -55.384879, -26.974393 ], [ -55.381945, -26.971877 ], [ -55.379744, -26.97087 ], [ -55.376818, -26.969464 ], [ -55.373827, -26.968312 ], [ -55.371008, -26.967509 ], [ -55.369044, -26.967011 ], [ -55.36507, -26.967019 ], [ -55.365056, -26.967017 ], [ -55.364984, -26.967017 ], [ -55.362621, -26.96667 ], [ -55.360393, -26.966626 ], [ -55.360387, -26.966625 ], [ -55.360307, -26.966624 ], [ -55.35667, -26.96643 ], [ -55.352962, -26.966385 ], [ -55.352929, -26.966384 ], [ -55.352876, -26.966384 ], [ -55.347974, -26.966193 ], [ -55.343698, -26.965443 ], [ -55.340598, -26.965049 ], [ -55.338374, -26.965005 ], [ -55.338368, -26.965004 ], [ -55.338288, -26.965003 ], [ -55.335584, -26.964857 ], [ -55.333193, -26.964964 ], [ -55.330435, -26.965121 ], [ -55.33039, -26.965117 ], [ -55.330349, -26.965119 ], [ -55.326582, -26.964773 ], [ -55.323397, -26.964728 ], [ -55.32036, -26.965087 ], [ -55.31777, -26.965346 ], [ -55.315519, -26.965853 ], [ -55.313322, -26.965855 ], [ -55.313288, -26.965851 ], [ -55.313232, -26.965851 ], [ -55.309795, -26.965457 ], [ -55.305744, -26.964703 ], [ -55.302417, -26.964053 ], [ -55.297519, -26.962701 ], [ -55.293231, -26.960889 ], [ -55.290076, -26.959077 ], [ -55.287372, -26.957217 ], [ -55.284327, -26.955151 ], [ -55.282744, -26.953843 ], [ -55.280379, -26.951979 ], [ -55.278403, -26.950566 ], [ -55.276034, -26.948201 ], [ -55.272032, -26.944067 ], [ -55.267977, -26.942309 ], [ -55.264257, -26.940394 ], [ -55.25992, -26.939141 ], [ -55.257538, -26.939045 ], [ -55.257513, -26.939044 ], [ -55.257444, -26.939042 ], [ -55.254064, -26.938897 ], [ -55.25126, -26.938453 ], [ -55.247573, -26.939463 ], [ -55.245319, -26.94002 ], [ -55.242004, -26.940577 ], [ -55.238677, -26.942349 ], [ -55.232833, -26.948159 ], [ -55.231722, -26.949143 ], [ -55.228675, -26.951844 ], [ -55.224396, -26.955334 ], [ -55.221196, -26.95806 ], [ -55.219338, -26.959979 ], [ -55.217541, -26.9623 ], [ -55.216023, -26.964475 ], [ -55.210961, -26.967456 ], [ -55.20747, -26.969476 ], [ -55.205441, -26.970491 ], [ -55.203584, -26.971398 ], [ -55.203505, -26.971384 ], [ -55.203487, -26.971393 ], [ -55.195995, -26.970086 ], [ -55.189296, -26.968377 ], [ -55.183044, -26.966617 ], [ -55.178649, -26.964601 ], [ -55.174311, -26.96309 ], [ -55.169974, -26.961326 ], [ -55.166201, -26.959916 ], [ -55.161585, -26.95886 ], [ -55.154203, -26.957603 ], [ -55.149248, -26.956496 ], [ -55.142549, -26.95564 ], [ -55.139226, -26.954633 ], [ -55.13545, -26.951659 ], [ -55.132413, -26.94838 ], [ -55.128297, -26.941771 ], [ -55.127896, -26.936978 ], [ -55.128408, -26.93405 ], [ -55.131723, -26.92875 ], [ -55.135831, -26.923199 ], [ -55.136678, -26.921282 ], [ -55.138643, -26.918154 ], [ -55.141115, -26.91235 ], [ -55.142915, -26.907047 ], [ -55.144319, -26.905028 ], [ -55.144376, -26.902861 ], [ -55.144994, -26.90074 ], [ -55.146116, -26.898724 ], [ -55.146905, -26.896853 ], [ -55.147131, -26.894735 ], [ -55.147131, -26.892313 ], [ -55.146955, -26.890144 ], [ -55.146902, -26.888122 ], [ -55.146333, -26.885298 ], [ -55.145151, -26.881265 ], [ -55.143911, -26.877882 ], [ -55.142392, -26.873445 ], [ -55.140813, -26.870264 ], [ -55.138562, -26.866989 ], [ -55.137323, -26.86411 ], [ -55.135743, -26.862852 ], [ -55.129723, -26.85725 ], [ -55.127473, -26.855283 ], [ -55.124993, -26.853267 ], [ -55.122517, -26.851604 ], [ -55.12016, -26.850139 ], [ -55.117287, -26.848726 ], [ -55.114811, -26.846811 ], [ -55.109409, -26.843932 ], [ -55.105415, -26.841916 ], [ -55.099399, -26.839193 ], [ -55.09383, -26.837932 ], [ -55.090793, -26.83652 ], [ -55.08483, -26.830916 ], [ -55.08224, -26.828193 ], [ -55.080665, -26.826125 ], [ -55.079089, -26.824508 ], [ -55.077575, -26.823098 ], [ -55.076167, -26.821029 ], [ -55.074763, -26.818404 ], [ -55.073691, -26.816184 ], [ -55.071612, -26.81346 ], [ -55.069701, -26.811595 ], [ -55.067904, -26.810231 ], [ -55.065989, -26.809067 ], [ -55.064078, -26.807755 ], [ -55.062166, -26.806548 ], [ -55.059858, -26.80493 ], [ -55.058287, -26.803666 ], [ -55.056433, -26.80205 ], [ -55.053449, -26.800286 ], [ -55.05092, -26.799227 ], [ -55.049009, -26.79847 ], [ -55.046255, -26.797762 ], [ -55.043386, -26.796954 ], [ -55.041307, -26.796397 ], [ -55.038945, -26.796094 ], [ -55.036866, -26.795388 ], [ -55.034165, -26.794528 ], [ -55.03169, -26.794022 ], [ -55.029332, -26.793316 ], [ -55.026913, -26.792861 ], [ -55.024777, -26.792304 ], [ -55.022526, -26.791949 ], [ -55.019265, -26.791747 ], [ -55.016907, -26.791493 ], [ -55.013253, -26.791087 ], [ -55.010384, -26.790782 ], [ -55.00819, -26.790482 ], [ -55.005481, -26.790331 ], [ -55.003466, -26.790381 ], [ -55.000315, -26.790579 ], [ -54.997391, -26.790682 ], [ -54.997286, -26.790676 ], [ -54.99728, -26.790677 ], [ -54.994472, -26.790524 ], [ -54.992132, -26.790279 ], [ -54.989693, -26.790474 ], [ -54.986653, -26.790776 ], [ -54.984123, -26.790724 ], [ -54.981651, -26.790873 ], [ -54.979232, -26.791377 ], [ -54.977317, -26.792235 ], [ -54.975014, -26.79233 ], [ -54.972763, -26.792229 ], [ -54.97276, -26.792229 ], [ -54.972651, -26.792224 ], [ -54.969954, -26.791665 ], [ -54.967143, -26.791161 ], [ -54.964724, -26.790703 ], [ -54.962477, -26.790194 ], [ -54.959612, -26.788933 ], [ -54.957815, -26.786761 ], [ -54.956297, -26.785247 ], [ -54.954165, -26.783326 ], [ -54.953039, -26.781659 ], [ -54.951414, -26.779437 ], [ -54.950289, -26.777367 ], [ -54.948496, -26.774186 ], [ -54.947546, -26.771967 ], [ -54.946646, -26.769997 ], [ -54.945921, -26.76808 ], [ -54.944799, -26.765555 ], [ -54.943845, -26.763432 ], [ -54.942609, -26.760458 ], [ -54.942106, -26.758434 ], [ -54.942003, -26.752232 ], [ -54.941049, -26.747486 ], [ -54.941064, -26.739408 ], [ -54.941179, -26.734617 ], [ -54.941976, -26.728714 ], [ -54.942716, -26.721651 ], [ -54.943559, -26.718473 ], [ -54.944521, -26.71635 ], [ -54.94452, -26.713729 ], [ -54.943964, -26.711509 ], [ -54.944135, -26.709237 ], [ -54.9447, -26.706865 ], [ -54.944704, -26.704644 ], [ -54.944314, -26.702022 ], [ -54.944093, -26.699599 ], [ -54.943811, -26.697328 ], [ -54.943532, -26.695209 ], [ -54.942693, -26.692632 ], [ -54.942079, -26.69011 ], [ -54.941411, -26.688088 ], [ -54.940625, -26.685918 ], [ -54.939054, -26.683749 ], [ -54.937596, -26.682284 ], [ -54.935578, -26.681224 ], [ -54.933667, -26.680211 ], [ -54.931477, -26.679196 ], [ -54.929063, -26.677529 ], [ -54.92727, -26.676268 ], [ -54.925416, -26.674954 ], [ -54.92323, -26.673489 ], [ -54.921322, -26.672374 ], [ -54.919243, -26.671109 ], [ -54.916718, -26.669947 ], [ -54.914414, -26.669038 ], [ -54.911217, -26.667971 ], [ -54.908859, -26.667161 ], [ -54.906555, -26.66615 ], [ -54.903976, -26.664984 ], [ -54.90184, -26.664479 ], [ -54.899597, -26.664019 ], [ -54.897337, -26.663821 ], [ -54.89522, -26.663769 ], [ -54.895208, -26.663766 ], [ -54.895103, -26.663764 ], [ -54.892967, -26.663205 ], [ -54.890838, -26.661788 ], [ -54.888877, -26.660775 ], [ -54.886626, -26.660269 ], [ -54.883483, -26.659104 ], [ -54.880904, -26.658545 ], [ -54.878543, -26.657933 ], [ -54.87546, -26.657172 ], [ -54.872706, -26.656968 ], [ -54.87057, -26.656863 ], [ -54.868413, -26.656609 ], [ -54.866479, -26.656561 ], [ -54.866427, -26.656557 ], [ -54.866358, -26.656556 ], [ -54.863701, -26.656353 ], [ -54.861649, -26.6565 ], [ -54.859178, -26.656602 ], [ -54.859177, -26.656602 ], [ -54.856594, -26.657149 ], [ -54.854683, -26.658158 ], [ -54.852657, -26.659114 ], [ -54.850574, -26.660723 ], [ -54.849173, -26.661867 ], [ -54.848665, -26.662282 ], [ -54.847089, -26.663695 ], [ -54.845342, -26.665356 ], [ -54.843885, -26.666917 ], [ -54.842363, -26.668935 ], [ -54.840276, -26.67105 ], [ -54.838197, -26.672307 ], [ -54.836118, -26.67306 ], [ -54.834205, -26.673661 ], [ -54.832629, -26.675174 ], [ -54.830665, -26.675574 ], [ -54.825942, -26.675817 ], [ -54.825823, -26.675811 ], [ -54.825818, -26.675811 ], [ -54.823743, -26.675706 ], [ -54.820992, -26.675199 ], [ -54.818295, -26.674438 ], [ -54.815774, -26.673623 ], [ -54.81347, -26.673062 ], [ -54.811505, -26.671699 ], [ -54.810219, -26.669778 ], [ -54.809269, -26.667808 ], [ -54.807644, -26.66644 ], [ -54.806748, -26.664474 ], [ -54.806977, -26.662202 ], [ -54.805638, -26.660685 ], [ -54.80418, -26.658463 ], [ -54.803009, -26.65634 ], [ -54.801216, -26.654671 ], [ -54.799534, -26.653455 ], [ -54.800606, -26.651643 ], [ -54.799377, -26.64947 ], [ -54.797749, -26.648154 ], [ -54.796291, -26.646537 ], [ -54.794556, -26.644461 ], [ -54.793102, -26.642747 ], [ -54.79153, -26.64128 ], [ -54.789627, -26.639859 ], [ -54.78862, -26.637789 ], [ -54.787559, -26.635615 ], [ -54.786102, -26.633999 ], [ -54.784877, -26.632233 ], [ -54.783927, -26.630059 ], [ -54.783485, -26.627633 ], [ -54.782028, -26.625313 ], [ -54.781245, -26.62344 ], [ -54.781196, -26.621422 ], [ -54.781596, -26.618902 ], [ -54.781211, -26.61673 ], [ -54.780769, -26.614205 ], [ -54.780383, -26.612137 ], [ -54.78078, -26.610167 ], [ -54.780784, -26.607946 ], [ -54.78152, -26.606083 ], [ -54.781356, -26.603964 ], [ -54.781753, -26.601944 ], [ -54.782211, -26.599874 ], [ -54.782947, -26.597456 ], [ -54.783565, -26.595541 ], [ -54.784923, -26.59403 ], [ -54.786388, -26.59186 ], [ -54.786895, -26.589796 ], [ -54.785616, -26.588131 ], [ -54.783432, -26.588178 ], [ -54.783428, -26.58817 ], [ -54.783305, -26.588173 ], [ -54.782302, -26.585949 ], [ -54.783599, -26.583578 ], [ -54.784839, -26.58131 ], [ -54.786361, -26.5797 ], [ -54.787994, -26.578039 ], [ -54.789626, -26.57673 ], [ -54.79103, -26.575269 ], [ -54.792438, -26.573808 ], [ -54.79441, -26.571641 ], [ -54.796039, -26.569881 ], [ -54.797557, -26.56837 ], [ -54.798572, -26.566301 ], [ -54.800266, -26.564388 ], [ -54.80212, -26.562677 ], [ -54.803696, -26.561319 ], [ -54.804706, -26.5594 ], [ -54.804996, -26.55693 ], [ -54.805618, -26.554759 ], [ -54.804951, -26.552384 ], [ -54.804283, -26.550416 ], [ -54.803112, -26.548448 ], [ -54.801876, -26.546527 ], [ -54.800872, -26.544402 ], [ -54.800544, -26.541629 ], [ -54.800102, -26.539304 ], [ -54.79932, -26.53678 ], [ -54.798431, -26.534859 ], [ -54.797088, -26.53299 ], [ -54.795692, -26.531274 ], [ -54.794067, -26.529807 ], [ -54.792278, -26.527985 ], [ -54.79161, -26.525611 ], [ -54.790549, -26.523287 ], [ -54.788871, -26.521569 ], [ -54.787532, -26.519951 ], [ -54.78625, -26.516417 ], [ -54.784797, -26.514998 ], [ -54.783004, -26.513428 ], [ -54.781382, -26.511862 ], [ -54.779815, -26.510044 ], [ -54.778079, -26.508425 ], [ -54.776236, -26.507107 ], [ -54.773936, -26.505387 ], [ -54.772318, -26.504118 ], [ -54.770075, -26.503008 ], [ -54.768229, -26.502142 ], [ -54.766321, -26.501534 ], [ -54.764361, -26.500872 ], [ -54.761892, -26.499911 ], [ -54.759935, -26.498997 ], [ -54.757418, -26.497828 ], [ -54.755171, -26.496765 ], [ -54.753439, -26.495546 ], [ -54.751257, -26.493727 ], [ -54.749078, -26.491301 ], [ -54.747568, -26.489477 ], [ -54.744493, -26.485535 ], [ -54.743154, -26.483864 ], [ -54.740693, -26.481892 ], [ -54.738958, -26.48032 ], [ -54.737565, -26.478603 ], [ -54.735719, -26.476276 ], [ -54.733537, -26.474758 ], [ -54.731469, -26.473337 ], [ -54.729791, -26.47187 ], [ -54.728165, -26.470403 ], [ -54.726376, -26.469036 ], [ -54.724755, -26.467771 ], [ -54.722909, -26.466251 ], [ -54.721013, -26.464176 ], [ -54.719273, -26.46301 ], [ -54.717041, -26.461591 ], [ -54.715191, -26.460127 ], [ -54.713852, -26.458557 ], [ -54.712231, -26.456634 ], [ -54.710388, -26.455167 ], [ -54.708427, -26.453901 ], [ -54.706623, -26.452776 ], [ -54.703789, -26.449848 ], [ -54.70335, -26.447879 ], [ -54.702736, -26.445909 ], [ -54.701626, -26.44318 ], [ -54.699779, -26.441308 ], [ -54.698497, -26.43954 ], [ -54.698227, -26.436965 ], [ -54.697059, -26.433835 ], [ -54.696563, -26.431359 ], [ -54.696067, -26.428884 ], [ -54.695461, -26.426664 ], [ -54.694461, -26.42373 ], [ -54.693847, -26.421762 ], [ -54.69358, -26.418834 ], [ -54.693759, -26.416106 ], [ -54.693652, -26.41404 ], [ -54.693939, -26.411923 ], [ -54.69395, -26.408894 ], [ -54.694133, -26.406218 ], [ -54.693465, -26.403996 ], [ -54.69437, -26.401627 ], [ -54.694606, -26.398549 ], [ -54.693996, -26.396426 ], [ -54.693893, -26.393855 ], [ -54.69379, -26.391734 ], [ -54.694469, -26.38901 ], [ -54.694366, -26.386839 ], [ -54.695438, -26.384976 ], [ -54.694827, -26.38255 ], [ -54.694389, -26.38053 ], [ -54.694679, -26.377758 ], [ -54.693622, -26.375534 ], [ -54.692397, -26.373257 ], [ -54.691619, -26.371239 ], [ -54.690059, -26.36871 ], [ -54.688666, -26.366636 ], [ -54.686271, -26.363146 ], [ -54.684985, -26.361275 ], [ -54.683146, -26.35915 ], [ -54.681864, -26.35713 ], [ -54.680808, -26.355055 ], [ -54.679022, -26.352526 ], [ -54.677573, -26.350859 ], [ -54.675955, -26.348732 ], [ -54.675013, -26.346815 ], [ -54.673899, -26.344591 ], [ -54.672114, -26.342514 ], [ -54.671004, -26.340795 ], [ -54.669886, -26.339126 ], [ -54.668379, -26.337761 ], [ -54.66704, -26.336137 ], [ -54.665701, -26.33447 ], [ -54.665266, -26.332401 ], [ -54.66398, -26.330276 ], [ -54.662084, -26.328958 ], [ -54.660295, -26.327739 ], [ -54.658281, -26.326725 ], [ -54.656725, -26.324905 ], [ -54.655157, -26.323436 ], [ -54.653318, -26.322116 ], [ -54.651029, -26.320295 ], [ -54.649694, -26.318017 ], [ -54.648919, -26.31544 ], [ -54.64842, -26.313272 ], [ -54.647702, -26.310996 ], [ -54.646482, -26.309125 ], [ -54.646154, -26.307004 ], [ -54.64644, -26.304586 ], [ -54.646562, -26.302413 ], [ -54.647073, -26.300344 ], [ -54.647306, -26.298226 ], [ -54.648652, -26.296618 ], [ -54.649839, -26.294755 ], [ -54.652139, -26.293399 ], [ -54.654382, -26.292901 ], [ -54.656621, -26.292552 ], [ -54.659093, -26.291251 ], [ -54.660047, -26.289332 ], [ -54.660562, -26.287164 ], [ -54.661409, -26.284949 ], [ -54.663038, -26.283538 ], [ -54.66506, -26.281727 ], [ -54.667024, -26.280524 ], [ -54.669996, -26.279219 ], [ -54.672071, -26.278166 ], [ -54.673811, -26.276709 ], [ -54.675665, -26.275099 ], [ -54.67713, -26.273287 ], [ -54.679037, -26.272028 ], [ -54.679438, -26.26986 ], [ -54.679503, -26.267792 ], [ -54.67951, -26.265671 ], [ -54.679182, -26.263453 ], [ -54.677904, -26.26062 ], [ -54.676569, -26.259003 ], [ -54.674894, -26.257128 ], [ -54.673166, -26.254952 ], [ -54.67127, -26.253233 ], [ -54.669039, -26.25166 ], [ -54.666692, -26.250141 ], [ -54.664739, -26.248922 ], [ -54.662172, -26.247097 ], [ -54.659601, -26.245575 ], [ -54.657869, -26.244106 ], [ -54.655919, -26.242437 ], [ -54.654187, -26.241272 ], [ -54.651956, -26.239901 ], [ -54.649884, -26.239035 ], [ -54.647824, -26.23802 ], [ -54.646146, -26.236349 ], [ -54.643857, -26.234928 ], [ -54.641854, -26.233309 ], [ -54.639676, -26.232338 ], [ -54.637047, -26.231474 ], [ -54.635205, -26.230156 ], [ -54.633366, -26.228584 ], [ -54.630795, -26.227918 ], [ -54.629063, -26.226753 ], [ -54.626942, -26.225435 ], [ -54.624535, -26.225126 ], [ -54.622864, -26.223554 ], [ -54.621307, -26.221882 ], [ -54.619408, -26.220617 ], [ -54.618126, -26.218845 ], [ -54.617691, -26.216419 ], [ -54.616466, -26.2147 ], [ -54.615753, -26.212326 ], [ -54.615482, -26.20955 ], [ -54.617229, -26.206777 ], [ -54.618301, -26.204309 ], [ -54.619427, -26.202648 ], [ -54.621002, -26.200483 ], [ -54.622406, -26.198568 ], [ -54.623814, -26.19696 ], [ -54.625725, -26.195047 ], [ -54.627297, -26.193641 ], [ -54.629036, -26.192384 ], [ -54.630772, -26.191329 ], [ -54.632179, -26.189672 ], [ -54.634308, -26.188615 ], [ -54.636895, -26.186456 ], [ -54.63863, -26.185048 ], [ -54.640538, -26.183591 ], [ -54.643117, -26.18279 ], [ -54.644215, -26.181085 ], [ -54.646115, -26.180039 ], [ -54.648888, -26.179627 ], [ -54.6508, -26.178222 ], [ -54.652982, -26.177272 ], [ -54.654943, -26.17632 ], [ -54.656293, -26.174504 ], [ -54.6582, -26.173503 ], [ -54.660329, -26.171944 ], [ -54.662683, -26.169781 ], [ -54.663698, -26.167968 ], [ -54.66533, -26.16565 ], [ -54.667409, -26.162629 ], [ -54.668649, -26.16026 ], [ -54.670061, -26.157338 ], [ -54.67119, -26.15411 ], [ -54.671709, -26.150832 ], [ -54.672105, -26.148058 ], [ -54.673067, -26.145485 ], [ -54.673074, -26.143469 ], [ -54.672636, -26.140894 ], [ -54.671972, -26.138668 ], [ -54.669965, -26.138109 ], [ -54.667726, -26.137798 ], [ -54.665609, -26.136982 ], [ -54.664663, -26.134461 ], [ -54.663217, -26.132584 ], [ -54.661939, -26.130213 ], [ -54.660157, -26.128641 ], [ -54.658318, -26.127724 ], [ -54.656812, -26.125954 ], [ -54.655873, -26.124084 ], [ -54.653977, -26.123018 ], [ -54.651963, -26.121752 ], [ -54.650239, -26.120634 ], [ -54.6484, -26.118711 ], [ -54.647179, -26.116335 ], [ -54.646126, -26.114313 ], [ -54.645745, -26.112343 ], [ -54.644799, -26.110424 ], [ -54.643689, -26.108602 ], [ -54.643135, -26.106329 ], [ -54.642365, -26.104257 ], [ -54.641815, -26.102237 ], [ -54.641541, -26.100013 ], [ -54.641331, -26.09769 ], [ -54.641278, -26.095575 ], [ -54.64135, -26.092948 ], [ -54.641636, -26.089973 ], [ -54.641758, -26.087905 ], [ -54.641934, -26.085882 ], [ -54.641724, -26.083459 ], [ -54.642903, -26.081144 ], [ -54.643585, -26.078573 ], [ -54.644039, -26.076455 ], [ -54.644161, -26.074332 ], [ -54.645008, -26.072217 ], [ -54.645687, -26.070048 ], [ -54.646141, -26.068082 ], [ -54.647488, -26.066068 ], [ -54.648613, -26.064204 ], [ -54.649407, -26.061782 ], [ -54.649693, -26.059714 ], [ -54.651265, -26.058005 ], [ -54.65334, -26.055436 ], [ -54.654358, -26.053321 ], [ -54.655259, -26.051457 ], [ -54.656273, -26.049237 ], [ -54.657677, -26.047528 ], [ -54.658188, -26.044804 ], [ -54.659928, -26.043294 ], [ -54.661217, -26.041583 ], [ -54.662175, -26.039515 ], [ -54.662801, -26.037095 ], [ -54.663983, -26.035031 ], [ -54.665494, -26.033114 ], [ -54.666623, -26.030947 ], [ -54.667523, -26.028782 ], [ -54.66837, -26.026816 ], [ -54.668996, -26.024651 ], [ -54.670007, -26.022732 ], [ -54.671243, -26.020971 ], [ -54.672422, -26.019211 ], [ -54.6736, -26.017191 ], [ -54.674504, -26.015076 ], [ -54.675626, -26.013315 ], [ -54.676191, -26.011051 ], [ -54.676313, -26.008461 ], [ -54.676549, -26.006004 ], [ -54.676568, -26.003853 ], [ -54.676213, -25.999441 ], [ -54.675222, -25.996443 ], [ -54.672894, -25.992704 ], [ -54.671342, -25.989772 ], [ -54.667943, -25.9888 ], [ -54.666836, -25.98678 ], [ -54.663769, -25.98566 ], [ -54.661824, -25.983985 ], [ -54.658928, -25.983272 ], [ -54.654686, -25.982854 ], [ -54.65249, -25.982504 ], [ -54.650076, -25.982994 ], [ -54.647951, -25.982936 ], [ -54.64583, -25.983785 ], [ -54.643595, -25.984129 ], [ -54.641142, -25.984626 ], [ -54.637621, -25.985319 ], [ -54.6336, -25.985302 ], [ -54.630975, -25.985746 ], [ -54.62885, -25.986952 ], [ -54.626897, -25.98765 ], [ -54.623266, -25.988441 ], [ -54.623161, -25.98843 ], [ -54.623134, -25.988436 ], [ -54.620792, -25.988176 ], [ -54.618842, -25.98711 ], [ -54.616168, -25.986494 ], [ -54.613887, -25.984617 ], [ -54.611602, -25.984054 ], [ -54.609488, -25.982582 ], [ -54.608214, -25.980661 ], [ -54.60689, -25.97743 ], [ -54.606631, -25.973547 ], [ -54.606028, -25.97117 ], [ -54.604811, -25.968543 ], [ -54.605215, -25.966228 ], [ -54.605002, -25.963754 ], [ -54.603953, -25.961128 ], [ -54.606261, -25.957856 ], [ -54.607497, -25.955138 ], [ -54.609072, -25.952573 ], [ -54.611254, -25.951015 ], [ -54.613219, -25.948503 ], [ -54.614516, -25.946895 ], [ -54.61642, -25.944631 ], [ -54.618163, -25.941712 ], [ -54.619624, -25.939048 ], [ -54.619971, -25.936578 ], [ -54.620322, -25.933701 ], [ -54.619231, -25.928551 ], [ -54.619353, -25.926034 ], [ -54.622104, -25.922263 ], [ -54.621337, -25.919684 ], [ -54.619727, -25.917307 ], [ -54.619349, -25.914887 ], [ -54.618464, -25.912714 ], [ -54.617804, -25.910641 ], [ -54.615756, -25.908318 ], [ -54.614211, -25.904528 ], [ -54.613776, -25.902306 ], [ -54.612391, -25.900032 ], [ -54.612902, -25.898066 ], [ -54.611784, -25.895792 ], [ -54.608523, -25.88636 ], [ -54.607565, -25.884319 ], [ -54.606157, -25.882309 ], [ -54.603712, -25.879425 ], [ -54.602385, -25.877815 ], [ -54.600336, -25.87475 ], [ -54.59852, -25.871811 ], [ -54.596731, -25.868858 ], [ -54.59316, -25.862928 ], [ -54.591711, -25.86034 ], [ -54.589109, -25.855192 ], [ -54.59057, -25.853687 ], [ -54.590185, -25.85136 ], [ -54.58854, -25.84967 ], [ -54.586801, -25.845922 ], [ -54.585878, -25.843326 ], [ -54.585241, -25.841352 ], [ -54.584497, -25.838741 ], [ -54.583066, -25.832925 ], [ -54.582532, -25.830846 ], [ -54.58151, -25.828906 ], [ -54.581014, -25.826854 ], [ -54.582475, -25.825242 ], [ -54.584085, -25.824008 ], [ -54.585321, -25.822391 ], [ -54.586004, -25.820069 ], [ -54.5864, -25.817134 ], [ -54.586786, -25.815051 ], [ -54.587663, -25.813025 ], [ -54.588826, -25.811198 ], [ -54.590314, -25.809373 ], [ -54.592084, -25.807534 ], [ -54.595037, -25.804774 ], [ -54.596704, -25.8032 ], [ -54.598165, -25.801751 ], [ -54.600103, -25.800009 ], [ -54.602159, -25.798363 ], [ -54.604017, -25.796929 ], [ -54.605841, -25.795472 ], [ -54.607572, -25.793953 ], [ -54.609331, -25.792109 ], [ -54.610594, -25.790415 ], [ -54.611677, -25.78871 ], [ -54.612841, -25.786801 ], [ -54.614401, -25.7841 ], [ -54.615702, -25.781765 ], [ -54.618254, -25.777079 ], [ -54.619543, -25.774731 ], [ -54.620665, -25.772781 ], [ -54.623499, -25.768156 ], [ -54.625029, -25.765573 ], [ -54.626284, -25.763193 ], [ -54.627261, -25.761019 ], [ -54.628085, -25.758695 ], [ -54.628684, -25.756349 ], [ -54.62908, -25.754068 ], [ -54.629351, -25.75163 ], [ -54.629527, -25.74904 ], [ -54.629771, -25.743852 ], [ -54.629958, -25.741262 ], [ -54.630202, -25.738178 ], [ -54.630396, -25.735437 ], [ -54.630625, -25.732698 ], [ -54.630854, -25.730701 ], [ -54.631327, -25.728109 ], [ -54.631865, -25.72594 ], [ -54.63262, -25.723514 ], [ -54.633746, -25.720506 ], [ -54.63505, -25.717536 ], [ -54.635996, -25.715577 ], [ -54.63711, -25.713424 ], [ -54.638289, -25.711266 ], [ -54.639415, -25.709559 ], [ -54.640677, -25.707938 ], [ -54.642001, -25.706366 ], [ -54.643756, -25.70427 ], [ -54.645106, -25.702468 ], [ -54.646209, -25.700648 ], [ -54.647143, -25.698851 ], [ -54.648273, -25.696595 ], [ -54.64923, -25.694533 ], [ -54.650085, -25.692444 ], [ -54.65356, -25.682482 ], [ -54.655353, -25.68014 ], [ -54.654975, -25.676607 ], [ -54.654037, -25.674536 ], [ -54.652381, -25.671852 ], [ -54.650554, -25.670336 ], [ -54.64622, -25.668202 ], [ -54.643721, -25.66663 ], [ -54.641116, -25.665255 ], [ -54.638388, -25.664892 ], [ -54.636385, -25.664585 ], [ -54.633993, -25.66432 ], [ -54.631602, -25.664213 ], [ -54.629042, -25.663866 ], [ -54.62694, -25.664904 ], [ -54.623652, -25.666506 ], [ -54.620031, -25.667351 ], [ -54.619334, -25.66763 ], [ -54.61791, -25.6682 ], [ -54.615455, -25.669348 ], [ -54.613338, -25.670147 ], [ -54.610382, -25.6714 ], [ -54.607986, -25.672448 ], [ -54.605922, -25.672993 ], [ -54.602917, -25.673237 ], [ -54.602916, -25.673237 ], [ -54.600189, -25.673527 ], [ -54.597961, -25.673468 ], [ -54.597937, -25.673465 ], [ -54.597829, -25.673462 ], [ -54.594605, -25.673092 ], [ -54.592717, -25.672383 ], [ -54.590554, -25.671214 ], [ -54.587437, -25.670643 ], [ -54.585217, -25.669777 ], [ -54.582993, -25.668307 ], [ -54.58128, -25.66704 ], [ -54.579396, -25.665314 ], [ -54.578511, -25.663143 ], [ -54.576912, -25.660866 ], [ -54.576699, -25.658848 ], [ -54.578221, -25.655476 ], [ -54.57985, -25.652559 ], [ -54.581303, -25.65115 ], [ -54.583539, -25.649294 ], [ -54.585331, -25.646223 ], [ -54.587464, -25.643358 ], [ -54.588147, -25.640232 ], [ -54.588883, -25.637462 ], [ -54.590066, -25.634943 ], [ -54.590298, -25.632627 ], [ -54.591866, -25.630563 ], [ -54.590207, -25.628895 ], [ -54.591336, -25.625772 ], [ -54.592572, -25.622247 ], [ -54.592587, -25.620124 ], [ -54.592263, -25.617351 ], [ -54.592171, -25.613872 ], [ -54.593014, -25.611906 ], [ -54.592755, -25.608426 ], [ -54.592431, -25.605954 ], [ -54.591729, -25.602468 ], [ -54.590462, -25.599084 ], [ -54.590756, -25.596214 ], [ -54.589573, -25.590581 ], [ -54.583967, -25.590509 ], [ -54.581862, -25.590291 ], [ -54.579092, -25.589694 ], [ -54.571562, -25.588445 ], [ -54.569139, -25.588184 ], [ -54.566896, -25.587962 ], [ -54.564718, -25.587239 ], [ -54.562982, -25.586177 ], [ -54.560737, -25.585219 ], [ -54.558719, -25.584794 ], [ -54.556697, -25.584603 ], [ -54.554462, -25.58463 ], [ -54.552367, -25.585004 ], [ -54.550162, -25.585992 ], [ -54.548244, -25.587272 ], [ -54.546348, -25.588737 ], [ -54.544204, -25.590221 ], [ -54.542268, -25.591342 ], [ -54.540295, -25.592424 ], [ -54.537125, -25.593717 ], [ -54.534905, -25.594791 ], [ -54.533268, -25.59596 ], [ -54.531575, -25.597944 ], [ -54.530514, -25.599887 ], [ -54.529992, -25.602039 ], [ -54.531899, -25.61053 ], [ -54.537945, -25.61462 ], [ -54.537583, -25.619158 ], [ -54.535794, -25.621258 ], [ -54.529397, -25.626291 ], [ -54.527081, -25.628637 ], [ -54.522568, -25.628418 ], [ -54.517132, -25.624813 ], [ -54.51182, -25.618982 ], [ -54.509626, -25.617704 ], [ -54.505491, -25.617178 ], [ -54.503301, -25.614856 ], [ -54.50097, -25.614227 ], [ -54.497232, -25.615879 ], [ -54.490285, -25.62023 ], [ -54.487718, -25.622576 ], [ -54.485145, -25.62422 ], [ -54.483859, -25.626331 ], [ -54.479485, -25.628683 ], [ -54.474988, -25.632204 ], [ -54.470997, -25.63526 ], [ -54.468811, -25.636671 ], [ -54.467202, -25.63896 ], [ -54.465298, -25.641859 ], [ -54.461331, -25.644781 ], [ -54.456989, -25.650263 ], [ -54.451364, -25.656798 ], [ -54.445619, -25.665074 ], [ -54.444105, -25.67171 ], [ -54.441457, -25.684283 ], [ -54.443613, -25.686586 ], [ -54.443819, -25.68901 ], [ -54.443189, -25.69213 ], [ -54.443895, -25.695314 ], [ -54.436876, -25.695815 ], [ -54.431867, -25.696529 ], [ -54.427629, -25.694795 ], [ -54.424664, -25.691663 ], [ -54.424012, -25.688758 ], [ -54.423829, -25.685174 ], [ -54.423619, -25.683 ], [ -54.423909, -25.680539 ], [ -54.424333, -25.677957 ], [ -54.424931, -25.675052 ], [ -54.425218, -25.672961 ], [ -54.425382, -25.669122 ], [ -54.42553, -25.663394 ], [ -54.425527, -25.660716 ], [ -54.425183, -25.658683 ], [ -54.423985, -25.656953 ], [ -54.4222, -25.655234 ], [ -54.420052, -25.653344 ], [ -54.41845, -25.652081 ], [ -54.414685, -25.649432 ], [ -54.412981, -25.648156 ], [ -54.411013, -25.646397 ], [ -54.409266, -25.645382 ], [ -54.406553, -25.644713 ], [ -54.403433, -25.643736 ], [ -54.401102, -25.642724 ], [ -54.399343, -25.641587 ], [ -54.397688, -25.640042 ], [ -54.396036, -25.637927 ], [ -54.394804, -25.636048 ], [ -54.393518, -25.633934 ], [ -54.39208, -25.631432 ], [ -54.390777, -25.629093 ], [ -54.389842, -25.626839 ], [ -54.389331, -25.624571 ], [ -54.388923, -25.621227 ], [ -54.388591, -25.618849 ], [ -54.388519, -25.616648 ], [ -54.388839, -25.614666 ], [ -54.390001, -25.609707 ], [ -54.390871, -25.606535 ], [ -54.391305, -25.604458 ], [ -54.39113, -25.60236 ], [ -54.390252, -25.600353 ], [ -54.388883, -25.59885 ], [ -54.386527, -25.597332 ], [ -54.384658, -25.59642 ], [ -54.381763, -25.595218 ], [ -54.379092, -25.594236 ], [ -54.377055, -25.593704 ], [ -54.374911, -25.593597 ], [ -54.372481, -25.594078 ], [ -54.370425, -25.594686 ], [ -54.368598, -25.59568 ], [ -54.367041, -25.597702 ], [ -54.365847, -25.599735 ], [ -54.364695, -25.601444 ], [ -54.363265, -25.603014 ], [ -54.361483, -25.604197 ], [ -54.359051, -25.605326 ], [ -54.356644, -25.606131 ], [ -54.354118, -25.606552 ], [ -54.352058, -25.606518 ], [ -54.34967, -25.605801 ], [ -54.347542, -25.604595 ], [ -54.34563, -25.603098 ], [ -54.343815, -25.601437 ], [ -54.342228, -25.599647 ], [ -54.340793, -25.597485 ], [ -54.339511, -25.595367 ], [ -54.338436, -25.593437 ], [ -54.337436, -25.591472 ], [ -54.335452, -25.587103 ], [ -54.334459, -25.584854 ], [ -54.33249, -25.580349 ], [ -54.331212, -25.577175 ], [ -54.330133, -25.574329 ], [ -54.329171, -25.571966 ], [ -54.328244, -25.570085 ], [ -54.326781, -25.568428 ], [ -54.324874, -25.56711 ], [ -54.322741, -25.566131 ], [ -54.320483, -25.565361 ], [ -54.316828, -25.564315 ], [ -54.314387, -25.563653 ], [ -54.311961, -25.562946 ], [ -54.307886, -25.561536 ], [ -54.30469, -25.560329 ], [ -54.302796, -25.559566 ], [ -54.301014, -25.558648 ], [ -54.299435, -25.557275 ], [ -54.296728, -25.556346 ], [ -54.294451, -25.555791 ], [ -54.291601, -25.55507 ], [ -54.289526, -25.554786 ], [ -54.287241, -25.554944 ], [ -54.285287, -25.555412 ], [ -54.283029, -25.556302 ], [ -54.281007, -25.557519 ], [ -54.279447, -25.559162 ], [ -54.27403, -25.568014 ], [ -54.268685, -25.576666 ], [ -54.265748, -25.581375 ], [ -54.264273, -25.583725 ], [ -54.26203, -25.58724 ], [ -54.260585, -25.589102 ], [ -54.258963, -25.590672 ], [ -54.256934, -25.592276 ], [ -54.254279, -25.594145 ], [ -54.252539, -25.595249 ], [ -54.250735, -25.596138 ], [ -54.248396, -25.596823 ], [ -54.246346, -25.596867 ], [ -54.244282, -25.596415 ], [ -54.241848, -25.595539 ], [ -54.239723, -25.59445 ], [ -54.238026, -25.592913 ], [ -54.236805, -25.591255 ], [ -54.236015, -25.589035 ], [ -54.235828, -25.58668 ], [ -54.235885, -25.584337 ], [ -54.236351, -25.580242 ], [ -54.236881, -25.576103 ], [ -54.237411, -25.573273 ], [ -54.23772, -25.571169 ], [ -54.237388, -25.568678 ], [ -54.237137, -25.566673 ], [ -54.236564, -25.564733 ], [ -54.23513, -25.563219 ], [ -54.233375, -25.562017 ], [ -54.231369, -25.561407 ], [ -54.229339, -25.561447 ], [ -54.227233, -25.561847 ], [ -54.224418, -25.562866 ], [ -54.222476, -25.563795 ], [ -54.220584, -25.565143 ], [ -54.218188, -25.567362 ], [ -54.215508, -25.570007 ], [ -54.213933, -25.571476 ], [ -54.205086, -25.578747 ], [ -54.197977, -25.581648 ], [ -54.194437, -25.583088 ], [ -54.189945, -25.58485 ], [ -54.187592, -25.585396 ], [ -54.184059, -25.585526 ], [ -54.181579, -25.585335 ], [ -54.179252, -25.584597 ], [ -54.177097, -25.583237 ], [ -54.175216, -25.581385 ], [ -54.173805, -25.579842 ], [ -54.172527, -25.577967 ], [ -54.172931, -25.575754 ], [ -54.175445, -25.572618 ], [ -54.177154, -25.570515 ], [ -54.178901, -25.568445 ], [ -54.180576, -25.566822 ], [ -54.182503, -25.565546 ], [ -54.184406, -25.564655 ], [ -54.186569, -25.563904 ], [ -54.188843, -25.563291 ], [ -54.191969, -25.562584 ], [ -54.195112, -25.56187 ], [ -54.197045, -25.561357 ], [ -54.199467, -25.560547 ], [ -54.202378, -25.559198 ], [ -54.204434, -25.558052 ], [ -54.206338, -25.556596 ], [ -54.207864, -25.554817 ], [ -54.208874, -25.553005 ], [ -54.209607, -25.550674 ], [ -54.209847, -25.548404 ], [ -54.20971, -25.546373 ], [ -54.209138, -25.544073 ], [ -54.208188, -25.542116 ], [ -54.206608, -25.54014 ], [ -54.205048, -25.538671 ], [ -54.203179, -25.537298 ], [ -54.200985, -25.535978 ], [ -54.19896, -25.535005 ], [ -54.196308, -25.534057 ], [ -54.194161, -25.533653 ], [ -54.188875, -25.534902 ], [ -54.18654, -25.535631 ], [ -54.181881, -25.537122 ], [ -54.179523, -25.537897 ], [ -54.174831, -25.539464 ], [ -54.17131, -25.540628 ], [ -54.168784, -25.541408 ], [ -54.166568, -25.54174 ], [ -54.164538, -25.541385 ], [ -54.162482, -25.54033 ], [ -54.160712, -25.538944 ], [ -54.159161, -25.537391 ], [ -54.156239, -25.534137 ], [ -54.142689, -25.526815 ], [ -54.140183, -25.523412 ], [ -54.138535, -25.521636 ], [ -54.13649, -25.519553 ], [ -54.13213, -25.516343 ], [ -54.129143, -25.51506 ], [ -54.127712, -25.512881 ], [ -54.12523, -25.51115 ], [ -54.123415, -25.509423 ], [ -54.121702, -25.507943 ], [ -54.11955, -25.506114 ], [ -54.11757, -25.504029 ], [ -54.115091, -25.50159 ], [ -54.113141, -25.497455 ], [ -54.109067, -25.496123 ], [ -54.10632, -25.496123 ], [ -54.10308, -25.49496 ], [ -54.100253, -25.496539 ], [ -54.097426, -25.497621 ], [ -54.094927, -25.500865 ], [ -54.094431, -25.504773 ], [ -54.094679, -25.508765 ], [ -54.095179, -25.513257 ], [ -54.096842, -25.517997 ], [ -54.097174, -25.521823 ], [ -54.099169, -25.525648 ], [ -54.100669, -25.527811 ], [ -54.102416, -25.529474 ], [ -54.106238, -25.532468 ], [ -54.108485, -25.535047 ], [ -54.109399, -25.537542 ], [ -54.112394, -25.539371 ], [ -54.113641, -25.542032 ], [ -54.116136, -25.544693 ], [ -54.116968, -25.547022 ], [ -54.118299, -25.549268 ], [ -54.121126, -25.552261 ], [ -54.122205, -25.554674 ], [ -54.122957, -25.556837 ], [ -54.124868, -25.558084 ], [ -54.1257, -25.559164 ], [ -54.126032, -25.561493 ], [ -54.126116, -25.56374 ], [ -54.126448, -25.565485 ], [ -54.126364, -25.567398 ], [ -54.126779, -25.569561 ], [ -54.127115, -25.57139 ], [ -54.127447, -25.572971 ], [ -54.127996, -25.575838 ], [ -54.126978, -25.577797 ], [ -54.125452, -25.580508 ], [ -54.124147, -25.583325 ], [ -54.123071, -25.585938 ], [ -54.121706, -25.588955 ], [ -54.121244, -25.591122 ], [ -54.120111, -25.593279 ], [ -54.118581, -25.596598 ], [ -54.116384, -25.599511 ], [ -54.114852, -25.603078 ], [ -54.112773, -25.605183 ], [ -54.111919, -25.607346 ], [ -54.110111, -25.610659 ], [ -54.107635, -25.61382 ], [ -54.106048, -25.616937 ], [ -54.104243, -25.619447 ], [ -54.100608, -25.621892 ], [ -54.096992, -25.621862 ], [ -54.09505, -25.621345 ], [ -54.092667, -25.620317 ], [ -54.091298, -25.61799 ], [ -54.08875, -25.616351 ], [ -54.08767, -25.613067 ], [ -54.087079, -25.611045 ], [ -54.086148, -25.609172 ], [ -54.08545, -25.606746 ], [ -54.084858, -25.604268 ], [ -54.084217, -25.601592 ], [ -54.083676, -25.599465 ], [ -54.083821, -25.596188 ], [ -54.084401, -25.593472 ], [ -54.084881, -25.590046 ], [ -54.085625, -25.587477 ], [ -54.085537, -25.584652 ], [ -54.084671, -25.582476 ], [ -54.08347, -25.580149 ], [ -54.082428, -25.578371 ], [ -54.08157, -25.574936 ], [ -54.082215, -25.57116 ], [ -54.080853, -25.568072 ], [ -54.082482, -25.566773 ], [ -54.083, -25.564455 ], [ -54.082577, -25.562033 ], [ -54.08004, -25.559439 ], [ -54.077042, -25.559567 ], [ -54.075085, -25.560005 ], [ -54.073795, -25.561964 ], [ -54.071329, -25.564114 ], [ -54.069479, -25.565714 ], [ -54.068788, -25.56793 ], [ -54.068323, -25.570452 ], [ -54.06801, -25.573626 ], [ -54.06582, -25.576081 ], [ -54.062965, -25.578682 ], [ -54.061885, -25.580592 ], [ -54.060146, -25.582745 ], [ -54.058677, -25.584755 ], [ -54.056327, -25.585997 ], [ -54.053367, -25.587685 ], [ -54.051414, -25.588278 ], [ -54.048461, -25.588708 ], [ -54.044852, -25.588225 ], [ -54.043532, -25.586453 ], [ -54.041259, -25.58598 ], [ -54.037999, -25.58343 ], [ -54.036011, -25.582455 ], [ -54.034188, -25.580826 ], [ -54.032311, -25.579554 ], [ -54.030381, -25.577975 ], [ -54.029286, -25.576048 ], [ -54.029206, -25.57297 ], [ -54.028054, -25.571146 ], [ -54.026184, -25.569216 ], [ -54.024357, -25.568087 ], [ -54.02282, -25.566161 ], [ -54.018978, -25.566735 ], [ -54.016353, -25.567267 ], [ -54.012121, -25.568749 ], [ -54.010492, -25.570147 ], [ -54.00892, -25.571953 ], [ -54.008215, -25.575829 ], [ -54.00797, -25.577946 ], [ -54.006105, -25.581111 ], [ -54.003862, -25.583007 ], [ -54.001512, -25.584248 ], [ -54.000596, -25.584506 ], [ -53.998891, -25.584983 ], [ -53.99632, -25.586125 ], [ -53.992587, -25.58738 ], [ -53.990253, -25.587682 ], [ -53.988307, -25.588389 ], [ -53.98614, -25.590001 ], [ -53.984141, -25.590255 ], [ -53.981356, -25.590808 ], [ -53.979411, -25.592122 ], [ -53.977633, -25.593633 ], [ -53.975741, -25.595397 ], [ -53.973742, -25.59691 ], [ -53.972182, -25.598222 ], [ -53.97052, -25.60019 ], [ -53.970684, -25.602307 ], [ -53.972628, -25.602962 ], [ -53.974909, -25.603463 ], [ -53.976966, -25.60387 ], [ -53.977912, -25.606439 ], [ -53.97708, -25.609313 ], [ -53.977248, -25.611633 ], [ -53.97647, -25.61375 ], [ -53.974246, -25.615009 ], [ -53.972409, -25.613902 ], [ -53.97041, -25.612691 ], [ -53.967961, -25.611884 ], [ -53.965958, -25.611581 ], [ -53.964848, -25.613548 ], [ -53.965073, -25.615764 ], [ -53.965126, -25.618337 ], [ -53.96418, -25.621108 ], [ -53.963238, -25.623075 ], [ -53.96168, -25.625192 ], [ -53.960905, -25.627363 ], [ -53.960066, -25.629325 ], [ -53.961073, -25.631546 ], [ -53.962237, -25.633712 ], [ -53.963738, -25.635677 ], [ -53.963349, -25.637745 ], [ -53.963293, -25.640014 ], [ -53.962458, -25.642383 ], [ -53.96068, -25.643493 ], [ -53.958624, -25.643745 ], [ -53.956621, -25.645004 ], [ -53.954897, -25.646465 ], [ -53.952618, -25.646871 ], [ -53.950783, -25.645204 ], [ -53.949669, -25.643089 ], [ -53.948784, -25.641071 ], [ -53.948112, -25.638954 ], [ -53.947445, -25.636886 ], [ -53.946724, -25.63472 ], [ -53.94561, -25.632805 ], [ -53.94461, -25.630788 ], [ -53.94717, -25.629579 ], [ -53.949115, -25.627765 ], [ -53.950508, -25.626199 ], [ -53.951727, -25.622367 ], [ -53.949562, -25.621509 ], [ -53.948059, -25.619749 ], [ -53.947338, -25.617681 ], [ -53.948063, -25.615312 ], [ -53.948341, -25.613197 ], [ -53.948227, -25.610875 ], [ -53.945838, -25.610826 ], [ -53.943614, -25.610774 ], [ -53.941444, -25.611577 ], [ -53.941387, -25.613698 ], [ -53.942169, -25.616218 ], [ -53.942222, -25.618791 ], [ -53.939719, -25.620351 ], [ -53.937328, -25.621004 ], [ -53.934547, -25.621206 ], [ -53.931933, -25.621913 ], [ -53.928985, -25.622314 ], [ -53.926762, -25.620702 ], [ -53.925484, -25.618886 ], [ -53.923096, -25.61828 ], [ -53.921036, -25.617422 ], [ -53.917927, -25.615253 ], [ -53.91642, -25.616615 ], [ -53.915699, -25.618885 ], [ -53.915364, -25.621151 ], [ -53.917199, -25.62438 ], [ -53.919087, -25.626699 ], [ -53.920087, -25.628769 ], [ -53.920148, -25.631082 ], [ -53.91803, -25.631185 ], [ -53.917084, -25.629371 ], [ -53.915139, -25.628359 ], [ -53.913971, -25.630024 ], [ -53.913414, -25.632393 ], [ -53.912861, -25.634712 ], [ -53.910797, -25.635366 ], [ -53.909302, -25.633852 ], [ -53.908295, -25.631483 ], [ -53.90547, -25.630022 ], [ -53.903688, -25.628608 ], [ -53.902185, -25.626793 ], [ -53.900576, -25.625583 ], [ -53.898744, -25.624574 ], [ -53.89691, -25.623514 ], [ -53.894407, -25.621801 ], [ -53.892072, -25.621696 ], [ -53.889627, -25.622299 ], [ -53.887903, -25.624368 ], [ -53.888956, -25.626383 ], [ -53.890623, -25.627594 ], [ -53.892015, -25.629761 ], [ -53.892011, -25.63203 ], [ -53.892065, -25.634554 ], [ -53.892564, -25.636974 ], [ -53.893453, -25.638987 ], [ -53.894674, -25.640753 ], [ -53.89245, -25.642366 ], [ -53.890169, -25.641964 ], [ -53.887666, -25.642717 ], [ -53.885719, -25.64393 ], [ -53.883441, -25.642466 ], [ -53.881881, -25.641102 ], [ -53.880107, -25.639994 ], [ -53.878047, -25.641251 ], [ -53.876659, -25.642712 ], [ -53.876208, -25.644928 ], [ -53.878207, -25.64599 ], [ -53.880435, -25.646444 ], [ -53.882549, -25.648062 ], [ -53.883438, -25.650229 ], [ -53.884326, -25.652193 ], [ -53.885715, -25.654413 ], [ -53.887603, -25.655773 ], [ -53.889326, -25.657793 ], [ -53.889211, -25.659958 ], [ -53.887653, -25.661421 ], [ -53.885597, -25.660614 ], [ -53.883651, -25.659102 ], [ -53.882095, -25.657738 ], [ -53.879985, -25.656075 ], [ -53.877315, -25.654814 ], [ -53.874591, -25.653448 ], [ -53.872199, -25.654104 ], [ -53.869971, -25.654906 ], [ -53.868079, -25.655815 ], [ -53.865914, -25.656266 ], [ -53.863576, -25.656466 ], [ -53.861741, -25.657626 ], [ -53.861405, -25.660197 ], [ -53.860238, -25.662262 ], [ -53.859566, -25.664479 ], [ -53.858952, -25.666544 ], [ -53.85767, -25.668412 ], [ -53.855502, -25.670224 ], [ -53.853831, -25.671433 ], [ -53.853884, -25.673499 ], [ -53.856165, -25.673903 ], [ -53.856719, -25.67602 ], [ -53.858443, -25.677182 ], [ -53.85805, -25.679299 ], [ -53.856383, -25.680609 ], [ -53.854487, -25.682071 ], [ -53.852373, -25.681969 ], [ -53.849314, -25.683429 ], [ -53.846089, -25.684333 ], [ -53.843529, -25.684934 ], [ -53.841412, -25.686395 ], [ -53.842022, -25.688716 ], [ -53.84436, -25.688668 ], [ -53.84647, -25.689374 ], [ -53.848585, -25.690129 ], [ -53.850867, -25.690286 ], [ -53.852866, -25.691394 ], [ -53.852919, -25.694522 ], [ -53.852137, -25.696891 ], [ -53.850302, -25.698653 ], [ -53.849301, -25.700769 ], [ -53.849739, -25.703139 ], [ -53.850348, -25.705207 ], [ -53.852683, -25.706517 ], [ -53.855189, -25.707225 ], [ -53.855914, -25.704553 ], [ -53.85697, -25.702844 ], [ -53.858535, -25.700778 ], [ -53.860873, -25.699065 ], [ -53.862649, -25.697654 ], [ -53.864434, -25.696446 ], [ -53.868218, -25.69564 ], [ -53.867661, -25.697858 ], [ -53.866433, -25.699924 ], [ -53.865098, -25.701537 ], [ -53.864037, -25.70345 ], [ -53.864594, -25.705772 ], [ -53.866708, -25.705976 ], [ -53.869378, -25.705775 ], [ -53.872214, -25.706025 ], [ -53.874885, -25.706029 ], [ -53.87722, -25.707042 ], [ -53.87683, -25.709256 ], [ -53.875213, -25.710767 ], [ -53.873767, -25.712178 ], [ -53.871709, -25.713035 ], [ -53.869039, -25.712934 ], [ -53.866643, -25.712375 ], [ -53.865586, -25.714694 ], [ -53.867253, -25.715806 ], [ -53.868756, -25.71747 ], [ -53.868699, -25.719789 ], [ -53.866418, -25.719032 ], [ -53.864137, -25.717315 ], [ -53.861968, -25.716556 ], [ -53.860411, -25.717866 ], [ -53.859019, -25.720487 ], [ -53.858069, -25.722604 ], [ -53.857898, -25.725275 ], [ -53.859343, -25.727596 ], [ -53.861125, -25.729007 ], [ -53.862124, -25.731178 ], [ -53.86262, -25.733444 ], [ -53.863509, -25.735716 ], [ -53.864455, -25.738186 ], [ -53.86473, -25.740555 ], [ -53.864619, -25.743479 ], [ -53.86267, -25.744285 ], [ -53.859439, -25.744381 ], [ -53.857047, -25.743879 ], [ -53.854603, -25.743475 ], [ -53.852154, -25.742361 ], [ -53.850205, -25.741249 ], [ -53.847924, -25.74024 ], [ -53.846531, -25.742658 ], [ -53.845635, -25.744675 ], [ -53.843415, -25.745628 ], [ -53.841183, -25.746132 ], [ -53.838123, -25.747188 ], [ -53.835838, -25.748045 ], [ -53.833776, -25.748999 ], [ -53.832552, -25.751217 ], [ -53.834112, -25.752781 ], [ -53.836277, -25.752382 ], [ -53.838673, -25.751072 ], [ -53.840565, -25.751827 ], [ -53.840172, -25.753998 ], [ -53.839283, -25.756212 ], [ -53.838722, -25.758532 ], [ -53.840389, -25.759897 ], [ -53.842953, -25.758284 ], [ -53.845238, -25.757225 ], [ -53.84824, -25.759449 ], [ -53.849797, -25.761618 ], [ -53.852021, -25.763182 ], [ -53.853802, -25.764139 ], [ -53.851403, -25.767821 ], [ -53.849289, -25.768978 ], [ -53.846615, -25.768875 ], [ -53.844281, -25.768923 ], [ -53.842438, -25.769926 ], [ -53.840378, -25.770228 ], [ -53.838486, -25.771082 ], [ -53.835924, -25.77219 ], [ -53.83325, -25.773703 ], [ -53.832079, -25.776373 ], [ -53.830687, -25.778035 ], [ -53.829512, -25.779952 ], [ -53.829569, -25.782624 ], [ -53.8309, -25.784793 ], [ -53.833517, -25.786206 ], [ -53.836023, -25.787011 ], [ -53.837912, -25.78797 ], [ -53.84047, -25.789385 ], [ -53.839073, -25.791402 ], [ -53.836241, -25.791602 ], [ -53.834177, -25.791552 ], [ -53.832006, -25.791598 ], [ -53.829889, -25.791394 ], [ -53.827497, -25.790286 ], [ -53.824938, -25.789777 ], [ -53.822653, -25.790581 ], [ -53.821088, -25.792294 ], [ -53.820585, -25.794966 ], [ -53.82014, -25.796983 ], [ -53.820194, -25.799199 ], [ -53.82303, -25.801219 ], [ -53.824922, -25.802531 ], [ -53.826033, -25.804698 ], [ -53.825418, -25.807876 ], [ -53.823355, -25.808681 ], [ -53.821071, -25.809485 ], [ -53.8194, -25.811198 ], [ -53.818008, -25.812961 ], [ -53.818229, -25.815332 ], [ -53.820564, -25.816186 ], [ -53.822124, -25.814727 ], [ -53.82424, -25.81347 ], [ -53.826078, -25.812665 ], [ -53.828588, -25.812821 ], [ -53.830591, -25.813273 ], [ -53.832705, -25.814437 ], [ -53.834933, -25.815192 ], [ -53.835486, -25.817309 ], [ -53.834593, -25.81953 ], [ -53.834089, -25.821849 ], [ -53.833861, -25.824218 ], [ -53.835646, -25.825277 ], [ -53.838206, -25.826087 ], [ -53.840708, -25.826894 ], [ -53.841769, -25.828912 ], [ -53.8426, -25.830777 ], [ -53.844102, -25.83224 ], [ -53.846272, -25.834054 ], [ -53.847718, -25.836025 ], [ -53.848328, -25.838644 ], [ -53.847436, -25.841165 ], [ -53.845151, -25.842325 ], [ -53.843485, -25.840658 ], [ -53.841872, -25.838945 ], [ -53.83964, -25.839042 ], [ -53.838023, -25.841409 ], [ -53.837073, -25.843828 ], [ -53.835677, -25.845644 ], [ -53.83412, -25.847358 ], [ -53.832663, -25.849622 ], [ -53.832552, -25.852243 ], [ -53.83383, -25.854515 ], [ -53.835833, -25.855728 ], [ -53.837843, -25.856582 ], [ -53.840235, -25.85704 ], [ -53.842574, -25.858049 ], [ -53.839617, -25.859861 ], [ -53.837332, -25.860716 ], [ -53.83438, -25.859859 ], [ -53.831206, -25.85819 ], [ -53.829645, -25.860359 ], [ -53.830591, -25.862423 ], [ -53.832094, -25.863937 ], [ -53.833765, -25.865251 ], [ -53.83454, -25.86727 ], [ -53.833983, -25.869282 ], [ -53.831366, -25.869383 ], [ -53.828909, -25.869331 ], [ -53.826744, -25.869377 ], [ -53.82457, -25.86993 ], [ -53.82251, -25.870636 ], [ -53.820053, -25.871689 ], [ -53.82122, -25.87356 ], [ -53.823559, -25.874519 ], [ -53.825676, -25.876335 ], [ -53.827572, -25.878302 ], [ -53.829682, -25.879261 ], [ -53.832579, -25.878813 ], [ -53.834753, -25.877958 ], [ -53.83676, -25.878159 ], [ -53.837256, -25.880127 ], [ -53.837645, -25.882849 ], [ -53.839762, -25.883654 ], [ -53.841765, -25.883507 ], [ -53.844107, -25.88356 ], [ -53.846282, -25.883866 ], [ -53.846728, -25.885931 ], [ -53.845164, -25.888096 ], [ -53.8436, -25.889355 ], [ -53.841429, -25.888851 ], [ -53.839366, -25.888243 ], [ -53.836859, -25.888241 ], [ -53.83446, -25.88814 ], [ -53.833121, -25.890154 ], [ -53.832617, -25.892321 ], [ -53.833338, -25.894741 ], [ -53.83078, -25.896452 ], [ -53.827992, -25.896098 ], [ -53.825482, -25.896298 ], [ -53.822807, -25.896849 ], [ -53.820469, -25.896946 ], [ -53.818409, -25.896843 ], [ -53.817905, -25.899312 ], [ -53.818401, -25.901379 ], [ -53.819626, -25.903195 ], [ -53.821964, -25.904814 ], [ -53.824417, -25.905471 ], [ -53.827423, -25.906279 ], [ -53.829655, -25.906787 ], [ -53.830376, -25.908805 ], [ -53.832154, -25.910874 ], [ -53.833382, -25.912635 ], [ -53.832428, -25.914399 ], [ -53.830033, -25.914702 ], [ -53.828198, -25.913388 ], [ -53.826248, -25.91117 ], [ -53.823795, -25.910914 ], [ -53.820396, -25.91202 ], [ -53.817215, -25.912873 ], [ -53.819, -25.914739 ], [ -53.820667, -25.916808 ], [ -53.819885, -25.919127 ], [ -53.818989, -25.921748 ], [ -53.818432, -25.923963 ], [ -53.818371, -25.926333 ], [ -53.819202, -25.928603 ], [ -53.821488, -25.929261 ], [ -53.823277, -25.928203 ], [ -53.824833, -25.926797 ], [ -53.826844, -25.925941 ], [ -53.828183, -25.924125 ], [ -53.831589, -25.922067 ], [ -53.83125, -25.926398 ], [ -53.830685, -25.929069 ], [ -53.831021, -25.93184 ], [ -53.833752, -25.932601 ], [ -53.836196, -25.932803 ], [ -53.838816, -25.933263 ], [ -53.840041, -25.934875 ], [ -53.840487, -25.937345 ], [ -53.840373, -25.93941 ], [ -53.839309, -25.941882 ], [ -53.838973, -25.944198 ], [ -53.838637, -25.946319 ], [ -53.838633, -25.948385 ], [ -53.838128, -25.951358 ], [ -53.838349, -25.953674 ], [ -53.836678, -25.955389 ], [ -53.83484, -25.957452 ], [ -53.833218, -25.959264 ], [ -53.830704, -25.960323 ], [ -53.828476, -25.96138 ], [ -53.826912, -25.962639 ], [ -53.827244, -25.964657 ], [ -53.829369, -25.964252 ], [ -53.831536, -25.965568 ], [ -53.833043, -25.96713 ], [ -53.834321, -25.969452 ], [ -53.834935, -25.971416 ], [ -53.833367, -25.973535 ], [ -53.831025, -25.974539 ], [ -53.829186, -25.975597 ], [ -53.827061, -25.976402 ], [ -53.82444, -25.976751 ], [ -53.821324, -25.975489 ], [ -53.818369, -25.975838 ], [ -53.816187, -25.977247 ], [ -53.815126, -25.97896 ], [ -53.812731, -25.979715 ], [ -53.811388, -25.981728 ], [ -53.813395, -25.98284 ], [ -53.81579, -25.983046 ], [ -53.816347, -25.985565 ], [ -53.816176, -25.987681 ], [ -53.815729, -25.989748 ], [ -53.813387, -25.990652 ], [ -53.810766, -25.990347 ], [ -53.808813, -25.990898 ], [ -53.806974, -25.988175 ], [ -53.804464, -25.985653 ], [ -53.802629, -25.984842 ], [ -53.79989, -25.987108 ], [ -53.798439, -25.989075 ], [ -53.799049, -25.991341 ], [ -53.800775, -25.992806 ], [ -53.802114, -25.99432 ], [ -53.802889, -25.996491 ], [ -53.800989, -25.997242 ], [ -53.799701, -25.999104 ], [ -53.797302, -25.999327 ], [ -53.794658, -25.99931 ], [ -53.791536, -26.000271 ], [ -53.789636, -26.00103 ], [ -53.788243, -26.002644 ], [ -53.786908, -26.004313 ], [ -53.784623, -26.005122 ], [ -53.782617, -26.005524 ], [ -53.77983, -26.006337 ], [ -53.777877, -26.00735 ], [ -53.777488, -26.009316 ], [ -53.778495, -26.011782 ], [ -53.77677, -26.013604 ], [ -53.774821, -26.014765 ], [ -53.773257, -26.016328 ], [ -53.774207, -26.018292 ], [ -53.773547, -26.020364 ], [ -53.771369, -26.021525 ], [ -53.769305, -26.023042 ], [ -53.767077, -26.024957 ], [ -53.76591, -26.027129 ], [ -53.766078, -26.029649 ], [ -53.764634, -26.031465 ], [ -53.762848, -26.03288 ], [ -53.760617, -26.032126 ], [ -53.758991, -26.030314 ], [ -53.756985, -26.029963 ], [ -53.754471, -26.03032 ], [ -53.752186, -26.03148 ], [ -53.751575, -26.033397 ], [ -53.752247, -26.035768 ], [ -53.752701, -26.038539 ], [ -53.75024, -26.037584 ], [ -53.748236, -26.037133 ], [ -53.746111, -26.037233 ], [ -53.745115, -26.039506 ], [ -53.74204, -26.038047 ], [ -53.739309, -26.037793 ], [ -53.737638, -26.03956 ], [ -53.735292, -26.039867 ], [ -53.732393, -26.043399 ], [ -53.732454, -26.045671 ], [ -53.731614, -26.048845 ], [ -53.730951, -26.051317 ], [ -53.729669, -26.05409 ], [ -53.729116, -26.056156 ], [ -53.728282, -26.059133 ], [ -53.727946, -26.061254 ], [ -53.727725, -26.063471 ], [ -53.727897, -26.065691 ], [ -53.729072, -26.067503 ], [ -53.731191, -26.069921 ], [ -53.732812, -26.071232 ], [ -53.734384, -26.073501 ], [ -53.735109, -26.076576 ], [ -53.734724, -26.080105 ], [ -53.735006, -26.083078 ], [ -53.736181, -26.08565 ], [ -53.73607, -26.088924 ], [ -53.736131, -26.091398 ], [ -53.736581, -26.093714 ], [ -53.735578, -26.097197 ], [ -53.735529, -26.099566 ], [ -53.736143, -26.101986 ], [ -53.735696, -26.104105 ], [ -53.73464, -26.10738 ], [ -53.734649, -26.109551 ], [ -53.735822, -26.111666 ], [ -53.735655, -26.114342 ], [ -53.735103, -26.116358 ], [ -53.733879, -26.118527 ], [ -53.730529, -26.120948 ], [ -53.728015, -26.122513 ], [ -53.725726, -26.124129 ], [ -53.723827, -26.125594 ], [ -53.720981, -26.12691 ], [ -53.718524, -26.127816 ], [ -53.714616, -26.127669 ], [ -53.712605, -26.128026 ], [ -53.710765, -26.128884 ], [ -53.708419, -26.131001 ], [ -53.706916, -26.133475 ], [ -53.705577, -26.136044 ], [ -53.704352, -26.13857 ], [ -53.703124, -26.141849 ], [ -53.701506, -26.144824 ], [ -53.700284, -26.146941 ], [ -53.698441, -26.149213 ], [ -53.696766, -26.150626 ], [ -53.695034, -26.151836 ], [ -53.692913, -26.153249 ], [ -53.690788, -26.155267 ], [ -53.688221, -26.156682 ], [ -53.685991, -26.158143 ], [ -53.683315, -26.160264 ], [ -53.681469, -26.16163 ], [ -53.678234, -26.164051 ], [ -53.67622, -26.166017 ], [ -53.674823, -26.167482 ], [ -53.672927, -26.170406 ], [ -53.67114, -26.173984 ], [ -53.67008, -26.175752 ], [ -53.668348, -26.17777 ], [ -53.665784, -26.180038 ], [ -53.66372, -26.181604 ], [ -53.661092, -26.183975 ], [ -53.659196, -26.185841 ], [ -53.657239, -26.187407 ], [ -53.654836, -26.188311 ], [ -53.652936, -26.189724 ], [ -53.651257, -26.192093 ], [ -53.649417, -26.193054 ], [ -53.64601, -26.193562 ], [ -53.644725, -26.196383 ], [ -53.644675, -26.200215 ], [ -53.644953, -26.202381 ], [ -53.646182, -26.204804 ], [ -53.646628, -26.207377 ], [ -53.644843, -26.209141 ], [ -53.642829, -26.209998 ], [ -53.64099, -26.211058 ], [ -53.638865, -26.212065 ], [ -53.637076, -26.213076 ], [ -53.636237, -26.215596 ], [ -53.637301, -26.217963 ], [ -53.638865, -26.219529 ], [ -53.639704, -26.221697 ], [ -53.64049, -26.225175 ], [ -53.642108, -26.227395 ], [ -53.643958, -26.230264 ], [ -53.645636, -26.23294 ], [ -53.646529, -26.235207 ], [ -53.646811, -26.237727 ], [ -53.644294, -26.239142 ], [ -53.642562, -26.240149 ], [ -53.64038, -26.24277 ], [ -53.639933, -26.244737 ], [ -53.639323, -26.246806 ], [ -53.63893, -26.248922 ], [ -53.638428, -26.250991 ], [ -53.637818, -26.254976 ], [ -53.637589, -26.256992 ], [ -53.638264, -26.26032 ], [ -53.638993, -26.263141 ], [ -53.638936, -26.265258 ], [ -53.639333, -26.267227 ], [ -53.639889, -26.269495 ], [ -53.640618, -26.271865 ], [ -53.641064, -26.274435 ], [ -53.641011, -26.27716 ], [ -53.641572, -26.279581 ], [ -53.641793, -26.283209 ], [ -53.642358, -26.286184 ], [ -53.644034, -26.288956 ], [ -53.645934, -26.29112 ], [ -53.647952, -26.292936 ], [ -53.649852, -26.294447 ], [ -53.652427, -26.29788 ], [ -53.65472, -26.301052 ], [ -53.655616, -26.303122 ], [ -53.656852, -26.305439 ], [ -53.658081, -26.307104 ], [ -53.658809, -26.310024 ], [ -53.65831, -26.312096 ], [ -53.65937, -26.315623 ], [ -53.660434, -26.317841 ], [ -53.662391, -26.319556 ], [ -53.663738, -26.32243 ], [ -53.665977, -26.323183 ], [ -53.667044, -26.32515 ], [ -53.667822, -26.327015 ], [ -53.667711, -26.329335 ], [ -53.667658, -26.332308 ], [ -53.669897, -26.333821 ], [ -53.672079, -26.334425 ], [ -53.674372, -26.334471 ], [ -53.675436, -26.33669 ], [ -53.677397, -26.33775 ], [ -53.679415, -26.338202 ], [ -53.681933, -26.338906 ], [ -53.683837, -26.340974 ], [ -53.684958, -26.342736 ], [ -53.685908, -26.344756 ], [ -53.686808, -26.347474 ], [ -53.686976, -26.349843 ], [ -53.686976, -26.352267 ], [ -53.687762, -26.354483 ], [ -53.689551, -26.356095 ], [ -53.689216, -26.36119 ], [ -53.691569, -26.363708 ], [ -53.693252, -26.364867 ], [ -53.695153, -26.366477 ], [ -53.697061, -26.367131 ], [ -53.698457, -26.369399 ], [ -53.698514, -26.371719 ], [ -53.698461, -26.373786 ], [ -53.697458, -26.37646 ], [ -53.69634, -26.379184 ], [ -53.69634, -26.381299 ], [ -53.696962, -26.383874 ], [ -53.697969, -26.386037 ], [ -53.69909, -26.388156 ], [ -53.700769, -26.38982 ], [ -53.703798, -26.391027 ], [ -53.705755, -26.391983 ], [ -53.705476, -26.394302 ], [ -53.703687, -26.396925 ], [ -53.701784, -26.398189 ], [ -53.699991, -26.399196 ], [ -53.697925, -26.400812 ], [ -53.696639, -26.402528 ], [ -53.696307, -26.404745 ], [ -53.697147, -26.407116 ], [ -53.698661, -26.408729 ], [ -53.700567, -26.410038 ], [ -53.702692, -26.411396 ], [ -53.702806, -26.413566 ], [ -53.70281, -26.41659 ], [ -53.700796, -26.417751 ], [ -53.698055, -26.418457 ], [ -53.696266, -26.420778 ], [ -53.69543, -26.42305 ], [ -53.694812, -26.425369 ], [ -53.694255, -26.42799 ], [ -53.693305, -26.430262 ], [ -53.690902, -26.430262 ], [ -53.688773, -26.431322 ], [ -53.688045, -26.433237 ], [ -53.687762, -26.435606 ], [ -53.687602, -26.438229 ], [ -53.68732, -26.440298 ], [ -53.687324, -26.442971 ], [ -53.689677, -26.444834 ], [ -53.692256, -26.445034 ], [ -53.694885, -26.445437 ], [ -53.696735, -26.444174 ], [ -53.697517, -26.441954 ], [ -53.700424, -26.441853 ], [ -53.702835, -26.442959 ], [ -53.703392, -26.445582 ], [ -53.702839, -26.448506 ], [ -53.701664, -26.451277 ], [ -53.700101, -26.453499 ], [ -53.698867, -26.455668 ], [ -53.697586, -26.458945 ], [ -53.697753, -26.461722 ], [ -53.69804, -26.464593 ], [ -53.698768, -26.467364 ], [ -53.699722, -26.469632 ], [ -53.701908, -26.46923 ], [ -53.703583, -26.46625 ], [ -53.707109, -26.465693 ], [ -53.709795, -26.466601 ], [ -53.711538, -26.46781 ], [ -53.713049, -26.469523 ], [ -53.714007, -26.471642 ], [ -53.713442, -26.473609 ], [ -53.711935, -26.475121 ], [ -53.710592, -26.477439 ], [ -53.709806, -26.479508 ], [ -53.707684, -26.481477 ], [ -53.705555, -26.481174 ], [ -53.704491, -26.479312 ], [ -53.70314, -26.477143 ], [ -53.701294, -26.475329 ], [ -53.698719, -26.475432 ], [ -53.69799, -26.477553 ], [ -53.699001, -26.480271 ], [ -53.698555, -26.483651 ], [ -53.697887, -26.485721 ], [ -53.697269, -26.488088 ], [ -53.696491, -26.490306 ], [ -53.697387, -26.492524 ], [ -53.699966, -26.492877 ], [ -53.702377, -26.493633 ], [ -53.703384, -26.495696 ], [ -53.70451, -26.498166 ], [ -53.705238, -26.500286 ], [ -53.705856, -26.50225 ], [ -53.705524, -26.504568 ], [ -53.704571, -26.506385 ], [ -53.703567, -26.508604 ], [ -53.703339, -26.510673 ], [ -53.704578, -26.513647 ], [ -53.706932, -26.513948 ], [ -53.708889, -26.51309 ], [ -53.711128, -26.511119 ], [ -53.713145, -26.509759 ], [ -53.715723, -26.509603 ], [ -53.718523, -26.510208 ], [ -53.721049, -26.510204 ], [ -53.723174, -26.508539 ], [ -53.725522, -26.506521 ], [ -53.72754, -26.506719 ], [ -53.729054, -26.508382 ], [ -53.729058, -26.510602 ], [ -53.728665, -26.513374 ], [ -53.72794, -26.516956 ], [ -53.727719, -26.519125 ], [ -53.727666, -26.522352 ], [ -53.726497, -26.52573 ], [ -53.724593, -26.527242 ], [ -53.72246, -26.526792 ], [ -53.719378, -26.525635 ], [ -53.716299, -26.528057 ], [ -53.716246, -26.530426 ], [ -53.717593, -26.53244 ], [ -53.719386, -26.533501 ], [ -53.722583, -26.535313 ], [ -53.721968, -26.537783 ], [ -53.720629, -26.540304 ], [ -53.719847, -26.543989 ], [ -53.721362, -26.546105 ], [ -53.723494, -26.546406 ], [ -53.726069, -26.546049 ], [ -53.728816, -26.545391 ], [ -53.731057, -26.544935 ], [ -53.733129, -26.544935 ], [ -53.736156, -26.545437 ], [ -53.738624, -26.546389 ], [ -53.739913, -26.548102 ], [ -53.738124, -26.549818 ], [ -53.736106, -26.550175 ], [ -53.73269, -26.55043 ], [ -53.729606, -26.550633 ], [ -53.727252, -26.551796 ], [ -53.726924, -26.554066 ], [ -53.726531, -26.556588 ], [ -53.726417, -26.559155 ], [ -53.72721, -26.561982 ], [ -53.729228, -26.562937 ], [ -53.731582, -26.562682 ], [ -53.733991, -26.56283 ], [ -53.735677, -26.565201 ], [ -53.733995, -26.567469 ], [ -53.731418, -26.56732 ], [ -53.729175, -26.566466 ], [ -53.726928, -26.565764 ], [ -53.724521, -26.565361 ], [ -53.724692, -26.56783 ], [ -53.725142, -26.569848 ], [ -53.7261, -26.572972 ], [ -53.725097, -26.57741 ], [ -53.724929, -26.579627 ], [ -53.725154, -26.582299 ], [ -53.72499, -26.58437 ], [ -53.725158, -26.586486 ], [ -53.726115, -26.589408 ], [ -53.727965, -26.590419 ], [ -53.729594, -26.591878 ], [ -53.729259, -26.59455 ], [ -53.728477, -26.596917 ], [ -53.728706, -26.599841 ], [ -53.72927, -26.601861 ], [ -53.728767, -26.605437 ], [ -53.728545, -26.608163 ], [ -53.72911, -26.610177 ], [ -53.731189, -26.611942 ], [ -53.733657, -26.612497 ], [ -53.732478, -26.615419 ], [ -53.730243, -26.619403 ], [ -53.729347, -26.621374 ], [ -53.730132, -26.624597 ], [ -53.731147, -26.626462 ], [ -53.732383, -26.629131 ], [ -53.732894, -26.631654 ], [ -53.734519, -26.633974 ], [ -53.73682, -26.634123 ], [ -53.739402, -26.633865 ], [ -53.739631, -26.636944 ], [ -53.739742, -26.640116 ], [ -53.739471, -26.643242 ], [ -53.739189, -26.645616 ], [ -53.741379, -26.647074 ], [ -53.737285, -26.648437 ], [ -53.734314, -26.647936 ], [ -53.73336, -26.649906 ], [ -53.732467, -26.652931 ], [ -53.731403, -26.655249 ], [ -53.729774, -26.657318 ], [ -53.72804, -26.658983 ], [ -53.727308, -26.656513 ], [ -53.728093, -26.654093 ], [ -53.728257, -26.65152 ], [ -53.726907, -26.649559 ], [ -53.723603, -26.648804 ], [ -53.721528, -26.649712 ], [ -53.720353, -26.654303 ], [ -53.719346, -26.658335 ], [ -53.718732, -26.661715 ], [ -53.718118, -26.665396 ], [ -53.717168, -26.669735 ], [ -53.71734, -26.672253 ], [ -53.719754, -26.672501 ], [ -53.722562, -26.672854 ], [ -53.723684, -26.675677 ], [ -53.725709, -26.677742 ], [ -53.723237, -26.67981 ], [ -53.721051, -26.680316 ], [ -53.718694, -26.681073 ], [ -53.716733, -26.681881 ], [ -53.71449, -26.684205 ], [ -53.713933, -26.686927 ], [ -53.71444, -26.688994 ], [ -53.716008, -26.690354 ], [ -53.717809, -26.691514 ], [ -53.719999, -26.693476 ], [ -53.721963, -26.695142 ], [ -53.723932, -26.696296 ], [ -53.72651, -26.697303 ], [ -53.729486, -26.696849 ], [ -53.731897, -26.695534 ], [ -53.734138, -26.693463 ], [ -53.736324, -26.690589 ], [ -53.737224, -26.693965 ], [ -53.735824, -26.695985 ], [ -53.733694, -26.698052 ], [ -53.731119, -26.701634 ], [ -53.730398, -26.705316 ], [ -53.730848, -26.707334 ], [ -53.731462, -26.7095 ], [ -53.732813, -26.712825 ], [ -53.732591, -26.715247 ], [ -53.732599, -26.718574 ], [ -53.733049, -26.720943 ], [ -53.735124, -26.722757 ], [ -53.73715, -26.72351 ], [ -53.740402, -26.723912 ], [ -53.743713, -26.723909 ], [ -53.746468, -26.723554 ], [ -53.748658, -26.722491 ], [ -53.750615, -26.719112 ], [ -53.752127, -26.717197 ], [ -53.75437, -26.716689 ], [ -53.754603, -26.71906 ], [ -53.754996, -26.721122 ], [ -53.752753, -26.723041 ], [ -53.750004, -26.724908 ], [ -53.747368, -26.726474 ], [ -53.744618, -26.728244 ], [ -53.742375, -26.72981 ], [ -53.740467, -26.732383 ], [ -53.740082, -26.735258 ], [ -53.741543, -26.737321 ], [ -53.74345, -26.738227 ], [ -53.745644, -26.739183 ], [ -53.745369, -26.741905 ], [ -53.742165, -26.742765 ], [ -53.73908, -26.742466 ], [ -53.737223, -26.741209 ], [ -53.735594, -26.739093 ], [ -53.734861, -26.737075 ], [ -53.733797, -26.734302 ], [ -53.730703, -26.73249 ], [ -53.728796, -26.733348 ], [ -53.727956, -26.735771 ], [ -53.726949, -26.739555 ], [ -53.72611, -26.74167 ], [ -53.724988, -26.743387 ], [ -53.723417, -26.744949 ], [ -53.721509, -26.746313 ], [ -53.719602, -26.747825 ], [ -53.717021, -26.750654 ], [ -53.716129, -26.752466 ], [ -53.715289, -26.754333 ], [ -53.715121, -26.757004 ], [ -53.71675, -26.75902 ], [ -53.718719, -26.760784 ], [ -53.721132, -26.762852 ], [ -53.723325, -26.764462 ], [ -53.725969, -26.766222 ], [ -53.728719, -26.767532 ], [ -53.730802, -26.768087 ], [ -53.734507, -26.767881 ], [ -53.736979, -26.766619 ], [ -53.738936, -26.765963 ], [ -53.741068, -26.765303 ], [ -53.742644, -26.766615 ], [ -53.740233, -26.768478 ], [ -53.737093, -26.771004 ], [ -53.734678, -26.773527 ], [ -53.731314, -26.776453 ], [ -53.728674, -26.777212 ], [ -53.724851, -26.777113 ], [ -53.722551, -26.776915 ], [ -53.720478, -26.776465 ], [ -53.717498, -26.775254 ], [ -53.715472, -26.773747 ], [ -53.713561, -26.771427 ], [ -53.711707, -26.769615 ], [ -53.709571, -26.76906 ], [ -53.707324, -26.76906 ], [ -53.704291, -26.769722 ], [ -53.701657, -26.770579 ], [ -53.69975, -26.772948 ], [ -53.701321, -26.77537 ], [ -53.70486, -26.776528 ], [ -53.708568, -26.777428 ], [ -53.711265, -26.778639 ], [ -53.713062, -26.779545 ], [ -53.715255, -26.781613 ], [ -53.716441, -26.786551 ], [ -53.715713, -26.789523 ], [ -53.714816, -26.792098 ], [ -53.713805, -26.794114 ], [ -53.71173, -26.797543 ], [ -53.709094, -26.80017 ], [ -53.706679, -26.800877 ], [ -53.704488, -26.801228 ], [ -53.701964, -26.801886 ], [ -53.701064, -26.803754 ], [ -53.7, -26.806729 ], [ -53.699046, -26.809903 ], [ -53.697928, -26.812325 ], [ -53.697478, -26.814544 ], [ -53.698825, -26.816812 ], [ -53.700908, -26.818275 ], [ -53.706861, -26.815444 ], [ -53.701701, -26.821799 ], [ -53.699904, -26.825334 ], [ -53.698386, -26.828761 ], [ -53.697322, -26.830577 ], [ -53.6962, -26.832294 ], [ -53.693782, -26.834915 ], [ -53.691651, -26.836679 ], [ -53.689797, -26.838394 ], [ -53.688622, -26.841068 ], [ -53.691209, -26.84268 ], [ -53.693005, -26.844091 ], [ -53.693904, -26.847671 ], [ -53.690594, -26.850296 ], [ -53.687954, -26.849844 ], [ -53.684185, -26.847122 ], [ -53.680306, -26.845409 ], [ -53.676766, -26.846622 ], [ -53.675253, -26.848741 ], [ -53.674349, -26.850656 ], [ -53.672441, -26.853229 ], [ -53.670702, -26.854488 ], [ -53.668787, -26.855295 ], [ -53.666094, -26.856459 ], [ -53.662498, -26.858322 ], [ -53.660698, -26.860846 ], [ -53.660759, -26.863115 ], [ -53.663742, -26.865026 ], [ -53.666382, -26.864929 ], [ -53.670088, -26.864473 ], [ -53.673178, -26.864168 ], [ -53.675596, -26.864164 ], [ -53.678799, -26.863911 ], [ -53.680992, -26.863762 ], [ -53.685486, -26.863253 ], [ -53.689026, -26.861938 ], [ -53.69212, -26.86103 ], [ -53.694424, -26.860727 ], [ -53.696952, -26.861278 ], [ -53.696673, -26.863653 ], [ -53.694371, -26.865465 ], [ -53.691167, -26.867386 ], [ -53.688359, -26.86784 ], [ -53.686051, -26.868296 ], [ -53.683526, -26.868952 ], [ -53.681893, -26.870718 ], [ -53.683133, -26.873388 ], [ -53.685101, -26.874146 ], [ -53.687241, -26.875404 ], [ -53.690106, -26.877419 ], [ -53.691964, -26.879887 ], [ -53.693372, -26.882002 ], [ -53.694779, -26.884022 ], [ -53.695565, -26.885987 ], [ -53.694951, -26.888052 ], [ -53.693829, -26.889769 ], [ -53.690621, -26.89209 ], [ -53.688096, -26.8933 ], [ -53.685509, -26.893906 ], [ -53.683091, -26.894158 ], [ -53.680563, -26.894211 ], [ -53.677244, -26.894415 ], [ -53.675108, -26.89497 ], [ -53.672468, -26.896184 ], [ -53.672918, -26.898701 ], [ -53.674608, -26.901225 ], [ -53.676459, -26.902934 ], [ -53.678091, -26.905759 ], [ -53.678038, -26.908782 ], [ -53.67568, -26.911555 ], [ -53.674219, -26.913979 ], [ -53.674727, -26.916043 ], [ -53.677256, -26.91816 ], [ -53.680804, -26.919572 ], [ -53.683562, -26.92113 ], [ -53.686597, -26.922343 ], [ -53.689858, -26.923753 ], [ -53.692449, -26.925162 ], [ -53.695092, -26.927028 ], [ -53.696275, -26.928741 ], [ -53.695771, -26.931262 ], [ -53.694478, -26.932973 ], [ -53.691106, -26.9358 ], [ -53.688687, -26.936607 ], [ -53.685595, -26.937867 ], [ -53.682276, -26.939082 ], [ -53.677722, -26.940999 ], [ -53.675419, -26.942262 ], [ -53.673844, -26.943572 ], [ -53.672554, -26.945894 ], [ -53.673062, -26.948011 ], [ -53.675763, -26.948965 ], [ -53.678343, -26.948762 ], [ -53.681498, -26.948156 ], [ -53.684588, -26.946742 ], [ -53.688298, -26.944471 ], [ -53.69077, -26.942405 ], [ -53.693528, -26.939983 ], [ -53.696111, -26.938672 ], [ -53.699319, -26.937104 ], [ -53.702352, -26.935743 ], [ -53.704544, -26.934985 ], [ -53.706966, -26.935287 ], [ -53.70927, -26.937097 ], [ -53.709499, -26.93962 ], [ -53.709221, -26.942445 ], [ -53.708267, -26.945268 ], [ -53.70742, -26.947282 ], [ -53.706022, -26.949758 ], [ -53.704729, -26.951574 ], [ -53.702875, -26.955305 ], [ -53.702711, -26.959137 ], [ -53.704908, -26.962309 ], [ -53.707777, -26.964224 ], [ -53.709972, -26.966087 ], [ -53.71262, -26.966791 ], [ -53.715317, -26.966991 ], [ -53.718468, -26.964218 ], [ -53.720265, -26.962904 ], [ -53.721897, -26.96149 ], [ -53.725773, -26.960681 ], [ -53.727971, -26.962946 ], [ -53.729607, -26.966478 ], [ -53.729607, -26.968595 ], [ -53.730172, -26.971971 ], [ -53.731923, -26.973987 ], [ -53.734006, -26.974739 ], [ -53.736085, -26.975141 ], [ -53.735413, -26.977661 ], [ -53.733781, -26.979833 ], [ -53.732152, -26.981247 ], [ -53.728669, -26.982712 ], [ -53.725401, -26.983469 ], [ -53.723156, -26.984127 ], [ -53.721073, -26.985035 ], [ -53.719105, -26.987003 ], [ -53.718434, -26.989424 ], [ -53.719338, -26.992851 ], [ -53.721817, -26.994463 ], [ -53.724686, -26.995217 ], [ -53.728232, -26.994913 ], [ -53.730366, -26.994507 ], [ -53.732842, -26.993698 ], [ -53.736047, -26.992888 ], [ -53.73903, -26.992077 ], [ -53.741342, -26.993082 ], [ -53.743199, -26.995451 ], [ -53.741796, -26.998377 ], [ -53.741044, -26.999119 ], [ -53.739491, -27.000647 ], [ -53.737691, -27.002314 ], [ -53.73499, -27.003928 ], [ -53.732632, -27.005949 ], [ -53.73128, -27.008772 ], [ -53.732239, -27.012095 ], [ -53.734502, -27.013949 ], [ -53.736428, -27.015402 ], [ -53.738294, -27.016903 ], [ -53.740663, -27.017195 ], [ -53.74291, -27.016325 ], [ -53.745427, -27.014294 ], [ -53.746766, -27.01227 ], [ -53.748678, -27.010744 ], [ -53.750293, -27.009375 ], [ -53.752151, -27.008458 ], [ -53.754741, -27.008395 ], [ -53.757499, -27.008629 ], [ -53.759529, -27.008768 ], [ -53.762008, -27.009161 ], [ -53.762421, -27.011729 ], [ -53.761089, -27.014714 ], [ -53.759758, -27.017546 ], [ -53.758247, -27.019118 ], [ -53.756401, -27.020794 ], [ -53.752975, -27.022629 ], [ -53.751462, -27.023947 ], [ -53.749177, -27.027287 ], [ -53.748525, -27.030522 ], [ -53.748929, -27.03254 ], [ -53.750913, -27.033992 ], [ -53.753004, -27.034484 ], [ -53.755195, -27.034825 ], [ -53.757622, -27.035619 ], [ -53.759662, -27.036818 ], [ -53.760914, -27.03873 ], [ -53.761326, -27.041198 ], [ -53.761684, -27.04387 ], [ -53.762661, -27.046742 ], [ -53.765026, -27.046826 ], [ -53.766766, -27.045459 ], [ -53.768269, -27.043733 ], [ -53.769833, -27.040952 ], [ -53.770882, -27.038371 ], [ -53.772274, -27.036046 ], [ -53.773613, -27.034171 ], [ -53.77512, -27.032851 ], [ -53.776976, -27.031983 ], [ -53.779269, -27.030457 ], [ -53.78084, -27.028834 ], [ -53.783148, -27.028721 ], [ -53.784178, -27.030984 ], [ -53.78369, -27.033658 ], [ -53.782576, -27.03538 ], [ -53.780955, -27.037358 ], [ -53.77962, -27.039887 ], [ -53.77851, -27.042468 ], [ -53.777964, -27.04489 ], [ -53.777142, -27.047772 ], [ -53.776204, -27.0505 ], [ -53.775032, -27.052424 ], [ -53.773415, -27.054097 ], [ -53.771904, -27.05557 ], [ -53.770218, -27.05684 ], [ -53.767639, -27.058519 ], [ -53.765228, -27.059995 ], [ -53.763374, -27.060912 ], [ -53.761749, -27.062133 ], [ -53.760361, -27.065469 ], [ -53.761395, -27.068088 ], [ -53.763313, -27.068733 ], [ -53.766251, -27.069522 ], [ -53.769684, -27.069204 ], [ -53.772049, -27.068733 ], [ -53.774464, -27.06756 ], [ -53.776536, -27.066186 ], [ -53.778939, -27.063649 ], [ -53.780223, -27.061977 ], [ -53.781565, -27.060409 ], [ -53.783461, -27.05737 ], [ -53.785243, -27.054536 ], [ -53.787261, -27.05276 ], [ -53.789382, -27.050277 ], [ -53.790664, -27.048655 ], [ -53.791997, -27.046174 ], [ -53.794011, -27.043944 ], [ -53.79631, -27.042819 ], [ -53.798454, -27.042655 ], [ -53.800701, -27.042342 ], [ -53.802188, -27.045155 ], [ -53.801025, -27.047736 ], [ -53.800819, -27.05046 ], [ -53.80006, -27.054755 ], [ -53.799621, -27.056926 ], [ -53.798343, -27.059356 ], [ -53.794656, -27.063565 ], [ -53.793094, -27.065336 ], [ -53.790973, -27.067769 ], [ -53.788901, -27.070306 ], [ -53.78683, -27.072132 ], [ -53.78498, -27.073203 ], [ -53.781375, -27.073724 ], [ -53.778332, -27.073545 ], [ -53.775857, -27.073505 ], [ -53.77327, -27.073924 ], [ -53.772492, -27.076248 ], [ -53.774086, -27.078308 ], [ -53.77776, -27.080055 ], [ -53.781483, -27.080539 ], [ -53.786712, -27.07945 ], [ -53.788623, -27.07838 ], [ -53.790191, -27.076955 ], [ -53.791927, -27.075685 ], [ -53.793266, -27.073711 ], [ -53.794885, -27.071584 ], [ -53.796956, -27.069501 ], [ -53.799716, -27.069993 ], [ -53.801589, -27.072351 ], [ -53.802959, -27.07401 ], [ -53.804435, -27.076272 ], [ -53.805244, -27.078891 ], [ -53.804821, -27.082424 ], [ -53.803543, -27.085355 ], [ -53.801586, -27.087333 ], [ -53.799177, -27.089418 ], [ -53.796211, -27.091503 ], [ -53.793239, -27.093485 ], [ -53.789645, -27.095875 ], [ -53.786895, -27.097505 ], [ -53.784762, -27.098778 ], [ -53.78291, -27.099598 ], [ -53.780495, -27.100923 ], [ -53.778313, -27.1026 ], [ -53.777486, -27.105377 ], [ -53.779862, -27.106831 ], [ -53.782288, -27.107624 ], [ -53.784211, -27.108316 ], [ -53.786975, -27.109512 ], [ -53.790309, -27.110302 ], [ -53.792854, -27.111145 ], [ -53.795001, -27.111889 ], [ -53.798099, -27.112124 ], [ -53.800298, -27.11196 ], [ -53.802545, -27.11084 ], [ -53.804451, -27.109362 ], [ -53.805843, -27.10754 ], [ -53.807411, -27.105814 ], [ -53.810043, -27.103277 ], [ -53.812176, -27.102257 ], [ -53.814713, -27.10194 ], [ -53.816746, -27.102331 ], [ -53.818052, -27.103889 ], [ -53.817728, -27.106157 ], [ -53.815838, -27.109148 ], [ -53.812973, -27.110827 ], [ -53.810669, -27.111952 ], [ -53.808708, -27.113831 ], [ -53.806866, -27.116057 ], [ -53.80632, -27.118633 ], [ -53.806, -27.120753 ], [ -53.805679, -27.123631 ], [ -53.80666, -27.126503 ], [ -53.808361, -27.127953 ], [ -53.810516, -27.129811 ], [ -53.812161, -27.130959 ], [ -53.81482, -27.132357 ], [ -53.817749, -27.132086 ], [ -53.820731, -27.131518 ], [ -53.823493, -27.131249 ], [ -53.824866, -27.134316 ], [ -53.824153, -27.136488 ], [ -53.823325, -27.139069 ], [ -53.821145, -27.1414 ], [ -53.816639, -27.142287 ], [ -53.814099, -27.141995 ], [ -53.811161, -27.141612 ], [ -53.807096, -27.140473 ], [ -53.805178, -27.139628 ], [ -53.802128, -27.138838 ], [ -53.79953, -27.13865 ], [ -53.798423, -27.141987 ], [ -53.798515, -27.145972 ], [ -53.800281, -27.148581 ], [ -53.802257, -27.149176 ], [ -53.806311, -27.148852 ], [ -53.809639, -27.148631 ], [ -53.811943, -27.147961 ], [ -53.814926, -27.147086 ], [ -53.818081, -27.146617 ], [ -53.821465, -27.146746 ], [ -53.824957, -27.146828 ], [ -53.828574, -27.147763 ], [ -53.83158, -27.150271 ], [ -53.833861, -27.153233 ], [ -53.835231, -27.155192 ], [ -53.8357, -27.158112 ], [ -53.835555, -27.160992 ], [ -53.83496, -27.164727 ], [ -53.834525, -27.166898 ], [ -53.833922, -27.169221 ], [ -53.837691, -27.168241 ], [ -53.840375, -27.165049 ], [ -53.842214, -27.162362 ], [ -53.843211, -27.159886 ], [ -53.845889, -27.156035 ], [ -53.847618, -27.153754 ], [ -53.848953, -27.151076 ], [ -53.850009, -27.14915 ], [ -53.851005, -27.146723 ], [ -53.852844, -27.143128 ], [ -53.854118, -27.140345 ], [ -53.854782, -27.138424 ], [ -53.855266, -27.136002 ], [ -53.856945, -27.134127 ], [ -53.858623, -27.132147 ], [ -53.860128, -27.130573 ], [ -53.862764, -27.128794 ], [ -53.865629, -27.127312 ], [ -53.867655, -27.126696 ], [ -53.869852, -27.126278 ], [ -53.871992, -27.126062 ], [ -53.874758, -27.126648 ], [ -53.878596, -27.127789 ], [ -53.881314, -27.128983 ], [ -53.882844, -27.130284 ], [ -53.884831, -27.131783 ], [ -53.886876, -27.133887 ], [ -53.888192, -27.136908 ], [ -53.889817, -27.142042 ], [ -53.890462, -27.145266 ], [ -53.890477, -27.147387 ], [ -53.890729, -27.150712 ], [ -53.890748, -27.153536 ], [ -53.891507, -27.156258 ], [ -53.892373, -27.158723 ], [ -53.893521, -27.161593 ], [ -53.894727, -27.163855 ], [ -53.896325, -27.166772 ], [ -53.897874, -27.169688 ], [ -53.899526, -27.171742 ], [ -53.901689, -27.174203 ], [ -53.904407, -27.176303 ], [ -53.908081, -27.176783 ], [ -53.911239, -27.176967 ], [ -53.914112, -27.176289 ], [ -53.916302, -27.174865 ], [ -53.918434, -27.173133 ], [ -53.920048, -27.171159 ], [ -53.921391, -27.169533 ], [ -53.923567, -27.167098 ], [ -53.924849, -27.165223 ], [ -53.927534, -27.16253 ], [ -53.929327, -27.160752 ], [ -53.93117, -27.158673 ], [ -53.933182, -27.15664 ], [ -53.935208, -27.156176 ], [ -53.938351, -27.154589 ], [ -53.9406, -27.153819 ], [ -53.943473, -27.153092 ], [ -53.945949, -27.152823 ], [ -53.948432, -27.152706 ], [ -53.95074, -27.152941 ], [ -53.953685, -27.154436 ], [ -53.95539, -27.155533 ], [ -53.957664, -27.157687 ], [ -53.959602, -27.160296 ], [ -53.960521, -27.162259 ], [ -53.961162, -27.164425 ], [ -53.9617, -27.168152 ], [ -53.961776, -27.170373 ], [ -53.961685, -27.173098 ], [ -53.961544, -27.176175 ], [ -53.961174, -27.179103 ], [ -53.960853, -27.181577 ], [ -53.960373, -27.184861 ], [ -53.960228, -27.187283 ], [ -53.960308, -27.189652 ], [ -53.961002, -27.192222 ], [ -53.961754, -27.194234 ], [ -53.963356, -27.197045 ], [ -53.96608, -27.198644 ], [ -53.970591, -27.198915 ], [ -53.973578, -27.198442 ], [ -53.976221, -27.197665 ], [ -53.978644, -27.197093 ], [ -53.981856, -27.196467 ], [ -53.985293, -27.195989 ], [ -53.987996, -27.19612 ], [ -53.990762, -27.196355 ], [ -53.994142, -27.195975 ], [ -53.996907, -27.196107 ], [ -54.000604, -27.195838 ], [ -54.001298, -27.195786 ], [ -54.005567, -27.196445 ], [ -54.007368, -27.197511 ], [ -54.009056, -27.198724 ], [ -54.01086, -27.200191 ], [ -54.012489, -27.202262 ], [ -54.015507, -27.210948 ], [ -54.015732, -27.213519 ], [ -54.01651, -27.216497 ], [ -54.016842, -27.219629 ], [ -54.016102, -27.221998 ], [ -54.015358, -27.22472 ], [ -54.015182, -27.226785 ], [ -54.01535, -27.22916 ], [ -54.015678, -27.231533 ], [ -54.016182, -27.233499 ], [ -54.017242, -27.237083 ], [ -54.018311, -27.239759 ], [ -54.019543, -27.243192 ], [ -54.021229, -27.246322 ], [ -54.0224, -27.249861 ], [ -54.024426, -27.252993 ], [ -54.027298, -27.254457 ], [ -54.029046, -27.255621 ], [ -54.032433, -27.256592 ], [ -54.035199, -27.256193 ], [ -54.039431, -27.256905 ], [ -54.043433, -27.257671 ], [ -54.046313, -27.258432 ], [ -54.049524, -27.259754 ], [ -54.053693, -27.262333 ], [ -54.056852, -27.264507 ], [ -54.059158, -27.267187 ], [ -54.060733, -27.26956 ], [ -54.06287, -27.273854 ], [ -54.064331, -27.276074 ], [ -54.065685, -27.278199 ], [ -54.067257, -27.280773 ], [ -54.069344, -27.282894 ], [ -54.070858, -27.285975 ], [ -54.07243, -27.29072 ], [ -54.074116, -27.292944 ], [ -54.076428, -27.295317 ], [ -54.078907, -27.297539 ], [ -54.081501, -27.299163 ], [ -54.090472, -27.301852 ], [ -54.092902, -27.302359 ], [ -54.095214, -27.302264 ], [ -54.097194, -27.30186 ], [ -54.099506, -27.30151 ], [ -54.103069, -27.301165 ], [ -54.10555, -27.301219 ], [ -54.109949, -27.302081 ], [ -54.112096, -27.302287 ], [ -54.114351, -27.302394 ], [ -54.11701, -27.3026 ], [ -54.122995, -27.302809 ], [ -54.132477, -27.302065 ], [ -54.137902, -27.30081 ], [ -54.142483, -27.299759 ], [ -54.145249, -27.299256 ], [ -54.149426, -27.29876 ], [ -54.151458, -27.298455 ], [ -54.154849, -27.296442 ], [ -54.156604, -27.294176 ], [ -54.156322, -27.2916 ], [ -54.155933, -27.28928 ], [ -54.154357, -27.286608 ], [ -54.153625, -27.284334 ], [ -54.1529, -27.280449 ], [ -54.152732, -27.276564 ], [ -54.152003, -27.274544 ], [ -54.153079, -27.272173 ], [ -54.153419, -27.269903 ], [ -54.153483, -27.267134 ], [ -54.154841, -27.264053 ], [ -54.156255, -27.261837 ], [ -54.158063, -27.259416 ], [ -54.159932, -27.256797 ], [ -54.160894, -27.254829 ], [ -54.163606, -27.254329 ], [ -54.166315, -27.25383 ], [ -54.168342, -27.253679 ], [ -54.1706, -27.253883 ], [ -54.17263, -27.254842 ], [ -54.174553, -27.255855 ], [ -54.176582, -27.25712 ], [ -54.178554, -27.258632 ], [ -54.180866, -27.261007 ], [ -54.182728, -27.262621 ], [ -54.184364, -27.263836 ], [ -54.186169, -27.2654 ], [ -54.187687, -27.267572 ], [ -54.188366, -27.270496 ], [ -54.189377, -27.272516 ], [ -54.190445, -27.275597 ], [ -54.190838, -27.277815 ], [ -54.191174, -27.280336 ], [ -54.191567, -27.282711 ], [ -54.19196, -27.284777 ], [ -54.192353, -27.286846 ], [ -54.193028, -27.288967 ], [ -54.1941, -27.29179 ], [ -54.194092, -27.294213 ], [ -54.193528, -27.29699 ], [ -54.19262, -27.300568 ], [ -54.192162, -27.302735 ], [ -54.192555, -27.304959 ], [ -54.193177, -27.307024 ], [ -54.194077, -27.309397 ], [ -54.195321, -27.311417 ], [ -54.197011, -27.31283 ], [ -54.198531, -27.314143 ], [ -54.199603, -27.315859 ], [ -54.200732, -27.318484 ], [ -54.20214, -27.320656 ], [ -54.20338, -27.322673 ], [ -54.204791, -27.325198 ], [ -54.205859, -27.32742 ], [ -54.206985, -27.329688 ], [ -54.208228, -27.33191 ], [ -54.209579, -27.33393 ], [ -54.210258, -27.3362 ], [ -54.21099, -27.338973 ], [ -54.211494, -27.340943 ], [ -54.212226, -27.343465 ], [ -54.213069, -27.34604 ], [ -54.213974, -27.348714 ], [ -54.214366, -27.350835 ], [ -54.214252, -27.353303 ], [ -54.21408, -27.356029 ], [ -54.214355, -27.35855 ], [ -54.214866, -27.360973 ], [ -54.215145, -27.363044 ], [ -54.215542, -27.36506 ], [ -54.215763, -27.367786 ], [ -54.215309, -27.369852 ], [ -54.21508, -27.372325 ], [ -54.215416, -27.3752 ], [ -54.215751, -27.37722 ], [ -54.21643, -27.379791 ], [ -54.217499, -27.381708 ], [ -54.21891, -27.38398 ], [ -54.22055, -27.385998 ], [ -54.222412, -27.387361 ], [ -54.223938, -27.388826 ], [ -54.225689, -27.389889 ], [ -54.227326, -27.39105 ], [ -54.229868, -27.39221 ], [ -54.232123, -27.392111 ], [ -54.234049, -27.391458 ], [ -54.236418, -27.391359 ], [ -54.238623, -27.391411 ], [ -54.24111, -27.390856 ], [ -54.243541, -27.390608 ], [ -54.245688, -27.390455 ], [ -54.247836, -27.390005 ], [ -54.251224, -27.391315 ], [ -54.253314, -27.392629 ], [ -54.256364, -27.393942 ], [ -54.258794, -27.395155 ], [ -54.260946, -27.396162 ], [ -54.262922, -27.397728 ], [ -54.264841, -27.399191 ], [ -54.267103, -27.401966 ], [ -54.267893, -27.404591 ], [ -54.268175, -27.406811 ], [ -54.268564, -27.409435 ], [ -54.269354, -27.411802 ], [ -54.27049, -27.414482 ], [ -54.270937, -27.417206 ], [ -54.270937, -27.419876 ], [ -54.270651, -27.423258 ], [ -54.270651, -27.425526 ], [ -54.269632, -27.428854 ], [ -54.267656, -27.430167 ], [ -54.268217, -27.432385 ], [ -54.268217, -27.434605 ], [ -54.269178, -27.436472 ], [ -54.270586, -27.438292 ], [ -54.272451, -27.439755 ], [ -54.275057, -27.441573 ], [ -54.277483, -27.443387 ], [ -54.279291, -27.444546 ], [ -54.281668, -27.44566 ], [ -54.283701, -27.446568 ], [ -54.285851, -27.447377 ], [ -54.288109, -27.446618 ], [ -54.290261, -27.445712 ], [ -54.292351, -27.444199 ], [ -54.293708, -27.442685 ], [ -54.295123, -27.44077 ], [ -54.29597, -27.438399 ], [ -54.2975, -27.435626 ], [ -54.298629, -27.433655 ], [ -54.299533, -27.43179 ], [ -54.300838, -27.429268 ], [ -54.303157, -27.426598 ], [ -54.306829, -27.42261 ], [ -54.308412, -27.421347 ], [ -54.310842, -27.418829 ], [ -54.312425, -27.416857 ], [ -54.314065, -27.415649 ], [ -54.316267, -27.413279 ], [ -54.318872, -27.411457 ], [ -54.321356, -27.410049 ], [ -54.323332, -27.408636 ], [ -54.325708, -27.406717 ], [ -54.327631, -27.405256 ], [ -54.329777, -27.404447 ], [ -54.331867, -27.40369 ], [ -54.334637, -27.403438 ], [ -54.336842, -27.402834 ], [ -54.338932, -27.402933 ], [ -54.341195, -27.404295 ], [ -54.342892, -27.406717 ], [ -54.343853, -27.408935 ], [ -54.3447, -27.410854 ], [ -54.345719, -27.413023 ], [ -54.346512, -27.415142 ], [ -54.346848, -27.417208 ], [ -54.346963, -27.420235 ], [ -54.34713, -27.422257 ], [ -54.347363, -27.42503 ], [ -54.347249, -27.427653 ], [ -54.346799, -27.430176 ], [ -54.345723, -27.432646 ], [ -54.344365, -27.435118 ], [ -54.343064, -27.436831 ], [ -54.34171, -27.438599 ], [ -54.340073, -27.440262 ], [ -54.33775, -27.443291 ], [ -54.336735, -27.445059 ], [ -54.335602, -27.447228 ], [ -54.33532, -27.449393 ], [ -54.335999, -27.452876 ], [ -54.336113, -27.456105 ], [ -54.336907, -27.458478 ], [ -54.337922, -27.460294 ], [ -54.339283, -27.462157 ], [ -54.340359, -27.464072 ], [ -54.342393, -27.465941 ], [ -54.344315, -27.466748 ], [ -54.346864, -27.466948 ], [ -54.349122, -27.46725 ], [ -54.351327, -27.466748 ], [ -54.353646, -27.465638 ], [ -54.356134, -27.464223 ], [ -54.358226, -27.462353 ], [ -54.359924, -27.460992 ], [ -54.362068, -27.459023 ], [ -54.363819, -27.457715 ], [ -54.365512, -27.455342 ], [ -54.36642, -27.453526 ], [ -54.367607, -27.45156 ], [ -54.369075, -27.449742 ], [ -54.37088, -27.447823 ], [ -54.372242, -27.446209 ], [ -54.37371, -27.444088 ], [ -54.374614, -27.442223 ], [ -54.375343, -27.4396 ], [ -54.376079, -27.437378 ], [ -54.376983, -27.43556 ], [ -54.37772, -27.43314 ], [ -54.379471, -27.430969 ], [ -54.380993, -27.429257 ], [ -54.382349, -27.427538 ], [ -54.383707, -27.425922 ], [ -54.385119, -27.423956 ], [ -54.385965, -27.421486 ], [ -54.387262, -27.419718 ], [ -54.388846, -27.417801 ], [ -54.39065, -27.41679 ], [ -54.39218, -27.415426 ], [ -54.393366, -27.413461 ], [ -54.395396, -27.411794 ], [ -54.397265, -27.410986 ], [ -54.39913, -27.40937 ], [ -54.401385, -27.408209 ], [ -54.403701, -27.407348 ], [ -54.405625, -27.40644 ], [ -54.407487, -27.405582 ], [ -54.410882, -27.405077 ], [ -54.413424, -27.405227 ], [ -54.415061, -27.406639 ], [ -54.416927, -27.407495 ], [ -54.41896, -27.408451 ], [ -54.421283, -27.410316 ], [ -54.423152, -27.412182 ], [ -54.424621, -27.414398 ], [ -54.426151, -27.415964 ], [ -54.428245, -27.417572 ], [ -54.430168, -27.419185 ], [ -54.432823, -27.421253 ], [ -54.434576, -27.422664 ], [ -54.436384, -27.423725 ], [ -54.438421, -27.424728 ], [ -54.440401, -27.425281 ], [ -54.442946, -27.425178 ], [ -54.445318, -27.424368 ], [ -54.447409, -27.423509 ], [ -54.449561, -27.422752 ], [ -54.452101, -27.422497 ], [ -54.454417, -27.422191 ], [ -54.456626, -27.422039 ], [ -54.459109, -27.422338 ], [ -54.462109, -27.422891 ], [ -54.464875, -27.423343 ], [ -54.467423, -27.424146 ], [ -54.469571, -27.425606 ], [ -54.470765, -27.427475 ], [ -54.472066, -27.429037 ], [ -54.473195, -27.430801 ], [ -54.473825, -27.43342 ], [ -54.47405, -27.435491 ], [ -54.474283, -27.437862 ], [ -54.472867, -27.439629 ], [ -54.470952, -27.44064 ], [ -54.469594, -27.442354 ], [ -54.468125, -27.444376 ], [ -54.466661, -27.446345 ], [ -54.46502, -27.448111 ], [ -54.463386, -27.449373 ], [ -54.460677, -27.451395 ], [ -54.458754, -27.452606 ], [ -54.456889, -27.453718 ], [ -54.455081, -27.454983 ], [ -54.452761, -27.456749 ], [ -54.451068, -27.458064 ], [ -54.449091, -27.459479 ], [ -54.447001, -27.460892 ], [ -54.44525, -27.462559 ], [ -54.443953, -27.464476 ], [ -54.443503, -27.467204 ], [ -54.4439, -27.469367 ], [ -54.444918, -27.472193 ], [ -54.447016, -27.473956 ], [ -54.4542, -27.477076 ], [ -54.457312, -27.478335 ], [ -54.460311, -27.478938 ], [ -54.46252, -27.479594 ], [ -54.464442, -27.480147 ], [ -54.46733, -27.48095 ], [ -54.469308, -27.48125 ], [ -54.47157, -27.481499 ], [ -54.473665, -27.481547 ], [ -54.475698, -27.481242 ], [ -54.478357, -27.480736 ], [ -54.481184, -27.480632 ], [ -54.483503, -27.480729 ], [ -54.48588, -27.480527 ], [ -54.488251, -27.479968 ], [ -54.490685, -27.479863 ], [ -54.494248, -27.480414 ], [ -54.496735, -27.480261 ], [ -54.499112, -27.481265 ], [ -54.501767, -27.482571 ], [ -54.504147, -27.483782 ], [ -54.506528, -27.485947 ], [ -54.508397, -27.487456 ], [ -54.510495, -27.488866 ], [ -54.512643, -27.490681 ], [ -54.514401, -27.492696 ], [ -54.515763, -27.495366 ], [ -54.517011, -27.497989 ], [ -54.518544, -27.501367 ], [ -54.520021, -27.50414 ], [ -54.522405, -27.506202 ], [ -54.525798, -27.507159 ], [ -54.528511, -27.507506 ], [ -54.531906, -27.507299 ], [ -54.53417, -27.506839 ], [ -54.535574, -27.504817 ], [ -54.536077, -27.502244 ], [ -54.536184, -27.499165 ], [ -54.53607, -27.496343 ], [ -54.536238, -27.49412 ], [ -54.536909, -27.4917 ], [ -54.538374, -27.48948 ], [ -54.540125, -27.487258 ], [ -54.541651, -27.485438 ], [ -54.543341, -27.483672 ], [ -54.544809, -27.482203 ], [ -54.546446, -27.480284 ], [ -54.547575, -27.47852 ], [ -54.548643, -27.476597 ], [ -54.550339, -27.475085 ], [ -54.551857, -27.473517 ], [ -54.553273, -27.47205 ], [ -54.554282, -27.469731 ], [ -54.556147, -27.468619 ], [ -54.557387, -27.466696 ], [ -54.55902, -27.464775 ], [ -54.561114, -27.463211 ], [ -54.562972, -27.462147 ], [ -54.56478, -27.460331 ], [ -54.56602, -27.458408 ], [ -54.567546, -27.456944 ], [ -54.569465, -27.455931 ], [ -54.57223, -27.454664 ], [ -54.576127, -27.453598 ], [ -54.578786, -27.45314 ], [ -54.58331, -27.453535 ], [ -54.585859, -27.45454 ], [ -54.588689, -27.456049 ], [ -54.590952, -27.457302 ], [ -54.592714, -27.459421 ], [ -54.594469, -27.461533 ], [ -54.594313, -27.465876 ], [ -54.593187, -27.468348 ], [ -54.593191, -27.470869 ], [ -54.593653, -27.473242 ], [ -54.594561, -27.47576 ], [ -54.595755, -27.478178 ], [ -54.596724, -27.4807 ], [ -54.597406, -27.482714 ], [ -54.598944, -27.485032 ], [ -54.598265, -27.487204 ], [ -54.598612, -27.48927 ], [ -54.59907, -27.491492 ], [ -54.599245, -27.493964 ], [ -54.599646, -27.496077 ], [ -54.601462, -27.49774 ], [ -54.602881, -27.499404 ], [ -54.604754, -27.501366 ], [ -54.605097, -27.503789 ], [ -54.606516, -27.506556 ], [ -54.607882, -27.508775 ], [ -54.609587, -27.511344 ], [ -54.610835, -27.51336 ], [ -54.611914, -27.515323 ], [ -54.612656, -27.517797 ], [ -54.612717, -27.520066 ], [ -54.61267, -27.522485 ], [ -54.613297, -27.524705 ], [ -54.614323, -27.527526 ], [ -54.614556, -27.529948 ], [ -54.615071, -27.532819 ], [ -54.615533, -27.535295 ], [ -54.616612, -27.537559 ], [ -54.618089, -27.53902 ], [ -54.619733, -27.54083 ], [ -54.621438, -27.542541 ], [ -54.623197, -27.544807 ], [ -54.624788, -27.546573 ], [ -54.626718, -27.547576 ], [ -54.629156, -27.549036 ], [ -54.631189, -27.549987 ], [ -54.633794, -27.550689 ], [ -54.637245, -27.550781 ], [ -54.639229, -27.550172 ], [ -54.640922, -27.549009 ], [ -54.642898, -27.546735 ], [ -54.64436, -27.544811 ], [ -54.645428, -27.542743 ], [ -54.64666, -27.539006 ], [ -54.648232, -27.534465 ], [ -54.648953, -27.530324 ], [ -54.649742, -27.527495 ], [ -54.649387, -27.524421 ], [ -54.651024, -27.522801 ], [ -54.651928, -27.520633 ], [ -54.652542, -27.518613 ], [ -54.653721, -27.516843 ], [ -54.654904, -27.514825 ], [ -54.656262, -27.513257 ], [ -54.658238, -27.511939 ], [ -54.660271, -27.510825 ], [ -54.662587, -27.509965 ], [ -54.665581, -27.508746 ], [ -54.668408, -27.508385 ], [ -54.671573, -27.508225 ], [ -54.673835, -27.508372 ], [ -54.677234, -27.508717 ], [ -54.679442, -27.509413 ], [ -54.680076, -27.512438 ], [ -54.681159, -27.515113 ], [ -54.681903, -27.517379 ], [ -54.682754, -27.519698 ], [ -54.683273, -27.522317 ], [ -54.683395, -27.525092 ], [ -54.683688, -27.527413 ], [ -54.683978, -27.530137 ], [ -54.684043, -27.532304 ], [ -54.683315, -27.535031 ], [ -54.681739, -27.538112 ], [ -54.680732, -27.540183 ], [ -54.679717, -27.542304 ], [ -54.678935, -27.544425 ], [ -54.678771, -27.546596 ], [ -54.678325, -27.549121 ], [ -54.677715, -27.551542 ], [ -54.677264, -27.554517 ], [ -54.67694, -27.557596 ], [ -54.676606, -27.559818 ], [ -54.676221, -27.562139 ], [ -54.675439, -27.564968 ], [ -54.675103, -27.567337 ], [ -54.675393, -27.569353 ], [ -54.675512, -27.571373 ], [ -54.675916, -27.573438 ], [ -54.67756, -27.5751 ], [ -54.679832, -27.576807 ], [ -54.682037, -27.577207 ], [ -54.684307, -27.577404 ], [ -54.686679, -27.577244 ], [ -54.689171, -27.576328 ], [ -54.691208, -27.575569 ], [ -54.693638, -27.574655 ], [ -54.696011, -27.573637 ], [ -54.69799, -27.572927 ], [ -54.70076, -27.571912 ], [ -54.703186, -27.570894 ], [ -54.705845, -27.569976 ], [ -54.707997, -27.569317 ], [ -54.710936, -27.568147 ], [ -54.715176, -27.567176 ], [ -54.717488, -27.566516 ], [ -54.719868, -27.565399 ], [ -54.722241, -27.564533 ], [ -54.724839, -27.564123 ], [ -54.727841, -27.563962 ], [ -54.730218, -27.563503 ], [ -54.733159, -27.563343 ], [ -54.735761, -27.563335 ], [ -54.738252, -27.563682 ], [ -54.740913, -27.563419 ], [ -54.743408, -27.564928 ], [ -54.745903, -27.565929 ], [ -54.74834, -27.567432 ], [ -54.750729, -27.568939 ], [ -54.752712, -27.570751 ], [ -54.754135, -27.57266 ], [ -54.755905, -27.575935 ], [ -54.757271, -27.578098 ], [ -54.759262, -27.580465 ], [ -54.76165, -27.583332 ], [ -54.763188, -27.58514 ], [ -54.764889, -27.586653 ], [ -54.767048, -27.587904 ], [ -54.770333, -27.587993 ], [ -54.773274, -27.587431 ], [ -54.775474, -27.586567 ], [ -54.777568, -27.586103 ], [ -54.780341, -27.584882 ], [ -54.782653, -27.583566 ], [ -54.784114, -27.581848 ], [ -54.785072, -27.57942 ], [ -54.78495, -27.577404 ], [ -54.785167, -27.575336 ], [ -54.785495, -27.572965 ], [ -54.786052, -27.570995 ], [ -54.787174, -27.568416 ], [ -54.787902, -27.566297 ], [ -54.788856, -27.564176 ], [ -54.788562, -27.561198 ], [ -54.787929, -27.559186 ], [ -54.788089, -27.556861 ], [ -54.788703, -27.554742 ], [ -54.788577, -27.55222 ], [ -54.787719, -27.550258 ], [ -54.78709, -27.547784 ], [ -54.78691, -27.545318 ], [ -54.787858, -27.542943 ], [ -54.789148, -27.541072 ], [ -54.79022, -27.5391 ], [ -54.79157, -27.536876 ], [ -54.793485, -27.534953 ], [ -54.795968, -27.53358 ], [ -54.79828, -27.532614 ], [ -54.801103, -27.531647 ], [ -54.803198, -27.531541 ], [ -54.806196, -27.531026 ], [ -54.808515, -27.531117 ], [ -54.810724, -27.531464 ], [ -54.813101, -27.532059 ], [ -54.815821, -27.533009 ], [ -54.817526, -27.534361 ], [ -54.818949, -27.536326 ], [ -54.820433, -27.538289 ], [ -54.821963, -27.540147 ], [ -54.822997, -27.542113 ], [ -54.82408, -27.545085 ], [ -54.824828, -27.547355 ], [ -54.826087, -27.550071 ], [ -54.827967, -27.553191 ], [ -54.83002, -27.556716 ], [ -54.830989, -27.558478 ], [ -54.832309, -27.561751 ], [ -54.83322, -27.563817 ], [ -54.833968, -27.565932 ], [ -54.834601, -27.567947 ], [ -54.83512, -27.569915 ], [ -54.835639, -27.571977 ], [ -54.836158, -27.574397 ], [ -54.836681, -27.576768 ], [ -54.837199, -27.578836 ], [ -54.837833, -27.581003 ], [ -54.83858, -27.584278 ], [ -54.839217, -27.586795 ], [ -54.839853, -27.588913 ], [ -54.840596, -27.591127 ], [ -54.84123, -27.59375 ], [ -54.84181, -27.596267 ], [ -54.842389, -27.599193 ], [ -54.842679, -27.601362 ], [ -54.843034, -27.603628 ], [ -54.843496, -27.605797 ], [ -54.843961, -27.608314 ], [ -54.844308, -27.610384 ], [ -54.845399, -27.613152 ], [ -54.84649, -27.615925 ], [ -54.847181, -27.618393 ], [ -54.848268, -27.620407 ], [ -54.849462, -27.622471 ], [ -54.851744, -27.62443 ], [ -54.853502, -27.626187 ], [ -54.855322, -27.627691 ], [ -54.85697, -27.629202 ], [ -54.858908, -27.630804 ], [ -54.86151, -27.630595 ], [ -54.864336, -27.629223 ], [ -54.866991, -27.627701 ], [ -54.869532, -27.62648 ], [ -54.871512, -27.625614 ], [ -54.874056, -27.625301 ], [ -54.876376, -27.625191 ], [ -54.879151, -27.625279 ], [ -54.881644, -27.625723 ], [ -54.883685, -27.626219 ], [ -54.887485, -27.627363 ], [ -54.889644, -27.628212 ], [ -54.892085, -27.629364 ], [ -54.894405, -27.629656 ], [ -54.896392, -27.630049 ], [ -54.898548, -27.631354 ], [ -54.900261, -27.632961 ], [ -54.902706, -27.635269 ], [ -54.904644, -27.637585 ], [ -54.905956, -27.639492 ], [ -54.908234, -27.641806 ], [ -54.908871, -27.644478 ], [ -54.908886, -27.647856 ], [ -54.908398, -27.650982 ], [ -54.90802, -27.654215 ], [ -54.907974, -27.656886 ], [ -54.908329, -27.659104 ], [ -54.908402, -27.661982 ], [ -54.908527, -27.665158 ], [ -54.908211, -27.669648 ], [ -54.908062, -27.672875 ], [ -54.907848, -27.676156 ], [ -54.907642, -27.679235 ], [ -54.907257, -27.681909 ], [ -54.906818, -27.68423 ], [ -54.906609, -27.687106 ], [ -54.906391, -27.689277 ], [ -54.906178, -27.691345 ], [ -54.905743, -27.694528 ], [ -54.905422, -27.698312 ], [ -54.905434, -27.701036 ], [ -54.905502, -27.703203 ], [ -54.905808, -27.706684 ], [ -54.905995, -27.709858 ], [ -54.906063, -27.712028 ], [ -54.906929, -27.715456 ], [ -54.907395, -27.718023 ], [ -54.908322, -27.720743 ], [ -54.908844, -27.723617 ], [ -54.909661, -27.727749 ], [ -54.911377, -27.730919 ], [ -54.912632, -27.732679 ], [ -54.914685, -27.73489 ], [ -54.916283, -27.73645 ], [ -54.91879, -27.738707 ], [ -54.921292, -27.74041 ], [ -54.923169, -27.741566 ], [ -54.924935, -27.743069 ], [ -54.927268, -27.744623 ], [ -54.930232, -27.747179 ], [ -54.93251, -27.749794 ], [ -54.934165, -27.751805 ], [ -54.935424, -27.753516 ], [ -54.93658, -27.75704 ], [ -54.93716, -27.759053 ], [ -54.937679, -27.76112 ], [ -54.938034, -27.764245 ], [ -54.938106, -27.766667 ], [ -54.939254, -27.768731 ], [ -54.941475, -27.770131 ], [ -54.943634, -27.771384 ], [ -54.945854, -27.772584 ], [ -54.948017, -27.774089 ], [ -54.950123, -27.775288 ], [ -54.952221, -27.775986 ], [ -54.95427, -27.776377 ], [ -54.956425, -27.776368 ], [ -54.959317, -27.776456 ], [ -54.961472, -27.776347 ], [ -54.963967, -27.77603 ], [ -54.966061, -27.775515 ], [ -54.967868, -27.774651 ], [ -54.969897, -27.773026 ], [ -54.971366, -27.771607 ], [ -54.973342, -27.770438 ], [ -54.975776, -27.769566 ], [ -54.977866, -27.768446 ], [ -54.978362, -27.766327 ], [ -54.980632, -27.766568 ], [ -54.982791, -27.766711 ], [ -54.984838, -27.768366 ], [ -54.986493, -27.770073 ], [ -54.98837, -27.770871 ], [ -54.991212, -27.771763 ], [ -54.993539, -27.77281 ], [ -54.99542, -27.773861 ], [ -54.996622, -27.775467 ], [ -54.997259, -27.777886 ], [ -54.998133, -27.781363 ], [ -54.998995, -27.783681 ], [ -54.999861, -27.785542 ], [ -55.000895, -27.787705 ], [ -55.001757, -27.789567 ], [ -55.002844, -27.791377 ], [ -55.004782, -27.793334 ], [ -55.00683, -27.794432 ], [ -55.008932, -27.79518 ], [ -55.011149, -27.795371 ], [ -55.013358, -27.795058 ], [ -55.015738, -27.794642 ], [ -55.017829, -27.793874 ], [ -55.020034, -27.792603 ], [ -55.022353, -27.791383 ], [ -55.024276, -27.790412 ], [ -55.026481, -27.789492 ], [ -55.028453, -27.787818 ], [ -55.02975, -27.786049 ], [ -55.031264, -27.784373 ], [ -55.032332, -27.782353 ], [ -55.034644, -27.780575 ], [ -55.036727, -27.778191 ], [ -55.038188, -27.77612 ], [ -55.039876, -27.774292 ], [ -55.041906, -27.77277 ], [ -55.043542, -27.771549 ], [ -55.045465, -27.770279 ], [ -55.047102, -27.769009 ], [ -55.04936, -27.767584 ], [ -55.051508, -27.766918 ], [ -55.053831, -27.767004 ], [ -55.056215, -27.766995 ], [ -55.058596, -27.76718 ], [ -55.061213, -27.768328 ], [ -55.063151, -27.769125 ], [ -55.065592, -27.769869 ], [ -55.067526, -27.770563 ], [ -55.069689, -27.771813 ], [ -55.071963, -27.772961 ], [ -55.074065, -27.773152 ], [ -55.075888, -27.774603 ], [ -55.077761, -27.775549 ], [ -55.079642, -27.777155 ], [ -55.081019, -27.77871 ], [ -55.082957, -27.780466 ], [ -55.084834, -27.781567 ], [ -55.084853, -27.783936 ], [ -55.08578, -27.786757 ], [ -55.086021, -27.789025 ], [ -55.085986, -27.792151 ], [ -55.085548, -27.794171 ], [ -55.084376, -27.796698 ], [ -55.082629, -27.798678 ], [ -55.080661, -27.800404 ], [ -55.079028, -27.801774 ], [ -55.076197, -27.803 ], [ -55.074271, -27.803616 ], [ -55.071959, -27.805344 ], [ -55.070097, -27.806414 ], [ -55.067671, -27.808242 ], [ -55.066721, -27.810212 ], [ -55.064173, -27.811034 ], [ -55.062762, -27.81281 ], [ -55.060732, -27.814282 ], [ -55.058359, -27.815455 ], [ -55.056212, -27.81627 ], [ -55.054113, -27.81714 ], [ -55.051737, -27.818009 ], [ -55.048628, -27.819842 ], [ -55.046594, -27.821117 ], [ -55.04451, -27.822337 ], [ -55.042244, -27.823459 ], [ -55.040382, -27.824376 ], [ -55.038288, -27.825595 ], [ -55.03614, -27.826717 ], [ -55.033824, -27.82784 ], [ -55.031047, -27.828863 ], [ -55.028556, -27.829481 ], [ -55.026805, -27.830753 ], [ -55.02563, -27.833482 ], [ -55.024692, -27.83732 ], [ -55.02391, -27.839594 ], [ -55.023021, -27.842321 ], [ -55.022872, -27.845295 ], [ -55.023795, -27.847765 ], [ -55.025855, -27.850677 ], [ -55.027118, -27.852339 ], [ -55.029804, -27.855097 ], [ -55.031967, -27.856245 ], [ -55.034805, -27.857139 ], [ -55.038551, -27.85717 ], [ -55.041389, -27.856399 ], [ -55.043594, -27.855579 ], [ -55.045566, -27.854004 ], [ -55.04715, -27.852688 ], [ -55.049181, -27.851112 ], [ -55.051161, -27.849788 ], [ -55.05308, -27.84897 ], [ -55.055517, -27.848356 ], [ -55.058012, -27.847738 ], [ -55.060046, -27.847221 ], [ -55.062487, -27.846449 ], [ -55.064463, -27.845785 ], [ -55.066443, -27.844663 ], [ -55.068434, -27.845207 ], [ -55.070929, -27.845094 ], [ -55.073596, -27.844928 ], [ -55.076091, -27.844612 ], [ -55.078246, -27.844247 ], [ -55.080962, -27.843626 ], [ -55.083343, -27.843008 ], [ -55.085378, -27.842138 ], [ -55.088214, -27.842779 ], [ -55.090721, -27.843572 ], [ -55.093731, -27.844007 ], [ -55.096058, -27.844449 ], [ -55.098961, -27.845293 ], [ -55.102081, -27.845981 ], [ -55.105553, -27.846765 ], [ -55.10754, -27.847309 ], [ -55.109585, -27.847499 ], [ -55.111805, -27.848293 ], [ -55.11414, -27.84934 ], [ -55.117039, -27.84988 ], [ -55.119252, -27.85017 ], [ -55.121358, -27.851415 ], [ -55.123883, -27.854377 ], [ -55.125199, -27.856084 ], [ -55.127261, -27.858644 ], [ -55.128982, -27.861309 ], [ -55.129455, -27.863928 ], [ -55.129073, -27.86615 ], [ -55.12852, -27.868221 ], [ -55.127353, -27.871 ], [ -55.126237, -27.874086 ], [ -55.125016, -27.877218 ], [ -55.125016, -27.880127 ], [ -55.12703, -27.881496 ], [ -55.126992, -27.883766 ], [ -55.126439, -27.885737 ], [ -55.126679, -27.887901 ], [ -55.127332, -27.890824 ], [ -55.127854, -27.893038 ], [ -55.129346, -27.894696 ], [ -55.131164, -27.895542 ], [ -55.133212, -27.89543 ], [ -55.135585, -27.894356 ], [ -55.137618, -27.893133 ], [ -55.139533, -27.891205 ], [ -55.14117, -27.889279 ], [ -55.142856, -27.887606 ], [ -55.144439, -27.886383 ], [ -55.146637, -27.884556 ], [ -55.148666, -27.882275 ], [ -55.150802, -27.879688 ], [ -55.152088, -27.877462 ], [ -55.153316, -27.874628 ], [ -55.155056, -27.872097 ], [ -55.156059, -27.869873 ], [ -55.157574, -27.867288 ], [ -55.15926, -27.864856 ], [ -55.160721, -27.863338 ], [ -55.162754, -27.862264 ], [ -55.164677, -27.861192 ], [ -55.166704, -27.859569 ], [ -55.168394, -27.858396 ], [ -55.17066, -27.857524 ], [ -55.17372, -27.856903 ], [ -55.177794, -27.855213 ], [ -55.180114, -27.85444 ], [ -55.182155, -27.854074 ], [ -55.185216, -27.8537 ], [ -55.187539, -27.853586 ], [ -55.189637, -27.853374 ], [ -55.191903, -27.853057 ], [ -55.195493, -27.854446 ], [ -55.198621, -27.855384 ], [ -55.201295, -27.856273 ], [ -55.204313, -27.857618 ], [ -55.206766, -27.859414 ], [ -55.208475, -27.860464 ], [ -55.2115, -27.86226 ], [ -55.212931, -27.863664 ], [ -55.214876, -27.865619 ], [ -55.21591, -27.867477 ], [ -55.217692, -27.869939 ], [ -55.219069, -27.871948 ], [ -55.221308, -27.874553 ], [ -55.222685, -27.876611 ], [ -55.225424, -27.878711 ], [ -55.227767, -27.880312 ], [ -55.229766, -27.881912 ], [ -55.231822, -27.883663 ], [ -55.233714, -27.88587 ], [ -55.235152, -27.88813 ], [ -55.236819, -27.890642 ], [ -55.23775, -27.892803 ], [ -55.23828, -27.895424 ], [ -55.238242, -27.897442 ], [ -55.239562, -27.899199 ], [ -55.241958, -27.900795 ], [ -55.242831, -27.902859 ], [ -55.24393, -27.905321 ], [ -55.246337, -27.907875 ], [ -55.249084, -27.910732 ], [ -55.250518, -27.912186 ], [ -55.251949, -27.913891 ], [ -55.25481, -27.916189 ], [ -55.257089, -27.917437 ], [ -55.259088, -27.918736 ], [ -55.261595, -27.919777 ], [ -55.264502, -27.920864 ], [ -55.266657, -27.921051 ], [ -55.268877, -27.921492 ], [ -55.271197, -27.920365 ], [ -55.273554, -27.923474 ], [ -55.276053, -27.924164 ], [ -55.279017, -27.925053 ], [ -55.281989, -27.926749 ], [ -55.285735, -27.927174 ], [ -55.288119, -27.927056 ], [ -55.293105, -27.925761 ], [ -55.295883, -27.925034 ], [ -55.298593, -27.923655 ], [ -55.300571, -27.92268 ], [ -55.303119, -27.922308 ], [ -55.305843, -27.922039 ], [ -55.30817, -27.921616 ], [ -55.31015, -27.921101 ], [ -55.312534, -27.920731 ], [ -55.315094, -27.921162 ], [ -55.31731, -27.921452 ], [ -55.320667, -27.922281 ], [ -55.323571, -27.923372 ], [ -55.326085, -27.924765 ], [ -55.329117, -27.927218 ], [ -55.331009, -27.929116 ], [ -55.332516, -27.932688 ], [ -55.333737, -27.935753 ], [ -55.334954, -27.937865 ], [ -55.336396, -27.940527 ], [ -55.336999, -27.944558 ], [ -55.337148, -27.948237 ], [ -55.337174, -27.950709 ], [ -55.337598, -27.95348 ], [ -55.338201, -27.957562 ], [ -55.338674, -27.959672 ], [ -55.339677, -27.963096 ], [ -55.340722, -27.96576 ], [ -55.341821, -27.96782 ], [ -55.343877, -27.969167 ], [ -55.346441, -27.969602 ], [ -55.348213, -27.967971 ], [ -55.350715, -27.971086 ], [ -55.353038, -27.970765 ], [ -55.355201, -27.971099 ], [ -55.3573, -27.971236 ], [ -55.359409, -27.971423 ], [ -55.361572, -27.971808 ], [ -55.363674, -27.972197 ], [ -55.36578, -27.972682 ], [ -55.367771, -27.973172 ], [ -55.36982, -27.973157 ], [ -55.371865, -27.973245 ], [ -55.373356, -27.974795 ], [ -55.374855, -27.97685 ], [ -55.376912, -27.978246 ], [ -55.379426, -27.979741 ], [ -55.3816, -27.981235 ], [ -55.383595, -27.981929 ], [ -55.385541, -27.982923 ], [ -55.387429, -27.984569 ], [ -55.388711, -27.987638 ], [ -55.388734, -27.989806 ], [ -55.388482, -27.993238 ], [ -55.388284, -27.996465 ], [ -55.387856, -27.998739 ], [ -55.387635, -27.999095 ], [ -55.386289, -28.001272 ], [ -55.384316, -28.003005 ], [ -55.382344, -28.005086 ], [ -55.379925, -28.006919 ], [ -55.377728, -28.009157 ], [ -55.375821, -28.011541 ], [ -55.374985, -28.013416 ], [ -55.373242, -28.015545 ], [ -55.371045, -28.017181 ], [ -55.3704, -28.01935 ], [ -55.370381, -28.022173 ], [ -55.371045, -28.024851 ], [ -55.37217, -28.02667 ], [ -55.373459, -28.0289 ], [ -55.375603, -28.031382 ], [ -55.377408, -28.033159 ], [ -55.379441, -28.034935 ], [ -55.381135, -28.03656 ], [ -55.383344, -28.038282 ], [ -55.385442, -28.039255 ], [ -55.387822, -28.040074 ], [ -55.389806, -28.040943 ], [ -55.391618, -28.042011 ], [ -55.394624, -28.042784 ], [ -55.397123, -28.043705 ], [ -55.398931, -28.045126 ], [ -55.400793, -28.046951 ], [ -55.402261, -28.048674 ], [ -55.4039, -28.050097 ], [ -55.406559, -28.051373 ], [ -55.408775, -28.051739 ], [ -55.410873, -28.052704 ], [ -55.412342, -28.054179 ], [ -55.414211, -28.055449 ], [ -55.416538, -28.055863 ], [ -55.419083, -28.05724 ], [ -55.420948, -28.058762 ], [ -55.422822, -28.060034 ], [ -55.424576, -28.06135 ], [ -55.426383, -28.063178 ], [ -55.42779, -28.064997 ], [ -55.429591, -28.067582 ], [ -55.431571, -28.069758 ], [ -55.433207, -28.071082 ], [ -55.434844, -28.073411 ], [ -55.436477, -28.07619 ], [ -55.437488, -28.07796 ], [ -55.438327, -28.080285 ], [ -55.43933, -28.082764 ], [ -55.440509, -28.085692 ], [ -55.441234, -28.087764 ], [ -55.442352, -28.09105 ], [ -55.44313, -28.093522 ], [ -55.443969, -28.095798 ], [ -55.44572, -28.097777 ], [ -55.448505, -28.09809 ], [ -55.45084, -28.097547 ], [ -55.454204, -28.095797 ], [ -55.45837, -28.093398 ], [ -55.46014, -28.09245 ], [ -55.462082, -28.091346 ], [ -55.46442, -28.089797 ], [ -55.466423, -28.08779 ], [ -55.468025, -28.086335 ], [ -55.470032, -28.084477 ], [ -55.471798, -28.083325 ], [ -55.474656, -28.08117 ], [ -55.476773, -28.079009 ], [ -55.479172, -28.077509 ], [ -55.480824, -28.07631 ], [ -55.484753, -28.075165 ], [ -55.487088, -28.075127 ], [ -55.489594, -28.074938 ], [ -55.491807, -28.075049 ], [ -55.49476, -28.075766 ], [ -55.496461, -28.077235 ], [ -55.497922, -28.079361 ], [ -55.499273, -28.081688 ], [ -55.500543, -28.086882 ], [ -55.504757, -28.090653 ], [ -55.504894, -28.092864 ], [ -55.504757, -28.095359 ], [ -55.505207, -28.097411 ], [ -55.506271, -28.101243 ], [ -55.507042, -28.103692 ], [ -55.507938, -28.106124 ], [ -55.508823, -28.108077 ], [ -55.510052, -28.110066 ], [ -55.51141, -28.112147 ], [ -55.512733, -28.114142 ], [ -55.514595, -28.114888 ], [ -55.517109, -28.114907 ], [ -55.519886, -28.114902 ], [ -55.523774, -28.114888 ], [ -55.527443, -28.114932 ], [ -55.529511, -28.115312 ], [ -55.531724, -28.115975 ], [ -55.533707, -28.116759 ], [ -55.535622, -28.117772 ], [ -55.537564, -28.119155 ], [ -55.539044, -28.120505 ], [ -55.540631, -28.122283 ], [ -55.541871, -28.123992 ], [ -55.543176, -28.126176 ], [ -55.544374, -28.128511 ], [ -55.545698, -28.131458 ], [ -55.546708, -28.134189 ], [ -55.547426, -28.1366 ], [ -55.547845, -28.138631 ], [ -55.547998, -28.140819 ], [ -55.547807, -28.143154 ], [ -55.547826, -28.145401 ], [ -55.548192, -28.148035 ], [ -55.548822, -28.150934 ], [ -55.549764, -28.154037 ], [ -55.550531, -28.15608 ], [ -55.551332, -28.158006 ], [ -55.552576, -28.160166 ], [ -55.554033, -28.161968 ], [ -55.555685, -28.163578 ], [ -55.557508, -28.164919 ], [ -55.559666, -28.165542 ], [ -55.561771, -28.165464 ], [ -55.563635, -28.164478 ], [ -55.564974, -28.162855 ], [ -55.566466, -28.161112 ], [ -55.568865, -28.158979 ], [ -55.570643, -28.157623 ], [ -55.572558, -28.156511 ], [ -55.57527, -28.155258 ], [ -55.577975, -28.153999 ], [ -55.580245, -28.152616 ], [ -55.581961, -28.151348 ], [ -55.583606, -28.150003 ], [ -55.585219, -28.148586 ], [ -55.587317, -28.146486 ], [ -55.58855, -28.144784 ], [ -55.589381, -28.1427 ], [ -55.589374, -28.140674 ], [ -55.588889, -28.138337 ], [ -55.588176, -28.135997 ], [ -55.587409, -28.134029 ], [ -55.586207, -28.13149 ], [ -55.585204, -28.129396 ], [ -55.584338, -28.127172 ], [ -55.584109, -28.125026 ], [ -55.584582, -28.123036 ], [ -55.585723, -28.121091 ], [ -55.588771, -28.1186 ], [ -55.591105, -28.117566 ], [ -55.593272, -28.116904 ], [ -55.595424, -28.11642 ], [ -55.598354, -28.115914 ], [ -55.600639, -28.115643 ], [ -55.602699, -28.115506 ], [ -55.604747, -28.115474 ], [ -55.606838, -28.115567 ], [ -55.608938, -28.115962 ], [ -55.610975, -28.116961 ], [ -55.612734, -28.118474 ], [ -55.61421, -28.120211 ], [ -55.615549, -28.122102 ], [ -55.61696, -28.124051 ], [ -55.619471, -28.127419 ], [ -55.620897, -28.12964 ], [ -55.621916, -28.131715 ], [ -55.622534, -28.13371 ], [ -55.622471, -28.133754 ], [ -55.622542, -28.133731 ], [ -55.622549, -28.133756 ], [ -55.622671, -28.137502 ], [ -55.622301, -28.139812 ], [ -55.621714, -28.142585 ], [ -55.62137, -28.144662 ], [ -55.621256, -28.146739 ], [ -55.621393, -28.148935 ], [ -55.621576, -28.151033 ], [ -55.621977, -28.154176 ], [ -55.622374, -28.156305 ], [ -55.623099, -28.159254 ], [ -55.623865, -28.161792 ], [ -55.624602, -28.163942 ], [ -55.625403, -28.166084 ], [ -55.626357, -28.168462 ], [ -55.62715, -28.17037 ], [ -55.628104, -28.17272 ], [ -55.629283, -28.174978 ], [ -55.630869, -28.176573 ], [ -55.632876, -28.177383 ], [ -55.635428, -28.178049 ], [ -55.637999, -28.178585 ], [ -55.642497, -28.179418 ], [ -55.644893, -28.179933 ], [ -55.649421, -28.18103 ], [ -55.652645, -28.181919 ], [ -55.654499, -28.182686 ], [ -55.656612, -28.183889 ], [ -55.658809, -28.185526 ], [ -55.660541, -28.187162 ], [ -55.662037, -28.18893 ], [ -55.663746, -28.191126 ], [ -55.665718, -28.193319 ], [ -55.667477, -28.19488 ], [ -55.669899, -28.196934 ], [ -55.672358, -28.198965 ], [ -55.674204, -28.200489 ], [ -55.676928, -28.202807 ], [ -55.67924, -28.204914 ], [ -55.68075, -28.20644 ], [ -55.682223, -28.207997 ], [ -55.684466, -28.210327 ], [ -55.685946, -28.211737 ], [ -55.687938, -28.213465 ], [ -55.690009, -28.215105 ], [ -55.692161, -28.21665 ], [ -55.694671, -28.218275 ], [ -55.696851, -28.219532 ], [ -55.698648, -28.220469 ], [ -55.70096, -28.221556 ], [ -55.703546, -28.222613 ], [ -55.705854, -28.223406 ], [ -55.708471, -28.224148 ], [ -55.711412, -28.224825 ], [ -55.713396, -28.225211 ], [ -55.716806, -28.225749 ], [ -55.719721, -28.226033 ], [ -55.722651, -28.226254 ], [ -55.72484, -28.22645 ], [ -55.727011, -28.226717 ], [ -55.729681, -28.22724 ], [ -55.732531, -28.227978 ], [ -55.735667, -28.228878 ], [ -55.740016, -28.230227 ], [ -55.743716, -28.231402 ], [ -55.747401, -28.2326 ], [ -55.749854, -28.233407 ], [ -55.754756, -28.235045 ], [ -55.757453, -28.235993 ], [ -55.760643, -28.23721 ], [ -55.762752, -28.238053 ], [ -55.76625, -28.23952 ], [ -55.769043, -28.240727 ], [ -55.771488, -28.241894 ], [ -55.773411, -28.242985 ], [ -55.775379, -28.244284 ], [ -55.777294, -28.245745 ], [ -55.779179, -28.247382 ], [ -55.780938, -28.249251 ], [ -55.782265, -28.251261 ], [ -55.783082, -28.253371 ], [ -55.78331, -28.255729 ], [ -55.782963, -28.258044 ], [ -55.782292, -28.260157 ], [ -55.781197, -28.262643 ], [ -55.780144, -28.264777 ], [ -55.779049, -28.266824 ], [ -55.777813, -28.268785 ], [ -55.776543, -28.270415 ], [ -55.775013, -28.271953 ], [ -55.773228, -28.273372 ], [ -55.770809, -28.274924 ], [ -55.768292, -28.276183 ], [ -55.766155, -28.277011 ], [ -55.764, -28.27766 ], [ -55.761844, -28.278159 ], [ -55.759739, -28.278581 ], [ -55.757625, -28.278974 ], [ -55.753402, -28.27972 ], [ -55.751293, -28.280111 ], [ -55.748668, -28.280647 ], [ -55.745353, -28.281377 ], [ -55.742057, -28.282169 ], [ -55.7396, -28.28284 ], [ -55.737567, -28.283472 ], [ -55.735404, -28.284299 ], [ -55.733409, -28.285261 ], [ -55.731387, -28.286432 ], [ -55.729342, -28.287807 ], [ -55.727374, -28.289287 ], [ -55.725253, -28.291013 ], [ -55.723597, -28.292427 ], [ -55.722186, -28.293894 ], [ -55.720572, -28.296039 ], [ -55.719168, -28.297758 ], [ -55.717554, -28.299137 ], [ -55.714403, -28.301168 ], [ -55.708097, -28.305214 ], [ -55.703373, -28.30825 ], [ -55.698463, -28.311438 ], [ -55.696659, -28.312388 ], [ -55.694, -28.313538 ], [ -55.692153, -28.314505 ], [ -55.689601, -28.315932 ], [ -55.687095, -28.317419 ], [ -55.684354, -28.319144 ], [ -55.682168, -28.32057 ], [ -55.679856, -28.322222 ], [ -55.678063, -28.323679 ], [ -55.676259, -28.325348 ], [ -55.674523, -28.327164 ], [ -55.672814, -28.329163 ], [ -55.67154, -28.330739 ], [ -55.670106, -28.332741 ], [ -55.669034, -28.335135 ], [ -55.66906, -28.337405 ], [ -55.669957, -28.340468 ], [ -55.670579, -28.342507 ], [ -55.671838, -28.346585 ], [ -55.673829, -28.352965 ], [ -55.677354, -28.364312 ], [ -55.678376, -28.36679 ], [ -55.679406, -28.368758 ], [ -55.680925, -28.371263 ], [ -55.682847, -28.374244 ], [ -55.684247, -28.37651 ], [ -55.6858, -28.379434 ], [ -55.686658, -28.381351 ], [ -55.687658, -28.383764 ], [ -55.688478, -28.385952 ], [ -55.689543, -28.389263 ], [ -55.690134, -28.391498 ], [ -55.690725, -28.394323 ], [ -55.69092, -28.396358 ], [ -55.690767, -28.399168 ], [ -55.69042, -28.401768 ], [ -55.690058, -28.405016 ], [ -55.69008, -28.407444 ], [ -55.690336, -28.409601 ], [ -55.690828, -28.412273 ], [ -55.691446, -28.414665 ], [ -55.69224, -28.417046 ], [ -55.693533, -28.420048 ], [ -55.694956, -28.42207 ], [ -55.696638, -28.423552 ], [ -55.698448, -28.424675 ], [ -55.700333, -28.425495 ], [ -55.70229, -28.426014 ], [ -55.704636, -28.426245 ], [ -55.706784, -28.426125 ], [ -55.70884, -28.425753 ], [ -55.711465, -28.424929 ], [ -55.713494, -28.424046 ], [ -55.716153, -28.422808 ], [ -55.718041, -28.421599 ], [ -55.719472, -28.419605 ], [ -55.720336, -28.416924 ], [ -55.722011, -28.41155 ], [ -55.72327, -28.407524 ], [ -55.726298, -28.397993 ], [ -55.728336, -28.391864 ], [ -55.729224, -28.390005 ], [ -55.730544, -28.387847 ], [ -55.731723, -28.386217 ], [ -55.73344, -28.38409 ], [ -55.735267, -28.38199 ], [ -55.736991, -28.380166 ], [ -55.738807, -28.378469 ], [ -55.740737, -28.376903 ], [ -55.742538, -28.375631 ], [ -55.744739, -28.374278 ], [ -55.746929, -28.373103 ], [ -55.749149, -28.372037 ], [ -55.752083, -28.370809 ], [ -55.754276, -28.370036 ], [ -55.75639, -28.369391 ], [ -55.75856, -28.368838 ], [ -55.760708, -28.368371 ], [ -55.762707, -28.367988 ], [ -55.765705, -28.367496 ], [ -55.768422, -28.36715 ], [ -55.771306, -28.366906 ], [ -55.773419, -28.36679 ], [ -55.775777, -28.366702 ], [ -55.780484, -28.366637 ], [ -55.786145, -28.366643 ], [ -55.790391, -28.366643 ], [ -55.793214, -28.366614 ], [ -55.796747, -28.366519 ], [ -55.798864, -28.366416 ], [ -55.803951, -28.366065 ], [ -55.805961, -28.365901 ], [ -55.807972, -28.365716 ], [ -55.810982, -28.365382 ], [ -55.813481, -28.365037 ], [ -55.815468, -28.364707 ], [ -55.817944, -28.364224 ], [ -55.820151, -28.363702 ], [ -55.822146, -28.363164 ], [ -55.8245, -28.362458 ], [ -55.827609, -28.361457 ], [ -55.830695, -28.360423 ], [ -55.833018, -28.359662 ], [ -55.835944, -28.358758 ], [ -55.838367, -28.358061 ], [ -55.841399, -28.35723 ], [ -55.844146, -28.356518 ], [ -55.846896, -28.355847 ], [ -55.848945, -28.355389 ], [ -55.851654, -28.354994 ], [ -55.854404, -28.354826 ], [ -55.856718, -28.354838 ], [ -55.859506, -28.354996 ], [ -55.863216, -28.355383 ], [ -55.866894, -28.355887 ], [ -55.868919, -28.356224 ], [ -55.870903, -28.356675 ], [ -55.87283, -28.357291 ], [ -55.874924, -28.358241 ], [ -55.87682, -28.359467 ], [ -55.87835, -28.360877 ], [ -55.879811, -28.36282 ], [ -55.88094, -28.364733 ], [ -55.881852, -28.366793 ], [ -55.882916, -28.369986 ], [ -55.883759, -28.372241 ], [ -55.884892, -28.374257 ], [ -55.886865, -28.376651 ], [ -55.890046, -28.38025 ], [ -55.891637, -28.382048 ], [ -55.896333, -28.387519 ], [ -55.897619, -28.389054 ], [ -55.899522, -28.3914 ], [ -55.901079, -28.393426 ], [ -55.902238, -28.395244 ], [ -55.9032, -28.397395 ], [ -55.903848, -28.399646 ], [ -55.904222, -28.402125 ], [ -55.904306, -28.404329 ], [ -55.904157, -28.406835 ], [ -55.903776, -28.409295 ], [ -55.9032, -28.411668 ], [ -55.902368, -28.414373 ], [ -55.901395, -28.417066 ], [ -55.900571, -28.419073 ], [ -55.899335, -28.421711 ], [ -55.898305, -28.423647 ], [ -55.89615, -28.427459 ], [ -55.895109, -28.429372 ], [ -55.89414, -28.431308 ], [ -55.893297, -28.43329 ], [ -55.892351, -28.435909 ], [ -55.890851, -28.440132 ], [ -55.889375, -28.444361 ], [ -55.886453, -28.452828 ], [ -55.885297, -28.456196 ], [ -55.883008, -28.462944 ], [ -55.882188, -28.465676 ], [ -55.881456, -28.46875 ], [ -55.880971, -28.471205 ], [ -55.880952, -28.473376 ], [ -55.881665, -28.475394 ], [ -55.882898, -28.477149 ], [ -55.884713, -28.478554 ], [ -55.886857, -28.479434 ], [ -55.888856, -28.48 ], [ -55.890871, -28.480408 ], [ -55.8929, -28.480651 ], [ -55.89496, -28.480717 ], [ -55.897032, -28.480603 ], [ -55.899111, -28.480416 ], [ -55.901701, -28.480231 ], [ -55.903765, -28.480252 ], [ -55.905775, -28.480435 ], [ -55.907793, -28.480668 ], [ -55.910811, -28.48112 ], [ -55.913508, -28.481656 ], [ -55.915873, -28.482266 ], [ -55.917964, -28.482895 ], [ -55.92121, -28.483933 ], [ -55.924414, -28.485009 ], [ -55.926535, -28.485743 ], [ -55.930774, -28.487256 ], [ -55.932704, -28.487988 ], [ -55.935748, -28.48923 ], [ -55.938773, -28.490512 ], [ -55.941049, -28.491463 ], [ -55.943361, -28.492379 ], [ -55.945715, -28.493237 ], [ -55.947778, -28.493853 ], [ -55.949819, -28.494252 ], [ -55.952692, -28.494563 ], [ -55.956053, -28.494742 ], [ -55.958288, -28.494805 ], [ -55.962771, -28.494889 ], [ -55.96501, -28.49495 ], [ -55.967802, -28.495085 ], [ -55.970297, -28.495257 ], [ -55.973418, -28.495511 ], [ -55.97621, -28.49578 ], [ -55.979007, -28.496085 ], [ -55.982261, -28.496493 ], [ -55.984588, -28.496821 ], [ -55.986678, -28.497143 ], [ -55.98891, -28.497557 ], [ -55.991351, -28.498126 ], [ -55.994697, -28.499095 ], [ -55.997516, -28.500071 ], [ -56.000305, -28.50116 ], [ -56.002151, -28.50194 ], [ -56.0042, -28.502854 ], [ -56.00704, -28.504201 ], [ -56.009336, -28.505458 ], [ -56.01137, -28.506751 ], [ -56.013014, -28.507935 ], [ -56.014673, -28.509282 ], [ -56.016615, -28.51106 ], [ -56.018309, -28.512854 ], [ -56.02006, -28.515077 ], [ -56.021395, -28.517148 ], [ -56.022559, -28.519319 ], [ -56.023585, -28.521613 ], [ -56.024462, -28.523919 ], [ -56.025183, -28.526252 ], [ -56.025748, -28.528594 ], [ -56.026114, -28.530648 ], [ -56.026377, -28.532993 ], [ -56.026469, -28.535184 ], [ -56.026416, -28.537359 ], [ -56.026076, -28.540374 ], [ -56.025656, -28.542518 ], [ -56.025054, -28.544721 ], [ -56.024058, -28.547388 ], [ -56.022753, -28.550004 ], [ -56.021159, -28.552478 ], [ -56.019427, -28.554741 ], [ -56.0176, -28.556883 ], [ -56.015089, -28.559639 ], [ -56.012619, -28.562404 ], [ -56.011151, -28.564194 ], [ -56.009903, -28.565868 ], [ -56.00827, -28.568256 ], [ -56.00671, -28.570654 ], [ -56.005604, -28.572481 ], [ -56.004055, -28.575308 ], [ -56.002811, -28.577929 ], [ -56.001961, -28.58021 ], [ -56.001469, -28.582361 ], [ -56.001179, -28.585247 ], [ -56.001156, -28.58812 ], [ -56.00137, -28.590924 ], [ -56.001797, -28.593249 ], [ -56.002426, -28.595334 ], [ -56.003212, -28.59718 ], [ -56.004212, -28.599032 ], [ -56.005474, -28.601037 ], [ -56.00671, -28.602713 ], [ -56.008141, -28.604394 ], [ -56.009701, -28.605984 ], [ -56.011593, -28.607663 ], [ -56.013238, -28.60896 ], [ -56.015034, -28.610285 ], [ -56.017293, -28.611867 ], [ -56.019364, -28.613204 ], [ -56.021476, -28.614438 ], [ -56.023532, -28.615491 ], [ -56.025535, -28.616366 ], [ -56.027682, -28.617139 ], [ -56.030009, -28.617883 ], [ -56.034664, -28.619345 ], [ -56.03815, -28.620448 ], [ -56.043564, -28.622174 ], [ -56.046265, -28.623042 ], [ -56.050314, -28.624369 ], [ -56.052218, -28.625131 ], [ -56.054358, -28.626305 ], [ -56.056143, -28.627526 ], [ -56.057822, -28.628873 ], [ -56.059416, -28.630288 ], [ -56.061621, -28.632382 ], [ -56.063345, -28.634082 ], [ -56.065043, -28.635795 ], [ -56.068393, -28.639245 ], [ -56.070906, -28.64183 ], [ -56.072593, -28.643539 ], [ -56.074737, -28.645654 ], [ -56.076709, -28.647521 ], [ -56.081447, -28.651895 ], [ -56.083835, -28.654067 ], [ -56.086235, -28.65623 ], [ -56.089866, -28.659435 ], [ -56.092945, -28.662073 ], [ -56.094845, -28.66364 ], [ -56.097015, -28.665334 ], [ -56.098778, -28.666658 ], [ -56.101017, -28.668283 ], [ -56.102825, -28.669563 ], [ -56.104645, -28.670833 ], [ -56.108303, -28.673353 ], [ -56.111042, -28.675247 ], [ -56.11377, -28.677164 ], [ -56.117131, -28.679613 ], [ -56.119107, -28.681123 ], [ -56.123162, -28.684368 ], [ -56.126195, -28.686886 ], [ -56.127912, -28.688398 ], [ -56.130147, -28.690521 ], [ -56.132135, -28.692627 ], [ -56.133665, -28.694464 ], [ -56.13556, -28.697056 ], [ -56.137888, -28.700346 ], [ -56.14018, -28.703653 ], [ -56.141691, -28.70586 ], [ -56.144705, -28.710291 ], [ -56.148172, -28.715424 ], [ -56.149893, -28.717997 ], [ -56.151076, -28.719845 ], [ -56.1523, -28.721937 ], [ -56.153693, -28.724486 ], [ -56.155451, -28.727934 ], [ -56.157168, -28.7314 ], [ -56.15848, -28.733988 ], [ -56.160079, -28.736971 ], [ -56.161288, -28.739071 ], [ -56.162451, -28.740924 ], [ -56.163691, -28.742741 ], [ -56.165046, -28.744523 ], [ -56.16651, -28.746245 ], [ -56.168052, -28.74792 ], [ -56.171241, -28.751197 ], [ -56.17282, -28.752843 ], [ -56.174342, -28.754531 ], [ -56.175767, -28.756236 ], [ -56.177839, -28.75882 ], [ -56.179426, -28.760743 ], [ -56.181447, -28.762961 ], [ -56.182867, -28.76438 ], [ -56.184503, -28.765925 ], [ -56.186498, -28.767692 ], [ -56.188303, -28.769019 ], [ -56.190229, -28.770209 ], [ -56.192297, -28.771321 ], [ -56.19441, -28.772227 ], [ -56.196608, -28.772786 ], [ -56.199061, -28.772828 ], [ -56.201094, -28.772542 ], [ -56.204443, -28.772657 ], [ -56.207747, -28.773124 ], [ -56.210089, -28.77353 ], [ -56.212821, -28.774118 ], [ -56.216418, -28.775033 ], [ -56.219413, -28.775767 ], [ -56.221835, -28.77625 ], [ -56.224563, -28.776631 ], [ -56.227088, -28.776853 ], [ -56.229125, -28.776956 ], [ -56.231681, -28.777005 ], [ -56.233726, -28.777 ], [ -56.235778, -28.776961 ], [ -56.239891, -28.776839 ], [ -56.242973, -28.776753 ], [ -56.245027, -28.776721 ], [ -56.247591, -28.776721 ], [ -56.249891, -28.776778 ], [ -56.252186, -28.776908 ], [ -56.255219, -28.777196 ], [ -56.25758, -28.777467 ], [ -56.25969, -28.777762 ], [ -56.261788, -28.778125 ], [ -56.26376, -28.778546 ], [ -56.26595, -28.779122 ], [ -56.268727, -28.780053 ], [ -56.271127, -28.781028 ], [ -56.273442, -28.782104 ], [ -56.275945, -28.783395 ], [ -56.27794, -28.784488 ], [ -56.280637, -28.786046 ], [ -56.282399, -28.78712 ], [ -56.284322, -28.788352 ], [ -56.287218, -28.790324 ], [ -56.288862, -28.791547 ], [ -56.291216, -28.793477 ], [ -56.293215, -28.79535 ], [ -56.294905, -28.797151 ], [ -56.296457, -28.799102 ], [ -56.297693, -28.801099 ], [ -56.298601, -28.80294 ], [ -56.299372, -28.804847 ], [ -56.300036, -28.806817 ], [ -56.300634, -28.808788 ], [ -56.301153, -28.810762 ], [ -56.301539, -28.81274 ], [ -56.301745, -28.814964 ], [ -56.301577, -28.817779 ], [ -56.30115, -28.82098 ], [ -56.300753, -28.823539 ], [ -56.300181, -28.827381 ], [ -56.299883, -28.829788 ], [ -56.299444, -28.833507 ], [ -56.299154, -28.836609 ], [ -56.29909, -28.838711 ], [ -56.299128, -28.840895 ], [ -56.299215, -28.843079 ], [ -56.299292, -28.845534 ], [ -56.299315, -28.847983 ], [ -56.299319, -28.852873 ], [ -56.299326, -28.855318 ], [ -56.299383, -28.857561 ], [ -56.299643, -28.859593 ], [ -56.300108, -28.861842 ], [ -56.300856, -28.864979 ], [ -56.301268, -28.866993 ], [ -56.301546, -28.869345 ], [ -56.301402, -28.871606 ], [ -56.300562, -28.874438 ], [ -56.300143, -28.876584 ], [ -56.300043, -28.879182 ], [ -56.300074, -28.881789 ], [ -56.300303, -28.885066 ], [ -56.300612, -28.887986 ], [ -56.300906, -28.890315 ], [ -56.301238, -28.892505 ], [ -56.301692, -28.894668 ], [ -56.302367, -28.896806 ], [ -56.303237, -28.898681 ], [ -56.304576, -28.900697 ], [ -56.306453, -28.902967 ], [ -56.308329, -28.904924 ], [ -56.309878, -28.906669 ], [ -56.311519, -28.90888 ], [ -56.312812, -28.910852 ], [ -56.316047, -28.916265 ], [ -56.317287, -28.918273 ], [ -56.318527, -28.92012 ], [ -56.32003, -28.922103 ], [ -56.32175, -28.924017 ], [ -56.323646, -28.925745 ], [ -56.325691, -28.92741 ], [ -56.32777, -28.929048 ], [ -56.330086, -28.930906 ], [ -56.332344, -28.932808 ], [ -56.334248, -28.934318 ], [ -56.336403, -28.935655 ], [ -56.338699, -28.936823 ], [ -56.341057, -28.937925 ], [ -56.343453, -28.939024 ], [ -56.345864, -28.940065 ], [ -56.348309, -28.941023 ], [ -56.350485, -28.941774 ], [ -56.353026, -28.942509 ], [ -56.355166, -28.942991 ], [ -56.357169, -28.94334 ], [ -56.359416, -28.943643 ], [ -56.362559, -28.944025 ], [ -56.364581, -28.94429 ], [ -56.366588, -28.94462 ], [ -56.369086, -28.945114 ], [ -56.371578, -28.945654 ], [ -56.373794, -28.946215 ], [ -56.375991, -28.946884 ], [ -56.37836, -28.947784 ], [ -56.380809, -28.948973 ], [ -56.383121, -28.950336 ], [ -56.385563, -28.952026 ], [ -56.387447, -28.953474 ], [ -56.389175, -28.954889 ], [ -56.391186, -28.956612 ], [ -56.393784, -28.958965 ], [ -56.39634, -28.96139 ], [ -56.398354, -28.963352 ], [ -56.400818, -28.965817 ], [ -56.40226, -28.967308 ], [ -56.404378, -28.969582 ], [ -56.40609, -28.971529 ], [ -56.407426, -28.973124 ], [ -56.409043, -28.975178 ], [ -56.410455, -28.977097 ], [ -56.411981, -28.979458 ], [ -56.413064, -28.98149 ], [ -56.413884, -28.983351 ], [ -56.414575, -28.985358 ], [ -56.415227, -28.988265 ], [ -56.416208, -28.999438 ], [ -56.4138, -29.003835 ], [ -56.406144, -29.009314 ], [ -56.399708, -29.014968 ], [ -56.399102, -29.022361 ], [ -56.402493, -29.029928 ], [ -56.407712, -29.036886 ], [ -56.410234, -29.042713 ], [ -56.412061, -29.048542 ], [ -56.412668, -29.053846 ], [ -56.413019, -29.058195 ], [ -56.41319, -29.062458 ], [ -56.414495, -29.066023 ], [ -56.416147, -29.070025 ], [ -56.417974, -29.073242 ], [ -56.419714, -29.075764 ], [ -56.423628, -29.078373 ], [ -56.429194, -29.078722 ], [ -56.437022, -29.0802 ], [ -56.44464, -29.081301 ], [ -56.452157, -29.082548 ], [ -56.46137, -29.083174 ], [ -56.471464, -29.084896 ], [ -56.481817, -29.085854 ], [ -56.492424, -29.086376 ], [ -56.50356, -29.088202 ], [ -56.513643, -29.092003 ], [ -56.52168, -29.097012 ], [ -56.527319, -29.100571 ], [ -56.531485, -29.103752 ], [ -56.533625, -29.106066 ], [ -56.536574, -29.1089 ], [ -56.539122, -29.111792 ], [ -56.541895, -29.113585 ], [ -56.546404, -29.115378 ], [ -56.549876, -29.116188 ], [ -56.555892, -29.115147 ], [ -56.561965, -29.114106 ], [ -56.568675, -29.112717 ], [ -56.573997, -29.112891 ], [ -56.580128, -29.114163 ], [ -56.584003, -29.115898 ], [ -56.588574, -29.118386 ], [ -56.592274, -29.121046 ], [ -56.594242, -29.123417 ], [ -56.596383, -29.125905 ], [ -56.597596, -29.131459 ], [ -56.596531, -29.136035 ], [ -56.596901, -29.138514 ], [ -56.599911, -29.142564 ], [ -56.602746, -29.146903 ], [ -56.60566, -29.15486 ], [ -56.61015, -29.161826 ], [ -56.617898, -29.169519 ], [ -56.624628, -29.177972 ], [ -56.630121, -29.18441 ], [ -56.637904, -29.19131 ], [ -56.643927, -29.199587 ], [ -56.646479, -29.208263 ], [ -56.649819, -29.216082 ], [ -56.651063, -29.219242 ], [ -56.653474, -29.225626 ], [ -56.65376, -29.232857 ], [ -56.651275, -29.243384 ], [ -56.648788, -29.252581 ], [ -56.648906, -29.262273 ], [ -56.65015, -29.266124 ], [ -56.652248, -29.270892 ], [ -56.656019, -29.278262 ], [ -56.65862, -29.283931 ], [ -56.662241, -29.290616 ], [ -56.665083, -29.295776 ], [ -56.669783, -29.303772 ], [ -56.675047, -29.311638 ], [ -56.68022, -29.319687 ], [ -56.684943, -29.327845 ], [ -56.689269, -29.336579 ], [ -56.693145, -29.344509 ], [ -56.698322, -29.353589 ], [ -56.702388, -29.359336 ], [ -56.704487, -29.362208 ], [ -56.709801, -29.365481 ], [ -56.715942, -29.366704 ], [ -56.721138, -29.366976 ], [ -56.730973, -29.367037 ], [ -56.741654, -29.367154 ], [ -56.752145, -29.368815 ], [ -56.756931, -29.370196 ], [ -56.761654, -29.372662 ], [ -56.764732, -29.374386 ], [ -56.769098, -29.378505 ], [ -56.772154, -29.384093 ], [ -56.775839, -29.396447 ], [ -56.777552, -29.403974 ], [ -56.779208, -29.413679 ], [ -56.779208, -29.415981 ], [ -56.77899, -29.419168 ], [ -56.777602, -29.422754 ], [ -56.775748, -29.427013 ], [ -56.77542, -29.429655 ], [ -56.776213, -29.432182 ], [ -56.780635, -29.43598 ], [ -56.783568, -29.438497 ], [ -56.792037, -29.445448 ], [ -56.79953, -29.452568 ], [ -56.803703, -29.458054 ], [ -56.805923, -29.467242 ], [ -56.81004, -29.475794 ], [ -56.816834, -29.484269 ], [ -56.825246, -29.490206 ], [ -56.834115, -29.495272 ], [ -56.844095, -29.498915 ], [ -56.854277, -29.503545 ], [ -56.86405, -29.507468 ], [ -56.872763, -29.514121 ], [ -56.880839, -29.519506 ], [ -56.888126, -29.525684 ], [ -56.897153, -29.530751 ], [ -56.903486, -29.535028 ], [ -56.907595, -29.538818 ], [ -56.910563, -29.543241 ], [ -56.914099, -29.547065 ], [ -56.916792, -29.549442 ], [ -56.920279, -29.553718 ], [ -56.924586, -29.558387 ], [ -56.928672, -29.564012 ], [ -56.933425, -29.567972 ], [ -56.940711, -29.572565 ], [ -56.947994, -29.577316 ], [ -56.952114, -29.580643 ], [ -56.956062, -29.58655 ], [ -56.95845, -29.589354 ], [ -56.961777, -29.594424 ], [ -56.96526, -29.598858 ], [ -56.968426, -29.602818 ], [ -56.970803, -29.606303 ], [ -56.97207, -29.611371 ], [ -56.97223, -29.615014 ], [ -56.971436, -29.618338 ], [ -56.96906, -29.622617 ], [ -56.96811, -29.626258 ], [ -56.966687, -29.630376 ], [ -56.96621, -29.633861 ], [ -56.967061, -29.6368 ], [ -56.969697, -29.639247 ], [ -56.97302, -29.642572 ], [ -56.978883, -29.643365 ], [ -56.985376, -29.643682 ], [ -56.990762, -29.645581 ], [ -56.995672, -29.648116 ], [ -57.00054, -29.650943 ], [ -57.005137, -29.654823 ], [ -57.008391, -29.657371 ], [ -57.010088, -29.659635 ], [ -57.012072, -29.662465 ], [ -57.013629, -29.665298 ], [ -57.015433, -29.669893 ], [ -57.016158, -29.672109 ], [ -57.017875, -29.676761 ], [ -57.021556, -29.681717 ], [ -57.026073, -29.686569 ], [ -57.030631, -29.690222 ], [ -57.038255, -29.698418 ], [ -57.049578, -29.70422 ], [ -57.057787, -29.711014 ], [ -57.070525, -29.721772 ], [ -57.08415, -29.734061 ], [ -57.09862, -29.746541 ], [ -57.11386, -29.757508 ], [ -57.121722, -29.761086 ], [ -57.127048, -29.764144 ], [ -57.131767, -29.767306 ], [ -57.137901, -29.769181 ], [ -57.144428, -29.770759 ], [ -57.156529, -29.775598 ], [ -57.163872, -29.777171 ], [ -57.169316, -29.778009 ], [ -57.177812, -29.77966 ], [ -57.187578, -29.778953 ], [ -57.203856, -29.777821 ], [ -57.214896, -29.775555 ], [ -57.22367, -29.776406 ], [ -57.230888, -29.777962 ], [ -57.236694, -29.781218 ], [ -57.241363, -29.785323 ], [ -57.247875, -29.791551 ], [ -57.256932, -29.798768 ], [ -57.262028, -29.802732 ], [ -57.271653, -29.809808 ], [ -57.283342, -29.818279 ], [ -57.290014, -29.824806 ], [ -57.295999, -29.830331 ], [ -57.305201, -29.844486 ], [ -57.314116, -29.858782 ], [ -57.324733, -29.871662 ], [ -57.328126, -29.877749 ], [ -57.33011, -29.893458 ], [ -57.326995, -29.907754 ], [ -57.325725, -29.91554 ], [ -57.324874, -29.921909 ], [ -57.325016, -29.929977 ], [ -57.32558, -29.939317 ], [ -57.326572, -29.946537 ], [ -57.326149, -29.951631 ], [ -57.326572, -29.957151 ], [ -57.327423, -29.963097 ], [ -57.329121, -29.970881 ], [ -57.330959, -29.977393 ], [ -57.333935, -29.98362 ], [ -57.33733, -29.989848 ], [ -57.342475, -29.998843 ], [ -57.343028, -29.999459 ], [ -57.345011, -30.001542 ], [ -57.352271, -30.007256 ], [ -57.357093, -30.009147 ], [ -57.362323, -30.011619 ], [ -57.367172, -30.013234 ], [ -57.371639, -30.014281 ], [ -57.376774, -30.016087 ], [ -57.382763, -30.017228 ], [ -57.390465, -30.019891 ], [ -57.396359, -30.022742 ], [ -57.400731, -30.025119 ], [ -57.404157, -30.0274 ], [ -57.40672, -30.029588 ], [ -57.409097, -30.031488 ], [ -57.410905, -30.033296 ], [ -57.412896, -30.035604 ], [ -57.415124, -30.037624 ], [ -57.417738, -30.039762 ], [ -57.420618, -30.042644 ], [ -57.423559, -30.045579 ], [ -57.427881, -30.049503 ], [ -57.430895, -30.05233 ], [ -57.433306, -30.055723 ], [ -57.437685, -30.060621 ], [ -57.439387, -30.062635 ], [ -57.442458, -30.066265 ], [ -57.444155, -30.06805 ], [ -57.446441, -30.0711 ], [ -57.450545, -30.077829 ], [ -57.452956, -30.0818 ], [ -57.454246, -30.085192 ], [ -57.455413, -30.08852 ], [ -57.457385, -30.095204 ], [ -57.45819, -30.097834 ], [ -57.459384, -30.100127 ], [ -57.460578, -30.101839 ], [ -57.461376, -30.103899 ], [ -57.462574, -30.105843 ], [ -57.463771, -30.107674 ], [ -57.465622, -30.109847 ], [ -57.467083, -30.111218 ], [ -57.469185, -30.112774 ], [ -57.471657, -30.114485 ], [ -57.475079, -30.116767 ], [ -57.478218, -30.119238 ], [ -57.481354, -30.121997 ], [ -57.484669, -30.124793 ], [ -57.488572, -30.127391 ], [ -57.494613, -30.130971 ], [ -57.498622, -30.133401 ], [ -57.500392, -30.134553 ], [ -57.503982, -30.136826 ], [ -57.507308, -30.139298 ], [ -57.513107, -30.142436 ], [ -57.517765, -30.145953 ], [ -57.523111, -30.149966 ], [ -57.527846, -30.152339 ], [ -57.53419, -30.156129 ], [ -57.536963, -30.157605 ], [ -57.542121, -30.159993 ], [ -57.546607, -30.161805 ], [ -57.551326, -30.163257 ], [ -57.555992, -30.165437 ], [ -57.560737, -30.16744 ], [ -57.565872, -30.169532 ], [ -57.568817, -30.170957 ], [ -57.571861, -30.172479 ], [ -57.57494, -30.174503 ], [ -57.577839, -30.175659 ], [ -57.581791, -30.176709 ], [ -57.591744, -30.178239 ], [ -57.597417, -30.178605 ], [ -57.60045, -30.178674 ], [ -57.604543, -30.178289 ], [ -57.607251, -30.177951 ], [ -57.610448, -30.17769 ], [ -57.613874, -30.177213 ], [ -57.616247, -30.17686 ], [ -57.620855, -30.176034 ], [ -57.624151, -30.175676 ], [ -57.628229, -30.174853 ], [ -57.631132, -30.174728 ], [ -57.633639, -30.174714 ], [ -57.635748, -30.17516 ], [ -57.638125, -30.175721 ], [ -57.639979, -30.176515 ], [ -57.641829, -30.177426 ], [ -57.64355, -30.178563 ], [ -57.647128, -30.181296 ], [ -57.64799, -30.182542 ], [ -57.648398, -30.184364 ], [ -57.648295, -30.188258 ], [ -57.647941, -30.190055 ], [ -57.647788, -30.191675 ], [ -57.648349, -30.195392 ], [ -57.648723, -30.199035 ], [ -57.647487, -30.202989 ], [ -57.645137, -30.206323 ], [ -57.643905, -30.209287 ], [ -57.6431, -30.212747 ], [ -57.640567, -30.215959 ], [ -57.636607, -30.219824 ], [ -57.632422, -30.223723 ], [ -57.629382, -30.227144 ], [ -57.626528, -30.231423 ], [ -57.623865, -30.236176 ], [ -57.619871, -30.240931 ], [ -57.618067, -30.244353 ], [ -57.616926, -30.247016 ], [ -57.616259, -30.251864 ], [ -57.616545, -30.253859 ], [ -57.617495, -30.256806 ], [ -57.618448, -30.259848 ], [ -57.619684, -30.263081 ], [ -57.621394, -30.26698 ], [ -57.623866, -30.272494 ], [ -57.625197, -30.277248 ], [ -57.625956, -30.281335 ], [ -57.627764, -30.284948 ], [ -57.629, -30.288465 ], [ -57.630618, -30.293313 ], [ -57.631854, -30.299209 ], [ -57.63309, -30.304058 ], [ -57.634418, -30.310617 ], [ -57.636226, -30.316036 ], [ -57.636985, -30.32098 ], [ -57.638412, -30.325924 ], [ -57.639175, -30.330582 ], [ -57.641456, -30.335242 ], [ -57.64384, -30.339177 ], [ -57.646064, -30.342265 ], [ -57.649647, -30.346404 ], [ -57.654575, -30.350546 ], [ -57.661259, -30.35542 ], [ -57.664288, -30.358386 ], [ -57.666657, -30.361211 ], [ -57.670773, -30.364686 ], [ -57.673058, -30.366971 ], [ -57.675611, -30.368853 ], [ -57.67978, -30.371711 ], [ -57.683412, -30.374259 ], [ -57.686731, -30.37642 ], [ -57.690282, -30.378041 ], [ -57.693449, -30.379893 ], [ -57.697306, -30.381747 ], [ -57.701246, -30.384526 ], [ -57.706186, -30.387075 ], [ -57.710047, -30.389466 ], [ -57.713675, -30.392093 ], [ -57.718692, -30.395181 ], [ -57.725257, -30.399503 ], [ -57.729888, -30.402591 ], [ -57.733899, -30.404908 ], [ -57.739461, -30.40707 ], [ -57.744169, -30.408614 ], [ -57.748491, -30.410081 ], [ -57.753355, -30.411857 ], [ -57.758143, -30.414249 ], [ -57.762621, -30.415563 ], [ -57.766017, -30.417879 ], [ -57.768412, -30.421121 ], [ -57.770186, -30.425907 ], [ -57.770728, -30.430925 ], [ -57.77127, -30.434709 ], [ -57.773044, -30.43687 ], [ -57.775439, -30.438492 ], [ -57.778373, -30.440498 ], [ -57.781535, -30.442119 ], [ -57.785552, -30.444128 ], [ -57.788639, -30.445286 ], [ -57.792576, -30.445671 ], [ -57.796669, -30.447061 ], [ -57.800221, -30.448219 ], [ -57.804543, -30.449531 ], [ -57.810257, -30.451307 ], [ -57.814271, -30.453083 ], [ -57.817979, -30.455168 ], [ -57.821916, -30.456635 ], [ -57.826009, -30.458025 ], [ -57.829637, -30.459028 ], [ -57.834501, -30.460959 ], [ -57.838823, -30.46312 ], [ -57.843225, -30.465744 ], [ -57.846544, -30.467135 ], [ -57.848179, -30.469011 ], [ -57.848627, -30.469528 ], [ -57.851717, -30.474468 ], [ -57.853182, -30.47802 ], [ -57.856348, -30.484274 ], [ -57.857432, -30.487671 ], [ -57.858435, -30.491454 ], [ -57.860674, -30.494696 ], [ -57.863375, -30.496703 ], [ -57.867236, -30.498942 ], [ -57.870246, -30.501412 ], [ -57.872252, -30.504193 ], [ -57.873721, -30.506276 ], [ -57.874877, -30.507975 ], [ -57.876113, -30.510678 ], [ -57.876888, -30.512916 ], [ -57.877273, -30.515542 ], [ -57.877734, -30.518012 ], [ -57.878894, -30.521949 ], [ -57.879898, -30.524264 ], [ -57.880283, -30.526813 ], [ -57.880592, -30.529437 ], [ -57.881053, -30.531755 ], [ -57.881134, -30.53407 ], [ -57.88121, -30.537237 ], [ -57.881595, -30.540401 ], [ -57.88422, -30.54318 ], [ -57.887077, -30.545419 ], [ -57.888546, -30.548507 ], [ -57.888931, -30.551674 ], [ -57.889008, -30.555765 ], [ -57.888775, -30.55862 ], [ -57.888855, -30.561556 ], [ -57.888466, -30.565723 ], [ -57.888081, -30.569817 ], [ -57.887386, -30.572905 ], [ -57.88731, -30.575142 ], [ -57.88731, -30.578385 ], [ -57.887619, -30.581242 ], [ -57.887615, -30.584254 ], [ -57.886742, -30.586964 ], [ -57.885288, -30.589869 ], [ -57.883268, -30.592673 ], [ -57.881456, -30.594098 ], [ -57.878816, -30.595946 ], [ -57.875908, -30.597928 ], [ -57.871158, -30.598853 ], [ -57.866004, -30.599778 ], [ -57.860194, -30.601758 ], [ -57.855834, -30.6044 ], [ -57.85319, -30.608363 ], [ -57.850551, -30.611798 ], [ -57.84751, -30.616157 ], [ -57.84553, -30.619855 ], [ -57.845134, -30.624214 ], [ -57.844538, -30.628776 ], [ -57.844397, -30.633401 ], [ -57.844252, -30.638736 ], [ -57.844539, -30.643005 ], [ -57.844825, -30.646206 ], [ -57.845038, -30.649977 ], [ -57.844466, -30.654032 ], [ -57.843829, -30.656301 ], [ -57.843755, -30.656418 ], [ -57.841906, -30.659224 ], [ -57.840127, -30.662098 ], [ -57.840052, -30.662214 ], [ -57.836714, -30.665627 ], [ -57.834151, -30.66833 ], [ -57.831591, -30.670607 ], [ -57.826327, -30.673808 ], [ -57.823267, -30.677081 ], [ -57.820776, -30.680281 ], [ -57.818503, -30.682486 ], [ -57.816652, -30.684407 ], [ -57.814161, -30.687182 ], [ -57.812311, -30.690242 ], [ -57.809896, -30.693734 ], [ -57.808378, -30.697698 ], [ -57.806913, -30.701417 ], [ -57.80652, -30.707633 ], [ -57.807646, -30.714191 ], [ -57.811365, -30.718986 ], [ -57.81016, -30.72591 ], [ -57.810488, -30.732069 ], [ -57.811533, -30.743923 ], [ -57.81008, -30.755139 ], [ -57.806803, -30.763998 ], [ -57.802588, -30.773911 ], [ -57.799398, -30.7835 ], [ -57.801943, -30.800126 ], [ -57.804221, -30.815946 ], [ -57.804652, -30.836273 ], [ -57.805796, -30.859879 ], [ -57.806655, -30.880271 ], [ -57.808139, -30.902774 ], [ -57.811141, -30.911874 ], [ -57.815444, -30.921833 ], [ -57.823059, -30.925405 ], [ -57.830982, -30.925634 ], [ -57.848902, -30.922519 ], [ -57.854707, -30.92151 ], [ -57.854722, -30.921508 ], [ -57.873769, -30.919643 ], [ -57.891802, -30.924323 ], [ -57.901511, -30.931493 ], [ -57.909396, -30.945892 ], [ -57.907737, -30.952587 ], [ -57.903689, -30.961805 ], [ -57.896373, -30.971741 ], [ -57.87932, -30.984612 ], [ -57.874392, -30.992303 ], [ -57.872492, -30.999484 ], [ -57.869566, -31.00797 ], [ -57.869495, -31.008214 ], [ -57.868944, -31.009937 ], [ -57.868397, -31.012027 ], [ -57.868311, -31.012323 ], [ -57.867597, -31.015523 ], [ -57.866934, -31.018749 ], [ -57.866537, -31.02079 ], [ -57.866472, -31.021221 ], [ -57.866129, -31.023241 ], [ -57.865755, -31.02594 ], [ -57.865667, -31.026517 ], [ -57.86557, -31.027465 ], [ -57.865312, -31.029804 ], [ -57.865164, -31.03145 ], [ -57.865095, -31.032118 ], [ -57.864965, -31.034447 ], [ -57.864946, -31.036774 ], [ -57.865061, -31.038801 ], [ -57.865393, -31.041103 ], [ -57.866041, -31.044035 ], [ -57.867235, -31.049032 ], [ -57.867827, -31.051537 ], [ -57.86867, -31.055309 ], [ -57.869765, -31.060366 ], [ -57.870325, -31.062893 ], [ -57.870947, -31.065472 ], [ -57.871729, -31.068078 ], [ -57.872633, -31.07066 ], [ -57.873927, -31.074088 ], [ -57.875117, -31.077183 ], [ -57.876502, -31.08042 ], [ -57.877574, -31.082696 ], [ -57.878535, -31.084573 ], [ -57.879901, -31.087045 ], [ -57.881335, -31.089309 ], [ -57.882976, -31.091538 ], [ -57.884292, -31.093099 ], [ -57.886333, -31.095199 ], [ -57.888133, -31.096791 ], [ -57.890064, -31.098311 ], [ -57.89204, -31.099763 ], [ -57.894042, -31.101197 ], [ -57.896266, -31.102832 ], [ -57.898613, -31.104638 ], [ -57.900291, -31.10588 ], [ -57.901932, -31.107154 ], [ -57.903667, -31.108724 ], [ -57.905048, -31.110334 ], [ -57.906155, -31.11213 ], [ -57.906975, -31.114324 ], [ -57.907429, -31.116851 ], [ -57.907581, -31.119317 ], [ -57.907661, -31.121972 ], [ -57.907982, -31.129753 ], [ -57.908108, -31.133644 ], [ -57.908425, -31.14543 ], [ -57.90847, -31.147995 ], [ -57.908528, -31.153132 ], [ -57.90857, -31.155703 ], [ -57.908631, -31.157812 ], [ -57.908909, -31.161116 ], [ -57.909279, -31.164418 ], [ -57.909504, -31.166897 ], [ -57.909665, -31.170617 ], [ -57.909825, -31.17557 ], [ -57.909947, -31.179291 ], [ -57.910149, -31.184632 ], [ -57.910271, -31.187302 ], [ -57.910466, -31.191304 ], [ -57.910634, -31.193364 ], [ -57.910992, -31.195825 ], [ -57.91145, -31.197999 ], [ -57.912018, -31.200151 ], [ -57.912705, -31.202273 ], [ -57.916478, -31.213002 ], [ -57.920243, -31.223217 ], [ -57.922151, -31.228325 ], [ -57.92312, -31.230875 ], [ -57.924116, -31.233421 ], [ -57.925149, -31.235948 ], [ -57.926256, -31.238451 ], [ -57.927427, -31.240936 ], [ -57.929876, -31.245865 ], [ -57.931005, -31.248081 ], [ -57.93329, -31.25251 ], [ -57.935102, -31.259287 ], [ -57.936789, -31.265812 ], [ -57.938261, -31.271916 ], [ -57.94208, -31.277035 ], [ -57.944064, -31.280539 ], [ -57.946517, -31.283459 ], [ -57.948386, -31.285678 ], [ -57.950137, -31.287547 ], [ -57.952437, -31.289532 ], [ -57.953761, -31.29156 ], [ -57.95502, -31.293279 ], [ -57.956611, -31.295161 ], [ -57.959689, -31.298325 ], [ -57.961566, -31.300178 ], [ -57.965354, -31.303847 ], [ -57.967666, -31.306068 ], [ -57.972301, -31.310487 ], [ -57.975334, -31.313012 ], [ -57.977035, -31.314578 ], [ -57.978554, -31.316564 ], [ -57.97958, -31.318549 ], [ -57.980328, -31.320558 ], [ -57.981213, -31.323785 ], [ -57.981896, -31.326543 ], [ -57.982456, -31.329029 ], [ -57.982971, -31.331523 ], [ -57.983345, -31.333522 ], [ -57.983711, -31.336027 ], [ -57.983982, -31.338031 ], [ -57.985638, -31.340332 ], [ -57.986805, -31.343017 ], [ -57.987858, -31.34617 ], [ -57.988907, -31.349207 ], [ -57.990075, -31.352243 ], [ -57.990895, -31.354694 ], [ -57.991246, -31.357731 ], [ -57.992062, -31.359716 ], [ -57.991677, -31.361881 ], [ -57.991391, -31.364269 ], [ -57.990361, -31.366165 ], [ -57.988988, -31.368016 ], [ -57.987633, -31.369871 ], [ -57.984822, -31.373263 ], [ -57.983437, -31.376608 ], [ -57.981442, -31.37988 ], [ -57.980461, -31.381678 ], [ -57.980149, -31.383656 ], [ -57.9805, -31.385642 ], [ -57.981316, -31.387627 ], [ -57.982369, -31.389497 ], [ -57.983769, -31.391131 ], [ -57.985989, -31.392649 ], [ -57.987973, -31.3944 ], [ -57.990311, -31.396035 ], [ -57.992761, -31.398255 ], [ -57.994866, -31.39989 ], [ -57.997316, -31.402808 ], [ -57.999768, -31.404794 ], [ -58.002336, -31.406777 ], [ -58.005371, -31.408879 ], [ -58.005722, -31.40902 ], [ -58.005704, -31.408891 ], [ -58.006204, -31.408906 ], [ -58.008289, -31.410049 ], [ -58.010273, -31.411334 ], [ -58.012499, -31.412501 ], [ -58.014713, -31.4132 ], [ -58.016588, -31.414136 ], [ -58.019037, -31.41472 ], [ -58.02149, -31.415771 ], [ -58.023127, -31.416705 ], [ -58.025461, -31.41764 ], [ -58.028147, -31.418807 ], [ -58.030833, -31.419858 ], [ -58.032935, -31.420909 ], [ -58.035037, -31.421727 ], [ -58.037841, -31.423478 ], [ -58.040759, -31.425231 ], [ -58.043681, -31.426515 ], [ -58.046367, -31.427917 ], [ -58.049754, -31.43037 ], [ -58.052787, -31.432353 ], [ -58.05524, -31.433639 ], [ -58.058513, -31.435857 ], [ -58.061081, -31.437959 ], [ -58.063885, -31.440296 ], [ -58.067154, -31.442281 ], [ -58.069956, -31.44485 ], [ -58.071821, -31.446718 ], [ -58.073107, -31.44812 ], [ -58.074858, -31.449638 ], [ -58.076609, -31.451389 ], [ -58.076792, -31.454397 ], [ -58.07918, -31.45536 ], [ -58.080229, -31.457929 ], [ -58.081164, -31.460382 ], [ -58.081633, -31.462484 ], [ -58.082217, -31.46517 ], [ -58.082568, -31.467623 ], [ -58.082801, -31.469841 ], [ -58.082217, -31.472643 ], [ -58.082099, -31.47498 ], [ -58.081748, -31.477665 ], [ -58.080931, -31.480702 ], [ -58.079882, -31.483504 ], [ -58.078128, -31.486424 ], [ -58.076377, -31.487942 ], [ -58.074942, -31.489447 ], [ -58.073515, -31.491093 ], [ -58.071888, -31.491936 ], [ -58.070485, -31.493441 ], [ -58.068642, -31.495038 ], [ -58.066185, -31.496731 ], [ -58.063423, -31.497786 ], [ -58.060463, -31.499213 ], [ -58.057499, -31.50009 ], [ -58.055305, -31.501187 ], [ -58.053596, -31.502093 ], [ -58.050064, -31.50311 ], [ -58.046539, -31.50414 ], [ -58.044361, -31.504847 ], [ -58.042022, -31.50566 ], [ -58.039119, -31.506707 ], [ -58.035415, -31.508212 ], [ -58.033172, -31.509263 ], [ -58.030795, -31.510541 ], [ -58.028512, -31.511926 ], [ -58.028399, -31.512004 ], [ -58.026572, -31.51324 ], [ -58.024695, -31.514621 ], [ -58.022992, -31.515981 ], [ -58.022877, -31.516069 ], [ -58.019707, -31.518703 ], [ -58.015469, -31.521924 ], [ -58.009001, -31.525985 ], [ -58.006258, -31.528289 ], [ -58.004175, -31.530372 ], [ -58.0035, -31.532646 ], [ -58.003054, -31.534746 ], [ -58.003088, -31.537027 ], [ -58.002546, -31.539583 ], [ -58.001829, -31.542366 ], [ -58.001204, -31.544437 ], [ -58.000387, -31.546453 ], [ -57.999292, -31.54843 ], [ -57.998083, -31.55039 ], [ -57.996817, -31.552313 ], [ -57.994215, -31.556116 ], [ -57.992659, -31.558337 ], [ -57.989504, -31.562745 ], [ -57.987936, -31.564957 ], [ -57.986292, -31.56736 ], [ -57.98467, -31.56996 ], [ -57.983553, -31.571963 ], [ -57.982645, -31.57376 ], [ -57.981508, -31.576298 ], [ -57.980775, -31.578374 ], [ -57.980196, -31.580886 ], [ -57.979951, -31.583127 ], [ -57.979944, -31.58536 ], [ -57.980158, -31.587581 ], [ -57.980512, -31.58982 ], [ -57.981054, -31.59262 ], [ -57.981634, -31.595132 ], [ -57.982313, -31.597638 ], [ -57.983679, -31.602073 ], [ -57.984709, -31.605226 ], [ -57.985563, -31.60757 ], [ -57.986353, -31.609502 ], [ -57.987944, -31.613079 ], [ -57.989039, -31.615448 ], [ -57.991286, -31.620165 ], [ -57.992503, -31.622526 ], [ -57.994204, -31.625652 ], [ -57.995562, -31.628275 ], [ -57.996527, -31.630413 ], [ -57.997313, -31.632423 ], [ -57.998522, -31.635633 ], [ -57.999694, -31.638857 ], [ -58.002005, -31.64531 ], [ -58.006286, -31.657292 ], [ -58.010158, -31.668187 ], [ -58.010955, -31.670525 ], [ -58.012458, -31.675227 ], [ -58.013229, -31.677573 ], [ -58.014495, -31.681207 ], [ -58.016296, -31.686126 ], [ -58.01844, -31.689687 ], [ -58.020962, -31.694076 ], [ -58.022171, -31.697259 ], [ -58.023376, -31.700111 ], [ -58.024364, -31.702525 ], [ -58.025024, -31.70428 ], [ -58.026558, -31.706695 ], [ -58.027546, -31.70878 ], [ -58.028862, -31.710973 ], [ -58.030178, -31.713169 ], [ -58.030949, -31.715032 ], [ -58.031826, -31.717227 ], [ -58.033032, -31.719421 ], [ -58.03468, -31.722166 ], [ -58.035557, -31.724798 ], [ -58.036873, -31.727871 ], [ -58.0383, -31.73193 ], [ -58.039288, -31.734453 ], [ -58.039616, -31.736648 ], [ -58.039944, -31.739281 ], [ -58.039834, -31.741915 ], [ -58.039834, -31.745096 ], [ -58.040711, -31.74762 ], [ -58.041699, -31.749815 ], [ -58.041699, -31.752228 ], [ -58.042577, -31.754751 ], [ -58.043565, -31.757714 ], [ -58.044553, -31.760018 ], [ -58.045869, -31.762103 ], [ -58.046529, -31.764517 ], [ -58.047612, -31.766144 ], [ -58.047618, -31.766163 ], [ -58.047677, -31.766253 ], [ -58.048944, -31.768357 ], [ -58.05026, -31.770333 ], [ -58.052068, -31.77246 ], [ -58.05212, -31.772526 ], [ -58.054092, -31.776038 ], [ -58.055963, -31.779549 ], [ -58.057722, -31.783059 ], [ -58.060026, -31.787339 ], [ -58.061232, -31.790959 ], [ -58.063208, -31.795787 ], [ -58.064634, -31.799298 ], [ -58.065252, -31.803457 ], [ -58.066374, -31.805982 ], [ -58.067957, -31.809255 ], [ -58.069197, -31.81155 ], [ -58.070563, -31.813819 ], [ -58.071696, -31.815505 ], [ -58.073229, -31.817192 ], [ -58.074904, -31.818534 ], [ -58.076697, -31.819643 ], [ -58.079196, -31.820825 ], [ -58.081168, -31.821548 ], [ -58.083652, -31.822298 ], [ -58.085826, -31.822834 ], [ -58.088336, -31.823309 ], [ -58.090858, -31.823648 ], [ -58.093418, -31.823856 ], [ -58.096313, -31.823947 ], [ -58.100174, -31.823938 ], [ -58.10339, -31.823949 ], [ -58.105957, -31.824049 ], [ -58.11047, -31.824398 ], [ -58.112801, -31.824974 ], [ -58.115542, -31.825412 ], [ -58.118174, -31.82596 ], [ -58.12081, -31.827058 ], [ -58.124209, -31.827606 ], [ -58.127612, -31.828264 ], [ -58.130576, -31.829252 ], [ -58.133426, -31.82991 ], [ -58.136062, -31.83024 ], [ -58.13922, -31.830554 ], [ -58.143115, -31.831453 ], [ -58.14553, -31.83209 ], [ -58.147842, -31.832809 ], [ -58.150547, -31.833816 ], [ -58.153496, -31.835052 ], [ -58.155842, -31.836078 ], [ -58.159618, -31.837724 ], [ -58.162098, -31.83888 ], [ -58.164288, -31.839983 ], [ -58.166466, -31.841327 ], [ -58.168419, -31.842807 ], [ -58.170453, -31.844461 ], [ -58.172451, -31.845998 ], [ -58.174561, -31.847332 ], [ -58.176789, -31.848425 ], [ -58.179379, -31.849477 ], [ -58.181496, -31.850271 ], [ -58.183892, -31.85119 ], [ -58.186235, -31.852215 ], [ -58.188123, -31.853206 ], [ -58.189828, -31.854299 ], [ -58.191625, -31.855617 ], [ -58.193586, -31.8573 ], [ -58.195169, -31.858927 ], [ -58.196191, -31.86021 ], [ -58.19779, -31.862623 ], [ -58.198724, -31.864605 ], [ -58.199476, -31.866848 ], [ -58.20009, -31.869282 ], [ -58.200472, -31.87147 ], [ -58.20072, -31.873779 ], [ -58.200826, -31.876097 ], [ -58.200792, -31.878666 ], [ -58.200666, -31.880718 ], [ -58.200464, -31.883017 ], [ -58.200155, -31.885888 ], [ -58.199827, -31.888474 ], [ -58.19943, -31.891057 ], [ -58.198805, -31.894497 ], [ -58.198236, -31.897158 ], [ -58.197611, -31.899537 ], [ -58.196844, -31.901898 ], [ -58.195883, -31.904233 ], [ -58.194685, -31.906463 ], [ -58.193277, -31.908595 ], [ -58.191522, -31.910867 ], [ -58.19, -31.912629 ], [ -58.188058, -31.914636 ], [ -58.185335, -31.917192 ], [ -58.183088, -31.919326 ], [ -58.179509, -31.922294 ], [ -58.175889, -31.925147 ], [ -58.174134, -31.927122 ], [ -58.172269, -31.929317 ], [ -58.170186, -31.931072 ], [ -58.168427, -31.933815 ], [ -58.167004, -31.93601 ], [ -58.164262, -31.940399 ], [ -58.162286, -31.9438 ], [ -58.161187, -31.946434 ], [ -58.160928, -31.949388 ], [ -58.160027, -31.951178 ], [ -58.159276, -31.953318 ], [ -58.158768, -31.955586 ], [ -58.158311, -31.958769 ], [ -58.157967, -31.961157 ], [ -58.157574, -31.963717 ], [ -58.15712, -31.967139 ], [ -58.156625, -31.970547 ], [ -58.156235, -31.97267 ], [ -58.155667, -31.97502 ], [ -58.153836, -31.978911 ], [ -58.152192, -31.981984 ], [ -58.150544, -31.984397 ], [ -58.149228, -31.987578 ], [ -58.148678, -31.990321 ], [ -58.14835, -31.992845 ], [ -58.147584, -31.995368 ], [ -58.147473, -31.997672 ], [ -58.147255, -31.999494 ], [ -58.147145, -32.000417 ], [ -58.145703, -32.007276 ], [ -58.144673, -32.009164 ], [ -58.143395, -32.011739 ], [ -58.141518, -32.015333 ], [ -58.140499, -32.017408 ], [ -58.139676, -32.019422 ], [ -58.139046, -32.021654 ], [ -58.138966, -32.023897 ], [ -58.13942, -32.025991 ], [ -58.139622, -32.028131 ], [ -58.139782, -32.030309 ], [ -58.140332, -32.03285 ], [ -58.140801, -32.034872 ], [ -58.142285, -32.040937 ], [ -58.142754, -32.042963 ], [ -58.143899, -32.048208 ], [ -58.147408, -32.060259 ], [ -58.148385, -32.06441 ], [ -58.149045, -32.067118 ], [ -58.149915, -32.069739 ], [ -58.150884, -32.07152 ], [ -58.152215, -32.073085 ], [ -58.153974, -32.074862 ], [ -58.155969, -32.076667 ], [ -58.157728, -32.077994 ], [ -58.160116, -32.07973 ], [ -58.161993, -32.081263 ], [ -58.163469, -32.082789 ], [ -58.164705, -32.084632 ], [ -58.165544, -32.086955 ], [ -58.165968, -32.089595 ], [ -58.166204, -32.09172 ], [ -58.166475, -32.094512 ], [ -58.166849, -32.096969 ], [ -58.16736, -32.099155 ], [ -58.167974, -32.101329 ], [ -58.168676, -32.103488 ], [ -58.169802, -32.106712 ], [ -58.170836, -32.109577 ], [ -58.17182, -32.112441 ], [ -58.172487, -32.114604 ], [ -58.173239, -32.117511 ], [ -58.173704, -32.120231 ], [ -58.174143, -32.125499 ], [ -58.174441, -32.128029 ], [ -58.174998, -32.130577 ], [ -58.17631, -32.134922 ], [ -58.177443, -32.138989 ], [ -58.178294, -32.142258 ], [ -58.179022, -32.145203 ], [ -58.179705, -32.148155 ], [ -58.180438, -32.151593 ], [ -58.180915, -32.154049 ], [ -58.18131, -32.156256 ], [ -58.180148, -32.162318 ], [ -58.17034, -32.173484 ], [ -58.165213, -32.178582 ], [ -58.162134, -32.181615 ], [ -58.157881, -32.185704 ], [ -58.154079, -32.189328 ], [ -58.152187, -32.191144 ], [ -58.150318, -32.192979 ], [ -58.148044, -32.195295 ], [ -58.146587, -32.196863 ], [ -58.14376, -32.200075 ], [ -58.14154, -32.202661 ], [ -58.138744, -32.205881 ], [ -58.136726, -32.208093 ], [ -58.134349, -32.210573 ], [ -58.132736, -32.21221 ], [ -58.130592, -32.214395 ], [ -58.127952, -32.217154 ], [ -58.12651, -32.218794 ], [ -58.12532, -32.220472 ], [ -58.124103, -32.222605 ], [ -58.123019, -32.224802 ], [ -58.122085, -32.226774 ], [ -58.121104, -32.22872 ], [ -58.120006, -32.230601 ], [ -58.119079, -32.231877 ], [ -58.117169, -32.234057 ], [ -58.114652, -32.236433 ], [ -58.113772, -32.237238 ], [ -58.112662, -32.238314 ], [ -58.112279, -32.23868 ], [ -58.112214, -32.238755 ], [ -58.110352, -32.240805 ], [ -58.109807, -32.241414 ], [ -58.108945, -32.242373 ], [ -58.1087, -32.242663 ], [ -58.107249, -32.244349 ], [ -58.106019, -32.245902 ], [ -58.105801, -32.246169 ], [ -58.105797, -32.24618 ], [ -58.104155, -32.248606 ], [ -58.103175, -32.250388 ], [ -58.102335, -32.252341 ], [ -58.101584, -32.254882 ], [ -58.101202, -32.256919 ], [ -58.10097, -32.259067 ], [ -58.100874, -32.262012 ], [ -58.100916, -32.264278 ], [ -58.101122, -32.268962 ], [ -58.101344, -32.272544 ], [ -58.101531, -32.274696 ], [ -58.102038, -32.278999 ], [ -58.10232, -32.281147 ], [ -58.102927, -32.285434 ], [ -58.103259, -32.287574 ], [ -58.103934, -32.291855 ], [ -58.104651, -32.296131 ], [ -58.10612, -32.304687 ], [ -58.106757, -32.308659 ], [ -58.10731, -32.312195 ], [ -58.10794, -32.315708 ], [ -58.108386, -32.317749 ], [ -58.109115, -32.320492 ], [ -58.109744, -32.322426 ], [ -58.110751, -32.324963 ], [ -58.11177, -32.327046 ], [ -58.112827, -32.328877 ], [ -58.112832, -32.328896 ], [ -58.114141, -32.330807 ], [ -58.115423, -32.332348 ], [ -58.117406, -32.334214 ], [ -58.119089, -32.335494 ], [ -58.121607, -32.337109 ], [ -58.123873, -32.338368 ], [ -58.125053, -32.338975 ], [ -58.128519, -32.340756 ], [ -58.130804, -32.341962 ], [ -58.13476, -32.344388 ], [ -58.136938, -32.346081 ], [ -58.139542, -32.348378 ], [ -58.142193, -32.350831 ], [ -58.143986, -32.351453 ], [ -58.146153, -32.352616 ], [ -58.148316, -32.353532 ], [ -58.150151, -32.354699 ], [ -58.151982, -32.355531 ], [ -58.154065, -32.35645 ], [ -58.156564, -32.357034 ], [ -58.159398, -32.357613 ], [ -58.162466, -32.358304 ], [ -58.164537, -32.358754 ], [ -58.166589, -32.359479 ], [ -58.168535, -32.360597 ], [ -58.170866, -32.362225 ], [ -58.173048, -32.363946 ], [ -58.174765, -32.365457 ], [ -58.176725, -32.367364 ], [ -58.178385, -32.369145 ], [ -58.179989, -32.371022 ], [ -58.181557, -32.372987 ], [ -58.182885, -32.374742 ], [ -58.184098, -32.376497 ], [ -58.185143, -32.378286 ], [ -58.186024, -32.380357 ], [ -58.186493, -32.38249 ], [ -58.186429, -32.384527 ], [ -58.185627, -32.388177 ], [ -58.185284, -32.390367 ], [ -58.185322, -32.392828 ], [ -58.185753, -32.395078 ], [ -58.18694, -32.397237 ], [ -58.188519, -32.399297 ], [ -58.189748, -32.401312 ], [ -58.190564, -32.403238 ], [ -58.191296, -32.405187 ], [ -58.191861, -32.407175 ], [ -58.192265, -32.409643 ], [ -58.192632, -32.413088 ], [ -58.192811, -32.415384 ], [ -58.193028, -32.418448 ], [ -58.194047, -32.421587 ], [ -58.194799, -32.424006 ], [ -58.195298, -32.426253 ], [ -58.195798, -32.428503 ], [ -58.196965, -32.43017 ], [ -58.198049, -32.433333 ], [ -58.199128, -32.436751 ], [ -58.19988, -32.439913 ], [ -58.200296, -32.443663 ], [ -58.200963, -32.446578 ], [ -58.201379, -32.449744 ], [ -58.201711, -32.452658 ], [ -58.201807, -32.455191 ], [ -58.202352, -32.45777 ], [ -58.202757, -32.460093 ], [ -58.203043, -32.462153 ], [ -58.203241, -32.464217 ], [ -58.203356, -32.466281 ], [ -58.203268, -32.470535 ], [ -58.20305, -32.472743 ], [ -58.202673, -32.475395 ], [ -58.201978, -32.478923 ], [ -58.201509, -32.480873 ], [ -58.200861, -32.483314 ], [ -58.199808, -32.486824 ], [ -58.198641, -32.490326 ], [ -58.197607, -32.49324 ], [ -58.196752, -32.495567 ], [ -58.194145, -32.502552 ], [ -58.192867, -32.506043 ], [ -58.190979, -32.511299 ], [ -58.190029, -32.513909 ], [ -58.188583, -32.517819 ], [ -58.187103, -32.521702 ], [ -58.186351, -32.523644 ], [ -58.185321, -32.526223 ], [ -58.184001, -32.529439 ], [ -58.182773, -32.532326 ], [ -58.18143, -32.535123 ], [ -58.180442, -32.536954 ], [ -58.179267, -32.538964 ], [ -58.177531, -32.541734 ], [ -58.175994, -32.544099 ], [ -58.173957, -32.54725 ], [ -58.171989, -32.550428 ], [ -58.170913, -32.552316 ], [ -58.169574, -32.554914 ], [ -58.168731, -32.556802 ], [ -58.167792, -32.559163 ], [ -58.167113, -32.561063 ], [ -58.166182, -32.56394 ], [ -58.16561, -32.565866 ], [ -58.164542, -32.569753 ], [ -58.163871, -32.572321 ], [ -58.163089, -32.575536 ], [ -58.162435, -32.578422 ], [ -58.162427, -32.578432 ], [ -58.16182, -32.581335 ], [ -58.161179, -32.584722 ], [ -58.160972, -32.585981 ], [ -58.160773, -32.587149 ], [ -58.160605, -32.588238 ], [ -58.160432, -32.589338 ], [ -58.160356, -32.591921 ], [ -58.160554, -32.594603 ], [ -58.160535, -32.597082 ], [ -58.160211, -32.599364 ], [ -58.159547, -32.602461 ], [ -58.158906, -32.60483 ], [ -58.157872, -32.608141 ], [ -58.156926, -32.610968 ], [ -58.156072, -32.613478 ], [ -58.155057, -32.616625 ], [ -58.154252, -32.619467 ], [ -58.15425, -32.619494 ], [ -58.153598, -32.622321 ], [ -58.153209, -32.62472 ], [ -58.152972, -32.627517 ], [ -58.153014, -32.63071 ], [ -58.153132, -32.632846 ], [ -58.153296, -32.635692 ], [ -58.153346, -32.638065 ], [ -58.153258, -32.640311 ], [ -58.152877, -32.643649 ], [ -58.152518, -32.645866 ], [ -58.152057, -32.648326 ], [ -58.151637, -32.650283 ], [ -58.151004, -32.652439 ], [ -58.150008, -32.654785 ], [ -58.149054, -32.656631 ], [ -58.14804, -32.658474 ], [ -58.146689, -32.660915 ], [ -58.145667, -32.662952 ], [ -58.144866, -32.664909 ], [ -58.144198, -32.667412 ], [ -58.144038, -32.669708 ], [ -58.144137, -32.671879 ], [ -58.144381, -32.674065 ], [ -58.144942, -32.677353 ], [ -58.145404, -32.679546 ], [ -58.146518, -32.68245 ], [ -58.147395, -32.685494 ], [ -58.148341, -32.688401 ], [ -58.14902, -32.691716 ], [ -58.14936, -32.695305 ], [ -58.14902, -32.697396 ], [ -58.148547, -32.700169 ], [ -58.147666, -32.703549 ], [ -58.146789, -32.706391 ], [ -58.145839, -32.709313 ], [ -58.143306, -32.714539 ], [ -58.14231, -32.716516 ], [ -58.140956, -32.719136 ], [ -58.140136, -32.720971 ], [ -58.139651, -32.723249 ], [ -58.139487, -32.726232 ], [ -58.13927, -32.728345 ], [ -58.138602, -32.730691 ], [ -58.137794, -32.73298 ], [ -58.136779, -32.734659 ], [ -58.13655, -32.735023 ], [ -58.206291, -32.726102 ], [ -58.216023, -32.743921 ], [ -58.24262, -32.747476 ], [ -58.333731, -32.759603 ], [ -58.451516, -32.775185 ], [ -58.608892, -32.793011 ], [ -58.844801, -32.823566 ], [ -59.012978, -32.833116 ], [ -59.240013, -32.854041 ], [ -59.456081, -32.890764 ], [ -59.663072, -32.918262 ], [ -59.799016, -32.967089 ], [ -59.914696, -33.023183 ], [ -59.980239, -33.085161 ], [ -60.042465, -33.197336 ], [ -60.066105, -33.29085 ], [ -60.068663, -33.400153 ], [ -60.080065, -33.526677 ], [ -60.081456, -33.652725 ], [ -60.104609, -33.75462 ], [ -60.127213, -33.864877 ], [ -60.168819, -33.992845 ], [ -60.225134, -34.054316 ], [ -60.311741, -34.117162 ], [ -60.400712, -34.146461 ], [ -60.518879, -34.193823 ], [ -60.648887, -34.216375 ], [ -60.809766, -34.231716 ], [ -61.042387, -34.232956 ], [ -61.264968, -34.233374 ], [ -61.447647, -34.223499 ], [ -61.640418, -34.213703 ], [ -61.834837, -34.17003 ], [ -62.038779, -34.134756 ], [ -62.172313, -34.08855 ], [ -62.31762, -34.000501 ], [ -62.44143, -33.936879 ], [ -62.525126, -33.863579 ], [ -62.638861, -33.791048 ], [ -62.753355, -33.693195 ], [ -62.847504, -33.5947 ], [ -62.950883, -33.513185 ], [ -62.983315, -33.446682 ], [ -63.055197, -33.39794 ], [ -63.138119, -33.315764 ], [ -63.180338, -33.249432 ], [ -63.224341, -33.124235 ], [ -63.296848, -33.041698 ], [ -63.368973, -32.967523 ], [ -63.459484, -32.780453 ], [ -63.477348, -32.701552 ], [ -63.494987, -32.629243 ], [ -63.513875, -32.510722 ], [ -63.516959, -32.398497 ], [ -63.495986, -32.312203 ], [ -63.45914, -32.238807 ], [ -63.430665, -32.145753 ], [ -63.401687, -32.072502 ], [ -63.39655, -31.979919 ], [ -63.370455, -31.807629 ], [ -63.357806, -31.708281 ], [ -63.375861, -31.616177 ], [ -63.399928, -31.583641 ], [ -63.424513, -31.531285 ], [ -63.457131, -31.465876 ], [ -63.474314, -31.400157 ], [ -63.468385, -31.333975 ], [ -63.470504, -31.25474 ], [ -63.48763, -31.189014 ], [ -63.520075, -31.123579 ], [ -63.544794, -31.057987 ], [ -63.545643, -31.024969 ], [ -63.524521, -30.951889 ], [ -63.495942, -30.872054 ], [ -63.446371, -30.719137 ], [ -63.417212, -30.6657 ], [ -63.418793, -30.606277 ], [ -63.421409, -30.507227 ], [ -63.408604, -30.414469 ], [ -63.335286, -30.307286 ], [ -63.292706, -30.194102 ], [ -63.255984, -30.147087 ], [ -63.235404, -30.067372 ], [ -63.245362, -29.981696 ], [ -63.247183, -29.915668 ], [ -63.219065, -29.835794 ], [ -63.190808, -29.762519 ], [ -63.162773, -29.682636 ], [ -63.061734, -29.54367 ], [ -63.036895, -29.485096 ], [ -63.013105, -29.391721 ], [ -63.003422, -29.269652 ], [ -62.998262, -29.20454 ], [ -62.993757, -29.147574 ], [ -63.017425, -29.014644 ], [ -63.046289, -28.92824 ], [ -63.101127, -28.853995 ], [ -63.161042, -28.832052 ], [ -63.213584, -28.838954 ], [ -63.284838, -28.886841 ], [ -63.363055, -28.92322 ], [ -63.421678, -28.953373 ], [ -63.494371, -28.948938 ], [ -63.54054, -28.949791 ], [ -63.607044, -28.927777 ], [ -63.63434, -28.887623 ], [ -63.68242, -28.801394 ], [ -63.737122, -28.709444 ], [ -63.778331, -28.628861 ], [ -63.812897, -28.548146 ], [ -63.854451, -28.444323 ], [ -63.914687, -28.387206 ], [ -64.001307, -28.318836 ], [ -64.081054, -28.261923 ], [ -64.141568, -28.175673 ], [ -64.168853, -28.112172 ], [ -64.176581, -28.042598 ], [ -64.197372, -27.973202 ], [ -64.211591, -27.903716 ], [ -64.225415, -27.857443 ], [ -64.258721, -27.817218 ], [ -64.324646, -27.77739 ], [ -64.409757, -27.760974 ], [ -64.487989, -27.767665 ], [ -64.559409, -27.797458 ], [ -64.591684, -27.826826 ], [ -64.649676, -27.891287 ], [ -64.694718, -27.949786 ], [ -64.739418, -28.043118 ], [ -64.765255, -28.072387 ], [ -64.803893, -28.130796 ], [ -64.855674, -28.189308 ], [ -64.900713, -28.270976 ], [ -64.946062, -28.329403 ], [ -65.011414, -28.358933 ], [ -64.992433, -28.283298 ], [ -64.966858, -28.213423 ], [ -64.954768, -28.108805 ], [ -64.962099, -28.027554 ], [ -64.975903, -27.952165 ], [ -64.983366, -27.853494 ], [ -64.984877, -27.690898 ], [ -64.986003, -27.56895 ], [ -64.980713, -27.435326 ], [ -64.968505, -27.348123 ], [ -64.969418, -27.249393 ], [ -64.977024, -27.127481 ], [ -64.991264, -26.988187 ], [ -64.993065, -26.784923 ], [ -65.034051, -26.515836 ], [ -64.966126, -26.450104 ], [ -64.829841, -26.298896 ], [ -64.701143, -26.147619 ], [ -64.665796, -26.075476 ], [ -64.580538, -25.950612 ], [ -64.502681, -25.82578 ], [ -64.446756, -25.688095 ], [ -64.40579, -25.5179 ], [ -64.357285, -25.380258 ], [ -64.272826, -25.255239 ], [ -64.138134, -25.142621 ], [ -64.049241, -25.063593 ], [ -63.968389, -25.030003 ], [ -63.890631, -25.012264 ], [ -63.812893, -24.997278 ], [ -63.739221, -24.986008 ], [ -63.674636, -24.989669 ], [ -63.599967, -24.983935 ], [ -63.54448, -24.981008 ], [ -63.431525, -24.962953 ], [ -63.344909, -24.919671 ], [ -63.270543, -24.852114 ], [ -63.220505, -24.765938 ], [ -63.184598, -24.684489 ], [ -63.168762, -24.624617 ], [ -63.116825, -24.544953 ], [ -63.087963, -24.485008 ], [ -63.058101, -24.429731 ], [ -63.032299, -24.37073 ], [ -63.002385, -24.333203 ], [ -62.9555, -24.285288 ], [ -62.924711, -24.233724 ], [ -62.887905, -24.186795 ], [ -62.832172, -24.127581 ], [ -62.768527, -24.060831 ], [ -62.733751, -24.02416 ], [ -62.70094, -23.994969 ], [ -62.646138, -23.965604 ], [ -62.603432, -23.928852 ], [ -62.554713, -23.894835 ], [ -62.501143, -23.848629 ], [ -62.474598, -23.82271 ], [ -62.405767, -23.792283 ], [ -62.299057, -23.748105 ], [ -62.219885, -23.717345 ], [ -62.137567, -23.67686 ], [ -62.010514, -23.622382 ], [ -61.908181, -23.558844 ], [ -61.823408, -23.492525 ], [ -61.784313, -23.411393 ], [ -61.748423, -23.339962 ], [ -61.730684, -23.243313 ], [ -61.726863, -23.24355 ], [ -61.724414, -23.242762 ], [ -61.721809, -23.241364 ], [ -61.718593, -23.240418 ], [ -61.715362, -23.240883 ], [ -61.713046, -23.242169 ], [ -61.710608, -23.244208 ] ] ] }, { "type": "MultiLineString", "coordinates": [ [ [ -57.872573, -25.079387 ], [ -57.872573, -25.079388 ] ], [ [ -57.758518, -25.174678 ], [ -57.758518, -25.174679 ] ] ] } ] } },
{ "type": "Feature", "properties": { "cuenca": "NOROESTE", "ubicacion": "ONSHORE", "tipo": "Productiva", "origen_geo": "productiva", "cuenca_norm": "NOROESTE", "cuenca_join_key": "NOROESTE" }, "geometry": { "type": "MultiPolygon", "coordinates": [ [ [ [ -65.751087, -22.105882 ], [ -65.74834, -22.10757 ], [ -65.743839, -22.106713 ], [ -65.741809, -22.106444 ], [ -65.738574, -22.107009 ], [ -65.736041, -22.107488 ], [ -65.731692, -22.106942 ], [ -65.728602, -22.106509 ], [ -65.725207, -22.105613 ], [ -65.723895, -22.102943 ], [ -65.722605, -22.101224 ], [ -65.718905, -22.100099 ], [ -65.716273, -22.099231 ], [ -65.713976, -22.097819 ], [ -65.710512, -22.097587 ], [ -65.707766, -22.09658 ], [ -65.705431, -22.096213 ], [ -65.70344, -22.097514 ], [ -65.700724, -22.098987 ], [ -65.698496, -22.099714 ], [ -65.696153, -22.100152 ], [ -65.69362, -22.101217 ], [ -65.69182, -22.102464 ], [ -65.691126, -22.104581 ], [ -65.690607, -22.106927 ], [ -65.689233, -22.108867 ], [ -65.686525, -22.109132 ], [ -65.683931, -22.109222 ], [ -65.680848, -22.110002 ], [ -65.678254, -22.110782 ], [ -65.675798, -22.110187 ], [ -65.673837, -22.109252 ], [ -65.671807, -22.108661 ], [ -65.669038, -22.108751 ], [ -65.666825, -22.108732 ], [ -65.664307, -22.107734 ], [ -65.662339, -22.107255 ], [ -65.660004, -22.107238 ], [ -65.656983, -22.10761 ], [ -65.655518, -22.106222 ], [ -65.654122, -22.104431 ], [ -65.651909, -22.10424 ], [ -65.649193, -22.104389 ], [ -65.646317, -22.104707 ], [ -65.646698, -22.100255 ], [ -65.643334, -22.100742 ], [ -65.640968, -22.101026 ], [ -65.637985, -22.099123 ], [ -65.635765, -22.098295 ], [ -65.633362, -22.097974 ], [ -65.631187, -22.097902 ], [ -65.629089, -22.097635 ], [ -65.626968, -22.096361 ], [ -65.625205, -22.093675 ], [ -65.62197, -22.09123 ], [ -65.619842, -22.091043 ], [ -65.616164, -22.091396 ], [ -65.613593, -22.09 ], [ -65.610618, -22.089654 ], [ -65.607154, -22.088359 ], [ -65.604506, -22.090276 ], [ -65.602729, -22.091238 ], [ -65.600592, -22.090664 ], [ -65.598364, -22.091028 ], [ -65.596053, -22.091144 ], [ -65.593825, -22.090665 ], [ -65.589934, -22.091802 ], [ -65.587874, -22.091734 ], [ -65.586119, -22.090681 ], [ -65.58679, -22.088354 ], [ -65.587332, -22.086259 ], [ -65.585409, -22.084697 ], [ -65.585638, -22.081623 ], [ -65.584631, -22.079822 ], [ -65.582678, -22.078161 ], [ -65.582029, -22.075536 ], [ -65.580091, -22.073242 ], [ -65.57839, -22.072046 ], [ -65.574461, -22.071493 ], [ -65.567388, -22.073078 ], [ -65.565038, -22.073604 ], [ -65.561506, -22.074398 ], [ -65.559148, -22.074924 ], [ -65.555615, -22.075719 ], [ -65.551869, -22.076557 ], [ -65.539128, -22.079412 ], [ -65.524998, -22.082577 ], [ -65.516247, -22.084534 ], [ -65.50851, -22.086267 ], [ -65.504978, -22.087055 ], [ -65.501262, -22.087889 ], [ -65.499088, -22.088375 ], [ -65.49673, -22.0889 ], [ -65.483706, -22.091818 ], [ -65.480166, -22.09214 ], [ -65.477305, -22.091395 ], [ -65.470736, -22.085776 ], [ -65.467219, -22.085428 ], [ -65.464792, -22.085398 ], [ -65.456682, -22.085304 ], [ -65.452638, -22.085255 ], [ -65.450258, -22.085228 ], [ -65.447839, -22.085198 ], [ -65.4442, -22.085158 ], [ -65.441781, -22.085127 ], [ -65.43815, -22.085083 ], [ -65.435723, -22.085057 ], [ -65.421189, -22.084879 ], [ -65.41877, -22.084853 ], [ -65.415139, -22.084809 ], [ -65.412713, -22.084778 ], [ -65.409081, -22.084732 ], [ -65.406655, -22.084706 ], [ -65.40403, -22.084673 ], [ -65.400291, -22.084628 ], [ -65.392128, -22.084527 ], [ -65.389702, -22.0845 ], [ -65.38607, -22.084454 ], [ -65.383651, -22.084422 ], [ -65.380012, -22.084376 ], [ -65.377593, -22.084349 ], [ -65.363059, -22.084166 ], [ -65.36064, -22.084139 ], [ -65.357001, -22.084094 ], [ -65.354582, -22.084061 ], [ -65.352042, -22.084033 ], [ -65.348524, -22.083989 ], [ -65.33399, -22.083808 ], [ -65.331571, -22.083775 ], [ -65.32794, -22.083728 ], [ -65.325513, -22.083701 ], [ -65.321882, -22.083653 ], [ -65.319463, -22.083621 ], [ -65.304929, -22.083438 ], [ -65.302502, -22.083405 ], [ -65.298871, -22.083358 ], [ -65.296452, -22.083329 ], [ -65.292813, -22.083281 ], [ -65.290394, -22.083249 ], [ -65.27586, -22.083064 ], [ -65.273441, -22.08303 ], [ -65.267383, -22.082954 ], [ -65.263752, -22.082906 ], [ -65.261325, -22.082877 ], [ -65.246798, -22.082685 ], [ -65.244372, -22.082654 ], [ -65.240741, -22.082607 ], [ -65.238322, -22.082572 ], [ -65.234683, -22.082525 ], [ -65.232264, -22.082494 ], [ -65.21773, -22.0823 ], [ -65.215311, -22.082269 ], [ -65.211679, -22.082221 ], [ -65.209253, -22.082187 ], [ -65.205621, -22.082137 ], [ -65.203203, -22.082107 ], [ -65.188668, -22.081909 ], [ -65.186295, -22.08188 ], [ -65.18406, -22.08185 ], [ -65.180192, -22.081794 ], [ -65.176552, -22.081749 ], [ -65.174134, -22.081714 ], [ -65.159599, -22.081518 ], [ -65.157181, -22.081483 ], [ -65.153549, -22.081434 ], [ -65.151123, -22.081403 ], [ -65.147491, -22.081352 ], [ -65.145073, -22.081318 ], [ -65.140312, -22.081251 ], [ -65.136916, -22.081207 ], [ -65.130538, -22.081119 ], [ -65.12812, -22.081083 ], [ -65.12448, -22.081032 ], [ -65.122062, -22.081001 ], [ -65.11843, -22.08095 ], [ -65.116004, -22.080913 ], [ -65.101477, -22.080713 ], [ -65.099051, -22.080677 ], [ -65.095419, -22.080625 ], [ -65.093, -22.080593 ], [ -65.089369, -22.080542 ], [ -65.086942, -22.080505 ], [ -65.072408, -22.080303 ], [ -65.069989, -22.080265 ], [ -65.066358, -22.080217 ], [ -65.063931, -22.080181 ], [ -65.0603, -22.08013 ], [ -65.057881, -22.080097 ], [ -65.053502, -22.080031 ], [ -65.049733, -22.079977 ], [ -65.043347, -22.079886 ], [ -65.040928, -22.079855 ], [ -65.039733, -22.167735 ], [ -65.029794, -22.317027 ], [ -65.019687, -22.487063 ], [ -64.991856, -22.630005 ], [ -64.946241, -22.752092 ], [ -64.905411, -22.824409 ], [ -64.855545, -22.900803 ], [ -64.814761, -22.9565 ], [ -64.762904, -22.995512 ], [ -64.696152, -23.038781 ], [ -64.566772, -23.10073 ], [ -64.450709, -23.143705 ], [ -64.346243, -23.195016 ], [ -64.223377, -23.202407 ], [ -64.091201, -23.200861 ], [ -63.987946, -23.160291 ], [ -63.875251, -23.123903 ], [ -63.781703, -23.074617 ], [ -63.66488, -23.011838 ], [ -63.389048, -22.894097 ], [ -63.170167, -22.77693 ], [ -63.002128, -22.717151 ], [ -62.843945, -22.644319 ], [ -62.694816, -22.593347 ], [ -62.587054, -22.556005 ], [ -62.504758, -22.535008 ], [ -62.425947, -22.51405 ], [ -62.340272, -22.49289 ], [ -62.326122, -22.484432 ], [ -62.320636, -22.485496 ], [ -62.313945, -22.485265 ], [ -62.308509, -22.481472 ], [ -62.304862, -22.479149 ], [ -62.301089, -22.475254 ], [ -62.297988, -22.472562 ], [ -62.295146, -22.47125 ], [ -62.292491, -22.471655 ], [ -62.290957, -22.474357 ], [ -62.291522, -22.477285 ], [ -62.292594, -22.481516 ], [ -62.294268, -22.486349 ], [ -62.294158, -22.490652 ], [ -62.291827, -22.493702 ], [ -62.288863, -22.493708 ], [ -62.285475, -22.496872 ], [ -62.288214, -22.502779 ], [ -62.289954, -22.506964 ], [ -62.29312, -22.511551 ], [ -62.292891, -22.516545 ], [ -62.291736, -22.519745 ], [ -62.288279, -22.522927 ], [ -62.284392, -22.523167 ], [ -62.28134, -22.520037 ], [ -62.282019, -22.516283 ], [ -62.282012, -22.513413 ], [ -62.281138, -22.511061 ], [ -62.279101, -22.510493 ], [ -62.276698, -22.51268 ], [ -62.27447, -22.513108 ], [ -62.268057, -22.513214 ], [ -62.2609, -22.513714 ], [ -62.25688, -22.513872 ], [ -62.253675, -22.515311 ], [ -62.252443, -22.518128 ], [ -62.252145, -22.520253 ], [ -62.252599, -22.524479 ], [ -62.253481, -22.532647 ], [ -62.253488, -22.53575 ], [ -62.242998, -22.538581 ], [ -62.239728, -22.540538 ], [ -62.237424, -22.543368 ], [ -62.235791, -22.545369 ], [ -62.235601, -22.549155 ], [ -62.237176, -22.553521 ], [ -62.237619, -22.558339 ], [ -62.237256, -22.561557 ], [ -62.23628, -22.56437 ], [ -62.234868, -22.567186 ], [ -62.234071, -22.569886 ], [ -62.236558, -22.574588 ], [ -62.239019, -22.574704 ], [ -62.243539, -22.57492 ], [ -62.245653, -22.575711 ], [ -62.246763, -22.578357 ], [ -62.246275, -22.580594 ], [ -62.244859, -22.582954 ], [ -62.244375, -22.585534 ], [ -62.245119, -22.587831 ], [ -62.247724, -22.590124 ], [ -62.250879, -22.592584 ], [ -62.253504, -22.593843 ], [ -62.256876, -22.594062 ], [ -62.259539, -22.59486 ], [ -62.262636, -22.596517 ], [ -62.264681, -22.599042 ], [ -62.265864, -22.601621 ], [ -62.26562, -22.603977 ], [ -62.263842, -22.606618 ], [ -62.262114, -22.60806 ], [ -62.25989, -22.608005 ], [ -62.258494, -22.603836 ], [ -62.2545, -22.602562 ], [ -62.252832, -22.603714 ], [ -62.252665, -22.608995 ], [ -62.251131, -22.61227 ], [ -62.249033, -22.615606 ], [ -62.246336, -22.618421 ], [ -62.241049, -22.615438 ], [ -62.237543, -22.615398 ], [ -62.234533, -22.616636 ], [ -62.236196, -22.620224 ], [ -62.238729, -22.620159 ], [ -62.240961, -22.621822 ], [ -62.241396, -22.62406 ], [ -62.241041, -22.628653 ], [ -62.240373, -22.632555 ], [ -62.237688, -22.634176 ], [ -62.234266, -22.63567 ], [ -62.233175, -22.633076 ], [ -62.233999, -22.628782 ], [ -62.234853, -22.625965 ], [ -62.232496, -22.622414 ], [ -62.227632, -22.62318 ], [ -62.225515, -22.623518 ], [ -62.221253, -22.625267 ], [ -62.219338, -22.626053 ], [ -62.216309, -22.629406 ], [ -62.212006, -22.634161 ], [ -62.210973, -22.638527 ], [ -62.210984, -22.643574 ], [ -62.209569, -22.646105 ], [ -62.207535, -22.647255 ], [ -62.206467, -22.645506 ], [ -62.204552, -22.642382 ], [ -62.203625, -22.639796 ], [ -62.200943, -22.632342 ], [ -62.197586, -22.626492 ], [ -62.196648, -22.624699 ], [ -62.194916, -22.621389 ], [ -62.192474, -22.620031 ], [ -62.19022, -22.621456 ], [ -62.189117, -22.624498 ], [ -62.190311, -22.63213 ], [ -62.191754, -22.640969 ], [ -62.19278, -22.647389 ], [ -62.192711, -22.652792 ], [ -62.194947, -22.657153 ], [ -62.197861, -22.659098 ], [ -62.20052, -22.65984 ], [ -62.201882, -22.661557 ], [ -62.200371, -22.66565 ], [ -62.197945, -22.668111 ], [ -62.197087, -22.670464 ], [ -62.198269, -22.673793 ], [ -62.200104, -22.676636 ], [ -62.201993, -22.679581 ], [ -62.203484, -22.683083 ], [ -62.202256, -22.685321 ], [ -62.197617, -22.683951 ], [ -62.195866, -22.682395 ], [ -62.192662, -22.679543 ], [ -62.190766, -22.67822 ], [ -62.186661, -22.679608 ], [ -62.184082, -22.684895 ], [ -62.182171, -22.6888 ], [ -62.179771, -22.693166 ], [ -62.180645, -22.695979 ], [ -62.18306, -22.697179 ], [ -62.187287, -22.696288 ], [ -62.193936, -22.694886 ], [ -62.196225, -22.694402 ], [ -62.201295, -22.695655 ], [ -62.202542, -22.698983 ], [ -62.200631, -22.702718 ], [ -62.198834, -22.707412 ], [ -62.197713, -22.710342 ], [ -62.197388, -22.713573 ], [ -62.196587, -22.716214 ], [ -62.194142, -22.715314 ], [ -62.18842, -22.703311 ], [ -62.185612, -22.703319 ], [ -62.183205, -22.705804 ], [ -62.18179, -22.71004 ], [ -62.179703, -22.714923 ], [ -62.177738, -22.720264 ], [ -62.174282, -22.724575 ], [ -62.170696, -22.725986 ], [ -62.167984, -22.727052 ], [ -62.16642, -22.728403 ], [ -62.164524, -22.730041 ], [ -62.163383, -22.731868 ], [ -62.160709, -22.736707 ], [ -62.161274, -22.740494 ], [ -62.163692, -22.743473 ], [ -62.16518, -22.745598 ], [ -62.165352, -22.748348 ], [ -62.162697, -22.752041 ], [ -62.159946, -22.755476 ], [ -62.15797, -22.756372 ], [ -62.155006, -22.757721 ], [ -62.149123, -22.756123 ], [ -62.144172, -22.756247 ], [ -62.141536, -22.758219 ], [ -62.138003, -22.761477 ], [ -62.141082, -22.765764 ], [ -62.144756, -22.767382 ], [ -62.143527, -22.770825 ], [ -62.138762, -22.77112 ], [ -62.136168, -22.772673 ], [ -62.138377, -22.775448 ], [ -62.139957, -22.778061 ], [ -62.135653, -22.782738 ], [ -62.132232, -22.783356 ], [ -62.129954, -22.787032 ], [ -62.128165, -22.790417 ], [ -62.124892, -22.794209 ], [ -62.122485, -22.796855 ], [ -62.120162, -22.794436 ], [ -62.118639, -22.792613 ], [ -62.115374, -22.79316 ], [ -62.112768, -22.796464 ], [ -62.113402, -22.803925 ], [ -62.113413, -22.809438 ], [ -62.113547, -22.81162 ], [ -62.113669, -22.813684 ], [ -62.111594, -22.819211 ], [ -62.107763, -22.814891 ], [ -62.105616, -22.809733 ], [ -62.104311, -22.807265 ], [ -62.10103, -22.806867 ], [ -62.097944, -22.809283 ], [ -62.096777, -22.812726 ], [ -62.095659, -22.816585 ], [ -62.092909, -22.82236 ], [ -62.089372, -22.82542 ], [ -62.083681, -22.828063 ], [ -62.080098, -22.830482 ], [ -62.077749, -22.833696 ], [ -62.077695, -22.837369 ], [ -62.078073, -22.841156 ], [ -62.076524, -22.844036 ], [ -62.0743, -22.845693 ], [ -62.067746, -22.847768 ], [ -62.064778, -22.851272 ], [ -62.063668, -22.853454 ], [ -62.062623, -22.856497 ], [ -62.060716, -22.859691 ], [ -62.057618, -22.86178 ], [ -62.055207, -22.863323 ], [ -62.048649, -22.867529 ], [ -62.044876, -22.869656 ], [ -62.0416, -22.872583 ], [ -62.038693, -22.876028 ], [ -62.038281, -22.878731 ], [ -62.037285, -22.884981 ], [ -62.03698, -22.89107 ], [ -62.035996, -22.895258 ], [ -62.033836, -22.898301 ], [ -62.032295, -22.900292 ], [ -62.028316, -22.905427 ], [ -62.024437, -22.909846 ], [ -62.022892, -22.911914 ], [ -62.023762, -22.914265 ], [ -62.026676, -22.914952 ], [ -62.029026, -22.917134 ], [ -62.029713, -22.919886 ], [ -62.028359, -22.922814 ], [ -62.026566, -22.92603 ], [ -62.025543, -22.928792 ], [ -62.023346, -22.930394 ], [ -62.022659, -22.927031 ], [ -62.023029, -22.924884 ], [ -62.022781, -22.920462 ], [ -62.02055, -22.920924 ], [ -62.01683, -22.927804 ], [ -62.014804, -22.931546 ], [ -62.01363, -22.933385 ], [ -62.010723, -22.93637 ], [ -62.008617, -22.935336 ], [ -62.008609, -22.93201 ], [ -62.009601, -22.928679 ], [ -62.008727, -22.925866 ], [ -62.005012, -22.926385 ], [ -62.003207, -22.929271 ], [ -62.00056, -22.932586 ], [ -61.99948, -22.934539 ], [ -62.001125, -22.937349 ], [ -62.003104, -22.937694 ], [ -62.003726, -22.940736 ], [ -62.002925, -22.943031 ], [ -62.000205, -22.947107 ], [ -61.997359, -22.949464 ], [ -61.997115, -22.952276 ], [ -62.001018, -22.955144 ], [ -62.003341, -22.956653 ], [ -62.005172, -22.957838 ], [ -62.007404, -22.959789 ], [ -62.009887, -22.964666 ], [ -62.010513, -22.96788 ], [ -62.011509, -22.970577 ], [ -62.012192, -22.973335 ], [ -62.009796, -22.975658 ], [ -62.005565, -22.973966 ], [ -62.004306, -22.972278 ], [ -62.002395, -22.969265 ], [ -62.001373, -22.966604 ], [ -61.999236, -22.965417 ], [ -61.996818, -22.96783 ], [ -61.996265, -22.970815 ], [ -61.996829, -22.973739 ], [ -61.999618, -22.976209 ], [ -62.002593, -22.979364 ], [ -62.004627, -22.982036 ], [ -62.005329, -22.987341 ], [ -62.004467, -22.990099 ], [ -62.0023, -22.99291 ], [ -61.999328, -22.992107 ], [ -61.996661, -22.991192 ], [ -61.993438, -22.991247 ], [ -61.992637, -22.993374 ], [ -61.993198, -22.996014 ], [ -61.995158, -22.999331 ], [ -62.001754, -23.0016 ], [ -62.000049, -23.003134 ], [ -61.998664, -23.004686 ], [ -61.997314, -23.00791 ], [ -61.995872, -23.010014 ], [ -61.994357, -23.012781 ], [ -61.994006, -23.014796 ], [ -61.993263, -23.017771 ], [ -61.99245, -23.021454 ], [ -61.990955, -23.023463 ], [ -61.988414, -23.025658 ], [ -61.986377, -23.02685 ], [ -61.982482, -23.028325 ], [ -61.979796, -23.029051 ], [ -61.977565, -23.028473 ], [ -61.975215, -23.028752 ], [ -61.972155, -23.028718 ], [ -61.969023, -23.030053 ], [ -61.966265, -23.032143 ], [ -61.965914, -23.034415 ], [ -61.967253, -23.036351 ], [ -61.966517, -23.038518 ], [ -61.964537, -23.039405 ], [ -61.961905, -23.040389 ], [ -61.959608, -23.040618 ], [ -61.957461, -23.041957 ], [ -61.956289, -23.04361 ], [ -61.954291, -23.046222 ], [ -61.952738, -23.048125 ], [ -61.950747, -23.050223 ], [ -61.94631, -23.051288 ], [ -61.942968, -23.051909 ], [ -61.941786, -23.054828 ], [ -61.941915, -23.057307 ], [ -61.942213, -23.059991 ], [ -61.94288, -23.063077 ], [ -61.941141, -23.066497 ], [ -61.939276, -23.067289 ], [ -61.93527, -23.068656 ], [ -61.93242, -23.069183 ], [ -61.929269, -23.068237 ], [ -61.926427, -23.068357 ], [ -61.923787, -23.06949 ], [ -61.922178, -23.071447 ], [ -61.91966, -23.072027 ], [ -61.917481, -23.071294 ], [ -61.914063, -23.06974 ], [ -61.91129, -23.068696 ], [ -61.908002, -23.069265 ], [ -61.907036, -23.072288 ], [ -61.906232, -23.075113 ], [ -61.905648, -23.078138 ], [ -61.903306, -23.081497 ], [ -61.901536, -23.083349 ], [ -61.900101, -23.084749 ], [ -61.897847, -23.085581 ], [ -61.894013, -23.086399 ], [ -61.891522, -23.0848 ], [ -61.8899, -23.083114 ], [ -61.888062, -23.082086 ], [ -61.886009, -23.084135 ], [ -61.884563, -23.085989 ], [ -61.883007, -23.088243 ], [ -61.881344, -23.089794 ], [ -61.878975, -23.091434 ], [ -61.876896, -23.091614 ], [ -61.875229, -23.089521 ], [ -61.873508, -23.087532 ], [ -61.869487, -23.085769 ], [ -61.86631, -23.08659 ], [ -61.864162, -23.08778 ], [ -61.86272, -23.089228 ], [ -61.86161, -23.090935 ], [ -61.860046, -23.09314 ], [ -61.859748, -23.095161 ], [ -61.858459, -23.09757 ], [ -61.856933, -23.101446 ], [ -61.855525, -23.104614 ], [ -61.854457, -23.106926 ], [ -61.853171, -23.108578 ], [ -61.850005, -23.112488 ], [ -61.846606, -23.11361 ], [ -61.844619, -23.114849 ], [ -61.842414, -23.116291 ], [ -61.839656, -23.118231 ], [ -61.837725, -23.119471 ], [ -61.836985, -23.121787 ], [ -61.836188, -23.124051 ], [ -61.835223, -23.12677 ], [ -61.833556, -23.128775 ], [ -61.832003, -23.130728 ], [ -61.829581, -23.131911 ], [ -61.826968, -23.13102 ], [ -61.82501, -23.130341 ], [ -61.821936, -23.131421 ], [ -61.822004, -23.134251 ], [ -61.821257, -23.137023 ], [ -61.820891, -23.139746 ], [ -61.820528, -23.142216 ], [ -61.820215, -23.145198 ], [ -61.820234, -23.147826 ], [ -61.819822, -23.149791 ], [ -61.817228, -23.151631 ], [ -61.81497, -23.153024 ], [ -61.812914, -23.155423 ], [ -61.811205, -23.156566 ], [ -61.808447, -23.158404 ], [ -61.805792, -23.160625 ], [ -61.803373, -23.161729 ], [ -61.800851, -23.162107 ], [ -61.798715, -23.162482 ], [ -61.796991, -23.164636 ], [ -61.795194, -23.167949 ], [ -61.791532, -23.167705 ], [ -61.787873, -23.167411 ], [ -61.785317, -23.166673 ], [ -61.78259, -23.166183 ], [ -61.780576, -23.165656 ], [ -61.777741, -23.165166 ], [ -61.775441, -23.165189 ], [ -61.773041, -23.164958 ], [ -61.769822, -23.164567 ], [ -61.767403, -23.165243 ], [ -61.766774, -23.167409 ], [ -61.76717, -23.170347 ], [ -61.764904, -23.17204 ], [ -61.762203, -23.173622 ], [ -61.759514, -23.174196 ], [ -61.756558, -23.174665 ], [ -61.754017, -23.176355 ], [ -61.752022, -23.178402 ], [ -61.750183, -23.180757 ], [ -61.748451, -23.183515 ], [ -61.747211, -23.186029 ], [ -61.745189, -23.18979 ], [ -61.744385, -23.192312 ], [ -61.743702, -23.194324 ], [ -61.742687, -23.196483 ], [ -61.741337, -23.199402 ], [ -61.740375, -23.20126 ], [ -61.737766, -23.204208 ], [ -61.737346, -23.206732 ], [ -61.738563, -23.209879 ], [ -61.73957, -23.211865 ], [ -61.740185, -23.214853 ], [ -61.74015, -23.217074 ], [ -61.740204, -23.22102 ], [ -61.740715, -23.223656 ], [ -61.740291, -23.226479 ], [ -61.739479, -23.229555 ], [ -61.738891, -23.232529 ], [ -61.738586, -23.234797 ], [ -61.735939, -23.239972 ], [ -61.73373, -23.24156 ], [ -61.731628, -23.243254 ], [ -61.730685, -23.243313 ], [ -61.748423, -23.339961 ], [ -61.784313, -23.411394 ], [ -61.823409, -23.492525 ], [ -61.908183, -23.558844 ], [ -62.010515, -23.622383 ], [ -62.137568, -23.67686 ], [ -62.219886, -23.717346 ], [ -62.299057, -23.748106 ], [ -62.405767, -23.792283 ], [ -62.474597, -23.822711 ], [ -62.501144, -23.84863 ], [ -62.554714, -23.894835 ], [ -62.603434, -23.928853 ], [ -62.646139, -23.965604 ], [ -62.700939, -23.994969 ], [ -62.733752, -24.02416 ], [ -62.768527, -24.060832 ], [ -62.832173, -24.127581 ], [ -62.887905, -24.186796 ], [ -62.924711, -24.233725 ], [ -62.955501, -24.285289 ], [ -63.002386, -24.333204 ], [ -63.0323, -24.370731 ], [ -63.058101, -24.429731 ], [ -63.087964, -24.485009 ], [ -63.116825, -24.544954 ], [ -63.168763, -24.624617 ], [ -63.184598, -24.684489 ], [ -63.220505, -24.765938 ], [ -63.270543, -24.852115 ], [ -63.344911, -24.919672 ], [ -63.431526, -24.962954 ], [ -63.544481, -24.981009 ], [ -63.599968, -24.983937 ], [ -63.674637, -24.98967 ], [ -63.739222, -24.986009 ], [ -63.812894, -24.997279 ], [ -63.890632, -25.012265 ], [ -63.968389, -25.030003 ], [ -64.049241, -25.063592 ], [ -64.138135, -25.142621 ], [ -64.272828, -25.25524 ], [ -64.357286, -25.380257 ], [ -64.405791, -25.517901 ], [ -64.446757, -25.688095 ], [ -64.502681, -25.825781 ], [ -64.580539, -25.950613 ], [ -64.665796, -26.075476 ], [ -64.701143, -26.147618 ], [ -64.829841, -26.298897 ], [ -64.966128, -26.450106 ], [ -65.034052, -26.515837 ], [ -65.088503, -26.56846 ], [ -65.131476, -26.647083 ], [ -65.203355, -26.758501 ], [ -65.253576, -26.863234 ], [ -65.340025, -27.020361 ], [ -65.434136, -27.151346 ], [ -65.499324, -27.262584 ], [ -65.601484, -27.295553 ], [ -65.755027, -27.263265 ], [ -65.799027, -27.171937 ], [ -65.821226, -26.982615 ], [ -65.763418, -26.74748 ], [ -65.771167, -26.505902 ], [ -65.785843, -26.421039 ], [ -65.844061, -26.270925 ], [ -65.887806, -25.964063 ], [ -66.017804, -25.71595 ], [ -66.120373, -25.529731 ], [ -66.183144, -25.415437 ], [ -66.35515, -25.219204 ], [ -66.519251, -24.977081 ], [ -66.853431, -24.603293 ], [ -67.00947, -24.465177 ], [ -67.164766, -24.28121 ], [ -67.334105, -24.123089 ], [ -67.331075, -24.120242 ], [ -67.385659, -24.05875 ], [ -67.387824, -24.058205 ], [ -67.387824, -24.058204 ], [ -67.386953, -24.057865 ], [ -67.382352, -24.056074 ], [ -67.375569, -24.053428 ], [ -67.370969, -24.051637 ], [ -67.364178, -24.04899 ], [ -67.359578, -24.047193 ], [ -67.352795, -24.04455 ], [ -67.348202, -24.042753 ], [ -67.341411, -24.040109 ], [ -67.336811, -24.038313 ], [ -67.330028, -24.035667 ], [ -67.325427, -24.03387 ], [ -67.319095, -24.031398 ], [ -67.318057, -24.026451 ], [ -67.316668, -24.019805 ], [ -67.315722, -24.0153 ], [ -67.314334, -24.008649 ], [ -67.313388, -24.004144 ], [ -67.312502, -23.999322 ], [ -67.262543, -23.845012 ], [ -67.227949, -23.737881 ], [ -67.22035, -23.718647 ], [ -67.213796, -23.693847 ], [ -67.170611, -23.559473 ], [ -67.141633, -23.469228 ], [ -67.113083, -23.380118 ], [ -67.07221, -23.252433 ], [ -67.048466, -23.178152 ], [ -67.030941, -23.123292 ], [ -67.000063, -23.026556 ], [ -66.992769, -23.003694 ], [ -66.992914, -23.003622 ], [ -66.992915, -23.003623 ], [ -66.992915, -23.003621 ], [ -66.992765, -23.003691 ], [ -66.866117, -22.897141 ], [ -66.760412, -22.83544 ], [ -66.67488, -22.747495 ], [ -66.568869, -22.666376 ], [ -66.490158, -22.565304 ], [ -66.383925, -22.46476 ], [ -66.291507, -22.357423 ], [ -66.226693, -22.243044 ], [ -66.182535, -22.121798 ], [ -66.139315, -22.039079 ], [ -66.116253, -21.93025 ], [ -66.112516, -21.818866 ], [ -66.100996, -21.822527 ], [ -66.090657, -21.825806 ], [ -66.078069, -21.830162 ], [ -66.072102, -21.83341 ], [ -66.068799, -21.837242 ], [ -66.061161, -21.846091 ], [ -66.057217, -21.850653 ], [ -66.053547, -21.854958 ], [ -66.045971, -21.86385 ], [ -66.042759, -21.867608 ], [ -66.042141, -21.871339 ], [ -66.042423, -21.874112 ], [ -66.043568, -21.885426 ], [ -66.044712, -21.896739 ], [ -66.045864, -21.908054 ], [ -66.046376, -21.916196 ], [ -66.042965, -21.916625 ], [ -66.030895, -21.918159 ], [ -66.018833, -21.919691 ], [ -66.013957, -21.92031 ], [ -66.006762, -21.921222 ], [ -66.000781, -21.921974 ], [ -65.993792, -21.922708 ], [ -65.991389, -21.922979 ], [ -65.987788, -21.923391 ], [ -65.985384, -21.923666 ], [ -65.981783, -21.924076 ], [ -65.97938, -21.924347 ], [ -65.976641, -21.924663 ], [ -65.971582, -21.925235 ], [ -65.964967, -21.925987 ], [ -65.962564, -21.926264 ], [ -65.958963, -21.926674 ], [ -65.95656, -21.926943 ], [ -65.952958, -21.927353 ], [ -65.950555, -21.927627 ], [ -65.936143, -21.929266 ], [ -65.933739, -21.929537 ], [ -65.930138, -21.929947 ], [ -65.927735, -21.93022 ], [ -65.92202, -21.933853 ], [ -65.912827, -21.944342 ], [ -65.911301, -21.946089 ], [ -65.908997, -21.948712 ], [ -65.907471, -21.950459 ], [ -65.905166, -21.95308 ], [ -65.903633, -21.954827 ], [ -65.894439, -21.965312 ], [ -65.892906, -21.967063 ], [ -65.890609, -21.96968 ], [ -65.889076, -21.97143 ], [ -65.886779, -21.974047 ], [ -65.882713, -21.979749 ], [ -65.876983, -21.986283 ], [ -65.874824, -21.988028 ], [ -65.872527, -21.990649 ], [ -65.870994, -21.992396 ], [ -65.868689, -21.995017 ], [ -65.864936, -21.999341 ], [ -65.863013, -22.001552 ], [ -65.86019, -22.005546 ], [ -65.857672, -22.008704 ], [ -65.855368, -22.011325 ], [ -65.853835, -22.013944 ], [ -65.851538, -22.016565 ], [ -65.850005, -22.018312 ], [ -65.840796, -22.028797 ], [ -65.839262, -22.030542 ], [ -65.836966, -22.033163 ], [ -65.835432, -22.03491 ], [ -65.833128, -22.037531 ], [ -65.831594, -22.039276 ], [ -65.822385, -22.049757 ], [ -65.820852, -22.051502 ], [ -65.818555, -22.054123 ], [ -65.817014, -22.055874 ], [ -65.814718, -22.058489 ], [ -65.813177, -22.06024 ], [ -65.803968, -22.070719 ], [ -65.801732, -22.071352 ], [ -65.798162, -22.071972 ], [ -65.795979, -22.072823 ], [ -65.794316, -22.074463 ], [ -65.793157, -22.077813 ], [ -65.791509, -22.079049 ], [ -65.789548, -22.079524 ], [ -65.787961, -22.081057 ], [ -65.787572, -22.083188 ], [ -65.785206, -22.0845 ], [ -65.782925, -22.084862 ], [ -65.780262, -22.086087 ], [ -65.77985, -22.088475 ], [ -65.777798, -22.091046 ], [ -65.775692, -22.092412 ], [ -65.772602, -22.093838 ], [ -65.770794, -22.094725 ], [ -65.769024, -22.096299 ], [ -65.76656, -22.096873 ], [ -65.764515, -22.098279 ], [ -65.762485, -22.098624 ], [ -65.760548, -22.099496 ], [ -65.7579, -22.100667 ], [ -65.75571, -22.102889 ], [ -65.753452, -22.104285 ], [ -65.751087, -22.105882 ] ], [ [ -64.819816, -23.590686 ], [ -64.882766, -23.594922 ], [ -64.921769, -23.599318 ], [ -64.938776, -23.602929 ], [ -64.960669, -23.595284 ], [ -64.994601, -23.592212 ], [ -65.019575, -23.59295 ], [ -65.054672, -23.605761 ], [ -65.093746, -23.616655 ], [ -65.133871, -23.631275 ], [ -65.200086, -23.65407 ], [ -65.247231, -23.668595 ], [ -65.288466, -23.695073 ], [ -65.29459, -23.699002 ], [ -65.337973, -23.729449 ], [ -65.379416, -23.7627 ], [ -65.427223, -23.821127 ], [ -65.460071, -23.880646 ], [ -65.487907, -23.937404 ], [ -65.524165, -24.020246 ], [ -65.544241, -24.09112 ], [ -65.554159, -24.151802 ], [ -65.555147, -24.219142 ], [ -65.624585, -24.427861 ], [ -65.680145, -24.508581 ], [ -65.726541, -24.579103 ], [ -65.751006, -24.638359 ], [ -65.755085, -24.71573 ], [ -65.746457, -24.793094 ], [ -65.720858, -24.870417 ], [ -65.699501, -24.936139 ], [ -65.665389, -24.997958 ], [ -65.59726, -25.063554 ], [ -65.516368, -25.113602 ], [ -65.452466, -25.15206 ], [ -65.383166, -25.174691 ], [ -65.358811, -25.182635 ], [ -65.265151, -25.20541 ], [ -65.162958, -25.228073 ], [ -65.149136, -25.228961 ], [ -65.107647, -25.231611 ], [ -65.035419, -25.223425 ], [ -64.967524, -25.207493 ], [ -64.912563, -25.172285 ], [ -64.853462, -25.129301 ], [ -64.803115, -25.063146 ], [ -64.731694, -24.989064 ], [ -64.668958, -24.903421 ], [ -64.610407, -24.829407 ], [ -64.57294, -24.771037 ], [ -64.531404, -24.701009 ], [ -64.515159, -24.66072 ], [ -64.451603, -24.441789 ], [ -64.41773, -24.319433 ], [ -64.411075, -24.210062 ], [ -64.431575, -24.116473 ], [ -64.44919, -24.045335 ], [ -64.455616, -23.95086 ], [ -64.463168, -23.878831 ], [ -64.497735, -23.809476 ], [ -64.545284, -23.744723 ], [ -64.577919, -23.695925 ], [ -64.630424, -23.635801 ], [ -64.682127, -23.605584 ], [ -64.745933, -23.593028 ], [ -64.819816, -23.590686 ] ] ], [ [ [ -62.959151, -21.999409 ], [ -62.945532, -21.999415 ], [ -62.941477, -21.999367 ], [ -62.937384, -21.999402 ], [ -62.934698, -21.999415 ], [ -62.927919, -21.999417 ], [ -62.910245, -21.999417 ], [ -62.903466, -21.999417 ], [ -62.896687, -21.999417 ], [ -62.879013, -21.999415 ], [ -62.872234, -21.999413 ], [ -62.865455, -21.999413 ], [ -62.834223, -21.999402 ], [ -62.818487, -21.999395 ], [ -62.811312, -22.000926 ], [ -62.810785, -22.004127 ], [ -62.812174, -22.008943 ], [ -62.814421, -22.013524 ], [ -62.81542, -22.016605 ], [ -62.816626, -22.020345 ], [ -62.816332, -22.022644 ], [ -62.814569, -22.025812 ], [ -62.814455, -22.028665 ], [ -62.815237, -22.033268 ], [ -62.816, -22.036478 ], [ -62.815237, -22.041765 ], [ -62.813547, -22.044517 ], [ -62.812441, -22.046318 ], [ -62.81135, -22.05044 ], [ -62.807997, -22.055895 ], [ -62.806009, -22.059612 ], [ -62.803884, -22.064049 ], [ -62.803366, -22.068699 ], [ -62.803152, -22.073467 ], [ -62.803938, -22.07775 ], [ -62.806921, -22.083397 ], [ -62.811018, -22.088694 ], [ -62.813868, -22.091551 ], [ -62.818285, -22.095913 ], [ -62.819518, -22.098177 ], [ -62.820834, -22.101647 ], [ -62.820242, -22.104834 ], [ -62.818972, -22.107682 ], [ -62.815924, -22.112437 ], [ -62.814104, -22.115658 ], [ -62.812895, -22.119113 ], [ -62.812186, -22.12271 ], [ -62.812334, -22.126811 ], [ -62.812579, -22.12902 ], [ -62.810893, -22.135022 ], [ -62.80897, -22.138425 ], [ -62.807093, -22.143087 ], [ -62.804457, -22.145454 ], [ -62.801443, -22.148643 ], [ -62.799639, -22.151851 ], [ -62.798231, -22.154207 ], [ -62.797094, -22.158012 ], [ -62.796347, -22.160268 ], [ -62.795706, -22.16221 ], [ -62.794123, -22.164686 ], [ -62.790693, -22.167806 ], [ -62.787565, -22.170061 ], [ -62.784742, -22.168075 ], [ -62.783724, -22.166349 ], [ -62.782632, -22.16212 ], [ -62.780962, -22.158958 ], [ -62.780435, -22.156251 ], [ -62.780054, -22.152879 ], [ -62.77802, -22.152374 ], [ -62.772485, -22.153779 ], [ -62.766835, -22.156129 ], [ -62.76122, -22.159679 ], [ -62.756234, -22.163961 ], [ -62.749737, -22.169401 ], [ -62.745144, -22.1739 ], [ -62.743611, -22.175487 ], [ -62.74123, -22.17794 ], [ -62.739605, -22.180548 ], [ -62.738178, -22.18284 ], [ -62.735687, -22.18796 ], [ -62.733868, -22.19199 ], [ -62.731491, -22.196362 ], [ -62.729961, -22.198151 ], [ -62.727306, -22.199808 ], [ -62.721592, -22.203171 ], [ -62.715076, -22.204953 ], [ -62.712757, -22.205586 ], [ -62.707404, -22.207161 ], [ -62.701186, -22.207823 ], [ -62.697886, -22.20863 ], [ -62.692225, -22.211842 ], [ -62.689772, -22.214886 ], [ -62.688296, -22.216996 ], [ -62.687079, -22.218741 ], [ -62.685679, -22.220933 ], [ -62.680365, -22.231702 ], [ -62.675673, -22.236117 ], [ -62.672411, -22.23862 ], [ -62.670546, -22.240256 ], [ -62.668131, -22.243804 ], [ -62.666369, -22.248525 ], [ -62.664602, -22.251401 ], [ -62.665119, -22.251313 ], [ -62.683069, -22.265857 ], [ -62.7135, -22.277852 ], [ -62.732536, -22.283659 ], [ -62.737622, -22.285302 ], [ -62.737167, -22.289857 ], [ -62.8207, -22.326404 ], [ -62.9368, -22.37662 ], [ -63.010798, -22.425979 ], [ -63.150617, -22.472126 ], [ -63.328097, -22.518798 ], [ -63.499222, -22.564867 ], [ -63.626852, -22.604741 ], [ -63.7742, -22.659119 ], [ -63.969302, -22.74543 ], [ -64.215755, -22.861934 ], [ -64.318326, -22.908349 ], [ -64.412669, -22.950644 ], [ -64.506764, -22.987955 ], [ -64.577333, -23.001698 ], [ -64.685903, -22.98953 ], [ -64.761573, -22.963946 ], [ -64.804496, -22.907529 ], [ -64.833285, -22.846626 ], [ -64.815422, -22.732989 ], [ -64.778811, -22.614853 ], [ -64.751617, -22.501137 ], [ -64.734358, -22.330754 ], [ -64.732828, -22.278708 ], [ -64.756574, -22.177465 ], [ -64.759487, -22.17422 ], [ -64.757282, -22.174447 ], [ -64.754611, -22.17356 ], [ -64.751453, -22.174037 ], [ -64.749133, -22.1754 ], [ -64.747195, -22.176491 ], [ -64.74377, -22.178008 ], [ -64.742083, -22.179557 ], [ -64.741877, -22.181863 ], [ -64.742633, -22.183892 ], [ -64.739566, -22.185538 ], [ -64.737704, -22.186381 ], [ -64.738269, -22.191096 ], [ -64.735621, -22.19267 ], [ -64.732905, -22.192861 ], [ -64.730685, -22.192826 ], [ -64.72835, -22.192794 ], [ -64.72439, -22.193711 ], [ -64.721049, -22.194755 ], [ -64.717852, -22.194133 ], [ -64.71541, -22.193063 ], [ -64.713457, -22.192004 ], [ -64.711069, -22.190991 ], [ -64.709627, -22.18885 ], [ -64.706247, -22.188109 ], [ -64.703775, -22.188933 ], [ -64.701555, -22.188903 ], [ -64.698915, -22.188522 ], [ -64.696092, -22.18773 ], [ -64.693063, -22.188491 ], [ -64.69111, -22.187369 ], [ -64.689088, -22.186826 ], [ -64.687036, -22.18777 ], [ -64.685029, -22.186477 ], [ -64.682145, -22.185922 ], [ -64.680146, -22.185706 ], [ -64.680451, -22.183524 ], [ -64.67775, -22.184217 ], [ -64.675019, -22.184411 ], [ -64.673485, -22.185764 ], [ -64.669961, -22.186069 ], [ -64.668107, -22.187005 ], [ -64.66581, -22.189136 ], [ -64.663872, -22.190772 ], [ -64.661484, -22.191303 ], [ -64.659187, -22.191055 ], [ -64.656868, -22.189044 ], [ -64.654762, -22.186666 ], [ -64.65123, -22.186258 ], [ -64.649193, -22.185626 ], [ -64.646583, -22.187126 ], [ -64.64405, -22.188428 ], [ -64.639846, -22.18968 ], [ -64.63787, -22.190887 ], [ -64.63681, -22.192657 ], [ -64.635154, -22.19672 ], [ -64.632263, -22.197673 ], [ -64.62973, -22.198633 ], [ -64.627692, -22.198404 ], [ -64.625434, -22.19902 ], [ -64.623542, -22.201492 ], [ -64.619414, -22.201263 ], [ -64.61624, -22.201805 ], [ -64.616317, -22.204921 ], [ -64.615554, -22.207094 ], [ -64.614501, -22.209144 ], [ -64.613326, -22.210899 ], [ -64.612265, -22.213383 ], [ -64.610961, -22.214907 ], [ -64.608733, -22.216946 ], [ -64.606566, -22.218092 ], [ -64.604994, -22.219568 ], [ -64.602843, -22.221893 ], [ -64.601355, -22.224979 ], [ -64.600401, -22.227823 ], [ -64.599112, -22.230959 ], [ -64.597487, -22.232313 ], [ -64.597632, -22.234778 ], [ -64.596976, -22.237066 ], [ -64.597769, -22.240748 ], [ -64.595969, -22.241694 ], [ -64.593985, -22.242413 ], [ -64.592398, -22.245026 ], [ -64.58856, -22.245711 ], [ -64.584967, -22.24692 ], [ -64.582357, -22.24791 ], [ -64.579328, -22.24861 ], [ -64.576391, -22.2508 ], [ -64.57385, -22.251912 ], [ -64.571638, -22.254744 ], [ -64.567998, -22.258532 ], [ -64.566358, -22.260157 ], [ -64.563306, -22.257426 ], [ -64.561269, -22.259297 ], [ -64.55927, -22.261374 ], [ -64.556943, -22.262568 ], [ -64.554013, -22.263503 ], [ -64.551175, -22.263799 ], [ -64.548909, -22.265305 ], [ -64.546368, -22.266307 ], [ -64.544545, -22.267302 ], [ -64.54231, -22.26994 ], [ -64.541043, -22.271861 ], [ -64.540082, -22.273707 ], [ -64.538281, -22.276834 ], [ -64.536542, -22.27876 ], [ -64.531476, -22.282031 ], [ -64.529927, -22.284095 ], [ -64.530682, -22.287017 ], [ -64.532803, -22.29276 ], [ -64.533673, -22.294997 ], [ -64.534352, -22.297317 ], [ -64.535405, -22.303176 ], [ -64.536481, -22.305013 ], [ -64.538907, -22.306404 ], [ -64.540395, -22.307784 ], [ -64.541181, -22.309642 ], [ -64.54173, -22.31186 ], [ -64.541974, -22.314056 ], [ -64.542913, -22.315942 ], [ -64.544332, -22.318059 ], [ -64.545781, -22.319976 ], [ -64.54746, -22.32117 ], [ -64.550229, -22.320364 ], [ -64.552831, -22.321693 ], [ -64.555158, -22.321767 ], [ -64.557188, -22.323667 ], [ -64.558584, -22.325508 ], [ -64.561224, -22.327079 ], [ -64.562544, -22.328708 ], [ -64.565092, -22.331104 ], [ -64.565977, -22.333072 ], [ -64.566725, -22.336239 ], [ -64.566687, -22.33836 ], [ -64.564482, -22.340904 ], [ -64.562437, -22.341446 ], [ -64.561292, -22.343263 ], [ -64.562429, -22.345346 ], [ -64.563505, -22.347315 ], [ -64.562361, -22.349075 ], [ -64.560125, -22.350075 ], [ -64.559828, -22.352821 ], [ -64.561712, -22.354401 ], [ -64.56291, -22.356369 ], [ -64.56262, -22.358831 ], [ -64.562078, -22.361233 ], [ -64.563032, -22.363314 ], [ -64.564787, -22.365234 ], [ -64.56671, -22.367842 ], [ -64.565855, -22.370697 ], [ -64.564322, -22.372686 ], [ -64.563437, -22.376076 ], [ -64.561644, -22.37855 ], [ -64.55969, -22.381043 ], [ -64.557875, -22.382332 ], [ -64.555937, -22.383908 ], [ -64.554708, -22.386818 ], [ -64.552656, -22.387873 ], [ -64.550535, -22.389218 ], [ -64.54762, -22.390202 ], [ -64.545751, -22.391093 ], [ -64.544111, -22.393187 ], [ -64.541418, -22.39527 ], [ -64.538938, -22.396088 ], [ -64.536901, -22.396056 ], [ -64.53375, -22.396294 ], [ -64.531766, -22.396836 ], [ -64.529592, -22.397664 ], [ -64.526921, -22.398652 ], [ -64.523991, -22.400326 ], [ -64.523518, -22.402556 ], [ -64.522801, -22.404612 ], [ -64.521451, -22.40763 ], [ -64.519139, -22.409369 ], [ -64.517193, -22.411233 ], [ -64.515202, -22.411946 ], [ -64.513569, -22.413413 ], [ -64.512242, -22.415341 ], [ -64.5117, -22.417855 ], [ -64.512448, -22.42085 ], [ -64.514439, -22.423406 ], [ -64.515805, -22.426181 ], [ -64.516309, -22.429174 ], [ -64.517499, -22.431315 ], [ -64.519132, -22.433063 ], [ -64.521138, -22.434644 ], [ -64.523351, -22.435422 ], [ -64.524106, -22.437726 ], [ -64.523023, -22.439775 ], [ -64.521626, -22.44165 ], [ -64.519681, -22.443681 ], [ -64.515996, -22.445859 ], [ -64.513219, -22.445987 ], [ -64.507397, -22.443546 ], [ -64.504834, -22.442298 ], [ -64.50053, -22.435413 ], [ -64.497379, -22.432033 ], [ -64.495052, -22.431548 ], [ -64.491741, -22.433236 ], [ -64.489979, -22.436795 ], [ -64.48901, -22.439811 ], [ -64.488071, -22.443708 ], [ -64.488178, -22.446021 ], [ -64.488369, -22.448932 ], [ -64.487804, -22.451099 ], [ -64.486103, -22.454753 ], [ -64.483951, -22.45611 ], [ -64.479061, -22.458227 ], [ -64.4771, -22.461044 ], [ -64.475528, -22.463224 ], [ -64.473918, -22.465265 ], [ -64.473415, -22.467434 ], [ -64.474865, -22.469492 ], [ -64.476894, -22.47096 ], [ -64.479564, -22.471758 ], [ -64.480869, -22.473705 ], [ -64.480564, -22.475715 ], [ -64.479023, -22.477671 ], [ -64.473659, -22.479963 ], [ -64.472057, -22.481472 ], [ -64.469905, -22.483316 ], [ -64.468921, -22.485497 ], [ -64.466449, -22.48596 ], [ -64.464168, -22.485739 ], [ -64.462505, -22.487063 ], [ -64.462077, -22.489531 ], [ -64.459796, -22.490969 ], [ -64.456775, -22.491438 ], [ -64.454494, -22.493107 ], [ -64.453448, -22.494944 ], [ -64.453204, -22.497185 ], [ -64.453273, -22.499649 ], [ -64.451884, -22.502619 ], [ -64.450168, -22.503781 ], [ -64.447795, -22.503966 ], [ -64.44501, -22.503859 ], [ -64.442797, -22.504954 ], [ -64.443042, -22.507592 ], [ -64.444529, -22.509596 ], [ -64.446017, -22.511488 ], [ -64.448123, -22.51326 ], [ -64.44807, -22.515559 ], [ -64.445727, -22.516999 ], [ -64.44382, -22.51924 ], [ -64.440982, -22.520566 ], [ -64.438632, -22.521891 ], [ -64.435473, -22.523453 ], [ -64.433383, -22.525315 ], [ -64.431681, -22.528105 ], [ -64.429316, -22.531617 ], [ -64.428187, -22.534573 ], [ -64.424837, -22.537551 ], [ -64.420389, -22.53704 ], [ -64.418604, -22.538068 ], [ -64.417147, -22.540566 ], [ -64.418871, -22.544055 ], [ -64.421328, -22.545875 ], [ -64.422877, -22.551704 ], [ -64.422892, -22.554155 ], [ -64.421328, -22.55684 ], [ -64.417521, -22.55788 ], [ -64.4154, -22.559213 ], [ -64.415362, -22.562419 ], [ -64.416979, -22.565357 ], [ -64.418062, -22.568015 ], [ -64.420527, -22.570941 ], [ -64.422373, -22.57217 ], [ -64.421267, -22.575639 ], [ -64.424815, -22.576379 ], [ -64.425997, -22.578842 ], [ -64.425875, -22.580852 ], [ -64.427119, -22.582569 ], [ -64.425204, -22.584062 ], [ -64.422923, -22.585163 ], [ -64.423296, -22.58797 ], [ -64.425341, -22.590778 ], [ -64.42628, -22.594621 ], [ -64.425669, -22.597376 ], [ -64.427157, -22.598924 ], [ -64.42512, -22.600134 ], [ -64.424822, -22.60214 ], [ -64.424823, -22.604263 ], [ -64.42483, -22.607075 ], [ -64.424655, -22.610575 ], [ -64.424533, -22.613216 ], [ -64.424853, -22.616829 ], [ -64.42702, -22.619234 ], [ -64.429934, -22.621294 ], [ -64.430499, -22.623531 ], [ -64.428523, -22.626061 ], [ -64.428599, -22.628929 ], [ -64.42773, -22.630938 ], [ -64.424952, -22.63014 ], [ -64.422106, -22.629517 ], [ -64.420008, -22.629982 ], [ -64.419146, -22.632336 ], [ -64.419589, -22.634518 ], [ -64.421504, -22.636404 ], [ -64.424472, -22.636515 ], [ -64.426753, -22.635243 ], [ -64.429225, -22.634205 ], [ -64.431079, -22.632538 ], [ -64.43336, -22.632818 ], [ -64.435779, -22.634079 ], [ -64.435786, -22.636374 ], [ -64.431941, -22.640574 ], [ -64.433757, -22.641722 ], [ -64.433795, -22.645556 ], [ -64.432178, -22.647547 ], [ -64.428966, -22.648913 ], [ -64.42538, -22.650511 ], [ -64.422206, -22.651408 ], [ -64.41907, -22.652073 ], [ -64.414996, -22.653458 ], [ -64.412463, -22.655245 ], [ -64.414347, -22.656979 ], [ -64.414988, -22.659108 ], [ -64.416133, -22.661725 ], [ -64.417918, -22.665442 ], [ -64.418353, -22.671883 ], [ -64.417582, -22.674517 ], [ -64.415332, -22.676936 ], [ -64.411853, -22.678162 ], [ -64.407198, -22.679034 ], [ -64.403452, -22.679572 ], [ -64.399958, -22.679927 ], [ -64.3977, -22.681283 ], [ -64.39419, -22.681428 ], [ -64.392511, -22.683099 ], [ -64.391962, -22.686421 ], [ -64.392572, -22.688855 ], [ -64.39406, -22.691718 ], [ -64.395556, -22.693669 ], [ -64.395991, -22.695792 ], [ -64.395441, -22.698888 ], [ -64.39564, -22.70193 ], [ -64.394594, -22.704972 ], [ -64.393862, -22.707958 ], [ -64.391939, -22.709283 ], [ -64.389467, -22.709459 ], [ -64.39065, -22.711465 ], [ -64.393191, -22.712266 ], [ -64.395167, -22.712776 ], [ -64.396838, -22.714496 ], [ -64.397837, -22.716558 ], [ -64.395617, -22.718456 ], [ -64.393206, -22.718576 ], [ -64.391161, -22.718408 ], [ -64.388384, -22.719621 ], [ -64.386339, -22.720653 ], [ -64.383188, -22.7198 ], [ -64.381388, -22.718774 ], [ -64.378481, -22.718551 ], [ -64.375948, -22.718212 ], [ -64.374277, -22.720048 ], [ -64.372606, -22.721485 ], [ -64.370386, -22.721721 ], [ -64.368532, -22.722698 ], [ -64.368478, -22.725223 ], [ -64.366121, -22.724998 ], [ -64.364206, -22.724199 ], [ -64.361421, -22.723112 ], [ -64.359002, -22.721799 ], [ -64.356164, -22.722776 ], [ -64.35505, -22.724443 ], [ -64.353326, -22.726227 ], [ -64.352029, -22.727949 ], [ -64.350427, -22.730192 ], [ -64.348695, -22.732717 ], [ -64.347092, -22.734098 ], [ -64.350366, -22.739927 ], [ -64.347428, -22.742914 ], [ -64.345376, -22.74777 ], [ -64.34414, -22.75119 ], [ -64.341111, -22.755549 ], [ -64.339432, -22.757864 ], [ -64.338715, -22.759993 ], [ -64.336945, -22.76314 ], [ -64.336129, -22.7661 ], [ -64.336152, -22.768772 ], [ -64.336495, -22.771536 ], [ -64.33738, -22.775307 ], [ -64.339379, -22.784413 ], [ -64.339082, -22.786723 ], [ -64.338372, -22.790602 ], [ -64.338509, -22.793549 ], [ -64.338334, -22.797148 ], [ -64.338303, -22.799298 ], [ -64.337541, -22.80263 ], [ -64.336243, -22.80581 ], [ -64.334199, -22.808284 ], [ -64.327279, -22.808261 ], [ -64.326386, -22.810222 ], [ -64.325707, -22.812747 ], [ -64.324975, -22.815276 ], [ -64.324608, -22.817969 ], [ -64.323929, -22.820554 ], [ -64.323685, -22.823539 ], [ -64.324555, -22.825545 ], [ -64.326234, -22.827436 ], [ -64.327599, -22.828927 ], [ -64.328904, -22.830587 ], [ -64.328782, -22.83294 ], [ -64.335137, -22.833388 ], [ -64.338327, -22.836585 ], [ -64.338464, -22.839837 ], [ -64.337846, -22.843902 ], [ -64.337312, -22.84699 ], [ -64.337358, -22.84996 ], [ -64.337274, -22.853002 ], [ -64.337968, -22.855876 ], [ -64.339349, -22.857381 ], [ -64.342477, -22.857734 ], [ -64.346109, -22.858331 ], [ -64.347887, -22.860546 ], [ -64.348383, -22.864112 ], [ -64.348238, -22.867715 ], [ -64.346132, -22.869995 ], [ -64.344377, -22.872028 ], [ -64.341958, -22.872654 ], [ -64.33835, -22.872102 ], [ -64.33574, -22.873712 ], [ -64.335817, -22.877468 ], [ -64.336351, -22.879844 ], [ -64.33574, -22.882221 ], [ -64.336816, -22.884138 ], [ -64.337198, -22.886515 ], [ -64.337037, -22.888784 ], [ -64.334863, -22.890545 ], [ -64.335054, -22.895115 ], [ -64.336, -22.897301 ], [ -64.337388, -22.898842 ], [ -64.341287, -22.899862 ], [ -64.343485, -22.902113 ], [ -64.344598, -22.904375 ], [ -64.341638, -22.907425 ], [ -64.338563, -22.910795 ], [ -64.336641, -22.912382 ], [ -64.332773, -22.912907 ], [ -64.329385, -22.910967 ], [ -64.326486, -22.909434 ], [ -64.324349, -22.907614 ], [ -64.320718, -22.902399 ], [ -64.320321, -22.897766 ], [ -64.319695, -22.895638 ], [ -64.319031, -22.892612 ], [ -64.318879, -22.888559 ], [ -64.308266, -22.885462 ], [ -64.305062, -22.884525 ], [ -64.3032, -22.882919 ], [ -64.301643, -22.880283 ], [ -64.301575, -22.877182 ], [ -64.301575, -22.874885 ], [ -64.301933, -22.871384 ], [ -64.303543, -22.868566 ], [ -64.3041, -22.866499 ], [ -64.305519, -22.864488 ], [ -64.302734, -22.864263 ], [ -64.300499, -22.864782 ], [ -64.297401, -22.863928 ], [ -64.295296, -22.863357 ], [ -64.293747, -22.86198 ], [ -64.291824, -22.861124 ], [ -64.291382, -22.857792 ], [ -64.291122, -22.854292 ], [ -64.296806, -22.853708 ], [ -64.297645, -22.851217 ], [ -64.299026, -22.848236 ], [ -64.300247, -22.845607 ], [ -64.300491, -22.842979 ], [ -64.297615, -22.840478 ], [ -64.295021, -22.83974 ], [ -64.291748, -22.838508 ], [ -64.289688, -22.837852 ], [ -64.287048, -22.836027 ], [ -64.286109, -22.832298 ], [ -64.285209, -22.830327 ], [ -64.284621, -22.828016 ], [ -64.284415, -22.825675 ], [ -64.283286, -22.819932 ], [ -64.282981, -22.817159 ], [ -64.285941, -22.81281 ], [ -64.281692, -22.812307 ], [ -64.282386, -22.810208 ], [ -64.284484, -22.806188 ], [ -64.28572, -22.803947 ], [ -64.286521, -22.801936 ], [ -64.287261, -22.799064 ], [ -64.288177, -22.796431 ], [ -64.290077, -22.795392 ], [ -64.288787, -22.792996 ], [ -64.287574, -22.788672 ], [ -64.286452, -22.785151 ], [ -64.2853, -22.783026 ], [ -64.284606, -22.780043 ], [ -64.283713, -22.777882 ], [ -64.283187, -22.774304 ], [ -64.281653, -22.770447 ], [ -64.278388, -22.769967 ], [ -64.275305, -22.77122 ], [ -64.270415, -22.771043 ], [ -64.267454, -22.76797 ], [ -64.265906, -22.76377 ], [ -64.260214, -22.763772 ], [ -64.260672, -22.759198 ], [ -64.268805, -22.7594 ], [ -64.270651, -22.756409 ], [ -64.271994, -22.754887 ], [ -64.27294, -22.752648 ], [ -64.274016, -22.750946 ], [ -64.271849, -22.748972 ], [ -64.267302, -22.74713 ], [ -64.268721, -22.743511 ], [ -64.267294, -22.741446 ], [ -64.264814, -22.740015 ], [ -64.262899, -22.738755 ], [ -64.259985, -22.736691 ], [ -64.259298, -22.734684 ], [ -64.258596, -22.730667 ], [ -64.263266, -22.730293 ], [ -64.264425, -22.726854 ], [ -64.264677, -22.724835 ], [ -64.265799, -22.720373 ], [ -64.267271, -22.717157 ], [ -64.270056, -22.715971 ], [ -64.273192, -22.714081 ], [ -64.275259, -22.712452 ], [ -64.276541, -22.71084 ], [ -64.277708, -22.707475 ], [ -64.276518, -22.705093 ], [ -64.274847, -22.702745 ], [ -64.272833, -22.700659 ], [ -64.271055, -22.698433 ], [ -64.270163, -22.694887 ], [ -64.270048, -22.690378 ], [ -64.269361, -22.684785 ], [ -64.258817, -22.684877 ], [ -64.257619, -22.682724 ], [ -64.256933, -22.680315 ], [ -64.256376, -22.677442 ], [ -64.254819, -22.670612 ], [ -64.255742, -22.668085 ], [ -64.255674, -22.664926 ], [ -64.255674, -22.662456 ], [ -64.256292, -22.660505 ], [ -64.258268, -22.659068 ], [ -64.261358, -22.656995 ], [ -64.261289, -22.652747 ], [ -64.260358, -22.650741 ], [ -64.258375, -22.647672 ], [ -64.262746, -22.647168 ], [ -64.257818, -22.633426 ], [ -64.257444, -22.62827 ], [ -64.256124, -22.625336 ], [ -64.253469, -22.623135 ], [ -64.250142, -22.618016 ], [ -64.251203, -22.612824 ], [ -64.251203, -22.610726 ], [ -64.248868, -22.608351 ], [ -64.246289, -22.607234 ], [ -64.243672, -22.605506 ], [ -64.236599, -22.605561 ], [ -64.237347, -22.603167 ], [ -64.237652, -22.599721 ], [ -64.23827, -22.597251 ], [ -64.239323, -22.594552 ], [ -64.240117, -22.592139 ], [ -64.240857, -22.588522 ], [ -64.240674, -22.586338 ], [ -64.240048, -22.583639 ], [ -64.23869, -22.581347 ], [ -64.237858, -22.57852 ], [ -64.251096, -22.577004 ], [ -64.250294, -22.569641 ], [ -64.247769, -22.560087 ], [ -64.247334, -22.556686 ], [ -64.246022, -22.552055 ], [ -64.240856, -22.549873 ], [ -64.232456, -22.546133 ], [ -64.230068, -22.542503 ], [ -64.229236, -22.537214 ], [ -64.227062, -22.535587 ], [ -64.224659, -22.532768 ], [ -64.212734, -22.533604 ], [ -64.210261, -22.532451 ], [ -64.208469, -22.531481 ], [ -64.206294, -22.53022 ], [ -64.204448, -22.528955 ], [ -64.202403, -22.52689 ], [ -64.202586, -22.523792 ], [ -64.203631, -22.520633 ], [ -64.204249, -22.518335 ], [ -64.204554, -22.516325 ], [ -64.204554, -22.51304 ], [ -64.207957, -22.512325 ], [ -64.208331, -22.508806 ], [ -64.203608, -22.498651 ], [ -64.202815, -22.495429 ], [ -64.199015, -22.494586 ], [ -64.196803, -22.494842 ], [ -64.192049, -22.494377 ], [ -64.190249, -22.493328 ], [ -64.188906, -22.491121 ], [ -64.186663, -22.48219 ], [ -64.186228, -22.479047 ], [ -64.183359, -22.476417 ], [ -64.180712, -22.475883 ], [ -64.17412, -22.474677 ], [ -64.166086, -22.47449 ], [ -64.163743, -22.474263 ], [ -64.16121, -22.473403 ], [ -64.157868, -22.471223 ], [ -64.156449, -22.468642 ], [ -64.156816, -22.465999 ], [ -64.157624, -22.463817 ], [ -64.156999, -22.460544 ], [ -64.156442, -22.457961 ], [ -64.155023, -22.456184 ], [ -64.152856, -22.454862 ], [ -64.149773, -22.453603 ], [ -64.147545, -22.451993 ], [ -64.146172, -22.449899 ], [ -64.145691, -22.447459 ], [ -64.145867, -22.443988 ], [ -64.161103, -22.4427 ], [ -64.160386, -22.436354 ], [ -64.15664, -22.432206 ], [ -64.15471, -22.431254 ], [ -64.151589, -22.427794 ], [ -64.14956, -22.425544 ], [ -64.152238, -22.423249 ], [ -64.155335, -22.420586 ], [ -64.149834, -22.410502 ], [ -64.148949, -22.407795 ], [ -64.146256, -22.403983 ], [ -64.14505, -22.401612 ], [ -64.144074, -22.39843 ], [ -64.116569, -22.409756 ], [ -64.114547, -22.409341 ], [ -64.110717, -22.407334 ], [ -64.109481, -22.404977 ], [ -64.110038, -22.402396 ], [ -64.112258, -22.399636 ], [ -64.112876, -22.397397 ], [ -64.113494, -22.394413 ], [ -64.113677, -22.39206 ], [ -64.113677, -22.389071 ], [ -64.113059, -22.386198 ], [ -64.111022, -22.38494 ], [ -64.108733, -22.384884 ], [ -64.106635, -22.384478 ], [ -64.104293, -22.382012 ], [ -64.103225, -22.379298 ], [ -64.108222, -22.365389 ], [ -64.105101, -22.360155 ], [ -64.101096, -22.355049 ], [ -64.090651, -22.341738 ], [ -64.086645, -22.336632 ], [ -64.088392, -22.331323 ], [ -64.09442, -22.32979 ], [ -64.091879, -22.328209 ], [ -64.09046, -22.326713 ], [ -64.090826, -22.324188 ], [ -64.091139, -22.321663 ], [ -64.08959, -22.319713 ], [ -64.087858, -22.318618 ], [ -64.086141, -22.317209 ], [ -64.085974, -22.315101 ], [ -64.088606, -22.313566 ], [ -64.090452, -22.312706 ], [ -64.089903, -22.310464 ], [ -64.087492, -22.30886 ], [ -64.08589, -22.310236 ], [ -64.084097, -22.308111 ], [ -64.082433, -22.306276 ], [ -64.082891, -22.302564 ], [ -64.096312, -22.301298 ], [ -64.096747, -22.296472 ], [ -64.095907, -22.292197 ], [ -64.09075, -22.283191 ], [ -64.088247, -22.277314 ], [ -64.085744, -22.27144 ], [ -64.083227, -22.261809 ], [ -64.08048, -22.256039 ], [ -64.077787, -22.250241 ], [ -64.076528, -22.248566 ], [ -64.076352, -22.246241 ], [ -64.074857, -22.244509 ], [ -64.062978, -22.248118 ], [ -64.062077, -22.245808 ], [ -64.060597, -22.244374 ], [ -64.060048, -22.241099 ], [ -64.059056, -22.237824 ], [ -64.057637, -22.236388 ], [ -64.055485, -22.236506 ], [ -64.052952, -22.23725 ], [ -64.051968, -22.23903 ], [ -64.051037, -22.241271 ], [ -64.049, -22.242358 ], [ -64.046719, -22.24207 ], [ -64.043758, -22.241553 ], [ -64.040737, -22.242759 ], [ -64.037327, -22.243323 ], [ -64.034618, -22.244559 ], [ -64.027561, -22.23951 ], [ -64.025684, -22.23363 ], [ -64.023753, -22.22757 ], [ -64.022922, -22.224951 ], [ -64.024997, -22.221926 ], [ -64.026546, -22.219674 ], [ -64.021983, -22.206542 ], [ -64.02428, -22.200964 ], [ -64.025012, -22.198986 ], [ -64.023601, -22.194939 ], [ -64.026042, -22.193995 ], [ -64.024043, -22.189009 ], [ -64.020877, -22.185871 ], [ -64.026424, -22.181578 ], [ -64.029979, -22.173225 ], [ -64.027774, -22.170061 ], [ -64.024081, -22.164757 ], [ -64.019145, -22.160561 ], [ -64.016894, -22.159414 ], [ -64.010676, -22.156975 ], [ -64.010043, -22.152939 ], [ -64.007449, -22.148922 ], [ -64.007029, -22.146532 ], [ -64.005511, -22.142387 ], [ -64.004687, -22.139999 ], [ -64.004534, -22.137607 ], [ -64.002901, -22.13573 ], [ -63.993589, -22.136719 ], [ -63.992887, -22.134666 ], [ -63.99159, -22.132831 ], [ -63.989492, -22.132601 ], [ -63.9895, -22.130415 ], [ -63.990976, -22.12898 ], [ -63.992456, -22.127491 ], [ -63.993017, -22.125482 ], [ -63.992582, -22.123354 ], [ -63.991167, -22.121574 ], [ -63.989137, -22.121 ], [ -63.987409, -22.119331 ], [ -63.985254, -22.117895 ], [ -63.984701, -22.115713 ], [ -63.985937, -22.113817 ], [ -63.988096, -22.113304 ], [ -63.988649, -22.111295 ], [ -63.988161, -22.109338 ], [ -63.990377, -22.108482 ], [ -63.992162, -22.110204 ], [ -63.994074, -22.108657 ], [ -63.993398, -22.105438 ], [ -63.990381, -22.104635 ], [ -63.987665, -22.10601 ], [ -63.984838, -22.108743 ], [ -63.98013, -22.101184 ], [ -63.980123, -22.095338 ], [ -63.978101, -22.094425 ], [ -63.973786, -22.094148 ], [ -63.971581, -22.093993 ], [ -63.967305, -22.094203 ], [ -63.964173, -22.093906 ], [ -63.958203, -22.090036 ], [ -63.955601, -22.084132 ], [ -63.95419, -22.078538 ], [ -63.95406, -22.076335 ], [ -63.952984, -22.071063 ], [ -63.95258, -22.068542 ], [ -63.954491, -22.066995 ], [ -63.956154, -22.065618 ], [ -63.95591, -22.063491 ], [ -63.953941, -22.062171 ], [ -63.95166, -22.061019 ], [ -63.94994, -22.059869 ], [ -63.948925, -22.057929 ], [ -63.950741, -22.054816 ], [ -63.949451, -22.052861 ], [ -63.946438, -22.052571 ], [ -63.945022, -22.050963 ], [ -63.946499, -22.049414 ], [ -63.948841, -22.048499 ], [ -63.948658, -22.046372 ], [ -63.946934, -22.045222 ], [ -63.945125, -22.042916 ], [ -63.959782, -22.041579 ], [ -63.958244, -22.034384 ], [ -63.954697, -22.028039 ], [ -63.948391, -22.025895 ], [ -63.948837, -22.021092 ], [ -63.945995, -22.019221 ], [ -63.947166, -22.013169 ], [ -63.948299, -22.007761 ], [ -63.946704, -22.004231 ], [ -63.943267, -22.001875 ], [ -63.934123, -21.999518 ], [ -63.92731, -21.999827 ], [ -63.707702, -21.999437 ], [ -63.705738, -22.001075 ], [ -63.702606, -22.001996 ], [ -63.700267, -22.004463 ], [ -63.698963, -22.006437 ], [ -63.696369, -22.007982 ], [ -63.695031, -22.009349 ], [ -63.693933, -22.010776 ], [ -63.693551, -22.012092 ], [ -63.691968, -22.012483 ], [ -63.690196, -22.014154 ], [ -63.689086, -22.014371 ], [ -63.688682, -22.01445 ], [ -63.686759, -22.013347 ], [ -63.686144, -22.012374 ], [ -63.685423, -22.012144 ], [ -63.684834, -22.011955 ], [ -63.68438, -22.011772 ], [ -63.683661, -22.011482 ], [ -63.683516, -22.011482 ], [ -63.68241, -22.011486 ], [ -63.681096, -22.011871 ], [ -63.679967, -22.012888 ], [ -63.679837, -22.014034 ], [ -63.679826, -22.015588 ], [ -63.679936, -22.016437 ], [ -63.679669, -22.019317 ], [ -63.67928, -22.020973 ], [ -63.679343, -22.022119 ], [ -63.679078, -22.023439 ], [ -63.678572, -22.024984 ], [ -63.678029, -22.025975 ], [ -63.677882, -22.026243 ], [ -63.677724, -22.026481 ], [ -63.676678, -22.028063 ], [ -63.676169, -22.028976 ], [ -63.675721, -22.030289 ], [ -63.675963, -22.032247 ], [ -63.676044, -22.032463 ], [ -63.676699, -22.034213 ], [ -63.677305, -22.035519 ], [ -63.678107, -22.03725 ], [ -63.678627, -22.039648 ], [ -63.678643, -22.039723 ], [ -63.678654, -22.039785 ], [ -63.678941, -22.041382 ], [ -63.679618, -22.043295 ], [ -63.679599, -22.045118 ], [ -63.679276, -22.046619 ], [ -63.678653, -22.047867 ], [ -63.678456, -22.049295 ], [ -63.67847, -22.049721 ], [ -63.678502, -22.05074 ], [ -63.678075, -22.051559 ], [ -63.677936, -22.051826 ], [ -63.677631, -22.052115 ], [ -63.676932, -22.052778 ], [ -63.675306, -22.053011 ], [ -63.673951, -22.051211 ], [ -63.673382, -22.049566 ], [ -63.673156, -22.04891 ], [ -63.673111, -22.048773 ], [ -63.672428, -22.046675 ], [ -63.672448, -22.044317 ], [ -63.672454, -22.043749 ], [ -63.672371, -22.043255 ], [ -63.672214, -22.042314 ], [ -63.671972, -22.040648 ], [ -63.671914, -22.040247 ], [ -63.671851, -22.040064 ], [ -63.671305, -22.038461 ], [ -63.670879, -22.036449 ], [ -63.67053, -22.034383 ], [ -63.669889, -22.032716 ], [ -63.669667, -22.032137 ], [ -63.668742, -22.030985 ], [ -63.667883, -22.029886 ], [ -63.666857, -22.029426 ], [ -63.666331, -22.029189 ], [ -63.665724, -22.028454 ], [ -63.665708, -22.028433 ], [ -63.664788, -22.026532 ], [ -63.66381, -22.024522 ], [ -63.663455, -22.022277 ], [ -63.663391, -22.021877 ], [ -63.663722, -22.02017 ], [ -63.663053, -22.01787 ], [ -63.662242, -22.015538 ], [ -63.662131, -22.015218 ], [ -63.661821, -22.014397 ], [ -63.661042, -22.012333 ], [ -63.658301, -22.003837 ], [ -63.657458, -22.00063 ], [ -63.657328, -22.000133 ], [ -63.131504, -21.99951 ], [ -63.089206, -21.999462 ], [ -63.08475, -21.99942 ], [ -63.073466, -21.999317 ], [ -63.000832, -21.999316 ], [ -62.997162, -21.999392 ], [ -62.990383, -21.999396 ], [ -62.972709, -21.999404 ], [ -62.96593, -21.999405 ], [ -62.959151, -21.999409 ] ] ] ] } },
{ "type": "Feature", "properties": { "cuenca": "PENINSULA VALDÉS", "ubicacion": "OFFSHORE", "tipo": "No Productiva", "origen_geo": "no_productiva", "cuenca_norm": "PENINSULA VALDES", "cuenca_join_key": "PENINSULA VALDES" }, "geometry": { "type": "Polygon", "coordinates": [ [ [ -61.60655, -42.216588 ], [ -61.770293, -42.143112 ], [ -61.877893, -42.072263 ], [ -61.984338, -42.058863 ], [ -62.119498, -42.05998 ], [ -62.24484, -42.075264 ], [ -62.36015, -42.133528 ], [ -62.456507, -42.170001 ], [ -62.533989, -42.155952 ], [ -62.621491, -42.077124 ], [ -62.689098, -42.077327 ], [ -62.756513, -42.127858 ], [ -62.833747, -42.163973 ], [ -62.911119, -42.164059 ], [ -62.988498, -42.128116 ], [ -63.104419, -42.084897 ], [ -63.191247, -42.048807 ], [ -63.297306, -42.0198 ], [ -63.39349, -41.969142 ], [ -63.460412, -41.889741 ], [ -63.508162, -41.83917 ], [ -63.565261, -41.766946 ], [ -63.622372, -41.709084 ], [ -63.679229, -41.636803 ], [ -63.764872, -41.578697 ], [ -63.840602, -41.506208 ], [ -63.906501, -41.426551 ], [ -63.972563, -41.368442 ], [ -64.067017, -41.302839 ], [ -64.16141, -41.244355 ], [ -64.265157, -41.185691 ], [ -64.330658, -41.127382 ], [ -64.452606, -41.046749 ], [ -64.565616, -41.00209 ], [ -64.744893, -40.956337 ], [ -64.915678, -40.953625 ], [ -65.039672, -40.973086 ], [ -65.179838, -41.012573 ], [ -65.300362, -41.097704 ], [ -65.379783, -41.189635 ], [ -65.432708, -41.332441 ], [ -65.435927, -41.418719 ], [ -65.440781, -41.548133 ], [ -65.405702, -41.635216 ], [ -65.295292, -41.766989 ], [ -65.173106, -41.848514 ], [ -65.075853, -41.941856 ], [ -64.889012, -42.004639 ], [ -64.765649, -42.078555 ], [ -64.68009, -42.130205 ], [ -64.681484, -42.221675 ], [ -64.747394, -42.216486 ], [ -64.889407, -42.342794 ], [ -64.95726, -42.341656 ], [ -65.07499, -42.382753 ], [ -65.194376, -42.466863 ], [ -65.234498, -42.50206 ], [ -65.269377, -42.659649 ], [ -65.214767, -42.768632 ], [ -65.111339, -42.885692 ], [ -64.99517, -42.923747 ], [ -64.809689, -42.941218 ], [ -64.699095, -42.903161 ], [ -64.581959, -42.928429 ], [ -64.409468, -43.031649 ], [ -64.354974, -43.011235 ], [ -64.255945, -43.157264 ], [ -64.129417, -43.223328 ], [ -64.061192, -43.259951 ], [ -63.964138, -43.347136 ], [ -63.866191, -43.391083 ], [ -63.738315, -43.420755 ], [ -63.600155, -43.421563 ], [ -63.496984, -43.364283 ], [ -63.407704, -43.283706 ], [ -63.340922, -43.227272 ], [ -63.285414, -43.191004 ], [ -63.224608, -43.199233 ], [ -63.197095, -43.243796 ], [ -63.169587, -43.304539 ], [ -63.081047, -43.389614 ], [ -63.025568, -43.405825 ], [ -62.92009, -43.426033 ], [ -62.747712, -43.490526 ], [ -62.614172, -43.514432 ], [ -62.419075, -43.56621 ], [ -62.32439, -43.573782 ], [ -62.246227, -43.593525 ], [ -62.162726, -43.592944 ], [ -62.090544, -43.580254 ], [ -62.040906, -43.551524 ], [ -61.997076, -43.510684 ], [ -61.936923, -43.453491 ], [ -61.915504, -43.408779 ], [ -61.88835, -43.376146 ], [ -61.872535, -43.33148 ], [ -61.873432, -43.282931 ], [ -61.874103, -43.246518 ], [ -61.913636, -43.202388 ], [ -61.941849, -43.17028 ], [ -62.009489, -43.089953 ], [ -62.049135, -43.025542 ], [ -62.077739, -42.956981 ], [ -62.078885, -42.880101 ], [ -62.091076, -42.799261 ], [ -62.092022, -42.734518 ], [ -62.065488, -42.6736 ], [ -62.028425, -42.588305 ], [ -61.931306, -42.502452 ], [ -61.8772, -42.469558 ], [ -61.746919, -42.42369 ], [ -61.603899, -42.452375 ], [ -61.60655, -42.216588 ] ] ] } },
{ "type": "Feature", "properties": { "cuenca": "RAWSON", "ubicacion": "OFFSHORE", "tipo": "No Productiva", "origen_geo": "no_productiva", "cuenca_norm": "RAWSON", "cuenca_join_key": "RAWSON" }, "geometry": { "type": "Polygon", "coordinates": [ [ [ -61.60655, -42.216588 ], [ -61.549062, -42.215987 ], [ -61.477931, -42.198357 ], [ -61.408521, -42.160217 ], [ -61.376575, -42.100168 ], [ -61.352035, -42.041144 ], [ -61.30894, -41.990247 ], [ -61.245987, -41.952112 ], [ -61.173038, -41.92497 ], [ -61.140649, -41.895601 ], [ -61.111679, -41.829016 ], [ -61.083993, -41.762445 ], [ -61.045174, -41.703142 ], [ -60.964923, -41.643162 ], [ -60.891123, -41.619567 ], [ -60.79471, -41.619751 ], [ -60.734324, -41.639148 ], [ -60.62852, -41.740543 ], [ -60.585265, -41.828181 ], [ -60.571586, -41.907073 ], [ -60.553192, -41.979353 ], [ -60.527192, -42.05706 ], [ -60.501863, -42.113345 ], [ -60.456984, -42.164561 ], [ -60.389422, -42.22737 ], [ -60.335802, -42.309068 ], [ -60.298315, -42.416236 ], [ -60.324319, -42.509944 ], [ -60.3285, -42.592921 ], [ -60.320286, -42.675613 ], [ -60.306172, -42.749784 ], [ -60.306135, -42.843834 ], [ -60.296854, -42.919975 ], [ -60.281677, -42.986667 ], [ -60.25278, -43.052109 ], [ -60.159444, -43.103886 ], [ -60.044445, -43.133621 ], [ -59.911815, -43.1637 ], [ -59.883369, -43.209486 ], [ -59.888736, -43.280379 ], [ -59.909395, -43.346101 ], [ -59.920013, -43.386411 ], [ -59.921587, -43.432071 ], [ -59.925149, -43.488961 ], [ -59.911825, -43.530492 ], [ -59.891747, -43.581157 ], [ -59.861049, -43.616632 ], [ -59.80737, -43.657052 ], [ -59.790307, -43.670536 ], [ -59.715743, -43.698228 ], [ -59.70383, -43.709058 ], [ -59.723863, -43.947389 ], [ -59.767732, -43.938002 ], [ -59.86211, -43.949936 ], [ -59.953684, -43.994291 ], [ -60.037072, -44.053272 ], [ -60.128868, -44.181303 ], [ -60.164615, -44.289269 ], [ -60.160254, -44.411125 ], [ -60.163415, -44.508037 ], [ -60.178522, -44.595925 ], [ -60.246494, -44.706533 ], [ -60.360345, -44.714838 ], [ -60.463408, -44.706022 ], [ -60.463766, -44.605464 ], [ -60.44363, -44.505375 ], [ -60.487593, -44.462594 ], [ -60.588412, -44.49923 ], [ -60.674198, -44.597874 ], [ -60.763901, -44.667666 ], [ -60.83924, -44.641185 ], [ -60.905942, -44.565137 ], [ -60.957802, -44.507407 ], [ -61.00509, -44.469134 ], [ -61.123288, -44.407807 ], [ -61.237748, -44.37983 ], [ -61.375135, -44.350195 ], [ -61.516436, -44.366098 ], [ -61.609061, -44.392417 ], [ -61.692721, -44.424155 ], [ -61.78005, -44.469847 ], [ -61.868876, -44.510843 ], [ -61.913683, -44.511278 ], [ -61.96254, -44.49683 ], [ -62.012992, -44.460934 ], [ -62.059792, -44.407285 ], [ -62.105155, -44.359193 ], [ -62.121236, -44.298738 ], [ -62.115777, -44.227875 ], [ -62.097616, -44.154112 ], [ -62.070688, -44.073745 ], [ -62.046179, -44.008313 ], [ -61.996373, -43.940801 ], [ -61.917796, -43.858094 ], [ -61.812934, -43.772276 ], [ -61.716637, -43.717216 ], [ -61.571574, -43.649383 ], [ -61.481863, -43.59981 ], [ -61.37975, -43.549059 ], [ -61.324911, -43.475625 ], [ -61.341701, -43.405981 ], [ -61.372101, -43.343053 ], [ -61.382, -43.241637 ], [ -61.3799, -43.170802 ], [ -61.375278, -43.100857 ], [ -61.34899, -42.997071 ], [ -61.325655, -42.876565 ], [ -61.302142, -42.766293 ], [ -61.315755, -42.663065 ], [ -61.339699, -42.593516 ], [ -61.386662, -42.543836 ], [ -61.479121, -42.504952 ], [ -61.603899, -42.452375 ], [ -61.60655, -42.216588 ] ] ] } },
{ "type": "Feature", "properties": { "cuenca": "SAN JULIAN", "ubicacion": "OFFSHORE", "tipo": "No Productiva", "origen_geo": "no_productiva", "cuenca_norm": "SAN JULIAN", "cuenca_join_key": "SAN JULIAN" }, "geometry": { "type": "Polygon", "coordinates": [ [ [ -65.412365, -48.387572 ], [ -65.411072, -48.409338 ], [ -65.408999, -48.426506 ], [ -65.404565, -48.433344 ], [ -65.394882, -48.444141 ], [ -65.372997, -48.4617 ], [ -65.362457, -48.471914 ], [ -65.356288, -48.478732 ], [ -65.347474, -48.488962 ], [ -65.329988, -48.500821 ], [ -65.313355, -48.512691 ], [ -65.290693, -48.525074 ], [ -65.272398, -48.533473 ], [ -65.252266, -48.547017 ], [ -65.243476, -48.554375 ], [ -65.223368, -48.566196 ], [ -65.187003, -48.572104 ], [ -65.170615, -48.5725 ], [ -65.155958, -48.57233 ], [ -65.127506, -48.57201 ], [ -65.094742, -48.571622 ], [ -65.064575, -48.571263 ], [ -65.036137, -48.57092 ], [ -65.007779, -48.567128 ], [ -64.981071, -48.566786 ], [ -64.955272, -48.564165 ], [ -64.919189, -48.559677 ], [ -64.902088, -48.555442 ], [ -64.850596, -48.547859 ], [ -64.835132, -48.546493 ], [ -64.813659, -48.543897 ], [ -64.787961, -48.538943 ], [ -64.761324, -48.536836 ], [ -64.748419, -48.536075 ], [ -64.728731, -48.532343 ], [ -64.705591, -48.528561 ], [ -64.67921, -48.518989 ], [ -64.664773, -48.513029 ], [ -64.63683, -48.499409 ], [ -64.606254, -48.488037 ], [ -64.593486, -48.483825 ], [ -64.579177, -48.474998 ], [ -64.553002, -48.461388 ], [ -64.536083, -48.453656 ], [ -64.508334, -48.436571 ], [ -64.496652, -48.427205 ], [ -64.484975, -48.417841 ], [ -64.463355, -48.399129 ], [ -64.458504, -48.39102 ], [ -64.442009, -48.373543 ], [ -64.424686, -48.35548 ], [ -64.404858, -48.335646 ], [ -64.391709, -48.321084 ], [ -64.384321, -48.31293 ], [ -64.359551, -48.28898 ], [ -64.347238, -48.275576 ], [ -64.329146, -48.256905 ], [ -64.322556, -48.250483 ], [ -64.306995, -48.232998 ], [ -64.292876, -48.222419 ], [ -64.273785, -48.208301 ], [ -64.253836, -48.194167 ], [ -64.230428, -48.181109 ], [ -64.211935, -48.173306 ], [ -64.186615, -48.165355 ], [ -64.162108, -48.158563 ], [ -64.14167, -48.156434 ], [ -64.117923, -48.151946 ], [ -64.087265, -48.149021 ], [ -64.073598, -48.14874 ], [ -64.054602, -48.152356 ], [ -64.032041, -48.159328 ], [ -64.011015, -48.169781 ], [ -64.003021, -48.175908 ], [ -63.992247, -48.186569 ], [ -63.984888, -48.197294 ], [ -63.982321, -48.21501 ], [ -63.981877, -48.22417 ], [ -63.986938, -48.243768 ], [ -63.993189, -48.256502 ], [ -64.001171, -48.268709 ], [ -64.018396, -48.285119 ], [ -64.032454, -48.296303 ], [ -64.04972, -48.312141 ], [ -64.056976, -48.322039 ], [ -64.073951, -48.344738 ], [ -64.082809, -48.357529 ], [ -64.098474, -48.371603 ], [ -64.11069, -48.386176 ], [ -64.136403, -48.406758 ], [ -64.154363, -48.427753 ], [ -64.1625, -48.438225 ], [ -64.177994, -48.457447 ], [ -64.188534, -48.471975 ], [ -64.198201, -48.487064 ], [ -64.213374, -48.513727 ], [ -64.220523, -48.527613 ], [ -64.224455, -48.53629 ], [ -64.23143, -48.554183 ], [ -64.237395, -48.5755 ], [ -64.241028, -48.591041 ], [ -64.241404, -48.602517 ], [ -64.240426, -48.624839 ], [ -64.236252, -48.641376 ], [ -64.23156, -48.649884 ], [ -64.225028, -48.661222 ], [ -64.210609, -48.674697 ], [ -64.193661, -48.686394 ], [ -64.173184, -48.699747 ], [ -64.162455, -48.707554 ], [ -64.148994, -48.718174 ], [ -64.126056, -48.728027 ], [ -64.104865, -48.737342 ], [ -64.085493, -48.744387 ], [ -64.070637, -48.747521 ], [ -64.049724, -48.750524 ], [ -64.028026, -48.751789 ], [ -63.995124, -48.752236 ], [ -63.970073, -48.751132 ], [ -63.953669, -48.750203 ], [ -63.931218, -48.749137 ], [ -63.907918, -48.74805 ], [ -63.880279, -48.746871 ], [ -63.845725, -48.74552 ], [ -63.826771, -48.74394 ], [ -63.813001, -48.742473 ], [ -63.782147, -48.736617 ], [ -63.769308, -48.734019 ], [ -63.746231, -48.728897 ], [ -63.724903, -48.723233 ], [ -63.712934, -48.720654 ], [ -63.696675, -48.717409 ], [ -63.672802, -48.711103 ], [ -63.658368, -48.706168 ], [ -63.642238, -48.700617 ], [ -63.625262, -48.69504 ], [ -63.6024, -48.686453 ], [ -63.58726, -48.679202 ], [ -63.57038, -48.671908 ], [ -63.551987, -48.66113 ], [ -63.535152, -48.653251 ], [ -63.516745, -48.643043 ], [ -63.497051, -48.625347 ], [ -63.490518, -48.618873 ], [ -63.47253, -48.601791 ], [ -63.46021, -48.591157 ], [ -63.449098, -48.574821 ], [ -63.438611, -48.56251 ], [ -63.425728, -48.547266 ], [ -63.404089, -48.519763 ], [ -63.395898, -48.512669 ], [ -63.373755, -48.494304 ], [ -63.350513, -48.47993 ], [ -63.33083, -48.463922 ], [ -63.316095, -48.451486 ], [ -63.296379, -48.436615 ], [ -63.27597, -48.418864 ], [ -63.262232, -48.404723 ], [ -63.247469, -48.393425 ], [ -63.23432, -48.383889 ], [ -63.214343, -48.373586 ], [ -63.199307, -48.36685 ], [ -63.184205, -48.361268 ], [ -63.158178, -48.351927 ], [ -63.136406, -48.343277 ], [ -63.102413, -48.3377 ], [ -63.081816, -48.337676 ], [ -63.066319, -48.338361 ], [ -63.043145, -48.33825 ], [ -63.027681, -48.338363 ], [ -63.008662, -48.340084 ], [ -62.985149, -48.34511 ], [ -62.965785, -48.351977 ], [ -62.950749, -48.358397 ], [ -62.932081, -48.367569 ], [ -62.919324, -48.378065 ], [ -62.908821, -48.393219 ], [ -62.904878, -48.40055 ], [ -62.90291, -48.416542 ], [ -62.907923, -48.431024 ], [ -62.921162, -48.450913 ], [ -62.929083, -48.460905 ], [ -62.943555, -48.475679 ], [ -62.959801, -48.489926 ], [ -62.975421, -48.500717 ], [ -62.987733, -48.509685 ], [ -62.998486, -48.516313 ], [ -63.010054, -48.523543 ], [ -63.026837, -48.530343 ], [ -63.045379, -48.536624 ], [ -63.075852, -48.544975 ], [ -63.09107, -48.549438 ], [ -63.103637, -48.554962 ], [ -63.117967, -48.559962 ], [ -63.131328, -48.566656 ], [ -63.143762, -48.574465 ], [ -63.166756, -48.59232 ], [ -63.190673, -48.609617 ], [ -63.197983, -48.616704 ], [ -63.21923, -48.63564 ], [ -63.230641, -48.646274 ], [ -63.241729, -48.662064 ], [ -63.248733, -48.674293 ], [ -63.251503, -48.685258 ], [ -63.247611, -48.705778 ], [ -63.232346, -48.714524 ], [ -63.21799, -48.722721 ], [ -63.207249, -48.728146 ], [ -63.186803, -48.736741 ], [ -63.162993, -48.743513 ], [ -63.14297, -48.74523 ], [ -63.116149, -48.745031 ], [ -63.097225, -48.743331 ], [ -63.082613, -48.741768 ], [ -63.062868, -48.739465 ], [ -63.044022, -48.736619 ], [ -63.03114, -48.735081 ], [ -63.01575, -48.732337 ], [ -63.001313, -48.728462 ], [ -62.969831, -48.720639 ], [ -62.958763, -48.71801 ], [ -62.945267, -48.713014 ], [ -62.911625, -48.699378 ], [ -62.893897, -48.6931 ], [ -62.874419, -48.687339 ], [ -62.859957, -48.684022 ], [ -62.839184, -48.684516 ], [ -62.824032, -48.690915 ], [ -62.826484, -48.704753 ], [ -62.830191, -48.713464 ], [ -62.838949, -48.724056 ], [ -62.848489, -48.735822 ], [ -62.855577, -48.745781 ], [ -62.865946, -48.758145 ], [ -62.877346, -48.768238 ], [ -62.888764, -48.778334 ], [ -62.906062, -48.790908 ], [ -62.917728, -48.797566 ], [ -62.926044, -48.802414 ], [ -62.936111, -48.807303 ], [ -62.949625, -48.812305 ], [ -62.968308, -48.818022 ], [ -62.99051, -48.822706 ], [ -63.00754, -48.827234 ], [ -63.038271, -48.834449 ], [ -63.062197, -48.839739 ], [ -63.082613, -48.845499 ], [ -63.100492, -48.850602 ], [ -63.117574, -48.854538 ], [ -63.13561, -48.857355 ], [ -63.184547, -48.865052 ], [ -63.202661, -48.866708 ], [ -63.216409, -48.868814 ], [ -63.257906, -48.87112 ], [ -63.276031, -48.872764 ], [ -63.316601, -48.876172 ], [ -63.341613, -48.878569 ], [ -63.3823, -48.88023 ], [ -63.410854, -48.881566 ], [ -63.441948, -48.884095 ], [ -63.468674, -48.887087 ], [ -63.501309, -48.893087 ], [ -63.527931, -48.89777 ], [ -63.558717, -48.906002 ], [ -63.575798, -48.911012 ], [ -63.60215, -48.920836 ], [ -63.624998, -48.931712 ], [ -63.651223, -48.94439 ], [ -63.66301, -48.950977 ], [ -63.679846, -48.961121 ], [ -63.688846, -48.971085 ], [ -63.704404, -48.988647 ], [ -63.713949, -49.004913 ], [ -63.724955, -49.026385 ], [ -63.73111, -49.041421 ], [ -63.736444, -49.055307 ], [ -63.744183, -49.073246 ], [ -63.749408, -49.089416 ], [ -63.756726, -49.099327 ], [ -63.765561, -49.113282 ], [ -63.779322, -49.13309 ], [ -63.787088, -49.151034 ], [ -63.793353, -49.164358 ], [ -63.798661, -49.179378 ], [ -63.802535, -49.188631 ], [ -63.806378, -49.198463 ], [ -63.817253, -49.223919 ], [ -63.82821, -49.248236 ], [ -63.840275, -49.267994 ], [ -63.856506, -49.292422 ], [ -63.869641, -49.308765 ], [ -63.88268, -49.327391 ], [ -63.901747, -49.348442 ], [ -63.910839, -49.358954 ], [ -63.929947, -49.379424 ], [ -63.945014, -49.393504 ], [ -63.959299, -49.405844 ], [ -63.972013, -49.41472 ], [ -63.999963, -49.434789 ], [ -64.023859, -49.448472 ], [ -64.051302, -49.461655 ], [ -64.070219, -49.470064 ], [ -64.083976, -49.476077 ], [ -64.093389, -49.481428 ], [ -64.108029, -49.487453 ], [ -64.129589, -49.495903 ], [ -64.157282, -49.505052 ], [ -64.187549, -49.515387 ], [ -64.224856, -49.526422 ], [ -64.259579, -49.536254 ], [ -64.290052, -49.54313 ], [ -64.323141, -49.550619 ], [ -64.364043, -49.561096 ], [ -64.406755, -49.570448 ], [ -64.437226, -49.578436 ], [ -64.453761, -49.582729 ], [ -64.49736, -49.593215 ], [ -64.528779, -49.600038 ], [ -64.552358, -49.605011 ], [ -64.59168, -49.613096 ], [ -64.616128, -49.618642 ], [ -64.642318, -49.624788 ], [ -64.690385, -49.635259 ], [ -64.716642, -49.640236 ], [ -64.750802, -49.645897 ], [ -64.790263, -49.651628 ], [ -64.836006, -49.654562 ], [ -64.874733, -49.656239 ], [ -64.895835, -49.657675 ], [ -64.92753, -49.658663 ], [ -64.958328, -49.660214 ], [ -64.987393, -49.661153 ], [ -65.025206, -49.663914 ], [ -65.048043, -49.667055 ], [ -65.07526, -49.670819 ], [ -65.114749, -49.677581 ], [ -65.148069, -49.684836 ], [ -65.173477, -49.690844 ], [ -65.198905, -49.696852 ], [ -65.233209, -49.700651 ], [ -65.260525, -49.702081 ], [ -65.316964, -49.702642 ], [ -65.355775, -49.703019 ], [ -65.399924, -49.701132 ], [ -65.431698, -49.699691 ], [ -65.462653, -49.695948 ], [ -65.487419, -49.692149 ], [ -65.514848, -49.687789 ], [ -65.547578, -49.682321 ], [ -65.574112, -49.677368 ], [ -65.598019, -49.671816 ], [ -65.62104, -49.665105 ], [ -65.646765, -49.654983 ], [ -65.66452, -49.647076 ], [ -65.690253, -49.635793 ], [ -65.715109, -49.622775 ], [ -65.739992, -49.606892 ], [ -65.753318, -49.597817 ], [ -65.780901, -49.576204 ], [ -65.794272, -49.563107 ], [ -65.81038, -49.540855 ], [ -65.820262, -49.523726 ], [ -65.834665, -49.49688 ], [ -65.845457, -49.475738 ], [ -65.850952, -49.45629 ], [ -65.863603, -49.425419 ], [ -65.871703, -49.407708 ], [ -65.875389, -49.392256 ], [ -65.880104, -49.361922 ], [ -65.883824, -49.343609 ], [ -65.88497, -49.318975 ], [ -65.885162, -49.302369 ], [ -65.882848, -49.274862 ], [ -65.881272, -49.259384 ], [ -65.872053, -49.224962 ], [ -65.863605, -49.199726 ], [ -65.856018, -49.176194 ], [ -65.846749, -49.148647 ], [ -65.836595, -49.122816 ], [ -65.830673, -49.10846 ], [ -65.823933, -49.089518 ], [ -65.818891, -49.074596 ], [ -65.81489, -49.04765 ], [ -65.80996, -49.02356 ], [ -65.807544, -49.008083 ], [ -65.806122, -48.984015 ], [ -65.802949, -48.959364 ], [ -65.797214, -48.932406 ], [ -65.791509, -48.904295 ], [ -65.787434, -48.88365 ], [ -65.781669, -48.860123 ], [ -65.773523, -48.821125 ], [ -65.766138, -48.790144 ], [ -65.760339, -48.77006 ], [ -65.755371, -48.753982 ], [ -65.748768, -48.73045 ], [ -65.74462, -48.717823 ], [ -65.737942, -48.700597 ], [ -65.728758, -48.67762 ], [ -65.71531, -48.651186 ], [ -65.709504, -48.634535 ], [ -65.696909, -48.610957 ], [ -65.686039, -48.587971 ], [ -65.677613, -48.57474 ], [ -65.670079, -48.559211 ], [ -65.65667, -48.534487 ], [ -65.64239, -48.511468 ], [ -65.637356, -48.503413 ], [ -65.627241, -48.489586 ], [ -65.617954, -48.478061 ], [ -65.610365, -48.468839 ], [ -65.605312, -48.461934 ], [ -65.59858, -48.45271 ], [ -65.592693, -48.44465 ], [ -65.587708, -48.434864 ], [ -65.579308, -48.4222 ], [ -65.570928, -48.410107 ], [ -65.56164, -48.40029 ], [ -65.547296, -48.385278 ], [ -65.537155, -48.376036 ], [ -65.51931, -48.365002 ], [ -65.503942, -48.360297 ], [ -65.492788, -48.359626 ], [ -65.476467, -48.360069 ], [ -65.460093, -48.363366 ], [ -65.448017, -48.365544 ], [ -65.444628, -48.366385 ], [ -65.438936, -48.368012 ], [ -65.432727, -48.370275 ], [ -65.425124, -48.37433 ], [ -65.418488, -48.379147 ], [ -65.414287, -48.38438 ], [ -65.412365, -48.387572 ] ] ] } },
{ "type": "Feature", "properties": { "cuenca": "SAN LUIS", "ubicacion": "ONSHORE", "tipo": "No Productiva", "origen_geo": "no_productiva", "cuenca_norm": "SAN LUIS", "cuenca_join_key": "SAN LUIS" }, "geometry": { "type": "Polygon", "coordinates": [ [ [ -66.555658, -31.614713 ], [ -66.496445, -31.654894 ], [ -66.436585, -31.656157 ], [ -66.401915, -31.645773 ], [ -66.349123, -31.615319 ], [ -66.303436, -31.553179 ], [ -66.265105, -31.487952 ], [ -66.237654, -31.403515 ], [ -66.214467, -31.291564 ], [ -65.90333, -31.418529 ], [ -65.915782, -31.440479 ], [ -65.967904, -31.528319 ], [ -66.02252, -31.605205 ], [ -66.073511, -31.670151 ], [ -66.116366, -31.731311 ], [ -66.160587, -31.790693 ], [ -66.179741, -31.822178 ], [ -66.320292, -32.022882 ], [ -66.365051, -32.090763 ], [ -66.390681, -32.171787 ], [ -66.460505, -32.276067 ], [ -66.505585, -32.526356 ], [ -66.508204, -32.682988 ], [ -66.469434, -32.824879 ], [ -66.411766, -32.957025 ], [ -66.351641, -33.081782 ], [ -66.277016, -33.229216 ], [ -66.269874, -33.327781 ], [ -66.285069, -33.417136 ], [ -66.318515, -33.475063 ], [ -66.387913, -33.517061 ], [ -66.462266, -33.541139 ], [ -66.547617, -33.564257 ], [ -66.605439, -33.565891 ], [ -66.674722, -33.542531 ], [ -66.728027, -33.515653 ], [ -66.786419, -33.478856 ], [ -66.858458, -33.423272 ], [ -66.927813, -33.354011 ], [ -66.996561, -33.289306 ], [ -67.062371, -33.222375 ], [ -67.114802, -33.181626 ], [ -67.184887, -33.106474 ], [ -67.238551, -33.0496 ], [ -67.302896, -32.956848 ], [ -67.345702, -32.874029 ], [ -67.391018, -32.803101 ], [ -67.433223, -32.725413 ], [ -67.463024, -32.660773 ], [ -67.504006, -32.588819 ], [ -67.549389, -32.480643 ], [ -67.592563, -32.355953 ], [ -67.602531, -32.277757 ], [ -67.595421, -32.181921 ], [ -67.587297, -32.092996 ], [ -67.576081, -31.950413 ], [ -67.569824, -31.812196 ], [ -67.569522, -31.760726 ], [ -67.569874, -31.678887 ], [ -67.579694, -31.568084 ], [ -67.618113, -31.436682 ], [ -67.633575, -31.399682 ], [ -67.395201, -31.340718 ], [ -67.377393, -31.398544 ], [ -67.273537, -32.094907 ], [ -67.253979, -32.267926 ], [ -67.194585, -32.379603 ], [ -67.110283, -32.475364 ], [ -67.01088, -32.401262 ], [ -67.003976, -32.244771 ], [ -67.020245, -31.985679 ], [ -67.036924, -31.623971 ], [ -67.053432, -31.446651 ], [ -67.025651, -31.313568 ], [ -67.020438, -31.278412 ], [ -66.669518, -31.269706 ], [ -66.669544, -31.276401 ], [ -66.651036, -31.341648 ], [ -66.629296, -31.411004 ], [ -66.608095, -31.477467 ], [ -66.576388, -31.571719 ], [ -66.555658, -31.614713 ] ] ] } }
]
}
