periodo_str,periodo_dt,anio,mes,producto,agrupador_tipo,agrupador_nombre,tipo_recurso,produccion,source_resource
2009-01,2009-01-01,2009,1,gas,cuenca,AUSTRAL,promedio_diario,24506.9733870968,Producción de gas promedio diaria por cuenca
2009-01,2009-01-01,2009,1,gas,cuenca,CUYANA,promedio_diario,170.984064516129,Producción de gas promedio diaria por cuenca
2009-01,2009-01-01,2009,1,gas,cuenca,DEL COLORADO,promedio_diario,0.0,Producción de gas promedio diaria por cuenca
2009-01,2009-01-01,2009,1,gas,cuenca,GOLFO SAN JORGE,promedio_diario,13944.1666874194,Producción de gas promedio diaria por cuenca
2009-01,2009-01-01,2009,1,gas,cuenca,LOS BOLSONES,promedio_diario,0.0,Producción de gas promedio diaria por cuenca
2009-01,2009-01-01,2009,1,gas,cuenca,NEUQUINA,promedio_diario,75156.4961649355,Producción de gas promedio diaria por cuenca
2009-01,2009-01-01,2009,1,gas,cuenca,NOROESTE,promedio_diario,17444.390516129,Producción de gas promedio diaria por cuenca
2009-02,2009-02-01,2009,2,gas,cuenca,AUSTRAL,promedio_diario,25638.6131071429,Producción de gas promedio diaria por cuenca
2009-02,2009-02-01,2009,2,gas,cuenca,CUYANA,promedio_diario,169.469317857143,Producción de gas promedio diaria por cuenca
2009-02,2009-02-01,2009,2,gas,cuenca,DEL COLORADO,promedio_diario,0.0,Producción de gas promedio diaria por cuenca
2009-02,2009-02-01,2009,2,gas,cuenca,GOLFO SAN JORGE,promedio_diario,14417.0979642857,Producción de gas promedio diaria por cuenca
2009-02,2009-02-01,2009,2,gas,cuenca,LOS BOLSONES,promedio_diario,0.0,Producción de gas promedio diaria por cuenca
2009-02,2009-02-01,2009,2,gas,cuenca,NEUQUINA,promedio_diario,74732.3865287143,Producción de gas promedio diaria por cuenca
2009-02,2009-02-01,2009,2,gas,cuenca,NOROESTE,promedio_diario,17875.7013928571,Producción de gas promedio diaria por cuenca
2009-03,2009-03-01,2009,3,gas,cuenca,AUSTRAL,promedio_diario,25624.3160322581,Producción de gas promedio diaria por cuenca
2009-03,2009-03-01,2009,3,gas,cuenca,CUYANA,promedio_diario,168.994587096774,Producción de gas promedio diaria por cuenca
2009-03,2009-03-01,2009,3,gas,cuenca,DEL COLORADO,promedio_diario,0.0,Producción de gas promedio diaria por cuenca
2009-03,2009-03-01,2009,3,gas,cuenca,GOLFO SAN JORGE,promedio_diario,14713.4041806452,Producción de gas promedio diaria por cuenca
2009-03,2009-03-01,2009,3,gas,cuenca,LOS BOLSONES,promedio_diario,0.0,Producción de gas promedio diaria por cuenca
2009-03,2009-03-01,2009,3,gas,cuenca,NEUQUINA,promedio_diario,77387.6634677419,Producción de gas promedio diaria por cuenca
2009-03,2009-03-01,2009,3,gas,cuenca,NOROESTE,promedio_diario,17466.826516129,Producción de gas promedio diaria por cuenca
2009-04,2009-04-01,2009,4,gas,cuenca,AUSTRAL,promedio_diario,27778.7522333333,Producción de gas promedio diaria por cuenca
2009-04,2009-04-01,2009,4,gas,cuenca,CUYANA,promedio_diario,167.071636666667,Producción de gas promedio diaria por cuenca
2009-04,2009-04-01,2009,4,gas,cuenca,DEL COLORADO,promedio_diario,0.0,Producción de gas promedio diaria por cuenca
2009-04,2009-04-01,2009,4,gas,cuenca,GOLFO SAN JORGE,promedio_diario,14791.7233666667,Producción de gas promedio diaria por cuenca
2009-04,2009-04-01,2009,4,gas,cuenca,LOS BOLSONES,promedio_diario,0.0,Producción de gas promedio diaria por cuenca
2009-04,2009-04-01,2009,4,gas,cuenca,NEUQUINA,promedio_diario,76727.8250143333,Producción de gas promedio diaria por cuenca
2009-04,2009-04-01,2009,4,gas,cuenca,NOROESTE,promedio_diario,16027.8739,Producción de gas promedio diaria por cuenca
2009-05,2009-05-01,2009,5,gas,cuenca,AUSTRAL,promedio_diario,26609.325516129,Producción de gas promedio diaria por cuenca
2009-05,2009-05-01,2009,5,gas,cuenca,CUYANA,promedio_diario,164.001532258065,Producción de gas promedio diaria por cuenca
2009-05,2009-05-01,2009,5,gas,cuenca,DEL COLORADO,promedio_diario,0.0,Producción de gas promedio diaria por cuenca
2009-05,2009-05-01,2009,5,gas,cuenca,GOLFO SAN JORGE,promedio_diario,14896.5700806452,Producción de gas promedio diaria por cuenca
2009-05,2009-05-01,2009,5,gas,cuenca,LOS BOLSONES,promedio_diario,0.0,Producción de gas promedio diaria por cuenca
2009-05,2009-05-01,2009,5,gas,cuenca,NEUQUINA,promedio_diario,76290.2562112903,Producción de gas promedio diaria por cuenca
2009-05,2009-05-01,2009,5,gas,cuenca,NOROESTE,promedio_diario,17414.2796129032,Producción de gas promedio diaria por cuenca
2009-06,2009-06-01,2009,6,gas,cuenca,AUSTRAL,promedio_diario,29018.1511666667,Producción de gas promedio diaria por cuenca
2009-06,2009-06-01,2009,6,gas,cuenca,CUYANA,promedio_diario,147.841206666667,Producción de gas promedio diaria por cuenca
2009-06,2009-06-01,2009,6,gas,cuenca,DEL COLORADO,promedio_diario,0.0,Producción de gas promedio diaria por cuenca
2009-06,2009-06-01,2009,6,gas,cuenca,GOLFO SAN JORGE,promedio_diario,14367.1203466667,Producción de gas promedio diaria por cuenca
2009-06,2009-06-01,2009,6,gas,cuenca,LOS BOLSONES,promedio_diario,0.0,Producción de gas promedio diaria por cuenca
2009-06,2009-06-01,2009,6,gas,cuenca,NEUQUINA,promedio_diario,77886.320098,Producción de gas promedio diaria por cuenca
2009-06,2009-06-01,2009,6,gas,cuenca,NOROESTE,promedio_diario,17505.5707333333,Producción de gas promedio diaria por cuenca
2009-07,2009-07-01,2009,7,gas,cuenca,AUSTRAL,promedio_diario,29095.4767096774,Producción de gas promedio diaria por cuenca
2009-07,2009-07-01,2009,7,gas,cuenca,CUYANA,promedio_diario,152.008403225806,Producción de gas promedio diaria por cuenca
2009-07,2009-07-01,2009,7,gas,cuenca,DEL COLORADO,promedio_diario,0.0,Producción de gas promedio diaria por cuenca
2009-07,2009-07-01,2009,7,gas,cuenca,GOLFO SAN JORGE,promedio_diario,14941.7141774194,Producción de gas promedio diaria por cuenca
2009-07,2009-07-01,2009,7,gas,cuenca,LOS BOLSONES,promedio_diario,0.0,Producción de gas promedio diaria por cuenca
2009-07,2009-07-01,2009,7,gas,cuenca,NEUQUINA,promedio_diario,76680.6032935484,Producción de gas promedio diaria por cuenca
2009-07,2009-07-01,2009,7,gas,cuenca,NOROESTE,promedio_diario,17332.9081612903,Producción de gas promedio diaria por cuenca
2009-08,2009-08-01,2009,8,gas,cuenca,AUSTRAL,promedio_diario,25347.4143870968,Producción de gas promedio diaria por cuenca
2009-08,2009-08-01,2009,8,gas,cuenca,CUYANA,promedio_diario,160.524496774194,Producción de gas promedio diaria por cuenca
2009-08,2009-08-01,2009,8,gas,cuenca,DEL COLORADO,promedio_diario,0.0,Producción de gas promedio diaria por cuenca
2009-08,2009-08-01,2009,8,gas,cuenca,GOLFO SAN JORGE,promedio_diario,11836.9305290323,Producción de gas promedio diaria por cuenca
2009-08,2009-08-01,2009,8,gas,cuenca,LOS BOLSONES,promedio_diario,0.0,Producción de gas promedio diaria por cuenca
2009-08,2009-08-01,2009,8,gas,cuenca,NEUQUINA,promedio_diario,74747.5379990323,Producción de gas promedio diaria por cuenca
2009-08,2009-08-01,2009,8,gas,cuenca,NOROESTE,promedio_diario,17491.9645483871,Producción de gas promedio diaria por cuenca
2009-09,2009-09-01,2009,9,gas,cuenca,AUSTRAL,promedio_diario,29010.9955666667,Producción de gas promedio diaria por cuenca
2009-09,2009-09-01,2009,9,gas,cuenca,CUYANA,promedio_diario,154.51818,Producción de gas promedio diaria por cuenca
2009-09,2009-09-01,2009,9,gas,cuenca,DEL COLORADO,promedio_diario,0.0,Producción de gas promedio diaria por cuenca
2009-09,2009-09-01,2009,9,gas,cuenca,GOLFO SAN JORGE,promedio_diario,14460.9012766667,Producción de gas promedio diaria por cuenca
2009-09,2009-09-01,2009,9,gas,cuenca,LOS BOLSONES,promedio_diario,0.0,Producción de gas promedio diaria por cuenca
2009-09,2009-09-01,2009,9,gas,cuenca,NEUQUINA,promedio_diario,72441.6349833333,Producción de gas promedio diaria por cuenca
2009-09,2009-09-01,2009,9,gas,cuenca,NOROESTE,promedio_diario,17079.5179,Producción de gas promedio diaria por cuenca
2009-10,2009-10-01,2009,10,gas,cuenca,AUSTRAL,promedio_diario,28457.0193306452,Producción de gas promedio diaria por cuenca
2009-10,2009-10-01,2009,10,gas,cuenca,CUYANA,promedio_diario,166.969961290323,Producción de gas promedio diaria por cuenca
2009-10,2009-10-01,2009,10,gas,cuenca,DEL COLORADO,promedio_diario,0.0,Producción de gas promedio diaria por cuenca
2009-10,2009-10-01,2009,10,gas,cuenca,GOLFO SAN JORGE,promedio_diario,14585.8137967742,Producción de gas promedio diaria por cuenca
2009-10,2009-10-01,2009,10,gas,cuenca,LOS BOLSONES,promedio_diario,0.0,Producción de gas promedio diaria por cuenca
2009-10,2009-10-01,2009,10,gas,cuenca,NEUQUINA,promedio_diario,72301.8481777419,Producción de gas promedio diaria por cuenca
2009-10,2009-10-01,2009,10,gas,cuenca,NOROESTE,promedio_diario,17289.0692903226,Producción de gas promedio diaria por cuenca
2009-11,2009-11-01,2009,11,gas,cuenca,AUSTRAL,promedio_diario,27997.9152666667,Producción de gas promedio diaria por cuenca
2009-11,2009-11-01,2009,11,gas,cuenca,CUYANA,promedio_diario,169.726573333333,Producción de gas promedio diaria por cuenca
2009-11,2009-11-01,2009,11,gas,cuenca,DEL COLORADO,promedio_diario,0.0,Producción de gas promedio diaria por cuenca
2009-11,2009-11-01,2009,11,gas,cuenca,GOLFO SAN JORGE,promedio_diario,14042.2737933333,Producción de gas promedio diaria por cuenca
2009-11,2009-11-01,2009,11,gas,cuenca,LOS BOLSONES,promedio_diario,0.0,Producción de gas promedio diaria por cuenca
2009-11,2009-11-01,2009,11,gas,cuenca,NEUQUINA,promedio_diario,65172.064683,Producción de gas promedio diaria por cuenca
2009-11,2009-11-01,2009,11,gas,cuenca,NOROESTE,promedio_diario,16948.7387,Producción de gas promedio diaria por cuenca
2009-12,2009-12-01,2009,12,gas,cuenca,AUSTRAL,promedio_diario,26989.444516129,Producción de gas promedio diaria por cuenca
2009-12,2009-12-01,2009,12,gas,cuenca,CUYANA,promedio_diario,164.780383870968,Producción de gas promedio diaria por cuenca
2009-12,2009-12-01,2009,12,gas,cuenca,DEL COLORADO,promedio_diario,0.0,Producción de gas promedio diaria por cuenca
2009-12,2009-12-01,2009,12,gas,cuenca,GOLFO SAN JORGE,promedio_diario,13720.700183871,Producción de gas promedio diaria por cuenca
2009-12,2009-12-01,2009,12,gas,cuenca,LOS BOLSONES,promedio_diario,0.0,Producción de gas promedio diaria por cuenca
2009-12,2009-12-01,2009,12,gas,cuenca,NEUQUINA,promedio_diario,67147.5369841935,Producción de gas promedio diaria por cuenca
2009-12,2009-12-01,2009,12,gas,cuenca,NOROESTE,promedio_diario,16625.3386129032,Producción de gas promedio diaria por cuenca
2010-01,2010-01-01,2010,1,gas,cuenca,AUSTRAL,promedio_diario,26202.2196451613,Producción de gas promedio diaria por cuenca
2010-01,2010-01-01,2010,1,gas,cuenca,CUYANA,promedio_diario,165.503903225806,Producción de gas promedio diaria por cuenca
2010-01,2010-01-01,2010,1,gas,cuenca,DEL COLORADO,promedio_diario,0.0,Producción de gas promedio diaria por cuenca
2010-01,2010-01-01,2010,1,gas,cuenca,GOLFO SAN JORGE,promedio_diario,14247.9221516129,Producción de gas promedio diaria por cuenca
2010-01,2010-01-01,2010,1,gas,cuenca,LOS BOLSONES,promedio_diario,0.0,Producción de gas promedio diaria por cuenca
2010-01,2010-01-01,2010,1,gas,cuenca,NEUQUINA,promedio_diario,68606.3128680645,Producción de gas promedio diaria por cuenca
2010-01,2010-01-01,2010,1,gas,cuenca,NOROESTE,promedio_diario,16070.0300322581,Producción de gas promedio diaria por cuenca
2010-02,2010-02-01,2010,2,gas,cuenca,AUSTRAL,promedio_diario,28182.6640357143,Producción de gas promedio diaria por cuenca
2010-02,2010-02-01,2010,2,gas,cuenca,CUYANA,promedio_diario,165.820635714286,Producción de gas promedio diaria por cuenca
2010-02,2010-02-01,2010,2,gas,cuenca,DEL COLORADO,promedio_diario,0.0,Producción de gas promedio diaria por cuenca
2010-02,2010-02-01,2010,2,gas,cuenca,GOLFO SAN JORGE,promedio_diario,14365.3703714286,Producción de gas promedio diaria por cuenca
2010-02,2010-02-01,2010,2,gas,cuenca,LOS BOLSONES,promedio_diario,0.0,Producción de gas promedio diaria por cuenca
2010-02,2010-02-01,2010,2,gas,cuenca,NEUQUINA,promedio_diario,70868.5064717857,Producción de gas promedio diaria por cuenca
2010-02,2010-02-01,2010,2,gas,cuenca,NOROESTE,promedio_diario,15772.8433928571,Producción de gas promedio diaria por cuenca
2010-03,2010-03-01,2010,3,gas,cuenca,AUSTRAL,promedio_diario,28061.1164193548,Producción de gas promedio diaria por cuenca
2010-03,2010-03-01,2010,3,gas,cuenca,CUYANA,promedio_diario,160.908332258065,Producción de gas promedio diaria por cuenca
2010-03,2010-03-01,2010,3,gas,cuenca,DEL COLORADO,promedio_diario,0.0,Producción de gas promedio diaria por cuenca
2010-03,2010-03-01,2010,3,gas,cuenca,GOLFO SAN JORGE,promedio_diario,14327.6481290323,Producción de gas promedio diaria por cuenca
2010-03,2010-03-01,2010,3,gas,cuenca,LOS BOLSONES,promedio_diario,0.0,Producción de gas promedio diaria por cuenca
2010-03,2010-03-01,2010,3,gas,cuenca,NEUQUINA,promedio_diario,69729.0505516129,Producción de gas promedio diaria por cuenca
2010-03,2010-03-01,2010,3,gas,cuenca,NOROESTE,promedio_diario,14920.1289032258,Producción de gas promedio diaria por cuenca
2010-04,2010-04-01,2010,4,gas,cuenca,AUSTRAL,promedio_diario,27162.0647333333,Producción de gas promedio diaria por cuenca
2010-04,2010-04-01,2010,4,gas,cuenca,CUYANA,promedio_diario,158.807323333333,Producción de gas promedio diaria por cuenca
2010-04,2010-04-01,2010,4,gas,cuenca,DEL COLORADO,promedio_diario,0.0,Producción de gas promedio diaria por cuenca
2010-04,2010-04-01,2010,4,gas,cuenca,GOLFO SAN JORGE,promedio_diario,13784.49862,Producción de gas promedio diaria por cuenca
2010-04,2010-04-01,2010,4,gas,cuenca,LOS BOLSONES,promedio_diario,0.0,Producción de gas promedio diaria por cuenca
2010-04,2010-04-01,2010,4,gas,cuenca,NEUQUINA,promedio_diario,70576.6696186667,Producción de gas promedio diaria por cuenca
2010-04,2010-04-01,2010,4,gas,cuenca,NOROESTE,promedio_diario,15473.3579666667,Producción de gas promedio diaria por cuenca
2010-05,2010-05-01,2010,5,gas,cuenca,AUSTRAL,promedio_diario,28930.9437096774,Producción de gas promedio diaria por cuenca
2010-05,2010-05-01,2010,5,gas,cuenca,CUYANA,promedio_diario,158.132503225806,Producción de gas promedio diaria por cuenca
2010-05,2010-05-01,2010,5,gas,cuenca,DEL COLORADO,promedio_diario,0.0,Producción de gas promedio diaria por cuenca
2010-05,2010-05-01,2010,5,gas,cuenca,GOLFO SAN JORGE,promedio_diario,14782.9330741935,Producción de gas promedio diaria por cuenca
2010-05,2010-05-01,2010,5,gas,cuenca,LOS BOLSONES,promedio_diario,0.0,Producción de gas promedio diaria por cuenca
2010-05,2010-05-01,2010,5,gas,cuenca,NEUQUINA,promedio_diario,73292.6538419355,Producción de gas promedio diaria por cuenca
2010-05,2010-05-01,2010,5,gas,cuenca,NOROESTE,promedio_diario,15325.193,Producción de gas promedio diaria por cuenca
2010-06,2010-06-01,2010,6,gas,cuenca,AUSTRAL,promedio_diario,30030.3468333333,Producción de gas promedio diaria por cuenca
2010-06,2010-06-01,2010,6,gas,cuenca,CUYANA,promedio_diario,150.794895333333,Producción de gas promedio diaria por cuenca
2010-06,2010-06-01,2010,6,gas,cuenca,DEL COLORADO,promedio_diario,0.0,Producción de gas promedio diaria por cuenca
2010-06,2010-06-01,2010,6,gas,cuenca,GOLFO SAN JORGE,promedio_diario,14896.2696063333,Producción de gas promedio diaria por cuenca
2010-06,2010-06-01,2010,6,gas,cuenca,LOS BOLSONES,promedio_diario,0.0,Producción de gas promedio diaria por cuenca
2010-06,2010-06-01,2010,6,gas,cuenca,NEUQUINA,promedio_diario,72990.7718653333,Producción de gas promedio diaria por cuenca
2010-06,2010-06-01,2010,6,gas,cuenca,NOROESTE,promedio_diario,15357.6762666667,Producción de gas promedio diaria por cuenca
2010-07,2010-07-01,2010,7,gas,cuenca,AUSTRAL,promedio_diario,31883.4957419355,Producción de gas promedio diaria por cuenca
2010-07,2010-07-01,2010,7,gas,cuenca,CUYANA,promedio_diario,145.478599354839,Producción de gas promedio diaria por cuenca
2010-07,2010-07-01,2010,7,gas,cuenca,DEL COLORADO,promedio_diario,0.0,Producción de gas promedio diaria por cuenca
2010-07,2010-07-01,2010,7,gas,cuenca,GOLFO SAN JORGE,promedio_diario,14859.6026212903,Producción de gas promedio diaria por cuenca
2010-07,2010-07-01,2010,7,gas,cuenca,LOS BOLSONES,promedio_diario,0.0,Producción de gas promedio diaria por cuenca
2010-07,2010-07-01,2010,7,gas,cuenca,NEUQUINA,promedio_diario,72294.2981641935,Producción de gas promedio diaria por cuenca
2010-07,2010-07-01,2010,7,gas,cuenca,NOROESTE,promedio_diario,15022.1199354839,Producción de gas promedio diaria por cuenca
2010-08,2010-08-01,2010,8,gas,cuenca,AUSTRAL,promedio_diario,31280.5232903226,Producción de gas promedio diaria por cuenca
2010-08,2010-08-01,2010,8,gas,cuenca,CUYANA,promedio_diario,165.288131935484,Producción de gas promedio diaria por cuenca
2010-08,2010-08-01,2010,8,gas,cuenca,DEL COLORADO,promedio_diario,0.0,Producción de gas promedio diaria por cuenca
2010-08,2010-08-01,2010,8,gas,cuenca,GOLFO SAN JORGE,promedio_diario,14584.2125290323,Producción de gas promedio diaria por cuenca
2010-08,2010-08-01,2010,8,gas,cuenca,LOS BOLSONES,promedio_diario,0.0,Producción de gas promedio diaria por cuenca
2010-08,2010-08-01,2010,8,gas,cuenca,NEUQUINA,promedio_diario,73335.3991226129,Producción de gas promedio diaria por cuenca
2010-08,2010-08-01,2010,8,gas,cuenca,NOROESTE,promedio_diario,14580.2242580645,Producción de gas promedio diaria por cuenca
2010-09,2010-09-01,2010,9,gas,cuenca,AUSTRAL,promedio_diario,29428.3759666667,Producción de gas promedio diaria por cuenca
2010-09,2010-09-01,2010,9,gas,cuenca,CUYANA,promedio_diario,168.947348,Producción de gas promedio diaria por cuenca
2010-09,2010-09-01,2010,9,gas,cuenca,DEL COLORADO,promedio_diario,0.0,Producción de gas promedio diaria por cuenca
2010-09,2010-09-01,2010,9,gas,cuenca,GOLFO SAN JORGE,promedio_diario,14679.3302133333,Producción de gas promedio diaria por cuenca
2010-09,2010-09-01,2010,9,gas,cuenca,LOS BOLSONES,promedio_diario,0.0,Producción de gas promedio diaria por cuenca
2010-09,2010-09-01,2010,9,gas,cuenca,NEUQUINA,promedio_diario,72803.5656083333,Producción de gas promedio diaria por cuenca
2010-09,2010-09-01,2010,9,gas,cuenca,NOROESTE,promedio_diario,14213.0386666667,Producción de gas promedio diaria por cuenca
2010-10,2010-10-01,2010,10,gas,cuenca,AUSTRAL,promedio_diario,27957.6489677419,Producción de gas promedio diaria por cuenca
2010-10,2010-10-01,2010,10,gas,cuenca,CUYANA,promedio_diario,172.899986451613,Producción de gas promedio diaria por cuenca
2010-10,2010-10-01,2010,10,gas,cuenca,DEL COLORADO,promedio_diario,0.0,Producción de gas promedio diaria por cuenca
2010-10,2010-10-01,2010,10,gas,cuenca,GOLFO SAN JORGE,promedio_diario,14822.8126183871,Producción de gas promedio diaria por cuenca
2010-10,2010-10-01,2010,10,gas,cuenca,LOS BOLSONES,promedio_diario,0.0,Producción de gas promedio diaria por cuenca
2010-10,2010-10-01,2010,10,gas,cuenca,NEUQUINA,promedio_diario,70866.3747980645,Producción de gas promedio diaria por cuenca
2010-10,2010-10-01,2010,10,gas,cuenca,NOROESTE,promedio_diario,14025.0243548387,Producción de gas promedio diaria por cuenca
2010-11,2010-11-01,2010,11,gas,cuenca,AUSTRAL,promedio_diario,26724.9850666667,Producción de gas promedio diaria por cuenca
2010-11,2010-11-01,2010,11,gas,cuenca,CUYANA,promedio_diario,167.381289,Producción de gas promedio diaria por cuenca
2010-11,2010-11-01,2010,11,gas,cuenca,DEL COLORADO,promedio_diario,0.0,Producción de gas promedio diaria por cuenca
2010-11,2010-11-01,2010,11,gas,cuenca,GOLFO SAN JORGE,promedio_diario,14623.0995436667,Producción de gas promedio diaria por cuenca
2010-11,2010-11-01,2010,11,gas,cuenca,LOS BOLSONES,promedio_diario,0.0,Producción de gas promedio diaria por cuenca
2010-11,2010-11-01,2010,11,gas,cuenca,NEUQUINA,promedio_diario,68775.453906,Producción de gas promedio diaria por cuenca
2010-11,2010-11-01,2010,11,gas,cuenca,NOROESTE,promedio_diario,13443.0736,Producción de gas promedio diaria por cuenca
2010-12,2010-12-01,2010,12,gas,cuenca,AUSTRAL,promedio_diario,27175.1351935484,Producción de gas promedio diaria por cuenca
2010-12,2010-12-01,2010,12,gas,cuenca,CUYANA,promedio_diario,165.72927516129,Producción de gas promedio diaria por cuenca
2010-12,2010-12-01,2010,12,gas,cuenca,DEL COLORADO,promedio_diario,0.0,Producción de gas promedio diaria por cuenca
2010-12,2010-12-01,2010,12,gas,cuenca,GOLFO SAN JORGE,promedio_diario,12023.5499725806,Producción de gas promedio diaria por cuenca
2010-12,2010-12-01,2010,12,gas,cuenca,LOS BOLSONES,promedio_diario,0.0,Producción de gas promedio diaria por cuenca
2010-12,2010-12-01,2010,12,gas,cuenca,NEUQUINA,promedio_diario,69942.2052593548,Producción de gas promedio diaria por cuenca
2010-12,2010-12-01,2010,12,gas,cuenca,NOROESTE,promedio_diario,13503.8200967742,Producción de gas promedio diaria por cuenca
2011-01,2011-01-01,2011,1,gas,cuenca,AUSTRAL,promedio_diario,26369.6870645161,Producción de gas promedio diaria por cuenca
2011-01,2011-01-01,2011,1,gas,cuenca,CUYANA,promedio_diario,167.753799032258,Producción de gas promedio diaria por cuenca
2011-01,2011-01-01,2011,1,gas,cuenca,DEL COLORADO,promedio_diario,0.0,Producción de gas promedio diaria por cuenca
2011-01,2011-01-01,2011,1,gas,cuenca,GOLFO SAN JORGE,promedio_diario,14015.6716087097,Producción de gas promedio diaria por cuenca
2011-01,2011-01-01,2011,1,gas,cuenca,LOS BOLSONES,promedio_diario,0.0,Producción de gas promedio diaria por cuenca
2011-01,2011-01-01,2011,1,gas,cuenca,NEUQUINA,promedio_diario,69336.8637096774,Producción de gas promedio diaria por cuenca
2011-01,2011-01-01,2011,1,gas,cuenca,NOROESTE,promedio_diario,13237.6370967742,Producción de gas promedio diaria por cuenca
2011-02,2011-02-01,2011,2,gas,cuenca,AUSTRAL,promedio_diario,27123.4563214286,Producción de gas promedio diaria por cuenca
2011-02,2011-02-01,2011,2,gas,cuenca,CUYANA,promedio_diario,171.873503571429,Producción de gas promedio diaria por cuenca
2011-02,2011-02-01,2011,2,gas,cuenca,DEL COLORADO,promedio_diario,0.0,Producción de gas promedio diaria por cuenca
2011-02,2011-02-01,2011,2,gas,cuenca,GOLFO SAN JORGE,promedio_diario,14085.5187242857,Producción de gas promedio diaria por cuenca
2011-02,2011-02-01,2011,2,gas,cuenca,LOS BOLSONES,promedio_diario,0.0,Producción de gas promedio diaria por cuenca
2011-02,2011-02-01,2011,2,gas,cuenca,NEUQUINA,promedio_diario,69115.7422142857,Producción de gas promedio diaria por cuenca
2011-02,2011-02-01,2011,2,gas,cuenca,NOROESTE,promedio_diario,12967.6861428571,Producción de gas promedio diaria por cuenca
2011-03,2011-03-01,2011,3,gas,cuenca,AUSTRAL,promedio_diario,25868.3208709677,Producción de gas promedio diaria por cuenca
2011-03,2011-03-01,2011,3,gas,cuenca,CUYANA,promedio_diario,168.020942903226,Producción de gas promedio diaria por cuenca
2011-03,2011-03-01,2011,3,gas,cuenca,DEL COLORADO,promedio_diario,0.0,Producción de gas promedio diaria por cuenca
2011-03,2011-03-01,2011,3,gas,cuenca,GOLFO SAN JORGE,promedio_diario,13917.2654803226,Producción de gas promedio diaria por cuenca
2011-03,2011-03-01,2011,3,gas,cuenca,LOS BOLSONES,promedio_diario,0.0,Producción de gas promedio diaria por cuenca
2011-03,2011-03-01,2011,3,gas,cuenca,NEUQUINA,promedio_diario,68878.8726451613,Producción de gas promedio diaria por cuenca
2011-03,2011-03-01,2011,3,gas,cuenca,NOROESTE,promedio_diario,12719.867,Producción de gas promedio diaria por cuenca
2011-04,2011-04-01,2011,4,gas,cuenca,AUSTRAL,promedio_diario,30258.6454,Producción de gas promedio diaria por cuenca
2011-04,2011-04-01,2011,4,gas,cuenca,CUYANA,promedio_diario,162.999260666667,Producción de gas promedio diaria por cuenca
2011-04,2011-04-01,2011,4,gas,cuenca,DEL COLORADO,promedio_diario,0.0,Producción de gas promedio diaria por cuenca
2011-04,2011-04-01,2011,4,gas,cuenca,GOLFO SAN JORGE,promedio_diario,10110.3490943333,Producción de gas promedio diaria por cuenca
2011-04,2011-04-01,2011,4,gas,cuenca,LOS BOLSONES,promedio_diario,0.0,Producción de gas promedio diaria por cuenca
2011-04,2011-04-01,2011,4,gas,cuenca,NEUQUINA,promedio_diario,67907.6447,Producción de gas promedio diaria por cuenca
2011-04,2011-04-01,2011,4,gas,cuenca,NOROESTE,promedio_diario,11984.4868333333,Producción de gas promedio diaria por cuenca
2011-05,2011-05-01,2011,5,gas,cuenca,AUSTRAL,promedio_diario,30675.1677741935,Producción de gas promedio diaria por cuenca
2011-05,2011-05-01,2011,5,gas,cuenca,CUYANA,promedio_diario,166.694912580645,Producción de gas promedio diaria por cuenca
2011-05,2011-05-01,2011,5,gas,cuenca,DEL COLORADO,promedio_diario,0.0,Producción de gas promedio diaria por cuenca
2011-05,2011-05-01,2011,5,gas,cuenca,GOLFO SAN JORGE,promedio_diario,11564.1813325806,Producción de gas promedio diaria por cuenca
2011-05,2011-05-01,2011,5,gas,cuenca,LOS BOLSONES,promedio_diario,0.0,Producción de gas promedio diaria por cuenca
2011-05,2011-05-01,2011,5,gas,cuenca,NEUQUINA,promedio_diario,69452.9149032258,Producción de gas promedio diaria por cuenca
2011-05,2011-05-01,2011,5,gas,cuenca,NOROESTE,promedio_diario,13124.2240967742,Producción de gas promedio diaria por cuenca
2011-06,2011-06-01,2011,6,gas,cuenca,AUSTRAL,promedio_diario,31605.9799,Producción de gas promedio diaria por cuenca
2011-06,2011-06-01,2011,6,gas,cuenca,CUYANA,promedio_diario,163.80309,Producción de gas promedio diaria por cuenca
2011-06,2011-06-01,2011,6,gas,cuenca,DEL COLORADO,promedio_diario,0.0,Producción de gas promedio diaria por cuenca
2011-06,2011-06-01,2011,6,gas,cuenca,GOLFO SAN JORGE,promedio_diario,11810.781081,Producción de gas promedio diaria por cuenca
2011-06,2011-06-01,2011,6,gas,cuenca,LOS BOLSONES,promedio_diario,0.0,Producción de gas promedio diaria por cuenca
2011-06,2011-06-01,2011,6,gas,cuenca,NEUQUINA,promedio_diario,70511.2749333333,Producción de gas promedio diaria por cuenca
2011-06,2011-06-01,2011,6,gas,cuenca,NOROESTE,promedio_diario,13158.8577666667,Producción de gas promedio diaria por cuenca
2011-07,2011-07-01,2011,7,gas,cuenca,AUSTRAL,promedio_diario,30588.8337096774,Producción de gas promedio diaria por cuenca
2011-07,2011-07-01,2011,7,gas,cuenca,CUYANA,promedio_diario,160.799957419355,Producción de gas promedio diaria por cuenca
2011-07,2011-07-01,2011,7,gas,cuenca,DEL COLORADO,promedio_diario,0.0,Producción de gas promedio diaria por cuenca
2011-07,2011-07-01,2011,7,gas,cuenca,GOLFO SAN JORGE,promedio_diario,12914.6187240797,Producción de gas promedio diaria por cuenca
2011-07,2011-07-01,2011,7,gas,cuenca,LOS BOLSONES,promedio_diario,0.0,Producción de gas promedio diaria por cuenca
2011-07,2011-07-01,2011,7,gas,cuenca,NEUQUINA,promedio_diario,69993.8788064516,Producción de gas promedio diaria por cuenca
2011-07,2011-07-01,2011,7,gas,cuenca,NOROESTE,promedio_diario,12842.2711612903,Producción de gas promedio diaria por cuenca
2011-08,2011-08-01,2011,8,gas,cuenca,AUSTRAL,promedio_diario,31332.9181935484,Producción de gas promedio diaria por cuenca
2011-08,2011-08-01,2011,8,gas,cuenca,CUYANA,promedio_diario,164.071881290323,Producción de gas promedio diaria por cuenca
2011-08,2011-08-01,2011,8,gas,cuenca,DEL COLORADO,promedio_diario,0.0,Producción de gas promedio diaria por cuenca
2011-08,2011-08-01,2011,8,gas,cuenca,GOLFO SAN JORGE,promedio_diario,13827.9385927742,Producción de gas promedio diaria por cuenca
2011-08,2011-08-01,2011,8,gas,cuenca,NEUQUINA,promedio_diario,69641.3143225806,Producción de gas promedio diaria por cuenca
2011-08,2011-08-01,2011,8,gas,cuenca,NOROESTE,promedio_diario,12768.2887419355,Producción de gas promedio diaria por cuenca
2011-09,2011-09-01,2011,9,gas,cuenca,AUSTRAL,promedio_diario,31226.8066666667,Producción de gas promedio diaria por cuenca
2011-09,2011-09-01,2011,9,gas,cuenca,CUYANA,promedio_diario,171.411701,Producción de gas promedio diaria por cuenca
2011-09,2011-09-01,2011,9,gas,cuenca,DEL COLORADO,promedio_diario,0.0,Producción de gas promedio diaria por cuenca
2011-09,2011-09-01,2011,9,gas,cuenca,GOLFO SAN JORGE,promedio_diario,14249.9119522916,Producción de gas promedio diaria por cuenca
2011-09,2011-09-01,2011,9,gas,cuenca,LOS BOLSONES,promedio_diario,0.0,Producción de gas promedio diaria por cuenca
2011-09,2011-09-01,2011,9,gas,cuenca,NEUQUINA,promedio_diario,69053.4173,Producción de gas promedio diaria por cuenca
2011-09,2011-09-01,2011,9,gas,cuenca,NOROESTE,promedio_diario,12566.4121333333,Producción de gas promedio diaria por cuenca
2011-10,2011-10-01,2011,10,gas,cuenca,AUSTRAL,promedio_diario,31018.1243870968,Producción de gas promedio diaria por cuenca
2011-10,2011-10-01,2011,10,gas,cuenca,CUYANA,promedio_diario,174.651193548387,Producción de gas promedio diaria por cuenca
2011-10,2011-10-01,2011,10,gas,cuenca,DEL COLORADO,promedio_diario,0.0,Producción de gas promedio diaria por cuenca
2011-10,2011-10-01,2011,10,gas,cuenca,GOLFO SAN JORGE,promedio_diario,14483.5445967742,Producción de gas promedio diaria por cuenca
2011-10,2011-10-01,2011,10,gas,cuenca,LOS BOLSONES,promedio_diario,0.0,Producción de gas promedio diaria por cuenca
2011-10,2011-10-01,2011,10,gas,cuenca,NEUQUINA,promedio_diario,68609.8103870968,Producción de gas promedio diaria por cuenca
2011-10,2011-10-01,2011,10,gas,cuenca,NOROESTE,promedio_diario,12208.0808387097,Producción de gas promedio diaria por cuenca
2011-11,2011-11-01,2011,11,gas,cuenca,AUSTRAL,promedio_diario,29676.0268,Producción de gas promedio diaria por cuenca
2011-11,2011-11-01,2011,11,gas,cuenca,CUYANA,promedio_diario,177.316381666667,Producción de gas promedio diaria por cuenca
2011-11,2011-11-01,2011,11,gas,cuenca,DEL COLORADO,promedio_diario,0.0,Producción de gas promedio diaria por cuenca
2011-11,2011-11-01,2011,11,gas,cuenca,GOLFO SAN JORGE,promedio_diario,14500.146326787,Producción de gas promedio diaria por cuenca
2011-11,2011-11-01,2011,11,gas,cuenca,LOS BOLSONES,promedio_diario,0.0,Producción de gas promedio diaria por cuenca
2011-11,2011-11-01,2011,11,gas,cuenca,NEUQUINA,promedio_diario,68320.4893,Producción de gas promedio diaria por cuenca
2011-11,2011-11-01,2011,11,gas,cuenca,NOROESTE,promedio_diario,12072.5094,Producción de gas promedio diaria por cuenca
2011-12,2011-12-01,2011,12,gas,cuenca,AUSTRAL,promedio_diario,29820.4392258065,Producción de gas promedio diaria por cuenca
2011-12,2011-12-01,2011,12,gas,cuenca,CUYANA,promedio_diario,169.775392258064,Producción de gas promedio diaria por cuenca
2011-12,2011-12-01,2011,12,gas,cuenca,DEL COLORADO,promedio_diario,0.0,Producción de gas promedio diaria por cuenca
2011-12,2011-12-01,2011,12,gas,cuenca,GOLFO SAN JORGE,promedio_diario,14934.1031516129,Producción de gas promedio diaria por cuenca
2011-12,2011-12-01,2011,12,gas,cuenca,LOS BOLSONES,promedio_diario,0.0,Producción de gas promedio diaria por cuenca
2011-12,2011-12-01,2011,12,gas,cuenca,NEUQUINA,promedio_diario,66352.2331935484,Producción de gas promedio diaria por cuenca
2011-12,2011-12-01,2011,12,gas,cuenca,NOROESTE,promedio_diario,11875.5397096774,Producción de gas promedio diaria por cuenca
2012-01,2012-01-01,2012,1,gas,cuenca,AUSTRAL,promedio_diario,29575.5734193548,Producción de gas promedio diaria por cuenca
2012-01,2012-01-01,2012,1,gas,cuenca,CUYANA,promedio_diario,159.14950483871,Producción de gas promedio diaria por cuenca
2012-01,2012-01-01,2012,1,gas,cuenca,DEL COLORADO,promedio_diario,0.0,Producción de gas promedio diaria por cuenca
2012-01,2012-01-01,2012,1,gas,cuenca,GOLFO SAN JORGE,promedio_diario,14752.9515289051,Producción de gas promedio diaria por cuenca
2012-01,2012-01-01,2012,1,gas,cuenca,LOS BOLSONES,promedio_diario,0.0,Producción de gas promedio diaria por cuenca
2012-01,2012-01-01,2012,1,gas,cuenca,NEUQUINA,promedio_diario,67048.3197419355,Producción de gas promedio diaria por cuenca
2012-01,2012-01-01,2012,1,gas,cuenca,NOROESTE,promedio_diario,11498.6202258065,Producción de gas promedio diaria por cuenca
2012-02,2012-02-01,2012,2,gas,cuenca,AUSTRAL,promedio_diario,28856.7689310345,Producción de gas promedio diaria por cuenca
2012-02,2012-02-01,2012,2,gas,cuenca,CUYANA,promedio_diario,166.771344482759,Producción de gas promedio diaria por cuenca
2012-02,2012-02-01,2012,2,gas,cuenca,DEL COLORADO,promedio_diario,0.0,Producción de gas promedio diaria por cuenca
2012-02,2012-02-01,2012,2,gas,cuenca,GOLFO SAN JORGE,promedio_diario,14481.7664375862,Producción de gas promedio diaria por cuenca
2012-02,2012-02-01,2012,2,gas,cuenca,LOS BOLSONES,promedio_diario,0.0,Producción de gas promedio diaria por cuenca
2012-02,2012-02-01,2012,2,gas,cuenca,NEUQUINA,promedio_diario,64641.3458275862,Producción de gas promedio diaria por cuenca
2012-02,2012-02-01,2012,2,gas,cuenca,NOROESTE,promedio_diario,11379.0827241379,Producción de gas promedio diaria por cuenca
2012-03,2012-03-01,2012,3,gas,cuenca,AUSTRAL,promedio_diario,29073.6984516129,Producción de gas promedio diaria por cuenca
2012-03,2012-03-01,2012,3,gas,cuenca,CUYANA,promedio_diario,162.703827419355,Producción de gas promedio diaria por cuenca
2012-03,2012-03-01,2012,3,gas,cuenca,DEL COLORADO,promedio_diario,0.0,Producción de gas promedio diaria por cuenca
2012-03,2012-03-01,2012,3,gas,cuenca,GOLFO SAN JORGE,promedio_diario,14360.8108980645,Producción de gas promedio diaria por cuenca
2012-03,2012-03-01,2012,3,gas,cuenca,LOS BOLSONES,promedio_diario,0.0,Producción de gas promedio diaria por cuenca
2012-03,2012-03-01,2012,3,gas,cuenca,NEUQUINA,promedio_diario,66234.4627741935,Producción de gas promedio diaria por cuenca
2012-03,2012-03-01,2012,3,gas,cuenca,NOROESTE,promedio_diario,11220.12,Producción de gas promedio diaria por cuenca
2012-04,2012-04-01,2012,4,gas,cuenca,AUSTRAL,promedio_diario,31278.7321333333,Producción de gas promedio diaria por cuenca
2012-04,2012-04-01,2012,4,gas,cuenca,CUYANA,promedio_diario,161.325287333333,Producción de gas promedio diaria por cuenca
2012-04,2012-04-01,2012,4,gas,cuenca,DEL COLORADO,promedio_diario,0.0,Producción de gas promedio diaria por cuenca
2012-04,2012-04-01,2012,4,gas,cuenca,GOLFO SAN JORGE,promedio_diario,13985.590533,Producción de gas promedio diaria por cuenca
2012-04,2012-04-01,2012,4,gas,cuenca,NEUQUINA,promedio_diario,65982.033,Producción de gas promedio diaria por cuenca
2012-04,2012-04-01,2012,4,gas,cuenca,NOROESTE,promedio_diario,11035.8242,Producción de gas promedio diaria por cuenca
2012-05,2012-05-01,2012,5,gas,cuenca,AUSTRAL,promedio_diario,31083.8541290323,Producción de gas promedio diaria por cuenca
2012-05,2012-05-01,2012,5,gas,cuenca,CAÑADON ASFALTO,promedio_diario,0.0,Producción de gas promedio diaria por cuenca
2012-05,2012-05-01,2012,5,gas,cuenca,CUYANA,promedio_diario,161.746511290323,Producción de gas promedio diaria por cuenca
2012-05,2012-05-01,2012,5,gas,cuenca,DEL COLORADO,promedio_diario,0.0,Producción de gas promedio diaria por cuenca
2012-05,2012-05-01,2012,5,gas,cuenca,GOLFO SAN JORGE,promedio_diario,14377.6517564516,Producción de gas promedio diaria por cuenca
2012-05,2012-05-01,2012,5,gas,cuenca,LOS BOLSONES,promedio_diario,0.0,Producción de gas promedio diaria por cuenca
2012-05,2012-05-01,2012,5,gas,cuenca,NEUQUINA,promedio_diario,66145.0863225806,Producción de gas promedio diaria por cuenca
2012-05,2012-05-01,2012,5,gas,cuenca,NOROESTE,promedio_diario,10695.4671612903,Producción de gas promedio diaria por cuenca
2012-06,2012-06-01,2012,6,gas,cuenca,AUSTRAL,promedio_diario,31100.0886666667,Producción de gas promedio diaria por cuenca
2012-06,2012-06-01,2012,6,gas,cuenca,CAÑADON ASFALTO,promedio_diario,0.0,Producción de gas promedio diaria por cuenca
2012-06,2012-06-01,2012,6,gas,cuenca,CUYANA,promedio_diario,163.107468333333,Producción de gas promedio diaria por cuenca
2012-06,2012-06-01,2012,6,gas,cuenca,DEL COLORADO,promedio_diario,0.0,Producción de gas promedio diaria por cuenca
2012-06,2012-06-01,2012,6,gas,cuenca,GOLFO SAN JORGE,promedio_diario,13666.0466396667,Producción de gas promedio diaria por cuenca
2012-06,2012-06-01,2012,6,gas,cuenca,LOS BOLSONES,promedio_diario,0.0,Producción de gas promedio diaria por cuenca
2012-06,2012-06-01,2012,6,gas,cuenca,NEUQUINA,promedio_diario,66121.3801,Producción de gas promedio diaria por cuenca
2012-06,2012-06-01,2012,6,gas,cuenca,NOROESTE,promedio_diario,10580.9239,Producción de gas promedio diaria por cuenca
2012-07,2012-07-01,2012,7,gas,cuenca,AUSTRAL,promedio_diario,31140.1335806452,Producción de gas promedio diaria por cuenca
2012-07,2012-07-01,2012,7,gas,cuenca,CAÑADON ASFALTO,promedio_diario,0.0,Producción de gas promedio diaria por cuenca
2012-07,2012-07-01,2012,7,gas,cuenca,CUYANA,promedio_diario,160.654283870968,Producción de gas promedio diaria por cuenca
2012-07,2012-07-01,2012,7,gas,cuenca,DEL COLORADO,promedio_diario,0.0,Producción de gas promedio diaria por cuenca
2012-07,2012-07-01,2012,7,gas,cuenca,GOLFO SAN JORGE,promedio_diario,13927.72685,Producción de gas promedio diaria por cuenca
2012-07,2012-07-01,2012,7,gas,cuenca,LOS BOLSONES,promedio_diario,0.0,Producción de gas promedio diaria por cuenca
2012-07,2012-07-01,2012,7,gas,cuenca,NEUQUINA,promedio_diario,65782.9029354839,Producción de gas promedio diaria por cuenca
2012-07,2012-07-01,2012,7,gas,cuenca,NORESTE,promedio_diario,0.0,Producción de gas promedio diaria por cuenca
2012-07,2012-07-01,2012,7,gas,cuenca,NOROESTE,promedio_diario,10438.6117096774,Producción de gas promedio diaria por cuenca
2012-08,2012-08-01,2012,8,gas,cuenca,AUSTRAL,promedio_diario,30459.0410645161,Producción de gas promedio diaria por cuenca
2012-08,2012-08-01,2012,8,gas,cuenca,CAÑADON ASFALTO,promedio_diario,0.0,Producción de gas promedio diaria por cuenca
2012-08,2012-08-01,2012,8,gas,cuenca,CUYANA,promedio_diario,163.03373,Producción de gas promedio diaria por cuenca
2012-08,2012-08-01,2012,8,gas,cuenca,DEL COLORADO,promedio_diario,0.0,Producción de gas promedio diaria por cuenca
2012-08,2012-08-01,2012,8,gas,cuenca,GOLFO SAN JORGE,promedio_diario,14454.1201035484,Producción de gas promedio diaria por cuenca
2012-08,2012-08-01,2012,8,gas,cuenca,LOS BOLSONES,promedio_diario,0.0,Producción de gas promedio diaria por cuenca
2012-08,2012-08-01,2012,8,gas,cuenca,NEUQUINA,promedio_diario,66128.5199354839,Producción de gas promedio diaria por cuenca
2012-08,2012-08-01,2012,8,gas,cuenca,NORESTE,promedio_diario,0.0,Producción de gas promedio diaria por cuenca
2012-08,2012-08-01,2012,8,gas,cuenca,NOROESTE,promedio_diario,10224.9867096774,Producción de gas promedio diaria por cuenca
2012-09,2012-09-01,2012,9,gas,cuenca,AUSTRAL,promedio_diario,31017.0815666667,Producción de gas promedio diaria por cuenca
2012-09,2012-09-01,2012,9,gas,cuenca,CAÑADON ASFALTO,promedio_diario,0.0,Producción de gas promedio diaria por cuenca
2012-09,2012-09-01,2012,9,gas,cuenca,CUYANA,promedio_diario,150.662699333333,Producción de gas promedio diaria por cuenca
2012-09,2012-09-01,2012,9,gas,cuenca,DEL COLORADO,promedio_diario,0.0,Producción de gas promedio diaria por cuenca
2012-09,2012-09-01,2012,9,gas,cuenca,GOLFO SAN JORGE,promedio_diario,14556.4722993333,Producción de gas promedio diaria por cuenca
2012-09,2012-09-01,2012,9,gas,cuenca,LOS BOLSONES,promedio_diario,0.0,Producción de gas promedio diaria por cuenca
2012-09,2012-09-01,2012,9,gas,cuenca,NEUQUINA,promedio_diario,65389.1928,Producción de gas promedio diaria por cuenca
2012-09,2012-09-01,2012,9,gas,cuenca,NORESTE,promedio_diario,0.0,Producción de gas promedio diaria por cuenca
2012-09,2012-09-01,2012,9,gas,cuenca,NOROESTE,promedio_diario,10150.1423,Producción de gas promedio diaria por cuenca
2012-10,2012-10-01,2012,10,gas,cuenca,AUSTRAL,promedio_diario,30838.4762580645,Producción de gas promedio diaria por cuenca
2012-10,2012-10-01,2012,10,gas,cuenca,CAÑADON ASFALTO,promedio_diario,0.0,Producción de gas promedio diaria por cuenca
2012-10,2012-10-01,2012,10,gas,cuenca,CUYANA,promedio_diario,152.326677741935,Producción de gas promedio diaria por cuenca
2012-10,2012-10-01,2012,10,gas,cuenca,DEL COLORADO,promedio_diario,0.0,Producción de gas promedio diaria por cuenca
2012-10,2012-10-01,2012,10,gas,cuenca,GOLFO SAN JORGE,promedio_diario,14433.6395019355,Producción de gas promedio diaria por cuenca
2012-10,2012-10-01,2012,10,gas,cuenca,LOS BOLSONES,promedio_diario,0.0,Producción de gas promedio diaria por cuenca
2012-10,2012-10-01,2012,10,gas,cuenca,NEUQUINA,promedio_diario,64383.8156774194,Producción de gas promedio diaria por cuenca
2012-10,2012-10-01,2012,10,gas,cuenca,NORESTE,promedio_diario,0.0,Producción de gas promedio diaria por cuenca
2012-10,2012-10-01,2012,10,gas,cuenca,NOROESTE,promedio_diario,9935.71470967742,Producción de gas promedio diaria por cuenca
2012-11,2012-11-01,2012,11,gas,cuenca,AUSTRAL,promedio_diario,30219.4287666667,Producción de gas promedio diaria por cuenca
2012-11,2012-11-01,2012,11,gas,cuenca,CAÑADON ASFALTO,promedio_diario,0.0,Producción de gas promedio diaria por cuenca
2012-11,2012-11-01,2012,11,gas,cuenca,CUYANA,promedio_diario,153.509404,Producción de gas promedio diaria por cuenca
2012-11,2012-11-01,2012,11,gas,cuenca,DEL COLORADO,promedio_diario,0.0,Producción de gas promedio diaria por cuenca
2012-11,2012-11-01,2012,11,gas,cuenca,GOLFO SAN JORGE,promedio_diario,14240.2506626667,Producción de gas promedio diaria por cuenca
2012-11,2012-11-01,2012,11,gas,cuenca,LOS BOLSONES,promedio_diario,0.0,Producción de gas promedio diaria por cuenca
2012-11,2012-11-01,2012,11,gas,cuenca,MALVINAS,promedio_diario,0.0,Producción de gas promedio diaria por cuenca
2012-11,2012-11-01,2012,11,gas,cuenca,NEUQUINA,promedio_diario,62940.0313,Producción de gas promedio diaria por cuenca
2012-11,2012-11-01,2012,11,gas,cuenca,NORESTE,promedio_diario,0.0,Producción de gas promedio diaria por cuenca
2012-11,2012-11-01,2012,11,gas,cuenca,NOROESTE,promedio_diario,9644.13016666667,Producción de gas promedio diaria por cuenca
2012-12,2012-12-01,2012,12,gas,cuenca,AUSTRAL,promedio_diario,30413.0069677419,Producción de gas promedio diaria por cuenca
2012-12,2012-12-01,2012,12,gas,cuenca,CAÑADON ASFALTO,promedio_diario,0.0,Producción de gas promedio diaria por cuenca
2012-12,2012-12-01,2012,12,gas,cuenca,CUYANA,promedio_diario,156.168988064516,Producción de gas promedio diaria por cuenca
2012-12,2012-12-01,2012,12,gas,cuenca,DEL COLORADO,promedio_diario,0.0,Producción de gas promedio diaria por cuenca
2012-12,2012-12-01,2012,12,gas,cuenca,GOLFO SAN JORGE,promedio_diario,13887.638614559,Producción de gas promedio diaria por cuenca
2012-12,2012-12-01,2012,12,gas,cuenca,LOS BOLSONES,promedio_diario,0.0,Producción de gas promedio diaria por cuenca
2012-12,2012-12-01,2012,12,gas,cuenca,MALVINAS,promedio_diario,0.0,Producción de gas promedio diaria por cuenca
2012-12,2012-12-01,2012,12,gas,cuenca,NEUQUINA,promedio_diario,61379.3002903226,Producción de gas promedio diaria por cuenca
2012-12,2012-12-01,2012,12,gas,cuenca,NORESTE,promedio_diario,0.0,Producción de gas promedio diaria por cuenca
2012-12,2012-12-01,2012,12,gas,cuenca,NOROESTE,promedio_diario,9550.26190322581,Producción de gas promedio diaria por cuenca
2013-01,2013-01-01,2013,1,gas,cuenca,AUSTRAL,promedio_diario,29224.2496129032,Producción de gas promedio diaria por cuenca
2013-01,2013-01-01,2013,1,gas,cuenca,CAÑADON ASFALTO,promedio_diario,0.0,Producción de gas promedio diaria por cuenca
2013-01,2013-01-01,2013,1,gas,cuenca,CUYANA,promedio_diario,157.980786129032,Producción de gas promedio diaria por cuenca
2013-01,2013-01-01,2013,1,gas,cuenca,DEL COLORADO,promedio_diario,0.0,Producción de gas promedio diaria por cuenca
2013-01,2013-01-01,2013,1,gas,cuenca,GOLFO SAN JORGE,promedio_diario,13973.8269060903,Producción de gas promedio diaria por cuenca
2013-01,2013-01-01,2013,1,gas,cuenca,LOS BOLSONES,promedio_diario,0.0,Producción de gas promedio diaria por cuenca
2013-01,2013-01-01,2013,1,gas,cuenca,MALVINAS,promedio_diario,0.0,Producción de gas promedio diaria por cuenca
2013-01,2013-01-01,2013,1,gas,cuenca,NEUQUINA,promedio_diario,61650.218967739,Producción de gas promedio diaria por cuenca
2013-01,2013-01-01,2013,1,gas,cuenca,NORESTE,promedio_diario,0.0,Producción de gas promedio diaria por cuenca
2013-01,2013-01-01,2013,1,gas,cuenca,NOROESTE,promedio_diario,9630.83283870968,Producción de gas promedio diaria por cuenca
2013-02,2013-02-01,2013,2,gas,cuenca,AUSTRAL,promedio_diario,29886.2023571429,Producción de gas promedio diaria por cuenca
2013-02,2013-02-01,2013,2,gas,cuenca,CAÑADON ASFALTO,promedio_diario,0.0,Producción de gas promedio diaria por cuenca
2013-02,2013-02-01,2013,2,gas,cuenca,CUYANA,promedio_diario,163.583755714286,Producción de gas promedio diaria por cuenca
2013-02,2013-02-01,2013,2,gas,cuenca,DEL COLORADO,promedio_diario,0.0,Producción de gas promedio diaria por cuenca
2013-02,2013-02-01,2013,2,gas,cuenca,GOLFO SAN JORGE,promedio_diario,13933.08038,Producción de gas promedio diaria por cuenca
2013-02,2013-02-01,2013,2,gas,cuenca,LOS BOLSONES,promedio_diario,0.0,Producción de gas promedio diaria por cuenca
2013-02,2013-02-01,2013,2,gas,cuenca,MALVINAS,promedio_diario,0.0,Producción de gas promedio diaria por cuenca
2013-02,2013-02-01,2013,2,gas,cuenca,NEUQUINA,promedio_diario,61802.1964285714,Producción de gas promedio diaria por cuenca
2013-02,2013-02-01,2013,2,gas,cuenca,NORESTE,promedio_diario,0.0,Producción de gas promedio diaria por cuenca
2013-02,2013-02-01,2013,2,gas,cuenca,NOROESTE,promedio_diario,9485.22767857143,Producción de gas promedio diaria por cuenca
2013-03,2013-03-01,2013,3,gas,cuenca,AUSTRAL,promedio_diario,26886.5855806452,Producción de gas promedio diaria por cuenca
2013-03,2013-03-01,2013,3,gas,cuenca,CAÑADON ASFALTO,promedio_diario,0.0,Producción de gas promedio diaria por cuenca
2013-03,2013-03-01,2013,3,gas,cuenca,CUYANA,promedio_diario,166.096503548387,Producción de gas promedio diaria por cuenca
2013-03,2013-03-01,2013,3,gas,cuenca,DEL COLORADO,promedio_diario,0.0,Producción de gas promedio diaria por cuenca
2013-03,2013-03-01,2013,3,gas,cuenca,GOLFO SAN JORGE,promedio_diario,14149.0681991935,Producción de gas promedio diaria por cuenca
2013-03,2013-03-01,2013,3,gas,cuenca,LOS BOLSONES,promedio_diario,0.0,Producción de gas promedio diaria por cuenca
2013-03,2013-03-01,2013,3,gas,cuenca,MALVINAS,promedio_diario,0.0,Producción de gas promedio diaria por cuenca
2013-03,2013-03-01,2013,3,gas,cuenca,NEUQUINA,promedio_diario,60981.9975483871,Producción de gas promedio diaria por cuenca
2013-03,2013-03-01,2013,3,gas,cuenca,NORESTE,promedio_diario,0.0,Producción de gas promedio diaria por cuenca
2013-03,2013-03-01,2013,3,gas,cuenca,NOROESTE,promedio_diario,9420.8214516129,Producción de gas promedio diaria por cuenca
2013-04,2013-04-01,2013,4,gas,cuenca,AUSTRAL,promedio_diario,28184.5859,Producción de gas promedio diaria por cuenca
2013-04,2013-04-01,2013,4,gas,cuenca,CAÑADON ASFALTO,promedio_diario,0.0,Producción de gas promedio diaria por cuenca
2013-04,2013-04-01,2013,4,gas,cuenca,CUYANA,promedio_diario,161.171975666667,Producción de gas promedio diaria por cuenca
2013-04,2013-04-01,2013,4,gas,cuenca,DEL COLORADO,promedio_diario,0.0,Producción de gas promedio diaria por cuenca
2013-04,2013-04-01,2013,4,gas,cuenca,GOLFO SAN JORGE,promedio_diario,14211.8425793333,Producción de gas promedio diaria por cuenca
2013-04,2013-04-01,2013,4,gas,cuenca,LOS BOLSONES,promedio_diario,0.0,Producción de gas promedio diaria por cuenca
2013-04,2013-04-01,2013,4,gas,cuenca,MALVINAS,promedio_diario,0.0,Producción de gas promedio diaria por cuenca
2013-04,2013-04-01,2013,4,gas,cuenca,NEUQUINA,promedio_diario,61121.6694666667,Producción de gas promedio diaria por cuenca
2013-04,2013-04-01,2013,4,gas,cuenca,NORESTE,promedio_diario,0.0,Producción de gas promedio diaria por cuenca
2013-04,2013-04-01,2013,4,gas,cuenca,NOROESTE,promedio_diario,8835.04083333333,Producción de gas promedio diaria por cuenca
2013-05,2013-05-01,2013,5,gas,cuenca,AUSTRAL,promedio_diario,29023.7294516129,Producción de gas promedio diaria por cuenca
2013-05,2013-05-01,2013,5,gas,cuenca,CAÑADON ASFALTO,promedio_diario,0.0,Producción de gas promedio diaria por cuenca
2013-05,2013-05-01,2013,5,gas,cuenca,CUYANA,promedio_diario,154.383965483871,Producción de gas promedio diaria por cuenca
2013-05,2013-05-01,2013,5,gas,cuenca,DEL COLORADO,promedio_diario,0.0,Producción de gas promedio diaria por cuenca
2013-05,2013-05-01,2013,5,gas,cuenca,GOLFO SAN JORGE,promedio_diario,14563.2699997269,Producción de gas promedio diaria por cuenca
2013-05,2013-05-01,2013,5,gas,cuenca,LOS BOLSONES,promedio_diario,0.0,Producción de gas promedio diaria por cuenca
2013-05,2013-05-01,2013,5,gas,cuenca,MALVINAS,promedio_diario,0.0,Producción de gas promedio diaria por cuenca
2013-05,2013-05-01,2013,5,gas,cuenca,NEUQUINA,promedio_diario,61533.3121935484,Producción de gas promedio diaria por cuenca
2013-05,2013-05-01,2013,5,gas,cuenca,NORESTE,promedio_diario,0.0,Producción de gas promedio diaria por cuenca
2013-05,2013-05-01,2013,5,gas,cuenca,NOROESTE,promedio_diario,9172.23667741935,Producción de gas promedio diaria por cuenca
2013-06,2013-06-01,2013,6,gas,cuenca,AUSTRAL,promedio_diario,29701.1673666667,Producción de gas promedio diaria por cuenca
2013-06,2013-06-01,2013,6,gas,cuenca,CAÑADON ASFALTO,promedio_diario,0.0,Producción de gas promedio diaria por cuenca
2013-06,2013-06-01,2013,6,gas,cuenca,CUYANA,promedio_diario,158.680360333333,Producción de gas promedio diaria por cuenca
2013-06,2013-06-01,2013,6,gas,cuenca,DEL COLORADO,promedio_diario,0.0,Producción de gas promedio diaria por cuenca
2013-06,2013-06-01,2013,6,gas,cuenca,GOLFO SAN JORGE,promedio_diario,14456.8597398471,Producción de gas promedio diaria por cuenca
2013-06,2013-06-01,2013,6,gas,cuenca,LOS BOLSONES,promedio_diario,0.0,Producción de gas promedio diaria por cuenca
2013-06,2013-06-01,2013,6,gas,cuenca,MALVINAS,promedio_diario,0.0,Producción de gas promedio diaria por cuenca
2013-06,2013-06-01,2013,6,gas,cuenca,NEUQUINA,promedio_diario,61867.5572999997,Producción de gas promedio diaria por cuenca
2013-06,2013-06-01,2013,6,gas,cuenca,NORESTE,promedio_diario,0.0,Producción de gas promedio diaria por cuenca
2013-06,2013-06-01,2013,6,gas,cuenca,NOROESTE,promedio_diario,8858.24536666667,Producción de gas promedio diaria por cuenca
2013-07,2013-07-01,2013,7,gas,cuenca,AUSTRAL,promedio_diario,29393.3044516129,Producción de gas promedio diaria por cuenca
2013-07,2013-07-01,2013,7,gas,cuenca,CAÑADON ASFALTO,promedio_diario,0.0,Producción de gas promedio diaria por cuenca
2013-07,2013-07-01,2013,7,gas,cuenca,CUYANA,promedio_diario,156.750270967742,Producción de gas promedio diaria por cuenca
2013-07,2013-07-01,2013,7,gas,cuenca,DEL COLORADO,promedio_diario,0.0,Producción de gas promedio diaria por cuenca
2013-07,2013-07-01,2013,7,gas,cuenca,GOLFO SAN JORGE,promedio_diario,14268.812899197,Producción de gas promedio diaria por cuenca
2013-07,2013-07-01,2013,7,gas,cuenca,LOS BOLSONES,promedio_diario,0.0,Producción de gas promedio diaria por cuenca
2013-07,2013-07-01,2013,7,gas,cuenca,MALVINAS,promedio_diario,0.0,Producción de gas promedio diaria por cuenca
2013-07,2013-07-01,2013,7,gas,cuenca,NEUQUINA,promedio_diario,61998.3047419352,Producción de gas promedio diaria por cuenca
2013-07,2013-07-01,2013,7,gas,cuenca,NORESTE,promedio_diario,0.0,Producción de gas promedio diaria por cuenca
2013-07,2013-07-01,2013,7,gas,cuenca,NOROESTE,promedio_diario,8648.348,Producción de gas promedio diaria por cuenca
2013-07,2013-07-01,2013,7,gas,cuenca,ÑIRIHUAU,promedio_diario,0.0,Producción de gas promedio diaria por cuenca
2013-08,2013-08-01,2013,8,gas,cuenca,AUSTRAL,promedio_diario,29408.5263870968,Producción de gas promedio diaria por cuenca
2013-08,2013-08-01,2013,8,gas,cuenca,CAÑADON ASFALTO,promedio_diario,0.0,Producción de gas promedio diaria por cuenca
2013-08,2013-08-01,2013,8,gas,cuenca,CUYANA,promedio_diario,153.499710645161,Producción de gas promedio diaria por cuenca
2013-08,2013-08-01,2013,8,gas,cuenca,DEL COLORADO,promedio_diario,0.0,Producción de gas promedio diaria por cuenca
2013-08,2013-08-01,2013,8,gas,cuenca,GOLFO SAN JORGE,promedio_diario,14351.2020721912,Producción de gas promedio diaria por cuenca
2013-08,2013-08-01,2013,8,gas,cuenca,LOS BOLSONES,promedio_diario,0.0,Producción de gas promedio diaria por cuenca
2013-08,2013-08-01,2013,8,gas,cuenca,MALVINAS,promedio_diario,0.0,Producción de gas promedio diaria por cuenca
2013-08,2013-08-01,2013,8,gas,cuenca,NEUQUINA,promedio_diario,62779.0175483871,Producción de gas promedio diaria por cuenca
2013-08,2013-08-01,2013,8,gas,cuenca,NORESTE,promedio_diario,0.0,Producción de gas promedio diaria por cuenca
2013-08,2013-08-01,2013,8,gas,cuenca,NOROESTE,promedio_diario,8578.53538709677,Producción de gas promedio diaria por cuenca
2013-08,2013-08-01,2013,8,gas,cuenca,ÑIRIHUAU,promedio_diario,0.0,Producción de gas promedio diaria por cuenca
2013-09,2013-09-01,2013,9,gas,cuenca,AUSTRAL,promedio_diario,29154.6347333333,Producción de gas promedio diaria por cuenca
2013-09,2013-09-01,2013,9,gas,cuenca,CAÑADON ASFALTO,promedio_diario,0.0,Producción de gas promedio diaria por cuenca
2013-09,2013-09-01,2013,9,gas,cuenca,CUYANA,promedio_diario,157.892055666667,Producción de gas promedio diaria por cuenca
2013-09,2013-09-01,2013,9,gas,cuenca,DEL COLORADO,promedio_diario,0.0,Producción de gas promedio diaria por cuenca
2013-09,2013-09-01,2013,9,gas,cuenca,GOLFO SAN JORGE,promedio_diario,14594.212697257,Producción de gas promedio diaria por cuenca
2013-09,2013-09-01,2013,9,gas,cuenca,LOS BOLSONES,promedio_diario,0.0,Producción de gas promedio diaria por cuenca
2013-09,2013-09-01,2013,9,gas,cuenca,MALVINAS,promedio_diario,0.0,Producción de gas promedio diaria por cuenca
2013-09,2013-09-01,2013,9,gas,cuenca,NEUQUINA,promedio_diario,62816.43485,Producción de gas promedio diaria por cuenca
2013-09,2013-09-01,2013,9,gas,cuenca,NORESTE,promedio_diario,0.0,Producción de gas promedio diaria por cuenca
2013-09,2013-09-01,2013,9,gas,cuenca,NOROESTE,promedio_diario,8658.724,Producción de gas promedio diaria por cuenca
2013-09,2013-09-01,2013,9,gas,cuenca,ÑIRIHUAU,promedio_diario,0.0,Producción de gas promedio diaria por cuenca
2013-10,2013-10-01,2013,10,gas,cuenca,AUSTRAL,promedio_diario,28536.3981032258,Producción de gas promedio diaria por cuenca
2013-10,2013-10-01,2013,10,gas,cuenca,CAÑADON ASFALTO,promedio_diario,0.0,Producción de gas promedio diaria por cuenca
2013-10,2013-10-01,2013,10,gas,cuenca,CUYANA,promedio_diario,160.117248709677,Producción de gas promedio diaria por cuenca
2013-10,2013-10-01,2013,10,gas,cuenca,DEL COLORADO,promedio_diario,0.0,Producción de gas promedio diaria por cuenca
2013-10,2013-10-01,2013,10,gas,cuenca,FUERA DE CUENCA,promedio_diario,0.0,Producción de gas promedio diaria por cuenca
2013-10,2013-10-01,2013,10,gas,cuenca,GENERAL LEVALLE,promedio_diario,0.0,Producción de gas promedio diaria por cuenca
2013-10,2013-10-01,2013,10,gas,cuenca,GOLFO SAN JORGE,promedio_diario,14560.5181568514,Producción de gas promedio diaria por cuenca
2013-10,2013-10-01,2013,10,gas,cuenca,LAS SALINAS,promedio_diario,0.0,Producción de gas promedio diaria por cuenca
2013-10,2013-10-01,2013,10,gas,cuenca,LOS BOLSONES,promedio_diario,0.0,Producción de gas promedio diaria por cuenca
2013-10,2013-10-01,2013,10,gas,cuenca,MALVINAS,promedio_diario,0.0,Producción de gas promedio diaria por cuenca
2013-10,2013-10-01,2013,10,gas,cuenca,NEUQUINA,promedio_diario,62740.60283871,Producción de gas promedio diaria por cuenca
2013-10,2013-10-01,2013,10,gas,cuenca,NORESTE,promedio_diario,0.0,Producción de gas promedio diaria por cuenca
2013-10,2013-10-01,2013,10,gas,cuenca,NOROESTE,promedio_diario,8577.16677419355,Producción de gas promedio diaria por cuenca
2013-10,2013-10-01,2013,10,gas,cuenca,ÑIRIHUAU,promedio_diario,0.0,Producción de gas promedio diaria por cuenca
2013-11,2013-11-01,2013,11,gas,cuenca,AUSTRAL,promedio_diario,28375.7347666667,Producción de gas promedio diaria por cuenca
2013-11,2013-11-01,2013,11,gas,cuenca,CAÑADON ASFALTO,promedio_diario,0.0,Producción de gas promedio diaria por cuenca
2013-11,2013-11-01,2013,11,gas,cuenca,CUYANA,promedio_diario,162.682924666667,Producción de gas promedio diaria por cuenca
2013-11,2013-11-01,2013,11,gas,cuenca,DEL COLORADO,promedio_diario,0.0,Producción de gas promedio diaria por cuenca
2013-11,2013-11-01,2013,11,gas,cuenca,FUERA DE CUENCA,promedio_diario,0.0,Producción de gas promedio diaria por cuenca
2013-11,2013-11-01,2013,11,gas,cuenca,GENERAL LEVALLE,promedio_diario,0.0,Producción de gas promedio diaria por cuenca
2013-11,2013-11-01,2013,11,gas,cuenca,GOLFO SAN JORGE,promedio_diario,14571.3087488539,Producción de gas promedio diaria por cuenca
2013-11,2013-11-01,2013,11,gas,cuenca,LAS SALINAS,promedio_diario,0.0,Producción de gas promedio diaria por cuenca
2013-11,2013-11-01,2013,11,gas,cuenca,LOS BOLSONES,promedio_diario,0.0,Producción de gas promedio diaria por cuenca
2013-11,2013-11-01,2013,11,gas,cuenca,MALVINAS,promedio_diario,0.0,Producción de gas promedio diaria por cuenca
2013-11,2013-11-01,2013,11,gas,cuenca,NEUQUINA,promedio_diario,62830.5429,Producción de gas promedio diaria por cuenca
2013-11,2013-11-01,2013,11,gas,cuenca,NORESTE,promedio_diario,0.0,Producción de gas promedio diaria por cuenca
2013-11,2013-11-01,2013,11,gas,cuenca,NOROESTE,promedio_diario,8749.41673333333,Producción de gas promedio diaria por cuenca
2013-11,2013-11-01,2013,11,gas,cuenca,ÑIRIHUAU,promedio_diario,0.0,Producción de gas promedio diaria por cuenca
2013-12,2013-12-01,2013,12,gas,cuenca,AUSTRAL,promedio_diario,27996.2326774194,Producción de gas promedio diaria por cuenca
2013-12,2013-12-01,2013,12,gas,cuenca,CAÑADON ASFALTO,promedio_diario,0.0,Producción de gas promedio diaria por cuenca
2013-12,2013-12-01,2013,12,gas,cuenca,CUYANA,promedio_diario,158.520553225806,Producción de gas promedio diaria por cuenca
2013-12,2013-12-01,2013,12,gas,cuenca,DEL COLORADO,promedio_diario,0.0,Producción de gas promedio diaria por cuenca
2013-12,2013-12-01,2013,12,gas,cuenca,FUERA DE CUENCA,promedio_diario,0.0,Producción de gas promedio diaria por cuenca
2013-12,2013-12-01,2013,12,gas,cuenca,GENERAL LEVALLE,promedio_diario,0.0,Producción de gas promedio diaria por cuenca
2013-12,2013-12-01,2013,12,gas,cuenca,GOLFO SAN JORGE,promedio_diario,14422.4269244558,Producción de gas promedio diaria por cuenca
2013-12,2013-12-01,2013,12,gas,cuenca,LAS SALINAS,promedio_diario,0.0,Producción de gas promedio diaria por cuenca
2013-12,2013-12-01,2013,12,gas,cuenca,LOS BOLSONES,promedio_diario,0.0,Producción de gas promedio diaria por cuenca
2013-12,2013-12-01,2013,12,gas,cuenca,MALVINAS,promedio_diario,0.0,Producción de gas promedio diaria por cuenca
2013-12,2013-12-01,2013,12,gas,cuenca,NEUQUINA,promedio_diario,62267.2557096777,Producción de gas promedio diaria por cuenca
2013-12,2013-12-01,2013,12,gas,cuenca,NORESTE,promedio_diario,0.0,Producción de gas promedio diaria por cuenca
2013-12,2013-12-01,2013,12,gas,cuenca,NOROESTE,promedio_diario,8603.32758064516,Producción de gas promedio diaria por cuenca
2013-12,2013-12-01,2013,12,gas,cuenca,ÑIRIHUAU,promedio_diario,0.0,Producción de gas promedio diaria por cuenca
2014-01,2014-01-01,2014,1,gas,cuenca,AUSTRAL,promedio_diario,28553.7846032258,Producción de gas promedio diaria por cuenca
2014-01,2014-01-01,2014,1,gas,cuenca,CAÑADON ASFALTO,promedio_diario,0.0,Producción de gas promedio diaria por cuenca
2014-01,2014-01-01,2014,1,gas,cuenca,CUYANA,promedio_diario,148.359620322581,Producción de gas promedio diaria por cuenca
2014-01,2014-01-01,2014,1,gas,cuenca,DEL COLORADO,promedio_diario,0.0,Producción de gas promedio diaria por cuenca
2014-01,2014-01-01,2014,1,gas,cuenca,FUERA DE CUENCA,promedio_diario,0.0,Producción de gas promedio diaria por cuenca
2014-01,2014-01-01,2014,1,gas,cuenca,GENERAL LEVALLE,promedio_diario,0.0,Producción de gas promedio diaria por cuenca
2014-01,2014-01-01,2014,1,gas,cuenca,GOLFO SAN JORGE,promedio_diario,14258.4661717632,Producción de gas promedio diaria por cuenca
2014-01,2014-01-01,2014,1,gas,cuenca,LAS SALINAS,promedio_diario,0.0,Producción de gas promedio diaria por cuenca
2014-01,2014-01-01,2014,1,gas,cuenca,LOS BOLSONES,promedio_diario,0.0,Producción de gas promedio diaria por cuenca
2014-01,2014-01-01,2014,1,gas,cuenca,MALVINAS,promedio_diario,0.0,Producción de gas promedio diaria por cuenca
2014-01,2014-01-01,2014,1,gas,cuenca,NEUQUINA,promedio_diario,62739.273516129,Producción de gas promedio diaria por cuenca
2014-01,2014-01-01,2014,1,gas,cuenca,NORESTE,promedio_diario,0.0,Producción de gas promedio diaria por cuenca
2014-01,2014-01-01,2014,1,gas,cuenca,NOROESTE,promedio_diario,8499.854,Producción de gas promedio diaria por cuenca
2014-01,2014-01-01,2014,1,gas,cuenca,ÑIRIHUAU,promedio_diario,0.0,Producción de gas promedio diaria por cuenca
2014-02,2014-02-01,2014,2,gas,cuenca,AUSTRAL,promedio_diario,28350.0175714286,Producción de gas promedio diaria por cuenca
2014-02,2014-02-01,2014,2,gas,cuenca,CAÑADON ASFALTO,promedio_diario,0.0,Producción de gas promedio diaria por cuenca
2014-02,2014-02-01,2014,2,gas,cuenca,CUYANA,promedio_diario,155.432911071429,Producción de gas promedio diaria por cuenca
2014-02,2014-02-01,2014,2,gas,cuenca,DEL COLORADO,promedio_diario,0.0,Producción de gas promedio diaria por cuenca
2014-02,2014-02-01,2014,2,gas,cuenca,FUERA DE CUENCA,promedio_diario,0.0,Producción de gas promedio diaria por cuenca
2014-02,2014-02-01,2014,2,gas,cuenca,GENERAL LEVALLE,promedio_diario,0.0,Producción de gas promedio diaria por cuenca
2014-02,2014-02-01,2014,2,gas,cuenca,GOLFO SAN JORGE,promedio_diario,14401.5623209704,Producción de gas promedio diaria por cuenca
2014-02,2014-02-01,2014,2,gas,cuenca,LAS SALINAS,promedio_diario,0.0,Producción de gas promedio diaria por cuenca
2014-02,2014-02-01,2014,2,gas,cuenca,LOS BOLSONES,promedio_diario,0.0,Producción de gas promedio diaria por cuenca
2014-02,2014-02-01,2014,2,gas,cuenca,MALVINAS,promedio_diario,0.0,Producción de gas promedio diaria por cuenca
2014-02,2014-02-01,2014,2,gas,cuenca,NEUQUINA,promedio_diario,62741.3807142854,Producción de gas promedio diaria por cuenca
2014-02,2014-02-01,2014,2,gas,cuenca,NORESTE,promedio_diario,0.0,Producción de gas promedio diaria por cuenca
2014-02,2014-02-01,2014,2,gas,cuenca,NOROESTE,promedio_diario,8339.4445,Producción de gas promedio diaria por cuenca
2014-02,2014-02-01,2014,2,gas,cuenca,ÑIRIHUAU,promedio_diario,0.0,Producción de gas promedio diaria por cuenca
2014-03,2014-03-01,2014,3,gas,cuenca,AUSTRAL,promedio_diario,28377.9079677419,Producción de gas promedio diaria por cuenca
2014-03,2014-03-01,2014,3,gas,cuenca,CAÑADON ASFALTO,promedio_diario,0.0,Producción de gas promedio diaria por cuenca
2014-03,2014-03-01,2014,3,gas,cuenca,CUYANA,promedio_diario,157.783028064516,Producción de gas promedio diaria por cuenca
2014-03,2014-03-01,2014,3,gas,cuenca,DEL COLORADO,promedio_diario,0.0,Producción de gas promedio diaria por cuenca
2014-03,2014-03-01,2014,3,gas,cuenca,FUERA DE CUENCA,promedio_diario,0.0,Producción de gas promedio diaria por cuenca
2014-03,2014-03-01,2014,3,gas,cuenca,GENERAL LEVALLE,promedio_diario,0.0,Producción de gas promedio diaria por cuenca
2014-03,2014-03-01,2014,3,gas,cuenca,GOLFO SAN JORGE,promedio_diario,14629.0318008323,Producción de gas promedio diaria por cuenca
2014-03,2014-03-01,2014,3,gas,cuenca,LAS SALINAS,promedio_diario,0.0,Producción de gas promedio diaria por cuenca
2014-03,2014-03-01,2014,3,gas,cuenca,LOS BOLSONES,promedio_diario,0.0,Producción de gas promedio diaria por cuenca
2014-03,2014-03-01,2014,3,gas,cuenca,MALVINAS,promedio_diario,0.0,Producción de gas promedio diaria por cuenca
2014-03,2014-03-01,2014,3,gas,cuenca,NEUQUINA,promedio_diario,60820.9772580645,Producción de gas promedio diaria por cuenca
2014-03,2014-03-01,2014,3,gas,cuenca,NORESTE,promedio_diario,0.0,Producción de gas promedio diaria por cuenca
2014-03,2014-03-01,2014,3,gas,cuenca,NOROESTE,promedio_diario,8205.82832258065,Producción de gas promedio diaria por cuenca
2014-03,2014-03-01,2014,3,gas,cuenca,ÑIRIHUAU,promedio_diario,0.0,Producción de gas promedio diaria por cuenca
2014-04,2014-04-01,2014,4,gas,cuenca,AUSTRAL,promedio_diario,24691.6380666667,Producción de gas promedio diaria por cuenca
2014-04,2014-04-01,2014,4,gas,cuenca,CAÑADON ASFALTO,promedio_diario,0.0,Producción de gas promedio diaria por cuenca
2014-04,2014-04-01,2014,4,gas,cuenca,CUYANA,promedio_diario,158.763211,Producción de gas promedio diaria por cuenca
2014-04,2014-04-01,2014,4,gas,cuenca,DEL COLORADO,promedio_diario,0.0,Producción de gas promedio diaria por cuenca
2014-04,2014-04-01,2014,4,gas,cuenca,FUERA DE CUENCA,promedio_diario,0.0,Producción de gas promedio diaria por cuenca
2014-04,2014-04-01,2014,4,gas,cuenca,GENERAL LEVALLE,promedio_diario,0.0,Producción de gas promedio diaria por cuenca
2014-04,2014-04-01,2014,4,gas,cuenca,GOLFO SAN JORGE,promedio_diario,14608.8083572647,Producción de gas promedio diaria por cuenca
2014-04,2014-04-01,2014,4,gas,cuenca,LAS SALINAS,promedio_diario,0.0,Producción de gas promedio diaria por cuenca
2014-04,2014-04-01,2014,4,gas,cuenca,LOS BOLSONES,promedio_diario,0.0,Producción de gas promedio diaria por cuenca
2014-04,2014-04-01,2014,4,gas,cuenca,MALVINAS,promedio_diario,0.0,Producción de gas promedio diaria por cuenca
2014-04,2014-04-01,2014,4,gas,cuenca,NEUQUINA,promedio_diario,61104.9431,Producción de gas promedio diaria por cuenca
2014-04,2014-04-01,2014,4,gas,cuenca,NORESTE,promedio_diario,0.0,Producción de gas promedio diaria por cuenca
2014-04,2014-04-01,2014,4,gas,cuenca,NOROESTE,promedio_diario,7970.41656666667,Producción de gas promedio diaria por cuenca
2014-04,2014-04-01,2014,4,gas,cuenca,ÑIRIHUAU,promedio_diario,0.0,Producción de gas promedio diaria por cuenca
2014-05,2014-05-01,2014,5,gas,cuenca,AUSTRAL,promedio_diario,28389.0831290323,Producción de gas promedio diaria por cuenca
2014-05,2014-05-01,2014,5,gas,cuenca,CAÑADON ASFALTO,promedio_diario,0.0,Producción de gas promedio diaria por cuenca
2014-05,2014-05-01,2014,5,gas,cuenca,CUYANA,promedio_diario,157.337572258065,Producción de gas promedio diaria por cuenca
2014-05,2014-05-01,2014,5,gas,cuenca,DEL COLORADO,promedio_diario,0.0,Producción de gas promedio diaria por cuenca
2014-05,2014-05-01,2014,5,gas,cuenca,FUERA DE CUENCA,promedio_diario,0.0,Producción de gas promedio diaria por cuenca
2014-05,2014-05-01,2014,5,gas,cuenca,GENERAL LEVALLE,promedio_diario,0.0,Producción de gas promedio diaria por cuenca
2014-05,2014-05-01,2014,5,gas,cuenca,GOLFO SAN JORGE,promedio_diario,14370.400828021,Producción de gas promedio diaria por cuenca
2014-05,2014-05-01,2014,5,gas,cuenca,LAS SALINAS,promedio_diario,0.0,Producción de gas promedio diaria por cuenca
2014-05,2014-05-01,2014,5,gas,cuenca,LOS BOLSONES,promedio_diario,0.0,Producción de gas promedio diaria por cuenca
2014-05,2014-05-01,2014,5,gas,cuenca,MALVINAS,promedio_diario,0.0,Producción de gas promedio diaria por cuenca
2014-05,2014-05-01,2014,5,gas,cuenca,NEUQUINA,promedio_diario,63426.3317748387,Producción de gas promedio diaria por cuenca
2014-05,2014-05-01,2014,5,gas,cuenca,NORESTE,promedio_diario,0.0,Producción de gas promedio diaria por cuenca
2014-05,2014-05-01,2014,5,gas,cuenca,NOROESTE,promedio_diario,7978.86838709677,Producción de gas promedio diaria por cuenca
2014-05,2014-05-01,2014,5,gas,cuenca,ÑIRIHUAU,promedio_diario,0.0,Producción de gas promedio diaria por cuenca
2014-06,2014-06-01,2014,6,gas,cuenca,AUSTRAL,promedio_diario,28275.5335,Producción de gas promedio diaria por cuenca
2014-06,2014-06-01,2014,6,gas,cuenca,CAÑADON ASFALTO,promedio_diario,0.0,Producción de gas promedio diaria por cuenca
2014-06,2014-06-01,2014,6,gas,cuenca,CUYANA,promedio_diario,157.59705,Producción de gas promedio diaria por cuenca
2014-06,2014-06-01,2014,6,gas,cuenca,DEL COLORADO,promedio_diario,0.0,Producción de gas promedio diaria por cuenca
2014-06,2014-06-01,2014,6,gas,cuenca,FUERA DE CUENCA,promedio_diario,0.0,Producción de gas promedio diaria por cuenca
2014-06,2014-06-01,2014,6,gas,cuenca,GENERAL LEVALLE,promedio_diario,0.0,Producción de gas promedio diaria por cuenca
2014-06,2014-06-01,2014,6,gas,cuenca,GOLFO SAN JORGE,promedio_diario,14414.3112632145,Producción de gas promedio diaria por cuenca
2014-06,2014-06-01,2014,6,gas,cuenca,LAS SALINAS,promedio_diario,0.0,Producción de gas promedio diaria por cuenca
2014-06,2014-06-01,2014,6,gas,cuenca,LOS BOLSONES,promedio_diario,0.0,Producción de gas promedio diaria por cuenca
2014-06,2014-06-01,2014,6,gas,cuenca,MALVINAS,promedio_diario,0.0,Producción de gas promedio diaria por cuenca
2014-06,2014-06-01,2014,6,gas,cuenca,NEUQUINA,promedio_diario,63720.4975263337,Producción de gas promedio diaria por cuenca
2014-06,2014-06-01,2014,6,gas,cuenca,NORESTE,promedio_diario,0.0,Producción de gas promedio diaria por cuenca
2014-06,2014-06-01,2014,6,gas,cuenca,NOROESTE,promedio_diario,7915.44513333333,Producción de gas promedio diaria por cuenca
2014-06,2014-06-01,2014,6,gas,cuenca,ÑIRIHUAU,promedio_diario,0.0,Producción de gas promedio diaria por cuenca
2014-07,2014-07-01,2014,7,gas,cuenca,AUSTRAL,promedio_diario,28458.9320645161,Producción de gas promedio diaria por cuenca
2014-07,2014-07-01,2014,7,gas,cuenca,CAÑADON ASFALTO,promedio_diario,0.0,Producción de gas promedio diaria por cuenca
2014-07,2014-07-01,2014,7,gas,cuenca,CUYANA,promedio_diario,156.196470967742,Producción de gas promedio diaria por cuenca
2014-07,2014-07-01,2014,7,gas,cuenca,DEL COLORADO,promedio_diario,0.0,Producción de gas promedio diaria por cuenca
2014-07,2014-07-01,2014,7,gas,cuenca,FUERA DE CUENCA,promedio_diario,0.0,Producción de gas promedio diaria por cuenca
2014-07,2014-07-01,2014,7,gas,cuenca,GENERAL LEVALLE,promedio_diario,0.0,Producción de gas promedio diaria por cuenca
2014-07,2014-07-01,2014,7,gas,cuenca,GOLFO SAN JORGE,promedio_diario,14614.6169053475,Producción de gas promedio diaria por cuenca
2014-07,2014-07-01,2014,7,gas,cuenca,LAS SALINAS,promedio_diario,0.0,Producción de gas promedio diaria por cuenca
2014-07,2014-07-01,2014,7,gas,cuenca,LOS BOLSONES,promedio_diario,0.0,Producción de gas promedio diaria por cuenca
2014-07,2014-07-01,2014,7,gas,cuenca,MALVINAS,promedio_diario,0.0,Producción de gas promedio diaria por cuenca
2014-07,2014-07-01,2014,7,gas,cuenca,NEUQUINA,promedio_diario,64277.3681664519,Producción de gas promedio diaria por cuenca
2014-07,2014-07-01,2014,7,gas,cuenca,NORESTE,promedio_diario,0.0,Producción de gas promedio diaria por cuenca
2014-07,2014-07-01,2014,7,gas,cuenca,NOROESTE,promedio_diario,7795.29361290323,Producción de gas promedio diaria por cuenca
2014-07,2014-07-01,2014,7,gas,cuenca,ÑIRIHUAU,promedio_diario,0.0,Producción de gas promedio diaria por cuenca
2014-08,2014-08-01,2014,8,gas,cuenca,AUSTRAL,promedio_diario,27727.687516129,Producción de gas promedio diaria por cuenca
2014-08,2014-08-01,2014,8,gas,cuenca,CAÑADON ASFALTO,promedio_diario,0.0,Producción de gas promedio diaria por cuenca
2014-08,2014-08-01,2014,8,gas,cuenca,CUYANA,promedio_diario,151.547722258065,Producción de gas promedio diaria por cuenca
2014-08,2014-08-01,2014,8,gas,cuenca,DEL COLORADO,promedio_diario,0.0,Producción de gas promedio diaria por cuenca
2014-08,2014-08-01,2014,8,gas,cuenca,FUERA DE CUENCA,promedio_diario,0.0,Producción de gas promedio diaria por cuenca
2014-08,2014-08-01,2014,8,gas,cuenca,GENERAL LEVALLE,promedio_diario,0.0,Producción de gas promedio diaria por cuenca
2014-08,2014-08-01,2014,8,gas,cuenca,GOLFO SAN JORGE,promedio_diario,14393.0078965462,Producción de gas promedio diaria por cuenca
2014-08,2014-08-01,2014,8,gas,cuenca,LAS SALINAS,promedio_diario,0.0,Producción de gas promedio diaria por cuenca
2014-08,2014-08-01,2014,8,gas,cuenca,LOS BOLSONES,promedio_diario,0.0,Producción de gas promedio diaria por cuenca
2014-08,2014-08-01,2014,8,gas,cuenca,MALVINAS,promedio_diario,0.0,Producción de gas promedio diaria por cuenca
2014-08,2014-08-01,2014,8,gas,cuenca,NEUQUINA,promedio_diario,64792.604056129,Producción de gas promedio diaria por cuenca
2014-08,2014-08-01,2014,8,gas,cuenca,NORESTE,promedio_diario,0.0,Producción de gas promedio diaria por cuenca
2014-08,2014-08-01,2014,8,gas,cuenca,NOROESTE,promedio_diario,7737.62922580645,Producción de gas promedio diaria por cuenca
2014-08,2014-08-01,2014,8,gas,cuenca,ÑIRIHUAU,promedio_diario,0.0,Producción de gas promedio diaria por cuenca
2014-09,2014-09-01,2014,9,gas,cuenca,AUSTRAL,promedio_diario,27773.0029,Producción de gas promedio diaria por cuenca
2014-09,2014-09-01,2014,9,gas,cuenca,CAÑADON ASFALTO,promedio_diario,0.0,Producción de gas promedio diaria por cuenca
2014-09,2014-09-01,2014,9,gas,cuenca,CUYANA,promedio_diario,153.075825666667,Producción de gas promedio diaria por cuenca
2014-09,2014-09-01,2014,9,gas,cuenca,DEL COLORADO,promedio_diario,0.0,Producción de gas promedio diaria por cuenca
2014-09,2014-09-01,2014,9,gas,cuenca,FUERA DE CUENCA,promedio_diario,0.0,Producción de gas promedio diaria por cuenca
2014-09,2014-09-01,2014,9,gas,cuenca,GENERAL LEVALLE,promedio_diario,0.0,Producción de gas promedio diaria por cuenca
2014-09,2014-09-01,2014,9,gas,cuenca,GOLFO SAN JORGE,promedio_diario,14649.5312095306,Producción de gas promedio diaria por cuenca
2014-09,2014-09-01,2014,9,gas,cuenca,LAS SALINAS,promedio_diario,0.0,Producción de gas promedio diaria por cuenca
2014-09,2014-09-01,2014,9,gas,cuenca,LOS BOLSONES,promedio_diario,0.0,Producción de gas promedio diaria por cuenca
2014-09,2014-09-01,2014,9,gas,cuenca,MALVINAS,promedio_diario,0.0,Producción de gas promedio diaria por cuenca
2014-09,2014-09-01,2014,9,gas,cuenca,NEUQUINA,promedio_diario,64864.7275666667,Producción de gas promedio diaria por cuenca
2014-09,2014-09-01,2014,9,gas,cuenca,NORESTE,promedio_diario,0.0,Producción de gas promedio diaria por cuenca
2014-09,2014-09-01,2014,9,gas,cuenca,NOROESTE,promedio_diario,7747.37706666667,Producción de gas promedio diaria por cuenca
2014-09,2014-09-01,2014,9,gas,cuenca,ÑIRIHUAU,promedio_diario,0.0,Producción de gas promedio diaria por cuenca
2014-10,2014-10-01,2014,10,gas,cuenca,AUSTRAL,promedio_diario,25306.7406129032,Producción de gas promedio diaria por cuenca
2014-10,2014-10-01,2014,10,gas,cuenca,CAÑADON ASFALTO,promedio_diario,0.0,Producción de gas promedio diaria por cuenca
2014-10,2014-10-01,2014,10,gas,cuenca,CUYANA,promedio_diario,152.11439516129,Producción de gas promedio diaria por cuenca
2014-10,2014-10-01,2014,10,gas,cuenca,DEL COLORADO,promedio_diario,0.0,Producción de gas promedio diaria por cuenca
2014-10,2014-10-01,2014,10,gas,cuenca,FUERA DE CUENCA,promedio_diario,0.0,Producción de gas promedio diaria por cuenca
2014-10,2014-10-01,2014,10,gas,cuenca,GENERAL LEVALLE,promedio_diario,0.0,Producción de gas promedio diaria por cuenca
2014-10,2014-10-01,2014,10,gas,cuenca,GOLFO SAN JORGE,promedio_diario,14702.7003114293,Producción de gas promedio diaria por cuenca
2014-10,2014-10-01,2014,10,gas,cuenca,LAS SALINAS,promedio_diario,0.0,Producción de gas promedio diaria por cuenca
2014-10,2014-10-01,2014,10,gas,cuenca,LOS BOLSONES,promedio_diario,0.0,Producción de gas promedio diaria por cuenca
2014-10,2014-10-01,2014,10,gas,cuenca,MALVINAS,promedio_diario,0.0,Producción de gas promedio diaria por cuenca
2014-10,2014-10-01,2014,10,gas,cuenca,NEUQUINA,promedio_diario,64522.0230548387,Producción de gas promedio diaria por cuenca
2014-10,2014-10-01,2014,10,gas,cuenca,NORESTE,promedio_diario,0.0,Producción de gas promedio diaria por cuenca
2014-10,2014-10-01,2014,10,gas,cuenca,NOROESTE,promedio_diario,7649.28061290323,Producción de gas promedio diaria por cuenca
2014-10,2014-10-01,2014,10,gas,cuenca,ÑIRIHUAU,promedio_diario,0.0,Producción de gas promedio diaria por cuenca
2014-11,2014-11-01,2014,11,gas,cuenca,AUSTRAL,promedio_diario,26825.4993,Producción de gas promedio diaria por cuenca
2014-11,2014-11-01,2014,11,gas,cuenca,CAÑADON ASFALTO,promedio_diario,0.0,Producción de gas promedio diaria por cuenca
2014-11,2014-11-01,2014,11,gas,cuenca,CUYANA,promedio_diario,154.786099666667,Producción de gas promedio diaria por cuenca
2014-11,2014-11-01,2014,11,gas,cuenca,DEL COLORADO,promedio_diario,0.0,Producción de gas promedio diaria por cuenca
2014-11,2014-11-01,2014,11,gas,cuenca,FUERA DE CUENCA,promedio_diario,0.0,Producción de gas promedio diaria por cuenca
2014-11,2014-11-01,2014,11,gas,cuenca,GENERAL LEVALLE,promedio_diario,0.0,Producción de gas promedio diaria por cuenca
2014-11,2014-11-01,2014,11,gas,cuenca,GOLFO SAN JORGE,promedio_diario,14483.4606490392,Producción de gas promedio diaria por cuenca
2014-11,2014-11-01,2014,11,gas,cuenca,LAS SALINAS,promedio_diario,0.0,Producción de gas promedio diaria por cuenca
2014-11,2014-11-01,2014,11,gas,cuenca,LOS BOLSONES,promedio_diario,0.0,Producción de gas promedio diaria por cuenca
2014-11,2014-11-01,2014,11,gas,cuenca,MALVINAS,promedio_diario,0.0,Producción de gas promedio diaria por cuenca
2014-11,2014-11-01,2014,11,gas,cuenca,NEUQUINA,promedio_diario,64933.3556833337,Producción de gas promedio diaria por cuenca
2014-11,2014-11-01,2014,11,gas,cuenca,NORESTE,promedio_diario,0.0,Producción de gas promedio diaria por cuenca
2014-11,2014-11-01,2014,11,gas,cuenca,NOROESTE,promedio_diario,7584.09063333333,Producción de gas promedio diaria por cuenca
2014-11,2014-11-01,2014,11,gas,cuenca,ÑIRIHUAU,promedio_diario,0.0,Producción de gas promedio diaria por cuenca
2014-12,2014-12-01,2014,12,gas,cuenca,AUSTRAL,promedio_diario,26556.5734516129,Producción de gas promedio diaria por cuenca
2014-12,2014-12-01,2014,12,gas,cuenca,CAÑADON ASFALTO,promedio_diario,0.0,Producción de gas promedio diaria por cuenca
2014-12,2014-12-01,2014,12,gas,cuenca,CUYANA,promedio_diario,151.233679677419,Producción de gas promedio diaria por cuenca
2014-12,2014-12-01,2014,12,gas,cuenca,DEL COLORADO,promedio_diario,0.0,Producción de gas promedio diaria por cuenca
2014-12,2014-12-01,2014,12,gas,cuenca,FUERA DE CUENCA,promedio_diario,0.0,Producción de gas promedio diaria por cuenca
2014-12,2014-12-01,2014,12,gas,cuenca,GENERAL LEVALLE,promedio_diario,0.0,Producción de gas promedio diaria por cuenca
2014-12,2014-12-01,2014,12,gas,cuenca,GOLFO SAN JORGE,promedio_diario,14772.1029104132,Producción de gas promedio diaria por cuenca
2014-12,2014-12-01,2014,12,gas,cuenca,LAS SALINAS,promedio_diario,0.0,Producción de gas promedio diaria por cuenca
2014-12,2014-12-01,2014,12,gas,cuenca,LOS BOLSONES,promedio_diario,0.0,Producción de gas promedio diaria por cuenca
2014-12,2014-12-01,2014,12,gas,cuenca,MALVINAS,promedio_diario,0.0,Producción de gas promedio diaria por cuenca
2014-12,2014-12-01,2014,12,gas,cuenca,NEUQUINA,promedio_diario,65284.4623451613,Producción de gas promedio diaria por cuenca
2014-12,2014-12-01,2014,12,gas,cuenca,NORESTE,promedio_diario,0.0,Producción de gas promedio diaria por cuenca
2014-12,2014-12-01,2014,12,gas,cuenca,NOROESTE,promedio_diario,7722.01270967742,Producción de gas promedio diaria por cuenca
2014-12,2014-12-01,2014,12,gas,cuenca,ÑIRIHUAU,promedio_diario,0.0,Producción de gas promedio diaria por cuenca
2015-01,2015-01-01,2015,1,gas,cuenca,AUSTRAL,promedio_diario,27211.6378064516,Producción de gas promedio diaria por cuenca
2015-01,2015-01-01,2015,1,gas,cuenca,CAÑADON ASFALTO,promedio_diario,0.0,Producción de gas promedio diaria por cuenca
2015-01,2015-01-01,2015,1,gas,cuenca,CUYANA,promedio_diario,151.013641935484,Producción de gas promedio diaria por cuenca
2015-01,2015-01-01,2015,1,gas,cuenca,DEL COLORADO,promedio_diario,0.0,Producción de gas promedio diaria por cuenca
2015-01,2015-01-01,2015,1,gas,cuenca,GOLFO SAN JORGE,promedio_diario,15153.1608928527,Producción de gas promedio diaria por cuenca
2015-01,2015-01-01,2015,1,gas,cuenca,LOS BOLSONES,promedio_diario,0.0,Producción de gas promedio diaria por cuenca
2015-01,2015-01-01,2015,1,gas,cuenca,MALVINAS,promedio_diario,0.0,Producción de gas promedio diaria por cuenca
2015-01,2015-01-01,2015,1,gas,cuenca,NEUQUINA,promedio_diario,65554.8974387097,Producción de gas promedio diaria por cuenca
2015-01,2015-01-01,2015,1,gas,cuenca,NORESTE,promedio_diario,0.0,Producción de gas promedio diaria por cuenca
2015-01,2015-01-01,2015,1,gas,cuenca,NOROESTE,promedio_diario,7910.16377419355,Producción de gas promedio diaria por cuenca
2015-01,2015-01-01,2015,1,gas,cuenca,ÑIRIHUAU,promedio_diario,0.0,Producción de gas promedio diaria por cuenca
2015-02,2015-02-01,2015,2,gas,cuenca,AUSTRAL,promedio_diario,26095.1707142857,Producción de gas promedio diaria por cuenca
2015-02,2015-02-01,2015,2,gas,cuenca,CAÑADON ASFALTO,promedio_diario,0.0,Producción de gas promedio diaria por cuenca
2015-02,2015-02-01,2015,2,gas,cuenca,CUYANA,promedio_diario,149.030863214286,Producción de gas promedio diaria por cuenca
2015-02,2015-02-01,2015,2,gas,cuenca,DEL COLORADO,promedio_diario,0.0,Producción de gas promedio diaria por cuenca
2015-02,2015-02-01,2015,2,gas,cuenca,GOLFO SAN JORGE,promedio_diario,15327.5660450817,Producción de gas promedio diaria por cuenca
2015-02,2015-02-01,2015,2,gas,cuenca,LOS BOLSONES,promedio_diario,0.0,Producción de gas promedio diaria por cuenca
2015-02,2015-02-01,2015,2,gas,cuenca,MALVINAS,promedio_diario,0.0,Producción de gas promedio diaria por cuenca
2015-02,2015-02-01,2015,2,gas,cuenca,NEUQUINA,promedio_diario,65934.0896892857,Producción de gas promedio diaria por cuenca
2015-02,2015-02-01,2015,2,gas,cuenca,NORESTE,promedio_diario,0.0,Producción de gas promedio diaria por cuenca
2015-02,2015-02-01,2015,2,gas,cuenca,NOROESTE,promedio_diario,7828.91914285714,Producción de gas promedio diaria por cuenca
2015-02,2015-02-01,2015,2,gas,cuenca,ÑIRIHUAU,promedio_diario,0.0,Producción de gas promedio diaria por cuenca
2015-03,2015-03-01,2015,3,gas,cuenca,AUSTRAL,promedio_diario,26405.843,Producción de gas promedio diaria por cuenca
2015-03,2015-03-01,2015,3,gas,cuenca,CAÑADON ASFALTO,promedio_diario,0.0,Producción de gas promedio diaria por cuenca
2015-03,2015-03-01,2015,3,gas,cuenca,CUYANA,promedio_diario,149.54188808871,Producción de gas promedio diaria por cuenca
2015-03,2015-03-01,2015,3,gas,cuenca,DEL COLORADO,promedio_diario,0.0,Producción de gas promedio diaria por cuenca
2015-03,2015-03-01,2015,3,gas,cuenca,GOLFO SAN JORGE,promedio_diario,15351.4891272409,Producción de gas promedio diaria por cuenca
2015-03,2015-03-01,2015,3,gas,cuenca,LOS BOLSONES,promedio_diario,0.0,Producción de gas promedio diaria por cuenca
2015-03,2015-03-01,2015,3,gas,cuenca,MALVINAS,promedio_diario,0.0,Producción de gas promedio diaria por cuenca
2015-03,2015-03-01,2015,3,gas,cuenca,NEUQUINA,promedio_diario,66887.85933871,Producción de gas promedio diaria por cuenca
2015-03,2015-03-01,2015,3,gas,cuenca,NORESTE,promedio_diario,0.0,Producción de gas promedio diaria por cuenca
2015-03,2015-03-01,2015,3,gas,cuenca,NOROESTE,promedio_diario,7728.20496774194,Producción de gas promedio diaria por cuenca
2015-03,2015-03-01,2015,3,gas,cuenca,ÑIRIHUAU,promedio_diario,0.0,Producción de gas promedio diaria por cuenca
2015-04,2015-04-01,2015,4,gas,cuenca,AUSTRAL,promedio_diario,26731.7194666667,Producción de gas promedio diaria por cuenca
2015-04,2015-04-01,2015,4,gas,cuenca,CAÑADON ASFALTO,promedio_diario,0.0,Producción de gas promedio diaria por cuenca
2015-04,2015-04-01,2015,4,gas,cuenca,CUYANA,promedio_diario,145.637955666667,Producción de gas promedio diaria por cuenca
2015-04,2015-04-01,2015,4,gas,cuenca,DEL COLORADO,promedio_diario,0.0,Producción de gas promedio diaria por cuenca
2015-04,2015-04-01,2015,4,gas,cuenca,GOLFO SAN JORGE,promedio_diario,15533.9873252659,Producción de gas promedio diaria por cuenca
2015-04,2015-04-01,2015,4,gas,cuenca,LOS BOLSONES,promedio_diario,0.0,Producción de gas promedio diaria por cuenca
2015-04,2015-04-01,2015,4,gas,cuenca,MALVINAS,promedio_diario,0.0,Producción de gas promedio diaria por cuenca
2015-04,2015-04-01,2015,4,gas,cuenca,NEUQUINA,promedio_diario,66912.2016166667,Producción de gas promedio diaria por cuenca
2015-04,2015-04-01,2015,4,gas,cuenca,NORESTE,promedio_diario,0.0,Producción de gas promedio diaria por cuenca
2015-04,2015-04-01,2015,4,gas,cuenca,NOROESTE,promedio_diario,7864.64896666667,Producción de gas promedio diaria por cuenca
2015-04,2015-04-01,2015,4,gas,cuenca,ÑIRIHUAU,promedio_diario,0.0,Producción de gas promedio diaria por cuenca
2015-05,2015-05-01,2015,5,gas,cuenca,AUSTRAL,promedio_diario,27552.6382258065,Producción de gas promedio diaria por cuenca
2015-05,2015-05-01,2015,5,gas,cuenca,CAÑADON ASFALTO,promedio_diario,0.0,Producción de gas promedio diaria por cuenca
2015-05,2015-05-01,2015,5,gas,cuenca,CUYANA,promedio_diario,142.122668870968,Producción de gas promedio diaria por cuenca
2015-05,2015-05-01,2015,5,gas,cuenca,DEL COLORADO,promedio_diario,0.0,Producción de gas promedio diaria por cuenca
2015-05,2015-05-01,2015,5,gas,cuenca,GOLFO SAN JORGE,promedio_diario,15201.8477867331,Producción de gas promedio diaria por cuenca
2015-05,2015-05-01,2015,5,gas,cuenca,LOS BOLSONES,promedio_diario,0.0,Producción de gas promedio diaria por cuenca
2015-05,2015-05-01,2015,5,gas,cuenca,MALVINAS,promedio_diario,0.0,Producción de gas promedio diaria por cuenca
2015-05,2015-05-01,2015,5,gas,cuenca,NEUQUINA,promedio_diario,67561.8374188713,Producción de gas promedio diaria por cuenca
2015-05,2015-05-01,2015,5,gas,cuenca,NORESTE,promedio_diario,0.0,Producción de gas promedio diaria por cuenca
2015-05,2015-05-01,2015,5,gas,cuenca,NOROESTE,promedio_diario,7925.47512903226,Producción de gas promedio diaria por cuenca
2015-05,2015-05-01,2015,5,gas,cuenca,ÑIRIHUAU,promedio_diario,0.0,Producción de gas promedio diaria por cuenca
2015-06,2015-06-01,2015,6,gas,cuenca,AUSTRAL,promedio_diario,27094.9321666667,Producción de gas promedio diaria por cuenca
2015-06,2015-06-01,2015,6,gas,cuenca,CAÑADON ASFALTO,promedio_diario,0.0,Producción de gas promedio diaria por cuenca
2015-06,2015-06-01,2015,6,gas,cuenca,CUYANA,promedio_diario,141.552304666667,Producción de gas promedio diaria por cuenca
2015-06,2015-06-01,2015,6,gas,cuenca,DEL COLORADO,promedio_diario,0.0,Producción de gas promedio diaria por cuenca
2015-06,2015-06-01,2015,6,gas,cuenca,GOLFO SAN JORGE,promedio_diario,15331.4828409512,Producción de gas promedio diaria por cuenca
2015-06,2015-06-01,2015,6,gas,cuenca,LOS BOLSONES,promedio_diario,0.0,Producción de gas promedio diaria por cuenca
2015-06,2015-06-01,2015,6,gas,cuenca,MALVINAS,promedio_diario,0.0,Producción de gas promedio diaria por cuenca
2015-06,2015-06-01,2015,6,gas,cuenca,NEUQUINA,promedio_diario,67584.0520666667,Producción de gas promedio diaria por cuenca
2015-06,2015-06-01,2015,6,gas,cuenca,NORESTE,promedio_diario,0.0,Producción de gas promedio diaria por cuenca
2015-06,2015-06-01,2015,6,gas,cuenca,NOROESTE,promedio_diario,7851.30426666667,Producción de gas promedio diaria por cuenca
2015-06,2015-06-01,2015,6,gas,cuenca,ÑIRIHUAU,promedio_diario,0.0,Producción de gas promedio diaria por cuenca
2015-07,2015-07-01,2015,7,gas,cuenca,AUSTRAL,promedio_diario,25969.3258709677,Producción de gas promedio diaria por cuenca
2015-07,2015-07-01,2015,7,gas,cuenca,CAÑADON ASFALTO,promedio_diario,0.0,Producción de gas promedio diaria por cuenca
2015-07,2015-07-01,2015,7,gas,cuenca,CUYANA,promedio_diario,146.13608483871,Producción de gas promedio diaria por cuenca
2015-07,2015-07-01,2015,7,gas,cuenca,DEL COLORADO,promedio_diario,0.0,Producción de gas promedio diaria por cuenca
2015-07,2015-07-01,2015,7,gas,cuenca,GOLFO SAN JORGE,promedio_diario,15375.0758801325,Producción de gas promedio diaria por cuenca
2015-07,2015-07-01,2015,7,gas,cuenca,LOS BOLSONES,promedio_diario,0.0,Producción de gas promedio diaria por cuenca
2015-07,2015-07-01,2015,7,gas,cuenca,MALVINAS,promedio_diario,0.0,Producción de gas promedio diaria por cuenca
2015-07,2015-07-01,2015,7,gas,cuenca,NEUQUINA,promedio_diario,68089.4685161284,Producción de gas promedio diaria por cuenca
2015-07,2015-07-01,2015,7,gas,cuenca,NORESTE,promedio_diario,0.0,Producción de gas promedio diaria por cuenca
2015-07,2015-07-01,2015,7,gas,cuenca,NOROESTE,promedio_diario,7745.30258064516,Producción de gas promedio diaria por cuenca
2015-07,2015-07-01,2015,7,gas,cuenca,ÑIRIHUAU,promedio_diario,0.0,Producción de gas promedio diaria por cuenca
2015-08,2015-08-01,2015,8,gas,cuenca,AUSTRAL,promedio_diario,27181.652,Producción de gas promedio diaria por cuenca
2015-08,2015-08-01,2015,8,gas,cuenca,CAÑADON ASFALTO,promedio_diario,0.0,Producción de gas promedio diaria por cuenca
2015-08,2015-08-01,2015,8,gas,cuenca,CUYANA,promedio_diario,146.209569677419,Producción de gas promedio diaria por cuenca
2015-08,2015-08-01,2015,8,gas,cuenca,DEL COLORADO,promedio_diario,0.0,Producción de gas promedio diaria por cuenca
2015-08,2015-08-01,2015,8,gas,cuenca,GOLFO SAN JORGE,promedio_diario,15889.3413358868,Producción de gas promedio diaria por cuenca
2015-08,2015-08-01,2015,8,gas,cuenca,LOS BOLSONES,promedio_diario,0.0,Producción de gas promedio diaria por cuenca
2015-08,2015-08-01,2015,8,gas,cuenca,MALVINAS,promedio_diario,0.0,Producción de gas promedio diaria por cuenca
2015-08,2015-08-01,2015,8,gas,cuenca,NEUQUINA,promedio_diario,68716.3571290319,Producción de gas promedio diaria por cuenca
2015-08,2015-08-01,2015,8,gas,cuenca,NORESTE,promedio_diario,0.0,Producción de gas promedio diaria por cuenca
2015-08,2015-08-01,2015,8,gas,cuenca,NOROESTE,promedio_diario,7928.78225806452,Producción de gas promedio diaria por cuenca
2015-08,2015-08-01,2015,8,gas,cuenca,ÑIRIHUAU,promedio_diario,0.0,Producción de gas promedio diaria por cuenca
2015-09,2015-09-01,2015,9,gas,cuenca,AUSTRAL,promedio_diario,25881.4290669574,Producción de gas promedio diaria por cuenca
2015-09,2015-09-01,2015,9,gas,cuenca,CAÑADON ASFALTO,promedio_diario,0.0,Producción de gas promedio diaria por cuenca
2015-09,2015-09-01,2015,9,gas,cuenca,CUYANA,promedio_diario,151.930553,Producción de gas promedio diaria por cuenca
2015-09,2015-09-01,2015,9,gas,cuenca,DEL COLORADO,promedio_diario,0.0,Producción de gas promedio diaria por cuenca
2015-09,2015-09-01,2015,9,gas,cuenca,GOLFO SAN JORGE,promedio_diario,16148.0261128929,Producción de gas promedio diaria por cuenca
2015-09,2015-09-01,2015,9,gas,cuenca,LOS BOLSONES,promedio_diario,0.0,Producción de gas promedio diaria por cuenca
2015-09,2015-09-01,2015,9,gas,cuenca,MALVINAS,promedio_diario,0.0,Producción de gas promedio diaria por cuenca
2015-09,2015-09-01,2015,9,gas,cuenca,NEUQUINA,promedio_diario,68002.4938481353,Producción de gas promedio diaria por cuenca
2015-09,2015-09-01,2015,9,gas,cuenca,NORESTE,promedio_diario,0.0,Producción de gas promedio diaria por cuenca
2015-09,2015-09-01,2015,9,gas,cuenca,NOROESTE,promedio_diario,7793.2979,Producción de gas promedio diaria por cuenca
2015-09,2015-09-01,2015,9,gas,cuenca,ÑIRIHUAU,promedio_diario,0.0,Producción de gas promedio diaria por cuenca
2015-10,2015-10-01,2015,10,gas,cuenca,AUSTRAL,promedio_diario,27712.4090424124,Producción de gas promedio diaria por cuenca
2015-10,2015-10-01,2015,10,gas,cuenca,CAÑADON ASFALTO,promedio_diario,0.0,Producción de gas promedio diaria por cuenca
2015-10,2015-10-01,2015,10,gas,cuenca,CUYANA,promedio_diario,153.923431290323,Producción de gas promedio diaria por cuenca
2015-10,2015-10-01,2015,10,gas,cuenca,DEL COLORADO,promedio_diario,0.0,Producción de gas promedio diaria por cuenca
2015-10,2015-10-01,2015,10,gas,cuenca,GOLFO SAN JORGE,promedio_diario,16277.5548289274,Producción de gas promedio diaria por cuenca
2015-10,2015-10-01,2015,10,gas,cuenca,LOS BOLSONES,promedio_diario,0.0,Producción de gas promedio diaria por cuenca
2015-10,2015-10-01,2015,10,gas,cuenca,MALVINAS,promedio_diario,0.0,Producción de gas promedio diaria por cuenca
2015-10,2015-10-01,2015,10,gas,cuenca,NEUQUINA,promedio_diario,67631.7421095291,Producción de gas promedio diaria por cuenca
2015-10,2015-10-01,2015,10,gas,cuenca,NORESTE,promedio_diario,0.0,Producción de gas promedio diaria por cuenca
2015-10,2015-10-01,2015,10,gas,cuenca,NOROESTE,promedio_diario,7791.74061290323,Producción de gas promedio diaria por cuenca
2015-10,2015-10-01,2015,10,gas,cuenca,ÑIRIHUAU,promedio_diario,0.0,Producción de gas promedio diaria por cuenca
2015-11,2015-11-01,2015,11,gas,cuenca,AUSTRAL,promedio_diario,26951.6697629333,Producción de gas promedio diaria por cuenca
2015-11,2015-11-01,2015,11,gas,cuenca,CAÑADON ASFALTO,promedio_diario,0.0,Producción de gas promedio diaria por cuenca
2015-11,2015-11-01,2015,11,gas,cuenca,CUYANA,promedio_diario,153.303392666667,Producción de gas promedio diaria por cuenca
2015-11,2015-11-01,2015,11,gas,cuenca,DEL COLORADO,promedio_diario,0.0,Producción de gas promedio diaria por cuenca
2015-11,2015-11-01,2015,11,gas,cuenca,GOLFO SAN JORGE,promedio_diario,16212.6523317735,Producción de gas promedio diaria por cuenca
2015-11,2015-11-01,2015,11,gas,cuenca,LOS BOLSONES,promedio_diario,0.0,Producción de gas promedio diaria por cuenca
2015-11,2015-11-01,2015,11,gas,cuenca,MALVINAS,promedio_diario,0.0,Producción de gas promedio diaria por cuenca
2015-11,2015-11-01,2015,11,gas,cuenca,NEUQUINA,promedio_diario,67566.0578746032,Producción de gas promedio diaria por cuenca
2015-11,2015-11-01,2015,11,gas,cuenca,NORESTE,promedio_diario,0.0,Producción de gas promedio diaria por cuenca
2015-11,2015-11-01,2015,11,gas,cuenca,NOROESTE,promedio_diario,7679.89213333333,Producción de gas promedio diaria por cuenca
2015-11,2015-11-01,2015,11,gas,cuenca,ÑIRIHUAU,promedio_diario,0.0,Producción de gas promedio diaria por cuenca
2015-12,2015-12-01,2015,12,gas,cuenca,AUSTRAL,promedio_diario,22580.8268568038,Producción de gas promedio diaria por cuenca
2015-12,2015-12-01,2015,12,gas,cuenca,CAÑADON ASFALTO,promedio_diario,0.0,Producción de gas promedio diaria por cuenca
2015-12,2015-12-01,2015,12,gas,cuenca,CUYANA,promedio_diario,146.350289032258,Producción de gas promedio diaria por cuenca
2015-12,2015-12-01,2015,12,gas,cuenca,DEL COLORADO,promedio_diario,0.0,Producción de gas promedio diaria por cuenca
2015-12,2015-12-01,2015,12,gas,cuenca,GOLFO SAN JORGE,promedio_diario,16083.4297385279,Producción de gas promedio diaria por cuenca
2015-12,2015-12-01,2015,12,gas,cuenca,LOS BOLSONES,promedio_diario,0.0,Producción de gas promedio diaria por cuenca
2015-12,2015-12-01,2015,12,gas,cuenca,MALVINAS,promedio_diario,0.0,Producción de gas promedio diaria por cuenca
2015-12,2015-12-01,2015,12,gas,cuenca,NEUQUINA,promedio_diario,69178.6317438169,Producción de gas promedio diaria por cuenca
2015-12,2015-12-01,2015,12,gas,cuenca,NORESTE,promedio_diario,0.0,Producción de gas promedio diaria por cuenca
2015-12,2015-12-01,2015,12,gas,cuenca,NOROESTE,promedio_diario,7728.99764516129,Producción de gas promedio diaria por cuenca
2015-12,2015-12-01,2015,12,gas,cuenca,ÑIRIHUAU,promedio_diario,0.0,Producción de gas promedio diaria por cuenca
2016-01,2016-01-01,2016,1,gas,cuenca,AUSTRAL,promedio_diario,26820.1865249133,Producción de gas promedio diaria por cuenca
2016-01,2016-01-01,2016,1,gas,cuenca,CAÑADON ASFALTO,promedio_diario,0.0,Producción de gas promedio diaria por cuenca
2016-01,2016-01-01,2016,1,gas,cuenca,CUYANA,promedio_diario,145.486528625806,Producción de gas promedio diaria por cuenca
2016-01,2016-01-01,2016,1,gas,cuenca,DEL COLORADO,promedio_diario,0.0,Producción de gas promedio diaria por cuenca
2016-01,2016-01-01,2016,1,gas,cuenca,GOLFO SAN JORGE,promedio_diario,16004.536411283,Producción de gas promedio diaria por cuenca
2016-01,2016-01-01,2016,1,gas,cuenca,LOS BOLSONES,promedio_diario,0.0,Producción de gas promedio diaria por cuenca
2016-01,2016-01-01,2016,1,gas,cuenca,MALVINAS,promedio_diario,0.0,Producción de gas promedio diaria por cuenca
2016-01,2016-01-01,2016,1,gas,cuenca,NEUQUINA,promedio_diario,69096.4316543679,Producción de gas promedio diaria por cuenca
2016-01,2016-01-01,2016,1,gas,cuenca,NORESTE,promedio_diario,0.0,Producción de gas promedio diaria por cuenca
2016-01,2016-01-01,2016,1,gas,cuenca,NOROESTE,promedio_diario,7656.31206451613,Producción de gas promedio diaria por cuenca
2016-01,2016-01-01,2016,1,gas,cuenca,ÑIRIHUAU,promedio_diario,0.0,Producción de gas promedio diaria por cuenca
2016-02,2016-02-01,2016,2,gas,cuenca,AUSTRAL,promedio_diario,26932.6918143299,Producción de gas promedio diaria por cuenca
2016-02,2016-02-01,2016,2,gas,cuenca,CAÑADON ASFALTO,promedio_diario,0.0,Producción de gas promedio diaria por cuenca
2016-02,2016-02-01,2016,2,gas,cuenca,CUYANA,promedio_diario,142.534086551724,Producción de gas promedio diaria por cuenca
2016-02,2016-02-01,2016,2,gas,cuenca,DEL COLORADO,promedio_diario,0.0,Producción de gas promedio diaria por cuenca
2016-02,2016-02-01,2016,2,gas,cuenca,GOLFO SAN JORGE,promedio_diario,15720.6192527986,Producción de gas promedio diaria por cuenca
2016-02,2016-02-01,2016,2,gas,cuenca,LOS BOLSONES,promedio_diario,0.0,Producción de gas promedio diaria por cuenca
2016-02,2016-02-01,2016,2,gas,cuenca,MALVINAS,promedio_diario,0.0,Producción de gas promedio diaria por cuenca
2016-02,2016-02-01,2016,2,gas,cuenca,NEUQUINA,promedio_diario,69762.6333106733,Producción de gas promedio diaria por cuenca
2016-02,2016-02-01,2016,2,gas,cuenca,NORESTE,promedio_diario,0.0,Producción de gas promedio diaria por cuenca
2016-02,2016-02-01,2016,2,gas,cuenca,NOROESTE,promedio_diario,7562.08251724138,Producción de gas promedio diaria por cuenca
2016-02,2016-02-01,2016,2,gas,cuenca,ÑIRIHUAU,promedio_diario,0.0,Producción de gas promedio diaria por cuenca
2016-03,2016-03-01,2016,3,gas,cuenca,AUSTRAL,promedio_diario,28124.1623132325,Producción de gas promedio diaria por cuenca
2016-03,2016-03-01,2016,3,gas,cuenca,CAÑADON ASFALTO,promedio_diario,0.0,Producción de gas promedio diaria por cuenca
2016-03,2016-03-01,2016,3,gas,cuenca,CUYANA,promedio_diario,148.179526451613,Producción de gas promedio diaria por cuenca
2016-03,2016-03-01,2016,3,gas,cuenca,DEL COLORADO,promedio_diario,0.0,Producción de gas promedio diaria por cuenca
2016-03,2016-03-01,2016,3,gas,cuenca,GOLFO SAN JORGE,promedio_diario,15660.0833377541,Producción de gas promedio diaria por cuenca
2016-03,2016-03-01,2016,3,gas,cuenca,LOS BOLSONES,promedio_diario,0.0,Producción de gas promedio diaria por cuenca
2016-03,2016-03-01,2016,3,gas,cuenca,MALVINAS,promedio_diario,0.0,Producción de gas promedio diaria por cuenca
2016-03,2016-03-01,2016,3,gas,cuenca,NEUQUINA,promedio_diario,70745.6948209292,Producción de gas promedio diaria por cuenca
2016-03,2016-03-01,2016,3,gas,cuenca,NORESTE,promedio_diario,0.0,Producción de gas promedio diaria por cuenca
2016-03,2016-03-01,2016,3,gas,cuenca,NOROESTE,promedio_diario,7322.62258064516,Producción de gas promedio diaria por cuenca
2016-03,2016-03-01,2016,3,gas,cuenca,ÑIRIHUAU,promedio_diario,0.0,Producción de gas promedio diaria por cuenca
2016-04,2016-04-01,2016,4,gas,cuenca,AUSTRAL,promedio_diario,29895.9460268371,Producción de gas promedio diaria por cuenca
2016-04,2016-04-01,2016,4,gas,cuenca,CAÑADON ASFALTO,promedio_diario,0.0,Producción de gas promedio diaria por cuenca
2016-04,2016-04-01,2016,4,gas,cuenca,CUYANA,promedio_diario,145.187116666667,Producción de gas promedio diaria por cuenca
2016-04,2016-04-01,2016,4,gas,cuenca,DEL COLORADO,promedio_diario,0.0,Producción de gas promedio diaria por cuenca
2016-04,2016-04-01,2016,4,gas,cuenca,GOLFO SAN JORGE,promedio_diario,15783.602561415,Producción de gas promedio diaria por cuenca
2016-04,2016-04-01,2016,4,gas,cuenca,LOS BOLSONES,promedio_diario,0.0,Producción de gas promedio diaria por cuenca
2016-04,2016-04-01,2016,4,gas,cuenca,MALVINAS,promedio_diario,0.0,Producción de gas promedio diaria por cuenca
2016-04,2016-04-01,2016,4,gas,cuenca,NEUQUINA,promedio_diario,69802.5945165477,Producción de gas promedio diaria por cuenca
2016-04,2016-04-01,2016,4,gas,cuenca,NORESTE,promedio_diario,0.0,Producción de gas promedio diaria por cuenca
2016-04,2016-04-01,2016,4,gas,cuenca,NOROESTE,promedio_diario,7292.66593333333,Producción de gas promedio diaria por cuenca
2016-04,2016-04-01,2016,4,gas,cuenca,ÑIRIHUAU,promedio_diario,0.0,Producción de gas promedio diaria por cuenca
2016-05,2016-05-01,2016,5,gas,cuenca,AUSTRAL,promedio_diario,29343.5457564516,Producción de gas promedio diaria por cuenca
2016-05,2016-05-01,2016,5,gas,cuenca,CAÑADON ASFALTO,promedio_diario,0.0,Producción de gas promedio diaria por cuenca
2016-05,2016-05-01,2016,5,gas,cuenca,CUYANA,promedio_diario,137.755584516129,Producción de gas promedio diaria por cuenca
2016-05,2016-05-01,2016,5,gas,cuenca,DEL COLORADO,promedio_diario,0.0,Producción de gas promedio diaria por cuenca
2016-05,2016-05-01,2016,5,gas,cuenca,GOLFO SAN JORGE,promedio_diario,15567.9610094279,Producción de gas promedio diaria por cuenca
2016-05,2016-05-01,2016,5,gas,cuenca,LOS BOLSONES,promedio_diario,0.0,Producción de gas promedio diaria por cuenca
2016-05,2016-05-01,2016,5,gas,cuenca,MALVINAS,promedio_diario,0.0,Producción de gas promedio diaria por cuenca
2016-05,2016-05-01,2016,5,gas,cuenca,NEUQUINA,promedio_diario,71734.9658917431,Producción de gas promedio diaria por cuenca
2016-05,2016-05-01,2016,5,gas,cuenca,NORESTE,promedio_diario,0.0,Producción de gas promedio diaria por cuenca
2016-05,2016-05-01,2016,5,gas,cuenca,NOROESTE,promedio_diario,7491.33351612903,Producción de gas promedio diaria por cuenca
2016-05,2016-05-01,2016,5,gas,cuenca,ÑIRIHUAU,promedio_diario,0.0,Producción de gas promedio diaria por cuenca
2016-06,2016-06-01,2016,6,gas,cuenca,AUSTRAL,promedio_diario,29749.4179119667,Producción de gas promedio diaria por cuenca
2016-06,2016-06-01,2016,6,gas,cuenca,CAÑADON ASFALTO,promedio_diario,0.0,Producción de gas promedio diaria por cuenca
2016-06,2016-06-01,2016,6,gas,cuenca,CUYANA,promedio_diario,137.098732333333,Producción de gas promedio diaria por cuenca
2016-06,2016-06-01,2016,6,gas,cuenca,DEL COLORADO,promedio_diario,0.0,Producción de gas promedio diaria por cuenca
2016-06,2016-06-01,2016,6,gas,cuenca,GOLFO SAN JORGE,promedio_diario,15355.5804824403,Producción de gas promedio diaria por cuenca
2016-06,2016-06-01,2016,6,gas,cuenca,LOS BOLSONES,promedio_diario,0.0,Producción de gas promedio diaria por cuenca
2016-06,2016-06-01,2016,6,gas,cuenca,MALVINAS,promedio_diario,0.0,Producción de gas promedio diaria por cuenca
2016-06,2016-06-01,2016,6,gas,cuenca,NEUQUINA,promedio_diario,71393.9980633327,Producción de gas promedio diaria por cuenca
2016-06,2016-06-01,2016,6,gas,cuenca,NORESTE,promedio_diario,0.0,Producción de gas promedio diaria por cuenca
2016-06,2016-06-01,2016,6,gas,cuenca,NOROESTE,promedio_diario,7415.15743333333,Producción de gas promedio diaria por cuenca
2016-06,2016-06-01,2016,6,gas,cuenca,ÑIRIHUAU,promedio_diario,0.0,Producción de gas promedio diaria por cuenca
2016-07,2016-07-01,2016,7,gas,cuenca,AUSTRAL,promedio_diario,30235.8988653226,Producción de gas promedio diaria por cuenca
2016-07,2016-07-01,2016,7,gas,cuenca,CAÑADON ASFALTO,promedio_diario,0.0,Producción de gas promedio diaria por cuenca
2016-07,2016-07-01,2016,7,gas,cuenca,CUYANA,promedio_diario,143.058012580645,Producción de gas promedio diaria por cuenca
2016-07,2016-07-01,2016,7,gas,cuenca,DEL COLORADO,promedio_diario,0.0,Producción de gas promedio diaria por cuenca
2016-07,2016-07-01,2016,7,gas,cuenca,GOLFO SAN JORGE,promedio_diario,15697.1394289162,Producción de gas promedio diaria por cuenca
2016-07,2016-07-01,2016,7,gas,cuenca,LOS BOLSONES,promedio_diario,0.0,Producción de gas promedio diaria por cuenca
2016-07,2016-07-01,2016,7,gas,cuenca,MALVINAS,promedio_diario,0.0,Producción de gas promedio diaria por cuenca
2016-07,2016-07-01,2016,7,gas,cuenca,NEUQUINA,promedio_diario,72175.4631935484,Producción de gas promedio diaria por cuenca
2016-07,2016-07-01,2016,7,gas,cuenca,NORESTE,promedio_diario,0.0,Producción de gas promedio diaria por cuenca
2016-07,2016-07-01,2016,7,gas,cuenca,NOROESTE,promedio_diario,7374.55458064516,Producción de gas promedio diaria por cuenca
2016-07,2016-07-01,2016,7,gas,cuenca,ÑIRIHUAU,promedio_diario,0.0,Producción de gas promedio diaria por cuenca
2016-08,2016-08-01,2016,8,gas,cuenca,AUSTRAL,promedio_diario,30182.8043007419,Producción de gas promedio diaria por cuenca
2016-08,2016-08-01,2016,8,gas,cuenca,CAÑADON ASFALTO,promedio_diario,0.0,Producción de gas promedio diaria por cuenca
2016-08,2016-08-01,2016,8,gas,cuenca,CUYANA,promedio_diario,145.234119354839,Producción de gas promedio diaria por cuenca
2016-08,2016-08-01,2016,8,gas,cuenca,DEL COLORADO,promedio_diario,0.0,Producción de gas promedio diaria por cuenca
2016-08,2016-08-01,2016,8,gas,cuenca,GOLFO SAN JORGE,promedio_diario,15548.8201471064,Producción de gas promedio diaria por cuenca
2016-08,2016-08-01,2016,8,gas,cuenca,LOS BOLSONES,promedio_diario,0.0,Producción de gas promedio diaria por cuenca
2016-08,2016-08-01,2016,8,gas,cuenca,MALVINAS,promedio_diario,0.0,Producción de gas promedio diaria por cuenca
2016-08,2016-08-01,2016,8,gas,cuenca,NEUQUINA,promedio_diario,71698.3515806448,Producción de gas promedio diaria por cuenca
2016-08,2016-08-01,2016,8,gas,cuenca,NORESTE,promedio_diario,0.0,Producción de gas promedio diaria por cuenca
2016-08,2016-08-01,2016,8,gas,cuenca,NOROESTE,promedio_diario,7284.29441935484,Producción de gas promedio diaria por cuenca
2016-08,2016-08-01,2016,8,gas,cuenca,ÑIRIHUAU,promedio_diario,0.0,Producción de gas promedio diaria por cuenca
2016-09,2016-09-01,2016,9,gas,cuenca,AUSTRAL,promedio_diario,30065.9893860333,Producción de gas promedio diaria por cuenca
2016-09,2016-09-01,2016,9,gas,cuenca,CAÑADON ASFALTO,promedio_diario,0.0,Producción de gas promedio diaria por cuenca
2016-09,2016-09-01,2016,9,gas,cuenca,CUYANA,promedio_diario,144.382142666667,Producción de gas promedio diaria por cuenca
2016-09,2016-09-01,2016,9,gas,cuenca,DEL COLORADO,promedio_diario,0.0,Producción de gas promedio diaria por cuenca
2016-09,2016-09-01,2016,9,gas,cuenca,GOLFO SAN JORGE,promedio_diario,15399.7875385972,Producción de gas promedio diaria por cuenca
2016-09,2016-09-01,2016,9,gas,cuenca,LOS BOLSONES,promedio_diario,0.0,Producción de gas promedio diaria por cuenca
2016-09,2016-09-01,2016,9,gas,cuenca,MALVINAS,promedio_diario,0.0,Producción de gas promedio diaria por cuenca
2016-09,2016-09-01,2016,9,gas,cuenca,NEUQUINA,promedio_diario,71214.0876999997,Producción de gas promedio diaria por cuenca
2016-09,2016-09-01,2016,9,gas,cuenca,NORESTE,promedio_diario,0.0,Producción de gas promedio diaria por cuenca
2016-09,2016-09-01,2016,9,gas,cuenca,NOROESTE,promedio_diario,7170.57946666667,Producción de gas promedio diaria por cuenca
2016-09,2016-09-01,2016,9,gas,cuenca,ÑIRIHUAU,promedio_diario,0.0,Producción de gas promedio diaria por cuenca
2016-10,2016-10-01,2016,10,gas,cuenca,AUSTRAL,promedio_diario,29690.0884619355,Producción de gas promedio diaria por cuenca
2016-10,2016-10-01,2016,10,gas,cuenca,CAÑADON ASFALTO,promedio_diario,0.0,Producción de gas promedio diaria por cuenca
2016-10,2016-10-01,2016,10,gas,cuenca,CUYANA,promedio_diario,135.426387096774,Producción de gas promedio diaria por cuenca
2016-10,2016-10-01,2016,10,gas,cuenca,DEL COLORADO,promedio_diario,0.0,Producción de gas promedio diaria por cuenca
2016-10,2016-10-01,2016,10,gas,cuenca,GOLFO SAN JORGE,promedio_diario,15462.4933025553,Producción de gas promedio diaria por cuenca
2016-10,2016-10-01,2016,10,gas,cuenca,LOS BOLSONES,promedio_diario,0.0,Producción de gas promedio diaria por cuenca
2016-10,2016-10-01,2016,10,gas,cuenca,MALVINAS,promedio_diario,0.0,Producción de gas promedio diaria por cuenca
2016-10,2016-10-01,2016,10,gas,cuenca,MERCEDES,promedio_diario,0.0,Producción de gas promedio diaria por cuenca
2016-10,2016-10-01,2016,10,gas,cuenca,NEUQUINA,promedio_diario,72260.9427096778,Producción de gas promedio diaria por cuenca
2016-10,2016-10-01,2016,10,gas,cuenca,NORESTE,promedio_diario,0.0,Producción de gas promedio diaria por cuenca
2016-10,2016-10-01,2016,10,gas,cuenca,NOROESTE,promedio_diario,7066.45074193548,Producción de gas promedio diaria por cuenca
2016-10,2016-10-01,2016,10,gas,cuenca,ÑIRIHUAU,promedio_diario,0.0,Producción de gas promedio diaria por cuenca
2016-11,2016-11-01,2016,11,gas,cuenca,AUSTRAL,promedio_diario,27837.6258729333,Producción de gas promedio diaria por cuenca
2016-11,2016-11-01,2016,11,gas,cuenca,CAÑADON ASFALTO,promedio_diario,0.0,Producción de gas promedio diaria por cuenca
2016-11,2016-11-01,2016,11,gas,cuenca,CUYANA,promedio_diario,134.324054333333,Producción de gas promedio diaria por cuenca
2016-11,2016-11-01,2016,11,gas,cuenca,DEL COLORADO,promedio_diario,0.0,Producción de gas promedio diaria por cuenca
2016-11,2016-11-01,2016,11,gas,cuenca,GOLFO SAN JORGE,promedio_diario,15568.7674802023,Producción de gas promedio diaria por cuenca
2016-11,2016-11-01,2016,11,gas,cuenca,LOS BOLSONES,promedio_diario,0.0,Producción de gas promedio diaria por cuenca
2016-11,2016-11-01,2016,11,gas,cuenca,MALVINAS,promedio_diario,0.0,Producción de gas promedio diaria por cuenca
2016-11,2016-11-01,2016,11,gas,cuenca,MERCEDES,promedio_diario,0.0,Producción de gas promedio diaria por cuenca
2016-11,2016-11-01,2016,11,gas,cuenca,NEUQUINA,promedio_diario,70660.901333333,Producción de gas promedio diaria por cuenca
2016-11,2016-11-01,2016,11,gas,cuenca,NORESTE,promedio_diario,0.0,Producción de gas promedio diaria por cuenca
2016-11,2016-11-01,2016,11,gas,cuenca,NOROESTE,promedio_diario,7032.43243333333,Producción de gas promedio diaria por cuenca
2016-11,2016-11-01,2016,11,gas,cuenca,ÑIRIHUAU,promedio_diario,0.0,Producción de gas promedio diaria por cuenca
2016-12,2016-12-01,2016,12,gas,cuenca,AUSTRAL,promedio_diario,28329.5863806774,Producción de gas promedio diaria por cuenca
2016-12,2016-12-01,2016,12,gas,cuenca,CAÑADON ASFALTO,promedio_diario,0.0,Producción de gas promedio diaria por cuenca
2016-12,2016-12-01,2016,12,gas,cuenca,CUYANA,promedio_diario,123.409853225806,Producción de gas promedio diaria por cuenca
2016-12,2016-12-01,2016,12,gas,cuenca,DEL COLORADO,promedio_diario,0.0,Producción de gas promedio diaria por cuenca
2016-12,2016-12-01,2016,12,gas,cuenca,GOLFO SAN JORGE,promedio_diario,15234.0631866045,Producción de gas promedio diaria por cuenca
2016-12,2016-12-01,2016,12,gas,cuenca,LOS BOLSONES,promedio_diario,0.0,Producción de gas promedio diaria por cuenca
2016-12,2016-12-01,2016,12,gas,cuenca,MALVINAS,promedio_diario,0.0,Producción de gas promedio diaria por cuenca
2016-12,2016-12-01,2016,12,gas,cuenca,MERCEDES,promedio_diario,0.0,Producción de gas promedio diaria por cuenca
2016-12,2016-12-01,2016,12,gas,cuenca,NEUQUINA,promedio_diario,70821.6914193552,Producción de gas promedio diaria por cuenca
2016-12,2016-12-01,2016,12,gas,cuenca,NORESTE,promedio_diario,0.0,Producción de gas promedio diaria por cuenca
2016-12,2016-12-01,2016,12,gas,cuenca,NOROESTE,promedio_diario,6921.15641935484,Producción de gas promedio diaria por cuenca
2016-12,2016-12-01,2016,12,gas,cuenca,ÑIRIHUAU,promedio_diario,0.0,Producción de gas promedio diaria por cuenca
2017-01,2017-01-01,2017,1,gas,cuenca,AUSTRAL,promedio_diario,29363.267942129,Producción de gas promedio diaria por cuenca
2017-01,2017-01-01,2017,1,gas,cuenca,CAÑADON ASFALTO,promedio_diario,0.0,Producción de gas promedio diaria por cuenca
2017-01,2017-01-01,2017,1,gas,cuenca,CUYANA,promedio_diario,141.603890967742,Producción de gas promedio diaria por cuenca
2017-01,2017-01-01,2017,1,gas,cuenca,DEL COLORADO,promedio_diario,0.0,Producción de gas promedio diaria por cuenca
2017-01,2017-01-01,2017,1,gas,cuenca,GOLFO SAN JORGE,promedio_diario,15179.7363773349,Producción de gas promedio diaria por cuenca
2017-01,2017-01-01,2017,1,gas,cuenca,LOS BOLSONES,promedio_diario,0.0,Producción de gas promedio diaria por cuenca
2017-01,2017-01-01,2017,1,gas,cuenca,MALVINAS,promedio_diario,0.0,Producción de gas promedio diaria por cuenca
2017-01,2017-01-01,2017,1,gas,cuenca,MERCEDES,promedio_diario,0.0,Producción de gas promedio diaria por cuenca
2017-01,2017-01-01,2017,1,gas,cuenca,NEUQUINA,promedio_diario,71480.560645161,Producción de gas promedio diaria por cuenca
2017-01,2017-01-01,2017,1,gas,cuenca,NORESTE,promedio_diario,0.0,Producción de gas promedio diaria por cuenca
2017-01,2017-01-01,2017,1,gas,cuenca,NOROESTE,promedio_diario,6931.32464516129,Producción de gas promedio diaria por cuenca
2017-01,2017-01-01,2017,1,gas,cuenca,ÑIRIHUAU,promedio_diario,0.0,Producción de gas promedio diaria por cuenca
2017-02,2017-02-01,2017,2,gas,cuenca,AUSTRAL,promedio_diario,23288.8763472143,Producción de gas promedio diaria por cuenca
2017-02,2017-02-01,2017,2,gas,cuenca,CAÑADON ASFALTO,promedio_diario,0.0,Producción de gas promedio diaria por cuenca
2017-02,2017-02-01,2017,2,gas,cuenca,CUYANA,promedio_diario,132.951662857143,Producción de gas promedio diaria por cuenca
2017-02,2017-02-01,2017,2,gas,cuenca,DEL COLORADO,promedio_diario,0.0,Producción de gas promedio diaria por cuenca
2017-02,2017-02-01,2017,2,gas,cuenca,GOLFO SAN JORGE,promedio_diario,15190.4097929929,Producción de gas promedio diaria por cuenca
2017-02,2017-02-01,2017,2,gas,cuenca,LOS BOLSONES,promedio_diario,0.0,Producción de gas promedio diaria por cuenca
2017-02,2017-02-01,2017,2,gas,cuenca,MALVINAS,promedio_diario,0.0,Producción de gas promedio diaria por cuenca
2017-02,2017-02-01,2017,2,gas,cuenca,MERCEDES,promedio_diario,0.0,Producción de gas promedio diaria por cuenca
2017-02,2017-02-01,2017,2,gas,cuenca,NEUQUINA,promedio_diario,71393.2294285714,Producción de gas promedio diaria por cuenca
2017-02,2017-02-01,2017,2,gas,cuenca,NORESTE,promedio_diario,0.0,Producción de gas promedio diaria por cuenca
2017-02,2017-02-01,2017,2,gas,cuenca,NOROESTE,promedio_diario,6918.91232142857,Producción de gas promedio diaria por cuenca
2017-02,2017-02-01,2017,2,gas,cuenca,ÑIRIHUAU,promedio_diario,0.0,Producción de gas promedio diaria por cuenca
2017-03,2017-03-01,2017,3,gas,cuenca,AUSTRAL,promedio_diario,29558.2331484194,Producción de gas promedio diaria por cuenca
2017-03,2017-03-01,2017,3,gas,cuenca,CAÑADON ASFALTO,promedio_diario,0.0,Producción de gas promedio diaria por cuenca
2017-03,2017-03-01,2017,3,gas,cuenca,CUYANA,promedio_diario,135.322258064516,Producción de gas promedio diaria por cuenca
2017-03,2017-03-01,2017,3,gas,cuenca,DEL COLORADO,promedio_diario,0.0,Producción de gas promedio diaria por cuenca
2017-03,2017-03-01,2017,3,gas,cuenca,GOLFO SAN JORGE,promedio_diario,14930.6756550819,Producción de gas promedio diaria por cuenca
2017-03,2017-03-01,2017,3,gas,cuenca,LOS BOLSONES,promedio_diario,0.0,Producción de gas promedio diaria por cuenca
2017-03,2017-03-01,2017,3,gas,cuenca,MALVINAS,promedio_diario,0.0,Producción de gas promedio diaria por cuenca
2017-03,2017-03-01,2017,3,gas,cuenca,MERCEDES,promedio_diario,0.0,Producción de gas promedio diaria por cuenca
2017-03,2017-03-01,2017,3,gas,cuenca,NEUQUINA,promedio_diario,70778.360645161,Producción de gas promedio diaria por cuenca
2017-03,2017-03-01,2017,3,gas,cuenca,NORESTE,promedio_diario,0.0,Producción de gas promedio diaria por cuenca
2017-03,2017-03-01,2017,3,gas,cuenca,NOROESTE,promedio_diario,6817.33509677419,Producción de gas promedio diaria por cuenca
2017-03,2017-03-01,2017,3,gas,cuenca,ÑIRIHUAU,promedio_diario,0.0,Producción de gas promedio diaria por cuenca
2017-04,2017-04-01,2017,4,gas,cuenca,AUSTRAL,promedio_diario,29669.2296546,Producción de gas promedio diaria por cuenca
2017-04,2017-04-01,2017,4,gas,cuenca,CAÑADON ASFALTO,promedio_diario,0.0,Producción de gas promedio diaria por cuenca
2017-04,2017-04-01,2017,4,gas,cuenca,CUYANA,promedio_diario,133.194242333333,Producción de gas promedio diaria por cuenca
2017-04,2017-04-01,2017,4,gas,cuenca,DEL COLORADO,promedio_diario,0.0,Producción de gas promedio diaria por cuenca
2017-04,2017-04-01,2017,4,gas,cuenca,GOLFO SAN JORGE,promedio_diario,14378.5565137058,Producción de gas promedio diaria por cuenca
2017-04,2017-04-01,2017,4,gas,cuenca,LOS BOLSONES,promedio_diario,0.0,Producción de gas promedio diaria por cuenca
2017-04,2017-04-01,2017,4,gas,cuenca,MALVINAS,promedio_diario,0.0,Producción de gas promedio diaria por cuenca
2017-04,2017-04-01,2017,4,gas,cuenca,NEUQUINA,promedio_diario,72325.435166667,Producción de gas promedio diaria por cuenca
2017-04,2017-04-01,2017,4,gas,cuenca,NORESTE,promedio_diario,0.0,Producción de gas promedio diaria por cuenca
2017-04,2017-04-01,2017,4,gas,cuenca,NOROESTE,promedio_diario,6780.21866666667,Producción de gas promedio diaria por cuenca
2017-04,2017-04-01,2017,4,gas,cuenca,ÑIRIHUAU,promedio_diario,0.0,Producción de gas promedio diaria por cuenca
2017-05,2017-05-01,2017,5,gas,cuenca,AUSTRAL,promedio_diario,28282.0986305161,Producción de gas promedio diaria por cuenca
2017-05,2017-05-01,2017,5,gas,cuenca,CAÑADON ASFALTO,promedio_diario,0.0,Producción de gas promedio diaria por cuenca
2017-05,2017-05-01,2017,5,gas,cuenca,CUYANA,promedio_diario,133.018461374194,Producción de gas promedio diaria por cuenca
2017-05,2017-05-01,2017,5,gas,cuenca,DEL COLORADO,promedio_diario,0.0,Producción de gas promedio diaria por cuenca
2017-05,2017-05-01,2017,5,gas,cuenca,GOLFO SAN JORGE,promedio_diario,14880.5766602148,Producción de gas promedio diaria por cuenca
2017-05,2017-05-01,2017,5,gas,cuenca,LOS BOLSONES,promedio_diario,0.0,Producción de gas promedio diaria por cuenca
2017-05,2017-05-01,2017,5,gas,cuenca,MALVINAS,promedio_diario,0.0,Producción de gas promedio diaria por cuenca
2017-05,2017-05-01,2017,5,gas,cuenca,NEUQUINA,promedio_diario,72102.4269354839,Producción de gas promedio diaria por cuenca
2017-05,2017-05-01,2017,5,gas,cuenca,NORESTE,promedio_diario,0.0,Producción de gas promedio diaria por cuenca
2017-05,2017-05-01,2017,5,gas,cuenca,NOROESTE,promedio_diario,6711.69403225806,Producción de gas promedio diaria por cuenca
2017-05,2017-05-01,2017,5,gas,cuenca,ÑIRIHUAU,promedio_diario,0.0,Producción de gas promedio diaria por cuenca
2017-06,2017-06-01,2017,6,gas,cuenca,AUSTRAL,promedio_diario,29303.2256980333,Producción de gas promedio diaria por cuenca
2017-06,2017-06-01,2017,6,gas,cuenca,CAÑADON ASFALTO,promedio_diario,0.0,Producción de gas promedio diaria por cuenca
2017-06,2017-06-01,2017,6,gas,cuenca,CUYANA,promedio_diario,125.256527333333,Producción de gas promedio diaria por cuenca
2017-06,2017-06-01,2017,6,gas,cuenca,DEL COLORADO,promedio_diario,0.0,Producción de gas promedio diaria por cuenca
2017-06,2017-06-01,2017,6,gas,cuenca,GOLFO SAN JORGE,promedio_diario,14543.6477323137,Producción de gas promedio diaria por cuenca
2017-06,2017-06-01,2017,6,gas,cuenca,LOS BOLSONES,promedio_diario,0.0,Producción de gas promedio diaria por cuenca
2017-06,2017-06-01,2017,6,gas,cuenca,MALVINAS,promedio_diario,0.0,Producción de gas promedio diaria por cuenca
2017-06,2017-06-01,2017,6,gas,cuenca,NEUQUINA,promedio_diario,71724.4270000007,Producción de gas promedio diaria por cuenca
2017-06,2017-06-01,2017,6,gas,cuenca,NORESTE,promedio_diario,0.0,Producción de gas promedio diaria por cuenca
2017-06,2017-06-01,2017,6,gas,cuenca,NOROESTE,promedio_diario,6595.423,Producción de gas promedio diaria por cuenca
2017-06,2017-06-01,2017,6,gas,cuenca,ÑIRIHUAU,promedio_diario,0.0,Producción de gas promedio diaria por cuenca
2017-07,2017-07-01,2017,7,gas,cuenca,AUSTRAL,promedio_diario,30089.585076129,Producción de gas promedio diaria por cuenca
2017-07,2017-07-01,2017,7,gas,cuenca,CAÑADON ASFALTO,promedio_diario,0.0,Producción de gas promedio diaria por cuenca
2017-07,2017-07-01,2017,7,gas,cuenca,CUYANA,promedio_diario,126.892397419355,Producción de gas promedio diaria por cuenca
2017-07,2017-07-01,2017,7,gas,cuenca,DEL COLORADO,promedio_diario,0.0,Producción de gas promedio diaria por cuenca
2017-07,2017-07-01,2017,7,gas,cuenca,GOLFO SAN JORGE,promedio_diario,14414.9927760988,Producción de gas promedio diaria por cuenca
2017-07,2017-07-01,2017,7,gas,cuenca,LOS BOLSONES,promedio_diario,0.0,Producción de gas promedio diaria por cuenca
2017-07,2017-07-01,2017,7,gas,cuenca,MALVINAS,promedio_diario,0.0,Producción de gas promedio diaria por cuenca
2017-07,2017-07-01,2017,7,gas,cuenca,NEUQUINA,promedio_diario,72228.0802258071,Producción de gas promedio diaria por cuenca
2017-07,2017-07-01,2017,7,gas,cuenca,NORESTE,promedio_diario,0.0,Producción de gas promedio diaria por cuenca
2017-07,2017-07-01,2017,7,gas,cuenca,NOROESTE,promedio_diario,6533.93038709677,Producción de gas promedio diaria por cuenca
2017-07,2017-07-01,2017,7,gas,cuenca,ÑIRIHUAU,promedio_diario,0.0,Producción de gas promedio diaria por cuenca
2017-08,2017-08-01,2017,8,gas,cuenca,AUSTRAL,promedio_diario,30047.5701340323,Producción de gas promedio diaria por cuenca
2017-08,2017-08-01,2017,8,gas,cuenca,CAÑADON ASFALTO,promedio_diario,0.0,Producción de gas promedio diaria por cuenca
2017-08,2017-08-01,2017,8,gas,cuenca,CUYANA,promedio_diario,128.7329,Producción de gas promedio diaria por cuenca
2017-08,2017-08-01,2017,8,gas,cuenca,DEL COLORADO,promedio_diario,0.0,Producción de gas promedio diaria por cuenca
2017-08,2017-08-01,2017,8,gas,cuenca,GOLFO SAN JORGE,promedio_diario,14571.0850011506,Producción de gas promedio diaria por cuenca
2017-08,2017-08-01,2017,8,gas,cuenca,LOS BOLSONES,promedio_diario,0.0,Producción de gas promedio diaria por cuenca
2017-08,2017-08-01,2017,8,gas,cuenca,MALVINAS,promedio_diario,0.0,Producción de gas promedio diaria por cuenca
2017-08,2017-08-01,2017,8,gas,cuenca,NEUQUINA,promedio_diario,72610.8700645168,Producción de gas promedio diaria por cuenca
2017-08,2017-08-01,2017,8,gas,cuenca,NORESTE,promedio_diario,0.0,Producción de gas promedio diaria por cuenca
2017-08,2017-08-01,2017,8,gas,cuenca,NOROESTE,promedio_diario,6464.23072480645,Producción de gas promedio diaria por cuenca
2017-08,2017-08-01,2017,8,gas,cuenca,ÑIRIHUAU,promedio_diario,0.0,Producción de gas promedio diaria por cuenca
2017-09,2017-09-01,2017,9,gas,cuenca,AUSTRAL,promedio_diario,29691.0857901667,Producción de gas promedio diaria por cuenca
2017-09,2017-09-01,2017,9,gas,cuenca,CAÑADON ASFALTO,promedio_diario,0.0,Producción de gas promedio diaria por cuenca
2017-09,2017-09-01,2017,9,gas,cuenca,CUYANA,promedio_diario,136.109040333333,Producción de gas promedio diaria por cuenca
2017-09,2017-09-01,2017,9,gas,cuenca,DEL COLORADO,promedio_diario,0.0,Producción de gas promedio diaria por cuenca
2017-09,2017-09-01,2017,9,gas,cuenca,GOLFO SAN JORGE,promedio_diario,14693.5245505133,Producción de gas promedio diaria por cuenca
2017-09,2017-09-01,2017,9,gas,cuenca,LOS BOLSONES,promedio_diario,0.0,Producción de gas promedio diaria por cuenca
2017-09,2017-09-01,2017,9,gas,cuenca,MALVINAS,promedio_diario,0.0,Producción de gas promedio diaria por cuenca
2017-09,2017-09-01,2017,9,gas,cuenca,NEUQUINA,promedio_diario,72518.3778333333,Producción de gas promedio diaria por cuenca
2017-09,2017-09-01,2017,9,gas,cuenca,NORESTE,promedio_diario,0.0,Producción de gas promedio diaria por cuenca
2017-09,2017-09-01,2017,9,gas,cuenca,NOROESTE,promedio_diario,6379.332,Producción de gas promedio diaria por cuenca
2017-09,2017-09-01,2017,9,gas,cuenca,ÑIRIHUAU,promedio_diario,0.0,Producción de gas promedio diaria por cuenca
2017-10,2017-10-01,2017,10,gas,cuenca,AUSTRAL,promedio_diario,31110.8940981935,Producción de gas promedio diaria por cuenca
2017-10,2017-10-01,2017,10,gas,cuenca,CAÑADON ASFALTO,promedio_diario,0.0,Producción de gas promedio diaria por cuenca
2017-10,2017-10-01,2017,10,gas,cuenca,CUYANA,promedio_diario,130.945950645161,Producción de gas promedio diaria por cuenca
2017-10,2017-10-01,2017,10,gas,cuenca,DEL COLORADO,promedio_diario,0.0,Producción de gas promedio diaria por cuenca
2017-10,2017-10-01,2017,10,gas,cuenca,GOLFO SAN JORGE,promedio_diario,14527.9507197541,Producción de gas promedio diaria por cuenca
2017-10,2017-10-01,2017,10,gas,cuenca,LOS BOLSONES,promedio_diario,0.0,Producción de gas promedio diaria por cuenca
2017-10,2017-10-01,2017,10,gas,cuenca,MALVINAS,promedio_diario,0.0,Producción de gas promedio diaria por cuenca
2017-10,2017-10-01,2017,10,gas,cuenca,NEUQUINA,promedio_diario,72719.9363225806,Producción de gas promedio diaria por cuenca
2017-10,2017-10-01,2017,10,gas,cuenca,NORESTE,promedio_diario,0.0,Producción de gas promedio diaria por cuenca
2017-10,2017-10-01,2017,10,gas,cuenca,NOROESTE,promedio_diario,6332.04929032258,Producción de gas promedio diaria por cuenca
2017-10,2017-10-01,2017,10,gas,cuenca,ÑIRIHUAU,promedio_diario,0.0,Producción de gas promedio diaria por cuenca
2017-11,2017-11-01,2017,11,gas,cuenca,AUSTRAL,promedio_diario,29036.4163761333,Producción de gas promedio diaria por cuenca
2017-11,2017-11-01,2017,11,gas,cuenca,CAÑADON ASFALTO,promedio_diario,0.0,Producción de gas promedio diaria por cuenca
2017-11,2017-11-01,2017,11,gas,cuenca,CUYANA,promedio_diario,128.147025,Producción de gas promedio diaria por cuenca
2017-11,2017-11-01,2017,11,gas,cuenca,DEL COLORADO,promedio_diario,0.0,Producción de gas promedio diaria por cuenca
2017-11,2017-11-01,2017,11,gas,cuenca,GOLFO SAN JORGE,promedio_diario,14273.6189134076,Producción de gas promedio diaria por cuenca
2017-11,2017-11-01,2017,11,gas,cuenca,LOS BOLSONES,promedio_diario,0.0,Producción de gas promedio diaria por cuenca
2017-11,2017-11-01,2017,11,gas,cuenca,MALVINAS,promedio_diario,0.0,Producción de gas promedio diaria por cuenca
2017-11,2017-11-01,2017,11,gas,cuenca,NEUQUINA,promedio_diario,69498.2243,Producción de gas promedio diaria por cuenca
2017-11,2017-11-01,2017,11,gas,cuenca,NORESTE,promedio_diario,0.0,Producción de gas promedio diaria por cuenca
2017-11,2017-11-01,2017,11,gas,cuenca,NOROESTE,promedio_diario,6258.39223333333,Producción de gas promedio diaria por cuenca
2017-11,2017-11-01,2017,11,gas,cuenca,ÑIRIHUAU,promedio_diario,0.0,Producción de gas promedio diaria por cuenca
2017-12,2017-12-01,2017,12,gas,cuenca,AUSTRAL,promedio_diario,31192.4411625161,Producción de gas promedio diaria por cuenca
2017-12,2017-12-01,2017,12,gas,cuenca,CAÑADON ASFALTO,promedio_diario,0.0,Producción de gas promedio diaria por cuenca
2017-12,2017-12-01,2017,12,gas,cuenca,CUYANA,promedio_diario,139.299806451613,Producción de gas promedio diaria por cuenca
2017-12,2017-12-01,2017,12,gas,cuenca,DEL COLORADO,promedio_diario,0.0,Producción de gas promedio diaria por cuenca
2017-12,2017-12-01,2017,12,gas,cuenca,GOLFO SAN JORGE,promedio_diario,14276.3880508784,Producción de gas promedio diaria por cuenca
2017-12,2017-12-01,2017,12,gas,cuenca,LOS BOLSONES,promedio_diario,0.0,Producción de gas promedio diaria por cuenca
2017-12,2017-12-01,2017,12,gas,cuenca,MALVINAS,promedio_diario,0.0,Producción de gas promedio diaria por cuenca
2017-12,2017-12-01,2017,12,gas,cuenca,NEUQUINA,promedio_diario,71190.9109677419,Producción de gas promedio diaria por cuenca
2017-12,2017-12-01,2017,12,gas,cuenca,NORESTE,promedio_diario,0.0,Producción de gas promedio diaria por cuenca
2017-12,2017-12-01,2017,12,gas,cuenca,NOROESTE,promedio_diario,6232.20767741935,Producción de gas promedio diaria por cuenca
2017-12,2017-12-01,2017,12,gas,cuenca,ÑIRIHUAU,promedio_diario,0.0,Producción de gas promedio diaria por cuenca
2018-01,2018-01-01,2018,1,gas,cuenca,AUSTRAL,promedio_diario,31333.8338887097,Producción de gas promedio diaria por cuenca
2018-01,2018-01-01,2018,1,gas,cuenca,CAÑADON ASFALTO,promedio_diario,0.0,Producción de gas promedio diaria por cuenca
2018-01,2018-01-01,2018,1,gas,cuenca,CUYANA,promedio_diario,143.244182903226,Producción de gas promedio diaria por cuenca
2018-01,2018-01-01,2018,1,gas,cuenca,DEL COLORADO,promedio_diario,0.0,Producción de gas promedio diaria por cuenca
2018-01,2018-01-01,2018,1,gas,cuenca,GOLFO SAN JORGE,promedio_diario,14212.4343573855,Producción de gas promedio diaria por cuenca
2018-01,2018-01-01,2018,1,gas,cuenca,LOS BOLSONES,promedio_diario,0.0,Producción de gas promedio diaria por cuenca
2018-01,2018-01-01,2018,1,gas,cuenca,MALVINAS,promedio_diario,0.0,Producción de gas promedio diaria por cuenca
2018-01,2018-01-01,2018,1,gas,cuenca,NEUQUINA,promedio_diario,72191.356645161,Producción de gas promedio diaria por cuenca
2018-01,2018-01-01,2018,1,gas,cuenca,NOROESTE,promedio_diario,6163.96609677419,Producción de gas promedio diaria por cuenca
2018-01,2018-01-01,2018,1,gas,cuenca,ÑIRIHUAU,promedio_diario,0.0,Producción de gas promedio diaria por cuenca
2018-02,2018-02-01,2018,2,gas,cuenca,AUSTRAL,promedio_diario,30035.5989782857,Producción de gas promedio diaria por cuenca
2018-02,2018-02-01,2018,2,gas,cuenca,CAÑADON ASFALTO,promedio_diario,0.0,Producción de gas promedio diaria por cuenca
2018-02,2018-02-01,2018,2,gas,cuenca,CUYANA,promedio_diario,142.4440375,Producción de gas promedio diaria por cuenca
2018-02,2018-02-01,2018,2,gas,cuenca,DEL COLORADO,promedio_diario,0.0,Producción de gas promedio diaria por cuenca
2018-02,2018-02-01,2018,2,gas,cuenca,GOLFO SAN JORGE,promedio_diario,13908.0204264286,Producción de gas promedio diaria por cuenca
2018-02,2018-02-01,2018,2,gas,cuenca,LOS BOLSONES,promedio_diario,0.0,Producción de gas promedio diaria por cuenca
2018-02,2018-02-01,2018,2,gas,cuenca,MALVINAS,promedio_diario,0.0,Producción de gas promedio diaria por cuenca
2018-02,2018-02-01,2018,2,gas,cuenca,NEUQUINA,promedio_diario,74825.5467464286,Producción de gas promedio diaria por cuenca
2018-02,2018-02-01,2018,2,gas,cuenca,NOROESTE,promedio_diario,5927.21671428571,Producción de gas promedio diaria por cuenca
2018-02,2018-02-01,2018,2,gas,cuenca,ÑIRIHUAU,promedio_diario,0.0,Producción de gas promedio diaria por cuenca
2018-03,2018-03-01,2018,3,gas,cuenca,AUSTRAL,promedio_diario,30506.9570707097,Producción de gas promedio diaria por cuenca
2018-03,2018-03-01,2018,3,gas,cuenca,CAÑADON ASFALTO,promedio_diario,0.0,Producción de gas promedio diaria por cuenca
2018-03,2018-03-01,2018,3,gas,cuenca,CUYANA,promedio_diario,139.091495806452,Producción de gas promedio diaria por cuenca
2018-03,2018-03-01,2018,3,gas,cuenca,DEL COLORADO,promedio_diario,0.0,Producción de gas promedio diaria por cuenca
2018-03,2018-03-01,2018,3,gas,cuenca,GOLFO SAN JORGE,promedio_diario,13992.0855264516,Producción de gas promedio diaria por cuenca
2018-03,2018-03-01,2018,3,gas,cuenca,LOS BOLSONES,promedio_diario,0.0,Producción de gas promedio diaria por cuenca
2018-03,2018-03-01,2018,3,gas,cuenca,MALVINAS,promedio_diario,0.0,Producción de gas promedio diaria por cuenca
2018-03,2018-03-01,2018,3,gas,cuenca,NEUQUINA,promedio_diario,75446.7417741935,Producción de gas promedio diaria por cuenca
2018-03,2018-03-01,2018,3,gas,cuenca,NOROESTE,promedio_diario,5783.01580645161,Producción de gas promedio diaria por cuenca
2018-03,2018-03-01,2018,3,gas,cuenca,ÑIRIHUAU,promedio_diario,0.0,Producción de gas promedio diaria por cuenca
2018-04,2018-04-01,2018,4,gas,cuenca,AUSTRAL,promedio_diario,31900.5875193,Producción de gas promedio diaria por cuenca
2018-04,2018-04-01,2018,4,gas,cuenca,CAÑADON ASFALTO,promedio_diario,0.0,Producción de gas promedio diaria por cuenca
2018-04,2018-04-01,2018,4,gas,cuenca,CUYANA,promedio_diario,141.256576,Producción de gas promedio diaria por cuenca
2018-04,2018-04-01,2018,4,gas,cuenca,DEL COLORADO,promedio_diario,0.0,Producción de gas promedio diaria por cuenca
2018-04,2018-04-01,2018,4,gas,cuenca,GOLFO SAN JORGE,promedio_diario,13817.9270163333,Producción de gas promedio diaria por cuenca
2018-04,2018-04-01,2018,4,gas,cuenca,LOS BOLSONES,promedio_diario,0.0,Producción de gas promedio diaria por cuenca
2018-04,2018-04-01,2018,4,gas,cuenca,MALVINAS,promedio_diario,0.0,Producción de gas promedio diaria por cuenca
2018-04,2018-04-01,2018,4,gas,cuenca,NEUQUINA,promedio_diario,77774.1554333337,Producción de gas promedio diaria por cuenca
2018-04,2018-04-01,2018,4,gas,cuenca,NOROESTE,promedio_diario,5614.90193333333,Producción de gas promedio diaria por cuenca
2018-04,2018-04-01,2018,4,gas,cuenca,ÑIRIHUAU,promedio_diario,0.0,Producción de gas promedio diaria por cuenca
2018-05,2018-05-01,2018,5,gas,cuenca,AUSTRAL,promedio_diario,32104.769706871,Producción de gas promedio diaria por cuenca
2018-05,2018-05-01,2018,5,gas,cuenca,CAÑADON ASFALTO,promedio_diario,0.0,Producción de gas promedio diaria por cuenca
2018-05,2018-05-01,2018,5,gas,cuenca,CUYANA,promedio_diario,131.390270967742,Producción de gas promedio diaria por cuenca
2018-05,2018-05-01,2018,5,gas,cuenca,DEL COLORADO,promedio_diario,0.0,Producción de gas promedio diaria por cuenca
2018-05,2018-05-01,2018,5,gas,cuenca,GOLFO SAN JORGE,promedio_diario,13342.3019709677,Producción de gas promedio diaria por cuenca
2018-05,2018-05-01,2018,5,gas,cuenca,LOS BOLSONES,promedio_diario,0.0,Producción de gas promedio diaria por cuenca
2018-05,2018-05-01,2018,5,gas,cuenca,MALVINAS,promedio_diario,0.0,Producción de gas promedio diaria por cuenca
2018-05,2018-05-01,2018,5,gas,cuenca,NEUQUINA,promedio_diario,75834.3479032261,Producción de gas promedio diaria por cuenca
2018-05,2018-05-01,2018,5,gas,cuenca,NOROESTE,promedio_diario,5860.71209677419,Producción de gas promedio diaria por cuenca
2018-05,2018-05-01,2018,5,gas,cuenca,ÑIRIHUAU,promedio_diario,0.0,Producción de gas promedio diaria por cuenca
2018-06,2018-06-01,2018,6,gas,cuenca,AUSTRAL,promedio_diario,32919.2321784,Producción de gas promedio diaria por cuenca
2018-06,2018-06-01,2018,6,gas,cuenca,CAÑADON ASFALTO,promedio_diario,0.0,Producción de gas promedio diaria por cuenca
2018-06,2018-06-01,2018,6,gas,cuenca,CUYANA,promedio_diario,134.257464333333,Producción de gas promedio diaria por cuenca
2018-06,2018-06-01,2018,6,gas,cuenca,DEL COLORADO,promedio_diario,0.0,Producción de gas promedio diaria por cuenca
2018-06,2018-06-01,2018,6,gas,cuenca,GOLFO SAN JORGE,promedio_diario,13280.6477463333,Producción de gas promedio diaria por cuenca
2018-06,2018-06-01,2018,6,gas,cuenca,LOS BOLSONES,promedio_diario,0.0,Producción de gas promedio diaria por cuenca
2018-06,2018-06-01,2018,6,gas,cuenca,MALVINAS,promedio_diario,0.0,Producción de gas promedio diaria por cuenca
2018-06,2018-06-01,2018,6,gas,cuenca,NEUQUINA,promedio_diario,80026.5962666667,Producción de gas promedio diaria por cuenca
2018-06,2018-06-01,2018,6,gas,cuenca,NOROESTE,promedio_diario,5868.6196,Producción de gas promedio diaria por cuenca
2018-06,2018-06-01,2018,6,gas,cuenca,ÑIRIHUAU,promedio_diario,0.0,Producción de gas promedio diaria por cuenca
2018-07,2018-07-01,2018,7,gas,cuenca,AUSTRAL,promedio_diario,33174.0820151935,Producción de gas promedio diaria por cuenca
2018-07,2018-07-01,2018,7,gas,cuenca,CAÑADON ASFALTO,promedio_diario,0.0,Producción de gas promedio diaria por cuenca
2018-07,2018-07-01,2018,7,gas,cuenca,CUYANA,promedio_diario,134.817518064516,Producción de gas promedio diaria por cuenca
2018-07,2018-07-01,2018,7,gas,cuenca,DEL COLORADO,promedio_diario,0.0,Producción de gas promedio diaria por cuenca
2018-07,2018-07-01,2018,7,gas,cuenca,GOLFO SAN JORGE,promedio_diario,13435.6761319355,Producción de gas promedio diaria por cuenca
2018-07,2018-07-01,2018,7,gas,cuenca,LOS BOLSONES,promedio_diario,0.0,Producción de gas promedio diaria por cuenca
2018-07,2018-07-01,2018,7,gas,cuenca,MALVINAS,promedio_diario,0.0,Producción de gas promedio diaria por cuenca
2018-07,2018-07-01,2018,7,gas,cuenca,NEUQUINA,promedio_diario,79539.1932903229,Producción de gas promedio diaria por cuenca
2018-07,2018-07-01,2018,7,gas,cuenca,NOROESTE,promedio_diario,5856.81961290323,Producción de gas promedio diaria por cuenca
2018-07,2018-07-01,2018,7,gas,cuenca,ÑIRIHUAU,promedio_diario,0.0,Producción de gas promedio diaria por cuenca
2018-08,2018-08-01,2018,8,gas,cuenca,AUSTRAL,promedio_diario,33447.3765805806,Producción de gas promedio diaria por cuenca
2018-08,2018-08-01,2018,8,gas,cuenca,CAÑADON ASFALTO,promedio_diario,0.0,Producción de gas promedio diaria por cuenca
2018-08,2018-08-01,2018,8,gas,cuenca,CUYANA,promedio_diario,135.283132258065,Producción de gas promedio diaria por cuenca
2018-08,2018-08-01,2018,8,gas,cuenca,DEL COLORADO,promedio_diario,0.0,Producción de gas promedio diaria por cuenca
2018-08,2018-08-01,2018,8,gas,cuenca,GOLFO SAN JORGE,promedio_diario,13298.9914764516,Producción de gas promedio diaria por cuenca
2018-08,2018-08-01,2018,8,gas,cuenca,LOS BOLSONES,promedio_diario,0.0,Producción de gas promedio diaria por cuenca
2018-08,2018-08-01,2018,8,gas,cuenca,MALVINAS,promedio_diario,0.0,Producción de gas promedio diaria por cuenca
2018-08,2018-08-01,2018,8,gas,cuenca,NEUQUINA,promedio_diario,81050.2107741932,Producción de gas promedio diaria por cuenca
2018-08,2018-08-01,2018,8,gas,cuenca,NORESTE,promedio_diario,0.0,Producción de gas promedio diaria por cuenca
2018-08,2018-08-01,2018,8,gas,cuenca,NOROESTE,promedio_diario,5873.65722580645,Producción de gas promedio diaria por cuenca
2018-08,2018-08-01,2018,8,gas,cuenca,ÑIRIHUAU,promedio_diario,0.0,Producción de gas promedio diaria por cuenca
2018-09,2018-09-01,2018,9,gas,cuenca,AUSTRAL,promedio_diario,32845.1116965667,Producción de gas promedio diaria por cuenca
2018-09,2018-09-01,2018,9,gas,cuenca,CAÑADON ASFALTO,promedio_diario,0.0,Producción de gas promedio diaria por cuenca
2018-09,2018-09-01,2018,9,gas,cuenca,CUYANA,promedio_diario,127.997866666667,Producción de gas promedio diaria por cuenca
2018-09,2018-09-01,2018,9,gas,cuenca,DEL COLORADO,promedio_diario,0.0,Producción de gas promedio diaria por cuenca
2018-09,2018-09-01,2018,9,gas,cuenca,GOLFO SAN JORGE,promedio_diario,13588.0319423333,Producción de gas promedio diaria por cuenca
2018-09,2018-09-01,2018,9,gas,cuenca,LOS BOLSONES,promedio_diario,0.0,Producción de gas promedio diaria por cuenca
2018-09,2018-09-01,2018,9,gas,cuenca,MALVINAS,promedio_diario,0.0,Producción de gas promedio diaria por cuenca
2018-09,2018-09-01,2018,9,gas,cuenca,NEUQUINA,promedio_diario,79501.9548,Producción de gas promedio diaria por cuenca
2018-09,2018-09-01,2018,9,gas,cuenca,NORESTE,promedio_diario,0.0,Producción de gas promedio diaria por cuenca
2018-09,2018-09-01,2018,9,gas,cuenca,NOROESTE,promedio_diario,5737.07596666667,Producción de gas promedio diaria por cuenca
2018-09,2018-09-01,2018,9,gas,cuenca,ÑIRIHUAU,promedio_diario,0.0,Producción de gas promedio diaria por cuenca
2018-10,2018-10-01,2018,10,gas,cuenca,AUSTRAL,promedio_diario,33093.7068539355,Producción de gas promedio diaria por cuenca
2018-10,2018-10-01,2018,10,gas,cuenca,CAÑADON ASFALTO,promedio_diario,0.0,Producción de gas promedio diaria por cuenca
2018-10,2018-10-01,2018,10,gas,cuenca,CUYANA,promedio_diario,126.615904193548,Producción de gas promedio diaria por cuenca
2018-10,2018-10-01,2018,10,gas,cuenca,DEL COLORADO,promedio_diario,0.0,Producción de gas promedio diaria por cuenca
2018-10,2018-10-01,2018,10,gas,cuenca,GOLFO SAN JORGE,promedio_diario,13095.7195548387,Producción de gas promedio diaria por cuenca
2018-10,2018-10-01,2018,10,gas,cuenca,LOS BOLSONES,promedio_diario,0.0,Producción de gas promedio diaria por cuenca
2018-10,2018-10-01,2018,10,gas,cuenca,MALVINAS,promedio_diario,0.0,Producción de gas promedio diaria por cuenca
2018-10,2018-10-01,2018,10,gas,cuenca,NEUQUINA,promedio_diario,80382.3368709677,Producción de gas promedio diaria por cuenca
2018-10,2018-10-01,2018,10,gas,cuenca,NORESTE,promedio_diario,0.0,Producción de gas promedio diaria por cuenca
2018-10,2018-10-01,2018,10,gas,cuenca,NOROESTE,promedio_diario,5666.42409677419,Producción de gas promedio diaria por cuenca
2018-10,2018-10-01,2018,10,gas,cuenca,ÑIRIHUAU,promedio_diario,0.0,Producción de gas promedio diaria por cuenca
2018-11,2018-11-01,2018,11,gas,cuenca,AUSTRAL,promedio_diario,25463.9947127667,Producción de gas promedio diaria por cuenca
2018-11,2018-11-01,2018,11,gas,cuenca,CAÑADON ASFALTO,promedio_diario,0.0,Producción de gas promedio diaria por cuenca
2018-11,2018-11-01,2018,11,gas,cuenca,CUYANA,promedio_diario,123.514773,Producción de gas promedio diaria por cuenca
2018-11,2018-11-01,2018,11,gas,cuenca,DEL COLORADO,promedio_diario,0.0,Producción de gas promedio diaria por cuenca
2018-11,2018-11-01,2018,11,gas,cuenca,GOLFO SAN JORGE,promedio_diario,13415.1181206667,Producción de gas promedio diaria por cuenca
2018-11,2018-11-01,2018,11,gas,cuenca,LOS BOLSONES,promedio_diario,0.0,Producción de gas promedio diaria por cuenca
2018-11,2018-11-01,2018,11,gas,cuenca,MALVINAS,promedio_diario,0.0,Producción de gas promedio diaria por cuenca
2018-11,2018-11-01,2018,11,gas,cuenca,NEUQUINA,promedio_diario,78647.0305333337,Producción de gas promedio diaria por cuenca
2018-11,2018-11-01,2018,11,gas,cuenca,NORESTE,promedio_diario,0.0,Producción de gas promedio diaria por cuenca
2018-11,2018-11-01,2018,11,gas,cuenca,NOROESTE,promedio_diario,5579.84836666667,Producción de gas promedio diaria por cuenca
2018-11,2018-11-01,2018,11,gas,cuenca,ÑIRIHUAU,promedio_diario,0.0,Producción de gas promedio diaria por cuenca
2018-12,2018-12-01,2018,12,gas,cuenca,AUSTRAL,promedio_diario,31712.6440340323,Producción de gas promedio diaria por cuenca
2018-12,2018-12-01,2018,12,gas,cuenca,CAÑADON ASFALTO,promedio_diario,0.0,Producción de gas promedio diaria por cuenca
2018-12,2018-12-01,2018,12,gas,cuenca,CUYANA,promedio_diario,130.344830322581,Producción de gas promedio diaria por cuenca
2018-12,2018-12-01,2018,12,gas,cuenca,DEL COLORADO,promedio_diario,0.0,Producción de gas promedio diaria por cuenca
2018-12,2018-12-01,2018,12,gas,cuenca,GOLFO SAN JORGE,promedio_diario,13319.4982025806,Producción de gas promedio diaria por cuenca
2018-12,2018-12-01,2018,12,gas,cuenca,LOS BOLSONES,promedio_diario,0.0,Producción de gas promedio diaria por cuenca
2018-12,2018-12-01,2018,12,gas,cuenca,MALVINAS,promedio_diario,0.0,Producción de gas promedio diaria por cuenca
2018-12,2018-12-01,2018,12,gas,cuenca,NEUQUINA,promedio_diario,78150.7431935487,Producción de gas promedio diaria por cuenca
2018-12,2018-12-01,2018,12,gas,cuenca,NORESTE,promedio_diario,0.0,Producción de gas promedio diaria por cuenca
2018-12,2018-12-01,2018,12,gas,cuenca,NOROESTE,promedio_diario,5408.8814516129,Producción de gas promedio diaria por cuenca
2018-12,2018-12-01,2018,12,gas,cuenca,ÑIRIHUAU,promedio_diario,0.0,Producción de gas promedio diaria por cuenca
2019-01,2019-01-01,2019,1,gas,cuenca,AUSTRAL,promedio_diario,31182.4394514194,Producción de gas promedio diaria por cuenca
2019-01,2019-01-01,2019,1,gas,cuenca,CAÑADON ASFALTO,promedio_diario,0.0,Producción de gas promedio diaria por cuenca
2019-01,2019-01-01,2019,1,gas,cuenca,CUYANA,promedio_diario,128.655673225806,Producción de gas promedio diaria por cuenca
2019-01,2019-01-01,2019,1,gas,cuenca,DEL COLORADO,promedio_diario,0.0,Producción de gas promedio diaria por cuenca
2019-01,2019-01-01,2019,1,gas,cuenca,GOLFO SAN JORGE,promedio_diario,13100.1041664516,Producción de gas promedio diaria por cuenca
2019-01,2019-01-01,2019,1,gas,cuenca,LOS BOLSONES,promedio_diario,0.0,Producción de gas promedio diaria por cuenca
2019-01,2019-01-01,2019,1,gas,cuenca,MALVINAS,promedio_diario,0.0,Producción de gas promedio diaria por cuenca
2019-01,2019-01-01,2019,1,gas,cuenca,NEUQUINA,promedio_diario,79358.9888709681,Producción de gas promedio diaria por cuenca
2019-01,2019-01-01,2019,1,gas,cuenca,NORESTE,promedio_diario,0.0,Producción de gas promedio diaria por cuenca
2019-01,2019-01-01,2019,1,gas,cuenca,NOROESTE,promedio_diario,5268.3425483871,Producción de gas promedio diaria por cuenca
2019-01,2019-01-01,2019,1,gas,cuenca,ÑIRIHUAU,promedio_diario,0.0,Producción de gas promedio diaria por cuenca
2019-02,2019-02-01,2019,2,gas,cuenca,AUSTRAL,promedio_diario,31844.09849475,Producción de gas promedio diaria por cuenca
2019-02,2019-02-01,2019,2,gas,cuenca,CAÑADON ASFALTO,promedio_diario,0.0,Producción de gas promedio diaria por cuenca
2019-02,2019-02-01,2019,2,gas,cuenca,CUYANA,promedio_diario,130.699676785714,Producción de gas promedio diaria por cuenca
2019-02,2019-02-01,2019,2,gas,cuenca,DEL COLORADO,promedio_diario,0.0,Producción de gas promedio diaria por cuenca
2019-02,2019-02-01,2019,2,gas,cuenca,GOLFO SAN JORGE,promedio_diario,13245.6081,Producción de gas promedio diaria por cuenca
2019-02,2019-02-01,2019,2,gas,cuenca,LOS BOLSONES,promedio_diario,0.0,Producción de gas promedio diaria por cuenca
2019-02,2019-02-01,2019,2,gas,cuenca,MALVINAS,promedio_diario,0.0,Producción de gas promedio diaria por cuenca
2019-02,2019-02-01,2019,2,gas,cuenca,NEUQUINA,promedio_diario,84288.2129285721,Producción de gas promedio diaria por cuenca
2019-02,2019-02-01,2019,2,gas,cuenca,NORESTE,promedio_diario,0.0,Producción de gas promedio diaria por cuenca
2019-02,2019-02-01,2019,2,gas,cuenca,NOROESTE,promedio_diario,5154.95710714286,Producción de gas promedio diaria por cuenca
2019-02,2019-02-01,2019,2,gas,cuenca,ÑIRIHUAU,promedio_diario,0.0,Producción de gas promedio diaria por cuenca
2019-03,2019-03-01,2019,3,gas,cuenca,AUSTRAL,promedio_diario,32224.4361932903,Producción de gas promedio diaria por cuenca
2019-03,2019-03-01,2019,3,gas,cuenca,CAÑADON ASFALTO,promedio_diario,0.0,Producción de gas promedio diaria por cuenca
2019-03,2019-03-01,2019,3,gas,cuenca,CUYANA,promedio_diario,133.285860967742,Producción de gas promedio diaria por cuenca
2019-03,2019-03-01,2019,3,gas,cuenca,DEL COLORADO,promedio_diario,0.0,Producción de gas promedio diaria por cuenca
2019-03,2019-03-01,2019,3,gas,cuenca,GOLFO SAN JORGE,promedio_diario,13321.4762896774,Producción de gas promedio diaria por cuenca
2019-03,2019-03-01,2019,3,gas,cuenca,LOS BOLSONES,promedio_diario,0.0,Producción de gas promedio diaria por cuenca
2019-03,2019-03-01,2019,3,gas,cuenca,MALVINAS,promedio_diario,0.0,Producción de gas promedio diaria por cuenca
2019-03,2019-03-01,2019,3,gas,cuenca,NEUQUINA,promedio_diario,78721.3562903223,Producción de gas promedio diaria por cuenca
2019-03,2019-03-01,2019,3,gas,cuenca,NORESTE,promedio_diario,0.0,Producción de gas promedio diaria por cuenca
2019-03,2019-03-01,2019,3,gas,cuenca,NOROESTE,promedio_diario,5086.68125806452,Producción de gas promedio diaria por cuenca
2019-03,2019-03-01,2019,3,gas,cuenca,ÑIRIHUAU,promedio_diario,0.0,Producción de gas promedio diaria por cuenca
2019-04,2019-04-01,2019,4,gas,cuenca,AUSTRAL,promedio_diario,32352.3621600333,Producción de gas promedio diaria por cuenca
2019-04,2019-04-01,2019,4,gas,cuenca,CAÑADON ASFALTO,promedio_diario,0.0,Producción de gas promedio diaria por cuenca
2019-04,2019-04-01,2019,4,gas,cuenca,CUYANA,promedio_diario,132.009776666667,Producción de gas promedio diaria por cuenca
2019-04,2019-04-01,2019,4,gas,cuenca,DEL COLORADO,promedio_diario,0.0,Producción de gas promedio diaria por cuenca
2019-04,2019-04-01,2019,4,gas,cuenca,GOLFO SAN JORGE,promedio_diario,13189.0268603333,Producción de gas promedio diaria por cuenca
2019-04,2019-04-01,2019,4,gas,cuenca,LOS BOLSONES,promedio_diario,0.0,Producción de gas promedio diaria por cuenca
2019-04,2019-04-01,2019,4,gas,cuenca,MALVINAS,promedio_diario,0.0,Producción de gas promedio diaria por cuenca
2019-04,2019-04-01,2019,4,gas,cuenca,NEUQUINA,promedio_diario,80813.1579,Producción de gas promedio diaria por cuenca
2019-04,2019-04-01,2019,4,gas,cuenca,NORESTE,promedio_diario,0.0,Producción de gas promedio diaria por cuenca
2019-04,2019-04-01,2019,4,gas,cuenca,NOROESTE,promedio_diario,5141.19406666667,Producción de gas promedio diaria por cuenca
2019-04,2019-04-01,2019,4,gas,cuenca,ÑIRIHUAU,promedio_diario,0.0,Producción de gas promedio diaria por cuenca
2019-05,2019-05-01,2019,5,gas,cuenca,AUSTRAL,promedio_diario,34014.2390255806,Producción de gas promedio diaria por cuenca
2019-05,2019-05-01,2019,5,gas,cuenca,CAÑADON ASFALTO,promedio_diario,0.0,Producción de gas promedio diaria por cuenca
2019-05,2019-05-01,2019,5,gas,cuenca,CUYANA,promedio_diario,136.487476175258,Producción de gas promedio diaria por cuenca
2019-05,2019-05-01,2019,5,gas,cuenca,DEL COLORADO,promedio_diario,0.0,Producción de gas promedio diaria por cuenca
2019-05,2019-05-01,2019,5,gas,cuenca,GOLFO SAN JORGE,promedio_diario,13026.7774428106,Producción de gas promedio diaria por cuenca
2019-05,2019-05-01,2019,5,gas,cuenca,MALVINAS,promedio_diario,0.0,Producción de gas promedio diaria por cuenca
2019-05,2019-05-01,2019,5,gas,cuenca,NEUQUINA,promedio_diario,84674.3000645158,Producción de gas promedio diaria por cuenca
2019-05,2019-05-01,2019,5,gas,cuenca,NORESTE,promedio_diario,0.0,Producción de gas promedio diaria por cuenca
2019-05,2019-05-01,2019,5,gas,cuenca,NOROESTE,promedio_diario,5108.81464516129,Producción de gas promedio diaria por cuenca
2019-05,2019-05-01,2019,5,gas,cuenca,ÑIRIHUAU,promedio_diario,0.0,Producción de gas promedio diaria por cuenca
2019-06,2019-06-01,2019,6,gas,cuenca,AUSTRAL,promedio_diario,34096.6759368333,Producción de gas promedio diaria por cuenca
2019-06,2019-06-01,2019,6,gas,cuenca,CAÑADON ASFALTO,promedio_diario,0.0,Producción de gas promedio diaria por cuenca
2019-06,2019-06-01,2019,6,gas,cuenca,CUYANA,promedio_diario,131.346653666667,Producción de gas promedio diaria por cuenca
2019-06,2019-06-01,2019,6,gas,cuenca,DEL COLORADO,promedio_diario,0.0,Producción de gas promedio diaria por cuenca
2019-06,2019-06-01,2019,6,gas,cuenca,GOLFO SAN JORGE,promedio_diario,13165.6831536667,Producción de gas promedio diaria por cuenca
2019-06,2019-06-01,2019,6,gas,cuenca,MALVINAS,promedio_diario,0.0,Producción de gas promedio diaria por cuenca
2019-06,2019-06-01,2019,6,gas,cuenca,NEUQUINA,promedio_diario,87502.0746666667,Producción de gas promedio diaria por cuenca
2019-06,2019-06-01,2019,6,gas,cuenca,NORESTE,promedio_diario,0.0,Producción de gas promedio diaria por cuenca
2019-06,2019-06-01,2019,6,gas,cuenca,NOROESTE,promedio_diario,5099.90136666667,Producción de gas promedio diaria por cuenca
2019-06,2019-06-01,2019,6,gas,cuenca,ÑIRIHUAU,promedio_diario,0.0,Producción de gas promedio diaria por cuenca
2019-07,2019-07-01,2019,7,gas,cuenca,AUSTRAL,promedio_diario,35071.5093101613,Producción de gas promedio diaria por cuenca
2019-07,2019-07-01,2019,7,gas,cuenca,CAÑADON ASFALTO,promedio_diario,0.0,Producción de gas promedio diaria por cuenca
2019-07,2019-07-01,2019,7,gas,cuenca,CUYANA,promedio_diario,134.001247741935,Producción de gas promedio diaria por cuenca
2019-07,2019-07-01,2019,7,gas,cuenca,DEL COLORADO,promedio_diario,0.0,Producción de gas promedio diaria por cuenca
2019-07,2019-07-01,2019,7,gas,cuenca,GOLFO SAN JORGE,promedio_diario,13069.3725412903,Producción de gas promedio diaria por cuenca
2019-07,2019-07-01,2019,7,gas,cuenca,MALVINAS,promedio_diario,0.0,Producción de gas promedio diaria por cuenca
2019-07,2019-07-01,2019,7,gas,cuenca,NEUQUINA,promedio_diario,91150.7444193551,Producción de gas promedio diaria por cuenca
2019-07,2019-07-01,2019,7,gas,cuenca,NORESTE,promedio_diario,0.0,Producción de gas promedio diaria por cuenca
2019-07,2019-07-01,2019,7,gas,cuenca,NOROESTE,promedio_diario,4992.89919354839,Producción de gas promedio diaria por cuenca
2019-07,2019-07-01,2019,7,gas,cuenca,ÑIRIHUAU,promedio_diario,0.0,Producción de gas promedio diaria por cuenca
2019-08,2019-08-01,2019,8,gas,cuenca,AUSTRAL,promedio_diario,34942.3733622903,Producción de gas promedio diaria por cuenca
2019-08,2019-08-01,2019,8,gas,cuenca,CAÑADON ASFALTO,promedio_diario,0.0,Producción de gas promedio diaria por cuenca
2019-08,2019-08-01,2019,8,gas,cuenca,CUYANA,promedio_diario,145.558581290323,Producción de gas promedio diaria por cuenca
2019-08,2019-08-01,2019,8,gas,cuenca,DEL COLORADO,promedio_diario,0.0,Producción de gas promedio diaria por cuenca
2019-08,2019-08-01,2019,8,gas,cuenca,GOLFO SAN JORGE,promedio_diario,12914.4026898998,Producción de gas promedio diaria por cuenca
2019-08,2019-08-01,2019,8,gas,cuenca,MALVINAS,promedio_diario,0.0,Producción de gas promedio diaria por cuenca
2019-08,2019-08-01,2019,8,gas,cuenca,NEUQUINA,promedio_diario,91464.6955540978,Producción de gas promedio diaria por cuenca
2019-08,2019-08-01,2019,8,gas,cuenca,NORESTE,promedio_diario,0.0,Producción de gas promedio diaria por cuenca
2019-08,2019-08-01,2019,8,gas,cuenca,NOROESTE,promedio_diario,4955.78203225806,Producción de gas promedio diaria por cuenca
2019-08,2019-08-01,2019,8,gas,cuenca,ÑIRIHUAU,promedio_diario,0.0,Producción de gas promedio diaria por cuenca
2019-09,2019-09-01,2019,9,gas,cuenca,AUSTRAL,promedio_diario,34180.8809805,Producción de gas promedio diaria por cuenca
2019-09,2019-09-01,2019,9,gas,cuenca,CAÑADON ASFALTO,promedio_diario,0.0,Producción de gas promedio diaria por cuenca
2019-09,2019-09-01,2019,9,gas,cuenca,CUYANA,promedio_diario,142.124767666667,Producción de gas promedio diaria por cuenca
2019-09,2019-09-01,2019,9,gas,cuenca,DEL COLORADO,promedio_diario,0.0,Producción de gas promedio diaria por cuenca
2019-09,2019-09-01,2019,9,gas,cuenca,GOLFO SAN JORGE,promedio_diario,12499.2647819571,Producción de gas promedio diaria por cuenca
2019-09,2019-09-01,2019,9,gas,cuenca,MALVINAS,promedio_diario,0.0,Producción de gas promedio diaria por cuenca
2019-09,2019-09-01,2019,9,gas,cuenca,NEUQUINA,promedio_diario,86184.8979916541,Producción de gas promedio diaria por cuenca
2019-09,2019-09-01,2019,9,gas,cuenca,NORESTE,promedio_diario,0.0,Producción de gas promedio diaria por cuenca
2019-09,2019-09-01,2019,9,gas,cuenca,NOROESTE,promedio_diario,4936.01636666667,Producción de gas promedio diaria por cuenca
2019-09,2019-09-01,2019,9,gas,cuenca,ÑIRIHUAU,promedio_diario,0.0,Producción de gas promedio diaria por cuenca
2019-10,2019-10-01,2019,10,gas,cuenca,AUSTRAL,promedio_diario,33844.3726760968,Producción de gas promedio diaria por cuenca
2019-10,2019-10-01,2019,10,gas,cuenca,CAÑADON ASFALTO,promedio_diario,0.0,Producción de gas promedio diaria por cuenca
2019-10,2019-10-01,2019,10,gas,cuenca,CUYANA,promedio_diario,142.334468709677,Producción de gas promedio diaria por cuenca
2019-10,2019-10-01,2019,10,gas,cuenca,DEL COLORADO,promedio_diario,0.0,Producción de gas promedio diaria por cuenca
2019-10,2019-10-01,2019,10,gas,cuenca,GOLFO SAN JORGE,promedio_diario,12451.9164283781,Producción de gas promedio diaria por cuenca
2019-10,2019-10-01,2019,10,gas,cuenca,MALVINAS,promedio_diario,0.0,Producción de gas promedio diaria por cuenca
2019-10,2019-10-01,2019,10,gas,cuenca,MALVINAS OESTE,promedio_diario,0.0,Producción de gas promedio diaria por cuenca
2019-10,2019-10-01,2019,10,gas,cuenca,NEUQUINA,promedio_diario,88474.371645161,Producción de gas promedio diaria por cuenca
2019-10,2019-10-01,2019,10,gas,cuenca,NORESTE,promedio_diario,0.0,Producción de gas promedio diaria por cuenca
2019-10,2019-10-01,2019,10,gas,cuenca,NOROESTE,promedio_diario,4987.85958064516,Producción de gas promedio diaria por cuenca
2019-10,2019-10-01,2019,10,gas,cuenca,ÑIRIHUAU,promedio_diario,0.0,Producción de gas promedio diaria por cuenca
2019-11,2019-11-01,2019,11,gas,cuenca,AUSTRAL,promedio_diario,31127.7300761333,Producción de gas promedio diaria por cuenca
2019-11,2019-11-01,2019,11,gas,cuenca,CAÑADON ASFALTO,promedio_diario,0.0,Producción de gas promedio diaria por cuenca
2019-11,2019-11-01,2019,11,gas,cuenca,CUYANA,promedio_diario,142.320370666667,Producción de gas promedio diaria por cuenca
2019-11,2019-11-01,2019,11,gas,cuenca,DEL COLORADO,promedio_diario,0.0,Producción de gas promedio diaria por cuenca
2019-11,2019-11-01,2019,11,gas,cuenca,GOLFO SAN JORGE,promedio_diario,12144.8871447366,Producción de gas promedio diaria por cuenca
2019-11,2019-11-01,2019,11,gas,cuenca,MALVINAS,promedio_diario,0.0,Producción de gas promedio diaria por cuenca
2019-11,2019-11-01,2019,11,gas,cuenca,MALVINAS OESTE,promedio_diario,0.0,Producción de gas promedio diaria por cuenca
2019-11,2019-11-01,2019,11,gas,cuenca,NEUQUINA,promedio_diario,78625.0968839997,Producción de gas promedio diaria por cuenca
2019-11,2019-11-01,2019,11,gas,cuenca,NORESTE,promedio_diario,0.0,Producción de gas promedio diaria por cuenca
2019-11,2019-11-01,2019,11,gas,cuenca,NOROESTE,promedio_diario,4944.5042,Producción de gas promedio diaria por cuenca
2019-11,2019-11-01,2019,11,gas,cuenca,ÑIRIHUAU,promedio_diario,0.0,Producción de gas promedio diaria por cuenca
2019-12,2019-12-01,2019,12,gas,cuenca,AUSTRAL,promedio_diario,30861.3455215161,Producción de gas promedio diaria por cuenca
2019-12,2019-12-01,2019,12,gas,cuenca,CAÑADON ASFALTO,promedio_diario,0.0,Producción de gas promedio diaria por cuenca
2019-12,2019-12-01,2019,12,gas,cuenca,CUYANA,promedio_diario,146.293388064516,Producción de gas promedio diaria por cuenca
2019-12,2019-12-01,2019,12,gas,cuenca,DEL COLORADO,promedio_diario,0.0,Producción de gas promedio diaria por cuenca
2019-12,2019-12-01,2019,12,gas,cuenca,GOLFO SAN JORGE,promedio_diario,11808.3993921079,Producción de gas promedio diaria por cuenca
2019-12,2019-12-01,2019,12,gas,cuenca,MALVINAS,promedio_diario,0.0,Producción de gas promedio diaria por cuenca
2019-12,2019-12-01,2019,12,gas,cuenca,MALVINAS OESTE,promedio_diario,0.0,Producción de gas promedio diaria por cuenca
2019-12,2019-12-01,2019,12,gas,cuenca,NEUQUINA,promedio_diario,79134.6622580642,Producción de gas promedio diaria por cuenca
2019-12,2019-12-01,2019,12,gas,cuenca,NORESTE,promedio_diario,0.0,Producción de gas promedio diaria por cuenca
2019-12,2019-12-01,2019,12,gas,cuenca,NOROESTE,promedio_diario,4914.92687096774,Producción de gas promedio diaria por cuenca
2019-12,2019-12-01,2019,12,gas,cuenca,ÑIRIHUAU,promedio_diario,0.0,Producción de gas promedio diaria por cuenca
2020-01,2020-01-01,2020,1,gas,cuenca,AUSTRAL,promedio_diario,31403.7299765806,Producción de gas promedio diaria por cuenca
2020-01,2020-01-01,2020,1,gas,cuenca,CAÑADON ASFALTO,promedio_diario,0.0,Producción de gas promedio diaria por cuenca
2020-01,2020-01-01,2020,1,gas,cuenca,CUYANA,promedio_diario,144.906146451613,Producción de gas promedio diaria por cuenca
2020-01,2020-01-01,2020,1,gas,cuenca,DEL COLORADO,promedio_diario,0.0,Producción de gas promedio diaria por cuenca
2020-01,2020-01-01,2020,1,gas,cuenca,GOLFO SAN JORGE,promedio_diario,12113.1644365988,Producción de gas promedio diaria por cuenca
2020-01,2020-01-01,2020,1,gas,cuenca,MALVINAS,promedio_diario,0.0,Producción de gas promedio diaria por cuenca
2020-01,2020-01-01,2020,1,gas,cuenca,MALVINAS OESTE,promedio_diario,0.0,Producción de gas promedio diaria por cuenca
2020-01,2020-01-01,2020,1,gas,cuenca,NEUQUINA,promedio_diario,81662.6904516126,Producción de gas promedio diaria por cuenca
2020-01,2020-01-01,2020,1,gas,cuenca,NORESTE,promedio_diario,0.0,Producción de gas promedio diaria por cuenca
2020-01,2020-01-01,2020,1,gas,cuenca,NOROESTE,promedio_diario,4907.85219354839,Producción de gas promedio diaria por cuenca
2020-01,2020-01-01,2020,1,gas,cuenca,ÑIRIHUAU,promedio_diario,0.0,Producción de gas promedio diaria por cuenca
2020-02,2020-02-01,2020,2,gas,cuenca,AUSTRAL,promedio_diario,31068.9864525517,Producción de gas promedio diaria por cuenca
2020-02,2020-02-01,2020,2,gas,cuenca,CAÑADON ASFALTO,promedio_diario,0.0,Producción de gas promedio diaria por cuenca
2020-02,2020-02-01,2020,2,gas,cuenca,CUYANA,promedio_diario,145.613756206897,Producción de gas promedio diaria por cuenca
2020-02,2020-02-01,2020,2,gas,cuenca,DEL COLORADO,promedio_diario,0.0,Producción de gas promedio diaria por cuenca
2020-02,2020-02-01,2020,2,gas,cuenca,GOLFO SAN JORGE,promedio_diario,11774.8210026086,Producción de gas promedio diaria por cuenca
2020-02,2020-02-01,2020,2,gas,cuenca,MALVINAS,promedio_diario,0.0,Producción de gas promedio diaria por cuenca
2020-02,2020-02-01,2020,2,gas,cuenca,MALVINAS OESTE,promedio_diario,0.0,Producción de gas promedio diaria por cuenca
2020-02,2020-02-01,2020,2,gas,cuenca,NEUQUINA,promedio_diario,79941.6658620693,Producción de gas promedio diaria por cuenca
2020-02,2020-02-01,2020,2,gas,cuenca,NORESTE,promedio_diario,0.0,Producción de gas promedio diaria por cuenca
2020-02,2020-02-01,2020,2,gas,cuenca,NOROESTE,promedio_diario,4784.9524137931,Producción de gas promedio diaria por cuenca
2020-02,2020-02-01,2020,2,gas,cuenca,ÑIRIHUAU,promedio_diario,0.0,Producción de gas promedio diaria por cuenca
2020-03,2020-03-01,2020,3,gas,cuenca,AUSTRAL,promedio_diario,31218.8871363226,Producción de gas promedio diaria por cuenca
2020-03,2020-03-01,2020,3,gas,cuenca,CAÑADON ASFALTO,promedio_diario,0.0,Producción de gas promedio diaria por cuenca
2020-03,2020-03-01,2020,3,gas,cuenca,CUYANA,promedio_diario,147.313592580645,Producción de gas promedio diaria por cuenca
2020-03,2020-03-01,2020,3,gas,cuenca,DEL COLORADO,promedio_diario,0.0,Producción de gas promedio diaria por cuenca
2020-03,2020-03-01,2020,3,gas,cuenca,GOLFO SAN JORGE,promedio_diario,12358.2704145952,Producción de gas promedio diaria por cuenca
2020-03,2020-03-01,2020,3,gas,cuenca,MALVINAS,promedio_diario,0.0,Producción de gas promedio diaria por cuenca
2020-03,2020-03-01,2020,3,gas,cuenca,MALVINAS OESTE,promedio_diario,0.0,Producción de gas promedio diaria por cuenca
2020-03,2020-03-01,2020,3,gas,cuenca,NEUQUINA,promedio_diario,78096.5484193545,Producción de gas promedio diaria por cuenca
2020-03,2020-03-01,2020,3,gas,cuenca,NORESTE,promedio_diario,0.0,Producción de gas promedio diaria por cuenca
2020-03,2020-03-01,2020,3,gas,cuenca,NOROESTE,promedio_diario,4800.22716129032,Producción de gas promedio diaria por cuenca
2020-03,2020-03-01,2020,3,gas,cuenca,ÑIRIHUAU,promedio_diario,0.0,Producción de gas promedio diaria por cuenca
2020-04,2020-04-01,2020,4,gas,cuenca,AUSTRAL,promedio_diario,29385.1410355,Producción de gas promedio diaria por cuenca
2020-04,2020-04-01,2020,4,gas,cuenca,CAÑADON ASFALTO,promedio_diario,0.0,Producción de gas promedio diaria por cuenca
2020-04,2020-04-01,2020,4,gas,cuenca,CUYANA,promedio_diario,135.339561,Producción de gas promedio diaria por cuenca
2020-04,2020-04-01,2020,4,gas,cuenca,GOLFO SAN JORGE,promedio_diario,12004.083264282,Producción de gas promedio diaria por cuenca
2020-04,2020-04-01,2020,4,gas,cuenca,MALVINAS,promedio_diario,0.0,Producción de gas promedio diaria por cuenca
2020-04,2020-04-01,2020,4,gas,cuenca,MALVINAS OESTE,promedio_diario,0.0,Producción de gas promedio diaria por cuenca
2020-04,2020-04-01,2020,4,gas,cuenca,NEUQUINA,promedio_diario,70489.74343,Producción de gas promedio diaria por cuenca
2020-04,2020-04-01,2020,4,gas,cuenca,NORESTE,promedio_diario,0.0,Producción de gas promedio diaria por cuenca
2020-04,2020-04-01,2020,4,gas,cuenca,NOROESTE,promedio_diario,4725.9166,Producción de gas promedio diaria por cuenca
2020-04,2020-04-01,2020,4,gas,cuenca,ÑIRIHUAU,promedio_diario,0.0,Producción de gas promedio diaria por cuenca
2020-05,2020-05-01,2020,5,gas,cuenca,ARGENTINA NORTE,promedio_diario,0.0,Producción de gas promedio diaria por cuenca
2020-05,2020-05-01,2020,5,gas,cuenca,AUSTRAL,promedio_diario,32678.3469553871,Producción de gas promedio diaria por cuenca
2020-05,2020-05-01,2020,5,gas,cuenca,CAÑADON ASFALTO,promedio_diario,0.0,Producción de gas promedio diaria por cuenca
2020-05,2020-05-01,2020,5,gas,cuenca,CUYANA,promedio_diario,128.063193225806,Producción de gas promedio diaria por cuenca
2020-05,2020-05-01,2020,5,gas,cuenca,GOLFO SAN JORGE,promedio_diario,11555.6931032746,Producción de gas promedio diaria por cuenca
2020-05,2020-05-01,2020,5,gas,cuenca,MALVINAS,promedio_diario,0.0,Producción de gas promedio diaria por cuenca
2020-05,2020-05-01,2020,5,gas,cuenca,MALVINAS OESTE,promedio_diario,0.0,Producción de gas promedio diaria por cuenca
2020-05,2020-05-01,2020,5,gas,cuenca,NEUQUINA,promedio_diario,75446.3543129036,Producción de gas promedio diaria por cuenca
2020-05,2020-05-01,2020,5,gas,cuenca,NORESTE,promedio_diario,0.0,Producción de gas promedio diaria por cuenca
2020-05,2020-05-01,2020,5,gas,cuenca,NOROESTE,promedio_diario,4662.68083870968,Producción de gas promedio diaria por cuenca
2020-05,2020-05-01,2020,5,gas,cuenca,ÑIRIHUAU,promedio_diario,0.0,Producción de gas promedio diaria por cuenca
2020-06,2020-06-01,2020,6,gas,cuenca,ARGENTINA NORTE,promedio_diario,0.0,Producción de gas promedio diaria por cuenca
2020-06,2020-06-01,2020,6,gas,cuenca,AUSTRAL,promedio_diario,32732.7748768,Producción de gas promedio diaria por cuenca
2020-06,2020-06-01,2020,6,gas,cuenca,CAÑADON ASFALTO,promedio_diario,0.0,Producción de gas promedio diaria por cuenca
2020-06,2020-06-01,2020,6,gas,cuenca,CUYANA,promedio_diario,117.462333333333,Producción de gas promedio diaria por cuenca
2020-06,2020-06-01,2020,6,gas,cuenca,GOLFO SAN JORGE,promedio_diario,11272.554308,Producción de gas promedio diaria por cuenca
2020-06,2020-06-01,2020,6,gas,cuenca,MALVINAS,promedio_diario,0.0,Producción de gas promedio diaria por cuenca
2020-06,2020-06-01,2020,6,gas,cuenca,MALVINAS OESTE,promedio_diario,0.0,Producción de gas promedio diaria por cuenca
2020-06,2020-06-01,2020,6,gas,cuenca,NEUQUINA,promedio_diario,77282.9772779997,Producción de gas promedio diaria por cuenca
2020-06,2020-06-01,2020,6,gas,cuenca,NORESTE,promedio_diario,0.0,Producción de gas promedio diaria por cuenca
2020-06,2020-06-01,2020,6,gas,cuenca,NOROESTE,promedio_diario,4615.9804,Producción de gas promedio diaria por cuenca
2020-06,2020-06-01,2020,6,gas,cuenca,ÑIRIHUAU,promedio_diario,0.0,Producción de gas promedio diaria por cuenca
2020-07,2020-07-01,2020,7,gas,cuenca,ARGENTINA NORTE,promedio_diario,0.0,Producción de gas promedio diaria por cuenca
2020-07,2020-07-01,2020,7,gas,cuenca,AUSTRAL,promedio_diario,32203.4152632258,Producción de gas promedio diaria por cuenca
2020-07,2020-07-01,2020,7,gas,cuenca,CAÑADON ASFALTO,promedio_diario,0.0,Producción de gas promedio diaria por cuenca
2020-07,2020-07-01,2020,7,gas,cuenca,CUYANA,promedio_diario,129.734488064516,Producción de gas promedio diaria por cuenca
2020-07,2020-07-01,2020,7,gas,cuenca,GOLFO SAN JORGE,promedio_diario,10908.30614,Producción de gas promedio diaria por cuenca
2020-07,2020-07-01,2020,7,gas,cuenca,MALVINAS,promedio_diario,0.0,Producción de gas promedio diaria por cuenca
2020-07,2020-07-01,2020,7,gas,cuenca,MALVINAS OESTE,promedio_diario,0.0,Producción de gas promedio diaria por cuenca
2020-07,2020-07-01,2020,7,gas,cuenca,NEUQUINA,promedio_diario,78964.2623487094,Producción de gas promedio diaria por cuenca
2020-07,2020-07-01,2020,7,gas,cuenca,NORESTE,promedio_diario,0.0,Producción de gas promedio diaria por cuenca
2020-07,2020-07-01,2020,7,gas,cuenca,NOROESTE,promedio_diario,4622.16696774194,Producción de gas promedio diaria por cuenca
2020-07,2020-07-01,2020,7,gas,cuenca,ÑIRIHUAU,promedio_diario,0.0,Producción de gas promedio diaria por cuenca
2020-08,2020-08-01,2020,8,gas,cuenca,ARGENTINA NORTE,promedio_diario,0.0,Producción de gas promedio diaria por cuenca
2020-08,2020-08-01,2020,8,gas,cuenca,AUSTRAL,promedio_diario,31774.4902372903,Producción de gas promedio diaria por cuenca
2020-08,2020-08-01,2020,8,gas,cuenca,CAÑADON ASFALTO,promedio_diario,0.0,Producción de gas promedio diaria por cuenca
2020-08,2020-08-01,2020,8,gas,cuenca,CUYANA,promedio_diario,136.670840967742,Producción de gas promedio diaria por cuenca
2020-08,2020-08-01,2020,8,gas,cuenca,GOLFO SAN JORGE,promedio_diario,10598.0652416129,Producción de gas promedio diaria por cuenca
2020-08,2020-08-01,2020,8,gas,cuenca,MALVINAS,promedio_diario,0.0,Producción de gas promedio diaria por cuenca
2020-08,2020-08-01,2020,8,gas,cuenca,MALVINAS OESTE,promedio_diario,0.0,Producción de gas promedio diaria por cuenca
2020-08,2020-08-01,2020,8,gas,cuenca,NEUQUINA,promedio_diario,78639.8198093548,Producción de gas promedio diaria por cuenca
2020-08,2020-08-01,2020,8,gas,cuenca,NORESTE,promedio_diario,0.0,Producción de gas promedio diaria por cuenca
2020-08,2020-08-01,2020,8,gas,cuenca,NOROESTE,promedio_diario,4523.09667741935,Producción de gas promedio diaria por cuenca
2020-08,2020-08-01,2020,8,gas,cuenca,ÑIRIHUAU,promedio_diario,0.0,Producción de gas promedio diaria por cuenca
2020-09,2020-09-01,2020,9,gas,cuenca,ARGENTINA NORTE,promedio_diario,0.0,Producción de gas promedio diaria por cuenca
2020-09,2020-09-01,2020,9,gas,cuenca,AUSTRAL,promedio_diario,31914.7303341333,Producción de gas promedio diaria por cuenca
2020-09,2020-09-01,2020,9,gas,cuenca,CAÑADON ASFALTO,promedio_diario,0.0,Producción de gas promedio diaria por cuenca
2020-09,2020-09-01,2020,9,gas,cuenca,CUYANA,promedio_diario,127.614951666667,Producción de gas promedio diaria por cuenca
2020-09,2020-09-01,2020,9,gas,cuenca,GOLFO SAN JORGE,promedio_diario,11050.679674,Producción de gas promedio diaria por cuenca
2020-09,2020-09-01,2020,9,gas,cuenca,MALVINAS,promedio_diario,0.0,Producción de gas promedio diaria por cuenca
2020-09,2020-09-01,2020,9,gas,cuenca,MALVINAS OESTE,promedio_diario,0.0,Producción de gas promedio diaria por cuenca
2020-09,2020-09-01,2020,9,gas,cuenca,NEUQUINA,promedio_diario,75131.0033980003,Producción de gas promedio diaria por cuenca
2020-09,2020-09-01,2020,9,gas,cuenca,NORESTE,promedio_diario,0.0,Producción de gas promedio diaria por cuenca
2020-09,2020-09-01,2020,9,gas,cuenca,NOROESTE,promedio_diario,4629.7387,Producción de gas promedio diaria por cuenca
2020-09,2020-09-01,2020,9,gas,cuenca,ÑIRIHUAU,promedio_diario,0.0,Producción de gas promedio diaria por cuenca
2020-10,2020-10-01,2020,10,gas,cuenca,ARGENTINA NORTE,promedio_diario,0.0,Producción de gas promedio diaria por cuenca
2020-10,2020-10-01,2020,10,gas,cuenca,AUSTRAL,promedio_diario,32065.7080419355,Producción de gas promedio diaria por cuenca
2020-10,2020-10-01,2020,10,gas,cuenca,CAÑADON ASFALTO,promedio_diario,0.0,Producción de gas promedio diaria por cuenca
2020-10,2020-10-01,2020,10,gas,cuenca,CUYANA,promedio_diario,133.878735806452,Producción de gas promedio diaria por cuenca
2020-10,2020-10-01,2020,10,gas,cuenca,GOLFO SAN JORGE,promedio_diario,10983.419363871,Producción de gas promedio diaria por cuenca
2020-10,2020-10-01,2020,10,gas,cuenca,MALVINAS,promedio_diario,0.0,Producción de gas promedio diaria por cuenca
2020-10,2020-10-01,2020,10,gas,cuenca,MALVINAS OESTE,promedio_diario,0.0,Producción de gas promedio diaria por cuenca
2020-10,2020-10-01,2020,10,gas,cuenca,NEUQUINA,promedio_diario,74034.6058322545,Producción de gas promedio diaria por cuenca
2020-10,2020-10-01,2020,10,gas,cuenca,NORESTE,promedio_diario,0.0,Producción de gas promedio diaria por cuenca
2020-10,2020-10-01,2020,10,gas,cuenca,NOROESTE,promedio_diario,4663.55874193548,Producción de gas promedio diaria por cuenca
2020-10,2020-10-01,2020,10,gas,cuenca,ÑIRIHUAU,promedio_diario,0.0,Producción de gas promedio diaria por cuenca
2020-11,2020-11-01,2020,11,gas,cuenca,ARGENTINA NORTE,promedio_diario,0.0,Producción de gas promedio diaria por cuenca
2020-11,2020-11-01,2020,11,gas,cuenca,AUSTRAL,promedio_diario,31082.2610722,Producción de gas promedio diaria por cuenca
2020-11,2020-11-01,2020,11,gas,cuenca,CAÑADON ASFALTO,promedio_diario,0.0,Producción de gas promedio diaria por cuenca
2020-11,2020-11-01,2020,11,gas,cuenca,CUYANA,promedio_diario,133.971312333333,Producción de gas promedio diaria por cuenca
2020-11,2020-11-01,2020,11,gas,cuenca,GOLFO SAN JORGE,promedio_diario,10846.0537573233,Producción de gas promedio diaria por cuenca
2020-11,2020-11-01,2020,11,gas,cuenca,MALVINAS,promedio_diario,0.0,Producción de gas promedio diaria por cuenca
2020-11,2020-11-01,2020,11,gas,cuenca,MALVINAS OESTE,promedio_diario,0.0,Producción de gas promedio diaria por cuenca
2020-11,2020-11-01,2020,11,gas,cuenca,NEUQUINA,promedio_diario,69115.972679333,Producción de gas promedio diaria por cuenca
2020-11,2020-11-01,2020,11,gas,cuenca,NORESTE,promedio_diario,0.0,Producción de gas promedio diaria por cuenca
2020-11,2020-11-01,2020,11,gas,cuenca,NOROESTE,promedio_diario,4549.36446666667,Producción de gas promedio diaria por cuenca
2020-11,2020-11-01,2020,11,gas,cuenca,ÑIRIHUAU,promedio_diario,0.0,Producción de gas promedio diaria por cuenca
2020-12,2020-12-01,2020,12,gas,cuenca,ARGENTINA NORTE,promedio_diario,0.0,Producción de gas promedio diaria por cuenca
2020-12,2020-12-01,2020,12,gas,cuenca,AUSTRAL,promedio_diario,30603.2495549677,Producción de gas promedio diaria por cuenca
2020-12,2020-12-01,2020,12,gas,cuenca,CAÑADON ASFALTO,promedio_diario,0.0,Producción de gas promedio diaria por cuenca
2020-12,2020-12-01,2020,12,gas,cuenca,CUYANA,promedio_diario,129.420513870968,Producción de gas promedio diaria por cuenca
2020-12,2020-12-01,2020,12,gas,cuenca,GOLFO SAN JORGE,promedio_diario,10865.6637793548,Producción de gas promedio diaria por cuenca
2020-12,2020-12-01,2020,12,gas,cuenca,MALVINAS,promedio_diario,0.0,Producción de gas promedio diaria por cuenca
2020-12,2020-12-01,2020,12,gas,cuenca,MALVINAS OESTE,promedio_diario,0.0,Producción de gas promedio diaria por cuenca
2020-12,2020-12-01,2020,12,gas,cuenca,NEUQUINA,promedio_diario,67836.0410109677,Producción de gas promedio diaria por cuenca
2020-12,2020-12-01,2020,12,gas,cuenca,NORESTE,promedio_diario,0.0,Producción de gas promedio diaria por cuenca
2020-12,2020-12-01,2020,12,gas,cuenca,NOROESTE,promedio_diario,4438.83180645161,Producción de gas promedio diaria por cuenca
2020-12,2020-12-01,2020,12,gas,cuenca,ÑIRIHUAU,promedio_diario,0.0,Producción de gas promedio diaria por cuenca
2021-01,2021-01-01,2021,1,gas,cuenca,ARGENTINA NORTE,promedio_diario,0.0,Producción de gas promedio diaria por cuenca
2021-01,2021-01-01,2021,1,gas,cuenca,AUSTRAL,promedio_diario,31172.7624136452,Producción de gas promedio diaria por cuenca
2021-01,2021-01-01,2021,1,gas,cuenca,CAÑADON ASFALTO,promedio_diario,0.0,Producción de gas promedio diaria por cuenca
2021-01,2021-01-01,2021,1,gas,cuenca,CUYANA,promedio_diario,128.969577096774,Producción de gas promedio diaria por cuenca
2021-01,2021-01-01,2021,1,gas,cuenca,GOLFO SAN JORGE,promedio_diario,10977.3077164516,Producción de gas promedio diaria por cuenca
2021-01,2021-01-01,2021,1,gas,cuenca,MALVINAS OESTE,promedio_diario,0.0,Producción de gas promedio diaria por cuenca
2021-01,2021-01-01,2021,1,gas,cuenca,NEUQUINA,promedio_diario,69302.83024871,Producción de gas promedio diaria por cuenca
2021-01,2021-01-01,2021,1,gas,cuenca,NORESTE,promedio_diario,0.0,Producción de gas promedio diaria por cuenca
2021-01,2021-01-01,2021,1,gas,cuenca,NOROESTE,promedio_diario,4432.98456774194,Producción de gas promedio diaria por cuenca
2021-01,2021-01-01,2021,1,gas,cuenca,ÑIRIHUAU,promedio_diario,0.0,Producción de gas promedio diaria por cuenca
2021-02,2021-02-01,2021,2,gas,cuenca,ARGENTINA NORTE,promedio_diario,0.0,Producción de gas promedio diaria por cuenca
2021-02,2021-02-01,2021,2,gas,cuenca,AUSTRAL,promedio_diario,30919.9675358214,Producción de gas promedio diaria por cuenca
2021-02,2021-02-01,2021,2,gas,cuenca,CAÑADON ASFALTO,promedio_diario,0.0,Producción de gas promedio diaria por cuenca
2021-02,2021-02-01,2021,2,gas,cuenca,CUYANA,promedio_diario,125.1944775,Producción de gas promedio diaria por cuenca
2021-02,2021-02-01,2021,2,gas,cuenca,GOLFO SAN JORGE,promedio_diario,10731.7627664286,Producción de gas promedio diaria por cuenca
2021-02,2021-02-01,2021,2,gas,cuenca,MALVINAS OESTE,promedio_diario,0.0,Producción de gas promedio diaria por cuenca
2021-02,2021-02-01,2021,2,gas,cuenca,NEUQUINA,promedio_diario,68413.3224678571,Producción de gas promedio diaria por cuenca
2021-02,2021-02-01,2021,2,gas,cuenca,NORESTE,promedio_diario,0.0,Producción de gas promedio diaria por cuenca
2021-02,2021-02-01,2021,2,gas,cuenca,NOROESTE,promedio_diario,4388.97828571429,Producción de gas promedio diaria por cuenca
2021-02,2021-02-01,2021,2,gas,cuenca,ÑIRIHUAU,promedio_diario,0.0,Producción de gas promedio diaria por cuenca
2021-03,2021-03-01,2021,3,gas,cuenca,ARGENTINA NORTE,promedio_diario,0.0,Producción de gas promedio diaria por cuenca
2021-03,2021-03-01,2021,3,gas,cuenca,AUSTRAL,promedio_diario,29287.0047263548,Producción de gas promedio diaria por cuenca
2021-03,2021-03-01,2021,3,gas,cuenca,CAÑADON ASFALTO,promedio_diario,0.0,Producción de gas promedio diaria por cuenca
2021-03,2021-03-01,2021,3,gas,cuenca,CUYANA,promedio_diario,126.999222258065,Producción de gas promedio diaria por cuenca
2021-03,2021-03-01,2021,3,gas,cuenca,GOLFO SAN JORGE,promedio_diario,10746.7023477419,Producción de gas promedio diaria por cuenca
2021-03,2021-03-01,2021,3,gas,cuenca,MALVINAS OESTE,promedio_diario,0.0,Producción de gas promedio diaria por cuenca
2021-03,2021-03-01,2021,3,gas,cuenca,NEUQUINA,promedio_diario,69955.5077670961,Producción de gas promedio diaria por cuenca
2021-03,2021-03-01,2021,3,gas,cuenca,NORESTE,promedio_diario,0.0,Producción de gas promedio diaria por cuenca
2021-03,2021-03-01,2021,3,gas,cuenca,NOROESTE,promedio_diario,4407.73132258065,Producción de gas promedio diaria por cuenca
2021-03,2021-03-01,2021,3,gas,cuenca,ÑIRIHUAU,promedio_diario,0.0,Producción de gas promedio diaria por cuenca
2021-04,2021-04-01,2021,4,gas,cuenca,ARGENTINA NORTE,promedio_diario,0.0,Producción de gas promedio diaria por cuenca
2021-04,2021-04-01,2021,4,gas,cuenca,AUSTRAL,promedio_diario,30583.7759008333,Producción de gas promedio diaria por cuenca
2021-04,2021-04-01,2021,4,gas,cuenca,CAÑADON ASFALTO,promedio_diario,0.0,Producción de gas promedio diaria por cuenca
2021-04,2021-04-01,2021,4,gas,cuenca,CUYANA,promedio_diario,130.721666666667,Producción de gas promedio diaria por cuenca
2021-04,2021-04-01,2021,4,gas,cuenca,GOLFO SAN JORGE,promedio_diario,10732.2936333333,Producción de gas promedio diaria por cuenca
2021-04,2021-04-01,2021,4,gas,cuenca,MALVINAS OESTE,promedio_diario,0.0,Producción de gas promedio diaria por cuenca
2021-04,2021-04-01,2021,4,gas,cuenca,NEUQUINA,promedio_diario,68470.6779040003,Producción de gas promedio diaria por cuenca
2021-04,2021-04-01,2021,4,gas,cuenca,NORESTE,promedio_diario,0.0,Producción de gas promedio diaria por cuenca
2021-04,2021-04-01,2021,4,gas,cuenca,NOROESTE,promedio_diario,4322.4431,Producción de gas promedio diaria por cuenca
2021-04,2021-04-01,2021,4,gas,cuenca,ÑIRIHUAU,promedio_diario,0.0,Producción de gas promedio diaria por cuenca
2021-05,2021-05-01,2021,5,gas,cuenca,ARGENTINA NORTE,promedio_diario,0.0,Producción de gas promedio diaria por cuenca
2021-05,2021-05-01,2021,5,gas,cuenca,AUSTRAL,promedio_diario,30263.3516597419,Producción de gas promedio diaria por cuenca
2021-05,2021-05-01,2021,5,gas,cuenca,CAÑADON ASFALTO,promedio_diario,0.0,Producción de gas promedio diaria por cuenca
2021-05,2021-05-01,2021,5,gas,cuenca,CUYANA,promedio_diario,131.651590322581,Producción de gas promedio diaria por cuenca
2021-05,2021-05-01,2021,5,gas,cuenca,GOLFO SAN JORGE,promedio_diario,10816.6527741935,Producción de gas promedio diaria por cuenca
2021-05,2021-05-01,2021,5,gas,cuenca,MALVINAS OESTE,promedio_diario,0.0,Producción de gas promedio diaria por cuenca
2021-05,2021-05-01,2021,5,gas,cuenca,NEUQUINA,promedio_diario,75801.2768774194,Producción de gas promedio diaria por cuenca
2021-05,2021-05-01,2021,5,gas,cuenca,NORESTE,promedio_diario,0.0,Producción de gas promedio diaria por cuenca
2021-05,2021-05-01,2021,5,gas,cuenca,NOROESTE,promedio_diario,4273.70043925652,Producción de gas promedio diaria por cuenca
2021-05,2021-05-01,2021,5,gas,cuenca,ÑIRIHUAU,promedio_diario,0.0,Producción de gas promedio diaria por cuenca
2021-06,2021-06-01,2021,6,gas,cuenca,ARGENTINA NORTE,promedio_diario,0.0,Producción de gas promedio diaria por cuenca
2021-06,2021-06-01,2021,6,gas,cuenca,AUSTRAL,promedio_diario,29519.9708228,Producción de gas promedio diaria por cuenca
2021-06,2021-06-01,2021,6,gas,cuenca,CAÑADON ASFALTO,promedio_diario,0.0,Producción de gas promedio diaria por cuenca
2021-06,2021-06-01,2021,6,gas,cuenca,CUYANA,promedio_diario,127.765633333333,Producción de gas promedio diaria por cuenca
2021-06,2021-06-01,2021,6,gas,cuenca,GOLFO SAN JORGE,promedio_diario,11125.81251,Producción de gas promedio diaria por cuenca
2021-06,2021-06-01,2021,6,gas,cuenca,MALVINAS OESTE,promedio_diario,0.0,Producción de gas promedio diaria por cuenca
2021-06,2021-06-01,2021,6,gas,cuenca,NEUQUINA,promedio_diario,81993.2087636673,Producción de gas promedio diaria por cuenca
2021-06,2021-06-01,2021,6,gas,cuenca,NORESTE,promedio_diario,0.0,Producción de gas promedio diaria por cuenca
2021-06,2021-06-01,2021,6,gas,cuenca,NOROESTE,promedio_diario,4256.1335,Producción de gas promedio diaria por cuenca
2021-06,2021-06-01,2021,6,gas,cuenca,ÑIRIHUAU,promedio_diario,0.0,Producción de gas promedio diaria por cuenca
2021-07,2021-07-01,2021,7,gas,cuenca,ARGENTINA NORTE,promedio_diario,0.0,Producción de gas promedio diaria por cuenca
2021-07,2021-07-01,2021,7,gas,cuenca,AUSTRAL,promedio_diario,29834.6122837419,Producción de gas promedio diaria por cuenca
2021-07,2021-07-01,2021,7,gas,cuenca,CAÑADON ASFALTO,promedio_diario,0.0,Producción de gas promedio diaria por cuenca
2021-07,2021-07-01,2021,7,gas,cuenca,CUYANA,promedio_diario,131.123838709677,Producción de gas promedio diaria por cuenca
2021-07,2021-07-01,2021,7,gas,cuenca,GOLFO SAN JORGE,promedio_diario,11055.3584193548,Producción de gas promedio diaria por cuenca
2021-07,2021-07-01,2021,7,gas,cuenca,MALVINAS OESTE,promedio_diario,0.0,Producción de gas promedio diaria por cuenca
2021-07,2021-07-01,2021,7,gas,cuenca,NEUQUINA,promedio_diario,85487.8000451674,Producción de gas promedio diaria por cuenca
2021-07,2021-07-01,2021,7,gas,cuenca,NORESTE,promedio_diario,0.0,Producción de gas promedio diaria por cuenca
2021-07,2021-07-01,2021,7,gas,cuenca,NOROESTE,promedio_diario,4220.3205483871,Producción de gas promedio diaria por cuenca
2021-07,2021-07-01,2021,7,gas,cuenca,ÑIRIHUAU,promedio_diario,0.0,Producción de gas promedio diaria por cuenca
2021-08,2021-08-01,2021,8,gas,cuenca,ARGENTINA NORTE,promedio_diario,0.0,Producción de gas promedio diaria por cuenca
2021-08,2021-08-01,2021,8,gas,cuenca,AUSTRAL,promedio_diario,29969.3751053226,Producción de gas promedio diaria por cuenca
2021-08,2021-08-01,2021,8,gas,cuenca,CAÑADON ASFALTO,promedio_diario,0.0,Producción de gas promedio diaria por cuenca
2021-08,2021-08-01,2021,8,gas,cuenca,CUYANA,promedio_diario,143.084483870968,Producción de gas promedio diaria por cuenca
2021-08,2021-08-01,2021,8,gas,cuenca,GOLFO SAN JORGE,promedio_diario,11098.1741419355,Producción de gas promedio diaria por cuenca
2021-08,2021-08-01,2021,8,gas,cuenca,MALVINAS OESTE,promedio_diario,0.0,Producción de gas promedio diaria por cuenca
2021-08,2021-08-01,2021,8,gas,cuenca,NEUQUINA,promedio_diario,88355.2958664516,Producción de gas promedio diaria por cuenca
2021-08,2021-08-01,2021,8,gas,cuenca,NORESTE,promedio_diario,0.0,Producción de gas promedio diaria por cuenca
2021-08,2021-08-01,2021,8,gas,cuenca,NOROESTE,promedio_diario,4159.44206337644,Producción de gas promedio diaria por cuenca
2021-08,2021-08-01,2021,8,gas,cuenca,ÑIRIHUAU,promedio_diario,0.0,Producción de gas promedio diaria por cuenca
2021-09,2021-09-01,2021,9,gas,cuenca,ARGENTINA NORTE,promedio_diario,0.0,Producción de gas promedio diaria por cuenca
2021-09,2021-09-01,2021,9,gas,cuenca,AUSTRAL,promedio_diario,29801.9028120333,Producción de gas promedio diaria por cuenca
2021-09,2021-09-01,2021,9,gas,cuenca,CAÑADON ASFALTO,promedio_diario,0.0,Producción de gas promedio diaria por cuenca
2021-09,2021-09-01,2021,9,gas,cuenca,CUYANA,promedio_diario,141.048666666667,Producción de gas promedio diaria por cuenca
2021-09,2021-09-01,2021,9,gas,cuenca,GOLFO SAN JORGE,promedio_diario,10641.9031866667,Producción de gas promedio diaria por cuenca
2021-09,2021-09-01,2021,9,gas,cuenca,MALVINAS OESTE,promedio_diario,0.0,Producción de gas promedio diaria por cuenca
2021-09,2021-09-01,2021,9,gas,cuenca,NEUQUINA,promedio_diario,87935.357714,Producción de gas promedio diaria por cuenca
2021-09,2021-09-01,2021,9,gas,cuenca,NORESTE,promedio_diario,0.0,Producción de gas promedio diaria por cuenca
2021-09,2021-09-01,2021,9,gas,cuenca,NOROESTE,promedio_diario,4152.46676666667,Producción de gas promedio diaria por cuenca
2021-09,2021-09-01,2021,9,gas,cuenca,ÑIRIHUAU,promedio_diario,0.0,Producción de gas promedio diaria por cuenca
2021-10,2021-10-01,2021,10,gas,cuenca,ARGENTINA NORTE,promedio_diario,0.0,Producción de gas promedio diaria por cuenca
2021-10,2021-10-01,2021,10,gas,cuenca,AUSTRAL,promedio_diario,28476.4449452903,Producción de gas promedio diaria por cuenca
2021-10,2021-10-01,2021,10,gas,cuenca,CAÑADON ASFALTO,promedio_diario,0.0,Producción de gas promedio diaria por cuenca
2021-10,2021-10-01,2021,10,gas,cuenca,CUYANA,promedio_diario,139.402225806452,Producción de gas promedio diaria por cuenca
2021-10,2021-10-01,2021,10,gas,cuenca,GOLFO SAN JORGE,promedio_diario,10477.3023225806,Producción de gas promedio diaria por cuenca
2021-10,2021-10-01,2021,10,gas,cuenca,MALVINAS OESTE,promedio_diario,0.0,Producción de gas promedio diaria por cuenca
2021-10,2021-10-01,2021,10,gas,cuenca,NEUQUINA,promedio_diario,84076.9745967741,Producción de gas promedio diaria por cuenca
2021-10,2021-10-01,2021,10,gas,cuenca,NORESTE,promedio_diario,0.0,Producción de gas promedio diaria por cuenca
2021-10,2021-10-01,2021,10,gas,cuenca,NOROESTE,promedio_diario,4059.98680645161,Producción de gas promedio diaria por cuenca
2021-10,2021-10-01,2021,10,gas,cuenca,ÑIRIHUAU,promedio_diario,0.0,Producción de gas promedio diaria por cuenca
2021-11,2021-11-01,2021,11,gas,cuenca,ARGENTINA NORTE,promedio_diario,0.0,Producción de gas promedio diaria por cuenca
2021-11,2021-11-01,2021,11,gas,cuenca,AUSTRAL,promedio_diario,28879.8084715667,Producción de gas promedio diaria por cuenca
2021-11,2021-11-01,2021,11,gas,cuenca,CAÑADON ASFALTO,promedio_diario,0.0,Producción de gas promedio diaria por cuenca
2021-11,2021-11-01,2021,11,gas,cuenca,CUYANA,promedio_diario,144.280333333333,Producción de gas promedio diaria por cuenca
2021-11,2021-11-01,2021,11,gas,cuenca,GOLFO SAN JORGE,promedio_diario,10454.6503166667,Producción de gas promedio diaria por cuenca
2021-11,2021-11-01,2021,11,gas,cuenca,MALVINAS OESTE,promedio_diario,0.0,Producción de gas promedio diaria por cuenca
2021-11,2021-11-01,2021,11,gas,cuenca,NEUQUINA,promedio_diario,84352.5788643337,Producción de gas promedio diaria por cuenca
2021-11,2021-11-01,2021,11,gas,cuenca,NORESTE,promedio_diario,0.0,Producción de gas promedio diaria por cuenca
2021-11,2021-11-01,2021,11,gas,cuenca,NOROESTE,promedio_diario,4046.76223333333,Producción de gas promedio diaria por cuenca
2021-11,2021-11-01,2021,11,gas,cuenca,ÑIRIHUAU,promedio_diario,0.0,Producción de gas promedio diaria por cuenca
2021-12,2021-12-01,2021,12,gas,cuenca,ARGENTINA NORTE,promedio_diario,0.0,Producción de gas promedio diaria por cuenca
2021-12,2021-12-01,2021,12,gas,cuenca,AUSTRAL,promedio_diario,28390.0097722581,Producción de gas promedio diaria por cuenca
2021-12,2021-12-01,2021,12,gas,cuenca,CAÑADON ASFALTO,promedio_diario,0.0,Producción de gas promedio diaria por cuenca
2021-12,2021-12-01,2021,12,gas,cuenca,CUYANA,promedio_diario,143.785161290323,Producción de gas promedio diaria por cuenca
2021-12,2021-12-01,2021,12,gas,cuenca,GOLFO SAN JORGE,promedio_diario,10690.9262516129,Producción de gas promedio diaria por cuenca
2021-12,2021-12-01,2021,12,gas,cuenca,MALVINAS OESTE,promedio_diario,0.0,Producción de gas promedio diaria por cuenca
2021-12,2021-12-01,2021,12,gas,cuenca,NEUQUINA,promedio_diario,85614.4989774599,Producción de gas promedio diaria por cuenca
2021-12,2021-12-01,2021,12,gas,cuenca,NORESTE,promedio_diario,0.0,Producción de gas promedio diaria por cuenca
2021-12,2021-12-01,2021,12,gas,cuenca,NOROESTE,promedio_diario,4022.7154516129,Producción de gas promedio diaria por cuenca
2021-12,2021-12-01,2021,12,gas,cuenca,ÑIRIHUAU,promedio_diario,0.0,Producción de gas promedio diaria por cuenca
2022-01,2022-01-01,2022,1,gas,cuenca,ARGENTINA NORTE,promedio_diario,0.0,Producción de gas promedio diaria por cuenca
2022-01,2022-01-01,2022,1,gas,cuenca,AUSTRAL,promedio_diario,28001.8617002258,Producción de gas promedio diaria por cuenca
2022-01,2022-01-01,2022,1,gas,cuenca,CAÑADON ASFALTO,promedio_diario,0.0,Producción de gas promedio diaria por cuenca
2022-01,2022-01-01,2022,1,gas,cuenca,CUYANA,promedio_diario,140.053193548387,Producción de gas promedio diaria por cuenca
2022-01,2022-01-01,2022,1,gas,cuenca,GOLFO SAN JORGE,promedio_diario,10683.9738451613,Producción de gas promedio diaria por cuenca
2022-01,2022-01-01,2022,1,gas,cuenca,MALVINAS OESTE,promedio_diario,0.0,Producción de gas promedio diaria por cuenca
2022-01,2022-01-01,2022,1,gas,cuenca,NEUQUINA,promedio_diario,87178.0670678781,Producción de gas promedio diaria por cuenca
2022-01,2022-01-01,2022,1,gas,cuenca,NORESTE,promedio_diario,0.0,Producción de gas promedio diaria por cuenca
2022-01,2022-01-01,2022,1,gas,cuenca,NOROESTE,promedio_diario,3949.44993548387,Producción de gas promedio diaria por cuenca
2022-01,2022-01-01,2022,1,gas,cuenca,ÑIRIHUAU,promedio_diario,0.0,Producción de gas promedio diaria por cuenca
2022-02,2022-02-01,2022,2,gas,cuenca,ARGENTINA NORTE,promedio_diario,0.0,Producción de gas promedio diaria por cuenca
2022-02,2022-02-01,2022,2,gas,cuenca,AUSTRAL,promedio_diario,28305.0999441071,Producción de gas promedio diaria por cuenca
2022-02,2022-02-01,2022,2,gas,cuenca,CAÑADON ASFALTO,promedio_diario,0.0,Producción de gas promedio diaria por cuenca
2022-02,2022-02-01,2022,2,gas,cuenca,CUYANA,promedio_diario,137.295,Producción de gas promedio diaria por cuenca
2022-02,2022-02-01,2022,2,gas,cuenca,GOLFO SAN JORGE,promedio_diario,10871.4855571429,Producción de gas promedio diaria por cuenca
2022-02,2022-02-01,2022,2,gas,cuenca,MALVINAS OESTE,promedio_diario,0.0,Producción de gas promedio diaria por cuenca
2022-02,2022-02-01,2022,2,gas,cuenca,NEUQUINA,promedio_diario,84056.6663178568,Producción de gas promedio diaria por cuenca
2022-02,2022-02-01,2022,2,gas,cuenca,NORESTE,promedio_diario,0.0,Producción de gas promedio diaria por cuenca
2022-02,2022-02-01,2022,2,gas,cuenca,NOROESTE,promedio_diario,3956.46560714286,Producción de gas promedio diaria por cuenca
2022-02,2022-02-01,2022,2,gas,cuenca,ÑIRIHUAU,promedio_diario,0.0,Producción de gas promedio diaria por cuenca
2022-03,2022-03-01,2022,3,gas,cuenca,ARGENTINA NORTE,promedio_diario,0.0,Producción de gas promedio diaria por cuenca
2022-03,2022-03-01,2022,3,gas,cuenca,AUSTRAL,promedio_diario,22785.8600192581,Producción de gas promedio diaria por cuenca
2022-03,2022-03-01,2022,3,gas,cuenca,CAÑADON ASFALTO,promedio_diario,0.0,Producción de gas promedio diaria por cuenca
2022-03,2022-03-01,2022,3,gas,cuenca,CUYANA,promedio_diario,141.160967741935,Producción de gas promedio diaria por cuenca
2022-03,2022-03-01,2022,3,gas,cuenca,GOLFO SAN JORGE,promedio_diario,11214.3564483871,Producción de gas promedio diaria por cuenca
2022-03,2022-03-01,2022,3,gas,cuenca,MALVINAS OESTE,promedio_diario,0.0,Producción de gas promedio diaria por cuenca
2022-03,2022-03-01,2022,3,gas,cuenca,NEUQUINA,promedio_diario,87396.0825493342,Producción de gas promedio diaria por cuenca
2022-03,2022-03-01,2022,3,gas,cuenca,NORESTE,promedio_diario,0.0,Producción de gas promedio diaria por cuenca
2022-03,2022-03-01,2022,3,gas,cuenca,NOROESTE,promedio_diario,3938.99751612903,Producción de gas promedio diaria por cuenca
2022-03,2022-03-01,2022,3,gas,cuenca,ÑIRIHUAU,promedio_diario,0.0,Producción de gas promedio diaria por cuenca
2022-04,2022-04-01,2022,4,gas,cuenca,ARGENTINA NORTE,promedio_diario,0.0,Producción de gas promedio diaria por cuenca
2022-04,2022-04-01,2022,4,gas,cuenca,AUSTRAL,promedio_diario,27856.4844266,Producción de gas promedio diaria por cuenca
2022-04,2022-04-01,2022,4,gas,cuenca,CAÑADON ASFALTO,promedio_diario,0.0,Producción de gas promedio diaria por cuenca
2022-04,2022-04-01,2022,4,gas,cuenca,CUYANA,promedio_diario,137.410666666667,Producción de gas promedio diaria por cuenca
2022-04,2022-04-01,2022,4,gas,cuenca,GOLFO SAN JORGE,promedio_diario,10943.1083026667,Producción de gas promedio diaria por cuenca
2022-04,2022-04-01,2022,4,gas,cuenca,MALVINAS OESTE,promedio_diario,0.0,Producción de gas promedio diaria por cuenca
2022-04,2022-04-01,2022,4,gas,cuenca,NEUQUINA,promedio_diario,84544.366323493,Producción de gas promedio diaria por cuenca
2022-04,2022-04-01,2022,4,gas,cuenca,NORESTE,promedio_diario,0.0,Producción de gas promedio diaria por cuenca
2022-04,2022-04-01,2022,4,gas,cuenca,NOROESTE,promedio_diario,3892.68036666667,Producción de gas promedio diaria por cuenca
2022-04,2022-04-01,2022,4,gas,cuenca,ÑIRIHUAU,promedio_diario,0.0,Producción de gas promedio diaria por cuenca
2022-05,2022-05-01,2022,5,gas,cuenca,ARGENTINA NORTE,promedio_diario,0.0,Producción de gas promedio diaria por cuenca
2022-05,2022-05-01,2022,5,gas,cuenca,AUSTRAL,promedio_diario,27745.2939510968,Producción de gas promedio diaria por cuenca
2022-05,2022-05-01,2022,5,gas,cuenca,CAÑADON ASFALTO,promedio_diario,0.0,Producción de gas promedio diaria por cuenca
2022-05,2022-05-01,2022,5,gas,cuenca,CUYANA,promedio_diario,141.446774193548,Producción de gas promedio diaria por cuenca
2022-05,2022-05-01,2022,5,gas,cuenca,GOLFO SAN JORGE,promedio_diario,11049.4994516129,Producción de gas promedio diaria por cuenca
2022-05,2022-05-01,2022,5,gas,cuenca,MALVINAS OESTE,promedio_diario,0.0,Producción de gas promedio diaria por cuenca
2022-05,2022-05-01,2022,5,gas,cuenca,NEUQUINA,promedio_diario,93560.0903919353,Producción de gas promedio diaria por cuenca
2022-05,2022-05-01,2022,5,gas,cuenca,NORESTE,promedio_diario,0.0,Producción de gas promedio diaria por cuenca
2022-05,2022-05-01,2022,5,gas,cuenca,NOROESTE,promedio_diario,3847.055,Producción de gas promedio diaria por cuenca
2022-05,2022-05-01,2022,5,gas,cuenca,ÑIRIHUAU,promedio_diario,0.0,Producción de gas promedio diaria por cuenca
2022-06,2022-06-01,2022,6,gas,cuenca,ARGENTINA NORTE,promedio_diario,0.0,Producción de gas promedio diaria por cuenca
2022-06,2022-06-01,2022,6,gas,cuenca,AUSTRAL,promedio_diario,28077.7977311333,Producción de gas promedio diaria por cuenca
2022-06,2022-06-01,2022,6,gas,cuenca,CAÑADON ASFALTO,promedio_diario,0.0,Producción de gas promedio diaria por cuenca
2022-06,2022-06-01,2022,6,gas,cuenca,CUYANA,promedio_diario,136.644,Producción de gas promedio diaria por cuenca
2022-06,2022-06-01,2022,6,gas,cuenca,GOLFO SAN JORGE,promedio_diario,11240.3881533333,Producción de gas promedio diaria por cuenca
2022-06,2022-06-01,2022,6,gas,cuenca,MALVINAS OESTE,promedio_diario,0.0,Producción de gas promedio diaria por cuenca
2022-06,2022-06-01,2022,6,gas,cuenca,NEUQUINA,promedio_diario,96472.0468649994,Producción de gas promedio diaria por cuenca
2022-06,2022-06-01,2022,6,gas,cuenca,NORESTE,promedio_diario,0.0,Producción de gas promedio diaria por cuenca
2022-06,2022-06-01,2022,6,gas,cuenca,NOROESTE,promedio_diario,3824.2636,Producción de gas promedio diaria por cuenca
2022-06,2022-06-01,2022,6,gas,cuenca,ÑIRIHUAU,promedio_diario,0.0,Producción de gas promedio diaria por cuenca
2022-07,2022-07-01,2022,7,gas,cuenca,ARGENTINA NORTE,promedio_diario,0.0,Producción de gas promedio diaria por cuenca
2022-07,2022-07-01,2022,7,gas,cuenca,AUSTRAL,promedio_diario,27862.7068283548,Producción de gas promedio diaria por cuenca
2022-07,2022-07-01,2022,7,gas,cuenca,CAÑADON ASFALTO,promedio_diario,0.0,Producción de gas promedio diaria por cuenca
2022-07,2022-07-01,2022,7,gas,cuenca,CUYANA,promedio_diario,132.986774193548,Producción de gas promedio diaria por cuenca
2022-07,2022-07-01,2022,7,gas,cuenca,GOLFO SAN JORGE,promedio_diario,11145.4841935484,Producción de gas promedio diaria por cuenca
2022-07,2022-07-01,2022,7,gas,cuenca,MALVINAS OESTE,promedio_diario,0.0,Producción de gas promedio diaria por cuenca
2022-07,2022-07-01,2022,7,gas,cuenca,NEUQUINA,promedio_diario,97504.1438751613,Producción de gas promedio diaria por cuenca
2022-07,2022-07-01,2022,7,gas,cuenca,NORESTE,promedio_diario,0.0,Producción de gas promedio diaria por cuenca
2022-07,2022-07-01,2022,7,gas,cuenca,NOROESTE,promedio_diario,3830.35709677419,Producción de gas promedio diaria por cuenca
2022-07,2022-07-01,2022,7,gas,cuenca,ÑIRIHUAU,promedio_diario,0.0,Producción de gas promedio diaria por cuenca
2022-08,2022-08-01,2022,8,gas,cuenca,ARGENTINA NORTE,promedio_diario,0.0,Producción de gas promedio diaria por cuenca
2022-08,2022-08-01,2022,8,gas,cuenca,AUSTRAL,promedio_diario,28096.8522726129,Producción de gas promedio diaria por cuenca
2022-08,2022-08-01,2022,8,gas,cuenca,CAÑADON ASFALTO,promedio_diario,0.0,Producción de gas promedio diaria por cuenca
2022-08,2022-08-01,2022,8,gas,cuenca,CUYANA,promedio_diario,143.05,Producción de gas promedio diaria por cuenca
2022-08,2022-08-01,2022,8,gas,cuenca,GOLFO SAN JORGE,promedio_diario,11591.1436580645,Producción de gas promedio diaria por cuenca
2022-08,2022-08-01,2022,8,gas,cuenca,MALVINAS OESTE,promedio_diario,0.0,Producción de gas promedio diaria por cuenca
2022-08,2022-08-01,2022,8,gas,cuenca,NEUQUINA,promedio_diario,98132.9677251615,Producción de gas promedio diaria por cuenca
2022-08,2022-08-01,2022,8,gas,cuenca,NORESTE,promedio_diario,0.0,Producción de gas promedio diaria por cuenca
2022-08,2022-08-01,2022,8,gas,cuenca,NOROESTE,promedio_diario,3814.58887096774,Producción de gas promedio diaria por cuenca
2022-08,2022-08-01,2022,8,gas,cuenca,ÑIRIHUAU,promedio_diario,0.0,Producción de gas promedio diaria por cuenca
2022-09,2022-09-01,2022,9,gas,cuenca,ARGENTINA NORTE,promedio_diario,0.0,Producción de gas promedio diaria por cuenca
2022-09,2022-09-01,2022,9,gas,cuenca,AUSTRAL,promedio_diario,27923.1254174667,Producción de gas promedio diaria por cuenca
2022-09,2022-09-01,2022,9,gas,cuenca,CAÑADON ASFALTO,promedio_diario,0.0,Producción de gas promedio diaria por cuenca
2022-09,2022-09-01,2022,9,gas,cuenca,CUYANA,promedio_diario,138.1259,Producción de gas promedio diaria por cuenca
2022-09,2022-09-01,2022,9,gas,cuenca,GOLFO SAN JORGE,promedio_diario,11314.6191666667,Producción de gas promedio diaria por cuenca
2022-09,2022-09-01,2022,9,gas,cuenca,MALVINAS OESTE,promedio_diario,0.0,Producción de gas promedio diaria por cuenca
2022-09,2022-09-01,2022,9,gas,cuenca,NEUQUINA,promedio_diario,93158.2887703333,Producción de gas promedio diaria por cuenca
2022-09,2022-09-01,2022,9,gas,cuenca,NORESTE,promedio_diario,0.0,Producción de gas promedio diaria por cuenca
2022-09,2022-09-01,2022,9,gas,cuenca,NOROESTE,promedio_diario,3813.7683,Producción de gas promedio diaria por cuenca
2022-09,2022-09-01,2022,9,gas,cuenca,ÑIRIHUAU,promedio_diario,0.0,Producción de gas promedio diaria por cuenca
2022-10,2022-10-01,2022,10,gas,cuenca,ARGENTINA NORTE,promedio_diario,0.0,Producción de gas promedio diaria por cuenca
2022-10,2022-10-01,2022,10,gas,cuenca,AUSTRAL,promedio_diario,27553.8674137419,Producción de gas promedio diaria por cuenca
2022-10,2022-10-01,2022,10,gas,cuenca,CAÑADON ASFALTO,promedio_diario,0.0,Producción de gas promedio diaria por cuenca
2022-10,2022-10-01,2022,10,gas,cuenca,CUYANA,promedio_diario,141.067612903226,Producción de gas promedio diaria por cuenca
2022-10,2022-10-01,2022,10,gas,cuenca,GOLFO SAN JORGE,promedio_diario,11270.4736387097,Producción de gas promedio diaria por cuenca
2022-10,2022-10-01,2022,10,gas,cuenca,MALVINAS OESTE,promedio_diario,0.0,Producción de gas promedio diaria por cuenca
2022-10,2022-10-01,2022,10,gas,cuenca,NEUQUINA,promedio_diario,90223.8563387077,Producción de gas promedio diaria por cuenca
2022-10,2022-10-01,2022,10,gas,cuenca,NORESTE,promedio_diario,0.0,Producción de gas promedio diaria por cuenca
2022-10,2022-10-01,2022,10,gas,cuenca,NOROESTE,promedio_diario,3791.84267741935,Producción de gas promedio diaria por cuenca
2022-10,2022-10-01,2022,10,gas,cuenca,ÑIRIHUAU,promedio_diario,0.0,Producción de gas promedio diaria por cuenca
2022-11,2022-11-01,2022,11,gas,cuenca,ARGENTINA NORTE,promedio_diario,0.0,Producción de gas promedio diaria por cuenca
2022-11,2022-11-01,2022,11,gas,cuenca,AUSTRAL,promedio_diario,27231.6034133333,Producción de gas promedio diaria por cuenca
2022-11,2022-11-01,2022,11,gas,cuenca,CAÑADON ASFALTO,promedio_diario,0.0,Producción de gas promedio diaria por cuenca
2022-11,2022-11-01,2022,11,gas,cuenca,CUYANA,promedio_diario,150.541466666667,Producción de gas promedio diaria por cuenca
2022-11,2022-11-01,2022,11,gas,cuenca,GOLFO SAN JORGE,promedio_diario,11353.7604533333,Producción de gas promedio diaria por cuenca
2022-11,2022-11-01,2022,11,gas,cuenca,MALVINAS OESTE,promedio_diario,0.0,Producción de gas promedio diaria por cuenca
2022-11,2022-11-01,2022,11,gas,cuenca,NEUQUINA,promedio_diario,84273.1851633333,Producción de gas promedio diaria por cuenca
2022-11,2022-11-01,2022,11,gas,cuenca,NORESTE,promedio_diario,0.0,Producción de gas promedio diaria por cuenca
2022-11,2022-11-01,2022,11,gas,cuenca,NOROESTE,promedio_diario,3744.4949,Producción de gas promedio diaria por cuenca
2022-11,2022-11-01,2022,11,gas,cuenca,ÑIRIHUAU,promedio_diario,0.0,Producción de gas promedio diaria por cuenca
2022-12,2022-12-01,2022,12,gas,cuenca,ARGENTINA NORTE,promedio_diario,0.0,Producción de gas promedio diaria por cuenca
2022-12,2022-12-01,2022,12,gas,cuenca,AUSTRAL,promedio_diario,27012.9614141613,Producción de gas promedio diaria por cuenca
2022-12,2022-12-01,2022,12,gas,cuenca,CAÑADON ASFALTO,promedio_diario,0.0,Producción de gas promedio diaria por cuenca
2022-12,2022-12-01,2022,12,gas,cuenca,CUYANA,promedio_diario,135.781548387097,Producción de gas promedio diaria por cuenca
2022-12,2022-12-01,2022,12,gas,cuenca,GOLFO SAN JORGE,promedio_diario,11363.4098419355,Producción de gas promedio diaria por cuenca
2022-12,2022-12-01,2022,12,gas,cuenca,MALVINAS OESTE,promedio_diario,0.0,Producción de gas promedio diaria por cuenca
2022-12,2022-12-01,2022,12,gas,cuenca,NEUQUINA,promedio_diario,86810.3043887097,Producción de gas promedio diaria por cuenca
2022-12,2022-12-01,2022,12,gas,cuenca,NORESTE,promedio_diario,0.0,Producción de gas promedio diaria por cuenca
2022-12,2022-12-01,2022,12,gas,cuenca,NOROESTE,promedio_diario,3718.97825806452,Producción de gas promedio diaria por cuenca
2022-12,2022-12-01,2022,12,gas,cuenca,ÑIRIHUAU,promedio_diario,0.0,Producción de gas promedio diaria por cuenca
2023-01,2023-01-01,2023,1,gas,cuenca,ARGENTINA NORTE,promedio_diario,0.0,Producción de gas promedio diaria por cuenca
2023-01,2023-01-01,2023,1,gas,cuenca,AUSTRAL,promedio_diario,26735.0245122258,Producción de gas promedio diaria por cuenca
2023-01,2023-01-01,2023,1,gas,cuenca,CAÑADON ASFALTO,promedio_diario,0.0,Producción de gas promedio diaria por cuenca
2023-01,2023-01-01,2023,1,gas,cuenca,CUYANA,promedio_diario,147.922064516129,Producción de gas promedio diaria por cuenca
2023-01,2023-01-01,2023,1,gas,cuenca,GOLFO SAN JORGE,promedio_diario,11175.511483871,Producción de gas promedio diaria por cuenca
2023-01,2023-01-01,2023,1,gas,cuenca,MALVINAS OESTE,promedio_diario,0.0,Producción de gas promedio diaria por cuenca
2023-01,2023-01-01,2023,1,gas,cuenca,NEUQUINA,promedio_diario,87259.1024216129,Producción de gas promedio diaria por cuenca
2023-01,2023-01-01,2023,1,gas,cuenca,NORESTE,promedio_diario,0.0,Producción de gas promedio diaria por cuenca
2023-01,2023-01-01,2023,1,gas,cuenca,NOROESTE,promedio_diario,3710.57883870968,Producción de gas promedio diaria por cuenca
2023-01,2023-01-01,2023,1,gas,cuenca,ÑIRIHUAU,promedio_diario,0.0,Producción de gas promedio diaria por cuenca
2023-02,2023-02-01,2023,2,gas,cuenca,ARGENTINA NORTE,promedio_diario,0.0,Producción de gas promedio diaria por cuenca
2023-02,2023-02-01,2023,2,gas,cuenca,AUSTRAL,promedio_diario,26749.5679836071,Producción de gas promedio diaria por cuenca
2023-02,2023-02-01,2023,2,gas,cuenca,CAÑADON ASFALTO,promedio_diario,0.0,Producción de gas promedio diaria por cuenca
2023-02,2023-02-01,2023,2,gas,cuenca,CUYANA,promedio_diario,148.776857142857,Producción de gas promedio diaria por cuenca
2023-02,2023-02-01,2023,2,gas,cuenca,GOLFO SAN JORGE,promedio_diario,11244.5404892857,Producción de gas promedio diaria por cuenca
2023-02,2023-02-01,2023,2,gas,cuenca,MALVINAS OESTE,promedio_diario,0.0,Producción de gas promedio diaria por cuenca
2023-02,2023-02-01,2023,2,gas,cuenca,NEUQUINA,promedio_diario,88358.1124928571,Producción de gas promedio diaria por cuenca
2023-02,2023-02-01,2023,2,gas,cuenca,NORESTE,promedio_diario,0.0,Producción de gas promedio diaria por cuenca
2023-02,2023-02-01,2023,2,gas,cuenca,NOROESTE,promedio_diario,3690.28575,Producción de gas promedio diaria por cuenca
2023-02,2023-02-01,2023,2,gas,cuenca,ÑIRIHUAU,promedio_diario,0.0,Producción de gas promedio diaria por cuenca
2023-03,2023-03-01,2023,3,gas,cuenca,ARGENTINA NORTE,promedio_diario,0.0,Producción de gas promedio diaria por cuenca
2023-03,2023-03-01,2023,3,gas,cuenca,AUSTRAL,promedio_diario,26451.9682263548,Producción de gas promedio diaria por cuenca
2023-03,2023-03-01,2023,3,gas,cuenca,CAÑADON ASFALTO,promedio_diario,0.0,Producción de gas promedio diaria por cuenca
2023-03,2023-03-01,2023,3,gas,cuenca,CUYANA,promedio_diario,147.471419354839,Producción de gas promedio diaria por cuenca
2023-03,2023-03-01,2023,3,gas,cuenca,GOLFO SAN JORGE,promedio_diario,11139.1402903226,Producción de gas promedio diaria por cuenca
2023-03,2023-03-01,2023,3,gas,cuenca,MALVINAS OESTE,promedio_diario,0.0,Producción de gas promedio diaria por cuenca
2023-03,2023-03-01,2023,3,gas,cuenca,NEUQUINA,promedio_diario,87479.7720925806,Producción de gas promedio diaria por cuenca
2023-03,2023-03-01,2023,3,gas,cuenca,NORESTE,promedio_diario,0.0,Producción de gas promedio diaria por cuenca
2023-03,2023-03-01,2023,3,gas,cuenca,NOROESTE,promedio_diario,3635.39990322581,Producción de gas promedio diaria por cuenca
2023-03,2023-03-01,2023,3,gas,cuenca,ÑIRIHUAU,promedio_diario,0.0,Producción de gas promedio diaria por cuenca
2023-04,2023-04-01,2023,4,gas,cuenca,ARGENTINA NORTE,promedio_diario,0.0,Producción de gas promedio diaria por cuenca
2023-04,2023-04-01,2023,4,gas,cuenca,AUSTRAL,promedio_diario,25052.6556697667,Producción de gas promedio diaria por cuenca
2023-04,2023-04-01,2023,4,gas,cuenca,CAÑADON ASFALTO,promedio_diario,0.0,Producción de gas promedio diaria por cuenca
2023-04,2023-04-01,2023,4,gas,cuenca,CUYANA,promedio_diario,150.202,Producción de gas promedio diaria por cuenca
2023-04,2023-04-01,2023,4,gas,cuenca,GOLFO SAN JORGE,promedio_diario,11002.9765166667,Producción de gas promedio diaria por cuenca
2023-04,2023-04-01,2023,4,gas,cuenca,MALVINAS OESTE,promedio_diario,0.0,Producción de gas promedio diaria por cuenca
2023-04,2023-04-01,2023,4,gas,cuenca,NEUQUINA,promedio_diario,88955.5029183333,Producción de gas promedio diaria por cuenca
2023-04,2023-04-01,2023,4,gas,cuenca,NORESTE,promedio_diario,0.0,Producción de gas promedio diaria por cuenca
2023-04,2023-04-01,2023,4,gas,cuenca,NOROESTE,promedio_diario,3621.65536666667,Producción de gas promedio diaria por cuenca
2023-04,2023-04-01,2023,4,gas,cuenca,ÑIRIHUAU,promedio_diario,0.0,Producción de gas promedio diaria por cuenca
2023-05,2023-05-01,2023,5,gas,cuenca,ARGENTINA NORTE,promedio_diario,0.0,Producción de gas promedio diaria por cuenca
2023-05,2023-05-01,2023,5,gas,cuenca,AUSTRAL,promedio_diario,26182.8491368064,Producción de gas promedio diaria por cuenca
2023-05,2023-05-01,2023,5,gas,cuenca,CAÑADON ASFALTO,promedio_diario,0.0,Producción de gas promedio diaria por cuenca
2023-05,2023-05-01,2023,5,gas,cuenca,CUYANA,promedio_diario,157.087225806452,Producción de gas promedio diaria por cuenca
2023-05,2023-05-01,2023,5,gas,cuenca,GOLFO SAN JORGE,promedio_diario,11202.9012451613,Producción de gas promedio diaria por cuenca
2023-05,2023-05-01,2023,5,gas,cuenca,MALVINAS OESTE,promedio_diario,0.0,Producción de gas promedio diaria por cuenca
2023-05,2023-05-01,2023,5,gas,cuenca,NEUQUINA,promedio_diario,93830.517866129,Producción de gas promedio diaria por cuenca
2023-05,2023-05-01,2023,5,gas,cuenca,NORESTE,promedio_diario,0.0,Producción de gas promedio diaria por cuenca
2023-05,2023-05-01,2023,5,gas,cuenca,NOROESTE,promedio_diario,3601.62419354839,Producción de gas promedio diaria por cuenca
2023-05,2023-05-01,2023,5,gas,cuenca,ÑIRIHUAU,promedio_diario,0.0,Producción de gas promedio diaria por cuenca
2023-06,2023-06-01,2023,6,gas,cuenca,ARGENTINA NORTE,promedio_diario,0.0,Producción de gas promedio diaria por cuenca
2023-06,2023-06-01,2023,6,gas,cuenca,AUSTRAL,promedio_diario,26408.0481972,Producción de gas promedio diaria por cuenca
2023-06,2023-06-01,2023,6,gas,cuenca,CAÑADON ASFALTO,promedio_diario,0.0,Producción de gas promedio diaria por cuenca
2023-06,2023-06-01,2023,6,gas,cuenca,CUYANA,promedio_diario,162.941333333333,Producción de gas promedio diaria por cuenca
2023-06,2023-06-01,2023,6,gas,cuenca,GOLFO SAN JORGE,promedio_diario,11347.7374133333,Producción de gas promedio diaria por cuenca
2023-06,2023-06-01,2023,6,gas,cuenca,MALVINAS OESTE,promedio_diario,0.0,Producción de gas promedio diaria por cuenca
2023-06,2023-06-01,2023,6,gas,cuenca,NEUQUINA,promedio_diario,96710.8117373333,Producción de gas promedio diaria por cuenca
2023-06,2023-06-01,2023,6,gas,cuenca,NORESTE,promedio_diario,0.0,Producción de gas promedio diaria por cuenca
2023-06,2023-06-01,2023,6,gas,cuenca,NOROESTE,promedio_diario,3588.21663333333,Producción de gas promedio diaria por cuenca
2023-06,2023-06-01,2023,6,gas,cuenca,ÑIRIHUAU,promedio_diario,0.0,Producción de gas promedio diaria por cuenca
2023-07,2023-07-01,2023,7,gas,cuenca,ARGENTINA NORTE,promedio_diario,0.0,Producción de gas promedio diaria por cuenca
2023-07,2023-07-01,2023,7,gas,cuenca,AUSTRAL,promedio_diario,25901.0631106774,Producción de gas promedio diaria por cuenca
2023-07,2023-07-01,2023,7,gas,cuenca,CAÑADON ASFALTO,promedio_diario,0.0,Producción de gas promedio diaria por cuenca
2023-07,2023-07-01,2023,7,gas,cuenca,CUYANA,promedio_diario,158.941096774194,Producción de gas promedio diaria por cuenca
2023-07,2023-07-01,2023,7,gas,cuenca,GOLFO SAN JORGE,promedio_diario,11415.1510806452,Producción de gas promedio diaria por cuenca
2023-07,2023-07-01,2023,7,gas,cuenca,MALVINAS OESTE,promedio_diario,0.0,Producción de gas promedio diaria por cuenca
2023-07,2023-07-01,2023,7,gas,cuenca,NEUQUINA,promedio_diario,97124.4806406452,Producción de gas promedio diaria por cuenca
2023-07,2023-07-01,2023,7,gas,cuenca,NORESTE,promedio_diario,0.0,Producción de gas promedio diaria por cuenca
2023-07,2023-07-01,2023,7,gas,cuenca,NOROESTE,promedio_diario,3567.66093548387,Producción de gas promedio diaria por cuenca
2023-07,2023-07-01,2023,7,gas,cuenca,ÑIRIHUAU,promedio_diario,0.0,Producción de gas promedio diaria por cuenca
2023-08,2023-08-01,2023,8,gas,cuenca,ARGENTINA NORTE,promedio_diario,0.0,Producción de gas promedio diaria por cuenca
2023-08,2023-08-01,2023,8,gas,cuenca,AUSTRAL,promedio_diario,25932.7393671935,Producción de gas promedio diaria por cuenca
2023-08,2023-08-01,2023,8,gas,cuenca,CAÑADON ASFALTO,promedio_diario,0.0,Producción de gas promedio diaria por cuenca
2023-08,2023-08-01,2023,8,gas,cuenca,CUYANA,promedio_diario,158.646225806452,Producción de gas promedio diaria por cuenca
2023-08,2023-08-01,2023,8,gas,cuenca,GOLFO SAN JORGE,promedio_diario,11360.0143483871,Producción de gas promedio diaria por cuenca
2023-08,2023-08-01,2023,8,gas,cuenca,MALVINAS OESTE,promedio_diario,0.0,Producción de gas promedio diaria por cuenca
2023-08,2023-08-01,2023,8,gas,cuenca,NEUQUINA,promedio_diario,103429.788690968,Producción de gas promedio diaria por cuenca
2023-08,2023-08-01,2023,8,gas,cuenca,NORESTE,promedio_diario,0.0,Producción de gas promedio diaria por cuenca
2023-08,2023-08-01,2023,8,gas,cuenca,NOROESTE,promedio_diario,3538.9474516129,Producción de gas promedio diaria por cuenca
2023-08,2023-08-01,2023,8,gas,cuenca,ÑIRIHUAU,promedio_diario,0.0,Producción de gas promedio diaria por cuenca
2023-09,2023-09-01,2023,9,gas,cuenca,ARGENTINA NORTE,promedio_diario,0.0,Producción de gas promedio diaria por cuenca
2023-09,2023-09-01,2023,9,gas,cuenca,AUSTRAL,promedio_diario,25691.9596527,Producción de gas promedio diaria por cuenca
2023-09,2023-09-01,2023,9,gas,cuenca,CAÑADON ASFALTO,promedio_diario,0.0,Producción de gas promedio diaria por cuenca
2023-09,2023-09-01,2023,9,gas,cuenca,CUYANA,promedio_diario,163.1218,Producción de gas promedio diaria por cuenca
2023-09,2023-09-01,2023,9,gas,cuenca,GOLFO SAN JORGE,promedio_diario,11465.90485,Producción de gas promedio diaria por cuenca
2023-09,2023-09-01,2023,9,gas,cuenca,MALVINAS OESTE,promedio_diario,0.0,Producción de gas promedio diaria por cuenca
2023-09,2023-09-01,2023,9,gas,cuenca,NEUQUINA,promedio_diario,102401.733663333,Producción de gas promedio diaria por cuenca
2023-09,2023-09-01,2023,9,gas,cuenca,NORESTE,promedio_diario,0.0,Producción de gas promedio diaria por cuenca
2023-09,2023-09-01,2023,9,gas,cuenca,NOROESTE,promedio_diario,3508.05716666667,Producción de gas promedio diaria por cuenca
2023-09,2023-09-01,2023,9,gas,cuenca,ÑIRIHUAU,promedio_diario,0.0,Producción de gas promedio diaria por cuenca
2023-10,2023-10-01,2023,10,gas,cuenca,ARGENTINA NORTE,promedio_diario,0.0,Producción de gas promedio diaria por cuenca
2023-10,2023-10-01,2023,10,gas,cuenca,AUSTRAL,promedio_diario,25224.2514538064,Producción de gas promedio diaria por cuenca
2023-10,2023-10-01,2023,10,gas,cuenca,CAÑADON ASFALTO,promedio_diario,0.0,Producción de gas promedio diaria por cuenca
2023-10,2023-10-01,2023,10,gas,cuenca,CUYANA,promedio_diario,150.776580645161,Producción de gas promedio diaria por cuenca
2023-10,2023-10-01,2023,10,gas,cuenca,GOLFO SAN JORGE,promedio_diario,11543.5438548387,Producción de gas promedio diaria por cuenca
2023-10,2023-10-01,2023,10,gas,cuenca,MALVINAS OESTE,promedio_diario,0.0,Producción de gas promedio diaria por cuenca
2023-10,2023-10-01,2023,10,gas,cuenca,NEUQUINA,promedio_diario,85567.7530548387,Producción de gas promedio diaria por cuenca
2023-10,2023-10-01,2023,10,gas,cuenca,NORESTE,promedio_diario,0.0,Producción de gas promedio diaria por cuenca
2023-10,2023-10-01,2023,10,gas,cuenca,NOROESTE,promedio_diario,3494.08258064516,Producción de gas promedio diaria por cuenca
2023-10,2023-10-01,2023,10,gas,cuenca,ÑIRIHUAU,promedio_diario,0.0,Producción de gas promedio diaria por cuenca
2023-11,2023-11-01,2023,11,gas,cuenca,ARGENTINA NORTE,promedio_diario,0.0,Producción de gas promedio diaria por cuenca
2023-11,2023-11-01,2023,11,gas,cuenca,AUSTRAL,promedio_diario,23824.3430866,Producción de gas promedio diaria por cuenca
2023-11,2023-11-01,2023,11,gas,cuenca,CAÑADON ASFALTO,promedio_diario,0.0,Producción de gas promedio diaria por cuenca
2023-11,2023-11-01,2023,11,gas,cuenca,CUYANA,promedio_diario,140.7425,Producción de gas promedio diaria por cuenca
2023-11,2023-11-01,2023,11,gas,cuenca,GOLFO SAN JORGE,promedio_diario,11235.1684666667,Producción de gas promedio diaria por cuenca
2023-11,2023-11-01,2023,11,gas,cuenca,MALVINAS OESTE,promedio_diario,0.0,Producción de gas promedio diaria por cuenca
2023-11,2023-11-01,2023,11,gas,cuenca,NEUQUINA,promedio_diario,87662.9656066667,Producción de gas promedio diaria por cuenca
2023-11,2023-11-01,2023,11,gas,cuenca,NORESTE,promedio_diario,0.0,Producción de gas promedio diaria por cuenca
2023-11,2023-11-01,2023,11,gas,cuenca,NOROESTE,promedio_diario,3467.47093333333,Producción de gas promedio diaria por cuenca
2023-11,2023-11-01,2023,11,gas,cuenca,ÑIRIHUAU,promedio_diario,0.0,Producción de gas promedio diaria por cuenca
2023-12,2023-12-01,2023,12,gas,cuenca,ARGENTINA NORTE,promedio_diario,0.0,Producción de gas promedio diaria por cuenca
2023-12,2023-12-01,2023,12,gas,cuenca,AUSTRAL,promedio_diario,21466.3173777742,Producción de gas promedio diaria por cuenca
2023-12,2023-12-01,2023,12,gas,cuenca,CAÑADON ASFALTO,promedio_diario,0.0,Producción de gas promedio diaria por cuenca
2023-12,2023-12-01,2023,12,gas,cuenca,CUYANA,promedio_diario,145.794322580645,Producción de gas promedio diaria por cuenca
2023-12,2023-12-01,2023,12,gas,cuenca,GOLFO SAN JORGE,promedio_diario,11194.168216129,Producción de gas promedio diaria por cuenca
2023-12,2023-12-01,2023,12,gas,cuenca,MALVINAS OESTE,promedio_diario,0.0,Producción de gas promedio diaria por cuenca
2023-12,2023-12-01,2023,12,gas,cuenca,NEUQUINA,promedio_diario,77903.4912741935,Producción de gas promedio diaria por cuenca
2023-12,2023-12-01,2023,12,gas,cuenca,NORESTE,promedio_diario,0.0,Producción de gas promedio diaria por cuenca
2023-12,2023-12-01,2023,12,gas,cuenca,NOROESTE,promedio_diario,3451.86503225806,Producción de gas promedio diaria por cuenca
2023-12,2023-12-01,2023,12,gas,cuenca,ÑIRIHUAU,promedio_diario,0.0,Producción de gas promedio diaria por cuenca
2024-01,2024-01-01,2024,1,gas,cuenca,ARGENTINA NORTE,promedio_diario,0.0,Producción de gas promedio diaria por cuenca
2024-01,2024-01-01,2024,1,gas,cuenca,AUSTRAL,promedio_diario,22019.8555990323,Producción de gas promedio diaria por cuenca
2024-01,2024-01-01,2024,1,gas,cuenca,CAÑADON ASFALTO,promedio_diario,0.0,Producción de gas promedio diaria por cuenca
2024-01,2024-01-01,2024,1,gas,cuenca,CUYANA,promedio_diario,147.001064516129,Producción de gas promedio diaria por cuenca
2024-01,2024-01-01,2024,1,gas,cuenca,GOLFO SAN JORGE,promedio_diario,11047.6811290323,Producción de gas promedio diaria por cuenca
2024-01,2024-01-01,2024,1,gas,cuenca,MALVINAS OESTE,promedio_diario,0.0,Producción de gas promedio diaria por cuenca
2024-01,2024-01-01,2024,1,gas,cuenca,NEUQUINA,promedio_diario,87163.7788129032,Producción de gas promedio diaria por cuenca
2024-01,2024-01-01,2024,1,gas,cuenca,NORESTE,promedio_diario,0.0,Producción de gas promedio diaria por cuenca
2024-01,2024-01-01,2024,1,gas,cuenca,NOROESTE,promedio_diario,3425.56132258065,Producción de gas promedio diaria por cuenca
2024-01,2024-01-01,2024,1,gas,cuenca,ÑIRIHUAU,promedio_diario,0.0,Producción de gas promedio diaria por cuenca
2024-02,2024-02-01,2024,2,gas,cuenca,ARGENTINA NORTE,promedio_diario,0.0,Producción de gas promedio diaria por cuenca
2024-02,2024-02-01,2024,2,gas,cuenca,AUSTRAL,promedio_diario,24690.1643773448,Producción de gas promedio diaria por cuenca
2024-02,2024-02-01,2024,2,gas,cuenca,CAÑADON ASFALTO,promedio_diario,0.0,Producción de gas promedio diaria por cuenca
2024-02,2024-02-01,2024,2,gas,cuenca,CUYANA,promedio_diario,139.528413793103,Producción de gas promedio diaria por cuenca
2024-02,2024-02-01,2024,2,gas,cuenca,GOLFO SAN JORGE,promedio_diario,11105.6574482759,Producción de gas promedio diaria por cuenca
2024-02,2024-02-01,2024,2,gas,cuenca,MALVINAS OESTE,promedio_diario,0.0,Producción de gas promedio diaria por cuenca
2024-02,2024-02-01,2024,2,gas,cuenca,NEUQUINA,promedio_diario,94709.665237931,Producción de gas promedio diaria por cuenca
2024-02,2024-02-01,2024,2,gas,cuenca,NORESTE,promedio_diario,0.0,Producción de gas promedio diaria por cuenca
2024-02,2024-02-01,2024,2,gas,cuenca,NOROESTE,promedio_diario,3411.70593103448,Producción de gas promedio diaria por cuenca
2024-02,2024-02-01,2024,2,gas,cuenca,ÑIRIHUAU,promedio_diario,0.0,Producción de gas promedio diaria por cuenca
2024-03,2024-03-01,2024,3,gas,cuenca,ARGENTINA NORTE,promedio_diario,0.0,Producción de gas promedio diaria por cuenca
2024-03,2024-03-01,2024,3,gas,cuenca,AUSTRAL,promedio_diario,24619.5528872903,Producción de gas promedio diaria por cuenca
2024-03,2024-03-01,2024,3,gas,cuenca,CAÑADON ASFALTO,promedio_diario,0.0,Producción de gas promedio diaria por cuenca
2024-03,2024-03-01,2024,3,gas,cuenca,CUYANA,promedio_diario,137.805,Producción de gas promedio diaria por cuenca
2024-03,2024-03-01,2024,3,gas,cuenca,GOLFO SAN JORGE,promedio_diario,10814.1621290323,Producción de gas promedio diaria por cuenca
2024-03,2024-03-01,2024,3,gas,cuenca,MALVINAS OESTE,promedio_diario,0.0,Producción de gas promedio diaria por cuenca
2024-03,2024-03-01,2024,3,gas,cuenca,NEUQUINA,promedio_diario,95689.8001612903,Producción de gas promedio diaria por cuenca
2024-03,2024-03-01,2024,3,gas,cuenca,NORESTE,promedio_diario,0.0,Producción de gas promedio diaria por cuenca
2024-03,2024-03-01,2024,3,gas,cuenca,NOROESTE,promedio_diario,3396.88980645161,Producción de gas promedio diaria por cuenca
2024-03,2024-03-01,2024,3,gas,cuenca,ÑIRIHUAU,promedio_diario,0.0,Producción de gas promedio diaria por cuenca
2024-04,2024-04-01,2024,4,gas,cuenca,ARGENTINA NORTE,promedio_diario,0.0,Producción de gas promedio diaria por cuenca
2024-04,2024-04-01,2024,4,gas,cuenca,AUSTRAL,promedio_diario,24154.4419637333,Producción de gas promedio diaria por cuenca
2024-04,2024-04-01,2024,4,gas,cuenca,CAÑADON ASFALTO,promedio_diario,0.0,Producción de gas promedio diaria por cuenca
2024-04,2024-04-01,2024,4,gas,cuenca,CUYANA,promedio_diario,146.846533333333,Producción de gas promedio diaria por cuenca
2024-04,2024-04-01,2024,4,gas,cuenca,GOLFO SAN JORGE,promedio_diario,10642.24471,Producción de gas promedio diaria por cuenca
2024-04,2024-04-01,2024,4,gas,cuenca,MALVINAS OESTE,promedio_diario,0.0,Producción de gas promedio diaria por cuenca
2024-04,2024-04-01,2024,4,gas,cuenca,NEUQUINA,promedio_diario,97831.8011866667,Producción de gas promedio diaria por cuenca
2024-04,2024-04-01,2024,4,gas,cuenca,NORESTE,promedio_diario,0.0,Producción de gas promedio diaria por cuenca
2024-04,2024-04-01,2024,4,gas,cuenca,NOROESTE,promedio_diario,3382.14266666667,Producción de gas promedio diaria por cuenca
2024-04,2024-04-01,2024,4,gas,cuenca,ÑIRIHUAU,promedio_diario,0.0,Producción de gas promedio diaria por cuenca
2024-05,2024-05-01,2024,5,gas,cuenca,ARGENTINA NORTE,promedio_diario,0.0,Producción de gas promedio diaria por cuenca
2024-05,2024-05-01,2024,5,gas,cuenca,AUSTRAL,promedio_diario,24903.9969389355,Producción de gas promedio diaria por cuenca
2024-05,2024-05-01,2024,5,gas,cuenca,CAÑADON ASFALTO,promedio_diario,0.0,Producción de gas promedio diaria por cuenca
2024-05,2024-05-01,2024,5,gas,cuenca,CUYANA,promedio_diario,139.783032258065,Producción de gas promedio diaria por cuenca
2024-05,2024-05-01,2024,5,gas,cuenca,GOLFO SAN JORGE,promedio_diario,10761.1416451613,Producción de gas promedio diaria por cuenca
2024-05,2024-05-01,2024,5,gas,cuenca,MALVINAS OESTE,promedio_diario,0.0,Producción de gas promedio diaria por cuenca
2024-05,2024-05-01,2024,5,gas,cuenca,NEUQUINA,promedio_diario,110957.94356129,Producción de gas promedio diaria por cuenca
2024-05,2024-05-01,2024,5,gas,cuenca,NORESTE,promedio_diario,0.0,Producción de gas promedio diaria por cuenca
2024-05,2024-05-01,2024,5,gas,cuenca,NOROESTE,promedio_diario,3378.03393548387,Producción de gas promedio diaria por cuenca
2024-05,2024-05-01,2024,5,gas,cuenca,ÑIRIHUAU,promedio_diario,0.0,Producción de gas promedio diaria por cuenca
2024-06,2024-06-01,2024,6,gas,cuenca,ARGENTINA NORTE,promedio_diario,0.0,Producción de gas promedio diaria por cuenca
2024-06,2024-06-01,2024,6,gas,cuenca,AUSTRAL,promedio_diario,24016.0193925667,Producción de gas promedio diaria por cuenca
2024-06,2024-06-01,2024,6,gas,cuenca,CAÑADON ASFALTO,promedio_diario,0.0,Producción de gas promedio diaria por cuenca
2024-06,2024-06-01,2024,6,gas,cuenca,CUYANA,promedio_diario,144.564666666667,Producción de gas promedio diaria por cuenca
2024-06,2024-06-01,2024,6,gas,cuenca,GOLFO SAN JORGE,promedio_diario,10513.2851133333,Producción de gas promedio diaria por cuenca
2024-06,2024-06-01,2024,6,gas,cuenca,MALVINAS OESTE,promedio_diario,0.0,Producción de gas promedio diaria por cuenca
2024-06,2024-06-01,2024,6,gas,cuenca,NEUQUINA,promedio_diario,109537.203206667,Producción de gas promedio diaria por cuenca
2024-06,2024-06-01,2024,6,gas,cuenca,NORESTE,promedio_diario,0.0,Producción de gas promedio diaria por cuenca
2024-06,2024-06-01,2024,6,gas,cuenca,NOROESTE,promedio_diario,3346.20626666667,Producción de gas promedio diaria por cuenca
2024-06,2024-06-01,2024,6,gas,cuenca,ÑIRIHUAU,promedio_diario,0.0,Producción de gas promedio diaria por cuenca
2024-07,2024-07-01,2024,7,gas,cuenca,ARGENTINA NORTE,promedio_diario,0.0,Producción de gas promedio diaria por cuenca
2024-07,2024-07-01,2024,7,gas,cuenca,AUSTRAL,promedio_diario,24030.4171563871,Producción de gas promedio diaria por cuenca
2024-07,2024-07-01,2024,7,gas,cuenca,CAÑADON ASFALTO,promedio_diario,0.0,Producción de gas promedio diaria por cuenca
2024-07,2024-07-01,2024,7,gas,cuenca,CUYANA,promedio_diario,115.515967741935,Producción de gas promedio diaria por cuenca
2024-07,2024-07-01,2024,7,gas,cuenca,GOLFO SAN JORGE,promedio_diario,10085.3038290323,Producción de gas promedio diaria por cuenca
2024-07,2024-07-01,2024,7,gas,cuenca,MALVINAS OESTE,promedio_diario,0.0,Producción de gas promedio diaria por cuenca
2024-07,2024-07-01,2024,7,gas,cuenca,NEUQUINA,promedio_diario,114334.402845161,Producción de gas promedio diaria por cuenca
2024-07,2024-07-01,2024,7,gas,cuenca,NORESTE,promedio_diario,0.0,Producción de gas promedio diaria por cuenca
2024-07,2024-07-01,2024,7,gas,cuenca,NOROESTE,promedio_diario,3339.24025806452,Producción de gas promedio diaria por cuenca
2024-07,2024-07-01,2024,7,gas,cuenca,ÑIRIHUAU,promedio_diario,0.0,Producción de gas promedio diaria por cuenca
2024-08,2024-08-01,2024,8,gas,cuenca,ARGENTINA NORTE,promedio_diario,0.0,Producción de gas promedio diaria por cuenca
2024-08,2024-08-01,2024,8,gas,cuenca,AUSTRAL,promedio_diario,23989.0127318387,Producción de gas promedio diaria por cuenca
2024-08,2024-08-01,2024,8,gas,cuenca,CAÑADON ASFALTO,promedio_diario,0.0,Producción de gas promedio diaria por cuenca
2024-08,2024-08-01,2024,8,gas,cuenca,CUYANA,promedio_diario,115.869709677419,Producción de gas promedio diaria por cuenca
2024-08,2024-08-01,2024,8,gas,cuenca,GOLFO SAN JORGE,promedio_diario,10689.9653322581,Producción de gas promedio diaria por cuenca
2024-08,2024-08-01,2024,8,gas,cuenca,MALVINAS OESTE,promedio_diario,0.0,Producción de gas promedio diaria por cuenca
2024-08,2024-08-01,2024,8,gas,cuenca,NEUQUINA,promedio_diario,114869.093806452,Producción de gas promedio diaria por cuenca
2024-08,2024-08-01,2024,8,gas,cuenca,NORESTE,promedio_diario,0.0,Producción de gas promedio diaria por cuenca
2024-08,2024-08-01,2024,8,gas,cuenca,NOROESTE,promedio_diario,3368.52061290323,Producción de gas promedio diaria por cuenca
2024-08,2024-08-01,2024,8,gas,cuenca,ÑIRIHUAU,promedio_diario,0.0,Producción de gas promedio diaria por cuenca
2024-09,2024-09-01,2024,9,gas,cuenca,ARGENTINA NORTE,promedio_diario,0.0,Producción de gas promedio diaria por cuenca
2024-09,2024-09-01,2024,9,gas,cuenca,AUSTRAL,promedio_diario,24199.8124066,Producción de gas promedio diaria por cuenca
2024-09,2024-09-01,2024,9,gas,cuenca,CAÑADON ASFALTO,promedio_diario,0.0,Producción de gas promedio diaria por cuenca
2024-09,2024-09-01,2024,9,gas,cuenca,CUYANA,promedio_diario,116.263433333333,Producción de gas promedio diaria por cuenca
2024-09,2024-09-01,2024,9,gas,cuenca,GOLFO SAN JORGE,promedio_diario,10718.7081,Producción de gas promedio diaria por cuenca
2024-09,2024-09-01,2024,9,gas,cuenca,MALVINAS OESTE,promedio_diario,0.0,Producción de gas promedio diaria por cuenca
2024-09,2024-09-01,2024,9,gas,cuenca,NEUQUINA,promedio_diario,108820.130503333,Producción de gas promedio diaria por cuenca
2024-09,2024-09-01,2024,9,gas,cuenca,NORESTE,promedio_diario,0.0,Producción de gas promedio diaria por cuenca
2024-09,2024-09-01,2024,9,gas,cuenca,NOROESTE,promedio_diario,3363.77056666667,Producción de gas promedio diaria por cuenca
2024-09,2024-09-01,2024,9,gas,cuenca,ÑIRIHUAU,promedio_diario,0.0,Producción de gas promedio diaria por cuenca
2024-10,2024-10-01,2024,10,gas,cuenca,ARGENTINA NORTE,promedio_diario,0.0,Producción de gas promedio diaria por cuenca
2024-10,2024-10-01,2024,10,gas,cuenca,AUSTRAL,promedio_diario,25949.1027400645,Producción de gas promedio diaria por cuenca
2024-10,2024-10-01,2024,10,gas,cuenca,CAÑADON ASFALTO,promedio_diario,0.0,Producción de gas promedio diaria por cuenca
2024-10,2024-10-01,2024,10,gas,cuenca,CUYANA,promedio_diario,115.420806451613,Producción de gas promedio diaria por cuenca
2024-10,2024-10-01,2024,10,gas,cuenca,GOLFO SAN JORGE,promedio_diario,10667.1469096774,Producción de gas promedio diaria por cuenca
2024-10,2024-10-01,2024,10,gas,cuenca,NEUQUINA,promedio_diario,93025.0266979977,Producción de gas promedio diaria por cuenca
2024-10,2024-10-01,2024,10,gas,cuenca,NORESTE,promedio_diario,0.0,Producción de gas promedio diaria por cuenca
2024-10,2024-10-01,2024,10,gas,cuenca,NOROESTE,promedio_diario,3407.09019354839,Producción de gas promedio diaria por cuenca
2024-10,2024-10-01,2024,10,gas,cuenca,ÑIRIHUAU,promedio_diario,0.0,Producción de gas promedio diaria por cuenca
2024-11,2024-11-01,2024,11,gas,cuenca,ARGENTINA NORTE,promedio_diario,0.0,Producción de gas promedio diaria por cuenca
2024-11,2024-11-01,2024,11,gas,cuenca,AUSTRAL,promedio_diario,24589.3514,Producción de gas promedio diaria por cuenca
2024-11,2024-11-01,2024,11,gas,cuenca,CAÑADON ASFALTO,promedio_diario,0.0,Producción de gas promedio diaria por cuenca
2024-11,2024-11-01,2024,11,gas,cuenca,CUYANA,promedio_diario,114.3705,Producción de gas promedio diaria por cuenca
2024-11,2024-11-01,2024,11,gas,cuenca,GOLFO SAN JORGE,promedio_diario,10359.2907686667,Producción de gas promedio diaria por cuenca
2024-11,2024-11-01,2024,11,gas,cuenca,NEUQUINA,promedio_diario,88739.02166,Producción de gas promedio diaria por cuenca
2024-11,2024-11-01,2024,11,gas,cuenca,NORESTE,promedio_diario,0.0,Producción de gas promedio diaria por cuenca
2024-11,2024-11-01,2024,11,gas,cuenca,NOROESTE,promedio_diario,3375.36516666667,Producción de gas promedio diaria por cuenca
2024-11,2024-11-01,2024,11,gas,cuenca,ÑIRIHUAU,promedio_diario,0.0,Producción de gas promedio diaria por cuenca
2024-12,2024-12-01,2024,12,gas,cuenca,ARGENTINA NORTE,promedio_diario,0.0,Producción de gas promedio diaria por cuenca
2024-12,2024-12-01,2024,12,gas,cuenca,AUSTRAL,promedio_diario,23333.7927419355,Producción de gas promedio diaria por cuenca
2024-12,2024-12-01,2024,12,gas,cuenca,CAÑADON ASFALTO,promedio_diario,0.0,Producción de gas promedio diaria por cuenca
2024-12,2024-12-01,2024,12,gas,cuenca,CUYANA,promedio_diario,116.750935483871,Producción de gas promedio diaria por cuenca
2024-12,2024-12-01,2024,12,gas,cuenca,GOLFO SAN JORGE,promedio_diario,10490.3168835484,Producción de gas promedio diaria por cuenca
2024-12,2024-12-01,2024,12,gas,cuenca,NEUQUINA,promedio_diario,87186.3778741936,Producción de gas promedio diaria por cuenca
2024-12,2024-12-01,2024,12,gas,cuenca,NORESTE,promedio_diario,0.0,Producción de gas promedio diaria por cuenca
2024-12,2024-12-01,2024,12,gas,cuenca,NOROESTE,promedio_diario,3356.58751612903,Producción de gas promedio diaria por cuenca
2024-12,2024-12-01,2024,12,gas,cuenca,ÑIRIHUAU,promedio_diario,0.0,Producción de gas promedio diaria por cuenca
2025-01,2025-01-01,2025,1,gas,cuenca,ARGENTINA NORTE,promedio_diario,0.0,Producción de gas promedio diaria por cuenca
2025-01,2025-01-01,2025,1,gas,cuenca,AUSTRAL,promedio_diario,27695.5850322581,Producción de gas promedio diaria por cuenca
2025-01,2025-01-01,2025,1,gas,cuenca,CAÑADON ASFALTO,promedio_diario,0.0,Producción de gas promedio diaria por cuenca
2025-01,2025-01-01,2025,1,gas,cuenca,CUYANA,promedio_diario,114.964258064516,Producción de gas promedio diaria por cuenca
2025-01,2025-01-01,2025,1,gas,cuenca,GOLFO SAN JORGE,promedio_diario,10236.8132774194,Producción de gas promedio diaria por cuenca
2025-01,2025-01-01,2025,1,gas,cuenca,NEUQUINA,promedio_diario,97191.3812258065,Producción de gas promedio diaria por cuenca
2025-01,2025-01-01,2025,1,gas,cuenca,NORESTE,promedio_diario,12.7774193548387,Producción de gas promedio diaria por cuenca
2025-01,2025-01-01,2025,1,gas,cuenca,NOROESTE,promedio_diario,3271.95,Producción de gas promedio diaria por cuenca
2025-01,2025-01-01,2025,1,gas,cuenca,ÑIRIHUAU,promedio_diario,0.0,Producción de gas promedio diaria por cuenca
2025-02,2025-02-01,2025,2,gas,cuenca,ARGENTINA NORTE,promedio_diario,0.0,Producción de gas promedio diaria por cuenca
2025-02,2025-02-01,2025,2,gas,cuenca,AUSTRAL,promedio_diario,28970.23775,Producción de gas promedio diaria por cuenca
2025-02,2025-02-01,2025,2,gas,cuenca,CAÑADON ASFALTO,promedio_diario,0.0,Producción de gas promedio diaria por cuenca
2025-02,2025-02-01,2025,2,gas,cuenca,CUYANA,promedio_diario,116.284071428571,Producción de gas promedio diaria por cuenca
2025-02,2025-02-01,2025,2,gas,cuenca,GOLFO SAN JORGE,promedio_diario,10084.5067321429,Producción de gas promedio diaria por cuenca
2025-02,2025-02-01,2025,2,gas,cuenca,NEUQUINA,promedio_diario,102343.460378571,Producción de gas promedio diaria por cuenca
2025-02,2025-02-01,2025,2,gas,cuenca,NORESTE,promedio_diario,12.5714285714286,Producción de gas promedio diaria por cuenca
2025-02,2025-02-01,2025,2,gas,cuenca,NOROESTE,promedio_diario,3275.89221428571,Producción de gas promedio diaria por cuenca
2025-02,2025-02-01,2025,2,gas,cuenca,ÑIRIHUAU,promedio_diario,0.0,Producción de gas promedio diaria por cuenca
2025-03,2025-03-01,2025,3,gas,cuenca,ARGENTINA NORTE,promedio_diario,0.0,Producción de gas promedio diaria por cuenca
2025-03,2025-03-01,2025,3,gas,cuenca,AUSTRAL,promedio_diario,27143.724483871,Producción de gas promedio diaria por cuenca
2025-03,2025-03-01,2025,3,gas,cuenca,CAÑADON ASFALTO,promedio_diario,0.0,Producción de gas promedio diaria por cuenca
2025-03,2025-03-01,2025,3,gas,cuenca,CUYANA,promedio_diario,112.369322580645,Producción de gas promedio diaria por cuenca
2025-03,2025-03-01,2025,3,gas,cuenca,GOLFO SAN JORGE,promedio_diario,9870.25938709678,Producción de gas promedio diaria por cuenca
2025-03,2025-03-01,2025,3,gas,cuenca,NEUQUINA,promedio_diario,93384.3095806452,Producción de gas promedio diaria por cuenca
2025-03,2025-03-01,2025,3,gas,cuenca,NORESTE,promedio_diario,13.0032258064516,Producción de gas promedio diaria por cuenca
2025-03,2025-03-01,2025,3,gas,cuenca,NOROESTE,promedio_diario,3280.78129032258,Producción de gas promedio diaria por cuenca
2025-03,2025-03-01,2025,3,gas,cuenca,ÑIRIHUAU,promedio_diario,0.0,Producción de gas promedio diaria por cuenca
2025-04,2025-04-01,2025,4,gas,cuenca,ARGENTINA NORTE,promedio_diario,0.0,Producción de gas promedio diaria por cuenca
2025-04,2025-04-01,2025,4,gas,cuenca,AUSTRAL,promedio_diario,27272.6268,Producción de gas promedio diaria por cuenca
2025-04,2025-04-01,2025,4,gas,cuenca,CAÑADON ASFALTO,promedio_diario,0.0,Producción de gas promedio diaria por cuenca
2025-04,2025-04-01,2025,4,gas,cuenca,CUYANA,promedio_diario,109.764933333333,Producción de gas promedio diaria por cuenca
2025-04,2025-04-01,2025,4,gas,cuenca,GOLFO SAN JORGE,promedio_diario,10172.8776333333,Producción de gas promedio diaria por cuenca
2025-04,2025-04-01,2025,4,gas,cuenca,NEUQUINA,promedio_diario,95853.3922433333,Producción de gas promedio diaria por cuenca
2025-04,2025-04-01,2025,4,gas,cuenca,NORESTE,promedio_diario,0.0,Producción de gas promedio diaria por cuenca
2025-04,2025-04-01,2025,4,gas,cuenca,NOROESTE,promedio_diario,3312.20496666667,Producción de gas promedio diaria por cuenca
2025-04,2025-04-01,2025,4,gas,cuenca,ÑIRIHUAU,promedio_diario,0.0,Producción de gas promedio diaria por cuenca
2025-05,2025-05-01,2025,5,gas,cuenca,ARGENTINA NORTE,promedio_diario,0.0,Producción de gas promedio diaria por cuenca
2025-05,2025-05-01,2025,5,gas,cuenca,AUSTRAL,promedio_diario,27461.9841612903,Producción de gas promedio diaria por cuenca
2025-05,2025-05-01,2025,5,gas,cuenca,CAÑADON ASFALTO,promedio_diario,0.0,Producción de gas promedio diaria por cuenca
2025-05,2025-05-01,2025,5,gas,cuenca,CUYANA,promedio_diario,123.380838709677,Producción de gas promedio diaria por cuenca
2025-05,2025-05-01,2025,5,gas,cuenca,GOLFO SAN JORGE,promedio_diario,9980.87132258065,Producción de gas promedio diaria por cuenca
2025-05,2025-05-01,2025,5,gas,cuenca,NEUQUINA,promedio_diario,106910.028951613,Producción de gas promedio diaria por cuenca
2025-05,2025-05-01,2025,5,gas,cuenca,NORESTE,promedio_diario,0.0,Producción de gas promedio diaria por cuenca
2025-05,2025-05-01,2025,5,gas,cuenca,NOROESTE,promedio_diario,3204.17616129032,Producción de gas promedio diaria por cuenca
2025-05,2025-05-01,2025,5,gas,cuenca,ÑIRIHUAU,promedio_diario,0.0,Producción de gas promedio diaria por cuenca
2025-06,2025-06-01,2025,6,gas,cuenca,ARGENTINA NORTE,promedio_diario,0.0,Producción de gas promedio diaria por cuenca
2025-06,2025-06-01,2025,6,gas,cuenca,AUSTRAL,promedio_diario,28943.5823666667,Producción de gas promedio diaria por cuenca
2025-06,2025-06-01,2025,6,gas,cuenca,CAÑADON ASFALTO,promedio_diario,0.0,Producción de gas promedio diaria por cuenca
2025-06,2025-06-01,2025,6,gas,cuenca,CUYANA,promedio_diario,96.8616,Producción de gas promedio diaria por cuenca
2025-06,2025-06-01,2025,6,gas,cuenca,GOLFO SAN JORGE,promedio_diario,9860.76976666667,Producción de gas promedio diaria por cuenca
2025-06,2025-06-01,2025,6,gas,cuenca,NEUQUINA,promedio_diario,117322.796326667,Producción de gas promedio diaria por cuenca
2025-06,2025-06-01,2025,6,gas,cuenca,NORESTE,promedio_diario,0.0,Producción de gas promedio diaria por cuenca
2025-06,2025-06-01,2025,6,gas,cuenca,NOROESTE,promedio_diario,3127.13286666667,Producción de gas promedio diaria por cuenca
2025-06,2025-06-01,2025,6,gas,cuenca,ÑIRIHUAU,promedio_diario,0.0,Producción de gas promedio diaria por cuenca
2025-07,2025-07-01,2025,7,gas,cuenca,ARGENTINA NORTE,promedio_diario,0.0,Producción de gas promedio diaria por cuenca
2025-07,2025-07-01,2025,7,gas,cuenca,AUSTRAL,promedio_diario,28777.5388064516,Producción de gas promedio diaria por cuenca
2025-07,2025-07-01,2025,7,gas,cuenca,CAÑADON ASFALTO,promedio_diario,0.0,Producción de gas promedio diaria por cuenca
2025-07,2025-07-01,2025,7,gas,cuenca,CUYANA,promedio_diario,95.8956451612903,Producción de gas promedio diaria por cuenca
2025-07,2025-07-01,2025,7,gas,cuenca,GOLFO SAN JORGE,promedio_diario,9886.31019354839,Producción de gas promedio diaria por cuenca
2025-07,2025-07-01,2025,7,gas,cuenca,NEUQUINA,promedio_diario,118926.864527419,Producción de gas promedio diaria por cuenca
2025-07,2025-07-01,2025,7,gas,cuenca,NORESTE,promedio_diario,0.0,Producción de gas promedio diaria por cuenca
2025-07,2025-07-01,2025,7,gas,cuenca,NOROESTE,promedio_diario,3074.98641935484,Producción de gas promedio diaria por cuenca
2025-07,2025-07-01,2025,7,gas,cuenca,ÑIRIHUAU,promedio_diario,0.0,Producción de gas promedio diaria por cuenca
2025-08,2025-08-01,2025,8,gas,cuenca,ARGENTINA NORTE,promedio_diario,0.0,Producción de gas promedio diaria por cuenca
2025-08,2025-08-01,2025,8,gas,cuenca,AUSTRAL,promedio_diario,27856.3928387097,Producción de gas promedio diaria por cuenca
2025-08,2025-08-01,2025,8,gas,cuenca,CAÑADON ASFALTO,promedio_diario,0.0,Producción de gas promedio diaria por cuenca
2025-08,2025-08-01,2025,8,gas,cuenca,CUYANA,promedio_diario,98.8144516129032,Producción de gas promedio diaria por cuenca
2025-08,2025-08-01,2025,8,gas,cuenca,GOLFO SAN JORGE,promedio_diario,9590.5270516129,Producción de gas promedio diaria por cuenca
2025-08,2025-08-01,2025,8,gas,cuenca,NEUQUINA,promedio_diario,117544.171451613,Producción de gas promedio diaria por cuenca
2025-08,2025-08-01,2025,8,gas,cuenca,NORESTE,promedio_diario,0.0,Producción de gas promedio diaria por cuenca
2025-08,2025-08-01,2025,8,gas,cuenca,NOROESTE,promedio_diario,3008.94874193548,Producción de gas promedio diaria por cuenca
2025-08,2025-08-01,2025,8,gas,cuenca,ÑIRIHUAU,promedio_diario,0.0,Producción de gas promedio diaria por cuenca
2025-09,2025-09-01,2025,9,gas,cuenca,ARGENTINA NORTE,promedio_diario,0.0,Producción de gas promedio diaria por cuenca
2025-09,2025-09-01,2025,9,gas,cuenca,AUSTRAL,promedio_diario,26202.3119,Producción de gas promedio diaria por cuenca
2025-09,2025-09-01,2025,9,gas,cuenca,CAÑADON ASFALTO,promedio_diario,0.0,Producción de gas promedio diaria por cuenca
2025-09,2025-09-01,2025,9,gas,cuenca,CUYANA,promedio_diario,98.6362333333333,Producción de gas promedio diaria por cuenca
2025-09,2025-09-01,2025,9,gas,cuenca,GOLFO SAN JORGE,promedio_diario,9402.6903,Producción de gas promedio diaria por cuenca
2025-09,2025-09-01,2025,9,gas,cuenca,NEUQUINA,promedio_diario,99999.4651333333,Producción de gas promedio diaria por cuenca
2025-09,2025-09-01,2025,9,gas,cuenca,NORESTE,promedio_diario,0.0,Producción de gas promedio diaria por cuenca
2025-09,2025-09-01,2025,9,gas,cuenca,NOROESTE,promedio_diario,2942.80476666667,Producción de gas promedio diaria por cuenca
2025-09,2025-09-01,2025,9,gas,cuenca,ÑIRIHUAU,promedio_diario,0.0,Producción de gas promedio diaria por cuenca
2025-10,2025-10-01,2025,10,gas,cuenca,ARGENTINA NORTE,promedio_diario,0.0,Producción de gas promedio diaria por cuenca
2025-10,2025-10-01,2025,10,gas,cuenca,AUSTRAL,promedio_diario,24846.5869032258,Producción de gas promedio diaria por cuenca
2025-10,2025-10-01,2025,10,gas,cuenca,CAÑADON ASFALTO,promedio_diario,0.0,Producción de gas promedio diaria por cuenca
2025-10,2025-10-01,2025,10,gas,cuenca,CUYANA,promedio_diario,98.9185161290323,Producción de gas promedio diaria por cuenca
2025-10,2025-10-01,2025,10,gas,cuenca,GOLFO SAN JORGE,promedio_diario,9335.42963870968,Producción de gas promedio diaria por cuenca
2025-10,2025-10-01,2025,10,gas,cuenca,NEUQUINA,promedio_diario,86830.2915483871,Producción de gas promedio diaria por cuenca
2025-10,2025-10-01,2025,10,gas,cuenca,NORESTE,promedio_diario,0.0,Producción de gas promedio diaria por cuenca
2025-10,2025-10-01,2025,10,gas,cuenca,NOROESTE,promedio_diario,2864.07529032258,Producción de gas promedio diaria por cuenca
2025-10,2025-10-01,2025,10,gas,cuenca,ÑIRIHUAU,promedio_diario,0.0,Producción de gas promedio diaria por cuenca
2025-11,2025-11-01,2025,11,gas,cuenca,ARGENTINA NORTE,promedio_diario,0.0,Producción de gas promedio diaria por cuenca
2025-11,2025-11-01,2025,11,gas,cuenca,AUSTRAL,promedio_diario,24982.4033666667,Producción de gas promedio diaria por cuenca
2025-11,2025-11-01,2025,11,gas,cuenca,CAÑADON ASFALTO,promedio_diario,0.0,Producción de gas promedio diaria por cuenca
2025-11,2025-11-01,2025,11,gas,cuenca,CUYANA,promedio_diario,97.8054666666667,Producción de gas promedio diaria por cuenca
2025-11,2025-11-01,2025,11,gas,cuenca,GOLFO SAN JORGE,promedio_diario,9041.01873333333,Producción de gas promedio diaria por cuenca
2025-11,2025-11-01,2025,11,gas,cuenca,NEUQUINA,promedio_diario,85311.8076666667,Producción de gas promedio diaria por cuenca
2025-11,2025-11-01,2025,11,gas,cuenca,NORESTE,promedio_diario,0.0,Producción de gas promedio diaria por cuenca
2025-11,2025-11-01,2025,11,gas,cuenca,NOROESTE,promedio_diario,2783.9751,Producción de gas promedio diaria por cuenca
2025-11,2025-11-01,2025,11,gas,cuenca,ÑIRIHUAU,promedio_diario,0.0,Producción de gas promedio diaria por cuenca
2025-12,2025-12-01,2025,12,gas,cuenca,ARGENTINA NORTE,promedio_diario,0.0,Producción de gas promedio diaria por cuenca
2025-12,2025-12-01,2025,12,gas,cuenca,AUSTRAL,promedio_diario,25100.9595806452,Producción de gas promedio diaria por cuenca
2025-12,2025-12-01,2025,12,gas,cuenca,CAÑADON ASFALTO,promedio_diario,0.0,Producción de gas promedio diaria por cuenca
2025-12,2025-12-01,2025,12,gas,cuenca,CUYANA,promedio_diario,97.5076774193548,Producción de gas promedio diaria por cuenca
2025-12,2025-12-01,2025,12,gas,cuenca,GOLFO SAN JORGE,promedio_diario,8949.4377,Producción de gas promedio diaria por cuenca
2025-12,2025-12-01,2025,12,gas,cuenca,NEUQUINA,promedio_diario,94856.675516129,Producción de gas promedio diaria por cuenca
2025-12,2025-12-01,2025,12,gas,cuenca,NORESTE,promedio_diario,0.0,Producción de gas promedio diaria por cuenca
2025-12,2025-12-01,2025,12,gas,cuenca,NOROESTE,promedio_diario,2740.7425483871,Producción de gas promedio diaria por cuenca
2025-12,2025-12-01,2025,12,gas,cuenca,ÑIRIHUAU,promedio_diario,0.0,Producción de gas promedio diaria por cuenca
2026-01,2026-01-01,2026,1,gas,cuenca,ARGENTINA NORTE,promedio_diario,0.0,Producción de gas promedio diaria por cuenca
2026-01,2026-01-01,2026,1,gas,cuenca,AUSTRAL,promedio_diario,24811.1676774194,Producción de gas promedio diaria por cuenca
2026-01,2026-01-01,2026,1,gas,cuenca,CAÑADON ASFALTO,promedio_diario,0.0,Producción de gas promedio diaria por cuenca
2026-01,2026-01-01,2026,1,gas,cuenca,CUYANA,promedio_diario,93.6926451612903,Producción de gas promedio diaria por cuenca
2026-01,2026-01-01,2026,1,gas,cuenca,GOLFO SAN JORGE,promedio_diario,8787.86634516129,Producción de gas promedio diaria por cuenca
2026-01,2026-01-01,2026,1,gas,cuenca,NEUQUINA,promedio_diario,95255.2239677419,Producción de gas promedio diaria por cuenca
2026-01,2026-01-01,2026,1,gas,cuenca,NORESTE,promedio_diario,0.0,Producción de gas promedio diaria por cuenca
2026-01,2026-01-01,2026,1,gas,cuenca,NOROESTE,promedio_diario,2727.50477419355,Producción de gas promedio diaria por cuenca
2026-01,2026-01-01,2026,1,gas,cuenca,ÑIRIHUAU,promedio_diario,0.0,Producción de gas promedio diaria por cuenca
2026-02,2026-02-01,2026,2,gas,cuenca,ARGENTINA NORTE,promedio_diario,0.0,Producción de gas promedio diaria por cuenca
2026-02,2026-02-01,2026,2,gas,cuenca,AUSTRAL,promedio_diario,26938.39,Producción de gas promedio diaria por cuenca
2026-02,2026-02-01,2026,2,gas,cuenca,CAÑADON ASFALTO,promedio_diario,0.0,Producción de gas promedio diaria por cuenca
2026-02,2026-02-01,2026,2,gas,cuenca,CUYANA,promedio_diario,88.587,Producción de gas promedio diaria por cuenca
2026-02,2026-02-01,2026,2,gas,cuenca,GOLFO SAN JORGE,promedio_diario,8745.01035714286,Producción de gas promedio diaria por cuenca
2026-02,2026-02-01,2026,2,gas,cuenca,NEUQUINA,promedio_diario,101638.302535714,Producción de gas promedio diaria por cuenca
2026-02,2026-02-01,2026,2,gas,cuenca,NORESTE,promedio_diario,0.0,Producción de gas promedio diaria por cuenca
2026-02,2026-02-01,2026,2,gas,cuenca,NOROESTE,promedio_diario,2721.02157142857,Producción de gas promedio diaria por cuenca
2026-02,2026-02-01,2026,2,gas,cuenca,ÑIRIHUAU,promedio_diario,0.0,Producción de gas promedio diaria por cuenca
2026-03,2026-03-01,2026,3,gas,cuenca,ARGENTINA NORTE,promedio_diario,0.0,Producción de gas promedio diaria por cuenca
2026-03,2026-03-01,2026,3,gas,cuenca,AUSTRAL,promedio_diario,25724.5079677419,Producción de gas promedio diaria por cuenca
2026-03,2026-03-01,2026,3,gas,cuenca,CAÑADON ASFALTO,promedio_diario,0.0,Producción de gas promedio diaria por cuenca
2026-03,2026-03-01,2026,3,gas,cuenca,CUYANA,promedio_diario,87.6075161290323,Producción de gas promedio diaria por cuenca
2026-03,2026-03-01,2026,3,gas,cuenca,GOLFO SAN JORGE,promedio_diario,8354.21377419355,Producción de gas promedio diaria por cuenca
2026-03,2026-03-01,2026,3,gas,cuenca,NEUQUINA,promedio_diario,104965.209903226,Producción de gas promedio diaria por cuenca
2026-03,2026-03-01,2026,3,gas,cuenca,NORESTE,promedio_diario,0.0,Producción de gas promedio diaria por cuenca
2026-03,2026-03-01,2026,3,gas,cuenca,NOROESTE,promedio_diario,2701.86290322581,Producción de gas promedio diaria por cuenca
2026-03,2026-03-01,2026,3,gas,cuenca,ÑIRIHUAU,promedio_diario,0.0,Producción de gas promedio diaria por cuenca
2026-04,2026-04-01,2026,4,gas,cuenca,ARGENTINA NORTE,promedio_diario,0.0,Producción de gas promedio diaria por cuenca
2026-04,2026-04-01,2026,4,gas,cuenca,AUSTRAL,promedio_diario,24575.0165,Producción de gas promedio diaria por cuenca
2026-04,2026-04-01,2026,4,gas,cuenca,CAÑADON ASFALTO,promedio_diario,0.0,Producción de gas promedio diaria por cuenca
2026-04,2026-04-01,2026,4,gas,cuenca,CUYANA,promedio_diario,92.6254,Producción de gas promedio diaria por cuenca
2026-04,2026-04-01,2026,4,gas,cuenca,GOLFO SAN JORGE,promedio_diario,8255.9472,Producción de gas promedio diaria por cuenca
2026-04,2026-04-01,2026,4,gas,cuenca,NEUQUINA,promedio_diario,105021.7729,Producción de gas promedio diaria por cuenca
2026-04,2026-04-01,2026,4,gas,cuenca,NORESTE,promedio_diario,0.0,Producción de gas promedio diaria por cuenca
2026-04,2026-04-01,2026,4,gas,cuenca,NOROESTE,promedio_diario,2683.26323333333,Producción de gas promedio diaria por cuenca
2026-04,2026-04-01,2026,4,gas,cuenca,ÑIRIHUAU,promedio_diario,0.0,Producción de gas promedio diaria por cuenca
2026-05,2026-05-01,2026,5,gas,cuenca,ARGENTINA NORTE,promedio_diario,0.0,Producción de gas promedio diaria por cuenca
2026-05,2026-05-01,2026,5,gas,cuenca,AUSTRAL,promedio_diario,26242.5987549355,Producción de gas promedio diaria por cuenca
2026-05,2026-05-01,2026,5,gas,cuenca,CAÑADON ASFALTO,promedio_diario,0.0,Producción de gas promedio diaria por cuenca
2026-05,2026-05-01,2026,5,gas,cuenca,CUYANA,promedio_diario,88.1460967741936,Producción de gas promedio diaria por cuenca
2026-05,2026-05-01,2026,5,gas,cuenca,GOLFO SAN JORGE,promedio_diario,8319.29490322581,Producción de gas promedio diaria por cuenca
2026-05,2026-05-01,2026,5,gas,cuenca,NEUQUINA,promedio_diario,119261.612064516,Producción de gas promedio diaria por cuenca
2026-05,2026-05-01,2026,5,gas,cuenca,NORESTE,promedio_diario,0.0,Producción de gas promedio diaria por cuenca
2026-05,2026-05-01,2026,5,gas,cuenca,NOROESTE,promedio_diario,2672.5824516129,Producción de gas promedio diaria por cuenca
2026-05,2026-05-01,2026,5,gas,cuenca,ÑIRIHUAU,promedio_diario,0.0,Producción de gas promedio diaria por cuenca
