periodo_str,periodo_dt,anio,mes,producto,agrupador_tipo,agrupador_nombre,tipo_recurso,produccion,source_resource
2009-01,2009-01-01,2009,1,gas,provincia,Chubut,promedio_diario,9100.13898387097,Producción de gas promedio diaria por provincia
2009-01,2009-01-01,2009,1,gas,provincia,Estado Nacional,promedio_diario,4561.64903225806,Producción de gas promedio diaria por provincia
2009-01,2009-01-01,2009,1,gas,provincia,Formosa,promedio_diario,102.39,Producción de gas promedio diaria por provincia
2009-01,2009-01-01,2009,1,gas,provincia,Jujuy,promedio_diario,13.7148387096774,Producción de gas promedio diaria por provincia
2009-01,2009-01-01,2009,1,gas,provincia,La Pampa,promedio_diario,1007.93406451613,Producción de gas promedio diaria por provincia
2009-01,2009-01-01,2009,1,gas,provincia,Mendoza,promedio_diario,6443.19341935484,Producción de gas promedio diaria por provincia
2009-01,2009-01-01,2009,1,gas,provincia,Neuquén,promedio_diario,65538.8607778387,Producción de gas promedio diaria por provincia
2009-01,2009-01-01,2009,1,gas,provincia,Rio Negro,promedio_diario,2337.49196774194,Producción de gas promedio diaria por provincia
2009-01,2009-01-01,2009,1,gas,provincia,Salta,promedio_diario,17328.2856774194,Producción de gas promedio diaria por provincia
2009-01,2009-01-01,2009,1,gas,provincia,San Juan,promedio_diario,0.0,Producción de gas promedio diaria por provincia
2009-01,2009-01-01,2009,1,gas,provincia,Santa Cruz,promedio_diario,13724.0848003226,Producción de gas promedio diaria por provincia
2009-01,2009-01-01,2009,1,gas,provincia,Tierra del Fuego,promedio_diario,11065.2672580645,Producción de gas promedio diaria por provincia
2009-02,2009-02-01,2009,2,gas,provincia,Chubut,promedio_diario,9452.643025,Producción de gas promedio diaria por provincia
2009-02,2009-02-01,2009,2,gas,provincia,Estado Nacional,promedio_diario,5150.75153571429,Producción de gas promedio diaria por provincia
2009-02,2009-02-01,2009,2,gas,provincia,Formosa,promedio_diario,97.5832142857143,Producción de gas promedio diaria por provincia
2009-02,2009-02-01,2009,2,gas,provincia,Jujuy,promedio_diario,12.8189285714286,Producción de gas promedio diaria por provincia
2009-02,2009-02-01,2009,2,gas,provincia,La Pampa,promedio_diario,1209.58571428571,Producción de gas promedio diaria por provincia
2009-02,2009-02-01,2009,2,gas,provincia,Mendoza,promedio_diario,6714.55984657143,Producción de gas promedio diaria por provincia
2009-02,2009-02-01,2009,2,gas,provincia,Neuquén,promedio_diario,64607.2591785714,Producción de gas promedio diaria por provincia
2009-02,2009-02-01,2009,2,gas,provincia,Rio Negro,promedio_diario,2370.45110714286,Producción de gas promedio diaria por provincia
2009-02,2009-02-01,2009,2,gas,provincia,Salta,promedio_diario,17765.29925,Producción de gas promedio diaria por provincia
2009-02,2009-02-01,2009,2,gas,provincia,San Juan,promedio_diario,0.0,Producción de gas promedio diaria por provincia
2009-02,2009-02-01,2009,2,gas,provincia,Santa Cruz,promedio_diario,14159.7285107143,Producción de gas promedio diaria por provincia
2009-02,2009-02-01,2009,2,gas,provincia,Tierra del Fuego,promedio_diario,11292.588,Producción de gas promedio diaria por provincia
2009-03,2009-03-01,2009,3,gas,provincia,Chubut,promedio_diario,9463.46468064516,Producción de gas promedio diaria por provincia
2009-03,2009-03-01,2009,3,gas,provincia,Estado Nacional,promedio_diario,5395.60090322581,Producción de gas promedio diaria por provincia
2009-03,2009-03-01,2009,3,gas,provincia,Formosa,promedio_diario,96.5635483870968,Producción de gas promedio diaria por provincia
2009-03,2009-03-01,2009,3,gas,provincia,Jujuy,promedio_diario,12.7890322580645,Producción de gas promedio diaria por provincia
2009-03,2009-03-01,2009,3,gas,provincia,La Pampa,promedio_diario,1271.86358064516,Producción de gas promedio diaria por provincia
2009-03,2009-03-01,2009,3,gas,provincia,Mendoza,promedio_diario,6731.41431051613,Producción de gas promedio diaria por provincia
2009-03,2009-03-01,2009,3,gas,provincia,Neuquén,promedio_diario,67170.9990346452,Producción de gas promedio diaria por provincia
2009-03,2009-03-01,2009,3,gas,provincia,Rio Negro,promedio_diario,2382.38112903226,Producción de gas promedio diaria por provincia
2009-03,2009-03-01,2009,3,gas,provincia,Salta,promedio_diario,17357.4739354839,Producción de gas promedio diaria por provincia
2009-03,2009-03-01,2009,3,gas,provincia,San Juan,promedio_diario,0.0,Producción de gas promedio diaria por provincia
2009-03,2009-03-01,2009,3,gas,provincia,Santa Cruz,promedio_diario,14103.7159516129,Producción de gas promedio diaria por provincia
2009-03,2009-03-01,2009,3,gas,provincia,Tierra del Fuego,promedio_diario,11374.9386774194,Producción de gas promedio diaria por provincia
2009-04,2009-04-01,2009,4,gas,provincia,Chubut,promedio_diario,9582.13269333333,Producción de gas promedio diaria por provincia
2009-04,2009-04-01,2009,4,gas,provincia,Estado Nacional,promedio_diario,6548.44386666667,Producción de gas promedio diaria por provincia
2009-04,2009-04-01,2009,4,gas,provincia,Formosa,promedio_diario,98.9276666666667,Producción de gas promedio diaria por provincia
2009-04,2009-04-01,2009,4,gas,provincia,Jujuy,promedio_diario,13.408,Producción de gas promedio diaria por provincia
2009-04,2009-04-01,2009,4,gas,provincia,La Pampa,promedio_diario,1304.31856666667,Producción de gas promedio diaria por provincia
2009-04,2009-04-01,2009,4,gas,provincia,Mendoza,promedio_diario,6849.72691413333,Producción de gas promedio diaria por provincia
2009-04,2009-04-01,2009,4,gas,provincia,Neuquén,promedio_diario,66385.2020702,Producción de gas promedio diaria por provincia
2009-04,2009-04-01,2009,4,gas,provincia,Rio Negro,promedio_diario,2355.6491,Producción de gas promedio diaria por provincia
2009-04,2009-04-01,2009,4,gas,provincia,Salta,promedio_diario,15915.5382333333,Producción de gas promedio diaria por provincia
2009-04,2009-04-01,2009,4,gas,provincia,San Juan,promedio_diario,0.0,Producción de gas promedio diaria por provincia
2009-04,2009-04-01,2009,4,gas,provincia,Santa Cruz,promedio_diario,14608.04334,Producción de gas promedio diaria por provincia
2009-04,2009-04-01,2009,4,gas,provincia,Tierra del Fuego,promedio_diario,11831.8557,Producción de gas promedio diaria por provincia
2009-05,2009-05-01,2009,5,gas,provincia,Chubut,promedio_diario,9704.52359354839,Producción de gas promedio diaria por provincia
2009-05,2009-05-01,2009,5,gas,provincia,Estado Nacional,promedio_diario,7009.25425806452,Producción de gas promedio diaria por provincia
2009-05,2009-05-01,2009,5,gas,provincia,Formosa,promedio_diario,113.670967741935,Producción de gas promedio diaria por provincia
2009-05,2009-05-01,2009,5,gas,provincia,Jujuy,promedio_diario,11.0839032258065,Producción de gas promedio diaria por provincia
2009-05,2009-05-01,2009,5,gas,provincia,La Pampa,promedio_diario,1310.75393548387,Producción de gas promedio diaria por provincia
2009-05,2009-05-01,2009,5,gas,provincia,Mendoza,promedio_diario,6642.27237764516,Producción de gas promedio diaria por provincia
2009-05,2009-05-01,2009,5,gas,provincia,Neuquén,promedio_diario,66040.9265594516,Producción de gas promedio diaria por provincia
2009-05,2009-05-01,2009,5,gas,provincia,Rio Negro,promedio_diario,2460.30487096774,Producción de gas promedio diaria por provincia
2009-05,2009-05-01,2009,5,gas,provincia,Salta,promedio_diario,17289.5247419355,Producción de gas promedio diaria por provincia
2009-05,2009-05-01,2009,5,gas,provincia,San Juan,promedio_diario,0.0,Producción de gas promedio diaria por provincia
2009-05,2009-05-01,2009,5,gas,provincia,Santa Cruz,promedio_diario,13080.6929387097,Producción de gas promedio diaria por provincia
2009-05,2009-05-01,2009,5,gas,provincia,Tierra del Fuego,promedio_diario,11711.4248064516,Producción de gas promedio diaria por provincia
2009-06,2009-06-01,2009,6,gas,provincia,Chubut,promedio_diario,9804.62042666667,Producción de gas promedio diaria por provincia
2009-06,2009-06-01,2009,6,gas,provincia,Estado Nacional,promedio_diario,7655.18883333333,Producción de gas promedio diaria por provincia
2009-06,2009-06-01,2009,6,gas,provincia,Formosa,promedio_diario,106.946,Producción de gas promedio diaria por provincia
2009-06,2009-06-01,2009,6,gas,provincia,Jujuy,promedio_diario,11.523,Producción de gas promedio diaria por provincia
2009-06,2009-06-01,2009,6,gas,provincia,La Pampa,promedio_diario,1290.79666666667,Producción de gas promedio diaria por provincia
2009-06,2009-06-01,2009,6,gas,provincia,Mendoza,promedio_diario,7042.07227333333,Producción de gas promedio diaria por provincia
2009-06,2009-06-01,2009,6,gas,provincia,Neuquén,promedio_diario,67261.1478646667,Producción de gas promedio diaria por provincia
2009-06,2009-06-01,2009,6,gas,provincia,Rio Negro,promedio_diario,2440.1445,Producción de gas promedio diaria por provincia
2009-06,2009-06-01,2009,6,gas,provincia,Salta,promedio_diario,17387.1017333333,Producción de gas promedio diaria por provincia
2009-06,2009-06-01,2009,6,gas,provincia,San Juan,promedio_diario,0.0,Producción de gas promedio diaria por provincia
2009-06,2009-06-01,2009,6,gas,provincia,Santa Cruz,promedio_diario,13486.7835866667,Producción de gas promedio diaria por provincia
2009-06,2009-06-01,2009,6,gas,provincia,Tierra del Fuego,promedio_diario,12438.6786666667,Producción de gas promedio diaria por provincia
2009-07,2009-07-01,2009,7,gas,provincia,Chubut,promedio_diario,9833.17684516129,Producción de gas promedio diaria por provincia
2009-07,2009-07-01,2009,7,gas,provincia,Estado Nacional,promedio_diario,8284.46064516129,Producción de gas promedio diaria por provincia
2009-07,2009-07-01,2009,7,gas,provincia,Formosa,promedio_diario,101.65064516129,Producción de gas promedio diaria por provincia
2009-07,2009-07-01,2009,7,gas,provincia,Jujuy,promedio_diario,12.3925806451613,Producción de gas promedio diaria por provincia
2009-07,2009-07-01,2009,7,gas,provincia,La Pampa,promedio_diario,1294.88225806452,Producción de gas promedio diaria por provincia
2009-07,2009-07-01,2009,7,gas,provincia,Mendoza,promedio_diario,6862.06627419355,Producción de gas promedio diaria por provincia
2009-07,2009-07-01,2009,7,gas,provincia,Neuquén,promedio_diario,66515.9218741935,Producción de gas promedio diaria por provincia
2009-07,2009-07-01,2009,7,gas,provincia,Rio Negro,promedio_diario,2159.74129032258,Producción de gas promedio diaria por provincia
2009-07,2009-07-01,2009,7,gas,provincia,Salta,promedio_diario,17218.8649354839,Producción de gas promedio diaria por provincia
2009-07,2009-07-01,2009,7,gas,provincia,San Juan,promedio_diario,0.0,Producción de gas promedio diaria por provincia
2009-07,2009-07-01,2009,7,gas,provincia,Santa Cruz,promedio_diario,13658.792816129,Producción de gas promedio diaria por provincia
2009-07,2009-07-01,2009,7,gas,provincia,Tierra del Fuego,promedio_diario,12260.7605806452,Producción de gas promedio diaria por provincia
2009-08,2009-08-01,2009,8,gas,provincia,Chubut,promedio_diario,9866.8277516129,Producción de gas promedio diaria por provincia
2009-08,2009-08-01,2009,8,gas,provincia,Estado Nacional,promedio_diario,8060.59129032258,Producción de gas promedio diaria por provincia
2009-08,2009-08-01,2009,8,gas,provincia,Formosa,promedio_diario,107.582258064516,Producción de gas promedio diaria por provincia
2009-08,2009-08-01,2009,8,gas,provincia,Jujuy,promedio_diario,12.3735483870968,Producción de gas promedio diaria por provincia
2009-08,2009-08-01,2009,8,gas,provincia,La Pampa,promedio_diario,1340.138,Producción de gas promedio diaria por provincia
2009-08,2009-08-01,2009,8,gas,provincia,Mendoza,promedio_diario,6957.24052903226,Producción de gas promedio diaria por provincia
2009-08,2009-08-01,2009,8,gas,provincia,Neuquén,promedio_diario,64427.5643216129,Producción de gas promedio diaria por provincia
2009-08,2009-08-01,2009,8,gas,provincia,Rio Negro,promedio_diario,2183.11964516129,Producción de gas promedio diaria por provincia
2009-08,2009-08-01,2009,8,gas,provincia,Salta,promedio_diario,17372.0087419355,Producción de gas promedio diaria por provincia
2009-08,2009-08-01,2009,8,gas,provincia,San Juan,promedio_diario,0.0,Producción de gas promedio diaria por provincia
2009-08,2009-08-01,2009,8,gas,provincia,Santa Cruz,promedio_diario,6690.92600322581,Producción de gas promedio diaria por provincia
2009-08,2009-08-01,2009,8,gas,provincia,Tierra del Fuego,promedio_diario,12565.9998709677,Producción de gas promedio diaria por provincia
2009-09,2009-09-01,2009,9,gas,provincia,Chubut,promedio_diario,9898.6948,Producción de gas promedio diaria por provincia
2009-09,2009-09-01,2009,9,gas,provincia,Estado Nacional,promedio_diario,8136.42096666667,Producción de gas promedio diaria por provincia
2009-09,2009-09-01,2009,9,gas,provincia,Formosa,promedio_diario,105.034,Producción de gas promedio diaria por provincia
2009-09,2009-09-01,2009,9,gas,provincia,Jujuy,promedio_diario,12.5696666666667,Producción de gas promedio diaria por provincia
2009-09,2009-09-01,2009,9,gas,provincia,La Pampa,promedio_diario,1254.2447,Producción de gas promedio diaria por provincia
2009-09,2009-09-01,2009,9,gas,provincia,Mendoza,promedio_diario,6304.89048,Producción de gas promedio diaria por provincia
2009-09,2009-09-01,2009,9,gas,provincia,Neuquén,promedio_diario,62870.53995,Producción de gas promedio diaria por provincia
2009-09,2009-09-01,2009,9,gas,provincia,Rio Negro,promedio_diario,2166.47803333333,Producción de gas promedio diaria por provincia
2009-09,2009-09-01,2009,9,gas,provincia,Salta,promedio_diario,16961.9142333333,Producción de gas promedio diaria por provincia
2009-09,2009-09-01,2009,9,gas,provincia,San Juan,promedio_diario,0.0,Producción de gas promedio diaria por provincia
2009-09,2009-09-01,2009,9,gas,provincia,Santa Cruz,promedio_diario,13737.9181433333,Producción de gas promedio diaria por provincia
2009-09,2009-09-01,2009,9,gas,provincia,Tierra del Fuego,promedio_diario,11698.8629333333,Producción de gas promedio diaria por provincia
2009-10,2009-10-01,2009,10,gas,provincia,Chubut,promedio_diario,9648.89323548387,Producción de gas promedio diaria por provincia
2009-10,2009-10-01,2009,10,gas,provincia,Estado Nacional,promedio_diario,7650.92155645161,Producción de gas promedio diaria por provincia
2009-10,2009-10-01,2009,10,gas,provincia,Formosa,promedio_diario,106.058387096774,Producción de gas promedio diaria por provincia
2009-10,2009-10-01,2009,10,gas,provincia,Jujuy,promedio_diario,12.1058064516129,Producción de gas promedio diaria por provincia
2009-10,2009-10-01,2009,10,gas,provincia,La Pampa,promedio_diario,1271.33925806452,Producción de gas promedio diaria por provincia
2009-10,2009-10-01,2009,10,gas,provincia,Mendoza,promedio_diario,6292.57154193548,Producción de gas promedio diaria por provincia
2009-10,2009-10-01,2009,10,gas,provincia,Neuquén,promedio_diario,62641.62421,Producción de gas promedio diaria por provincia
2009-10,2009-10-01,2009,10,gas,provincia,Rio Negro,promedio_diario,2263.28312903226,Producción de gas promedio diaria por provincia
2009-10,2009-10-01,2009,10,gas,provincia,Salta,promedio_diario,17170.9050967742,Producción de gas promedio diaria por provincia
2009-10,2009-10-01,2009,10,gas,provincia,San Juan,promedio_diario,0.0,Producción de gas promedio diaria por provincia
2009-10,2009-10-01,2009,10,gas,provincia,Santa Cruz,promedio_diario,14022.1770451613,Producción de gas promedio diaria por provincia
2009-10,2009-10-01,2009,10,gas,provincia,Tierra del Fuego,promedio_diario,11720.8412903226,Producción de gas promedio diaria por provincia
2009-11,2009-11-01,2009,11,gas,provincia,Chubut,promedio_diario,9494.18723,Producción de gas promedio diaria por provincia
2009-11,2009-11-01,2009,11,gas,provincia,Estado Nacional,promedio_diario,7519.7719,Producción de gas promedio diaria por provincia
2009-11,2009-11-01,2009,11,gas,provincia,Formosa,promedio_diario,107.947333333333,Producción de gas promedio diaria por provincia
2009-11,2009-11-01,2009,11,gas,provincia,Jujuy,promedio_diario,11.6743333333333,Producción de gas promedio diaria por provincia
2009-11,2009-11-01,2009,11,gas,provincia,La Pampa,promedio_diario,1153.69546666667,Producción de gas promedio diaria por provincia
2009-11,2009-11-01,2009,11,gas,provincia,Mendoza,promedio_diario,5984.29950666667,Producción de gas promedio diaria por provincia
2009-11,2009-11-01,2009,11,gas,provincia,Neuquén,promedio_diario,55912.1246163333,Producción de gas promedio diaria por provincia
2009-11,2009-11-01,2009,11,gas,provincia,Rio Negro,promedio_diario,2291.67166666667,Producción de gas promedio diaria por provincia
2009-11,2009-11-01,2009,11,gas,provincia,Salta,promedio_diario,16829.1170333333,Producción de gas promedio diaria por provincia
2009-11,2009-11-01,2009,11,gas,provincia,San Juan,promedio_diario,0.0,Producción de gas promedio diaria por provincia
2009-11,2009-11-01,2009,11,gas,provincia,Santa Cruz,promedio_diario,13385.7564966667,Producción de gas promedio diaria por provincia
2009-11,2009-11-01,2009,11,gas,provincia,Tierra del Fuego,promedio_diario,11640.4734333333,Producción de gas promedio diaria por provincia
2009-12,2009-12-01,2009,12,gas,provincia,Chubut,promedio_diario,9493.92145483871,Producción de gas promedio diaria por provincia
2009-12,2009-12-01,2009,12,gas,provincia,Estado Nacional,promedio_diario,7445.08103225806,Producción de gas promedio diaria por provincia
2009-12,2009-12-01,2009,12,gas,provincia,Formosa,promedio_diario,97.0354838709677,Producción de gas promedio diaria por provincia
2009-12,2009-12-01,2009,12,gas,provincia,Jujuy,promedio_diario,11.0483870967742,Producción de gas promedio diaria por provincia
2009-12,2009-12-01,2009,12,gas,provincia,La Pampa,promedio_diario,1118.11741935484,Producción de gas promedio diaria por provincia
2009-12,2009-12-01,2009,12,gas,provincia,Mendoza,promedio_diario,6231.38293225807,Producción de gas promedio diaria por provincia
2009-12,2009-12-01,2009,12,gas,provincia,Neuquén,promedio_diario,57817.5304680645,Producción de gas promedio diaria por provincia
2009-12,2009-12-01,2009,12,gas,provincia,Rio Negro,promedio_diario,2145.2865483871,Producción de gas promedio diaria por provincia
2009-12,2009-12-01,2009,12,gas,provincia,Salta,promedio_diario,16517.2547419355,Producción de gas promedio diaria por provincia
2009-12,2009-12-01,2009,12,gas,provincia,San Juan,promedio_diario,0.0,Producción de gas promedio diaria por provincia
2009-12,2009-12-01,2009,12,gas,provincia,Santa Cruz,promedio_diario,12576.4254064516,Producción de gas promedio diaria por provincia
2009-12,2009-12-01,2009,12,gas,provincia,Tierra del Fuego,promedio_diario,11194.7168064516,Producción de gas promedio diaria por provincia
2010-01,2010-01-01,2010,1,gas,provincia,Chubut,promedio_diario,9516.04311612903,Producción de gas promedio diaria por provincia
2010-01,2010-01-01,2010,1,gas,provincia,Estado Nacional,promedio_diario,6848.93564516129,Producción de gas promedio diaria por provincia
2010-01,2010-01-01,2010,1,gas,provincia,Formosa,promedio_diario,107.247419354839,Producción de gas promedio diaria por provincia
2010-01,2010-01-01,2010,1,gas,provincia,Jujuy,promedio_diario,11.6329032258065,Producción de gas promedio diaria por provincia
2010-01,2010-01-01,2010,1,gas,provincia,La Pampa,promedio_diario,1086.48322580645,Producción de gas promedio diaria por provincia
2010-01,2010-01-01,2010,1,gas,provincia,Mendoza,promedio_diario,6219.12538709677,Producción de gas promedio diaria por provincia
2010-01,2010-01-01,2010,1,gas,provincia,Neuquén,promedio_diario,59359.7703277419,Producción de gas promedio diaria por provincia
2010-01,2010-01-01,2010,1,gas,provincia,Rio Negro,promedio_diario,2106.43783064516,Producción de gas promedio diaria por provincia
2010-01,2010-01-01,2010,1,gas,provincia,Salta,promedio_diario,15951.1497096774,Producción de gas promedio diaria por provincia
2010-01,2010-01-01,2010,1,gas,provincia,San Juan,promedio_diario,0.0,Producción de gas promedio diaria por provincia
2010-01,2010-01-01,2010,1,gas,provincia,Santa Cruz,promedio_diario,13149.882616129,Producción de gas promedio diaria por provincia
2010-01,2010-01-01,2010,1,gas,provincia,Tierra del Fuego,promedio_diario,10935.2804193548,Producción de gas promedio diaria por provincia
2010-02,2010-02-01,2010,2,gas,provincia,Chubut,promedio_diario,9602.7981,Producción de gas promedio diaria por provincia
2010-02,2010-02-01,2010,2,gas,provincia,Estado Nacional,promedio_diario,8332.25864285714,Producción de gas promedio diaria por provincia
2010-02,2010-02-01,2010,2,gas,provincia,Formosa,promedio_diario,106.511428571429,Producción de gas promedio diaria por provincia
2010-02,2010-02-01,2010,2,gas,provincia,Jujuy,promedio_diario,12.3010714285714,Producción de gas promedio diaria por provincia
2010-02,2010-02-01,2010,2,gas,provincia,La Pampa,promedio_diario,1251.91028571429,Producción de gas promedio diaria por provincia
2010-02,2010-02-01,2010,2,gas,provincia,Mendoza,promedio_diario,6156.26274285714,Producción de gas promedio diaria por provincia
2010-02,2010-02-01,2010,2,gas,provincia,Neuquén,promedio_diario,61472.4324360714,Producción de gas promedio diaria por provincia
2010-02,2010-02-01,2010,2,gas,provincia,Rio Negro,promedio_diario,2153.72164285714,Producción de gas promedio diaria por provincia
2010-02,2010-02-01,2010,2,gas,provincia,Salta,promedio_diario,15654.0308928571,Producción de gas promedio diaria por provincia
2010-02,2010-02-01,2010,2,gas,provincia,San Juan,promedio_diario,0.0,Producción de gas promedio diaria por provincia
2010-02,2010-02-01,2010,2,gas,provincia,Santa Cruz,promedio_diario,13327.1527357143,Producción de gas promedio diaria por provincia
2010-02,2010-02-01,2010,2,gas,provincia,Tierra del Fuego,promedio_diario,11285.8249285714,Producción de gas promedio diaria por provincia
2010-03,2010-03-01,2010,3,gas,provincia,Chubut,promedio_diario,9396.37730322581,Producción de gas promedio diaria por provincia
2010-03,2010-03-01,2010,3,gas,provincia,Estado Nacional,promedio_diario,8886.4585483871,Producción de gas promedio diaria por provincia
2010-03,2010-03-01,2010,3,gas,provincia,Formosa,promedio_diario,101.083548387097,Producción de gas promedio diaria por provincia
2010-03,2010-03-01,2010,3,gas,provincia,Jujuy,promedio_diario,13.0770967741935,Producción de gas promedio diaria por provincia
2010-03,2010-03-01,2010,3,gas,provincia,La Pampa,promedio_diario,1251.58580645161,Producción de gas promedio diaria por provincia
2010-03,2010-03-01,2010,3,gas,provincia,Mendoza,promedio_diario,6130.27323548387,Producción de gas promedio diaria por provincia
2010-03,2010-03-01,2010,3,gas,provincia,Neuquén,promedio_diario,60331.1839064516,Producción de gas promedio diaria por provincia
2010-03,2010-03-01,2010,3,gas,provincia,Rio Negro,promedio_diario,2176.91593548387,Producción de gas promedio diaria por provincia
2010-03,2010-03-01,2010,3,gas,provincia,Salta,promedio_diario,14805.9682580645,Producción de gas promedio diaria por provincia
2010-03,2010-03-01,2010,3,gas,provincia,San Juan,promedio_diario,0.0,Producción de gas promedio diaria por provincia
2010-03,2010-03-01,2010,3,gas,provincia,Santa Cruz,promedio_diario,13241.5693419355,Producción de gas promedio diaria por provincia
2010-03,2010-03-01,2010,3,gas,provincia,Tierra del Fuego,promedio_diario,10864.3593548387,Producción de gas promedio diaria por provincia
2010-04,2010-04-01,2010,4,gas,provincia,Chubut,promedio_diario,8983.19905666667,Producción de gas promedio diaria por provincia
2010-04,2010-04-01,2010,4,gas,provincia,Estado Nacional,promedio_diario,8063.89543333333,Producción de gas promedio diaria por provincia
2010-04,2010-04-01,2010,4,gas,provincia,Formosa,promedio_diario,102.09,Producción de gas promedio diaria por provincia
2010-04,2010-04-01,2010,4,gas,provincia,Jujuy,promedio_diario,13.2313333333333,Producción de gas promedio diaria por provincia
2010-04,2010-04-01,2010,4,gas,provincia,La Pampa,promedio_diario,1267.60576666667,Producción de gas promedio diaria por provincia
2010-04,2010-04-01,2010,4,gas,provincia,Mendoza,promedio_diario,6196.73512333333,Producción de gas promedio diaria por provincia
2010-04,2010-04-01,2010,4,gas,provincia,Neuquén,promedio_diario,60968.6245186667,Producción de gas promedio diaria por provincia
2010-04,2010-04-01,2010,4,gas,provincia,Rio Negro,promedio_diario,2302.51153333333,Producción de gas promedio diaria por provincia
2010-04,2010-04-01,2010,4,gas,provincia,Salta,promedio_diario,15358.0366333333,Producción de gas promedio diaria por provincia
2010-04,2010-04-01,2010,4,gas,provincia,San Juan,promedio_diario,0.0,Producción de gas promedio diaria por provincia
2010-04,2010-04-01,2010,4,gas,provincia,Santa Cruz,promedio_diario,12123.5548966667,Producción de gas promedio diaria por provincia
2010-04,2010-04-01,2010,4,gas,provincia,Tierra del Fuego,promedio_diario,11775.9139666667,Producción de gas promedio diaria por provincia
2010-05,2010-05-01,2010,5,gas,provincia,Chubut,promedio_diario,9821.86834193548,Producción de gas promedio diaria por provincia
2010-05,2010-05-01,2010,5,gas,provincia,Estado Nacional,promedio_diario,8515.65496774194,Producción de gas promedio diaria por provincia
2010-05,2010-05-01,2010,5,gas,provincia,Formosa,promedio_diario,95.0445161290323,Producción de gas promedio diaria por provincia
2010-05,2010-05-01,2010,5,gas,provincia,Jujuy,promedio_diario,13.2041935483871,Producción de gas promedio diaria por provincia
2010-05,2010-05-01,2010,5,gas,provincia,La Pampa,promedio_diario,1310.26958064516,Producción de gas promedio diaria por provincia
2010-05,2010-05-01,2010,5,gas,provincia,Mendoza,promedio_diario,6329.16601935484,Producción de gas promedio diaria por provincia
2010-05,2010-05-01,2010,5,gas,provincia,Neuquén,promedio_diario,63296.0247129032,Producción de gas promedio diaria por provincia
2010-05,2010-05-01,2010,5,gas,provincia,Rio Negro,promedio_diario,2515.32603225806,Producción de gas promedio diaria por provincia
2010-05,2010-05-01,2010,5,gas,provincia,Salta,promedio_diario,15216.9442903226,Producción de gas promedio diaria por provincia
2010-05,2010-05-01,2010,5,gas,provincia,San Juan,promedio_diario,0.0,Producción de gas promedio diaria por provincia
2010-05,2010-05-01,2010,5,gas,provincia,Santa Cruz,promedio_diario,12657.5824419355,Producción de gas promedio diaria por provincia
2010-05,2010-05-01,2010,5,gas,provincia,Tierra del Fuego,promedio_diario,12718.7710322581,Producción de gas promedio diaria por provincia
2010-06,2010-06-01,2010,6,gas,provincia,Chubut,promedio_diario,9960.704001,Producción de gas promedio diaria por provincia
2010-06,2010-06-01,2010,6,gas,provincia,Estado Nacional,promedio_diario,11325.6713333333,Producción de gas promedio diaria por provincia
2010-06,2010-06-01,2010,6,gas,provincia,Formosa,promedio_diario,89.7373333333333,Producción de gas promedio diaria por provincia
2010-06,2010-06-01,2010,6,gas,provincia,Jujuy,promedio_diario,12.6993333333333,Producción de gas promedio diaria por provincia
2010-06,2010-06-01,2010,6,gas,provincia,La Pampa,promedio_diario,1281.08536666667,Producción de gas promedio diaria por provincia
2010-06,2010-06-01,2010,6,gas,provincia,Mendoza,promedio_diario,6317.89769533333,Producción de gas promedio diaria por provincia
2010-06,2010-06-01,2010,6,gas,provincia,Neuquén,promedio_diario,62938.9235653333,Producción de gas promedio diaria por provincia
2010-06,2010-06-01,2010,6,gas,provincia,Rio Negro,promedio_diario,2603.66013333333,Producción de gas promedio diaria por provincia
2010-06,2010-06-01,2010,6,gas,provincia,Salta,promedio_diario,15255.2396,Producción de gas promedio diaria por provincia
2010-06,2010-06-01,2010,6,gas,provincia,San Juan,promedio_diario,0.0,Producción de gas promedio diaria por provincia
2010-06,2010-06-01,2010,6,gas,provincia,Santa Cruz,promedio_diario,12267.6987053333,Producción de gas promedio diaria por provincia
2010-06,2010-06-01,2010,6,gas,provincia,Tierra del Fuego,promedio_diario,11372.5424,Producción de gas promedio diaria por provincia
2010-07,2010-07-01,2010,7,gas,provincia,Chubut,promedio_diario,9907.12953387097,Producción de gas promedio diaria por provincia
2010-07,2010-07-01,2010,7,gas,provincia,Estado Nacional,promedio_diario,12126.5884193548,Producción de gas promedio diaria por provincia
2010-07,2010-07-01,2010,7,gas,provincia,Formosa,promedio_diario,87.8341935483871,Producción de gas promedio diaria por provincia
2010-07,2010-07-01,2010,7,gas,provincia,Jujuy,promedio_diario,12.7693548387097,Producción de gas promedio diaria por provincia
2010-07,2010-07-01,2010,7,gas,provincia,La Pampa,promedio_diario,1149.54629032258,Producción de gas promedio diaria por provincia
2010-07,2010-07-01,2010,7,gas,provincia,Mendoza,promedio_diario,6274.51876064516,Producción de gas promedio diaria por provincia
2010-07,2010-07-01,2010,7,gas,provincia,Neuquén,promedio_diario,62555.1907448387,Producción de gas promedio diaria por provincia
2010-07,2010-07-01,2010,7,gas,provincia,Rio Negro,promedio_diario,2460.52096774194,Producción de gas promedio diaria por provincia
2010-07,2010-07-01,2010,7,gas,provincia,Salta,promedio_diario,14921.5163870968,Producción de gas promedio diaria por provincia
2010-07,2010-07-01,2010,7,gas,provincia,San Juan,promedio_diario,0.0,Producción de gas promedio diaria por provincia
2010-07,2010-07-01,2010,7,gas,provincia,Santa Cruz,promedio_diario,12800.9231196774,Producción de gas promedio diaria por provincia
2010-07,2010-07-01,2010,7,gas,provincia,Tierra del Fuego,promedio_diario,11908.4572903226,Producción de gas promedio diaria por provincia
2010-08,2010-08-01,2010,8,gas,provincia,Chubut,promedio_diario,9825.76088290323,Producción de gas promedio diaria por provincia
2010-08,2010-08-01,2010,8,gas,provincia,Estado Nacional,promedio_diario,12081.5516774194,Producción de gas promedio diaria por provincia
2010-08,2010-08-01,2010,8,gas,provincia,Formosa,promedio_diario,90.0990322580645,Producción de gas promedio diaria por provincia
2010-08,2010-08-01,2010,8,gas,provincia,Jujuy,promedio_diario,14.6596774193548,Producción de gas promedio diaria por provincia
2010-08,2010-08-01,2010,8,gas,provincia,La Pampa,promedio_diario,1220.58003225806,Producción de gas promedio diaria por provincia
2010-08,2010-08-01,2010,8,gas,provincia,Mendoza,promedio_diario,6385.93161580645,Producción de gas promedio diaria por provincia
2010-08,2010-08-01,2010,8,gas,provincia,Neuquén,promedio_diario,63433.0265742258,Producción de gas promedio diaria por provincia
2010-08,2010-08-01,2010,8,gas,provincia,Rio Negro,promedio_diario,2461.14903225806,Producción de gas promedio diaria por provincia
2010-08,2010-08-01,2010,8,gas,provincia,Salta,promedio_diario,14475.4655483871,Producción de gas promedio diaria por provincia
2010-08,2010-08-01,2010,8,gas,provincia,San Juan,promedio_diario,0.0,Producción de gas promedio diaria por provincia
2010-08,2010-08-01,2010,8,gas,provincia,Santa Cruz,promedio_diario,12261.3713235484,Producción de gas promedio diaria por provincia
2010-08,2010-08-01,2010,8,gas,provincia,Tierra del Fuego,promedio_diario,11696.0519354839,Producción de gas promedio diaria por provincia
2010-09,2010-09-01,2010,9,gas,provincia,Chubut,promedio_diario,9623.22074966667,Producción de gas promedio diaria por provincia
2010-09,2010-09-01,2010,9,gas,provincia,Estado Nacional,promedio_diario,11336.2835666667,Producción de gas promedio diaria por provincia
2010-09,2010-09-01,2010,9,gas,provincia,Formosa,promedio_diario,94.0516666666667,Producción de gas promedio diaria por provincia
2010-09,2010-09-01,2010,9,gas,provincia,Jujuy,promedio_diario,15.4676666666667,Producción de gas promedio diaria por provincia
2010-09,2010-09-01,2010,9,gas,provincia,La Pampa,promedio_diario,1227.24233333333,Producción de gas promedio diaria por provincia
2010-09,2010-09-01,2010,9,gas,provincia,Mendoza,promedio_diario,6437.54028133333,Producción de gas promedio diaria por provincia
2010-09,2010-09-01,2010,9,gas,provincia,Neuquén,promedio_diario,62744.163375,Producción de gas promedio diaria por provincia
2010-09,2010-09-01,2010,9,gas,provincia,Rio Negro,promedio_diario,2563.56696666667,Producción de gas promedio diaria por provincia
2010-09,2010-09-01,2010,9,gas,provincia,Salta,promedio_diario,14103.5193333333,Producción de gas promedio diaria por provincia
2010-09,2010-09-01,2010,9,gas,provincia,San Juan,promedio_diario,0.0,Producción de gas promedio diaria por provincia
2010-09,2010-09-01,2010,9,gas,provincia,Santa Cruz,promedio_diario,11746.3126636667,Producción de gas promedio diaria por provincia
2010-09,2010-09-01,2010,9,gas,provincia,Tierra del Fuego,promedio_diario,11401.8892,Producción de gas promedio diaria por provincia
2010-10,2010-10-01,2010,10,gas,provincia,Chubut,promedio_diario,9825.91183354839,Producción de gas promedio diaria por provincia
2010-10,2010-10-01,2010,10,gas,provincia,Estado Nacional,promedio_diario,10350.7239032258,Producción de gas promedio diaria por provincia
2010-10,2010-10-01,2010,10,gas,provincia,Formosa,promedio_diario,99.8835483870968,Producción de gas promedio diaria por provincia
2010-10,2010-10-01,2010,10,gas,provincia,Jujuy,promedio_diario,15.5890322580645,Producción de gas promedio diaria por provincia
2010-10,2010-10-01,2010,10,gas,provincia,La Pampa,promedio_diario,1148.4235483871,Producción de gas promedio diaria por provincia
2010-10,2010-10-01,2010,10,gas,provincia,Mendoza,promedio_diario,6329.92882516129,Producción de gas promedio diaria por provincia
2010-10,2010-10-01,2010,10,gas,provincia,Misiones,promedio_diario,0.0,Producción de gas promedio diaria por provincia
2010-10,2010-10-01,2010,10,gas,provincia,Neuquén,promedio_diario,61025.4016045161,Producción de gas promedio diaria por provincia
2010-10,2010-10-01,2010,10,gas,provincia,Rio Negro,promedio_diario,2535.52080645161,Producción de gas promedio diaria por provincia
2010-10,2010-10-01,2010,10,gas,provincia,Salta,promedio_diario,13909.5517741935,Producción de gas promedio diaria por provincia
2010-10,2010-10-01,2010,10,gas,provincia,San Juan,promedio_diario,0.0,Producción de gas promedio diaria por provincia
2010-10,2010-10-01,2010,10,gas,provincia,Santa Cruz,promedio_diario,11642.8437848387,Producción de gas promedio diaria por provincia
2010-10,2010-10-01,2010,10,gas,provincia,Tierra del Fuego,promedio_diario,10960.9820645161,Producción de gas promedio diaria por provincia
2010-11,2010-11-01,2010,11,gas,provincia,Chubut,promedio_diario,9619.19482366667,Producción de gas promedio diaria por provincia
2010-11,2010-11-01,2010,11,gas,provincia,Estado Nacional,promedio_diario,9566.1919,Producción de gas promedio diaria por provincia
2010-11,2010-11-01,2010,11,gas,provincia,Formosa,promedio_diario,88.0706666666667,Producción de gas promedio diaria por provincia
2010-11,2010-11-01,2010,11,gas,provincia,Jujuy,promedio_diario,15.8466666666667,Producción de gas promedio diaria por provincia
2010-11,2010-11-01,2010,11,gas,provincia,La Pampa,promedio_diario,1262.9851,Producción de gas promedio diaria por provincia
2010-11,2010-11-01,2010,11,gas,provincia,Mendoza,promedio_diario,6389.28332233333,Producción de gas promedio diaria por provincia
2010-11,2010-11-01,2010,11,gas,provincia,Neuquén,promedio_diario,58580.2303726667,Producción de gas promedio diaria por provincia
2010-11,2010-11-01,2010,11,gas,provincia,Rio Negro,promedio_diario,2710.3364,Producción de gas promedio diaria por provincia
2010-11,2010-11-01,2010,11,gas,provincia,Salta,promedio_diario,13339.1562666667,Producción de gas promedio diaria por provincia
2010-11,2010-11-01,2010,11,gas,provincia,San Juan,promedio_diario,0.0,Producción de gas promedio diaria por provincia
2010-11,2010-11-01,2010,11,gas,provincia,Santa Cruz,promedio_diario,11225.6673533333,Producción de gas promedio diaria por provincia
2010-11,2010-11-01,2010,11,gas,provincia,Tierra del Fuego,promedio_diario,10937.0305333333,Producción de gas promedio diaria por provincia
2010-12,2010-12-01,2010,12,gas,provincia,Chubut,promedio_diario,9094.94333645161,Producción de gas promedio diaria por provincia
2010-12,2010-12-01,2010,12,gas,provincia,Estado Nacional,promedio_diario,10064.1219677419,Producción de gas promedio diaria por provincia
2010-12,2010-12-01,2010,12,gas,provincia,Formosa,promedio_diario,84.95,Producción de gas promedio diaria por provincia
2010-12,2010-12-01,2010,12,gas,provincia,Jujuy,promedio_diario,15.038064516129,Producción de gas promedio diaria por provincia
2010-12,2010-12-01,2010,12,gas,provincia,La Pampa,promedio_diario,1044.088,Producción de gas promedio diaria por provincia
2010-12,2010-12-01,2010,12,gas,provincia,Mendoza,promedio_diario,6295.78582354839,Producción de gas promedio diaria por provincia
2010-12,2010-12-01,2010,12,gas,provincia,Neuquén,promedio_diario,59994.5530658065,Producción de gas promedio diaria por provincia
2010-12,2010-12-01,2010,12,gas,provincia,Rio Negro,promedio_diario,2773.50764516129,Producción de gas promedio diaria por provincia
2010-12,2010-12-01,2010,12,gas,provincia,Salta,promedio_diario,13403.8320322581,Producción de gas promedio diaria por provincia
2010-12,2010-12-01,2010,12,gas,provincia,San Juan,promedio_diario,0.0,Producción de gas promedio diaria por provincia
2010-12,2010-12-01,2010,12,gas,provincia,Santa Cruz,promedio_diario,9438.59995870968,Producción de gas promedio diaria por provincia
2010-12,2010-12-01,2010,12,gas,provincia,Tierra del Fuego,promedio_diario,10601.0199032258,Producción de gas promedio diaria por provincia
2011-01,2011-01-01,2011,1,gas,provincia,Chubut,promedio_diario,9555.80046032258,Producción de gas promedio diaria por provincia
2011-01,2011-01-01,2011,1,gas,provincia,Estado Nacional,promedio_diario,9240.04893548387,Producción de gas promedio diaria por provincia
2011-01,2011-01-01,2011,1,gas,provincia,Formosa,promedio_diario,75.1306451612903,Producción de gas promedio diaria por provincia
2011-01,2011-01-01,2011,1,gas,provincia,Jujuy,promedio_diario,12.5370967741935,Producción de gas promedio diaria por provincia
2011-01,2011-01-01,2011,1,gas,provincia,La Pampa,promedio_diario,1264.65793548387,Producción de gas promedio diaria por provincia
2011-01,2011-01-01,2011,1,gas,provincia,Mendoza,promedio_diario,6177.87150870968,Producción de gas promedio diaria por provincia
2011-01,2011-01-01,2011,1,gas,provincia,Neuquén,promedio_diario,59156.8928064516,Producción de gas promedio diaria por provincia
2011-01,2011-01-01,2011,1,gas,provincia,Rio Negro,promedio_diario,2905.19525806452,Producción de gas promedio diaria por provincia
2011-01,2011-01-01,2011,1,gas,provincia,Salta,promedio_diario,13149.9693548387,Producción de gas promedio diaria por provincia
2011-01,2011-01-01,2011,1,gas,provincia,San Juan,promedio_diario,0.0,Producción de gas promedio diaria por provincia
2011-01,2011-01-01,2011,1,gas,provincia,Santa Cruz,promedio_diario,11623.7603741935,Producción de gas promedio diaria por provincia
2011-01,2011-01-01,2011,1,gas,provincia,Tierra del Fuego,promedio_diario,9965.74890322581,Producción de gas promedio diaria por provincia
2011-02,2011-02-01,2011,2,gas,provincia,Chubut,promedio_diario,9447.82539607143,Producción de gas promedio diaria por provincia
2011-02,2011-02-01,2011,2,gas,provincia,Estado Nacional,promedio_diario,9692.53510714286,Producción de gas promedio diaria por provincia
2011-02,2011-02-01,2011,2,gas,provincia,Formosa,promedio_diario,72.0228571428571,Producción de gas promedio diaria por provincia
2011-02,2011-02-01,2011,2,gas,provincia,Jujuy,promedio_diario,12.3353571428571,Producción de gas promedio diaria por provincia
2011-02,2011-02-01,2011,2,gas,provincia,La Pampa,promedio_diario,1232.25475,Producción de gas promedio diaria por provincia
2011-02,2011-02-01,2011,2,gas,provincia,Mendoza,promedio_diario,6157.12086071429,Producción de gas promedio diaria por provincia
2011-02,2011-02-01,2011,2,gas,provincia,Neuquén,promedio_diario,58799.2399285714,Producción de gas promedio diaria por provincia
2011-02,2011-02-01,2011,2,gas,provincia,Rio Negro,promedio_diario,3099.00017857143,Producción de gas promedio diaria por provincia
2011-02,2011-02-01,2011,2,gas,provincia,Salta,promedio_diario,12883.3279285714,Producción de gas promedio diaria por provincia
2011-02,2011-02-01,2011,2,gas,provincia,San Juan,promedio_diario,0.0,Producción de gas promedio diaria por provincia
2011-02,2011-02-01,2011,2,gas,provincia,Santa Cruz,promedio_diario,11616.4151853571,Producción de gas promedio diaria por provincia
2011-02,2011-02-01,2011,2,gas,provincia,Tierra del Fuego,promedio_diario,10452.1993571429,Producción de gas promedio diaria por provincia
2011-03,2011-03-01,2011,3,gas,provincia,Chubut,promedio_diario,9404.40840580645,Producción de gas promedio diaria por provincia
2011-03,2011-03-01,2011,3,gas,provincia,Estado Nacional,promedio_diario,9754.42061290323,Producción de gas promedio diaria por provincia
2011-03,2011-03-01,2011,3,gas,provincia,Formosa,promedio_diario,71.2367741935484,Producción de gas promedio diaria por provincia
2011-03,2011-03-01,2011,3,gas,provincia,Jujuy,promedio_diario,11.0503225806452,Producción de gas promedio diaria por provincia
2011-03,2011-03-01,2011,3,gas,provincia,La Pampa,promedio_diario,1206.25561290323,Producción de gas promedio diaria por provincia
2011-03,2011-03-01,2011,3,gas,provincia,Mendoza,promedio_diario,6088.80652354839,Producción de gas promedio diaria por provincia
2011-03,2011-03-01,2011,3,gas,provincia,Neuquén,promedio_diario,58483.5877096774,Producción de gas promedio diaria por provincia
2011-03,2011-03-01,2011,3,gas,provincia,Rio Negro,promedio_diario,3268.24374193548,Producción de gas promedio diaria por provincia
2011-03,2011-03-01,2011,3,gas,provincia,Salta,promedio_diario,12637.5799032258,Producción de gas promedio diaria por provincia
2011-03,2011-03-01,2011,3,gas,provincia,San Juan,promedio_diario,0.0,Producción de gas promedio diaria por provincia
2011-03,2011-03-01,2011,3,gas,provincia,Santa Cruz,promedio_diario,11557.8516874194,Producción de gas promedio diaria por provincia
2011-03,2011-03-01,2011,3,gas,provincia,Tierra del Fuego,promedio_diario,9068.90564516129,Producción de gas promedio diaria por provincia
2011-04,2011-04-01,2011,4,gas,provincia,Chubut,promedio_diario,9313.51386833333,Producción de gas promedio diaria por provincia
2011-04,2011-04-01,2011,4,gas,provincia,Estado Nacional,promedio_diario,13041.6362666667,Producción de gas promedio diaria por provincia
2011-04,2011-04-01,2011,4,gas,provincia,Formosa,promedio_diario,69.7583666666667,Producción de gas promedio diaria por provincia
2011-04,2011-04-01,2011,4,gas,provincia,Jujuy,promedio_diario,12.342,Producción de gas promedio diaria por provincia
2011-04,2011-04-01,2011,4,gas,provincia,La Pampa,promedio_diario,1207.3668,Producción de gas promedio diaria por provincia
2011-04,2011-04-01,2011,4,gas,provincia,Mendoza,promedio_diario,6055.53066066667,Producción de gas promedio diaria por provincia
2011-04,2011-04-01,2011,4,gas,provincia,Neuquén,promedio_diario,57385.4859,Producción de gas promedio diaria por provincia
2011-04,2011-04-01,2011,4,gas,provincia,Rio Negro,promedio_diario,3422.2606,Producción de gas promedio diaria por provincia
2011-04,2011-04-01,2011,4,gas,provincia,Salta,promedio_diario,11902.3864666667,Producción de gas promedio diaria por provincia
2011-04,2011-04-01,2011,4,gas,provincia,San Juan,promedio_diario,0.0,Producción de gas promedio diaria por provincia
2011-04,2011-04-01,2011,4,gas,provincia,Santa Cruz,promedio_diario,7557.02985933333,Producción de gas promedio diaria por provincia
2011-04,2011-04-01,2011,4,gas,provincia,Tierra del Fuego,promedio_diario,10456.8145,Producción de gas promedio diaria por provincia
2011-05,2011-05-01,2011,5,gas,provincia,Chubut,promedio_diario,9228.48278258065,Producción de gas promedio diaria por provincia
2011-05,2011-05-01,2011,5,gas,provincia,Estado Nacional,promedio_diario,12606.5369354839,Producción de gas promedio diaria por provincia
2011-05,2011-05-01,2011,5,gas,provincia,Formosa,promedio_diario,66.508064516129,Producción de gas promedio diaria por provincia
2011-05,2011-05-01,2011,5,gas,provincia,Jujuy,promedio_diario,13.3909677419355,Producción de gas promedio diaria por provincia
2011-05,2011-05-01,2011,5,gas,provincia,La Pampa,promedio_diario,1302.36696774194,Producción de gas promedio diaria por provincia
2011-05,2011-05-01,2011,5,gas,provincia,Mendoza,promedio_diario,6028.07836419355,Producción de gas promedio diaria por provincia
2011-05,2011-05-01,2011,5,gas,provincia,Neuquén,promedio_diario,58813.1459354839,Producción de gas promedio diaria por provincia
2011-05,2011-05-01,2011,5,gas,provincia,Rio Negro,promedio_diario,3476.0185483871,Producción de gas promedio diaria por provincia
2011-05,2011-05-01,2011,5,gas,provincia,Salta,promedio_diario,13044.3250645161,Producción de gas promedio diaria por provincia
2011-05,2011-05-01,2011,5,gas,provincia,San Juan,promedio_diario,0.0,Producción de gas promedio diaria por provincia
2011-05,2011-05-01,2011,5,gas,provincia,Santa Cruz,promedio_diario,9432.50867903226,Producción de gas promedio diaria por provincia
2011-05,2011-05-01,2011,5,gas,provincia,Tierra del Fuego,promedio_diario,10971.8207096774,Producción de gas promedio diaria por provincia
2011-06,2011-06-01,2011,6,gas,provincia,Chubut,promedio_diario,9640.93418166667,Producción de gas promedio diaria por provincia
2011-06,2011-06-01,2011,6,gas,provincia,Estado Nacional,promedio_diario,13105.6122666667,Producción de gas promedio diaria por provincia
2011-06,2011-06-01,2011,6,gas,provincia,Formosa,promedio_diario,62.6693333333333,Producción de gas promedio diaria por provincia
2011-06,2011-06-01,2011,6,gas,provincia,Jujuy,promedio_diario,13.4006666666667,Producción de gas promedio diaria por provincia
2011-06,2011-06-01,2011,6,gas,provincia,La Pampa,promedio_diario,1209.271,Producción de gas promedio diaria por provincia
2011-06,2011-06-01,2011,6,gas,provincia,Mendoza,promedio_diario,6215.10799,Producción de gas promedio diaria por provincia
2011-06,2011-06-01,2011,6,gas,provincia,Neuquén,promedio_diario,59771.9391666667,Producción de gas promedio diaria por provincia
2011-06,2011-06-01,2011,6,gas,provincia,Rio Negro,promedio_diario,3478.75986666667,Producción de gas promedio diaria por provincia
2011-06,2011-06-01,2011,6,gas,provincia,Salta,promedio_diario,13082.7877666667,Producción de gas promedio diaria por provincia
2011-06,2011-06-01,2011,6,gas,provincia,San Juan,promedio_diario,0.0,Producción de gas promedio diaria por provincia
2011-06,2011-06-01,2011,6,gas,provincia,Santa Cruz,promedio_diario,9473.121066,Producción de gas promedio diaria por provincia
2011-06,2011-06-01,2011,6,gas,provincia,Tierra del Fuego,promedio_diario,11197.0934666667,Producción de gas promedio diaria por provincia
2011-07,2011-07-01,2011,7,gas,provincia,Chubut,promedio_diario,9661.09760233776,Producción de gas promedio diaria por provincia
2011-07,2011-07-01,2011,7,gas,provincia,Estado Nacional,promedio_diario,12433.1330322581,Producción de gas promedio diaria por provincia
2011-07,2011-07-01,2011,7,gas,provincia,Formosa,promedio_diario,62.1270967741936,Producción de gas promedio diaria por provincia
2011-07,2011-07-01,2011,7,gas,provincia,Jujuy,promedio_diario,12.7441935483871,Producción de gas promedio diaria por provincia
2011-07,2011-07-01,2011,7,gas,provincia,La Pampa,promedio_diario,1242.48241935484,Producción de gas promedio diaria por provincia
2011-07,2011-07-01,2011,7,gas,provincia,Mendoza,promedio_diario,6231.75463483871,Producción de gas promedio diaria por provincia
2011-07,2011-07-01,2011,7,gas,provincia,Neuquén,promedio_diario,59108.9786451613,Producción de gas promedio diaria por provincia
2011-07,2011-07-01,2011,7,gas,provincia,Rio Negro,promedio_diario,3571.46306451613,Producción de gas promedio diaria por provincia
2011-07,2011-07-01,2011,7,gas,provincia,Salta,promedio_diario,12767.3998709677,Producción de gas promedio diaria por provincia
2011-07,2011-07-01,2011,7,gas,provincia,San Juan,promedio_diario,0.0,Producción de gas promedio diaria por provincia
2011-07,2011-07-01,2011,7,gas,provincia,Santa Cruz,promedio_diario,10313.4639604516,Producción de gas promedio diaria por provincia
2011-07,2011-07-01,2011,7,gas,provincia,Tierra del Fuego,promedio_diario,11095.7578387097,Producción de gas promedio diaria por provincia
2011-08,2011-08-01,2011,8,gas,provincia,Chubut,promedio_diario,9758.28650967742,Producción de gas promedio diaria por provincia
2011-08,2011-08-01,2011,8,gas,provincia,Estado Nacional,promedio_diario,13686.2229032258,Producción de gas promedio diaria por provincia
2011-08,2011-08-01,2011,8,gas,provincia,Formosa,promedio_diario,65.7158064516129,Producción de gas promedio diaria por provincia
2011-08,2011-08-01,2011,8,gas,provincia,Jujuy,promedio_diario,13.4938709677419,Producción de gas promedio diaria por provincia
2011-08,2011-08-01,2011,8,gas,provincia,La Pampa,promedio_diario,1273.12422580645,Producción de gas promedio diaria por provincia
2011-08,2011-08-01,2011,8,gas,provincia,Mendoza,promedio_diario,6214.1691716129,Producción de gas promedio diaria por provincia
2011-08,2011-08-01,2011,8,gas,provincia,Neuquén,promedio_diario,57783.4800967742,Producción de gas promedio diaria por provincia
2011-08,2011-08-01,2011,8,gas,provincia,Rio Negro,promedio_diario,4534.61270967742,Producción de gas promedio diaria por provincia
2011-08,2011-08-01,2011,8,gas,provincia,Salta,promedio_diario,12689.0790645161,Producción de gas promedio diaria por provincia
2011-08,2011-08-01,2011,8,gas,provincia,Santa Cruz,promedio_diario,11132.2648572903,Producción de gas promedio diaria por provincia
2011-08,2011-08-01,2011,8,gas,provincia,Tierra del Fuego,promedio_diario,10584.082516129,Producción de gas promedio diaria por provincia
2011-09,2011-09-01,2011,9,gas,provincia,Chubut,promedio_diario,9990.0338563323,Producción de gas promedio diaria por provincia
2011-09,2011-09-01,2011,9,gas,provincia,Estado Nacional,promedio_diario,13709.4545,Producción de gas promedio diaria por provincia
2011-09,2011-09-01,2011,9,gas,provincia,Formosa,promedio_diario,64.671,Producción de gas promedio diaria por provincia
2011-09,2011-09-01,2011,9,gas,provincia,Jujuy,promedio_diario,13.3456666666667,Producción de gas promedio diaria por provincia
2011-09,2011-09-01,2011,9,gas,provincia,La Pampa,promedio_diario,1294.59623333333,Producción de gas promedio diaria por provincia
2011-09,2011-09-01,2011,9,gas,provincia,Mendoza,promedio_diario,5760.64523433333,Producción de gas promedio diaria por provincia
2011-09,2011-09-01,2011,9,gas,provincia,Neuquén,promedio_diario,58359.6784,Producción de gas promedio diaria por provincia
2011-09,2011-09-01,2011,9,gas,provincia,Rio Negro,promedio_diario,3809.90913333333,Producción de gas promedio diaria por provincia
2011-09,2011-09-01,2011,9,gas,provincia,Salta,promedio_diario,12488.3954666667,Producción de gas promedio diaria por provincia
2011-09,2011-09-01,2011,9,gas,provincia,San Juan,promedio_diario,0.0,Producción de gas promedio diaria por provincia
2011-09,2011-09-01,2011,9,gas,provincia,Santa Cruz,promedio_diario,10983.5864959593,Producción de gas promedio diaria por provincia
2011-09,2011-09-01,2011,9,gas,provincia,Tierra del Fuego,promedio_diario,10793.6437666667,Producción de gas promedio diaria por provincia
2011-10,2011-10-01,2011,10,gas,provincia,Chubut,promedio_diario,10020.6711709677,Producción de gas promedio diaria por provincia
2011-10,2011-10-01,2011,10,gas,provincia,Estado Nacional,promedio_diario,13021.3255483871,Producción de gas promedio diaria por provincia
2011-10,2011-10-01,2011,10,gas,provincia,Formosa,promedio_diario,62.7683870967742,Producción de gas promedio diaria por provincia
2011-10,2011-10-01,2011,10,gas,provincia,Jujuy,promedio_diario,10.3577096774194,Producción de gas promedio diaria por provincia
2011-10,2011-10-01,2011,10,gas,provincia,La Pampa,promedio_diario,1244.03658064516,Producción de gas promedio diaria por provincia
2011-10,2011-10-01,2011,10,gas,provincia,Mendoza,promedio_diario,6094.91348387097,Producción de gas promedio diaria por provincia
2011-10,2011-10-01,2011,10,gas,provincia,Neuquén,promedio_diario,57580.9621935484,Producción de gas promedio diaria por provincia
2011-10,2011-10-01,2011,10,gas,provincia,Rio Negro,promedio_diario,3864.54932258064,Producción de gas promedio diaria por provincia
2011-10,2011-10-01,2011,10,gas,provincia,Salta,promedio_diario,12134.9547419355,Producción de gas promedio diaria por provincia
2011-10,2011-10-01,2011,10,gas,provincia,San Juan,promedio_diario,0.0,Producción de gas promedio diaria por provincia
2011-10,2011-10-01,2011,10,gas,provincia,Santa Cruz,promedio_diario,11908.7099741935,Producción de gas promedio diaria por provincia
2011-10,2011-10-01,2011,10,gas,provincia,Tierra del Fuego,promedio_diario,10550.9622903226,Producción de gas promedio diaria por provincia
2011-11,2011-11-01,2011,11,gas,provincia,Chubut,promedio_diario,9663.26445353226,Producción de gas promedio diaria por provincia
2011-11,2011-11-01,2011,11,gas,provincia,Estado Nacional,promedio_diario,12278.7824333333,Producción de gas promedio diaria por provincia
2011-11,2011-11-01,2011,11,gas,provincia,Formosa,promedio_diario,58.648,Producción de gas promedio diaria por provincia
2011-11,2011-11-01,2011,11,gas,provincia,Jujuy,promedio_diario,12.956,Producción de gas promedio diaria por provincia
2011-11,2011-11-01,2011,11,gas,provincia,La Pampa,promedio_diario,1269.18566666667,Producción de gas promedio diaria por provincia
2011-11,2011-11-01,2011,11,gas,provincia,Mendoza,promedio_diario,6068.481815,Producción de gas promedio diaria por provincia
2011-11,2011-11-01,2011,11,gas,provincia,Neuquén,promedio_diario,57213.3080333333,Producción de gas promedio diaria por provincia
2011-11,2011-11-01,2011,11,gas,provincia,Rio Negro,promedio_diario,3946.83016666667,Producción de gas promedio diaria por provincia
2011-11,2011-11-01,2011,11,gas,provincia,Salta,promedio_diario,12000.9054,Producción de gas promedio diaria por provincia
2011-11,2011-11-01,2011,11,gas,provincia,San Juan,promedio_diario,0.0,Producción de gas promedio diaria por provincia
2011-11,2011-11-01,2011,11,gas,provincia,Santa Cruz,promedio_diario,12239.1460732547,Producción de gas promedio diaria por provincia
2011-11,2011-11-01,2011,11,gas,provincia,Tierra del Fuego,promedio_diario,9994.98016666667,Producción de gas promedio diaria por provincia
2011-12,2011-12-01,2011,12,gas,provincia,Chubut,promedio_diario,10024.7651854839,Producción de gas promedio diaria por provincia
2011-12,2011-12-01,2011,12,gas,provincia,Estado Nacional,promedio_diario,12380.1049677419,Producción de gas promedio diaria por provincia
2011-12,2011-12-01,2011,12,gas,provincia,Formosa,promedio_diario,56.6974193548387,Producción de gas promedio diaria por provincia
2011-12,2011-12-01,2011,12,gas,provincia,Jujuy,promedio_diario,12.9941935483871,Producción de gas promedio diaria por provincia
2011-12,2011-12-01,2011,12,gas,provincia,La Pampa,promedio_diario,1240.82774193548,Producción de gas promedio diaria por provincia
2011-12,2011-12-01,2011,12,gas,provincia,Mendoza,promedio_diario,5786.44323096774,Producción de gas promedio diaria por provincia
2011-12,2011-12-01,2011,12,gas,provincia,Neuquén,promedio_diario,55369.1165806452,Producción de gas promedio diaria por provincia
2011-12,2011-12-01,2011,12,gas,provincia,Rio Negro,promedio_diario,4125.62103225806,Producción de gas promedio diaria por provincia
2011-12,2011-12-01,2011,12,gas,provincia,Salta,promedio_diario,11805.8480967742,Producción de gas promedio diaria por provincia
2011-12,2011-12-01,2011,12,gas,provincia,San Juan,promedio_diario,0.0,Producción de gas promedio diaria por provincia
2011-12,2011-12-01,2011,12,gas,provincia,Santa Cruz,promedio_diario,12413.7444822581,Producción de gas promedio diaria por provincia
2011-12,2011-12-01,2011,12,gas,provincia,Tierra del Fuego,promedio_diario,9935.92774193548,Producción de gas promedio diaria por provincia
2012-01,2012-01-01,2012,1,gas,provincia,Chubut,promedio_diario,9907.82071213095,Producción de gas promedio diaria por provincia
2012-01,2012-01-01,2012,1,gas,provincia,Estado Nacional,promedio_diario,12795.6187096774,Producción de gas promedio diaria por provincia
2012-01,2012-01-01,2012,1,gas,provincia,Formosa,promedio_diario,51.0312903225806,Producción de gas promedio diaria por provincia
2012-01,2012-01-01,2012,1,gas,provincia,Jujuy,promedio_diario,13.0332258064516,Producción de gas promedio diaria por provincia
2012-01,2012-01-01,2012,1,gas,provincia,La Pampa,promedio_diario,1235.7524516129,Producción de gas promedio diaria por provincia
2012-01,2012-01-01,2012,1,gas,provincia,Mendoza,promedio_diario,6071.78005322581,Producción de gas promedio diaria por provincia
2012-01,2012-01-01,2012,1,gas,provincia,Neuquén,promedio_diario,55820.7837741936,Producción de gas promedio diaria por provincia
2012-01,2012-01-01,2012,1,gas,provincia,Rio Negro,promedio_diario,4079.15296774194,Producción de gas promedio diaria por provincia
2012-01,2012-01-01,2012,1,gas,provincia,Salta,promedio_diario,11434.5557096774,Producción de gas promedio diaria por provincia
2012-01,2012-01-01,2012,1,gas,provincia,San Juan,promedio_diario,0.0,Producción de gas promedio diaria por provincia
2012-01,2012-01-01,2012,1,gas,provincia,Santa Cruz,promedio_diario,12355.4015587097,Producción de gas promedio diaria por provincia
2012-01,2012-01-01,2012,1,gas,provincia,Tierra del Fuego,promedio_diario,9269.68396774194,Producción de gas promedio diaria por provincia
2012-02,2012-02-01,2012,2,gas,provincia,Chubut,promedio_diario,9636.06076896552,Producción de gas promedio diaria por provincia
2012-02,2012-02-01,2012,2,gas,provincia,Estado Nacional,promedio_diario,11707.9893793103,Producción de gas promedio diaria por provincia
2012-02,2012-02-01,2012,2,gas,provincia,Formosa,promedio_diario,51.8348275862069,Producción de gas promedio diaria por provincia
2012-02,2012-02-01,2012,2,gas,provincia,Jujuy,promedio_diario,13.2344827586207,Producción de gas promedio diaria por provincia
2012-02,2012-02-01,2012,2,gas,provincia,La Pampa,promedio_diario,1240.21324137931,Producción de gas promedio diaria por provincia
2012-02,2012-02-01,2012,2,gas,provincia,Mendoza,promedio_diario,6169.78317206897,Producción de gas promedio diaria por provincia
2012-02,2012-02-01,2012,2,gas,provincia,Neuquén,promedio_diario,53128.7792758621,Producción de gas promedio diaria por provincia
2012-02,2012-02-01,2012,2,gas,provincia,Rio Negro,promedio_diario,4269.34148275862,Producción de gas promedio diaria por provincia
2012-02,2012-02-01,2012,2,gas,provincia,Salta,promedio_diario,11314.0134137931,Producción de gas promedio diaria por provincia
2012-02,2012-02-01,2012,2,gas,provincia,San Juan,promedio_diario,0.0,Producción de gas promedio diaria por provincia
2012-02,2012-02-01,2012,2,gas,provincia,Santa Cruz,promedio_diario,12263.6586341379,Producción de gas promedio diaria por provincia
2012-02,2012-02-01,2012,2,gas,provincia,Tierra del Fuego,promedio_diario,9730.8265862069,Producción de gas promedio diaria por provincia
2012-03,2012-03-01,2012,3,gas,provincia,Chubut,promedio_diario,9688.27941645161,Producción de gas promedio diaria por provincia
2012-03,2012-03-01,2012,3,gas,provincia,Estado Nacional,promedio_diario,11534.715516129,Producción de gas promedio diaria por provincia
2012-03,2012-03-01,2012,3,gas,provincia,Formosa,promedio_diario,55.891935483871,Producción de gas promedio diaria por provincia
2012-03,2012-03-01,2012,3,gas,provincia,Jujuy,promedio_diario,12.898064516129,Producción de gas promedio diaria por provincia
2012-03,2012-03-01,2012,3,gas,provincia,La Pampa,promedio_diario,1077.05593548387,Producción de gas promedio diaria por provincia
2012-03,2012-03-01,2012,3,gas,provincia,Mendoza,promedio_diario,6239.76824677419,Producción de gas promedio diaria por provincia
2012-03,2012-03-01,2012,3,gas,provincia,Neuquén,promedio_diario,54603.0380967742,Producción de gas promedio diaria por provincia
2012-03,2012-03-01,2012,3,gas,provincia,Rio Negro,promedio_diario,4477.30432258065,Producción de gas promedio diaria por provincia
2012-03,2012-03-01,2012,3,gas,provincia,Salta,promedio_diario,11151.33,Producción de gas promedio diaria por provincia
2012-03,2012-03-01,2012,3,gas,provincia,San Juan,promedio_diario,0.0,Producción de gas promedio diaria por provincia
2012-03,2012-03-01,2012,3,gas,provincia,Santa Cruz,promedio_diario,11790.6824493548,Producción de gas promedio diaria por provincia
2012-03,2012-03-01,2012,3,gas,provincia,Tierra del Fuego,promedio_diario,10420.8319677419,Producción de gas promedio diaria por provincia
2012-04,2012-04-01,2012,4,gas,provincia,Chubut,promedio_diario,9379.555204,Producción de gas promedio diaria por provincia
2012-04,2012-04-01,2012,4,gas,provincia,Estado Nacional,promedio_diario,13679.6709333333,Producción de gas promedio diaria por provincia
2012-04,2012-04-01,2012,4,gas,provincia,Formosa,promedio_diario,73.485,Producción de gas promedio diaria por provincia
2012-04,2012-04-01,2012,4,gas,provincia,Jujuy,promedio_diario,13.3826666666667,Producción de gas promedio diaria por provincia
2012-04,2012-04-01,2012,4,gas,provincia,La Pampa,promedio_diario,1248.48516666667,Producción de gas promedio diaria por provincia
2012-04,2012-04-01,2012,4,gas,provincia,Mendoza,promedio_diario,6286.76478733333,Producción de gas promedio diaria por provincia
2012-04,2012-04-01,2012,4,gas,provincia,Neuquén,promedio_diario,54163.8141666667,Producción de gas promedio diaria por provincia
2012-04,2012-04-01,2012,4,gas,provincia,Rio Negro,promedio_diario,4444.29416666667,Producción de gas promedio diaria por provincia
2012-04,2012-04-01,2012,4,gas,provincia,Salta,promedio_diario,10948.9565333333,Producción de gas promedio diaria por provincia
2012-04,2012-04-01,2012,4,gas,provincia,Santa Cruz,promedio_diario,11770.6740956667,Producción de gas promedio diaria por provincia
2012-04,2012-04-01,2012,4,gas,provincia,Tierra del Fuego,promedio_diario,10434.4224333333,Producción de gas promedio diaria por provincia
2012-05,2012-05-01,2012,5,gas,provincia,Chubut,promedio_diario,9778.32712032258,Producción de gas promedio diaria por provincia
2012-05,2012-05-01,2012,5,gas,provincia,Estado Nacional,promedio_diario,13528.7712258065,Producción de gas promedio diaria por provincia
2012-05,2012-05-01,2012,5,gas,provincia,Formosa,promedio_diario,80.7609677419355,Producción de gas promedio diaria por provincia
2012-05,2012-05-01,2012,5,gas,provincia,Jujuy,promedio_diario,12.8825806451613,Producción de gas promedio diaria por provincia
2012-05,2012-05-01,2012,5,gas,provincia,La Pampa,promedio_diario,1271.43806451613,Producción de gas promedio diaria por provincia
2012-05,2012-05-01,2012,5,gas,provincia,Mendoza,promedio_diario,6401.8008016129,Producción de gas promedio diaria por provincia
2012-05,2012-05-01,2012,5,gas,provincia,Neuquén,promedio_diario,54107.3242258064,Producción de gas promedio diaria por provincia
2012-05,2012-05-01,2012,5,gas,provincia,Rio Negro,promedio_diario,4526.26974193548,Producción de gas promedio diaria por provincia
2012-05,2012-05-01,2012,5,gas,provincia,Salta,promedio_diario,10601.8236129032,Producción de gas promedio diaria por provincia
2012-05,2012-05-01,2012,5,gas,provincia,San Juan,promedio_diario,0.0,Producción de gas promedio diaria por provincia
2012-05,2012-05-01,2012,5,gas,provincia,Santa Cruz,promedio_diario,11625.7332812903,Producción de gas promedio diaria por provincia
2012-05,2012-05-01,2012,5,gas,provincia,Tierra del Fuego,promedio_diario,10528.6742580645,Producción de gas promedio diaria por provincia
2012-06,2012-06-01,2012,6,gas,provincia,Chubut,promedio_diario,9180.20931166667,Producción de gas promedio diaria por provincia
2012-06,2012-06-01,2012,6,gas,provincia,Estado Nacional,promedio_diario,13666.6741333333,Producción de gas promedio diaria por provincia
2012-06,2012-06-01,2012,6,gas,provincia,Formosa,promedio_diario,78.2651,Producción de gas promedio diaria por provincia
2012-06,2012-06-01,2012,6,gas,provincia,Jujuy,promedio_diario,13.5676666666667,Producción de gas promedio diaria por provincia
2012-06,2012-06-01,2012,6,gas,provincia,La Pampa,promedio_diario,1228.78266666667,Producción de gas promedio diaria por provincia
2012-06,2012-06-01,2012,6,gas,provincia,Mendoza,promedio_diario,6678.97070166667,Producción de gas promedio diaria por provincia
2012-06,2012-06-01,2012,6,gas,provincia,Neuquén,promedio_diario,53660.0785,Producción de gas promedio diaria por provincia
2012-06,2012-06-01,2012,6,gas,provincia,Rio Negro,promedio_diario,4716.6557,Producción de gas promedio diaria por provincia
2012-06,2012-06-01,2012,6,gas,provincia,Salta,promedio_diario,10489.0911333333,Producción de gas promedio diaria por provincia
2012-06,2012-06-01,2012,6,gas,provincia,San Juan,promedio_diario,0.0,Producción de gas promedio diaria por provincia
2012-06,2012-06-01,2012,6,gas,provincia,Santa Cruz,promedio_diario,11365.357628,Producción de gas promedio diaria por provincia
2012-06,2012-06-01,2012,6,gas,provincia,Tierra del Fuego,promedio_diario,10553.8942333333,Producción de gas promedio diaria por provincia
2012-07,2012-07-01,2012,7,gas,provincia,Chubut,promedio_diario,9436.54217612903,Producción de gas promedio diaria por provincia
2012-07,2012-07-01,2012,7,gas,provincia,Estado Nacional,promedio_diario,14212.1841290323,Producción de gas promedio diaria por provincia
2012-07,2012-07-01,2012,7,gas,provincia,Formosa,promedio_diario,78.9054838709677,Producción de gas promedio diaria por provincia
2012-07,2012-07-01,2012,7,gas,provincia,Jujuy,promedio_diario,13.0664516129032,Producción de gas promedio diaria por provincia
2012-07,2012-07-01,2012,7,gas,provincia,La Pampa,promedio_diario,1209.83870967742,Producción de gas promedio diaria por provincia
2012-07,2012-07-01,2012,7,gas,provincia,Mendoza,promedio_diario,6729.41312258064,Producción de gas promedio diaria por provincia
2012-07,2012-07-01,2012,7,gas,provincia,Neuquén,promedio_diario,53345.2784193548,Producción de gas promedio diaria por provincia
2012-07,2012-07-01,2012,7,gas,provincia,Rio Negro,promedio_diario,4659.02696774194,Producción de gas promedio diaria por provincia
2012-07,2012-07-01,2012,7,gas,provincia,Salta,promedio_diario,10346.6397741935,Producción de gas promedio diaria por provincia
2012-07,2012-07-01,2012,7,gas,provincia,San Juan,promedio_diario,0.0,Producción de gas promedio diaria por provincia
2012-07,2012-07-01,2012,7,gas,provincia,Santa Cruz,promedio_diario,11319.9424480645,Producción de gas promedio diaria por provincia
2012-07,2012-07-01,2012,7,gas,provincia,Tierra del Fuego,promedio_diario,10099.1916774194,Producción de gas promedio diaria por provincia
2012-08,2012-08-01,2012,8,gas,provincia,Chubut,promedio_diario,9716.39987677419,Producción de gas promedio diaria por provincia
2012-08,2012-08-01,2012,8,gas,provincia,Estado Nacional,promedio_diario,14452.7647741935,Producción de gas promedio diaria por provincia
2012-08,2012-08-01,2012,8,gas,provincia,Formosa,promedio_diario,84.7803225806452,Producción de gas promedio diaria por provincia
2012-08,2012-08-01,2012,8,gas,provincia,Jujuy,promedio_diario,13.1961290322581,Producción de gas promedio diaria por provincia
2012-08,2012-08-01,2012,8,gas,provincia,La Pampa,promedio_diario,1248.12451612903,Producción de gas promedio diaria por provincia
2012-08,2012-08-01,2012,8,gas,provincia,La Rioja,promedio_diario,0.0,Producción de gas promedio diaria por provincia
2012-08,2012-08-01,2012,8,gas,provincia,Mendoza,promedio_diario,6742.95011709677,Producción de gas promedio diaria por provincia
2012-08,2012-08-01,2012,8,gas,provincia,Neuquén,promedio_diario,53583.3800967742,Producción de gas promedio diaria por provincia
2012-08,2012-08-01,2012,8,gas,provincia,Rio Negro,promedio_diario,4717.09893548387,Producción de gas promedio diaria por provincia
2012-08,2012-08-01,2012,8,gas,provincia,Salta,promedio_diario,10127.0102580645,Producción de gas promedio diaria por provincia
2012-08,2012-08-01,2012,8,gas,provincia,San Juan,promedio_diario,0.0,Producción de gas promedio diaria por provincia
2012-08,2012-08-01,2012,8,gas,provincia,Santa Cruz,promedio_diario,11557.3935816129,Producción de gas promedio diaria por provincia
2012-08,2012-08-01,2012,8,gas,provincia,Tierra del Fuego,promedio_diario,9186.60293548387,Producción de gas promedio diaria por provincia
2012-09,2012-09-01,2012,9,gas,provincia,Chubut,promedio_diario,9669.12814566667,Producción de gas promedio diaria por provincia
2012-09,2012-09-01,2012,9,gas,provincia,Estado Nacional,promedio_diario,14585.8671666667,Producción de gas promedio diaria por provincia
2012-09,2012-09-01,2012,9,gas,provincia,Formosa,promedio_diario,78.0116666666667,Producción de gas promedio diaria por provincia
2012-09,2012-09-01,2012,9,gas,provincia,Jujuy,promedio_diario,12.586,Producción de gas promedio diaria por provincia
2012-09,2012-09-01,2012,9,gas,provincia,La Pampa,promedio_diario,1265.54873333333,Producción de gas promedio diaria por provincia
2012-09,2012-09-01,2012,9,gas,provincia,La Rioja,promedio_diario,0.0,Producción de gas promedio diaria por provincia
2012-09,2012-09-01,2012,9,gas,provincia,Mendoza,promedio_diario,6718.49659933333,Producción de gas promedio diaria por provincia
2012-09,2012-09-01,2012,9,gas,provincia,Neuquén,promedio_diario,52864.8635,Producción de gas promedio diaria por provincia
2012-09,2012-09-01,2012,9,gas,provincia,Rio Negro,promedio_diario,4690.94666666667,Producción de gas promedio diaria por provincia
2012-09,2012-09-01,2012,9,gas,provincia,Salta,promedio_diario,10059.5446333333,Producción de gas promedio diaria por provincia
2012-09,2012-09-01,2012,9,gas,provincia,San Juan,promedio_diario,0.0,Producción de gas promedio diaria por provincia
2012-09,2012-09-01,2012,9,gas,provincia,Santa Cruz,promedio_diario,11987.109787,Producción de gas promedio diaria por provincia
2012-09,2012-09-01,2012,9,gas,provincia,Tierra del Fuego,promedio_diario,9331.44876666667,Producción de gas promedio diaria por provincia
2012-10,2012-10-01,2012,10,gas,provincia,Chubut,promedio_diario,9577.02268612903,Producción de gas promedio diaria por provincia
2012-10,2012-10-01,2012,10,gas,provincia,Estado Nacional,promedio_diario,14248.8436129032,Producción de gas promedio diaria por provincia
2012-10,2012-10-01,2012,10,gas,provincia,Formosa,promedio_diario,77.61,Producción de gas promedio diaria por provincia
2012-10,2012-10-01,2012,10,gas,provincia,Jujuy,promedio_diario,12.3338709677419,Producción de gas promedio diaria por provincia
2012-10,2012-10-01,2012,10,gas,provincia,La Pampa,promedio_diario,1264.10290322581,Producción de gas promedio diaria por provincia
2012-10,2012-10-01,2012,10,gas,provincia,La Rioja,promedio_diario,0.0,Producción de gas promedio diaria por provincia
2012-10,2012-10-01,2012,10,gas,provincia,Mendoza,promedio_diario,6475.89167774194,Producción de gas promedio diaria por provincia
2012-10,2012-10-01,2012,10,gas,provincia,Neuquén,promedio_diario,52075.8620645161,Producción de gas promedio diaria por provincia
2012-10,2012-10-01,2012,10,gas,provincia,Rio Negro,promedio_diario,4720.28570967742,Producción de gas promedio diaria por provincia
2012-10,2012-10-01,2012,10,gas,provincia,Salta,promedio_diario,9845.77083870968,Producción de gas promedio diaria por provincia
2012-10,2012-10-01,2012,10,gas,provincia,San Juan,promedio_diario,0.0,Producción de gas promedio diaria por provincia
2012-10,2012-10-01,2012,10,gas,provincia,Santa Cruz,promedio_diario,11449.471106129,Producción de gas promedio diaria por provincia
2012-10,2012-10-01,2012,10,gas,provincia,Tierra del Fuego,promedio_diario,9996.77835483871,Producción de gas promedio diaria por provincia
2012-11,2012-11-01,2012,11,gas,provincia,Chubut,promedio_diario,9371.84527633333,Producción de gas promedio diaria por provincia
2012-11,2012-11-01,2012,11,gas,provincia,Estado Nacional,promedio_diario,14258.9595333333,Producción de gas promedio diaria por provincia
2012-11,2012-11-01,2012,11,gas,provincia,Formosa,promedio_diario,81.7666666666667,Producción de gas promedio diaria por provincia
2012-11,2012-11-01,2012,11,gas,provincia,Jujuy,promedio_diario,13.2166666666667,Producción de gas promedio diaria por provincia
2012-11,2012-11-01,2012,11,gas,provincia,La Pampa,promedio_diario,1139.13743333333,Producción de gas promedio diaria por provincia
2012-11,2012-11-01,2012,11,gas,provincia,La Rioja,promedio_diario,0.0,Producción de gas promedio diaria por provincia
2012-11,2012-11-01,2012,11,gas,provincia,Mendoza,promedio_diario,6322.09177066667,Producción de gas promedio diaria por provincia
2012-11,2012-11-01,2012,11,gas,provincia,Neuquén,promedio_diario,50996.133,Producción de gas promedio diaria por provincia
2012-11,2012-11-01,2012,11,gas,provincia,Rio Negro,promedio_diario,4636.1785,Producción de gas promedio diaria por provincia
2012-11,2012-11-01,2012,11,gas,provincia,Salta,promedio_diario,9549.14683333333,Producción de gas promedio diaria por provincia
2012-11,2012-11-01,2012,11,gas,provincia,San Juan,promedio_diario,0.0,Producción de gas promedio diaria por provincia
2012-11,2012-11-01,2012,11,gas,provincia,Santa Cruz,promedio_diario,11231.202153,Producción de gas promedio diaria por provincia
2012-11,2012-11-01,2012,11,gas,provincia,Tierra del Fuego,promedio_diario,9597.67246666667,Producción de gas promedio diaria por provincia
2012-12,2012-12-01,2012,12,gas,provincia,Chubut,promedio_diario,9138.96748778484,Producción de gas promedio diaria por provincia
2012-12,2012-12-01,2012,12,gas,provincia,Estado Nacional,promedio_diario,13855.5087096774,Producción de gas promedio diaria por provincia
2012-12,2012-12-01,2012,12,gas,provincia,Formosa,promedio_diario,84.0932258064516,Producción de gas promedio diaria por provincia
2012-12,2012-12-01,2012,12,gas,provincia,Jujuy,promedio_diario,13.4103225806452,Producción de gas promedio diaria por provincia
2012-12,2012-12-01,2012,12,gas,provincia,La Pampa,promedio_diario,1124.27438709677,Producción de gas promedio diaria por provincia
2012-12,2012-12-01,2012,12,gas,provincia,La Rioja,promedio_diario,0.0,Producción de gas promedio diaria por provincia
2012-12,2012-12-01,2012,12,gas,provincia,Mendoza,promedio_diario,6424.25221387097,Producción de gas promedio diaria por provincia
2012-12,2012-12-01,2012,12,gas,provincia,Neuquén,promedio_diario,49385.7696774194,Producción de gas promedio diaria por provincia
2012-12,2012-12-01,2012,12,gas,provincia,Rio Negro,promedio_diario,4601.173,Producción de gas promedio diaria por provincia
2012-12,2012-12-01,2012,12,gas,provincia,Salta,promedio_diario,9452.75835483871,Producción de gas promedio diaria por provincia
2012-12,2012-12-01,2012,12,gas,provincia,San Juan,promedio_diario,0.0,Producción de gas promedio diaria por provincia
2012-12,2012-12-01,2012,12,gas,provincia,Santa Cruz,promedio_diario,11196.4722880645,Producción de gas promedio diaria por provincia
2012-12,2012-12-01,2012,12,gas,provincia,Tierra del Fuego,promedio_diario,10109.6970967742,Producción de gas promedio diaria por provincia
2013-01,2013-01-01,2013,1,gas,provincia,Chubut,promedio_diario,9123.6321208,Producción de gas promedio diaria por provincia
2013-01,2013-01-01,2013,1,gas,provincia,Estado Nacional,promedio_diario,13435.4676129032,Producción de gas promedio diaria por provincia
2013-01,2013-01-01,2013,1,gas,provincia,Formosa,promedio_diario,83.22,Producción de gas promedio diaria por provincia
2013-01,2013-01-01,2013,1,gas,provincia,Jujuy,promedio_diario,13.4048387096774,Producción de gas promedio diaria por provincia
2013-01,2013-01-01,2013,1,gas,provincia,La Pampa,promedio_diario,989.429935483871,Producción de gas promedio diaria por provincia
2013-01,2013-01-01,2013,1,gas,provincia,La Rioja,promedio_diario,0.0,Producción de gas promedio diaria por provincia
2013-01,2013-01-01,2013,1,gas,provincia,Mendoza,promedio_diario,6593.14114096484,Producción de gas promedio diaria por provincia
2013-01,2013-01-01,2013,1,gas,provincia,Neuquén,promedio_diario,49783.8918387097,Producción de gas promedio diaria por provincia
2013-01,2013-01-01,2013,1,gas,provincia,Rio Negro,promedio_diario,4441.73683870968,Producción de gas promedio diaria por provincia
2013-01,2013-01-01,2013,1,gas,provincia,Salta,promedio_diario,9534.208,Producción de gas promedio diaria por provincia
2013-01,2013-01-01,2013,1,gas,provincia,San Juan,promedio_diario,0.0,Producción de gas promedio diaria por provincia
2013-01,2013-01-01,2013,1,gas,provincia,Santa Cruz,promedio_diario,11145.385107871,Producción de gas promedio diaria por provincia
2013-01,2013-01-01,2013,1,gas,provincia,Tierra del Fuego,promedio_diario,9493.59167741936,Producción de gas promedio diaria por provincia
2013-02,2013-02-01,2013,2,gas,provincia,Chubut,promedio_diario,8901.103245,Producción de gas promedio diaria por provincia
2013-02,2013-02-01,2013,2,gas,provincia,Estado Nacional,promedio_diario,14061.1861785714,Producción de gas promedio diaria por provincia
2013-02,2013-02-01,2013,2,gas,provincia,Formosa,promedio_diario,79.1435714285714,Producción de gas promedio diaria por provincia
2013-02,2013-02-01,2013,2,gas,provincia,Jujuy,promedio_diario,13.1975,Producción de gas promedio diaria por provincia
2013-02,2013-02-01,2013,2,gas,provincia,La Pampa,promedio_diario,1051.89096428571,Producción de gas promedio diaria por provincia
2013-02,2013-02-01,2013,2,gas,provincia,La Rioja,promedio_diario,0.0,Producción de gas promedio diaria por provincia
2013-02,2013-02-01,2013,2,gas,provincia,Mendoza,promedio_diario,6646.28582714286,Producción de gas promedio diaria por provincia
2013-02,2013-02-01,2013,2,gas,provincia,Neuquén,promedio_diario,49842.2256428571,Producción de gas promedio diaria por provincia
2013-02,2013-02-01,2013,2,gas,provincia,Rio Negro,promedio_diario,4425.37775,Producción de gas promedio diaria por provincia
2013-02,2013-02-01,2013,2,gas,provincia,Salta,promedio_diario,9392.88660714286,Producción de gas promedio diaria por provincia
2013-02,2013-02-01,2013,2,gas,provincia,San Juan,promedio_diario,0.0,Producción de gas promedio diaria por provincia
2013-02,2013-02-01,2013,2,gas,provincia,Santa Cruz,promedio_diario,11026.0187778571,Producción de gas promedio diaria por provincia
2013-02,2013-02-01,2013,2,gas,provincia,Tierra del Fuego,promedio_diario,9830.97453571429,Producción de gas promedio diaria por provincia
2013-03,2013-03-01,2013,3,gas,provincia,Chubut,promedio_diario,9234.99789209677,Producción de gas promedio diaria por provincia
2013-03,2013-03-01,2013,3,gas,provincia,Estado Nacional,promedio_diario,11784.6122258065,Producción de gas promedio diaria por provincia
2013-03,2013-03-01,2013,3,gas,provincia,Formosa,promedio_diario,74.281935483871,Producción de gas promedio diaria por provincia
2013-03,2013-03-01,2013,3,gas,provincia,Jujuy,promedio_diario,13.1535483870968,Producción de gas promedio diaria por provincia
2013-03,2013-03-01,2013,3,gas,provincia,La Pampa,promedio_diario,1073.8335483871,Producción de gas promedio diaria por provincia
2013-03,2013-03-01,2013,3,gas,provincia,La Rioja,promedio_diario,0.0,Producción de gas promedio diaria por provincia
2013-03,2013-03-01,2013,3,gas,provincia,Mendoza,promedio_diario,6571.12279387097,Producción de gas promedio diaria por provincia
2013-03,2013-03-01,2013,3,gas,provincia,Neuquén,promedio_diario,49127.3043870968,Producción de gas promedio diaria por provincia
2013-03,2013-03-01,2013,3,gas,provincia,Rio Negro,promedio_diario,4375.83332258065,Producción de gas promedio diaria por provincia
2013-03,2013-03-01,2013,3,gas,provincia,Salta,promedio_diario,9333.38596774194,Producción de gas promedio diaria por provincia
2013-03,2013-03-01,2013,3,gas,provincia,San Juan,promedio_diario,0.0,Producción de gas promedio diaria por provincia
2013-03,2013-03-01,2013,3,gas,provincia,Santa Cruz,promedio_diario,10734.1045006452,Producción de gas promedio diaria por provincia
2013-03,2013-03-01,2013,3,gas,provincia,Tierra del Fuego,promedio_diario,9281.93916129032,Producción de gas promedio diaria por provincia
2013-04,2013-04-01,2013,4,gas,provincia,Chubut,promedio_diario,9479.49003433333,Producción de gas promedio diaria por provincia
2013-04,2013-04-01,2013,4,gas,provincia,Estado Nacional,promedio_diario,13021.7773333333,Producción de gas promedio diaria por provincia
2013-04,2013-04-01,2013,4,gas,provincia,Formosa,promedio_diario,69.7756666666667,Producción de gas promedio diaria por provincia
2013-04,2013-04-01,2013,4,gas,provincia,Jujuy,promedio_diario,12.6996666666667,Producción de gas promedio diaria por provincia
2013-04,2013-04-01,2013,4,gas,provincia,La Pampa,promedio_diario,1085.83473333333,Producción de gas promedio diaria por provincia
2013-04,2013-04-01,2013,4,gas,provincia,La Rioja,promedio_diario,0.0,Producción de gas promedio diaria por provincia
2013-04,2013-04-01,2013,4,gas,provincia,Mendoza,promedio_diario,6678.33704233333,Producción de gas promedio diaria por provincia
2013-04,2013-04-01,2013,4,gas,provincia,Neuquén,promedio_diario,49103.1946666667,Producción de gas promedio diaria por provincia
2013-04,2013-04-01,2013,4,gas,provincia,Rio Negro,promedio_diario,4415.475,Producción de gas promedio diaria por provincia
2013-04,2013-04-01,2013,4,gas,provincia,Salta,promedio_diario,8752.5655,Producción de gas promedio diaria por provincia
2013-04,2013-04-01,2013,4,gas,provincia,San Juan,promedio_diario,0.0,Producción de gas promedio diaria por provincia
2013-04,2013-04-01,2013,4,gas,provincia,Santa Cruz,promedio_diario,10542.494545,Producción de gas promedio diaria por provincia
2013-04,2013-04-01,2013,4,gas,provincia,Tierra del Fuego,promedio_diario,9352.66656666666,Producción de gas promedio diaria por provincia
2013-05,2013-05-01,2013,5,gas,provincia,Chubut,promedio_diario,9553.62794746884,Producción de gas promedio diaria por provincia
2013-05,2013-05-01,2013,5,gas,provincia,Estado Nacional,promedio_diario,14044.0280967742,Producción de gas promedio diaria por provincia
2013-05,2013-05-01,2013,5,gas,provincia,Formosa,promedio_diario,78.6864193548387,Producción de gas promedio diaria por provincia
2013-05,2013-05-01,2013,5,gas,provincia,Jujuy,promedio_diario,12.4638709677419,Producción de gas promedio diaria por provincia
2013-05,2013-05-01,2013,5,gas,provincia,La Pampa,promedio_diario,1251.45474193548,Producción de gas promedio diaria por provincia
2013-05,2013-05-01,2013,5,gas,provincia,La Rioja,promedio_diario,0.0,Producción de gas promedio diaria por provincia
2013-05,2013-05-01,2013,5,gas,provincia,Mendoza,promedio_diario,6741.14299774194,Producción de gas promedio diaria por provincia
2013-05,2013-05-01,2013,5,gas,provincia,Neuquén,promedio_diario,49315.1223225806,Producción de gas promedio diaria por provincia
2013-05,2013-05-01,2013,5,gas,provincia,Rio Negro,promedio_diario,4379.97609677419,Producción de gas promedio diaria por provincia
2013-05,2013-05-01,2013,5,gas,provincia,Salta,promedio_diario,9081.08638709678,Producción de gas promedio diaria por provincia
2013-05,2013-05-01,2013,5,gas,provincia,San Juan,promedio_diario,0.0,Producción de gas promedio diaria por provincia
2013-05,2013-05-01,2013,5,gas,provincia,Santa Cruz,promedio_diario,10611.4126651613,Producción de gas promedio diaria por provincia
2013-05,2013-05-01,2013,5,gas,provincia,Tierra del Fuego,promedio_diario,9377.93074193548,Producción de gas promedio diaria por provincia
2013-06,2013-06-01,2013,6,gas,provincia,Chubut,promedio_diario,9259.7783481804,Producción de gas promedio diaria por provincia
2013-06,2013-06-01,2013,6,gas,provincia,Estado Nacional,promedio_diario,14021.4790333333,Producción de gas promedio diaria por provincia
2013-06,2013-06-01,2013,6,gas,provincia,Formosa,promedio_diario,76.554,Producción de gas promedio diaria por provincia
2013-06,2013-06-01,2013,6,gas,provincia,Jujuy,promedio_diario,11.9246666666667,Producción de gas promedio diaria por provincia
2013-06,2013-06-01,2013,6,gas,provincia,La Pampa,promedio_diario,1267.69166666667,Producción de gas promedio diaria por provincia
2013-06,2013-06-01,2013,6,gas,provincia,La Rioja,promedio_diario,0.0,Producción de gas promedio diaria por provincia
2013-06,2013-06-01,2013,6,gas,provincia,Mendoza,promedio_diario,6757.42749366633,Producción de gas promedio diaria por provincia
2013-06,2013-06-01,2013,6,gas,provincia,Neuquén,promedio_diario,49558.4556333333,Producción de gas promedio diaria por provincia
2013-06,2013-06-01,2013,6,gas,provincia,Rio Negro,promedio_diario,4442.66286666667,Producción de gas promedio diaria por provincia
2013-06,2013-06-01,2013,6,gas,provincia,Salta,promedio_diario,8769.7667,Producción de gas promedio diaria por provincia
2013-06,2013-06-01,2013,6,gas,provincia,San Juan,promedio_diario,0.0,Producción de gas promedio diaria por provincia
2013-06,2013-06-01,2013,6,gas,provincia,Santa Cruz,promedio_diario,10979.6794916667,Producción de gas promedio diaria por provincia
2013-06,2013-06-01,2013,6,gas,provincia,Tierra del Fuego,promedio_diario,9897.09023333333,Producción de gas promedio diaria por provincia
2013-07,2013-07-01,2013,7,gas,provincia,Chubut,promedio_diario,9105.00895822923,Producción de gas promedio diaria por provincia
2013-07,2013-07-01,2013,7,gas,provincia,Estado Nacional,promedio_diario,13955.9819032258,Producción de gas promedio diaria por provincia
2013-07,2013-07-01,2013,7,gas,provincia,Formosa,promedio_diario,71.4593870967742,Producción de gas promedio diaria por provincia
2013-07,2013-07-01,2013,7,gas,provincia,Jujuy,promedio_diario,11.2722580645161,Producción de gas promedio diaria por provincia
2013-07,2013-07-01,2013,7,gas,provincia,La Pampa,promedio_diario,1223.855,Producción de gas promedio diaria por provincia
2013-07,2013-07-01,2013,7,gas,provincia,La Rioja,promedio_diario,0.0,Producción de gas promedio diaria por provincia
2013-07,2013-07-01,2013,7,gas,provincia,Mendoza,promedio_diario,6830.90485161258,Producción de gas promedio diaria por provincia
2013-07,2013-07-01,2013,7,gas,provincia,Neuquén,promedio_diario,49532.0772903226,Producción de gas promedio diaria por provincia
2013-07,2013-07-01,2013,7,gas,provincia,Rio Negro,promedio_diario,4568.21787096774,Producción de gas promedio diaria por provincia
2013-07,2013-07-01,2013,7,gas,provincia,Salta,promedio_diario,8565.61635483871,Producción de gas promedio diaria por provincia
2013-07,2013-07-01,2013,7,gas,provincia,San Juan,promedio_diario,0.0,Producción de gas promedio diaria por provincia
2013-07,2013-07-01,2013,7,gas,provincia,Santa Cruz,promedio_diario,10803.8173280645,Producción de gas promedio diaria por provincia
2013-07,2013-07-01,2013,7,gas,provincia,Tierra del Fuego,promedio_diario,9797.30916129032,Producción de gas promedio diaria por provincia
2013-08,2013-08-01,2013,8,gas,provincia,Chubut,promedio_diario,9189.05325025574,Producción de gas promedio diaria por provincia
2013-08,2013-08-01,2013,8,gas,provincia,Estado Nacional,promedio_diario,13992.1461290323,Producción de gas promedio diaria por provincia
2013-08,2013-08-01,2013,8,gas,provincia,Formosa,promedio_diario,71.6729032258065,Producción de gas promedio diaria por provincia
2013-08,2013-08-01,2013,8,gas,provincia,Jujuy,promedio_diario,11.2225806451613,Producción de gas promedio diaria por provincia
2013-08,2013-08-01,2013,8,gas,provincia,La Pampa,promedio_diario,1258.33025806452,Producción de gas promedio diaria por provincia
2013-08,2013-08-01,2013,8,gas,provincia,La Rioja,promedio_diario,0.0,Producción de gas promedio diaria por provincia
2013-08,2013-08-01,2013,8,gas,provincia,Mendoza,promedio_diario,6982.8495816129,Producción de gas promedio diaria por provincia
2013-08,2013-08-01,2013,8,gas,provincia,Neuquén,promedio_diario,50044.6864193548,Producción de gas promedio diaria por provincia
2013-08,2013-08-01,2013,8,gas,provincia,Rio Negro,promedio_diario,4646.651,Producción de gas promedio diaria por provincia
2013-08,2013-08-01,2013,8,gas,provincia,Salta,promedio_diario,8495.63990322581,Producción de gas promedio diaria por provincia
2013-08,2013-08-01,2013,8,gas,provincia,San Juan,promedio_diario,0.0,Producción de gas promedio diaria por provincia
2013-08,2013-08-01,2013,8,gas,provincia,Santa Cruz,promedio_diario,10719.3538864516,Producción de gas promedio diaria por provincia
2013-08,2013-08-01,2013,8,gas,provincia,Tierra del Fuego,promedio_diario,9859.17519354839,Producción de gas promedio diaria por provincia
2013-09,2013-09-01,2013,9,gas,provincia,Chubut,promedio_diario,9273.80272859037,Producción de gas promedio diaria por provincia
2013-09,2013-09-01,2013,9,gas,provincia,Estado Nacional,promedio_diario,13869.0795666667,Producción de gas promedio diaria por provincia
2013-09,2013-09-01,2013,9,gas,provincia,Formosa,promedio_diario,73.556,Producción de gas promedio diaria por provincia
2013-09,2013-09-01,2013,9,gas,provincia,Jujuy,promedio_diario,10.9963333333333,Producción de gas promedio diaria por provincia
2013-09,2013-09-01,2013,9,gas,provincia,La Pampa,promedio_diario,1349.2446,Producción de gas promedio diaria por provincia
2013-09,2013-09-01,2013,9,gas,provincia,La Rioja,promedio_diario,0.0,Producción de gas promedio diaria por provincia
2013-09,2013-09-01,2013,9,gas,provincia,Mendoza,promedio_diario,7017.356239,Producción de gas promedio diaria por provincia
2013-09,2013-09-01,2013,9,gas,provincia,Neuquén,promedio_diario,49772.6164666667,Producción de gas promedio diaria por provincia
2013-09,2013-09-01,2013,9,gas,provincia,Rio Negro,promedio_diario,4835.1096,Producción de gas promedio diaria por provincia
2013-09,2013-09-01,2013,9,gas,provincia,Salta,promedio_diario,8574.17166666667,Producción de gas promedio diaria por provincia
2013-09,2013-09-01,2013,9,gas,provincia,San Juan,promedio_diario,0.0,Producción de gas promedio diaria por provincia
2013-09,2013-09-01,2013,9,gas,provincia,Santa Cruz,promedio_diario,10717.0740686667,Producción de gas promedio diaria por provincia
2013-09,2013-09-01,2013,9,gas,provincia,Tierra del Fuego,promedio_diario,9888.89106666667,Producción de gas promedio diaria por provincia
2013-10,2013-10-01,2013,10,gas,provincia,Chubut,promedio_diario,9226.62789685135,Producción de gas promedio diaria por provincia
2013-10,2013-10-01,2013,10,gas,provincia,Córdoba,promedio_diario,0.0,Producción de gas promedio diaria por provincia
2013-10,2013-10-01,2013,10,gas,provincia,Estado Nacional,promedio_diario,13746.1843225806,Producción de gas promedio diaria por provincia
2013-10,2013-10-01,2013,10,gas,provincia,Formosa,promedio_diario,74.8938709677419,Producción de gas promedio diaria por provincia
2013-10,2013-10-01,2013,10,gas,provincia,Jujuy,promedio_diario,11.2954838709677,Producción de gas promedio diaria por provincia
2013-10,2013-10-01,2013,10,gas,provincia,La Pampa,promedio_diario,1365.14893548387,Producción de gas promedio diaria por provincia
2013-10,2013-10-01,2013,10,gas,provincia,La Rioja,promedio_diario,0.0,Producción de gas promedio diaria por provincia
2013-10,2013-10-01,2013,10,gas,provincia,Mendoza,promedio_diario,7039.21208741968,Producción de gas promedio diaria por provincia
2013-10,2013-10-01,2013,10,gas,provincia,Neuquén,promedio_diario,49645.9965483871,Producción de gas promedio diaria por provincia
2013-10,2013-10-01,2013,10,gas,provincia,Rio Negro,promedio_diario,4850.36251612903,Producción de gas promedio diaria por provincia
2013-10,2013-10-01,2013,10,gas,provincia,Salta,promedio_diario,8490.97741935484,Producción de gas promedio diaria por provincia
2013-10,2013-10-01,2013,10,gas,provincia,San Juan,promedio_diario,0.0,Producción de gas promedio diaria por provincia
2013-10,2013-10-01,2013,10,gas,provincia,Santa Cruz,promedio_diario,10817.9122341935,Producción de gas promedio diaria por provincia
2013-10,2013-10-01,2013,10,gas,provincia,Tierra del Fuego,promedio_diario,9306.19180645161,Producción de gas promedio diaria por provincia
2013-11,2013-11-01,2013,11,gas,provincia,Chubut,promedio_diario,9248.14984985393,Producción de gas promedio diaria por provincia
2013-11,2013-11-01,2013,11,gas,provincia,Córdoba,promedio_diario,0.0,Producción de gas promedio diaria por provincia
2013-11,2013-11-01,2013,11,gas,provincia,Estado Nacional,promedio_diario,13276.7325333333,Producción de gas promedio diaria por provincia
2013-11,2013-11-01,2013,11,gas,provincia,Formosa,promedio_diario,74.6353333333333,Producción de gas promedio diaria por provincia
2013-11,2013-11-01,2013,11,gas,provincia,Jujuy,promedio_diario,11.8493333333333,Producción de gas promedio diaria por provincia
2013-11,2013-11-01,2013,11,gas,provincia,La Pampa,promedio_diario,1310.6433,Producción de gas promedio diaria por provincia
2013-11,2013-11-01,2013,11,gas,provincia,La Rioja,promedio_diario,0.0,Producción de gas promedio diaria por provincia
2013-11,2013-11-01,2013,11,gas,provincia,Mendoza,promedio_diario,6906.06989133333,Producción de gas promedio diaria por provincia
2013-11,2013-11-01,2013,11,gas,provincia,Neuquén,promedio_diario,50098.084,Producción de gas promedio diaria por provincia
2013-11,2013-11-01,2013,11,gas,provincia,Rio Negro,promedio_diario,4678.42863333333,Producción de gas promedio diaria por provincia
2013-11,2013-11-01,2013,11,gas,provincia,Salta,promedio_diario,8662.93206666667,Producción de gas promedio diaria por provincia
2013-11,2013-11-01,2013,11,gas,provincia,San Juan,promedio_diario,0.0,Producción de gas promedio diaria por provincia
2013-11,2013-11-01,2013,11,gas,provincia,Santa Cruz,promedio_diario,10860.9662323333,Producción de gas promedio diaria por provincia
2013-11,2013-11-01,2013,11,gas,provincia,Tierra del Fuego,promedio_diario,9561.1949,Producción de gas promedio diaria por provincia
2013-12,2013-12-01,2013,12,gas,provincia,Chubut,promedio_diario,9193.04486252029,Producción de gas promedio diaria por provincia
2013-12,2013-12-01,2013,12,gas,provincia,Córdoba,promedio_diario,0.0,Producción de gas promedio diaria por provincia
2013-12,2013-12-01,2013,12,gas,provincia,Estado Nacional,promedio_diario,13465.2040322581,Producción de gas promedio diaria por provincia
2013-12,2013-12-01,2013,12,gas,provincia,Formosa,promedio_diario,75.3732258064516,Producción de gas promedio diaria por provincia
2013-12,2013-12-01,2013,12,gas,provincia,Jujuy,promedio_diario,11.57,Producción de gas promedio diaria por provincia
2013-12,2013-12-01,2013,12,gas,provincia,La Pampa,promedio_diario,1308.37241935516,Producción de gas promedio diaria por provincia
2013-12,2013-12-01,2013,12,gas,provincia,La Rioja,promedio_diario,0.0,Producción de gas promedio diaria por provincia
2013-12,2013-12-01,2013,12,gas,provincia,Mendoza,promedio_diario,6821.68042419355,Producción de gas promedio diaria por provincia
2013-12,2013-12-01,2013,12,gas,provincia,Neuquén,promedio_diario,49713.5718387097,Producción de gas promedio diaria por provincia
2013-12,2013-12-01,2013,12,gas,provincia,Rio Negro,promedio_diario,4582.15158064516,Producción de gas promedio diaria por provincia
2013-12,2013-12-01,2013,12,gas,provincia,Salta,promedio_diario,8516.38435483871,Producción de gas promedio diaria por provincia
2013-12,2013-12-01,2013,12,gas,provincia,San Juan,promedio_diario,0.0,Producción de gas promedio diaria por provincia
2013-12,2013-12-01,2013,12,gas,provincia,Santa Cruz,promedio_diario,10295.2408683871,Producción de gas promedio diaria por provincia
2013-12,2013-12-01,2013,12,gas,provincia,Tierra del Fuego,promedio_diario,9465.16983870968,Producción de gas promedio diaria por provincia
2014-01,2014-01-01,2014,1,gas,provincia,Chubut,promedio_diario,9157.98928111807,Producción de gas promedio diaria por provincia
2014-01,2014-01-01,2014,1,gas,provincia,Córdoba,promedio_diario,0.0,Producción de gas promedio diaria por provincia
2014-01,2014-01-01,2014,1,gas,provincia,Estado Nacional,promedio_diario,13416.838483871,Producción de gas promedio diaria por provincia
2014-01,2014-01-01,2014,1,gas,provincia,Formosa,promedio_diario,73.8359032258064,Producción de gas promedio diaria por provincia
2014-01,2014-01-01,2014,1,gas,provincia,Jujuy,promedio_diario,11.6661290322581,Producción de gas promedio diaria por provincia
2014-01,2014-01-01,2014,1,gas,provincia,La Pampa,promedio_diario,1239.58441935484,Producción de gas promedio diaria por provincia
2014-01,2014-01-01,2014,1,gas,provincia,La Rioja,promedio_diario,0.0,Producción de gas promedio diaria por provincia
2014-01,2014-01-01,2014,1,gas,provincia,Mendoza,promedio_diario,6734.25107193548,Producción de gas promedio diaria por provincia
2014-01,2014-01-01,2014,1,gas,provincia,Neuquén,promedio_diario,50338.9007419355,Producción de gas promedio diaria por provincia
2014-01,2014-01-01,2014,1,gas,provincia,Rio Negro,promedio_diario,4574.89690322581,Producción de gas promedio diaria por provincia
2014-01,2014-01-01,2014,1,gas,provincia,Salta,promedio_diario,8414.35196774194,Producción de gas promedio diaria por provincia
2014-01,2014-01-01,2014,1,gas,provincia,San Juan,promedio_diario,0.0,Producción de gas promedio diaria por provincia
2014-01,2014-01-01,2014,1,gas,provincia,Santa Cruz,promedio_diario,10515.0790745161,Producción de gas promedio diaria por provincia
2014-01,2014-01-01,2014,1,gas,provincia,Tierra del Fuego,promedio_diario,9722.34393548387,Producción de gas promedio diaria por provincia
2014-02,2014-02-01,2014,2,gas,provincia,Chubut,promedio_diario,9254.05489418471,Producción de gas promedio diaria por provincia
2014-02,2014-02-01,2014,2,gas,provincia,Córdoba,promedio_diario,0.0,Producción de gas promedio diaria por provincia
2014-02,2014-02-01,2014,2,gas,provincia,Estado Nacional,promedio_diario,13351.5852142857,Producción de gas promedio diaria por provincia
2014-02,2014-02-01,2014,2,gas,provincia,Formosa,promedio_diario,73.1821428571428,Producción de gas promedio diaria por provincia
2014-02,2014-02-01,2014,2,gas,provincia,Jujuy,promedio_diario,11.6139285714286,Producción de gas promedio diaria por provincia
2014-02,2014-02-01,2014,2,gas,provincia,La Pampa,promedio_diario,1261.96642857143,Producción de gas promedio diaria por provincia
2014-02,2014-02-01,2014,2,gas,provincia,La Rioja,promedio_diario,0.0,Producción de gas promedio diaria por provincia
2014-02,2014-02-01,2014,2,gas,provincia,Mendoza,promedio_diario,6948.22962535679,Producción de gas promedio diaria por provincia
2014-02,2014-02-01,2014,2,gas,provincia,Neuquén,promedio_diario,50079.3243571429,Producción de gas promedio diaria por provincia
2014-02,2014-02-01,2014,2,gas,provincia,Rio Negro,promedio_diario,4607.29321428571,Producción de gas promedio diaria por provincia
2014-02,2014-02-01,2014,2,gas,provincia,Salta,promedio_diario,8254.64842857143,Producción de gas promedio diaria por provincia
2014-02,2014-02-01,2014,2,gas,provincia,San Juan,promedio_diario,0.0,Producción de gas promedio diaria por provincia
2014-02,2014-02-01,2014,2,gas,provincia,Santa Cruz,promedio_diario,10551.6900696429,Producción de gas promedio diaria por provincia
2014-02,2014-02-01,2014,2,gas,provincia,Tierra del Fuego,promedio_diario,9594.24971428572,Producción de gas promedio diaria por provincia
2014-03,2014-03-01,2014,3,gas,provincia,Chubut,promedio_diario,9333.85920244519,Producción de gas promedio diaria por provincia
2014-03,2014-03-01,2014,3,gas,provincia,Córdoba,promedio_diario,0.0,Producción de gas promedio diaria por provincia
2014-03,2014-03-01,2014,3,gas,provincia,Estado Nacional,promedio_diario,13409.5328387097,Producción de gas promedio diaria por provincia
2014-03,2014-03-01,2014,3,gas,provincia,Formosa,promedio_diario,69.6838709677419,Producción de gas promedio diaria por provincia
2014-03,2014-03-01,2014,3,gas,provincia,Jujuy,promedio_diario,11.4974193548387,Producción de gas promedio diaria por provincia
2014-03,2014-03-01,2014,3,gas,provincia,La Pampa,promedio_diario,1310.96419354839,Producción de gas promedio diaria por provincia
2014-03,2014-03-01,2014,3,gas,provincia,La Rioja,promedio_diario,0.0,Producción de gas promedio diaria por provincia
2014-03,2014-03-01,2014,3,gas,provincia,Mendoza,promedio_diario,6579.91638290323,Producción de gas promedio diaria por provincia
2014-03,2014-03-01,2014,3,gas,provincia,Neuquén,promedio_diario,48465.1402903226,Producción de gas promedio diaria por provincia
2014-03,2014-03-01,2014,3,gas,provincia,Rio Negro,promedio_diario,4622.73941935484,Producción de gas promedio diaria por provincia
2014-03,2014-03-01,2014,3,gas,provincia,Salta,promedio_diario,8124.64703225806,Producción de gas promedio diaria por provincia
2014-03,2014-03-01,2014,3,gas,provincia,San Juan,promedio_diario,0.0,Producción de gas promedio diaria por provincia
2014-03,2014-03-01,2014,3,gas,provincia,Santa Cruz,promedio_diario,10688.27105,Producción de gas promedio diaria por provincia
2014-03,2014-03-01,2014,3,gas,provincia,Tierra del Fuego,promedio_diario,9575.27667741936,Producción de gas promedio diaria por provincia
2014-04,2014-04-01,2014,4,gas,provincia,Chubut,promedio_diario,9304.90859493137,Producción de gas promedio diaria por provincia
2014-04,2014-04-01,2014,4,gas,provincia,Córdoba,promedio_diario,0.0,Producción de gas promedio diaria por provincia
2014-04,2014-04-01,2014,4,gas,provincia,Estado Nacional,promedio_diario,11099.0816333333,Producción de gas promedio diaria por provincia
2014-04,2014-04-01,2014,4,gas,provincia,Formosa,promedio_diario,69.5743333333333,Producción de gas promedio diaria por provincia
2014-04,2014-04-01,2014,4,gas,provincia,Jujuy,promedio_diario,11.948,Producción de gas promedio diaria por provincia
2014-04,2014-04-01,2014,4,gas,provincia,La Pampa,promedio_diario,1313.13083333333,Producción de gas promedio diaria por provincia
2014-04,2014-04-01,2014,4,gas,provincia,La Rioja,promedio_diario,0.0,Producción de gas promedio diaria por provincia
2014-04,2014-04-01,2014,4,gas,provincia,Mendoza,promedio_diario,5946.633111,Producción de gas promedio diaria por provincia
2014-04,2014-04-01,2014,4,gas,provincia,Neuquén,promedio_diario,49456.5996,Producción de gas promedio diaria por provincia
2014-04,2014-04-01,2014,4,gas,provincia,Rio Negro,promedio_diario,4547.34276666667,Producción de gas promedio diaria por provincia
2014-04,2014-04-01,2014,4,gas,provincia,Salta,promedio_diario,7888.89423333333,Producción de gas promedio diaria por provincia
2014-04,2014-04-01,2014,4,gas,provincia,San Juan,promedio_diario,0.0,Producción de gas promedio diaria por provincia
2014-04,2014-04-01,2014,4,gas,provincia,Santa Cruz,promedio_diario,10426.413429,Producción de gas promedio diaria por provincia
2014-04,2014-04-01,2014,4,gas,provincia,Tierra del Fuego,promedio_diario,8470.04276666667,Producción de gas promedio diaria por provincia
2014-05,2014-05-01,2014,5,gas,provincia,Chubut,promedio_diario,9206.57622544039,Producción de gas promedio diaria por provincia
2014-05,2014-05-01,2014,5,gas,provincia,Córdoba,promedio_diario,0.0,Producción de gas promedio diaria por provincia
2014-05,2014-05-01,2014,5,gas,provincia,Estado Nacional,promedio_diario,13620.586,Producción de gas promedio diaria por provincia
2014-05,2014-05-01,2014,5,gas,provincia,Formosa,promedio_diario,68.6564516129032,Producción de gas promedio diaria por provincia
2014-05,2014-05-01,2014,5,gas,provincia,Jujuy,promedio_diario,12.1829032258065,Producción de gas promedio diaria por provincia
2014-05,2014-05-01,2014,5,gas,provincia,La Pampa,promedio_diario,1280.73451612903,Producción de gas promedio diaria por provincia
2014-05,2014-05-01,2014,5,gas,provincia,La Rioja,promedio_diario,0.0,Producción de gas promedio diaria por provincia
2014-05,2014-05-01,2014,5,gas,provincia,Mendoza,promedio_diario,6027.40037870968,Producción de gas promedio diaria por provincia
2014-05,2014-05-01,2014,5,gas,provincia,Neuquén,promedio_diario,51525.3112909677,Producción de gas promedio diaria por provincia
2014-05,2014-05-01,2014,5,gas,provincia,Rio Negro,promedio_diario,4750.22316129032,Producción de gas promedio diaria por provincia
2014-05,2014-05-01,2014,5,gas,provincia,Salta,promedio_diario,7898.02903225806,Producción de gas promedio diaria por provincia
2014-05,2014-05-01,2014,5,gas,provincia,San Juan,promedio_diario,0.0,Producción de gas promedio diaria por provincia
2014-05,2014-05-01,2014,5,gas,provincia,Santa Cruz,promedio_diario,10453.0766670968,Producción de gas promedio diaria por provincia
2014-05,2014-05-01,2014,5,gas,provincia,Tierra del Fuego,promedio_diario,9479.24506451613,Producción de gas promedio diaria por provincia
2014-06,2014-06-01,2014,6,gas,provincia,Chubut,promedio_diario,9200.46595654787,Producción de gas promedio diaria por provincia
2014-06,2014-06-01,2014,6,gas,provincia,Córdoba,promedio_diario,0.0,Producción de gas promedio diaria por provincia
2014-06,2014-06-01,2014,6,gas,provincia,Estado Nacional,promedio_diario,13301.5579,Producción de gas promedio diaria por provincia
2014-06,2014-06-01,2014,6,gas,provincia,Formosa,promedio_diario,66.4713333333333,Producción de gas promedio diaria por provincia
2014-06,2014-06-01,2014,6,gas,provincia,Jujuy,promedio_diario,12.2893333333333,Producción de gas promedio diaria por provincia
2014-06,2014-06-01,2014,6,gas,provincia,La Pampa,promedio_diario,1377.12726666667,Producción de gas promedio diaria por provincia
2014-06,2014-06-01,2014,6,gas,provincia,La Rioja,promedio_diario,0.0,Producción de gas promedio diaria por provincia
2014-06,2014-06-01,2014,6,gas,provincia,Mendoza,promedio_diario,6302.691216667,Producción de gas promedio diaria por provincia
2014-06,2014-06-01,2014,6,gas,provincia,Neuquén,promedio_diario,51517.607593,Producción de gas promedio diaria por provincia
2014-06,2014-06-01,2014,6,gas,provincia,Rio Negro,promedio_diario,4680.6685,Producción de gas promedio diaria por provincia
2014-06,2014-06-01,2014,6,gas,provincia,Salta,promedio_diario,7836.68446666667,Producción de gas promedio diaria por provincia
2014-06,2014-06-01,2014,6,gas,provincia,San Juan,promedio_diario,0.0,Producción de gas promedio diaria por provincia
2014-06,2014-06-01,2014,6,gas,provincia,Santa Cruz,promedio_diario,10574.0155733333,Producción de gas promedio diaria por provincia
2014-06,2014-06-01,2014,6,gas,provincia,Tierra del Fuego,promedio_diario,9613.80533333333,Producción de gas promedio diaria por provincia
2014-07,2014-07-01,2014,7,gas,provincia,Chubut,promedio_diario,9508.44835760561,Producción de gas promedio diaria por provincia
2014-07,2014-07-01,2014,7,gas,provincia,Córdoba,promedio_diario,0.0,Producción de gas promedio diaria por provincia
2014-07,2014-07-01,2014,7,gas,provincia,Estado Nacional,promedio_diario,13520.0246129032,Producción de gas promedio diaria por provincia
2014-07,2014-07-01,2014,7,gas,provincia,Formosa,promedio_diario,69.296064516129,Producción de gas promedio diaria por provincia
2014-07,2014-07-01,2014,7,gas,provincia,Jujuy,promedio_diario,11.7545161290323,Producción de gas promedio diaria por provincia
2014-07,2014-07-01,2014,7,gas,provincia,La Pampa,promedio_diario,1410.42322580645,Producción de gas promedio diaria por provincia
2014-07,2014-07-01,2014,7,gas,provincia,La Rioja,promedio_diario,0.0,Producción de gas promedio diaria por provincia
2014-07,2014-07-01,2014,7,gas,provincia,Mendoza,promedio_diario,6385.97543871,Producción de gas promedio diaria por provincia
2014-07,2014-07-01,2014,7,gas,provincia,Neuquén,promedio_diario,52129.3719083871,Producción de gas promedio diaria por provincia
2014-07,2014-07-01,2014,7,gas,provincia,Rio Negro,promedio_diario,4507.79406451613,Producción de gas promedio diaria por provincia
2014-07,2014-07-01,2014,7,gas,provincia,Salta,promedio_diario,7714.24303225806,Producción de gas promedio diaria por provincia
2014-07,2014-07-01,2014,7,gas,provincia,San Juan,promedio_diario,0.0,Producción de gas promedio diaria por provincia
2014-07,2014-07-01,2014,7,gas,provincia,Santa Cruz,promedio_diario,10375.6401283871,Producción de gas promedio diaria por provincia
2014-07,2014-07-01,2014,7,gas,provincia,Tierra del Fuego,promedio_diario,9669.43587096774,Producción de gas promedio diaria por provincia
2014-08,2014-08-01,2014,8,gas,provincia,Chubut,promedio_diario,9638.98489235265,Producción de gas promedio diaria por provincia
2014-08,2014-08-01,2014,8,gas,provincia,Córdoba,promedio_diario,0.0,Producción de gas promedio diaria por provincia
2014-08,2014-08-01,2014,8,gas,provincia,Estado Nacional,promedio_diario,13177.7652580645,Producción de gas promedio diaria por provincia
2014-08,2014-08-01,2014,8,gas,provincia,Formosa,promedio_diario,73.181,Producción de gas promedio diaria por provincia
2014-08,2014-08-01,2014,8,gas,provincia,Jujuy,promedio_diario,12.3022580645161,Producción de gas promedio diaria por provincia
2014-08,2014-08-01,2014,8,gas,provincia,La Pampa,promedio_diario,1359.91090322581,Producción de gas promedio diaria por provincia
2014-08,2014-08-01,2014,8,gas,provincia,La Rioja,promedio_diario,0.0,Producción de gas promedio diaria por provincia
2014-08,2014-08-01,2014,8,gas,provincia,Mendoza,promedio_diario,6357.52236741935,Producción de gas promedio diaria por provincia
2014-08,2014-08-01,2014,8,gas,provincia,Neuquén,promedio_diario,52688.3374432258,Producción de gas promedio diaria por provincia
2014-08,2014-08-01,2014,8,gas,provincia,Rio Negro,promedio_diario,4538.38106451613,Producción de gas promedio diaria por provincia
2014-08,2014-08-01,2014,8,gas,provincia,Salta,promedio_diario,7652.14596774194,Producción de gas promedio diaria por provincia
2014-08,2014-08-01,2014,8,gas,provincia,San Juan,promedio_diario,0.0,Producción de gas promedio diaria por provincia
2014-08,2014-08-01,2014,8,gas,provincia,Santa Cruz,promedio_diario,10018.521746129,Producción de gas promedio diaria por provincia
2014-08,2014-08-01,2014,8,gas,provincia,Tierra del Fuego,promedio_diario,9285.42351612903,Producción de gas promedio diaria por provincia
2014-09,2014-09-01,2014,9,gas,provincia,Chubut,promedio_diario,9572.8088071973,Producción de gas promedio diaria por provincia
2014-09,2014-09-01,2014,9,gas,provincia,Córdoba,promedio_diario,0.0,Producción de gas promedio diaria por provincia
2014-09,2014-09-01,2014,9,gas,provincia,Estado Nacional,promedio_diario,13434.9797666667,Producción de gas promedio diaria por provincia
2014-09,2014-09-01,2014,9,gas,provincia,Formosa,promedio_diario,90.1995333333333,Producción de gas promedio diaria por provincia
2014-09,2014-09-01,2014,9,gas,provincia,Jujuy,promedio_diario,12.0653333333333,Producción de gas promedio diaria por provincia
2014-09,2014-09-01,2014,9,gas,provincia,La Pampa,promedio_diario,1359.51653333333,Producción de gas promedio diaria por provincia
2014-09,2014-09-01,2014,9,gas,provincia,La Rioja,promedio_diario,0.0,Producción de gas promedio diaria por provincia
2014-09,2014-09-01,2014,9,gas,provincia,Mendoza,promedio_diario,6452.52292566667,Producción de gas promedio diaria por provincia
2014-09,2014-09-01,2014,9,gas,provincia,Neuquén,promedio_diario,52669.7035333333,Producción de gas promedio diaria por provincia
2014-09,2014-09-01,2014,9,gas,provincia,Rio Negro,promedio_diario,4536.0604,Producción de gas promedio diaria por provincia
2014-09,2014-09-01,2014,9,gas,provincia,Salta,promedio_diario,7645.1122,Producción de gas promedio diaria por provincia
2014-09,2014-09-01,2014,9,gas,provincia,San Juan,promedio_diario,0.0,Producción de gas promedio diaria por provincia
2014-09,2014-09-01,2014,9,gas,provincia,Santa Cruz,promedio_diario,10341.726169,Producción de gas promedio diaria por provincia
2014-09,2014-09-01,2014,9,gas,provincia,Tierra del Fuego,promedio_diario,9073.01936666667,Producción de gas promedio diaria por provincia
2014-10,2014-10-01,2014,10,gas,provincia,Chubut,promedio_diario,9492.56787433258,Producción de gas promedio diaria por provincia
2014-10,2014-10-01,2014,10,gas,provincia,Córdoba,promedio_diario,0.0,Producción de gas promedio diaria por provincia
2014-10,2014-10-01,2014,10,gas,provincia,Estado Nacional,promedio_diario,11115.2312258065,Producción de gas promedio diaria por provincia
2014-10,2014-10-01,2014,10,gas,provincia,Formosa,promedio_diario,89.3778064516129,Producción de gas promedio diaria por provincia
2014-10,2014-10-01,2014,10,gas,provincia,Jujuy,promedio_diario,11.3806451612903,Producción de gas promedio diaria por provincia
2014-10,2014-10-01,2014,10,gas,provincia,La Pampa,promedio_diario,1327.18064516129,Producción de gas promedio diaria por provincia
2014-10,2014-10-01,2014,10,gas,provincia,La Rioja,promedio_diario,0.0,Producción de gas promedio diaria por provincia
2014-10,2014-10-01,2014,10,gas,provincia,Mendoza,promedio_diario,6494.79791129032,Producción de gas promedio diaria por provincia
2014-10,2014-10-01,2014,10,gas,provincia,Neuquén,promedio_diario,52450.0146354839,Producción de gas promedio diaria por provincia
2014-10,2014-10-01,2014,10,gas,provincia,Rio Negro,promedio_diario,4402.14425806452,Producción de gas promedio diaria por provincia
2014-10,2014-10-01,2014,10,gas,provincia,Salta,promedio_diario,7548.52216129032,Producción de gas promedio diaria por provincia
2014-10,2014-10-01,2014,10,gas,provincia,San Juan,promedio_diario,0.0,Producción de gas promedio diaria por provincia
2014-10,2014-10-01,2014,10,gas,provincia,Santa Cruz,promedio_diario,10330.9886306452,Producción de gas promedio diaria por provincia
2014-10,2014-10-01,2014,10,gas,provincia,Tierra del Fuego,promedio_diario,9070.65319354839,Producción de gas promedio diaria por provincia
2014-11,2014-11-01,2014,11,gas,provincia,Chubut,promedio_diario,9179.49565170587,Producción de gas promedio diaria por provincia
2014-11,2014-11-01,2014,11,gas,provincia,Córdoba,promedio_diario,0.0,Producción de gas promedio diaria por provincia
2014-11,2014-11-01,2014,11,gas,provincia,Estado Nacional,promedio_diario,12999.6875333333,Producción de gas promedio diaria por provincia
2014-11,2014-11-01,2014,11,gas,provincia,Formosa,promedio_diario,83.046,Producción de gas promedio diaria por provincia
2014-11,2014-11-01,2014,11,gas,provincia,Jujuy,promedio_diario,12.5423333333333,Producción de gas promedio diaria por provincia
2014-11,2014-11-01,2014,11,gas,provincia,La Pampa,promedio_diario,1310.39590000033,Producción de gas promedio diaria por provincia
2014-11,2014-11-01,2014,11,gas,provincia,La Rioja,promedio_diario,0.0,Producción de gas promedio diaria por provincia
2014-11,2014-11-01,2014,11,gas,provincia,Mendoza,promedio_diario,6277.479233,Producción de gas promedio diaria por provincia
2014-11,2014-11-01,2014,11,gas,provincia,Neuquén,promedio_diario,53199.96935,Producción de gas promedio diaria por provincia
2014-11,2014-11-01,2014,11,gas,provincia,Rio Negro,promedio_diario,4300.2973,Producción de gas promedio diaria por provincia
2014-11,2014-11-01,2014,11,gas,provincia,Salta,promedio_diario,7488.5023,Producción de gas promedio diaria por provincia
2014-11,2014-11-01,2014,11,gas,provincia,San Juan,promedio_diario,0.0,Producción de gas promedio diaria por provincia
2014-11,2014-11-01,2014,11,gas,provincia,Santa Cruz,promedio_diario,10043.275764,Producción de gas promedio diaria por provincia
2014-11,2014-11-01,2014,11,gas,provincia,Tierra del Fuego,promedio_diario,9086.501,Producción de gas promedio diaria por provincia
2014-12,2014-12-01,2014,12,gas,provincia,Chubut,promedio_diario,9483.67014912287,Producción de gas promedio diaria por provincia
2014-12,2014-12-01,2014,12,gas,provincia,Córdoba,promedio_diario,0.0,Producción de gas promedio diaria por provincia
2014-12,2014-12-01,2014,12,gas,provincia,Estado Nacional,promedio_diario,12955.1182580645,Producción de gas promedio diaria por provincia
2014-12,2014-12-01,2014,12,gas,provincia,Formosa,promedio_diario,73.3922580645161,Producción de gas promedio diaria por provincia
2014-12,2014-12-01,2014,12,gas,provincia,Jujuy,promedio_diario,11.8974193548387,Producción de gas promedio diaria por provincia
2014-12,2014-12-01,2014,12,gas,provincia,La Pampa,promedio_diario,1241.70441935484,Producción de gas promedio diaria por provincia
2014-12,2014-12-01,2014,12,gas,provincia,La Rioja,promedio_diario,0.0,Producción de gas promedio diaria por provincia
2014-12,2014-12-01,2014,12,gas,provincia,Mendoza,promedio_diario,6721.34690548387,Producción de gas promedio diaria por provincia
2014-12,2014-12-01,2014,12,gas,provincia,Neuquén,promedio_diario,53159.8932483871,Producción de gas promedio diaria por provincia
2014-12,2014-12-01,2014,12,gas,provincia,Rio Negro,promedio_diario,4312.7514516129,Producción de gas promedio diaria por provincia
2014-12,2014-12-01,2014,12,gas,provincia,Salta,promedio_diario,7636.72303225806,Producción de gas promedio diaria por provincia
2014-12,2014-12-01,2014,12,gas,provincia,San Juan,promedio_diario,0.0,Producción de gas promedio diaria por provincia
2014-12,2014-12-01,2014,12,gas,provincia,Santa Cruz,promedio_diario,9786.01118064516,Producción de gas promedio diaria por provincia
2014-12,2014-12-01,2014,12,gas,provincia,Tierra del Fuego,promedio_diario,9103.87677419355,Producción de gas promedio diaria por provincia
2015-01,2015-01-01,2015,1,gas,provincia,Chubut,promedio_diario,9643.21394027203,Producción de gas promedio diaria por provincia
2015-01,2015-01-01,2015,1,gas,provincia,Estado Nacional,promedio_diario,12970.1336774194,Producción de gas promedio diaria por provincia
2015-01,2015-01-01,2015,1,gas,provincia,Formosa,promedio_diario,74.4372258064516,Producción de gas promedio diaria por provincia
2015-01,2015-01-01,2015,1,gas,provincia,Jujuy,promedio_diario,11.9464516129032,Producción de gas promedio diaria por provincia
2015-01,2015-01-01,2015,1,gas,provincia,La Pampa,promedio_diario,1267.49764516129,Producción de gas promedio diaria por provincia
2015-01,2015-01-01,2015,1,gas,provincia,La Rioja,promedio_diario,0.0,Producción de gas promedio diaria por provincia
2015-01,2015-01-01,2015,1,gas,provincia,Mendoza,promedio_diario,6594.25151290323,Producción de gas promedio diaria por provincia
2015-01,2015-01-01,2015,1,gas,provincia,Neuquén,promedio_diario,53601.4606322581,Producción de gas promedio diaria por provincia
2015-01,2015-01-01,2015,1,gas,provincia,Rio Negro,promedio_diario,4242.70129032258,Producción de gas promedio diaria por provincia
2015-01,2015-01-01,2015,1,gas,provincia,Salta,promedio_diario,7823.78009677419,Producción de gas promedio diaria por provincia
2015-01,2015-01-01,2015,1,gas,provincia,San Juan,promedio_diario,0.0,Producción de gas promedio diaria por provincia
2015-01,2015-01-01,2015,1,gas,provincia,Santa Cruz,promedio_diario,10612.3049525806,Producción de gas promedio diaria por provincia
2015-01,2015-01-01,2015,1,gas,provincia,Tierra del Fuego,promedio_diario,9139.14612903226,Producción de gas promedio diaria por provincia
2015-02,2015-02-01,2015,2,gas,provincia,Chubut,promedio_diario,9769.78362901029,Producción de gas promedio diaria por provincia
2015-02,2015-02-01,2015,2,gas,provincia,Estado Nacional,promedio_diario,12303.7747142857,Producción de gas promedio diaria por provincia
2015-02,2015-02-01,2015,2,gas,provincia,Formosa,promedio_diario,76.4027857142857,Producción de gas promedio diaria por provincia
2015-02,2015-02-01,2015,2,gas,provincia,Jujuy,promedio_diario,12.2546428571429,Producción de gas promedio diaria por provincia
2015-02,2015-02-01,2015,2,gas,provincia,La Pampa,promedio_diario,1316.77835714286,Producción de gas promedio diaria por provincia
2015-02,2015-02-01,2015,2,gas,provincia,La Rioja,promedio_diario,0.0,Producción de gas promedio diaria por provincia
2015-02,2015-02-01,2015,2,gas,provincia,Mendoza,promedio_diario,6723.18939892857,Producción de gas promedio diaria por provincia
2015-02,2015-02-01,2015,2,gas,provincia,Neuquén,promedio_diario,53877.7988321429,Producción de gas promedio diaria por provincia
2015-02,2015-02-01,2015,2,gas,provincia,Rio Negro,promedio_diario,4165.35396428571,Producción de gas promedio diaria por provincia
2015-02,2015-02-01,2015,2,gas,provincia,Salta,promedio_diario,7740.26171428571,Producción de gas promedio diaria por provincia
2015-02,2015-02-01,2015,2,gas,provincia,San Juan,promedio_diario,0.0,Producción de gas promedio diaria por provincia
2015-02,2015-02-01,2015,2,gas,provincia,Santa Cruz,promedio_diario,10474.8217375,Producción de gas promedio diaria por provincia
2015-02,2015-02-01,2015,2,gas,provincia,Tierra del Fuego,promedio_diario,8874.35667857143,Producción de gas promedio diaria por provincia
2015-03,2015-03-01,2015,3,gas,provincia,Chubut,promedio_diario,9658.88157685061,Producción de gas promedio diaria por provincia
2015-03,2015-03-01,2015,3,gas,provincia,Estado Nacional,promedio_diario,12746.1761290323,Producción de gas promedio diaria por provincia
2015-03,2015-03-01,2015,3,gas,provincia,Formosa,promedio_diario,77.5993225806452,Producción de gas promedio diaria por provincia
2015-03,2015-03-01,2015,3,gas,provincia,Jujuy,promedio_diario,11.8706451612903,Producción de gas promedio diaria por provincia
2015-03,2015-03-01,2015,3,gas,provincia,La Pampa,promedio_diario,1326.78606451613,Producción de gas promedio diaria por provincia
2015-03,2015-03-01,2015,3,gas,provincia,La Rioja,promedio_diario,0.0,Producción de gas promedio diaria por provincia
2015-03,2015-03-01,2015,3,gas,provincia,Mendoza,promedio_diario,6819.43550099226,Producción de gas promedio diaria por provincia
2015-03,2015-03-01,2015,3,gas,provincia,Neuquén,promedio_diario,54783.9427258065,Producción de gas promedio diaria por provincia
2015-03,2015-03-01,2015,3,gas,provincia,Rio Negro,promedio_diario,4107.23693548387,Producción de gas promedio diaria por provincia
2015-03,2015-03-01,2015,3,gas,provincia,Salta,promedio_diario,7638.735,Producción de gas promedio diaria por provincia
2015-03,2015-03-01,2015,3,gas,provincia,San Juan,promedio_diario,0.0,Producción de gas promedio diaria por provincia
2015-03,2015-03-01,2015,3,gas,provincia,Santa Cruz,promedio_diario,10523.2604536161,Producción de gas promedio diaria por provincia
2015-03,2015-03-01,2015,3,gas,provincia,Tierra del Fuego,promedio_diario,8829.01396774194,Producción de gas promedio diaria por provincia
2015-04,2015-04-01,2015,4,gas,provincia,Chubut,promedio_diario,9773.14500326593,Producción de gas promedio diaria por provincia
2015-04,2015-04-01,2015,4,gas,provincia,Estado Nacional,promedio_diario,14037.5188666667,Producción de gas promedio diaria por provincia
2015-04,2015-04-01,2015,4,gas,provincia,Formosa,promedio_diario,79.7296666666667,Producción de gas promedio diaria por provincia
2015-04,2015-04-01,2015,4,gas,provincia,Jujuy,promedio_diario,11.7786666666667,Producción de gas promedio diaria por provincia
2015-04,2015-04-01,2015,4,gas,provincia,La Pampa,promedio_diario,1347.24786666667,Producción de gas promedio diaria por provincia
2015-04,2015-04-01,2015,4,gas,provincia,La Rioja,promedio_diario,0.0,Producción de gas promedio diaria por provincia
2015-04,2015-04-01,2015,4,gas,provincia,Mendoza,promedio_diario,6636.78512233333,Producción de gas promedio diaria por provincia
2015-04,2015-04-01,2015,4,gas,provincia,Neuquén,promedio_diario,54907.4012166667,Producción de gas promedio diaria por provincia
2015-04,2015-04-01,2015,4,gas,provincia,Rio Negro,promedio_diario,4166.40536666667,Producción de gas promedio diaria por provincia
2015-04,2015-04-01,2015,4,gas,provincia,Salta,promedio_diario,7773.14063333333,Producción de gas promedio diaria por provincia
2015-04,2015-04-01,2015,4,gas,provincia,San Juan,promedio_diario,0.0,Producción de gas promedio diaria por provincia
2015-04,2015-04-01,2015,4,gas,provincia,Santa Cruz,promedio_diario,10624.237222,Producción de gas promedio diaria por provincia
2015-04,2015-04-01,2015,4,gas,provincia,Tierra del Fuego,promedio_diario,7830.8057,Producción de gas promedio diaria por provincia
2015-05,2015-05-01,2015,5,gas,provincia,Chubut,promedio_diario,9521.15252705568,Producción de gas promedio diaria por provincia
2015-05,2015-05-01,2015,5,gas,provincia,Estado Nacional,promedio_diario,14068.3424193548,Producción de gas promedio diaria por provincia
2015-05,2015-05-01,2015,5,gas,provincia,Formosa,promedio_diario,79.9406451612903,Producción de gas promedio diaria por provincia
2015-05,2015-05-01,2015,5,gas,provincia,Jujuy,promedio_diario,11.5635483870968,Producción de gas promedio diaria por provincia
2015-05,2015-05-01,2015,5,gas,provincia,La Pampa,promedio_diario,1363.02919354871,Producción de gas promedio diaria por provincia
2015-05,2015-05-01,2015,5,gas,provincia,La Rioja,promedio_diario,0.0,Producción de gas promedio diaria por provincia
2015-05,2015-05-01,2015,5,gas,provincia,Mendoza,promedio_diario,6730.06724951613,Producción de gas promedio diaria por provincia
2015-05,2015-05-01,2015,5,gas,provincia,Neuquén,promedio_diario,55313.0511930645,Producción de gas promedio diaria por provincia
2015-05,2015-05-01,2015,5,gas,provincia,Rio Negro,promedio_diario,4297.8124516129,Producción de gas promedio diaria por provincia
2015-05,2015-05-01,2015,5,gas,provincia,Salta,promedio_diario,7833.97093548387,Producción de gas promedio diaria por provincia
2015-05,2015-05-01,2015,5,gas,provincia,San Juan,promedio_diario,0.0,Producción de gas promedio diaria por provincia
2015-05,2015-05-01,2015,5,gas,provincia,Santa Cruz,promedio_diario,10447.2796467742,Producción de gas promedio diaria por provincia
2015-05,2015-05-01,2015,5,gas,provincia,Tierra del Fuego,promedio_diario,8717.71141935484,Producción de gas promedio diaria por provincia
2015-06,2015-06-01,2015,6,gas,provincia,Chubut,promedio_diario,9536.0759906179,Producción de gas promedio diaria por provincia
2015-06,2015-06-01,2015,6,gas,provincia,Estado Nacional,promedio_diario,13760.1710666667,Producción de gas promedio diaria por provincia
2015-06,2015-06-01,2015,6,gas,provincia,Formosa,promedio_diario,74.6314666666667,Producción de gas promedio diaria por provincia
2015-06,2015-06-01,2015,6,gas,provincia,Jujuy,promedio_diario,10.7133333333333,Producción de gas promedio diaria por provincia
2015-06,2015-06-01,2015,6,gas,provincia,La Pampa,promedio_diario,1324.84156666667,Producción de gas promedio diaria por provincia
2015-06,2015-06-01,2015,6,gas,provincia,La Rioja,promedio_diario,0.0,Producción de gas promedio diaria por provincia
2015-06,2015-06-01,2015,6,gas,provincia,Mendoza,promedio_diario,6797.42470466667,Producción de gas promedio diaria por provincia
2015-06,2015-06-01,2015,6,gas,provincia,Neuquén,promedio_diario,55328.1430666667,Producción de gas promedio diaria por provincia
2015-06,2015-06-01,2015,6,gas,provincia,Rio Negro,promedio_diario,4275.19503333333,Producción de gas promedio diaria por provincia
2015-06,2015-06-01,2015,6,gas,provincia,Salta,promedio_diario,7765.95946666667,Producción de gas promedio diaria por provincia
2015-06,2015-06-01,2015,6,gas,provincia,San Juan,promedio_diario,0.0,Producción de gas promedio diaria por provincia
2015-06,2015-06-01,2015,6,gas,provincia,Santa Cruz,promedio_diario,10326.0513836667,Producción de gas promedio diaria por provincia
2015-06,2015-06-01,2015,6,gas,provincia,Tierra del Fuego,promedio_diario,8804.11656666667,Producción de gas promedio diaria por provincia
2015-07,2015-07-01,2015,7,gas,provincia,Chubut,promedio_diario,9542.98874980997,Producción de gas promedio diaria por provincia
2015-07,2015-07-01,2015,7,gas,provincia,Estado Nacional,promedio_diario,13114.1914193548,Producción de gas promedio diaria por provincia
2015-07,2015-07-01,2015,7,gas,provincia,Formosa,promedio_diario,100.396387096774,Producción de gas promedio diaria por provincia
2015-07,2015-07-01,2015,7,gas,provincia,Jujuy,promedio_diario,11.5248387096774,Producción de gas promedio diaria por provincia
2015-07,2015-07-01,2015,7,gas,provincia,La Pampa,promedio_diario,1302.02819354839,Producción de gas promedio diaria por provincia
2015-07,2015-07-01,2015,7,gas,provincia,La Rioja,promedio_diario,0.0,Producción de gas promedio diaria por provincia
2015-07,2015-07-01,2015,7,gas,provincia,Mendoza,promedio_diario,6924.88227838645,Producción de gas promedio diaria por provincia
2015-07,2015-07-01,2015,7,gas,provincia,Neuquén,promedio_diario,55852.1979354839,Producción de gas promedio diaria por provincia
2015-07,2015-07-01,2015,7,gas,provincia,Rio Negro,promedio_diario,4156.49619354839,Producción de gas promedio diaria por provincia
2015-07,2015-07-01,2015,7,gas,provincia,Salta,promedio_diario,7633.38135483871,Producción de gas promedio diaria por provincia
2015-07,2015-07-01,2015,7,gas,provincia,San Juan,promedio_diario,0.0,Producción de gas promedio diaria por provincia
2015-07,2015-07-01,2015,7,gas,provincia,Santa Cruz,promedio_diario,10268.0946464516,Producción de gas promedio diaria por provincia
2015-07,2015-07-01,2015,7,gas,provincia,Tierra del Fuego,promedio_diario,8419.12693548387,Producción de gas promedio diaria por provincia
2015-08,2015-08-01,2015,8,gas,provincia,Chubut,promedio_diario,9950.36618104806,Producción de gas promedio diaria por provincia
2015-08,2015-08-01,2015,8,gas,provincia,Estado Nacional,promedio_diario,14652.5523548387,Producción de gas promedio diaria por provincia
2015-08,2015-08-01,2015,8,gas,provincia,Formosa,promedio_diario,141.989903225806,Producción de gas promedio diaria por provincia
2015-08,2015-08-01,2015,8,gas,provincia,Jujuy,promedio_diario,11.2035483870968,Producción de gas promedio diaria por provincia
2015-08,2015-08-01,2015,8,gas,provincia,La Pampa,promedio_diario,1325.1105483871,Producción de gas promedio diaria por provincia
2015-08,2015-08-01,2015,8,gas,provincia,La Rioja,promedio_diario,0.0,Producción de gas promedio diaria por provincia
2015-08,2015-08-01,2015,8,gas,provincia,Mendoza,promedio_diario,6870.19260193516,Producción de gas promedio diaria por provincia
2015-08,2015-08-01,2015,8,gas,provincia,Neuquén,promedio_diario,56467.0451290323,Producción de gas promedio diaria por provincia
2015-08,2015-08-01,2015,8,gas,provincia,Rio Negro,promedio_diario,4200.21841935484,Producción de gas promedio diaria por provincia
2015-08,2015-08-01,2015,8,gas,provincia,Salta,promedio_diario,7775.58880645161,Producción de gas promedio diaria por provincia
2015-08,2015-08-01,2015,8,gas,provincia,San Juan,promedio_diario,0.0,Producción de gas promedio diaria por provincia
2015-08,2015-08-01,2015,8,gas,provincia,Santa Cruz,promedio_diario,10090.7107032258,Producción de gas promedio diaria por provincia
2015-08,2015-08-01,2015,8,gas,provincia,Tierra del Fuego,promedio_diario,8377.36409677419,Producción de gas promedio diaria por provincia
2015-09,2015-09-01,2015,9,gas,provincia,Chubut,promedio_diario,10112.5479312263,Producción de gas promedio diaria por provincia
2015-09,2015-09-01,2015,9,gas,provincia,Estado Nacional,promedio_diario,14420.5025333333,Producción de gas promedio diaria por provincia
2015-09,2015-09-01,2015,9,gas,provincia,Formosa,promedio_diario,131.560233333333,Producción de gas promedio diaria por provincia
2015-09,2015-09-01,2015,9,gas,provincia,Jujuy,promedio_diario,10.7686666666667,Producción de gas promedio diaria por provincia
2015-09,2015-09-01,2015,9,gas,provincia,La Pampa,promedio_diario,1304.55283333367,Producción de gas promedio diaria por provincia
2015-09,2015-09-01,2015,9,gas,provincia,La Rioja,promedio_diario,0.0,Producción de gas promedio diaria por provincia
2015-09,2015-09-01,2015,9,gas,provincia,Mendoza,promedio_diario,7240.64070113497,Producción de gas promedio diaria por provincia
2015-09,2015-09-01,2015,9,gas,provincia,Neuquén,promedio_diario,55160.8277666667,Producción de gas promedio diaria por provincia
2015-09,2015-09-01,2015,9,gas,provincia,Rio Negro,promedio_diario,4448.4031,Producción de gas promedio diaria por provincia
2015-09,2015-09-01,2015,9,gas,provincia,Salta,promedio_diario,7650.969,Producción de gas promedio diaria por provincia
2015-09,2015-09-01,2015,9,gas,provincia,San Juan,promedio_diario,0.0,Producción de gas promedio diaria por provincia
2015-09,2015-09-01,2015,9,gas,provincia,Santa Cruz,promedio_diario,9792.75869626667,Producción de gas promedio diaria por provincia
2015-09,2015-09-01,2015,9,gas,provincia,Tierra del Fuego,promedio_diario,7703.6460190241,Producción de gas promedio diaria por provincia
2015-10,2015-10-01,2015,10,gas,provincia,Chubut,promedio_diario,10279.2169544113,Producción de gas promedio diaria por provincia
2015-10,2015-10-01,2015,10,gas,provincia,Estado Nacional,promedio_diario,14729.6979032258,Producción de gas promedio diaria por provincia
2015-10,2015-10-01,2015,10,gas,provincia,Formosa,promedio_diario,131.385193548387,Producción de gas promedio diaria por provincia
2015-10,2015-10-01,2015,10,gas,provincia,Jujuy,promedio_diario,11.0122580645161,Producción de gas promedio diaria por provincia
2015-10,2015-10-01,2015,10,gas,provincia,La Pampa,promedio_diario,1192.97803225839,Producción de gas promedio diaria por provincia
2015-10,2015-10-01,2015,10,gas,provincia,La Rioja,promedio_diario,0.0,Producción de gas promedio diaria por provincia
2015-10,2015-10-01,2015,10,gas,provincia,Mendoza,promedio_diario,6585.19194427074,Producción de gas promedio diaria por provincia
2015-10,2015-10-01,2015,10,gas,provincia,Neuquén,promedio_diario,55868.2465965484,Producción de gas promedio diaria por provincia
2015-10,2015-10-01,2015,10,gas,provincia,Rio Negro,promedio_diario,4139.24896774194,Producción de gas promedio diaria por provincia
2015-10,2015-10-01,2015,10,gas,provincia,Salta,promedio_diario,7649.34316129032,Producción de gas promedio diaria por provincia
2015-10,2015-10-01,2015,10,gas,provincia,San Juan,promedio_diario,0.0,Producción de gas promedio diaria por provincia
2015-10,2015-10-01,2015,10,gas,provincia,Santa Cruz,promedio_diario,10711.5568529355,Producción de gas promedio diaria por provincia
2015-10,2015-10-01,2015,10,gas,provincia,Tierra del Fuego,promedio_diario,8269.49216076719,Producción de gas promedio diaria por provincia
2015-11,2015-11-01,2015,11,gas,provincia,Chubut,promedio_diario,10175.0558731068,Producción de gas promedio diaria por provincia
2015-11,2015-11-01,2015,11,gas,provincia,Estado Nacional,promedio_diario,14342.9956,Producción de gas promedio diaria por provincia
2015-11,2015-11-01,2015,11,gas,provincia,Formosa,promedio_diario,134.3551,Producción de gas promedio diaria por provincia
2015-11,2015-11-01,2015,11,gas,provincia,Jujuy,promedio_diario,11.411,Producción de gas promedio diaria por provincia
2015-11,2015-11-01,2015,11,gas,provincia,La Pampa,promedio_diario,1191.23733333333,Producción de gas promedio diaria por provincia
2015-11,2015-11-01,2015,11,gas,provincia,La Rioja,promedio_diario,0.0,Producción de gas promedio diaria por provincia
2015-11,2015-11-01,2015,11,gas,provincia,Mendoza,promedio_diario,6588.65783393653,Producción de gas promedio diaria por provincia
2015-11,2015-11-01,2015,11,gas,provincia,Neuquén,promedio_diario,55617.2270666667,Producción de gas promedio diaria por provincia
2015-11,2015-11-01,2015,11,gas,provincia,Rio Negro,promedio_diario,4322.23903333333,Producción de gas promedio diaria por provincia
2015-11,2015-11-01,2015,11,gas,provincia,Salta,promedio_diario,7534.12603333333,Producción de gas promedio diaria por provincia
2015-11,2015-11-01,2015,11,gas,provincia,San Juan,promedio_diario,0.0,Producción de gas promedio diaria por provincia
2015-11,2015-11-01,2015,11,gas,provincia,Santa Cruz,promedio_diario,10600.6771882667,Producción de gas promedio diaria por provincia
2015-11,2015-11-01,2015,11,gas,provincia,Tierra del Fuego,promedio_diario,8045.59343333333,Producción de gas promedio diaria por provincia
2015-12,2015-12-01,2015,12,gas,provincia,Chubut,promedio_diario,10098.8021817537,Producción de gas promedio diaria por provincia
2015-12,2015-12-01,2015,12,gas,provincia,Estado Nacional,promedio_diario,10998.9589032258,Producción de gas promedio diaria por provincia
2015-12,2015-12-01,2015,12,gas,provincia,Formosa,promedio_diario,106.989,Producción de gas promedio diaria por provincia
2015-12,2015-12-01,2015,12,gas,provincia,Jujuy,promedio_diario,11.1274193548387,Producción de gas promedio diaria por provincia
2015-12,2015-12-01,2015,12,gas,provincia,La Pampa,promedio_diario,1133.30080645129,Producción de gas promedio diaria por provincia
2015-12,2015-12-01,2015,12,gas,provincia,La Rioja,promedio_diario,0.0,Producción de gas promedio diaria por provincia
2015-12,2015-12-01,2015,12,gas,provincia,Mendoza,promedio_diario,6475.97958123655,Producción de gas promedio diaria por provincia
2015-12,2015-12-01,2015,12,gas,provincia,Neuquén,promedio_diario,57189.1755483871,Producción de gas promedio diaria por provincia
2015-12,2015-12-01,2015,12,gas,provincia,Rio Negro,promedio_diario,4526.52609677419,Producción de gas promedio diaria por provincia
2015-12,2015-12-01,2015,12,gas,provincia,Salta,promedio_diario,7610.88122580645,Producción de gas promedio diaria por provincia
2015-12,2015-12-01,2015,12,gas,provincia,San Juan,promedio_diario,0.0,Producción de gas promedio diaria por provincia
2015-12,2015-12-01,2015,12,gas,provincia,Santa Cruz,promedio_diario,10835.7201503548,Producción de gas promedio diaria por provincia
2015-12,2015-12-01,2015,12,gas,provincia,Tierra del Fuego,promedio_diario,6730.77535999739,Producción de gas promedio diaria por provincia
2016-01,2016-01-01,2016,1,gas,provincia,Chubut,promedio_diario,9954.40911343849,Producción de gas promedio diaria por provincia
2016-01,2016-01-01,2016,1,gas,provincia,Estado Nacional,promedio_diario,14394.7770322581,Producción de gas promedio diaria por provincia
2016-01,2016-01-01,2016,1,gas,provincia,Formosa,promedio_diario,106.772290322581,Producción de gas promedio diaria por provincia
2016-01,2016-01-01,2016,1,gas,provincia,Jujuy,promedio_diario,10.2867741935484,Producción de gas promedio diaria por provincia
2016-01,2016-01-01,2016,1,gas,provincia,La Pampa,promedio_diario,1128.25995443065,Producción de gas promedio diaria por provincia
2016-01,2016-01-01,2016,1,gas,provincia,La Rioja,promedio_diario,0.0,Producción de gas promedio diaria por provincia
2016-01,2016-01-01,2016,1,gas,provincia,Mendoza,promedio_diario,6352.53745436955,Producción de gas promedio diaria por provincia
2016-01,2016-01-01,2016,1,gas,provincia,Neuquén,promedio_diario,57269.5401612903,Producción de gas promedio diaria por provincia
2016-01,2016-01-01,2016,1,gas,provincia,Rio Negro,promedio_diario,4491.58061290323,Producción de gas promedio diaria por provincia
2016-01,2016-01-01,2016,1,gas,provincia,Salta,promedio_diario,7539.253,Producción de gas promedio diaria por provincia
2016-01,2016-01-01,2016,1,gas,provincia,San Juan,promedio_diario,0.0,Producción de gas promedio diaria por provincia
2016-01,2016-01-01,2016,1,gas,provincia,Santa Cruz,promedio_diario,10861.7611973606,Producción de gas promedio diaria por provincia
2016-01,2016-01-01,2016,1,gas,provincia,Tierra del Fuego,promedio_diario,7613.77559313906,Producción de gas promedio diaria por provincia
2016-02,2016-02-01,2016,2,gas,provincia,Chubut,promedio_diario,9795.0820062469,Producción de gas promedio diaria por provincia
2016-02,2016-02-01,2016,2,gas,provincia,Estado Nacional,promedio_diario,14380.5070689655,Producción de gas promedio diaria por provincia
2016-02,2016-02-01,2016,2,gas,provincia,Formosa,promedio_diario,97.8803448275862,Producción de gas promedio diaria por provincia
2016-02,2016-02-01,2016,2,gas,provincia,Jujuy,promedio_diario,9.58431034482759,Producción de gas promedio diaria por provincia
2016-02,2016-02-01,2016,2,gas,provincia,La Pampa,promedio_diario,1193.1462032031,Producción de gas promedio diaria por provincia
2016-02,2016-02-01,2016,2,gas,provincia,La Rioja,promedio_diario,0.0,Producción de gas promedio diaria por provincia
2016-02,2016-02-01,2016,2,gas,provincia,Mendoza,promedio_diario,6619.64605609093,Producción de gas promedio diaria por provincia
2016-02,2016-02-01,2016,2,gas,provincia,Neuquén,promedio_diario,57594.2855862069,Producción de gas promedio diaria por provincia
2016-02,2016-02-01,2016,2,gas,provincia,Rio Negro,promedio_diario,4498.08955172414,Producción de gas promedio diaria por provincia
2016-02,2016-02-01,2016,2,gas,provincia,Salta,promedio_diario,7454.61786206897,Producción de gas promedio diaria por provincia
2016-02,2016-02-01,2016,2,gas,provincia,San Juan,promedio_diario,0.0,Producción de gas promedio diaria por provincia
2016-02,2016-02-01,2016,2,gas,provincia,Santa Cruz,promedio_diario,10685.6019088276,Producción de gas promedio diaria por provincia
2016-02,2016-02-01,2016,2,gas,provincia,Tierra del Fuego,promedio_diario,7792.12008308855,Producción de gas promedio diaria por provincia
2016-03,2016-03-01,2016,3,gas,provincia,Chubut,promedio_diario,9655.84723872184,Producción de gas promedio diaria por provincia
2016-03,2016-03-01,2016,3,gas,provincia,Estado Nacional,promedio_diario,13074.840916129,Producción de gas promedio diaria por provincia
2016-03,2016-03-01,2016,3,gas,provincia,Formosa,promedio_diario,95.792,Producción de gas promedio diaria por provincia
2016-03,2016-03-01,2016,3,gas,provincia,Jujuy,promedio_diario,10.2235483870968,Producción de gas promedio diaria por provincia
2016-03,2016-03-01,2016,3,gas,provincia,La Pampa,promedio_diario,1222.68354188161,Producción de gas promedio diaria por provincia
2016-03,2016-03-01,2016,3,gas,provincia,La Rioja,promedio_diario,0.0,Producción de gas promedio diaria por provincia
2016-03,2016-03-01,2016,3,gas,provincia,Mendoza,promedio_diario,6711.02912807981,Producción de gas promedio diaria por provincia
2016-03,2016-03-01,2016,3,gas,provincia,Neuquén,promedio_diario,58400.8821612903,Producción de gas promedio diaria por provincia
2016-03,2016-03-01,2016,3,gas,provincia,Rio Negro,promedio_diario,4559.27951612903,Producción de gas promedio diaria por provincia
2016-03,2016-03-01,2016,3,gas,provincia,Salta,promedio_diario,7216.60703225806,Producción de gas promedio diaria por provincia
2016-03,2016-03-01,2016,3,gas,provincia,San Juan,promedio_diario,0.0,Producción de gas promedio diaria por provincia
2016-03,2016-03-01,2016,3,gas,provincia,Santa Cruz,promedio_diario,10813.2845333871,Producción de gas promedio diaria por provincia
2016-03,2016-03-01,2016,3,gas,provincia,Tierra del Fuego,promedio_diario,10240.2729627486,Producción de gas promedio diaria por provincia
2016-04,2016-04-01,2016,4,gas,provincia,Chubut,promedio_diario,9834.14149474833,Producción de gas promedio diaria por provincia
2016-04,2016-04-01,2016,4,gas,provincia,Estado Nacional,promedio_diario,14602.8485,Producción de gas promedio diaria por provincia
2016-04,2016-04-01,2016,4,gas,provincia,Formosa,promedio_diario,90.9878,Producción de gas promedio diaria por provincia
2016-04,2016-04-01,2016,4,gas,provincia,Jujuy,promedio_diario,9.63433333333333,Producción de gas promedio diaria por provincia
2016-04,2016-04-01,2016,4,gas,provincia,La Pampa,promedio_diario,1160.911363497,Producción de gas promedio diaria por provincia
2016-04,2016-04-01,2016,4,gas,provincia,La Rioja,promedio_diario,0.0,Producción de gas promedio diaria por provincia
2016-04,2016-04-01,2016,4,gas,provincia,Mendoza,promedio_diario,6317.34676971737,Producción de gas promedio diaria por provincia
2016-04,2016-04-01,2016,4,gas,provincia,Neuquén,promedio_diario,57981.1313,Producción de gas promedio diaria por provincia
2016-04,2016-04-01,2016,4,gas,provincia,Rio Negro,promedio_diario,4488.3922,Producción de gas promedio diaria por provincia
2016-04,2016-04-01,2016,4,gas,provincia,Salta,promedio_diario,7192.0438,Producción de gas promedio diaria por provincia
2016-04,2016-04-01,2016,4,gas,provincia,San Juan,promedio_diario,0.0,Producción de gas promedio diaria por provincia
2016-04,2016-04-01,2016,4,gas,provincia,Santa Cruz,promedio_diario,10860.2725413333,Producción de gas promedio diaria por provincia
2016-04,2016-04-01,2016,4,gas,provincia,Tierra del Fuego,promedio_diario,10382.2860521704,Producción de gas promedio diaria por provincia
2016-05,2016-05-01,2016,5,gas,provincia,Chubut,promedio_diario,9809.64116233116,Producción de gas promedio diaria por provincia
2016-05,2016-05-01,2016,5,gas,provincia,Estado Nacional,promedio_diario,13696.3204193548,Producción de gas promedio diaria por provincia
2016-05,2016-05-01,2016,5,gas,provincia,Formosa,promedio_diario,81.2245161290323,Producción de gas promedio diaria por provincia
2016-05,2016-05-01,2016,5,gas,provincia,Jujuy,promedio_diario,10.8422580645161,Producción de gas promedio diaria por provincia
2016-05,2016-05-01,2016,5,gas,provincia,La Pampa,promedio_diario,1112.5411860371,Producción de gas promedio diaria por provincia
2016-05,2016-05-01,2016,5,gas,provincia,La Rioja,promedio_diario,0.0,Producción de gas promedio diaria por provincia
2016-05,2016-05-01,2016,5,gas,provincia,Mendoza,promedio_diario,6393.87583860926,Producción de gas promedio diaria por provincia
2016-05,2016-05-01,2016,5,gas,provincia,Neuquén,promedio_diario,59818.9449677419,Producción de gas promedio diaria por provincia
2016-05,2016-05-01,2016,5,gas,provincia,Rio Negro,promedio_diario,4547.35948387097,Producción de gas promedio diaria por provincia
2016-05,2016-05-01,2016,5,gas,provincia,Salta,promedio_diario,7399.26674193548,Producción de gas promedio diaria por provincia
2016-05,2016-05-01,2016,5,gas,provincia,San Juan,promedio_diario,0.0,Producción de gas promedio diaria por provincia
2016-05,2016-05-01,2016,5,gas,provincia,Santa Cruz,promedio_diario,10593.5306680645,Producción de gas promedio diaria por provincia
2016-05,2016-05-01,2016,5,gas,provincia,Tierra del Fuego,promedio_diario,10812.014516129,Producción de gas promedio diaria por provincia
2016-06,2016-06-01,2016,6,gas,provincia,Chubut,promedio_diario,9675.76070410693,Producción de gas promedio diaria por provincia
2016-06,2016-06-01,2016,6,gas,provincia,Estado Nacional,promedio_diario,14356.0267,Producción de gas promedio diaria por provincia
2016-06,2016-06-01,2016,6,gas,provincia,Formosa,promedio_diario,93.3232,Producción de gas promedio diaria por provincia
2016-06,2016-06-01,2016,6,gas,provincia,Jujuy,promedio_diario,10.504,Producción de gas promedio diaria por provincia
2016-06,2016-06-01,2016,6,gas,provincia,La Pampa,promedio_diario,1050.38246666667,Producción de gas promedio diaria por provincia
2016-06,2016-06-01,2016,6,gas,provincia,La Rioja,promedio_diario,0.0,Producción de gas promedio diaria por provincia
2016-06,2016-06-01,2016,6,gas,provincia,Mendoza,promedio_diario,6425.473165666,Producción de gas promedio diaria por provincia
2016-06,2016-06-01,2016,6,gas,provincia,Neuquén,promedio_diario,59439.0319633333,Producción de gas promedio diaria por provincia
2016-06,2016-06-01,2016,6,gas,provincia,Rio Negro,promedio_diario,4616.2092,Producción de gas promedio diaria por provincia
2016-06,2016-06-01,2016,6,gas,provincia,Salta,promedio_diario,7311.33023333333,Producción de gas promedio diaria por provincia
2016-06,2016-06-01,2016,6,gas,provincia,San Juan,promedio_diario,0.0,Producción de gas promedio diaria por provincia
2016-06,2016-06-01,2016,6,gas,provincia,Santa Cruz,promedio_diario,10238.6980236333,Producción de gas promedio diaria por provincia
2016-06,2016-06-01,2016,6,gas,provincia,Tierra del Fuego,promedio_diario,10834.5129666667,Producción de gas promedio diaria por provincia
2016-07,2016-07-01,2016,7,gas,provincia,Chubut,promedio_diario,9788.97943633558,Producción de gas promedio diaria por provincia
2016-07,2016-07-01,2016,7,gas,provincia,Estado Nacional,promedio_diario,14049.9120322581,Producción de gas promedio diaria por provincia
2016-07,2016-07-01,2016,7,gas,provincia,Formosa,promedio_diario,81.1562580645161,Producción de gas promedio diaria por provincia
2016-07,2016-07-01,2016,7,gas,provincia,Jujuy,promedio_diario,10.1135483870968,Producción de gas promedio diaria por provincia
2016-07,2016-07-01,2016,7,gas,provincia,La Pampa,promedio_diario,1109.11103225806,Producción de gas promedio diaria por provincia
2016-07,2016-07-01,2016,7,gas,provincia,La Rioja,promedio_diario,0.0,Producción de gas promedio diaria por provincia
2016-07,2016-07-01,2016,7,gas,provincia,Mendoza,promedio_diario,6343.85804483871,Producción de gas promedio diaria por provincia
2016-07,2016-07-01,2016,7,gas,provincia,Neuquén,promedio_diario,60331.6777419355,Producción de gas promedio diaria por provincia
2016-07,2016-07-01,2016,7,gas,provincia,Rio Negro,promedio_diario,4533.87438709677,Producción de gas promedio diaria por provincia
2016-07,2016-07-01,2016,7,gas,provincia,Salta,promedio_diario,7283.28477419355,Producción de gas promedio diaria por provincia
2016-07,2016-07-01,2016,7,gas,provincia,San Juan,promedio_diario,0.0,Producción de gas promedio diaria por provincia
2016-07,2016-07-01,2016,7,gas,provincia,Santa Cruz,promedio_diario,10702.1349546774,Producción de gas promedio diaria por provincia
2016-07,2016-07-01,2016,7,gas,provincia,Tierra del Fuego,promedio_diario,11392.0118709677,Producción de gas promedio diaria por provincia
2016-08,2016-08-01,2016,8,gas,provincia,Chubut,promedio_diario,9749.72384097732,Producción de gas promedio diaria por provincia
2016-08,2016-08-01,2016,8,gas,provincia,Estado Nacional,promedio_diario,13674.5019354839,Producción de gas promedio diaria por provincia
2016-08,2016-08-01,2016,8,gas,provincia,Formosa,promedio_diario,74.2037741935484,Producción de gas promedio diaria por provincia
2016-08,2016-08-01,2016,8,gas,provincia,Jujuy,promedio_diario,10.5541935483871,Producción de gas promedio diaria por provincia
2016-08,2016-08-01,2016,8,gas,provincia,La Pampa,promedio_diario,1054.57716129,Producción de gas promedio diaria por provincia
2016-08,2016-08-01,2016,8,gas,provincia,La Rioja,promedio_diario,0.0,Producción de gas promedio diaria por provincia
2016-08,2016-08-01,2016,8,gas,provincia,Mendoza,promedio_diario,6243.97357096774,Producción de gas promedio diaria por provincia
2016-08,2016-08-01,2016,8,gas,provincia,Neuquén,promedio_diario,59891.6470645161,Producción de gas promedio diaria por provincia
2016-08,2016-08-01,2016,8,gas,provincia,Rio Negro,promedio_diario,4653.38790322581,Producción de gas promedio diaria por provincia
2016-08,2016-08-01,2016,8,gas,provincia,Salta,promedio_diario,7199.5364516129,Producción de gas promedio diaria por provincia
2016-08,2016-08-01,2016,8,gas,provincia,San Juan,promedio_diario,0.0,Producción de gas promedio diaria por provincia
2016-08,2016-08-01,2016,8,gas,provincia,Santa Cruz,promedio_diario,10483.7451875161,Producción de gas promedio diaria por provincia
2016-08,2016-08-01,2016,8,gas,provincia,Tierra del Fuego,promedio_diario,11823.653483871,Producción de gas promedio diaria por provincia
2016-09,2016-09-01,2016,9,gas,provincia,Chubut,promedio_diario,9626.70308526383,Producción de gas promedio diaria por provincia
2016-09,2016-09-01,2016,9,gas,provincia,Estado Nacional,promedio_diario,12038.9671666667,Producción de gas promedio diaria por provincia
2016-09,2016-09-01,2016,9,gas,provincia,Formosa,promedio_diario,63.919,Producción de gas promedio diaria por provincia
2016-09,2016-09-01,2016,9,gas,provincia,Jujuy,promedio_diario,10.8943333333333,Producción de gas promedio diaria por provincia
2016-09,2016-09-01,2016,9,gas,provincia,La Pampa,promedio_diario,1041.29886666667,Producción de gas promedio diaria por provincia
2016-09,2016-09-01,2016,9,gas,provincia,La Rioja,promedio_diario,0.0,Producción de gas promedio diaria por provincia
2016-09,2016-09-01,2016,9,gas,provincia,Mendoza,promedio_diario,6027.941709333,Producción de gas promedio diaria por provincia
2016-09,2016-09-01,2016,9,gas,provincia,Neuquén,promedio_diario,59588.6227,Producción de gas promedio diaria por provincia
2016-09,2016-09-01,2016,9,gas,provincia,Rio Negro,promedio_diario,4700.60656666667,Producción de gas promedio diaria por provincia
2016-09,2016-09-01,2016,9,gas,provincia,Salta,promedio_diario,7095.76613333333,Producción de gas promedio diaria por provincia
2016-09,2016-09-01,2016,9,gas,provincia,San Juan,promedio_diario,0.0,Producción de gas promedio diaria por provincia
2016-09,2016-09-01,2016,9,gas,provincia,Santa Cruz,promedio_diario,10231.3578060333,Producción de gas promedio diaria por provincia
2016-09,2016-09-01,2016,9,gas,provincia,Tierra del Fuego,promedio_diario,13568.7488666667,Producción de gas promedio diaria por provincia
2016-10,2016-10-01,2016,10,gas,provincia,Chubut,promedio_diario,9504.4505928779,Producción de gas promedio diaria por provincia
2016-10,2016-10-01,2016,10,gas,provincia,Estado Nacional,promedio_diario,12794.9617096774,Producción de gas promedio diaria por provincia
2016-10,2016-10-01,2016,10,gas,provincia,Formosa,promedio_diario,74.2102580645161,Producción de gas promedio diaria por provincia
2016-10,2016-10-01,2016,10,gas,provincia,Jujuy,promedio_diario,10.9506451612903,Producción de gas promedio diaria por provincia
2016-10,2016-10-01,2016,10,gas,provincia,La Pampa,promedio_diario,1018.87609677419,Producción de gas promedio diaria por provincia
2016-10,2016-10-01,2016,10,gas,provincia,La Rioja,promedio_diario,0.0,Producción de gas promedio diaria por provincia
2016-10,2016-10-01,2016,10,gas,provincia,Mendoza,promedio_diario,6069.04319354871,Producción de gas promedio diaria por provincia
2016-10,2016-10-01,2016,10,gas,provincia,Neuquén,promedio_diario,60664.122516129,Producción de gas promedio diaria por provincia
2016-10,2016-10-01,2016,10,gas,provincia,Rio Negro,promedio_diario,4644.32729032258,Producción de gas promedio diaria por provincia
2016-10,2016-10-01,2016,10,gas,provincia,Salta,promedio_diario,6981.28983870968,Producción de gas promedio diaria por provincia
2016-10,2016-10-01,2016,10,gas,provincia,San Juan,promedio_diario,0.0,Producción de gas promedio diaria por provincia
2016-10,2016-10-01,2016,10,gas,provincia,Santa Cruz,promedio_diario,10443.0370103226,Producción de gas promedio diaria por provincia
2016-10,2016-10-01,2016,10,gas,provincia,Tierra del Fuego,promedio_diario,12410.1324516129,Producción de gas promedio diaria por provincia
2016-11,2016-11-01,2016,11,gas,provincia,Chubut,promedio_diario,9637.4149764423,Producción de gas promedio diaria por provincia
2016-11,2016-11-01,2016,11,gas,provincia,Estado Nacional,promedio_diario,12997.8102666667,Producción de gas promedio diaria por provincia
2016-11,2016-11-01,2016,11,gas,provincia,Formosa,promedio_diario,72.1607666666667,Producción de gas promedio diaria por provincia
2016-11,2016-11-01,2016,11,gas,provincia,Jujuy,promedio_diario,11.418,Producción de gas promedio diaria por provincia
2016-11,2016-11-01,2016,11,gas,provincia,La Pampa,promedio_diario,1045.88769999967,Producción de gas promedio diaria por provincia
2016-11,2016-11-01,2016,11,gas,provincia,La Rioja,promedio_diario,0.0,Producción de gas promedio diaria por provincia
2016-11,2016-11-01,2016,11,gas,provincia,Mendoza,promedio_diario,5952.88165433333,Producción de gas promedio diaria por provincia
2016-11,2016-11-01,2016,11,gas,provincia,Neuquén,promedio_diario,59158.8146333333,Producción de gas promedio diaria por provincia
2016-11,2016-11-01,2016,11,gas,provincia,Rio Negro,promedio_diario,4637.6414,Producción de gas promedio diaria por provincia
2016-11,2016-11-01,2016,11,gas,provincia,Salta,promedio_diario,6948.85366666667,Producción de gas promedio diaria por provincia
2016-11,2016-11-01,2016,11,gas,provincia,San Juan,promedio_diario,0.0,Producción de gas promedio diaria por provincia
2016-11,2016-11-01,2016,11,gas,provincia,Santa Cruz,promedio_diario,10263.9936766933,Producción de gas promedio diaria por provincia
2016-11,2016-11-01,2016,11,gas,provincia,Tierra del Fuego,promedio_diario,10507.1744333333,Producción de gas promedio diaria por provincia
2016-12,2016-12-01,2016,12,gas,provincia,Chubut,promedio_diario,9496.37851854,Producción de gas promedio diaria por provincia
2016-12,2016-12-01,2016,12,gas,provincia,Estado Nacional,promedio_diario,12205.5543548387,Producción de gas promedio diaria por provincia
2016-12,2016-12-01,2016,12,gas,provincia,Formosa,promedio_diario,75.0401290322581,Producción de gas promedio diaria por provincia
2016-12,2016-12-01,2016,12,gas,provincia,Jujuy,promedio_diario,11.2474193548387,Producción de gas promedio diaria por provincia
2016-12,2016-12-01,2016,12,gas,provincia,La Pampa,promedio_diario,1022.76522580645,Producción de gas promedio diaria por provincia
2016-12,2016-12-01,2016,12,gas,provincia,La Rioja,promedio_diario,0.0,Producción de gas promedio diaria por provincia
2016-12,2016-12-01,2016,12,gas,provincia,Mendoza,promedio_diario,5715.00311129065,Producción de gas promedio diaria por provincia
2016-12,2016-12-01,2016,12,gas,provincia,Neuquén,promedio_diario,59465.1000645161,Producción de gas promedio diaria por provincia
2016-12,2016-12-01,2016,12,gas,provincia,Rio Negro,promedio_diario,4742.23287096774,Producción de gas promedio diaria por provincia
2016-12,2016-12-01,2016,12,gas,provincia,Salta,promedio_diario,6834.86887096774,Producción de gas promedio diaria por provincia
2016-12,2016-12-01,2016,12,gas,provincia,San Juan,promedio_diario,0.0,Producción de gas promedio diaria por provincia
2016-12,2016-12-01,2016,12,gas,provincia,Santa Cruz,promedio_diario,9874.12769390323,Producción de gas promedio diaria por provincia
2016-12,2016-12-01,2016,12,gas,provincia,Tierra del Fuego,promedio_diario,11987.589,Producción de gas promedio diaria por provincia
2017-01,2017-01-01,2017,1,gas,provincia,Chubut,promedio_diario,9452.32692378655,Producción de gas promedio diaria por provincia
2017-01,2017-01-01,2017,1,gas,provincia,Estado Nacional,promedio_diario,12667.5719354839,Producción de gas promedio diaria por provincia
2017-01,2017-01-01,2017,1,gas,provincia,Formosa,promedio_diario,70.1145483870968,Producción de gas promedio diaria por provincia
2017-01,2017-01-01,2017,1,gas,provincia,Jujuy,promedio_diario,10.2712903225806,Producción de gas promedio diaria por provincia
2017-01,2017-01-01,2017,1,gas,provincia,La Pampa,promedio_diario,1035.42251612871,Producción de gas promedio diaria por provincia
2017-01,2017-01-01,2017,1,gas,provincia,La Rioja,promedio_diario,0.0,Producción de gas promedio diaria por provincia
2017-01,2017-01-01,2017,1,gas,provincia,Mendoza,promedio_diario,5808.61227806452,Producción de gas promedio diaria por provincia
2017-01,2017-01-01,2017,1,gas,provincia,Neuquén,promedio_diario,59964.9329677419,Producción de gas promedio diaria por provincia
2017-01,2017-01-01,2017,1,gas,provincia,Rio Negro,promedio_diario,4813.19677419355,Producción de gas promedio diaria por provincia
2017-01,2017-01-01,2017,1,gas,provincia,Salta,promedio_diario,6850.93880645161,Producción de gas promedio diaria por provincia
2017-01,2017-01-01,2017,1,gas,provincia,San Juan,promedio_diario,0.0,Producción de gas promedio diaria por provincia
2017-01,2017-01-01,2017,1,gas,provincia,Santa Cruz,promedio_diario,10303.3983311613,Producción de gas promedio diaria por provincia
2017-01,2017-01-01,2017,1,gas,provincia,Tierra del Fuego,promedio_diario,12119.7071290323,Producción de gas promedio diaria por provincia
2017-02,2017-02-01,2017,2,gas,provincia,Chubut,promedio_diario,9536.2177194215,Producción de gas promedio diaria por provincia
2017-02,2017-02-01,2017,2,gas,provincia,Estado Nacional,promedio_diario,9612.11210714286,Producción de gas promedio diaria por provincia
2017-02,2017-02-01,2017,2,gas,provincia,Formosa,promedio_diario,70.466,Producción de gas promedio diaria por provincia
2017-02,2017-02-01,2017,2,gas,provincia,Jujuy,promedio_diario,10.4642857142857,Producción de gas promedio diaria por provincia
2017-02,2017-02-01,2017,2,gas,provincia,La Pampa,promedio_diario,1026.74067857143,Producción de gas promedio diaria por provincia
2017-02,2017-02-01,2017,2,gas,provincia,La Rioja,promedio_diario,0.0,Producción de gas promedio diaria por provincia
2017-02,2017-02-01,2017,2,gas,provincia,Mendoza,promedio_diario,5727.36255571429,Producción de gas promedio diaria por provincia
2017-02,2017-02-01,2017,2,gas,provincia,Neuquén,promedio_diario,60152.1585,Producción de gas promedio diaria por provincia
2017-02,2017-02-01,2017,2,gas,provincia,Rio Negro,promedio_diario,4619.91935714286,Producción de gas promedio diaria por provincia
2017-02,2017-02-01,2017,2,gas,provincia,Salta,promedio_diario,6837.98203571429,Producción de gas promedio diaria por provincia
2017-02,2017-02-01,2017,2,gas,provincia,San Juan,promedio_diario,0.0,Producción de gas promedio diaria por provincia
2017-02,2017-02-01,2017,2,gas,provincia,Santa Cruz,promedio_diario,10132.8039565,Producción de gas promedio diaria por provincia
2017-02,2017-02-01,2017,2,gas,provincia,Tierra del Fuego,promedio_diario,9198.15235714286,Producción de gas promedio diaria por provincia
2017-03,2017-03-01,2017,3,gas,provincia,Chubut,promedio_diario,9528.03694540452,Producción de gas promedio diaria por provincia
2017-03,2017-03-01,2017,3,gas,provincia,Estado Nacional,promedio_diario,12809.7372258065,Producción de gas promedio diaria por provincia
2017-03,2017-03-01,2017,3,gas,provincia,Formosa,promedio_diario,69.869064516129,Producción de gas promedio diaria por provincia
2017-03,2017-03-01,2017,3,gas,provincia,Jujuy,promedio_diario,9.73564516129032,Producción de gas promedio diaria por provincia
2017-03,2017-03-01,2017,3,gas,provincia,La Pampa,promedio_diario,1126.5277096771,Producción de gas promedio diaria por provincia
2017-03,2017-03-01,2017,3,gas,provincia,La Rioja,promedio_diario,0.0,Producción de gas promedio diaria por provincia
2017-03,2017-03-01,2017,3,gas,provincia,Mendoza,promedio_diario,5649.08683870968,Producción de gas promedio diaria por provincia
2017-03,2017-03-01,2017,3,gas,provincia,Neuquén,promedio_diario,59532.7731612903,Producción de gas promedio diaria por provincia
2017-03,2017-03-01,2017,3,gas,provincia,Rio Negro,promedio_diario,4605.29519354839,Producción de gas promedio diaria por provincia
2017-03,2017-03-01,2017,3,gas,provincia,Salta,promedio_diario,6737.73038709677,Producción de gas promedio diaria por provincia
2017-03,2017-03-01,2017,3,gas,provincia,San Juan,promedio_diario,0.0,Producción de gas promedio diaria por provincia
2017-03,2017-03-01,2017,3,gas,provincia,Santa Cruz,promedio_diario,9983.33372906452,Producción de gas promedio diaria por provincia
2017-03,2017-03-01,2017,3,gas,provincia,Tierra del Fuego,promedio_diario,12167.8009032258,Producción de gas promedio diaria por provincia
2017-04,2017-04-01,2017,4,gas,provincia,Chubut,promedio_diario,9075.10941237243,Producción de gas promedio diaria por provincia
2017-04,2017-04-01,2017,4,gas,provincia,Estado Nacional,promedio_diario,12725.9002666667,Producción de gas promedio diaria por provincia
2017-04,2017-04-01,2017,4,gas,provincia,Formosa,promedio_diario,69.546,Producción de gas promedio diaria por provincia
2017-04,2017-04-01,2017,4,gas,provincia,Jujuy,promedio_diario,9.455,Producción de gas promedio diaria por provincia
2017-04,2017-04-01,2017,4,gas,provincia,La Pampa,promedio_diario,1057.39053333333,Producción de gas promedio diaria por provincia
2017-04,2017-04-01,2017,4,gas,provincia,La Rioja,promedio_diario,0.0,Producción de gas promedio diaria por provincia
2017-04,2017-04-01,2017,4,gas,provincia,Mendoza,promedio_diario,5566.388175667,Producción de gas promedio diaria por provincia
2017-04,2017-04-01,2017,4,gas,provincia,Neuquén,promedio_diario,61240.2153333333,Producción de gas promedio diaria por provincia
2017-04,2017-04-01,2017,4,gas,provincia,Rio Negro,promedio_diario,4594.63536666667,Producción de gas promedio diaria por provincia
2017-04,2017-04-01,2017,4,gas,provincia,Salta,promedio_diario,6701.21766666667,Producción de gas promedio diaria por provincia
2017-04,2017-04-01,2017,4,gas,provincia,San Juan,promedio_diario,0.0,Producción de gas promedio diaria por provincia
2017-04,2017-04-01,2017,4,gas,provincia,Santa Cruz,promedio_diario,9920.30655593333,Producción de gas promedio diaria por provincia
2017-04,2017-04-01,2017,4,gas,provincia,Tierra del Fuego,promedio_diario,12326.4699333333,Producción de gas promedio diaria por provincia
2017-05,2017-05-01,2017,5,gas,provincia,Chubut,promedio_diario,9455.63882039865,Producción de gas promedio diaria por provincia
2017-05,2017-05-01,2017,5,gas,provincia,Estado Nacional,promedio_diario,11902.8737741935,Producción de gas promedio diaria por provincia
2017-05,2017-05-01,2017,5,gas,provincia,Formosa,promedio_diario,64.793935483871,Producción de gas promedio diaria por provincia
2017-05,2017-05-01,2017,5,gas,provincia,Jujuy,promedio_diario,11.3287096774194,Producción de gas promedio diaria por provincia
2017-05,2017-05-01,2017,5,gas,provincia,La Pampa,promedio_diario,1131.95274193581,Producción de gas promedio diaria por provincia
2017-05,2017-05-01,2017,5,gas,provincia,La Rioja,promedio_diario,0.0,Producción de gas promedio diaria por provincia
2017-05,2017-05-01,2017,5,gas,provincia,Mendoza,promedio_diario,5349.61739685774,Producción de gas promedio diaria por provincia
2017-05,2017-05-01,2017,5,gas,provincia,Neuquén,promedio_diario,61154.1773870968,Producción de gas promedio diaria por provincia
2017-05,2017-05-01,2017,5,gas,provincia,Rio Negro,promedio_diario,4599.69787096774,Producción de gas promedio diaria por provincia
2017-05,2017-05-01,2017,5,gas,provincia,Salta,promedio_diario,6635.57138709677,Producción de gas promedio diaria por provincia
2017-05,2017-05-01,2017,5,gas,provincia,San Juan,promedio_diario,0.0,Producción de gas promedio diaria por provincia
2017-05,2017-05-01,2017,5,gas,provincia,Santa Cruz,promedio_diario,10088.4861477516,Producción de gas promedio diaria por provincia
2017-05,2017-05-01,2017,5,gas,provincia,Tierra del Fuego,promedio_diario,11715.6765483871,Producción de gas promedio diaria por provincia
2017-06,2017-06-01,2017,6,gas,provincia,Chubut,promedio_diario,9306.9253999804,Producción de gas promedio diaria por provincia
2017-06,2017-06-01,2017,6,gas,provincia,Estado Nacional,promedio_diario,12225.6868666667,Producción de gas promedio diaria por provincia
2017-06,2017-06-01,2017,6,gas,provincia,Formosa,promedio_diario,64.7123333333333,Producción de gas promedio diaria por provincia
2017-06,2017-06-01,2017,6,gas,provincia,Jujuy,promedio_diario,11.5896666666667,Producción de gas promedio diaria por provincia
2017-06,2017-06-01,2017,6,gas,provincia,La Pampa,promedio_diario,1074.130666667,Producción de gas promedio diaria por provincia
2017-06,2017-06-01,2017,6,gas,provincia,La Rioja,promedio_diario,0.0,Producción de gas promedio diaria por provincia
2017-06,2017-06-01,2017,6,gas,provincia,Mendoza,promedio_diario,5273.511060667,Producción de gas promedio diaria por provincia
2017-06,2017-06-01,2017,6,gas,provincia,Neuquén,promedio_diario,60753.5045333333,Producción de gas promedio diaria por provincia
2017-06,2017-06-01,2017,6,gas,provincia,Rio Negro,promedio_diario,4748.53726666667,Producción de gas promedio diaria por provincia
2017-06,2017-06-01,2017,6,gas,provincia,Salta,promedio_diario,6519.121,Producción de gas promedio diaria por provincia
2017-06,2017-06-01,2017,6,gas,provincia,San Juan,promedio_diario,0.0,Producción de gas promedio diaria por provincia
2017-06,2017-06-01,2017,6,gas,provincia,Santa Cruz,promedio_diario,9696.39449703333,Producción de gas promedio diaria por provincia
2017-06,2017-06-01,2017,6,gas,provincia,Tierra del Fuego,promedio_diario,12617.8666666667,Producción de gas promedio diaria por provincia
2017-07,2017-07-01,2017,7,gas,provincia,Chubut,promedio_diario,9316.25788964716,Producción de gas promedio diaria por provincia
2017-07,2017-07-01,2017,7,gas,provincia,Estado Nacional,promedio_diario,12826.2113225806,Producción de gas promedio diaria por provincia
2017-07,2017-07-01,2017,7,gas,provincia,Formosa,promedio_diario,63.769064516129,Producción de gas promedio diaria por provincia
2017-07,2017-07-01,2017,7,gas,provincia,Jujuy,promedio_diario,11.1674193548387,Producción de gas promedio diaria por provincia
2017-07,2017-07-01,2017,7,gas,provincia,La Pampa,promedio_diario,997.05183871,Producción de gas promedio diaria por provincia
2017-07,2017-07-01,2017,7,gas,provincia,La Rioja,promedio_diario,0.0,Producción de gas promedio diaria por provincia
2017-07,2017-07-01,2017,7,gas,provincia,Mendoza,promedio_diario,5115.21859096806,Producción de gas promedio diaria por provincia
2017-07,2017-07-01,2017,7,gas,provincia,Neuquén,promedio_diario,61269.1087096774,Producción de gas promedio diaria por provincia
2017-07,2017-07-01,2017,7,gas,provincia,Rio Negro,promedio_diario,4973.59348387097,Producción de gas promedio diaria por provincia
2017-07,2017-07-01,2017,7,gas,provincia,Salta,promedio_diario,6458.99390322581,Producción de gas promedio diaria por provincia
2017-07,2017-07-01,2017,7,gas,provincia,San Juan,promedio_diario,0.0,Producción de gas promedio diaria por provincia
2017-07,2017-07-01,2017,7,gas,provincia,Santa Cruz,promedio_diario,9655.03896258065,Producción de gas promedio diaria por provincia
2017-07,2017-07-01,2017,7,gas,provincia,Tierra del Fuego,promedio_diario,12707.0696774194,Producción de gas promedio diaria por provincia
2017-08,2017-08-01,2017,8,gas,provincia,Chubut,promedio_diario,9473.2946024409,Producción de gas promedio diaria por provincia
2017-08,2017-08-01,2017,8,gas,provincia,Estado Nacional,promedio_diario,12364.4782258065,Producción de gas promedio diaria por provincia
2017-08,2017-08-01,2017,8,gas,provincia,Formosa,promedio_diario,65.995935483871,Producción de gas promedio diaria por provincia
2017-08,2017-08-01,2017,8,gas,provincia,Jujuy,promedio_diario,10.4558064516129,Producción de gas promedio diaria por provincia
2017-08,2017-08-01,2017,8,gas,provincia,La Pampa,promedio_diario,980.016580645161,Producción de gas promedio diaria por provincia
2017-08,2017-08-01,2017,8,gas,provincia,La Rioja,promedio_diario,0.0,Producción de gas promedio diaria por provincia
2017-08,2017-08-01,2017,8,gas,provincia,Mendoza,promedio_diario,5148.74299677484,Producción de gas promedio diaria por provincia
2017-08,2017-08-01,2017,8,gas,provincia,Neuquén,promedio_diario,61598.8386774194,Producción de gas promedio diaria por provincia
2017-08,2017-08-01,2017,8,gas,provincia,Rio Negro,promedio_diario,5012.00470967742,Producción de gas promedio diaria por provincia
2017-08,2017-08-01,2017,8,gas,provincia,Salta,promedio_diario,6387.77898287097,Producción de gas promedio diaria por provincia
2017-08,2017-08-01,2017,8,gas,provincia,San Juan,promedio_diario,0.0,Producción de gas promedio diaria por provincia
2017-08,2017-08-01,2017,8,gas,provincia,Santa Cruz,promedio_diario,10027.4909520968,Producción de gas promedio diaria por provincia
2017-08,2017-08-01,2017,8,gas,provincia,Tierra del Fuego,promedio_diario,12753.3913548387,Producción de gas promedio diaria por provincia
2017-09,2017-09-01,2017,9,gas,provincia,Chubut,promedio_diario,9636.90840084663,Producción de gas promedio diaria por provincia
2017-09,2017-09-01,2017,9,gas,provincia,Estado Nacional,promedio_diario,12956.2897333333,Producción de gas promedio diaria por provincia
2017-09,2017-09-01,2017,9,gas,provincia,Formosa,promedio_diario,63.6815333333333,Producción de gas promedio diaria por provincia
2017-09,2017-09-01,2017,9,gas,provincia,Jujuy,promedio_diario,9.97166666666667,Producción de gas promedio diaria por provincia
2017-09,2017-09-01,2017,9,gas,provincia,La Pampa,promedio_diario,1034.268,Producción de gas promedio diaria por provincia
2017-09,2017-09-01,2017,9,gas,provincia,La Rioja,promedio_diario,0.0,Producción de gas promedio diaria por provincia
2017-09,2017-09-01,2017,9,gas,provincia,Mendoza,promedio_diario,5112.57337366667,Producción de gas promedio diaria por provincia
2017-09,2017-09-01,2017,9,gas,provincia,Neuquén,promedio_diario,61493.1932333333,Producción de gas promedio diaria por provincia
2017-09,2017-09-01,2017,9,gas,provincia,Rio Negro,promedio_diario,5014.45226666667,Producción de gas promedio diaria por provincia
2017-09,2017-09-01,2017,9,gas,provincia,Salta,promedio_diario,6305.6788,Producción de gas promedio diaria por provincia
2017-09,2017-09-01,2017,9,gas,provincia,San Juan,promedio_diario,0.0,Producción de gas promedio diaria por provincia
2017-09,2017-09-01,2017,9,gas,provincia,Santa Cruz,promedio_diario,9635.78457316667,Producción de gas promedio diaria por provincia
2017-09,2017-09-01,2017,9,gas,provincia,Tierra del Fuego,promedio_diario,12155.6276333333,Producción de gas promedio diaria por provincia
2017-10,2017-10-01,2017,10,gas,provincia,Chubut,promedio_diario,9522.08945781865,Producción de gas promedio diaria por provincia
2017-10,2017-10-01,2017,10,gas,provincia,Estado Nacional,promedio_diario,13377.1472903226,Producción de gas promedio diaria por provincia
2017-10,2017-10-01,2017,10,gas,provincia,Formosa,promedio_diario,64.4832258064516,Producción de gas promedio diaria por provincia
2017-10,2017-10-01,2017,10,gas,provincia,Jujuy,promedio_diario,9.78096774193548,Producción de gas promedio diaria por provincia
2017-10,2017-10-01,2017,10,gas,provincia,La Pampa,promedio_diario,1711.95348387097,Producción de gas promedio diaria por provincia
2017-10,2017-10-01,2017,10,gas,provincia,La Rioja,promedio_diario,0.0,Producción de gas promedio diaria por provincia
2017-10,2017-10-01,2017,10,gas,provincia,Mendoza,promedio_diario,5053.08124096774,Producción de gas promedio diaria por provincia
2017-10,2017-10-01,2017,10,gas,provincia,Neuquén,promedio_diario,60921.6139032258,Producción de gas promedio diaria por provincia
2017-10,2017-10-01,2017,10,gas,provincia,Rio Negro,promedio_diario,5164.23364516129,Producción de gas promedio diaria por provincia
2017-10,2017-10-01,2017,10,gas,provincia,Salta,promedio_diario,6257.78509677419,Producción de gas promedio diaria por provincia
2017-10,2017-10-01,2017,10,gas,provincia,San Juan,promedio_diario,0.0,Producción de gas promedio diaria por provincia
2017-10,2017-10-01,2017,10,gas,provincia,Santa Cruz,promedio_diario,10447.3321020645,Producción de gas promedio diaria por provincia
2017-10,2017-10-01,2017,10,gas,provincia,Tierra del Fuego,promedio_diario,12292.2759677419,Producción de gas promedio diaria por provincia
2017-11,2017-11-01,2017,11,gas,provincia,Chubut,promedio_diario,9208.48934240757,Producción de gas promedio diaria por provincia
2017-11,2017-11-01,2017,11,gas,provincia,Estado Nacional,promedio_diario,12003.4660666667,Producción de gas promedio diaria por provincia
2017-11,2017-11-01,2017,11,gas,provincia,Formosa,promedio_diario,68.1368333333333,Producción de gas promedio diaria por provincia
2017-11,2017-11-01,2017,11,gas,provincia,Jujuy,promedio_diario,9.15833333333333,Producción de gas promedio diaria por provincia
2017-11,2017-11-01,2017,11,gas,provincia,La Pampa,promedio_diario,1620.85226666667,Producción de gas promedio diaria por provincia
2017-11,2017-11-01,2017,11,gas,provincia,La Rioja,promedio_diario,0.0,Producción de gas promedio diaria por provincia
2017-11,2017-11-01,2017,11,gas,provincia,Mendoza,promedio_diario,4784.41875833333,Producción de gas promedio diaria por provincia
2017-11,2017-11-01,2017,11,gas,provincia,Neuquén,promedio_diario,58010.3261333333,Producción de gas promedio diaria por provincia
2017-11,2017-11-01,2017,11,gas,provincia,Rio Negro,promedio_diario,5210.77416666667,Producción de gas promedio diaria por provincia
2017-11,2017-11-01,2017,11,gas,provincia,Salta,promedio_diario,6181.09706666667,Producción de gas promedio diaria por provincia
2017-11,2017-11-01,2017,11,gas,provincia,San Juan,promedio_diario,0.0,Producción de gas promedio diaria por provincia
2017-11,2017-11-01,2017,11,gas,provincia,Santa Cruz,promedio_diario,10680.7358471333,Producción de gas promedio diaria por provincia
2017-11,2017-11-01,2017,11,gas,provincia,Tierra del Fuego,promedio_diario,11417.3440333333,Producción de gas promedio diaria por provincia
2017-12,2017-12-01,2017,12,gas,provincia,Chubut,promedio_diario,9440.85764281384,Producción de gas promedio diaria por provincia
2017-12,2017-12-01,2017,12,gas,provincia,Estado Nacional,promedio_diario,12952.5887741935,Producción de gas promedio diaria por provincia
2017-12,2017-12-01,2017,12,gas,provincia,Formosa,promedio_diario,66.9857741935484,Producción de gas promedio diaria por provincia
2017-12,2017-12-01,2017,12,gas,provincia,Jujuy,promedio_diario,8.64806451612903,Producción de gas promedio diaria por provincia
2017-12,2017-12-01,2017,12,gas,provincia,La Pampa,promedio_diario,1570.38290322548,Producción de gas promedio diaria por provincia
2017-12,2017-12-01,2017,12,gas,provincia,La Rioja,promedio_diario,0.0,Producción de gas promedio diaria por provincia
2017-12,2017-12-01,2017,12,gas,provincia,Mendoza,promedio_diario,4828.4593870971,Producción de gas promedio diaria por provincia
2017-12,2017-12-01,2017,12,gas,provincia,Neuquén,promedio_diario,59683.3830967742,Producción de gas promedio diaria por provincia
2017-12,2017-12-01,2017,12,gas,provincia,Rio Negro,promedio_diario,5247.98538709677,Producción de gas promedio diaria por provincia
2017-12,2017-12-01,2017,12,gas,provincia,Salta,promedio_diario,6156.57383870968,Producción de gas promedio diaria por provincia
2017-12,2017-12-01,2017,12,gas,provincia,San Juan,promedio_diario,0.0,Producción de gas promedio diaria por provincia
2017-12,2017-12-01,2017,12,gas,provincia,Santa Cruz,promedio_diario,10950.4461512258,Producción de gas promedio diaria por provincia
2017-12,2017-12-01,2017,12,gas,provincia,Tierra del Fuego,promedio_diario,12124.9366451613,Producción de gas promedio diaria por provincia
2018-01,2018-01-01,2018,1,gas,provincia,Chubut,promedio_diario,9399.79312996616,Producción de gas promedio diaria por provincia
2018-01,2018-01-01,2018,1,gas,provincia,Estado Nacional,promedio_diario,13240.8167741935,Producción de gas promedio diaria por provincia
2018-01,2018-01-01,2018,1,gas,provincia,Formosa,promedio_diario,66.3266451612903,Producción de gas promedio diaria por provincia
2018-01,2018-01-01,2018,1,gas,provincia,Jujuy,promedio_diario,9.62290322580645,Producción de gas promedio diaria por provincia
2018-01,2018-01-01,2018,1,gas,provincia,La Pampa,promedio_diario,964.071032258065,Producción de gas promedio diaria por provincia
2018-01,2018-01-01,2018,1,gas,provincia,La Rioja,promedio_diario,0.0,Producción de gas promedio diaria por provincia
2018-01,2018-01-01,2018,1,gas,provincia,Mendoza,promedio_diario,4912.65489258032,Producción de gas promedio diaria por provincia
2018-01,2018-01-01,2018,1,gas,provincia,Neuquén,promedio_diario,61110.7745806452,Producción de gas promedio diaria por provincia
2018-01,2018-01-01,2018,1,gas,provincia,Rio Negro,promedio_diario,5347.10032258064,Producción de gas promedio diaria por provincia
2018-01,2018-01-01,2018,1,gas,provincia,Salta,promedio_diario,6088.0165483871,Producción de gas promedio diaria por provincia
2018-01,2018-01-01,2018,1,gas,provincia,San Juan,promedio_diario,0.0,Producción de gas promedio diaria por provincia
2018-01,2018-01-01,2018,1,gas,provincia,Santa Cruz,promedio_diario,10630.5505677419,Producción de gas promedio diaria por provincia
2018-01,2018-01-01,2018,1,gas,provincia,Tierra del Fuego,promedio_diario,12275.1077741935,Producción de gas promedio diaria por provincia
2018-02,2018-02-01,2018,2,gas,provincia,Chubut,promedio_diario,9084.13564285714,Producción de gas promedio diaria por provincia
2018-02,2018-02-01,2018,2,gas,provincia,Estado Nacional,promedio_diario,13504.1317857143,Producción de gas promedio diaria por provincia
2018-02,2018-02-01,2018,2,gas,provincia,Formosa,promedio_diario,65.7918928571429,Producción de gas promedio diaria por provincia
2018-02,2018-02-01,2018,2,gas,provincia,Jujuy,promedio_diario,10.6039285714286,Producción de gas promedio diaria por provincia
2018-02,2018-02-01,2018,2,gas,provincia,La Pampa,promedio_diario,966.899285714286,Producción de gas promedio diaria por provincia
2018-02,2018-02-01,2018,2,gas,provincia,La Rioja,promedio_diario,0.0,Producción de gas promedio diaria por provincia
2018-02,2018-02-01,2018,2,gas,provincia,Mendoza,promedio_diario,4948.38389464286,Producción de gas promedio diaria por provincia
2018-02,2018-02-01,2018,2,gas,provincia,Neuquén,promedio_diario,63824.7241392857,Producción de gas promedio diaria por provincia
2018-02,2018-02-01,2018,2,gas,provincia,Rio Negro,promedio_diario,5227.98346428571,Producción de gas promedio diaria por provincia
2018-02,2018-02-01,2018,2,gas,provincia,Salta,promedio_diario,5850.82089285714,Producción de gas promedio diaria por provincia
2018-02,2018-02-01,2018,2,gas,provincia,San Juan,promedio_diario,0.0,Producción de gas promedio diaria por provincia
2018-02,2018-02-01,2018,2,gas,provincia,Santa Cruz,promedio_diario,10038.024369,Producción de gas promedio diaria por provincia
2018-02,2018-02-01,2018,2,gas,provincia,Tierra del Fuego,promedio_diario,11317.3276071429,Producción de gas promedio diaria por provincia
2018-03,2018-03-01,2018,3,gas,provincia,Chubut,promedio_diario,9252.57335483871,Producción de gas promedio diaria por provincia
2018-03,2018-03-01,2018,3,gas,provincia,Estado Nacional,promedio_diario,14134.5870967742,Producción de gas promedio diaria por provincia
2018-03,2018-03-01,2018,3,gas,provincia,Formosa,promedio_diario,60.1914516129032,Producción de gas promedio diaria por provincia
2018-03,2018-03-01,2018,3,gas,provincia,Jujuy,promedio_diario,10.8245161290323,Producción de gas promedio diaria por provincia
2018-03,2018-03-01,2018,3,gas,provincia,La Pampa,promedio_diario,955.619483870968,Producción de gas promedio diaria por provincia
2018-03,2018-03-01,2018,3,gas,provincia,La Rioja,promedio_diario,0.0,Producción de gas promedio diaria por provincia
2018-03,2018-03-01,2018,3,gas,provincia,Mendoza,promedio_diario,4959.01236677419,Producción de gas promedio diaria por provincia
2018-03,2018-03-01,2018,3,gas,provincia,Neuquén,promedio_diario,64215.8095483871,Producción de gas promedio diaria por provincia
2018-03,2018-03-01,2018,3,gas,provincia,Rio Negro,promedio_diario,5455.39187096774,Producción de gas promedio diaria por provincia
2018-03,2018-03-01,2018,3,gas,provincia,Salta,promedio_diario,5711.99983870968,Producción de gas promedio diaria por provincia
2018-03,2018-03-01,2018,3,gas,provincia,San Juan,promedio_diario,0.0,Producción de gas promedio diaria por provincia
2018-03,2018-03-01,2018,3,gas,provincia,Santa Cruz,promedio_diario,10358.1060487742,Producción de gas promedio diaria por provincia
2018-03,2018-03-01,2018,3,gas,provincia,Tierra del Fuego,promedio_diario,10753.7760967742,Producción de gas promedio diaria por provincia
2018-04,2018-04-01,2018,4,gas,provincia,Chubut,promedio_diario,9238.5304,Producción de gas promedio diaria por provincia
2018-04,2018-04-01,2018,4,gas,provincia,Estado Nacional,promedio_diario,14064.4371,Producción de gas promedio diaria por provincia
2018-04,2018-04-01,2018,4,gas,provincia,Formosa,promedio_diario,62.7869333333333,Producción de gas promedio diaria por provincia
2018-04,2018-04-01,2018,4,gas,provincia,Jujuy,promedio_diario,10.9883333333333,Producción de gas promedio diaria por provincia
2018-04,2018-04-01,2018,4,gas,provincia,La Pampa,promedio_diario,897.709266666667,Producción de gas promedio diaria por provincia
2018-04,2018-04-01,2018,4,gas,provincia,La Rioja,promedio_diario,0.0,Producción de gas promedio diaria por provincia
2018-04,2018-04-01,2018,4,gas,provincia,Mendoza,promedio_diario,4810.899642667,Producción de gas promedio diaria por provincia
2018-04,2018-04-01,2018,4,gas,provincia,Neuquén,promedio_diario,66255.7596333333,Producción de gas promedio diaria por provincia
2018-04,2018-04-01,2018,4,gas,provincia,Rio Negro,promedio_diario,5951.04346666667,Producción de gas promedio diaria por provincia
2018-04,2018-04-01,2018,4,gas,provincia,Salta,promedio_diario,5541.12666666667,Producción de gas promedio diaria por provincia
2018-04,2018-04-01,2018,4,gas,provincia,San Juan,promedio_diario,0.0,Producción de gas promedio diaria por provincia
2018-04,2018-04-01,2018,4,gas,provincia,Santa Cruz,promedio_diario,10583.1968023,Producción de gas promedio diaria por provincia
2018-04,2018-04-01,2018,4,gas,provincia,Tierra del Fuego,promedio_diario,11832.3502333333,Producción de gas promedio diaria por provincia
2018-05,2018-05-01,2018,5,gas,provincia,Chubut,promedio_diario,8909.43967741936,Producción de gas promedio diaria por provincia
2018-05,2018-05-01,2018,5,gas,provincia,Estado Nacional,promedio_diario,14093.0610967742,Producción de gas promedio diaria por provincia
2018-05,2018-05-01,2018,5,gas,provincia,Formosa,promedio_diario,60.8075161290323,Producción de gas promedio diaria por provincia
2018-05,2018-05-01,2018,5,gas,provincia,Jujuy,promedio_diario,9.56870967741935,Producción de gas promedio diaria por provincia
2018-05,2018-05-01,2018,5,gas,provincia,La Pampa,promedio_diario,908.581451612903,Producción de gas promedio diaria por provincia
2018-05,2018-05-01,2018,5,gas,provincia,La Rioja,promedio_diario,0.0,Producción de gas promedio diaria por provincia
2018-05,2018-05-01,2018,5,gas,provincia,Mendoza,promedio_diario,4805.70440000032,Producción de gas promedio diaria por provincia
2018-05,2018-05-01,2018,5,gas,provincia,Neuquén,promedio_diario,64297.6310322581,Producción de gas promedio diaria por provincia
2018-05,2018-05-01,2018,5,gas,provincia,Rio Negro,promedio_diario,5953.82129032258,Producción de gas promedio diaria por provincia
2018-05,2018-05-01,2018,5,gas,provincia,Salta,promedio_diario,5790.33587096774,Producción de gas promedio diaria por provincia
2018-05,2018-05-01,2018,5,gas,provincia,San Juan,promedio_diario,0.0,Producción de gas promedio diaria por provincia
2018-05,2018-05-01,2018,5,gas,provincia,Santa Cruz,promedio_diario,10798.4667746129,Producción de gas promedio diaria por provincia
2018-05,2018-05-01,2018,5,gas,provincia,Tierra del Fuego,promedio_diario,11646.1041290323,Producción de gas promedio diaria por provincia
2018-06,2018-06-01,2018,6,gas,provincia,Chubut,promedio_diario,8993.12206666667,Producción de gas promedio diaria por provincia
2018-06,2018-06-01,2018,6,gas,provincia,Estado Nacional,promedio_diario,14218.2696666667,Producción de gas promedio diaria por provincia
2018-06,2018-06-01,2018,6,gas,provincia,Formosa,promedio_diario,57.4767666666667,Producción de gas promedio diaria por provincia
2018-06,2018-06-01,2018,6,gas,provincia,Jujuy,promedio_diario,10.5413333333333,Producción de gas promedio diaria por provincia
2018-06,2018-06-01,2018,6,gas,provincia,La Pampa,promedio_diario,903.868466666667,Producción de gas promedio diaria por provincia
2018-06,2018-06-01,2018,6,gas,provincia,La Rioja,promedio_diario,0.0,Producción de gas promedio diaria por provincia
2018-06,2018-06-01,2018,6,gas,provincia,Mendoza,promedio_diario,4776.24549766667,Producción de gas promedio diaria por provincia
2018-06,2018-06-01,2018,6,gas,provincia,Neuquén,promedio_diario,68594.3994,Producción de gas promedio diaria por provincia
2018-06,2018-06-01,2018,6,gas,provincia,Rio Negro,promedio_diario,5886.34036666667,Producción de gas promedio diaria por provincia
2018-06,2018-06-01,2018,6,gas,provincia,Salta,promedio_diario,5800.6015,Producción de gas promedio diaria por provincia
2018-06,2018-06-01,2018,6,gas,provincia,San Juan,promedio_diario,0.0,Producción de gas promedio diaria por provincia
2018-06,2018-06-01,2018,6,gas,provincia,Santa Cruz,promedio_diario,11072.2395247333,Producción de gas promedio diaria por provincia
2018-06,2018-06-01,2018,6,gas,provincia,Tierra del Fuego,promedio_diario,11916.2486666667,Producción de gas promedio diaria por provincia
2018-07,2018-07-01,2018,7,gas,provincia,Chubut,promedio_diario,9197.153,Producción de gas promedio diaria por provincia
2018-07,2018-07-01,2018,7,gas,provincia,Estado Nacional,promedio_diario,14069.0287096774,Producción de gas promedio diaria por provincia
2018-07,2018-07-01,2018,7,gas,provincia,Formosa,promedio_diario,58.2557096774194,Producción de gas promedio diaria por provincia
2018-07,2018-07-01,2018,7,gas,provincia,Jujuy,promedio_diario,9.59096774193548,Producción de gas promedio diaria por provincia
2018-07,2018-07-01,2018,7,gas,provincia,La Pampa,promedio_diario,876.065806451613,Producción de gas promedio diaria por provincia
2018-07,2018-07-01,2018,7,gas,provincia,La Rioja,promedio_diario,0.0,Producción de gas promedio diaria por provincia
2018-07,2018-07-01,2018,7,gas,provincia,Mendoza,promedio_diario,4786.51832451645,Producción de gas promedio diaria por provincia
2018-07,2018-07-01,2018,7,gas,provincia,Neuquén,promedio_diario,68121.7933225806,Producción de gas promedio diaria por provincia
2018-07,2018-07-01,2018,7,gas,provincia,Rio Negro,promedio_diario,5889.63335483871,Producción de gas promedio diaria por provincia
2018-07,2018-07-01,2018,7,gas,provincia,Salta,promedio_diario,5788.97293548387,Producción de gas promedio diaria por provincia
2018-07,2018-07-01,2018,7,gas,provincia,San Juan,promedio_diario,0.0,Producción de gas promedio diaria por provincia
2018-07,2018-07-01,2018,7,gas,provincia,Santa Cruz,promedio_diario,11332.9572439032,Producción de gas promedio diaria por provincia
2018-07,2018-07-01,2018,7,gas,provincia,Tierra del Fuego,promedio_diario,12010.6191935484,Producción de gas promedio diaria por provincia
2018-08,2018-08-01,2018,8,gas,provincia,Chubut,promedio_diario,9005.58890322581,Producción de gas promedio diaria por provincia
2018-08,2018-08-01,2018,8,gas,provincia,Estado Nacional,promedio_diario,13922.0490322581,Producción de gas promedio diaria por provincia
2018-08,2018-08-01,2018,8,gas,provincia,Formosa,promedio_diario,60.5414193548387,Producción de gas promedio diaria por provincia
2018-08,2018-08-01,2018,8,gas,provincia,Jujuy,promedio_diario,10.0845161290323,Producción de gas promedio diaria por provincia
2018-08,2018-08-01,2018,8,gas,provincia,La Pampa,promedio_diario,855.378387096774,Producción de gas promedio diaria por provincia
2018-08,2018-08-01,2018,8,gas,provincia,La Rioja,promedio_diario,0.0,Producción de gas promedio diaria por provincia
2018-08,2018-08-01,2018,8,gas,provincia,Mendoza,promedio_diario,4723.83616451581,Producción de gas promedio diaria por provincia
2018-08,2018-08-01,2018,8,gas,provincia,Neuquén,promedio_diario,69792.1215806452,Producción de gas promedio diaria por provincia
2018-08,2018-08-01,2018,8,gas,provincia,Rio Negro,promedio_diario,5814.15777419355,Producción de gas promedio diaria por provincia
2018-08,2018-08-01,2018,8,gas,provincia,Salta,promedio_diario,5803.03129032258,Producción de gas promedio diaria por provincia
2018-08,2018-08-01,2018,8,gas,provincia,San Juan,promedio_diario,0.0,Producción de gas promedio diaria por provincia
2018-08,2018-08-01,2018,8,gas,provincia,Santa Cruz,promedio_diario,11706.3340570323,Producción de gas promedio diaria por provincia
2018-08,2018-08-01,2018,8,gas,provincia,Tierra del Fuego,promedio_diario,12112.3960645161,Producción de gas promedio diaria por provincia
2018-09,2018-09-01,2018,9,gas,provincia,Chubut,promedio_diario,9157.48163333333,Producción de gas promedio diaria por provincia
2018-09,2018-09-01,2018,9,gas,provincia,Estado Nacional,promedio_diario,13695.665,Producción de gas promedio diaria por provincia
2018-09,2018-09-01,2018,9,gas,provincia,Formosa,promedio_diario,54.3092,Producción de gas promedio diaria por provincia
2018-09,2018-09-01,2018,9,gas,provincia,Jujuy,promedio_diario,9.26533333333333,Producción de gas promedio diaria por provincia
2018-09,2018-09-01,2018,9,gas,provincia,La Pampa,promedio_diario,875.066666666667,Producción de gas promedio diaria por provincia
2018-09,2018-09-01,2018,9,gas,provincia,Mendoza,promedio_diario,4596.54326666667,Producción de gas promedio diaria por provincia
2018-09,2018-09-01,2018,9,gas,provincia,Neuquén,promedio_diario,68218.7934333333,Producción de gas promedio diaria por provincia
2018-09,2018-09-01,2018,9,gas,provincia,Rio Negro,promedio_diario,5939.5493,Producción de gas promedio diaria por provincia
2018-09,2018-09-01,2018,9,gas,provincia,Salta,promedio_diario,5673.50143333333,Producción de gas promedio diaria por provincia
2018-09,2018-09-01,2018,9,gas,provincia,San Juan,promedio_diario,0.0,Producción de gas promedio diaria por provincia
2018-09,2018-09-01,2018,9,gas,provincia,Santa Cruz,promedio_diario,11890.1762055667,Producción de gas promedio diaria por provincia
2018-09,2018-09-01,2018,9,gas,provincia,Tierra del Fuego,promedio_diario,11689.8208,Producción de gas promedio diaria por provincia
2018-10,2018-10-01,2018,10,gas,provincia,Chubut,promedio_diario,8601.81304580645,Producción de gas promedio diaria por provincia
2018-10,2018-10-01,2018,10,gas,provincia,Estado Nacional,promedio_diario,13882.5822580645,Producción de gas promedio diaria por provincia
2018-10,2018-10-01,2018,10,gas,provincia,Formosa,promedio_diario,46.8212258064516,Producción de gas promedio diaria por provincia
2018-10,2018-10-01,2018,10,gas,provincia,Jujuy,promedio_diario,9.53322580645161,Producción de gas promedio diaria por provincia
2018-10,2018-10-01,2018,10,gas,provincia,La Pampa,promedio_diario,899.151161290323,Producción de gas promedio diaria por provincia
2018-10,2018-10-01,2018,10,gas,provincia,Mendoza,promedio_diario,4590.80409774194,Producción de gas promedio diaria por provincia
2018-10,2018-10-01,2018,10,gas,provincia,Neuquén,promedio_diario,69370.0130645161,Producción de gas promedio diaria por provincia
2018-10,2018-10-01,2018,10,gas,provincia,Rio Negro,promedio_diario,5648.9844516129,Producción de gas promedio diaria por provincia
2018-10,2018-10-01,2018,10,gas,provincia,Salta,promedio_diario,5610.06964516129,Producción de gas promedio diaria por provincia
2018-10,2018-10-01,2018,10,gas,provincia,San Juan,promedio_diario,0.0,Producción de gas promedio diaria por provincia
2018-10,2018-10-01,2018,10,gas,provincia,Santa Cruz,promedio_diario,12092.0402661935,Producción de gas promedio diaria por provincia
2018-10,2018-10-01,2018,10,gas,provincia,Tierra del Fuego,promedio_diario,11612.9908387097,Producción de gas promedio diaria por provincia
2018-11,2018-11-01,2018,11,gas,provincia,Chubut,promedio_diario,8927.589,Producción de gas promedio diaria por provincia
2018-11,2018-11-01,2018,11,gas,provincia,Estado Nacional,promedio_diario,8875.33533333333,Producción de gas promedio diaria por provincia
2018-11,2018-11-01,2018,11,gas,provincia,Formosa,promedio_diario,46.7429,Producción de gas promedio diaria por provincia
2018-11,2018-11-01,2018,11,gas,provincia,Jujuy,promedio_diario,9.745,Producción de gas promedio diaria por provincia
2018-11,2018-11-01,2018,11,gas,provincia,La Pampa,promedio_diario,966.924333333333,Producción de gas promedio diaria por provincia
2018-11,2018-11-01,2018,11,gas,provincia,Mendoza,promedio_diario,4526.70297300033,Producción de gas promedio diaria por provincia
2018-11,2018-11-01,2018,11,gas,provincia,Neuquén,promedio_diario,67756.6068333333,Producción de gas promedio diaria por provincia
2018-11,2018-11-01,2018,11,gas,provincia,Rio Negro,promedio_diario,5520.31116666667,Producción de gas promedio diaria por provincia
2018-11,2018-11-01,2018,11,gas,provincia,Salta,promedio_diario,5523.36046666667,Producción de gas promedio diaria por provincia
2018-11,2018-11-01,2018,11,gas,provincia,San Juan,promedio_diario,0.0,Producción de gas promedio diaria por provincia
2018-11,2018-11-01,2018,11,gas,provincia,Santa Cruz,promedio_diario,11903.5818001,Producción de gas promedio diaria por provincia
2018-11,2018-11-01,2018,11,gas,provincia,Tierra del Fuego,promedio_diario,9172.6067,Producción de gas promedio diaria por provincia
2018-12,2018-12-01,2018,12,gas,provincia,Chubut,promedio_diario,8845.09232258065,Producción de gas promedio diaria por provincia
2018-12,2018-12-01,2018,12,gas,provincia,Estado Nacional,promedio_diario,12303.7980645161,Producción de gas promedio diaria por provincia
2018-12,2018-12-01,2018,12,gas,provincia,Formosa,promedio_diario,59.8125806451613,Producción de gas promedio diaria por provincia
2018-12,2018-12-01,2018,12,gas,provincia,Jujuy,promedio_diario,8.84645161290323,Producción de gas promedio diaria por provincia
2018-12,2018-12-01,2018,12,gas,provincia,La Pampa,promedio_diario,816.014193548387,Producción de gas promedio diaria por provincia
2018-12,2018-12-01,2018,12,gas,provincia,Mendoza,promedio_diario,4192.38286258097,Producción de gas promedio diaria por provincia
2018-12,2018-12-01,2018,12,gas,provincia,Neuquén,promedio_diario,67804.9729354839,Producción de gas promedio diaria por provincia
2018-12,2018-12-01,2018,12,gas,provincia,Rio Negro,promedio_diario,5467.71803225806,Producción de gas promedio diaria por provincia
2018-12,2018-12-01,2018,12,gas,provincia,Salta,promedio_diario,5340.22241935484,Producción de gas promedio diaria por provincia
2018-12,2018-12-01,2018,12,gas,provincia,San Juan,promedio_diario,0.0,Producción de gas promedio diaria por provincia
2018-12,2018-12-01,2018,12,gas,provincia,Santa Cruz,promedio_diario,12467.7354946774,Producción de gas promedio diaria por provincia
2018-12,2018-12-01,2018,12,gas,provincia,Tierra del Fuego,promedio_diario,11415.5163548387,Producción de gas promedio diaria por provincia
2019-01,2019-01-01,2019,1,gas,provincia,Chubut,promedio_diario,8720.76773225806,Producción de gas promedio diaria por provincia
2019-01,2019-01-01,2019,1,gas,provincia,Estado Nacional,promedio_diario,12471.1883870968,Producción de gas promedio diaria por provincia
2019-01,2019-01-01,2019,1,gas,provincia,Formosa,promedio_diario,62.6238709677419,Producción de gas promedio diaria por provincia
2019-01,2019-01-01,2019,1,gas,provincia,Jujuy,promedio_diario,9.15548387096774,Producción de gas promedio diaria por provincia
2019-01,2019-01-01,2019,1,gas,provincia,La Pampa,promedio_diario,658.63,Producción de gas promedio diaria por provincia
2019-01,2019-01-01,2019,1,gas,provincia,Mendoza,promedio_diario,4085.03086677452,Producción de gas promedio diaria por provincia
2019-01,2019-01-01,2019,1,gas,provincia,Neuquén,promedio_diario,69000.2627419355,Producción de gas promedio diaria por provincia
2019-01,2019-01-01,2019,1,gas,provincia,Rio Negro,promedio_diario,5743.72093548387,Producción de gas promedio diaria por provincia
2019-01,2019-01-01,2019,1,gas,provincia,Salta,promedio_diario,5196.56319354839,Producción de gas promedio diaria por provincia
2019-01,2019-01-01,2019,1,gas,provincia,San Juan,promedio_diario,0.0,Producción de gas promedio diaria por provincia
2019-01,2019-01-01,2019,1,gas,provincia,Santa Cruz,promedio_diario,12016.3190469032,Producción de gas promedio diaria por provincia
2019-01,2019-01-01,2019,1,gas,provincia,Tierra del Fuego,promedio_diario,11074.2684516129,Producción de gas promedio diaria por provincia
2019-02,2019-02-01,2019,2,gas,provincia,Chubut,promedio_diario,8885.02410714286,Producción de gas promedio diaria por provincia
2019-02,2019-02-01,2019,2,gas,provincia,Estado Nacional,promedio_diario,13206.8414285714,Producción de gas promedio diaria por provincia
2019-02,2019-02-01,2019,2,gas,provincia,Formosa,promedio_diario,54.3660714285714,Producción de gas promedio diaria por provincia
2019-02,2019-02-01,2019,2,gas,provincia,Jujuy,promedio_diario,9.27107142857143,Producción de gas promedio diaria por provincia
2019-02,2019-02-01,2019,2,gas,provincia,La Pampa,promedio_diario,751.843214285714,Producción de gas promedio diaria por provincia
2019-02,2019-02-01,2019,2,gas,provincia,Mendoza,promedio_diario,4299.02539107214,Producción de gas promedio diaria por provincia
2019-02,2019-02-01,2019,2,gas,provincia,Neuquén,promedio_diario,73498.6529642857,Producción de gas promedio diaria por provincia
2019-02,2019-02-01,2019,2,gas,provincia,Rio Negro,promedio_diario,5869.39103571429,Producción de gas promedio diaria por provincia
2019-02,2019-02-01,2019,2,gas,provincia,Salta,promedio_diario,5091.31996428571,Producción de gas promedio diaria por provincia
2019-02,2019-02-01,2019,2,gas,provincia,San Juan,promedio_diario,0.0,Producción de gas promedio diaria por provincia
2019-02,2019-02-01,2019,2,gas,provincia,Santa Cruz,promedio_diario,11949.2259161786,Producción de gas promedio diaria por provincia
2019-02,2019-02-01,2019,2,gas,provincia,Tierra del Fuego,promedio_diario,11048.6151428571,Producción de gas promedio diaria por provincia
2019-03,2019-03-01,2019,3,gas,provincia,Chubut,promedio_diario,8978.3545483871,Producción de gas promedio diaria por provincia
2019-03,2019-03-01,2019,3,gas,provincia,Estado Nacional,promedio_diario,13445.404516129,Producción de gas promedio diaria por provincia
2019-03,2019-03-01,2019,3,gas,provincia,Formosa,promedio_diario,62.341935483871,Producción de gas promedio diaria por provincia
2019-03,2019-03-01,2019,3,gas,provincia,Jujuy,promedio_diario,9.08887096774193,Producción de gas promedio diaria por provincia
2019-03,2019-03-01,2019,3,gas,provincia,La Pampa,promedio_diario,771.303548387097,Producción de gas promedio diaria por provincia
2019-03,2019-03-01,2019,3,gas,provincia,Mendoza,promedio_diario,4053.89128032226,Producción de gas promedio diaria por provincia
2019-03,2019-03-01,2019,3,gas,provincia,Neuquén,promedio_diario,68231.5082258065,Producción de gas promedio diaria por provincia
2019-03,2019-03-01,2019,3,gas,provincia,Rio Negro,promedio_diario,5797.93909677419,Producción de gas promedio diaria por provincia
2019-03,2019-03-01,2019,3,gas,provincia,Salta,promedio_diario,5015.2504516129,Producción de gas promedio diaria por provincia
2019-03,2019-03-01,2019,3,gas,provincia,San Juan,promedio_diario,0.0,Producción de gas promedio diaria por provincia
2019-03,2019-03-01,2019,3,gas,provincia,Santa Cruz,promedio_diario,12495.0273216774,Producción de gas promedio diaria por provincia
2019-03,2019-03-01,2019,3,gas,provincia,Tierra del Fuego,promedio_diario,10627.1260967742,Producción de gas promedio diaria por provincia
2019-04,2019-04-01,2019,4,gas,provincia,Chubut,promedio_diario,8920.1144,Producción de gas promedio diaria por provincia
2019-04,2019-04-01,2019,4,gas,provincia,Estado Nacional,promedio_diario,14304.9473333333,Producción de gas promedio diaria por provincia
2019-04,2019-04-01,2019,4,gas,provincia,Formosa,promedio_diario,60.891,Producción de gas promedio diaria por provincia
2019-04,2019-04-01,2019,4,gas,provincia,Jujuy,promedio_diario,9.20266666666667,Producción de gas promedio diaria por provincia
2019-04,2019-04-01,2019,4,gas,provincia,La Pampa,promedio_diario,732.3841,Producción de gas promedio diaria por provincia
2019-04,2019-04-01,2019,4,gas,provincia,Mendoza,promedio_diario,3924.01821,Producción de gas promedio diaria por provincia
2019-04,2019-04-01,2019,4,gas,provincia,Neuquén,promedio_diario,70451.8150333333,Producción de gas promedio diaria por provincia
2019-04,2019-04-01,2019,4,gas,provincia,Rio Negro,promedio_diario,5836.95033333333,Producción de gas promedio diaria por provincia
2019-04,2019-04-01,2019,4,gas,provincia,Salta,promedio_diario,5071.1004,Producción de gas promedio diaria por provincia
2019-04,2019-04-01,2019,4,gas,provincia,San Juan,promedio_diario,0.0,Producción de gas promedio diaria por provincia
2019-04,2019-04-01,2019,4,gas,provincia,Santa Cruz,promedio_diario,12599.5339870333,Producción de gas promedio diaria por provincia
2019-04,2019-04-01,2019,4,gas,provincia,Tierra del Fuego,promedio_diario,9716.7933,Producción de gas promedio diaria por provincia
2019-05,2019-05-01,2019,5,gas,provincia,Chubut,promedio_diario,8815.40822580645,Producción de gas promedio diaria por provincia
2019-05,2019-05-01,2019,5,gas,provincia,Estado Nacional,promedio_diario,15321.2283870968,Producción de gas promedio diaria por provincia
2019-05,2019-05-01,2019,5,gas,provincia,Formosa,promedio_diario,49.2096774193548,Producción de gas promedio diaria por provincia
2019-05,2019-05-01,2019,5,gas,provincia,Jujuy,promedio_diario,8.75903225806452,Producción de gas promedio diaria por provincia
2019-05,2019-05-01,2019,5,gas,provincia,La Pampa,promedio_diario,904.484677419355,Producción de gas promedio diaria por provincia
2019-05,2019-05-01,2019,5,gas,provincia,Mendoza,promedio_diario,3738.62512133623,Producción de gas promedio diaria por provincia
2019-05,2019-05-01,2019,5,gas,provincia,Neuquén,promedio_diario,74057.0023548387,Producción de gas promedio diaria por provincia
2019-05,2019-05-01,2019,5,gas,provincia,Rio Negro,promedio_diario,6110.67538709677,Producción de gas promedio diaria por provincia
2019-05,2019-05-01,2019,5,gas,provincia,Salta,promedio_diario,5050.84593548387,Producción de gas promedio diaria por provincia
2019-05,2019-05-01,2019,5,gas,provincia,Santa Cruz,promedio_diario,12470.6596941977,Producción de gas promedio diaria por provincia
2019-05,2019-05-01,2019,5,gas,provincia,Tierra del Fuego,promedio_diario,10433.7201612903,Producción de gas promedio diaria por provincia
2019-06,2019-06-01,2019,6,gas,provincia,Chubut,promedio_diario,8954.237,Producción de gas promedio diaria por provincia
2019-06,2019-06-01,2019,6,gas,provincia,Estado Nacional,promedio_diario,15331.8146666667,Producción de gas promedio diaria por provincia
2019-06,2019-06-01,2019,6,gas,provincia,Formosa,promedio_diario,61.7605666666667,Producción de gas promedio diaria por provincia
2019-06,2019-06-01,2019,6,gas,provincia,Jujuy,promedio_diario,9.75616666666667,Producción de gas promedio diaria por provincia
2019-06,2019-06-01,2019,6,gas,provincia,La Pampa,promedio_diario,939.616033333333,Producción de gas promedio diaria por provincia
2019-06,2019-06-01,2019,6,gas,provincia,Mendoza,promedio_diario,3759.864987,Producción de gas promedio diaria por provincia
2019-06,2019-06-01,2019,6,gas,provincia,Neuquén,promedio_diario,76832.2482666667,Producción de gas promedio diaria por provincia
2019-06,2019-06-01,2019,6,gas,provincia,Rio Negro,promedio_diario,6101.69203333333,Producción de gas promedio diaria por provincia
2019-06,2019-06-01,2019,6,gas,provincia,Salta,promedio_diario,5028.38463333333,Producción de gas promedio diaria por provincia
2019-06,2019-06-01,2019,6,gas,provincia,Santa Cruz,promedio_diario,12341.0557571667,Producción de gas promedio diaria por provincia
2019-06,2019-06-01,2019,6,gas,provincia,Tierra del Fuego,promedio_diario,10635.2516666667,Producción de gas promedio diaria por provincia
2019-07,2019-07-01,2019,7,gas,provincia,Chubut,promedio_diario,8951.56551612903,Producción de gas promedio diaria por provincia
2019-07,2019-07-01,2019,7,gas,provincia,Estado Nacional,promedio_diario,16051.7119354839,Producción de gas promedio diaria por provincia
2019-07,2019-07-01,2019,7,gas,provincia,Formosa,promedio_diario,58.2216129032258,Producción de gas promedio diaria por provincia
2019-07,2019-07-01,2019,7,gas,provincia,Jujuy,promedio_diario,9.64258064516129,Producción de gas promedio diaria por provincia
2019-07,2019-07-01,2019,7,gas,provincia,La Pampa,promedio_diario,942.611290322581,Producción de gas promedio diaria por provincia
2019-07,2019-07-01,2019,7,gas,provincia,Mendoza,promedio_diario,3717.15847354871,Producción de gas promedio diaria por provincia
2019-07,2019-07-01,2019,7,gas,provincia,Neuquén,promedio_diario,80337.4734516129,Producción de gas promedio diaria por provincia
2019-07,2019-07-01,2019,7,gas,provincia,Rio Negro,promedio_diario,6287.5024516129,Producción de gas promedio diaria por provincia
2019-07,2019-07-01,2019,7,gas,provincia,Salta,promedio_diario,4925.035,Producción de gas promedio diaria por provincia
2019-07,2019-07-01,2019,7,gas,provincia,Santa Cruz,promedio_diario,12274.4963353226,Producción de gas promedio diaria por provincia
2019-07,2019-07-01,2019,7,gas,provincia,Tierra del Fuego,promedio_diario,10863.1080645161,Producción de gas promedio diaria por provincia
2019-08,2019-08-01,2019,8,gas,provincia,Chubut,promedio_diario,8836.85688699655,Producción de gas promedio diaria por provincia
2019-08,2019-08-01,2019,8,gas,provincia,Estado Nacional,promedio_diario,15924.8877419355,Producción de gas promedio diaria por provincia
2019-08,2019-08-01,2019,8,gas,provincia,Formosa,promedio_diario,54.5258064516129,Producción de gas promedio diaria por provincia
2019-08,2019-08-01,2019,8,gas,provincia,Jujuy,promedio_diario,9.85225806451613,Producción de gas promedio diaria por provincia
2019-08,2019-08-01,2019,8,gas,provincia,La Pampa,promedio_diario,985.858322580645,Producción de gas promedio diaria por provincia
2019-08,2019-08-01,2019,8,gas,provincia,Mendoza,promedio_diario,3794.95606516129,Producción de gas promedio diaria por provincia
2019-08,2019-08-01,2019,8,gas,provincia,Neuquén,promedio_diario,80426.5627476462,Producción de gas promedio diaria por provincia
2019-08,2019-08-01,2019,8,gas,provincia,Rio Negro,promedio_diario,6402.877,Producción de gas promedio diaria por provincia
2019-08,2019-08-01,2019,8,gas,provincia,Salta,promedio_diario,4891.40396774194,Producción de gas promedio diaria por provincia
2019-08,2019-08-01,2019,8,gas,provincia,Santa Cruz,promedio_diario,12878.5440361613,Producción de gas promedio diaria por provincia
2019-08,2019-08-01,2019,8,gas,provincia,Tierra del Fuego,promedio_diario,10216.4873870968,Producción de gas promedio diaria por provincia
2019-09,2019-09-01,2019,9,gas,provincia,Chubut,promedio_diario,8523.00666995713,Producción de gas promedio diaria por provincia
2019-09,2019-09-01,2019,9,gas,provincia,Estado Nacional,promedio_diario,14535.6783333333,Producción de gas promedio diaria por provincia
2019-09,2019-09-01,2019,9,gas,provincia,Formosa,promedio_diario,55.9423333333333,Producción de gas promedio diaria por provincia
2019-09,2019-09-01,2019,9,gas,provincia,Jujuy,promedio_diario,8.78166666666667,Producción de gas promedio diaria por provincia
2019-09,2019-09-01,2019,9,gas,provincia,La Pampa,promedio_diario,914.115333333333,Producción de gas promedio diaria por provincia
2019-09,2019-09-01,2019,9,gas,provincia,Mendoza,promedio_diario,3654.65873433341,Producción de gas promedio diaria por provincia
2019-09,2019-09-01,2019,9,gas,provincia,Neuquén,promedio_diario,75472.1434583207,Producción de gas promedio diaria por provincia
2019-09,2019-09-01,2019,9,gas,provincia,Rio Negro,promedio_diario,6286.10523333333,Producción de gas promedio diaria por provincia
2019-09,2019-09-01,2019,9,gas,provincia,Salta,promedio_diario,4871.29236666667,Producción de gas promedio diaria por provincia
2019-09,2019-09-01,2019,9,gas,provincia,Santa Cruz,promedio_diario,12948.3350591667,Producción de gas promedio diaria por provincia
2019-09,2019-09-01,2019,9,gas,provincia,Tierra del Fuego,promedio_diario,10673.1257,Producción de gas promedio diaria por provincia
2019-10,2019-10-01,2019,10,gas,provincia,Chubut,promedio_diario,8563.53443257168,Producción de gas promedio diaria por provincia
2019-10,2019-10-01,2019,10,gas,provincia,Estado Nacional,promedio_diario,15295.0393548387,Producción de gas promedio diaria por provincia
2019-10,2019-10-01,2019,10,gas,provincia,Formosa,promedio_diario,58.0770967741935,Producción de gas promedio diaria por provincia
2019-10,2019-10-01,2019,10,gas,provincia,Jujuy,promedio_diario,9.47354838709678,Producción de gas promedio diaria por provincia
2019-10,2019-10-01,2019,10,gas,provincia,La Pampa,promedio_diario,924.088709677419,Producción de gas promedio diaria por provincia
2019-10,2019-10-01,2019,10,gas,provincia,Mendoza,promedio_diario,3351.00885580613,Producción de gas promedio diaria por provincia
2019-10,2019-10-01,2019,10,gas,provincia,Neuquén,promedio_diario,78224.3375806452,Producción de gas promedio diaria por provincia
2019-10,2019-10-01,2019,10,gas,provincia,Rio Negro,promedio_diario,6117.27096774194,Producción de gas promedio diaria por provincia
2019-10,2019-10-01,2019,10,gas,provincia,Salta,promedio_diario,4920.30893548387,Producción de gas promedio diaria por provincia
2019-10,2019-10-01,2019,10,gas,provincia,Santa Cruz,promedio_diario,12807.9308977097,Producción de gas promedio diaria por provincia
2019-10,2019-10-01,2019,10,gas,provincia,Tierra del Fuego,promedio_diario,9629.78441935484,Producción de gas promedio diaria por provincia
2019-11,2019-11-01,2019,11,gas,provincia,Chubut,promedio_diario,8370.2060344033,Producción de gas promedio diaria por provincia
2019-11,2019-11-01,2019,11,gas,provincia,Estado Nacional,promedio_diario,14059.1816666667,Producción de gas promedio diaria por provincia
2019-11,2019-11-01,2019,11,gas,provincia,Formosa,promedio_diario,59.35,Producción de gas promedio diaria por provincia
2019-11,2019-11-01,2019,11,gas,provincia,Jujuy,promedio_diario,9.38333333333333,Producción de gas promedio diaria por provincia
2019-11,2019-11-01,2019,11,gas,provincia,La Pampa,promedio_diario,858.711333333333,Producción de gas promedio diaria por provincia
2019-11,2019-11-01,2019,11,gas,provincia,Mendoza,promedio_diario,3283.92290399967,Producción de gas promedio diaria por provincia
2019-11,2019-11-01,2019,11,gas,provincia,Neuquén,promedio_diario,68858.3604173333,Producción de gas promedio diaria por provincia
2019-11,2019-11-01,2019,11,gas,provincia,Rio Negro,promedio_diario,5766.4226,Producción de gas promedio diaria por provincia
2019-11,2019-11-01,2019,11,gas,provincia,Salta,promedio_diario,4875.77086666667,Producción de gas promedio diaria por provincia
2019-11,2019-11-01,2019,11,gas,provincia,Santa Cruz,promedio_diario,12389.4787864667,Producción de gas promedio diaria por provincia
2019-11,2019-11-01,2019,11,gas,provincia,Tierra del Fuego,promedio_diario,8453.75073333333,Producción de gas promedio diaria por provincia
2019-12,2019-12-01,2019,12,gas,provincia,Chubut,promedio_diario,8128.29660017239,Producción de gas promedio diaria por provincia
2019-12,2019-12-01,2019,12,gas,provincia,Estado Nacional,promedio_diario,12830.4851612903,Producción de gas promedio diaria por provincia
2019-12,2019-12-01,2019,12,gas,provincia,Formosa,promedio_diario,57.5467741935484,Producción de gas promedio diaria por provincia
2019-12,2019-12-01,2019,12,gas,provincia,Jujuy,promedio_diario,10.03,Producción de gas promedio diaria por provincia
2019-12,2019-12-01,2019,12,gas,provincia,La Pampa,promedio_diario,854.337903225806,Producción de gas promedio diaria por provincia
2019-12,2019-12-01,2019,12,gas,provincia,Mendoza,promedio_diario,3170.12142032226,Producción de gas promedio diaria por provincia
2019-12,2019-12-01,2019,12,gas,provincia,Neuquén,promedio_diario,69353.0860645161,Producción de gas promedio diaria por provincia
2019-12,2019-12-01,2019,12,gas,provincia,Rio Negro,promedio_diario,5903.41025806452,Producción de gas promedio diaria por provincia
2019-12,2019-12-01,2019,12,gas,provincia,Salta,promedio_diario,4847.35009677419,Producción de gas promedio diaria por provincia
2019-12,2019-12-01,2019,12,gas,provincia,Santa Cruz,promedio_diario,12269.2326037742,Producción de gas promedio diaria por provincia
2019-12,2019-12-01,2019,12,gas,provincia,Tierra del Fuego,promedio_diario,9441.7305483871,Producción de gas promedio diaria por provincia
2020-01,2020-01-01,2020,1,gas,provincia,Chubut,promedio_diario,8404.12089627622,Producción de gas promedio diaria por provincia
2020-01,2020-01-01,2020,1,gas,provincia,Estado Nacional,promedio_diario,13657.2819354839,Producción de gas promedio diaria por provincia
2020-01,2020-01-01,2020,1,gas,provincia,Formosa,promedio_diario,71.2961290322581,Producción de gas promedio diaria por provincia
2020-01,2020-01-01,2020,1,gas,provincia,Jujuy,promedio_diario,9.14564516129032,Producción de gas promedio diaria por provincia
2020-01,2020-01-01,2020,1,gas,provincia,La Pampa,promedio_diario,920.241935483871,Producción de gas promedio diaria por provincia
2020-01,2020-01-01,2020,1,gas,provincia,Mendoza,promedio_diario,2964.71372709645,Producción de gas promedio diaria por provincia
2020-01,2020-01-01,2020,1,gas,provincia,Neuquén,promedio_diario,72165.7688709677,Producción de gas promedio diaria por provincia
2020-01,2020-01-01,2020,1,gas,provincia,Rio Negro,promedio_diario,5756.87206451613,Producción de gas promedio diaria por provincia
2020-01,2020-01-01,2020,1,gas,provincia,Salta,promedio_diario,4827.41041935484,Producción de gas promedio diaria por provincia
2020-01,2020-01-01,2020,1,gas,provincia,Santa Cruz,promedio_diario,12226.5000652903,Producción de gas promedio diaria por provincia
2020-01,2020-01-01,2020,1,gas,provincia,Tierra del Fuego,promedio_diario,9228.99151612903,Producción de gas promedio diaria por provincia
2020-02,2020-02-01,2020,2,gas,provincia,Chubut,promedio_diario,8125.40900398786,Producción de gas promedio diaria por provincia
2020-02,2020-02-01,2020,2,gas,provincia,Estado Nacional,promedio_diario,12979.2520689655,Producción de gas promedio diaria por provincia
2020-02,2020-02-01,2020,2,gas,provincia,Formosa,promedio_diario,58.5968965517241,Producción de gas promedio diaria por provincia
2020-02,2020-02-01,2020,2,gas,provincia,Jujuy,promedio_diario,9.07862068965517,Producción de gas promedio diaria por provincia
2020-02,2020-02-01,2020,2,gas,provincia,La Pampa,promedio_diario,940.006034482759,Producción de gas promedio diaria por provincia
2020-02,2020-02-01,2020,2,gas,provincia,Mendoza,promedio_diario,2858.00613551759,Producción de gas promedio diaria por provincia
2020-02,2020-02-01,2020,2,gas,provincia,Neuquén,promedio_diario,70687.181137931,Producción de gas promedio diaria por provincia
2020-02,2020-02-01,2020,2,gas,provincia,Rio Negro,promedio_diario,5602.08631034483,Producción de gas promedio diaria por provincia
2020-02,2020-02-01,2020,2,gas,provincia,Salta,promedio_diario,4717.27689655172,Producción de gas promedio diaria por provincia
2020-02,2020-02-01,2020,2,gas,provincia,Santa Cruz,promedio_diario,12014.390796,Producción de gas promedio diaria por provincia
2020-02,2020-02-01,2020,2,gas,provincia,Tierra del Fuego,promedio_diario,9724.7555862069,Producción de gas promedio diaria por provincia
2020-03,2020-03-01,2020,3,gas,provincia,Chubut,promedio_diario,8716.26134395,Producción de gas promedio diaria por provincia
2020-03,2020-03-01,2020,3,gas,provincia,Estado Nacional,promedio_diario,13376.2429032258,Producción de gas promedio diaria por provincia
2020-03,2020-03-01,2020,3,gas,provincia,Formosa,promedio_diario,55.9683870967742,Producción de gas promedio diaria por provincia
2020-03,2020-03-01,2020,3,gas,provincia,Jujuy,promedio_diario,9.25225806451613,Producción de gas promedio diaria por provincia
2020-03,2020-03-01,2020,3,gas,provincia,La Pampa,promedio_diario,875.069677419355,Producción de gas promedio diaria por provincia
2020-03,2020-03-01,2020,3,gas,provincia,Mendoza,promedio_diario,2774.03523774161,Producción de gas promedio diaria por provincia
2020-03,2020-03-01,2020,3,gas,provincia,Neuquén,promedio_diario,69048.8009032258,Producción de gas promedio diaria por provincia
2020-03,2020-03-01,2020,3,gas,provincia,Rio Negro,promedio_diario,5545.95619354839,Producción de gas promedio diaria por provincia
2020-03,2020-03-01,2020,3,gas,provincia,Salta,promedio_diario,4735.00651612903,Producción de gas promedio diaria por provincia
2020-03,2020-03-01,2020,3,gas,provincia,Santa Cruz,promedio_diario,11590.4752069677,Producción de gas promedio diaria por provincia
2020-03,2020-03-01,2020,3,gas,provincia,Tierra del Fuego,promedio_diario,9894.17809677419,Producción de gas promedio diaria por provincia
2020-04,2020-04-01,2020,4,gas,provincia,Chubut,promedio_diario,8427.51266428203,Producción de gas promedio diaria por provincia
2020-04,2020-04-01,2020,4,gas,provincia,Estado Nacional,promedio_diario,11664.5673333333,Producción de gas promedio diaria por provincia
2020-04,2020-04-01,2020,4,gas,provincia,Formosa,promedio_diario,55.4,Producción de gas promedio diaria por provincia
2020-04,2020-04-01,2020,4,gas,provincia,Jujuy,promedio_diario,9.45433333333333,Producción de gas promedio diaria por provincia
2020-04,2020-04-01,2020,4,gas,provincia,La Pampa,promedio_diario,664.2654,Producción de gas promedio diaria por provincia
2020-04,2020-04-01,2020,4,gas,provincia,Mendoza,promedio_diario,2598.97239433333,Producción de gas promedio diaria por provincia
2020-04,2020-04-01,2020,4,gas,provincia,Neuquén,promedio_diario,62459.7187,Producción de gas promedio diaria por provincia
2020-04,2020-04-01,2020,4,gas,provincia,Rio Negro,promedio_diario,4902.12649666667,Producción de gas promedio diaria por provincia
2020-04,2020-04-01,2020,4,gas,provincia,Salta,promedio_diario,4661.06226666667,Producción de gas promedio diaria por provincia
2020-04,2020-04-01,2020,4,gas,provincia,Santa Cruz,promedio_diario,11459.1781021667,Producción de gas promedio diaria por provincia
2020-04,2020-04-01,2020,4,gas,provincia,Tierra del Fuego,promedio_diario,9837.9662,Producción de gas promedio diaria por provincia
2020-05,2020-05-01,2020,5,gas,provincia,Chubut,promedio_diario,8182.90460133913,Producción de gas promedio diaria por provincia
2020-05,2020-05-01,2020,5,gas,provincia,Estado Nacional,promedio_diario,14963.3912903226,Producción de gas promedio diaria por provincia
2020-05,2020-05-01,2020,5,gas,provincia,Formosa,promedio_diario,51.4751612903226,Producción de gas promedio diaria por provincia
2020-05,2020-05-01,2020,5,gas,provincia,Jujuy,promedio_diario,9.81741935483871,Producción de gas promedio diaria por provincia
2020-05,2020-05-01,2020,5,gas,provincia,La Pampa,promedio_diario,827.592806451613,Producción de gas promedio diaria por provincia
2020-05,2020-05-01,2020,5,gas,provincia,Mendoza,promedio_diario,2457.89225774226,Producción de gas promedio diaria por provincia
2020-05,2020-05-01,2020,5,gas,provincia,Neuquén,promedio_diario,67584.2393870968,Producción de gas promedio diaria por provincia
2020-05,2020-05-01,2020,5,gas,provincia,Rio Negro,promedio_diario,4704.69305483871,Producción de gas promedio diaria por provincia
2020-05,2020-05-01,2020,5,gas,provincia,Salta,promedio_diario,4601.38825806452,Producción de gas promedio diaria por provincia
2020-05,2020-05-01,2020,5,gas,provincia,Santa Cruz,promedio_diario,11130.5111347419,Producción de gas promedio diaria por provincia
2020-05,2020-05-01,2020,5,gas,provincia,Tierra del Fuego,promedio_diario,9957.23303225806,Producción de gas promedio diaria por provincia
2020-06,2020-06-01,2020,6,gas,provincia,Chubut,promedio_diario,8040.3737,Producción de gas promedio diaria por provincia
2020-06,2020-06-01,2020,6,gas,provincia,Estado Nacional,promedio_diario,15146.6883333333,Producción de gas promedio diaria por provincia
2020-06,2020-06-01,2020,6,gas,provincia,Formosa,promedio_diario,49.8663333333333,Producción de gas promedio diaria por provincia
2020-06,2020-06-01,2020,6,gas,provincia,Jujuy,promedio_diario,9.95166666666667,Producción de gas promedio diaria por provincia
2020-06,2020-06-01,2020,6,gas,provincia,La Pampa,promedio_diario,783.641,Producción de gas promedio diaria por provincia
2020-06,2020-06-01,2020,6,gas,provincia,Mendoza,promedio_diario,2388.79979999967,Producción de gas promedio diaria por provincia
2020-06,2020-06-01,2020,6,gas,provincia,Neuquén,promedio_diario,69064.7821646667,Producción de gas promedio diaria por provincia
2020-06,2020-06-01,2020,6,gas,provincia,Rio Negro,promedio_diario,5163.21664666667,Producción de gas promedio diaria por provincia
2020-06,2020-06-01,2020,6,gas,provincia,Salta,promedio_diario,4556.1624,Producción de gas promedio diaria por provincia
2020-06,2020-06-01,2020,6,gas,provincia,Santa Cruz,promedio_diario,10725.1260514667,Producción de gas promedio diaria por provincia
2020-06,2020-06-01,2020,6,gas,provincia,Tierra del Fuego,promedio_diario,10093.1411,Producción de gas promedio diaria por provincia
2020-07,2020-07-01,2020,7,gas,provincia,Chubut,promedio_diario,7831.15993548387,Producción de gas promedio diaria por provincia
2020-07,2020-07-01,2020,7,gas,provincia,Estado Nacional,promedio_diario,15169.2658064516,Producción de gas promedio diaria por provincia
2020-07,2020-07-01,2020,7,gas,provincia,Formosa,promedio_diario,50.991935483871,Producción de gas promedio diaria por provincia
2020-07,2020-07-01,2020,7,gas,provincia,Jujuy,promedio_diario,9.28967741935484,Producción de gas promedio diaria por provincia
2020-07,2020-07-01,2020,7,gas,provincia,La Pampa,promedio_diario,775.993225806452,Producción de gas promedio diaria por provincia
2020-07,2020-07-01,2020,7,gas,provincia,Mendoza,promedio_diario,2354.68710096742,Producción de gas promedio diaria por provincia
2020-07,2020-07-01,2020,7,gas,provincia,Neuquén,promedio_diario,70673.5915712903,Producción de gas promedio diaria por provincia
2020-07,2020-07-01,2020,7,gas,provincia,Rio Negro,promedio_diario,5289.72493870968,Producción de gas promedio diaria por provincia
2020-07,2020-07-01,2020,7,gas,provincia,Salta,promedio_diario,4561.88535483871,Producción de gas promedio diaria por provincia
2020-07,2020-07-01,2020,7,gas,provincia,Santa Cruz,promedio_diario,10276.5592741935,Producción de gas promedio diaria por provincia
2020-07,2020-07-01,2020,7,gas,provincia,Tierra del Fuego,promedio_diario,9834.73638709677,Producción de gas promedio diaria por provincia
2020-08,2020-08-01,2020,8,gas,provincia,Chubut,promedio_diario,7671.94196774194,Producción de gas promedio diaria por provincia
2020-08,2020-08-01,2020,8,gas,provincia,Estado Nacional,promedio_diario,14844.8651290323,Producción de gas promedio diaria por provincia
2020-08,2020-08-01,2020,8,gas,provincia,Formosa,promedio_diario,48.7054838709677,Producción de gas promedio diaria por provincia
2020-08,2020-08-01,2020,8,gas,provincia,Jujuy,promedio_diario,18.2735483870968,Producción de gas promedio diaria por provincia
2020-08,2020-08-01,2020,8,gas,provincia,La Pampa,promedio_diario,756.653870967742,Producción de gas promedio diaria por provincia
2020-08,2020-08-01,2020,8,gas,provincia,Mendoza,promedio_diario,2396.73461516129,Producción de gas promedio diaria por provincia
2020-08,2020-08-01,2020,8,gas,provincia,Neuquén,promedio_diario,70516.0966287097,Producción de gas promedio diaria por provincia
2020-08,2020-08-01,2020,8,gas,provincia,Rio Negro,promedio_diario,5107.00553548387,Producción de gas promedio diaria por provincia
2020-08,2020-08-01,2020,8,gas,provincia,Salta,promedio_diario,4456.11764516129,Producción de gas promedio diaria por provincia
2020-08,2020-08-01,2020,8,gas,provincia,Santa Cruz,promedio_diario,10022.2706401935,Producción de gas promedio diaria por provincia
2020-08,2020-08-01,2020,8,gas,provincia,Tierra del Fuego,promedio_diario,9833.47774193548,Producción de gas promedio diaria por provincia
2020-09,2020-09-01,2020,9,gas,provincia,Chubut,promedio_diario,7958.0464,Producción de gas promedio diaria por provincia
2020-09,2020-09-01,2020,9,gas,provincia,Estado Nacional,promedio_diario,14913.3396333333,Producción de gas promedio diaria por provincia
2020-09,2020-09-01,2020,9,gas,provincia,Formosa,promedio_diario,48.2856666666667,Producción de gas promedio diaria por provincia
2020-09,2020-09-01,2020,9,gas,provincia,Jujuy,promedio_diario,19.4413333333333,Producción de gas promedio diaria por provincia
2020-09,2020-09-01,2020,9,gas,provincia,La Pampa,promedio_diario,745.264333333333,Producción de gas promedio diaria por provincia
2020-09,2020-09-01,2020,9,gas,provincia,Mendoza,promedio_diario,2365.509151667,Producción de gas promedio diaria por provincia
2020-09,2020-09-01,2020,9,gas,provincia,Neuquén,promedio_diario,67221.103508,Producción de gas promedio diaria por provincia
2020-09,2020-09-01,2020,9,gas,provincia,Rio Negro,promedio_diario,4926.74135666667,Producción de gas promedio diaria por provincia
2020-09,2020-09-01,2020,9,gas,provincia,Salta,promedio_diario,4562.0117,Producción de gas promedio diaria por provincia
2020-09,2020-09-01,2020,9,gas,provincia,Santa Cruz,promedio_diario,10326.8601414667,Producción de gas promedio diaria por provincia
2020-09,2020-09-01,2020,9,gas,provincia,Tierra del Fuego,promedio_diario,9767.16383333333,Producción de gas promedio diaria por provincia
2020-10,2020-10-01,2020,10,gas,provincia,Chubut,promedio_diario,7909.06996774194,Producción de gas promedio diaria por provincia
2020-10,2020-10-01,2020,10,gas,provincia,Estado Nacional,promedio_diario,14954.6516129032,Producción de gas promedio diaria por provincia
2020-10,2020-10-01,2020,10,gas,provincia,Formosa,promedio_diario,43.8312903225806,Producción de gas promedio diaria por provincia
2020-10,2020-10-01,2020,10,gas,provincia,Jujuy,promedio_diario,18.2206451612903,Producción de gas promedio diaria por provincia
2020-10,2020-10-01,2020,10,gas,provincia,La Pampa,promedio_diario,708.605483870968,Producción de gas promedio diaria por provincia
2020-10,2020-10-01,2020,10,gas,provincia,Mendoza,promedio_diario,2322.0482196771,Producción de gas promedio diaria por provincia
2020-10,2020-10-01,2020,10,gas,provincia,Neuquén,promedio_diario,66388.2939999968,Producción de gas promedio diaria por provincia
2020-10,2020-10-01,2020,10,gas,provincia,Rio Negro,promedio_diario,4749.53686451613,Producción de gas promedio diaria por provincia
2020-10,2020-10-01,2020,10,gas,provincia,Salta,promedio_diario,4601.50680645161,Producción de gas promedio diaria por provincia
2020-10,2020-10-01,2020,10,gas,provincia,Santa Cruz,promedio_diario,10464.68618,Producción de gas promedio diaria por provincia
2020-10,2020-10-01,2020,10,gas,provincia,Tierra del Fuego,promedio_diario,9720.71964516129,Producción de gas promedio diaria por provincia
2020-11,2020-11-01,2020,11,gas,provincia,Chubut,promedio_diario,7825.9824,Producción de gas promedio diaria por provincia
2020-11,2020-11-01,2020,11,gas,provincia,Estado Nacional,promedio_diario,14703.2003333333,Producción de gas promedio diaria por provincia
2020-11,2020-11-01,2020,11,gas,provincia,Formosa,promedio_diario,21.278,Producción de gas promedio diaria por provincia
2020-11,2020-11-01,2020,11,gas,provincia,Jujuy,promedio_diario,17.4481333333333,Producción de gas promedio diaria por provincia
2020-11,2020-11-01,2020,11,gas,provincia,La Pampa,promedio_diario,717.065666666667,Producción de gas promedio diaria por provincia
2020-11,2020-11-01,2020,11,gas,provincia,Mendoza,promedio_diario,2335.23784566633,Producción de gas promedio diaria por provincia
2020-11,2020-11-01,2020,11,gas,provincia,Neuquén,promedio_diario,61619.438426,Producción de gas promedio diaria por provincia
2020-11,2020-11-01,2020,11,gas,provincia,Rio Negro,promedio_diario,4578.20205333333,Producción de gas promedio diaria por provincia
2020-11,2020-11-01,2020,11,gas,provincia,Salta,promedio_diario,4510.63833333333,Producción de gas promedio diaria por provincia
2020-11,2020-11-01,2020,11,gas,provincia,Santa Cruz,promedio_diario,9923.32699619,Producción de gas promedio diaria por provincia
2020-11,2020-11-01,2020,11,gas,provincia,Tierra del Fuego,promedio_diario,9475.8051,Producción de gas promedio diaria por provincia
2020-12,2020-12-01,2020,12,gas,provincia,Chubut,promedio_diario,7867.51264516129,Producción de gas promedio diaria por provincia
2020-12,2020-12-01,2020,12,gas,provincia,Estado Nacional,promedio_diario,13952.362516129,Producción de gas promedio diaria por provincia
2020-12,2020-12-01,2020,12,gas,provincia,Formosa,promedio_diario,19.7451612903226,Producción de gas promedio diaria por provincia
2020-12,2020-12-01,2020,12,gas,provincia,Jujuy,promedio_diario,19.165935483871,Producción de gas promedio diaria por provincia
2020-12,2020-12-01,2020,12,gas,provincia,La Pampa,promedio_diario,708.887612903226,Producción de gas promedio diaria por provincia
2020-12,2020-12-01,2020,12,gas,provincia,Mendoza,promedio_diario,2302.36919129032,Producción de gas promedio diaria por provincia
2020-12,2020-12-01,2020,12,gas,provincia,Neuquén,promedio_diario,60539.7415270968,Producción de gas promedio diaria por provincia
2020-12,2020-12-01,2020,12,gas,provincia,Rio Negro,promedio_diario,4414.46319354839,Producción de gas promedio diaria por provincia
2020-12,2020-12-01,2020,12,gas,provincia,Salta,promedio_diario,4399.92070967742,Producción de gas promedio diaria por provincia
2020-12,2020-12-01,2020,12,gas,provincia,Santa Cruz,promedio_diario,10381.8116569032,Producción de gas promedio diaria por provincia
2020-12,2020-12-01,2020,12,gas,provincia,Tierra del Fuego,promedio_diario,9267.22651612903,Producción de gas promedio diaria por provincia
2021-01,2021-01-01,2021,1,gas,provincia,Chubut,promedio_diario,7988.34148387097,Producción de gas promedio diaria por provincia
2021-01,2021-01-01,2021,1,gas,provincia,Estado Nacional,promedio_diario,14496.6966451613,Producción de gas promedio diaria por provincia
2021-01,2021-01-01,2021,1,gas,provincia,Formosa,promedio_diario,24.4181483870968,Producción de gas promedio diaria por provincia
2021-01,2021-01-01,2021,1,gas,provincia,Jujuy,promedio_diario,18.741935483871,Producción de gas promedio diaria por provincia
2021-01,2021-01-01,2021,1,gas,provincia,La Pampa,promedio_diario,707.136419354839,Producción de gas promedio diaria por provincia
2021-01,2021-01-01,2021,1,gas,provincia,Mendoza,promedio_diario,2203.65899645194,Producción de gas promedio diaria por provincia
2021-01,2021-01-01,2021,1,gas,provincia,Neuquén,promedio_diario,62090.5010519355,Producción de gas promedio diaria por provincia
2021-01,2021-01-01,2021,1,gas,provincia,Rio Negro,promedio_diario,4430.50335806452,Producción de gas promedio diaria por provincia
2021-01,2021-01-01,2021,1,gas,provincia,Salta,promedio_diario,4389.82448387097,Producción de gas promedio diaria por provincia
2021-01,2021-01-01,2021,1,gas,provincia,Santa Cruz,promedio_diario,10222.9010010645,Producción de gas promedio diaria por provincia
2021-01,2021-01-01,2021,1,gas,provincia,Tierra del Fuego,promedio_diario,9442.131,Producción de gas promedio diaria por provincia
2021-02,2021-02-01,2021,2,gas,provincia,Chubut,promedio_diario,7862.99032142857,Producción de gas promedio diaria por provincia
2021-02,2021-02-01,2021,2,gas,provincia,Estado Nacional,promedio_diario,14480.0251071429,Producción de gas promedio diaria por provincia
2021-02,2021-02-01,2021,2,gas,provincia,Formosa,promedio_diario,35.8042857142857,Producción de gas promedio diaria por provincia
2021-02,2021-02-01,2021,2,gas,provincia,Jujuy,promedio_diario,19.3682142857143,Producción de gas promedio diaria por provincia
2021-02,2021-02-01,2021,2,gas,provincia,La Pampa,promedio_diario,693.144107142857,Producción de gas promedio diaria por provincia
2021-02,2021-02-01,2021,2,gas,provincia,Mendoza,promedio_diario,2124.85687035714,Producción de gas promedio diaria por provincia
2021-02,2021-02-01,2021,2,gas,provincia,Neuquén,promedio_diario,61361.7017857143,Producción de gas promedio diaria por provincia
2021-02,2021-02-01,2021,2,gas,provincia,Rio Negro,promedio_diario,4358.81418214286,Producción de gas promedio diaria por provincia
2021-02,2021-02-01,2021,2,gas,provincia,Salta,promedio_diario,4333.80578571429,Producción de gas promedio diaria por provincia
2021-02,2021-02-01,2021,2,gas,provincia,Santa Cruz,promedio_diario,9936.97973082143,Producción de gas promedio diaria por provincia
2021-02,2021-02-01,2021,2,gas,provincia,Tierra del Fuego,promedio_diario,9371.73514285714,Producción de gas promedio diaria por provincia
2021-03,2021-03-01,2021,3,gas,provincia,Chubut,promedio_diario,7951.10319354839,Producción de gas promedio diaria por provincia
2021-03,2021-03-01,2021,3,gas,provincia,Estado Nacional,promedio_diario,13525.358,Producción de gas promedio diaria por provincia
2021-03,2021-03-01,2021,3,gas,provincia,Formosa,promedio_diario,29.9203225806452,Producción de gas promedio diaria por provincia
2021-03,2021-03-01,2021,3,gas,provincia,Jujuy,promedio_diario,19.4348387096774,Producción de gas promedio diaria por provincia
2021-03,2021-03-01,2021,3,gas,provincia,La Pampa,promedio_diario,700.854129032258,Producción de gas promedio diaria por provincia
2021-03,2021-03-01,2021,3,gas,provincia,Mendoza,promedio_diario,2175.91183516065,Producción de gas promedio diaria por provincia
2021-03,2021-03-01,2021,3,gas,provincia,Neuquén,promedio_diario,62986.5761283871,Producción de gas promedio diaria por provincia
2021-03,2021-03-01,2021,3,gas,provincia,Rio Negro,promedio_diario,4219.16489677419,Producción de gas promedio diaria por provincia
2021-03,2021-03-01,2021,3,gas,provincia,Salta,promedio_diario,4358.37616129032,Producción de gas promedio diaria por provincia
2021-03,2021-03-01,2021,3,gas,provincia,Santa Cruz,promedio_diario,9869.11262248387,Producción de gas promedio diaria por provincia
2021-03,2021-03-01,2021,3,gas,provincia,Tierra del Fuego,promedio_diario,8688.13325806452,Producción de gas promedio diaria por provincia
2021-04,2021-04-01,2021,4,gas,provincia,Chubut,promedio_diario,7856.21053333333,Producción de gas promedio diaria por provincia
2021-04,2021-04-01,2021,4,gas,provincia,Estado Nacional,promedio_diario,14508.5436,Producción de gas promedio diaria por provincia
2021-04,2021-04-01,2021,4,gas,provincia,Formosa,promedio_diario,26.1146666666667,Producción de gas promedio diaria por provincia
2021-04,2021-04-01,2021,4,gas,provincia,Jujuy,promedio_diario,18.2006666666667,Producción de gas promedio diaria por provincia
2021-04,2021-04-01,2021,4,gas,provincia,La Pampa,promedio_diario,682.006766666667,Producción de gas promedio diaria por provincia
2021-04,2021-04-01,2021,4,gas,provincia,Mendoza,promedio_diario,2062.03783600033,Producción de gas promedio diaria por provincia
2021-04,2021-04-01,2021,4,gas,provincia,Neuquén,promedio_diario,61567.6907413333,Producción de gas promedio diaria por provincia
2021-04,2021-04-01,2021,4,gas,provincia,Rio Negro,promedio_diario,4289.66422666667,Producción de gas promedio diaria por provincia
2021-04,2021-04-01,2021,4,gas,provincia,Salta,promedio_diario,4278.12776666667,Producción de gas promedio diaria por provincia
2021-04,2021-04-01,2021,4,gas,provincia,Santa Cruz,promedio_diario,9753.58453416667,Producción de gas promedio diaria por provincia
2021-04,2021-04-01,2021,4,gas,provincia,Tierra del Fuego,promedio_diario,9197.73086666667,Producción de gas promedio diaria por provincia
2021-05,2021-05-01,2021,5,gas,provincia,Chubut,promedio_diario,7820.2564516129,Producción de gas promedio diaria por provincia
2021-05,2021-05-01,2021,5,gas,provincia,Estado Nacional,promedio_diario,14427.1760322581,Producción de gas promedio diaria por provincia
2021-05,2021-05-01,2021,5,gas,provincia,Formosa,promedio_diario,16.2506328049032,Producción de gas promedio diaria por provincia
2021-05,2021-05-01,2021,5,gas,provincia,Jujuy,promedio_diario,18.518064516129,Producción de gas promedio diaria por provincia
2021-05,2021-05-01,2021,5,gas,provincia,La Pampa,promedio_diario,733.058096774194,Producción de gas promedio diaria por provincia
2021-05,2021-05-01,2021,5,gas,provincia,Mendoza,promedio_diario,2100.09039677419,Producción de gas promedio diaria por provincia
2021-05,2021-05-01,2021,5,gas,provincia,Neuquén,promedio_diario,68673.3694774193,Producción de gas promedio diaria por provincia
2021-05,2021-05-01,2021,5,gas,provincia,Rio Negro,promedio_diario,4426.41049677419,Producción de gas promedio diaria por provincia
2021-05,2021-05-01,2021,5,gas,provincia,Salta,promedio_diario,4238.93174193548,Producción de gas promedio diaria por provincia
2021-05,2021-05-01,2021,5,gas,provincia,Santa Cruz,promedio_diario,9708.63040167742,Producción de gas promedio diaria por provincia
2021-05,2021-05-01,2021,5,gas,provincia,Tierra del Fuego,promedio_diario,9123.9415483871,Producción de gas promedio diaria por provincia
2021-06,2021-06-01,2021,6,gas,provincia,Chubut,promedio_diario,8152.24544333333,Producción de gas promedio diaria por provincia
2021-06,2021-06-01,2021,6,gas,provincia,Estado Nacional,promedio_diario,14203.889,Producción de gas promedio diaria por provincia
2021-06,2021-06-01,2021,6,gas,provincia,Formosa,promedio_diario,12.6036666666667,Producción de gas promedio diaria por provincia
2021-06,2021-06-01,2021,6,gas,provincia,Jujuy,promedio_diario,9.14166666666667,Producción de gas promedio diaria por provincia
2021-06,2021-06-01,2021,6,gas,provincia,La Pampa,promedio_diario,713.194666666667,Producción de gas promedio diaria por provincia
2021-06,2021-06-01,2021,6,gas,provincia,Mendoza,promedio_diario,2099.46510000067,Producción de gas promedio diaria por provincia
2021-06,2021-06-01,2021,6,gas,provincia,Neuquén,promedio_diario,74658.121367,Producción de gas promedio diaria por provincia
2021-06,2021-06-01,2021,6,gas,provincia,Rio Negro,promedio_diario,4650.19326333333,Producción de gas promedio diaria por provincia
2021-06,2021-06-01,2021,6,gas,provincia,Salta,promedio_diario,4234.38816666667,Producción de gas promedio diaria por provincia
2021-06,2021-06-01,2021,6,gas,provincia,Santa Cruz,promedio_diario,9546.8406228,Producción de gas promedio diaria por provincia
2021-06,2021-06-01,2021,6,gas,provincia,Tierra del Fuego,promedio_diario,8742.80826666667,Producción de gas promedio diaria por provincia
2021-07,2021-07-01,2021,7,gas,provincia,Chubut,promedio_diario,8062.65612903226,Producción de gas promedio diaria por provincia
2021-07,2021-07-01,2021,7,gas,provincia,Estado Nacional,promedio_diario,14375.1892258065,Producción de gas promedio diaria por provincia
2021-07,2021-07-01,2021,7,gas,provincia,Formosa,promedio_diario,17.3441935483871,Producción de gas promedio diaria por provincia
2021-07,2021-07-01,2021,7,gas,provincia,Jujuy,promedio_diario,8.1241935483871,Producción de gas promedio diaria por provincia
2021-07,2021-07-01,2021,7,gas,provincia,La Pampa,promedio_diario,708.433161290323,Producción de gas promedio diaria por provincia
2021-07,2021-07-01,2021,7,gas,provincia,Mendoza,promedio_diario,2077.7033871029,Producción de gas promedio diaria por provincia
2021-07,2021-07-01,2021,7,gas,provincia,Neuquén,promedio_diario,78164.158883871,Producción de gas promedio diaria por provincia
2021-07,2021-07-01,2021,7,gas,provincia,Rio Negro,promedio_diario,4668.6284516129,Producción de gas promedio diaria por provincia
2021-07,2021-07-01,2021,7,gas,provincia,Salta,promedio_diario,4194.85216129032,Producción de gas promedio diaria por provincia
2021-07,2021-07-01,2021,7,gas,provincia,Santa Cruz,promedio_diario,9555.75809019355,Producción de gas promedio diaria por provincia
2021-07,2021-07-01,2021,7,gas,provincia,Tierra del Fuego,promedio_diario,8896.36725806452,Producción de gas promedio diaria por provincia
2021-08,2021-08-01,2021,8,gas,provincia,Chubut,promedio_diario,8112.53933548387,Producción de gas promedio diaria por provincia
2021-08,2021-08-01,2021,8,gas,provincia,Estado Nacional,promedio_diario,14436.2173225806,Producción de gas promedio diaria por provincia
2021-08,2021-08-01,2021,8,gas,provincia,Formosa,promedio_diario,33.7362891828955,Producción de gas promedio diaria por provincia
2021-08,2021-08-01,2021,8,gas,provincia,Jujuy,promedio_diario,8.28548387096774,Producción de gas promedio diaria por provincia
2021-08,2021-08-01,2021,8,gas,provincia,La Pampa,promedio_diario,709.348387096774,Producción de gas promedio diaria por provincia
2021-08,2021-08-01,2021,8,gas,provincia,Mendoza,promedio_diario,1975.81887096774,Producción de gas promedio diaria por provincia
2021-08,2021-08-01,2021,8,gas,provincia,Neuquén,promedio_diario,81057.0408503226,Producción de gas promedio diaria por provincia
2021-08,2021-08-01,2021,8,gas,provincia,Rio Negro,promedio_diario,4756.17224193548,Producción de gas promedio diaria por provincia
2021-08,2021-08-01,2021,8,gas,provincia,Salta,promedio_diario,4117.42029032258,Producción de gas promedio diaria por provincia
2021-08,2021-08-01,2021,8,gas,provincia,Santa Cruz,promedio_diario,9598.56552467742,Producción de gas promedio diaria por provincia
2021-08,2021-08-01,2021,8,gas,provincia,Tierra del Fuego,promedio_diario,8920.22706451613,Producción de gas promedio diaria por provincia
2021-09,2021-09-01,2021,9,gas,provincia,Chubut,promedio_diario,7746.50592,Producción de gas promedio diaria por provincia
2021-09,2021-09-01,2021,9,gas,provincia,Estado Nacional,promedio_diario,14329.3459666667,Producción de gas promedio diaria por provincia
2021-09,2021-09-01,2021,9,gas,provincia,Formosa,promedio_diario,59.7993333333333,Producción de gas promedio diaria por provincia
2021-09,2021-09-01,2021,9,gas,provincia,Jujuy,promedio_diario,8.22766666666667,Producción de gas promedio diaria por provincia
2021-09,2021-09-01,2021,9,gas,provincia,La Pampa,promedio_diario,688.883,Producción de gas promedio diaria por provincia
2021-09,2021-09-01,2021,9,gas,provincia,Mendoza,promedio_diario,1867.9423,Producción de gas promedio diaria por provincia
2021-09,2021-09-01,2021,9,gas,provincia,Neuquén,promedio_diario,80875.6010006667,Producción de gas promedio diaria por provincia
2021-09,2021-09-01,2021,9,gas,provincia,Rio Negro,promedio_diario,4643.98008,Producción de gas promedio diaria por provincia
2021-09,2021-09-01,2021,9,gas,provincia,Salta,promedio_diario,4084.43976666667,Producción de gas promedio diaria por provincia
2021-09,2021-09-01,2021,9,gas,provincia,Santa Cruz,promedio_diario,9498.37721203333,Producción de gas promedio diaria por provincia
2021-09,2021-09-01,2021,9,gas,provincia,Tierra del Fuego,promedio_diario,8869.5769,Producción de gas promedio diaria por provincia
2021-10,2021-10-01,2021,10,gas,provincia,Chubut,promedio_diario,7612.7644516129,Producción de gas promedio diaria por provincia
2021-10,2021-10-01,2021,10,gas,provincia,Estado Nacional,promedio_diario,13449.087483871,Producción de gas promedio diaria por provincia
2021-10,2021-10-01,2021,10,gas,provincia,Formosa,promedio_diario,45.4090322580645,Producción de gas promedio diaria por provincia
2021-10,2021-10-01,2021,10,gas,provincia,Jujuy,promedio_diario,8.18903225806452,Producción de gas promedio diaria por provincia
2021-10,2021-10-01,2021,10,gas,provincia,La Pampa,promedio_diario,685.807451612903,Producción de gas promedio diaria por provincia
2021-10,2021-10-01,2021,10,gas,provincia,Mendoza,promedio_diario,1856.91583870958,Producción de gas promedio diaria por provincia
2021-10,2021-10-01,2021,10,gas,provincia,Neuquén,promedio_diario,77025.3581935484,Producción de gas promedio diaria por provincia
2021-10,2021-10-01,2021,10,gas,provincia,Rio Negro,promedio_diario,4648.29533870968,Producción de gas promedio diaria por provincia
2021-10,2021-10-01,2021,10,gas,provincia,Salta,promedio_diario,4006.38874193548,Producción de gas promedio diaria por provincia
2021-10,2021-10-01,2021,10,gas,provincia,Santa Cruz,promedio_diario,9424.22539690323,Producción de gas promedio diaria por provincia
2021-10,2021-10-01,2021,10,gas,provincia,Tierra del Fuego,promedio_diario,8467.66993548387,Producción de gas promedio diaria por provincia
2021-11,2021-11-01,2021,11,gas,provincia,Chubut,promedio_diario,7535.49761666667,Producción de gas promedio diaria por provincia
2021-11,2021-11-01,2021,11,gas,provincia,Estado Nacional,promedio_diario,13766.0534666667,Producción de gas promedio diaria por provincia
2021-11,2021-11-01,2021,11,gas,provincia,Formosa,promedio_diario,33.2396666666667,Producción de gas promedio diaria por provincia
2021-11,2021-11-01,2021,11,gas,provincia,Jujuy,promedio_diario,8.336,Producción de gas promedio diaria por provincia
2021-11,2021-11-01,2021,11,gas,provincia,La Pampa,promedio_diario,692.7951,Producción de gas promedio diaria por provincia
2021-11,2021-11-01,2021,11,gas,provincia,Mendoza,promedio_diario,1835.49166666709,Producción de gas promedio diaria por provincia
2021-11,2021-11-01,2021,11,gas,provincia,Neuquén,promedio_diario,77535.1836176667,Producción de gas promedio diaria por provincia
2021-11,2021-11-01,2021,11,gas,provincia,Rio Negro,promedio_diario,4433.38881333333,Producción de gas promedio diaria por provincia
2021-11,2021-11-01,2021,11,gas,provincia,Salta,promedio_diario,4005.18656666667,Producción de gas promedio diaria por provincia
2021-11,2021-11-01,2021,11,gas,provincia,Santa Cruz,promedio_diario,9414.07687156667,Producción de gas promedio diaria por provincia
2021-11,2021-11-01,2021,11,gas,provincia,Tierra del Fuego,promedio_diario,8618.83083333333,Producción de gas promedio diaria por provincia
2021-12,2021-12-01,2021,12,gas,provincia,Chubut,promedio_diario,7708.8698,Producción de gas promedio diaria por provincia
2021-12,2021-12-01,2021,12,gas,provincia,Estado Nacional,promedio_diario,13368.6561935484,Producción de gas promedio diaria por provincia
2021-12,2021-12-01,2021,12,gas,provincia,Formosa,promedio_diario,35.82,Producción de gas promedio diaria por provincia
2021-12,2021-12-01,2021,12,gas,provincia,Jujuy,promedio_diario,8.28774193548387,Producción de gas promedio diaria por provincia
2021-12,2021-12-01,2021,12,gas,provincia,La Pampa,promedio_diario,711.631483870968,Producción de gas promedio diaria por provincia
2021-12,2021-12-01,2021,12,gas,provincia,Mendoza,promedio_diario,1827.617725847,Producción de gas promedio diaria por provincia
2021-12,2021-12-01,2021,12,gas,provincia,Neuquén,promedio_diario,78989.1522580645,Producción de gas promedio diaria por provincia
2021-12,2021-12-01,2021,12,gas,provincia,Rio Negro,promedio_diario,4229.88267096774,Producción de gas promedio diaria por provincia
2021-12,2021-12-01,2021,12,gas,provincia,Salta,promedio_diario,3978.60770967742,Producción de gas promedio diaria por provincia
2021-12,2021-12-01,2021,12,gas,provincia,Santa Cruz,promedio_diario,9367.3601916129,Producción de gas promedio diaria por provincia
2021-12,2021-12-01,2021,12,gas,provincia,Tierra del Fuego,promedio_diario,8636.04983870968,Producción de gas promedio diaria por provincia
2022-01,2022-01-01,2022,1,gas,provincia,Chubut,promedio_diario,7865.97768387097,Producción de gas promedio diaria por provincia
2022-01,2022-01-01,2022,1,gas,provincia,Estado Nacional,promedio_diario,13229.5903548387,Producción de gas promedio diaria por provincia
2022-01,2022-01-01,2022,1,gas,provincia,Formosa,promedio_diario,39.2722580645161,Producción de gas promedio diaria por provincia
2022-01,2022-01-01,2022,1,gas,provincia,Jujuy,promedio_diario,8.40903225806452,Producción de gas promedio diaria por provincia
2022-01,2022-01-01,2022,1,gas,provincia,La Pampa,promedio_diario,714.260046528064,Producción de gas promedio diaria por provincia
2022-01,2022-01-01,2022,1,gas,provincia,Mendoza,promedio_diario,1812.79935038226,Producción de gas promedio diaria por provincia
2022-01,2022-01-01,2022,1,gas,provincia,Neuquén,promedio_diario,80705.5727741936,Producción de gas promedio diaria por provincia
2022-01,2022-01-01,2022,1,gas,provincia,Rio Negro,promedio_diario,4085.48809032258,Producción de gas promedio diaria por provincia
2022-01,2022-01-01,2022,1,gas,provincia,Salta,promedio_diario,3901.76864516129,Producción de gas promedio diaria por provincia
2022-01,2022-01-01,2022,1,gas,provincia,Santa Cruz,promedio_diario,9276.12073248387,Producción de gas promedio diaria por provincia
2022-01,2022-01-01,2022,1,gas,provincia,Tierra del Fuego,promedio_diario,8314.14677419355,Producción de gas promedio diaria por provincia
2022-02,2022-02-01,2022,2,gas,provincia,Chubut,promedio_diario,8021.68387857143,Producción de gas promedio diaria por provincia
2022-02,2022-02-01,2022,2,gas,provincia,Estado Nacional,promedio_diario,13901.9492857143,Producción de gas promedio diaria por provincia
2022-02,2022-02-01,2022,2,gas,provincia,Formosa,promedio_diario,45.0339285714286,Producción de gas promedio diaria por provincia
2022-02,2022-02-01,2022,2,gas,provincia,Jujuy,promedio_diario,8.46142857142857,Producción de gas promedio diaria por provincia
2022-02,2022-02-01,2022,2,gas,provincia,La Pampa,promedio_diario,710.346142857143,Producción de gas promedio diaria por provincia
2022-02,2022-02-01,2022,2,gas,provincia,Mendoza,promedio_diario,1800.73932142821,Producción de gas promedio diaria por provincia
2022-02,2022-02-01,2022,2,gas,provincia,Neuquén,promedio_diario,77761.4215,Producción de gas promedio diaria por provincia
2022-02,2022-02-01,2022,2,gas,provincia,Rio Negro,promedio_diario,3921.45435357143,Producción de gas promedio diaria por provincia
2022-02,2022-02-01,2022,2,gas,provincia,Salta,promedio_diario,3902.97025,Producción de gas promedio diaria por provincia
2022-02,2022-02-01,2022,2,gas,provincia,Santa Cruz,promedio_diario,9172.78762267857,Producción de gas promedio diaria por provincia
2022-02,2022-02-01,2022,2,gas,provincia,Tierra del Fuego,promedio_diario,8080.16471428571,Producción de gas promedio diaria por provincia
2022-03,2022-03-01,2022,3,gas,provincia,Chubut,promedio_diario,8234.62012580645,Producción de gas promedio diaria por provincia
2022-03,2022-03-01,2022,3,gas,provincia,Estado Nacional,promedio_diario,10151.302,Producción de gas promedio diaria por provincia
2022-03,2022-03-01,2022,3,gas,provincia,Formosa,promedio_diario,39.7932258064516,Producción de gas promedio diaria por provincia
2022-03,2022-03-01,2022,3,gas,provincia,Jujuy,promedio_diario,8.55241935483871,Producción de gas promedio diaria por provincia
2022-03,2022-03-01,2022,3,gas,provincia,La Pampa,promedio_diario,727.752290322581,Producción de gas promedio diaria por provincia
2022-03,2022-03-01,2022,3,gas,provincia,Mendoza,promedio_diario,1830.14168804389,Producción de gas promedio diaria por provincia
2022-03,2022-03-01,2022,3,gas,provincia,Neuquén,promedio_diario,81127.2856129032,Producción de gas promedio diaria por provincia
2022-03,2022-03-01,2022,3,gas,provincia,Rio Negro,promedio_diario,3852.06392580645,Producción de gas promedio diaria por provincia
2022-03,2022-03-01,2022,3,gas,provincia,Salta,promedio_diario,3890.65187096774,Producción de gas promedio diaria por provincia
2022-03,2022-03-01,2022,3,gas,provincia,Santa Cruz,promedio_diario,9219.57782570968,Producción de gas promedio diaria por provincia
2022-03,2022-03-01,2022,3,gas,provincia,Tierra del Fuego,promedio_diario,6394.71651612903,Producción de gas promedio diaria por provincia
2022-04,2022-04-01,2022,4,gas,provincia,Chubut,promedio_diario,7950.621236,Producción de gas promedio diaria por provincia
2022-04,2022-04-01,2022,4,gas,provincia,Estado Nacional,promedio_diario,13640.0909,Producción de gas promedio diaria por provincia
2022-04,2022-04-01,2022,4,gas,provincia,Formosa,promedio_diario,29.2216666666667,Producción de gas promedio diaria por provincia
2022-04,2022-04-01,2022,4,gas,provincia,Jujuy,promedio_diario,8.498,Producción de gas promedio diaria por provincia
2022-04,2022-04-01,2022,4,gas,provincia,La Pampa,promedio_diario,744.283566666667,Producción de gas promedio diaria por provincia
2022-04,2022-04-01,2022,4,gas,provincia,Mendoza,promedio_diario,1836.58910349304,Producción de gas promedio diaria por provincia
2022-04,2022-04-01,2022,4,gas,provincia,Neuquén,promedio_diario,78321.9576666667,Producción de gas promedio diaria por provincia
2022-04,2022-04-01,2022,4,gas,provincia,Rio Negro,promedio_diario,3778.94665333333,Producción de gas promedio diaria por provincia
2022-04,2022-04-01,2022,4,gas,provincia,Salta,promedio_diario,3854.9607,Producción de gas promedio diaria por provincia
2022-04,2022-04-01,2022,4,gas,provincia,Santa Cruz,promedio_diario,8987.82909326667,Producción de gas promedio diaria por provincia
2022-04,2022-04-01,2022,4,gas,provincia,Tierra del Fuego,promedio_diario,8221.0515,Producción de gas promedio diaria por provincia
2022-05,2022-05-01,2022,5,gas,provincia,Chubut,promedio_diario,7949.06796774193,Producción de gas promedio diaria por provincia
2022-05,2022-05-01,2022,5,gas,provincia,Estado Nacional,promedio_diario,13296.3437741935,Producción de gas promedio diaria por provincia
2022-05,2022-05-01,2022,5,gas,provincia,Formosa,promedio_diario,23.6893548387097,Producción de gas promedio diaria por provincia
2022-05,2022-05-01,2022,5,gas,provincia,Jujuy,promedio_diario,8.56064516129032,Producción de gas promedio diaria por provincia
2022-05,2022-05-01,2022,5,gas,provincia,La Pampa,promedio_diario,725.154774193548,Producción de gas promedio diaria por provincia
2022-05,2022-05-01,2022,5,gas,provincia,Mendoza,promedio_diario,1754.60086612886,Producción de gas promedio diaria por provincia
2022-05,2022-05-01,2022,5,gas,provincia,Neuquén,promedio_diario,87392.2123870968,Producción de gas promedio diaria por provincia
2022-05,2022-05-01,2022,5,gas,provincia,Rio Negro,promedio_diario,3829.56913870968,Producción de gas promedio diaria por provincia
2022-05,2022-05-01,2022,5,gas,provincia,Salta,promedio_diario,3814.805,Producción de gas promedio diaria por provincia
2022-05,2022-05-01,2022,5,gas,provincia,Santa Cruz,promedio_diario,9392.56159625807,Producción de gas promedio diaria por provincia
2022-05,2022-05-01,2022,5,gas,provincia,Tierra del Fuego,promedio_diario,8156.82006451613,Producción de gas promedio diaria por provincia
2022-06,2022-06-01,2022,6,gas,provincia,Chubut,promedio_diario,8116.09088666667,Producción de gas promedio diaria por provincia
2022-06,2022-06-01,2022,6,gas,provincia,Estado Nacional,promedio_diario,13621.199,Producción de gas promedio diaria por provincia
2022-06,2022-06-01,2022,6,gas,provincia,Formosa,promedio_diario,18.0233333333333,Producción de gas promedio diaria por provincia
2022-06,2022-06-01,2022,6,gas,provincia,Jujuy,promedio_diario,8.43466666666667,Producción de gas promedio diaria por provincia
2022-06,2022-06-01,2022,6,gas,provincia,La Pampa,promedio_diario,737.927433333333,Producción de gas promedio diaria por provincia
2022-06,2022-06-01,2022,6,gas,provincia,Mendoza,promedio_diario,1753.33363499944,Producción de gas promedio diaria por provincia
2022-06,2022-06-01,2022,6,gas,provincia,Neuquén,promedio_diario,90188.9063,Producción de gas promedio diaria por provincia
2022-06,2022-06-01,2022,6,gas,provincia,Rio Negro,promedio_diario,3928.52349666667,Producción de gas promedio diaria por provincia
2022-06,2022-06-01,2022,6,gas,provincia,Salta,promedio_diario,3797.8056,Producción de gas promedio diaria por provincia
2022-06,2022-06-01,2022,6,gas,provincia,Santa Cruz,promedio_diario,9312.5035978,Producción de gas promedio diaria por provincia
2022-06,2022-06-01,2022,6,gas,provincia,Tierra del Fuego,promedio_diario,8268.3924,Producción de gas promedio diaria por provincia
2022-07,2022-07-01,2022,7,gas,provincia,Chubut,promedio_diario,8047.02290322581,Producción de gas promedio diaria por provincia
2022-07,2022-07-01,2022,7,gas,provincia,Estado Nacional,promedio_diario,13559.9247096774,Producción de gas promedio diaria por provincia
2022-07,2022-07-01,2022,7,gas,provincia,Formosa,promedio_diario,20.9441935483871,Producción de gas promedio diaria por provincia
2022-07,2022-07-01,2022,7,gas,provincia,Jujuy,promedio_diario,8.35274193548387,Producción de gas promedio diaria por provincia
2022-07,2022-07-01,2022,7,gas,provincia,La Pampa,promedio_diario,766.88,Producción de gas promedio diaria por provincia
2022-07,2022-07-01,2022,7,gas,provincia,Mendoza,promedio_diario,1715.58027193553,Producción de gas promedio diaria por provincia
2022-07,2022-07-01,2022,7,gas,provincia,Neuquén,promedio_diario,91157.7333225807,Producción de gas promedio diaria por provincia
2022-07,2022-07-01,2022,7,gas,provincia,Rio Negro,promedio_diario,3996.93705483871,Producción de gas promedio diaria por provincia
2022-07,2022-07-01,2022,7,gas,provincia,Salta,promedio_diario,3801.06016129032,Producción de gas promedio diaria por provincia
2022-07,2022-07-01,2022,7,gas,provincia,Santa Cruz,promedio_diario,9105.00211867742,Producción de gas promedio diaria por provincia
2022-07,2022-07-01,2022,7,gas,provincia,Tierra del Fuego,promedio_diario,8296.24129032258,Producción de gas promedio diaria por provincia
2022-08,2022-08-01,2022,8,gas,provincia,Chubut,promedio_diario,8392.04570322581,Producción de gas promedio diaria por provincia
2022-08,2022-08-01,2022,8,gas,provincia,Estado Nacional,promedio_diario,13471.9402580645,Producción de gas promedio diaria por provincia
2022-08,2022-08-01,2022,8,gas,provincia,Formosa,promedio_diario,21.9696774193548,Producción de gas promedio diaria por provincia
2022-08,2022-08-01,2022,8,gas,provincia,Jujuy,promedio_diario,8.01612903225806,Producción de gas promedio diaria por provincia
2022-08,2022-08-01,2022,8,gas,provincia,La Pampa,promedio_diario,769.641,Producción de gas promedio diaria por provincia
2022-08,2022-08-01,2022,8,gas,provincia,Mendoza,promedio_diario,1736.37245741957,Producción de gas promedio diaria por provincia
2022-08,2022-08-01,2022,8,gas,provincia,Neuquén,promedio_diario,91589.3186774194,Producción de gas promedio diaria por provincia
2022-08,2022-08-01,2022,8,gas,provincia,Rio Negro,promedio_diario,4180.68559032258,Producción de gas promedio diaria por provincia
2022-08,2022-08-01,2022,8,gas,provincia,Salta,promedio_diario,3784.60306451613,Producción de gas promedio diaria por provincia
2022-08,2022-08-01,2022,8,gas,provincia,Santa Cruz,promedio_diario,9496.29525970968,Producción de gas promedio diaria por provincia
2022-08,2022-08-01,2022,8,gas,provincia,Tierra del Fuego,promedio_diario,8327.71470967742,Producción de gas promedio diaria por provincia
2022-09,2022-09-01,2022,9,gas,provincia,Chubut,promedio_diario,8087.7112,Producción de gas promedio diaria por provincia
2022-09,2022-09-01,2022,9,gas,provincia,Estado Nacional,promedio_diario,13437.914,Producción de gas promedio diaria por provincia
2022-09,2022-09-01,2022,9,gas,provincia,Formosa,promedio_diario,17.6833333333333,Producción de gas promedio diaria por provincia
2022-09,2022-09-01,2022,9,gas,provincia,Jujuy,promedio_diario,8.112,Producción de gas promedio diaria por provincia
2022-09,2022-09-01,2022,9,gas,provincia,La Pampa,promedio_diario,764.244866666667,Producción de gas promedio diaria por provincia
2022-09,2022-09-01,2022,9,gas,provincia,Mendoza,promedio_diario,1717.31424033333,Producción de gas promedio diaria por provincia
2022-09,2022-09-01,2022,9,gas,provincia,Neuquén,promedio_diario,86664.2741333333,Producción de gas promedio diaria por provincia
2022-09,2022-09-01,2022,9,gas,provincia,Rio Negro,promedio_diario,4150.58143,Producción de gas promedio diaria por provincia
2022-09,2022-09-01,2022,9,gas,provincia,Salta,promedio_diario,3787.97296666667,Producción de gas promedio diaria por provincia
2022-09,2022-09-01,2022,9,gas,provincia,Santa Cruz,promedio_diario,9476.8722508,Producción de gas promedio diaria por provincia
2022-09,2022-09-01,2022,9,gas,provincia,Tierra del Fuego,promedio_diario,8235.24713333333,Producción de gas promedio diaria por provincia
2022-10,2022-10-01,2022,10,gas,provincia,Chubut,promedio_diario,7897.0688,Producción de gas promedio diaria por provincia
2022-10,2022-10-01,2022,10,gas,provincia,Estado Nacional,promedio_diario,13067.4633225806,Producción de gas promedio diaria por provincia
2022-10,2022-10-01,2022,10,gas,provincia,Formosa,promedio_diario,17.9193548387097,Producción de gas promedio diaria por provincia
2022-10,2022-10-01,2022,10,gas,provincia,Jujuy,promedio_diario,8.19,Producción de gas promedio diaria por provincia
2022-10,2022-10-01,2022,10,gas,provincia,La Pampa,promedio_diario,777.720258064516,Producción de gas promedio diaria por provincia
2022-10,2022-10-01,2022,10,gas,provincia,Mendoza,promedio_diario,1697.15098064323,Producción de gas promedio diaria por provincia
2022-10,2022-10-01,2022,10,gas,provincia,Neuquén,promedio_diario,83840.3451935484,Producción de gas promedio diaria por provincia
2022-10,2022-10-01,2022,10,gas,provincia,Rio Negro,promedio_diario,4049.70751935484,Producción de gas promedio diaria por provincia
2022-10,2022-10-01,2022,10,gas,provincia,Salta,promedio_diario,3765.73332258065,Producción de gas promedio diaria por provincia
2022-10,2022-10-01,2022,10,gas,provincia,Santa Cruz,promedio_diario,9668.93628470968,Producción de gas promedio diaria por provincia
2022-10,2022-10-01,2022,10,gas,provincia,Tierra del Fuego,promedio_diario,8190.87264516129,Producción de gas promedio diaria por provincia
2022-11,2022-11-01,2022,11,gas,provincia,Chubut,promedio_diario,7974.13978666667,Producción de gas promedio diaria por provincia
2022-11,2022-11-01,2022,11,gas,provincia,Estado Nacional,promedio_diario,13227.9858333333,Producción de gas promedio diaria por provincia
2022-11,2022-11-01,2022,11,gas,provincia,Formosa,promedio_diario,20.1333333333333,Producción de gas promedio diaria por provincia
2022-11,2022-11-01,2022,11,gas,provincia,Jujuy,promedio_diario,7.81533333333333,Producción de gas promedio diaria por provincia
2022-11,2022-11-01,2022,11,gas,provincia,La Pampa,promedio_diario,785.375833333333,Producción de gas promedio diaria por provincia
2022-11,2022-11-01,2022,11,gas,provincia,Mendoza,promedio_diario,1671.65388,Producción de gas promedio diaria por provincia
2022-11,2022-11-01,2022,11,gas,provincia,Neuquén,promedio_diario,77990.7773666667,Producción de gas promedio diaria por provincia
2022-11,2022-11-01,2022,11,gas,provincia,Rio Negro,promedio_diario,3975.91955,Producción de gas promedio diaria por provincia
2022-11,2022-11-01,2022,11,gas,provincia,Salta,promedio_diario,3716.54623333333,Producción de gas promedio diaria por provincia
2022-11,2022-11-01,2022,11,gas,provincia,Santa Cruz,promedio_diario,9304.07964666667,Producción de gas promedio diaria por provincia
2022-11,2022-11-01,2022,11,gas,provincia,Tierra del Fuego,promedio_diario,8079.1586,Producción de gas promedio diaria por provincia
2022-12,2022-12-01,2022,12,gas,provincia,Chubut,promedio_diario,7976.5821,Producción de gas promedio diaria por provincia
2022-12,2022-12-01,2022,12,gas,provincia,Estado Nacional,promedio_diario,13213.202516129,Producción de gas promedio diaria por provincia
2022-12,2022-12-01,2022,12,gas,provincia,Formosa,promedio_diario,22.7412903225806,Producción de gas promedio diaria por provincia
2022-12,2022-12-01,2022,12,gas,provincia,Jujuy,promedio_diario,7.76645161290323,Producción de gas promedio diaria por provincia
2022-12,2022-12-01,2022,12,gas,provincia,La Pampa,promedio_diario,745.082677419355,Producción de gas promedio diaria por provincia
2022-12,2022-12-01,2022,12,gas,provincia,Mendoza,promedio_diario,1624.59473709677,Producción de gas promedio diaria por provincia
2022-12,2022-12-01,2022,12,gas,provincia,Neuquén,promedio_diario,80624.9269354839,Producción de gas promedio diaria por provincia
2022-12,2022-12-01,2022,12,gas,provincia,Rio Negro,promedio_diario,3951.48158709677,Producción de gas promedio diaria por provincia
2022-12,2022-12-01,2022,12,gas,provincia,Salta,promedio_diario,3688.47051612903,Producción de gas promedio diaria por provincia
2022-12,2022-12-01,2022,12,gas,provincia,Santa Cruz,promedio_diario,9292.44515609677,Producción de gas promedio diaria por provincia
2022-12,2022-12-01,2022,12,gas,provincia,Tierra del Fuego,promedio_diario,7894.14148387097,Producción de gas promedio diaria por provincia
2023-01,2023-01-01,2023,1,gas,provincia,Chubut,promedio_diario,7773.66729032258,Producción de gas promedio diaria por provincia
2023-01,2023-01-01,2023,1,gas,provincia,Estado Nacional,promedio_diario,13019.4322580645,Producción de gas promedio diaria por provincia
2023-01,2023-01-01,2023,1,gas,provincia,Formosa,promedio_diario,22.0325806451613,Producción de gas promedio diaria por provincia
2023-01,2023-01-01,2023,1,gas,provincia,Jujuy,promedio_diario,7.93096774193548,Producción de gas promedio diaria por provincia
2023-01,2023-01-01,2023,1,gas,provincia,La Pampa,promedio_diario,727.953290322581,Producción de gas promedio diaria por provincia
2023-01,2023-01-01,2023,1,gas,provincia,Mendoza,promedio_diario,1604.81910870968,Producción de gas promedio diaria por provincia
2023-01,2023-01-01,2023,1,gas,provincia,Neuquén,promedio_diario,81237.3338387097,Producción de gas promedio diaria por provincia
2023-01,2023-01-01,2023,1,gas,provincia,Rio Negro,promedio_diario,3836.9182483871,Producción de gas promedio diaria por provincia
2023-01,2023-01-01,2023,1,gas,provincia,Salta,promedio_diario,3680.61529032258,Producción de gas promedio diaria por provincia
2023-01,2023-01-01,2023,1,gas,provincia,Santa Cruz,promedio_diario,9098.75489932258,Producción de gas promedio diaria por provincia
2023-01,2023-01-01,2023,1,gas,provincia,Tierra del Fuego,promedio_diario,8018.6815483871,Producción de gas promedio diaria por provincia
2023-02,2023-02-01,2023,2,gas,provincia,Chubut,promedio_diario,7760.62584642857,Producción de gas promedio diaria por provincia
2023-02,2023-02-01,2023,2,gas,provincia,Estado Nacional,promedio_diario,12937.3452857143,Producción de gas promedio diaria por provincia
2023-02,2023-02-01,2023,2,gas,provincia,Formosa,promedio_diario,21.6785714285714,Producción de gas promedio diaria por provincia
2023-02,2023-02-01,2023,2,gas,provincia,Jujuy,promedio_diario,8.32607142857143,Producción de gas promedio diaria por provincia
2023-02,2023-02-01,2023,2,gas,provincia,La Pampa,promedio_diario,722.15225,Producción de gas promedio diaria por provincia
2023-02,2023-02-01,2023,2,gas,provincia,Mendoza,promedio_diario,1620.9333,Producción de gas promedio diaria por provincia
2023-02,2023-02-01,2023,2,gas,provincia,Neuquén,promedio_diario,82307.0285357143,Producción de gas promedio diaria por provincia
2023-02,2023-02-01,2023,2,gas,provincia,Rio Negro,promedio_diario,3856.77526428571,Producción de gas promedio diaria por provincia
2023-02,2023-02-01,2023,2,gas,provincia,Salta,promedio_diario,3660.28110714286,Producción de gas promedio diaria por provincia
2023-02,2023-02-01,2023,2,gas,provincia,Santa Cruz,promedio_diario,9362.29634075,Producción de gas promedio diaria por provincia
2023-02,2023-02-01,2023,2,gas,provincia,Tierra del Fuego,promedio_diario,7933.841,Producción de gas promedio diaria por provincia
2023-03,2023-03-01,2023,3,gas,provincia,Chubut,promedio_diario,7666.42803225806,Producción de gas promedio diaria por provincia
2023-03,2023-03-01,2023,3,gas,provincia,Estado Nacional,promedio_diario,12885.5437741935,Producción de gas promedio diaria por provincia
2023-03,2023-03-01,2023,3,gas,provincia,Formosa,promedio_diario,20.4838709677419,Producción de gas promedio diaria por provincia
2023-03,2023-03-01,2023,3,gas,provincia,Jujuy,promedio_diario,8.1841935483871,Producción de gas promedio diaria por provincia
2023-03,2023-03-01,2023,3,gas,provincia,La Pampa,promedio_diario,697.934516129032,Producción de gas promedio diaria por provincia
2023-03,2023-03-01,2023,3,gas,provincia,Mendoza,promedio_diario,1602.38187322581,Producción de gas promedio diaria por provincia
2023-03,2023-03-01,2023,3,gas,provincia,Neuquén,promedio_diario,81668.3524193548,Producción de gas promedio diaria por provincia
2023-03,2023-03-01,2023,3,gas,provincia,Rio Negro,promedio_diario,3658.57470322581,Producción de gas promedio diaria por provincia
2023-03,2023-03-01,2023,3,gas,provincia,Salta,promedio_diario,3606.73183870968,Producción de gas promedio diaria por provincia
2023-03,2023-03-01,2023,3,gas,provincia,Santa Cruz,promedio_diario,9149.21938764516,Producción de gas promedio diaria por provincia
2023-03,2023-03-01,2023,3,gas,provincia,Tierra del Fuego,promedio_diario,7889.91732258065,Producción de gas promedio diaria por provincia
2023-04,2023-04-01,2023,4,gas,provincia,Chubut,promedio_diario,7405.07218333333,Producción de gas promedio diaria por provincia
2023-04,2023-04-01,2023,4,gas,provincia,Estado Nacional,promedio_diario,12257.0247333333,Producción de gas promedio diaria por provincia
2023-04,2023-04-01,2023,4,gas,provincia,Formosa,promedio_diario,20.0333333333333,Producción de gas promedio diaria por provincia
2023-04,2023-04-01,2023,4,gas,provincia,Jujuy,promedio_diario,8.071,Producción de gas promedio diaria por provincia
2023-04,2023-04-01,2023,4,gas,provincia,La Pampa,promedio_diario,689.9738,Producción de gas promedio diaria por provincia
2023-04,2023-04-01,2023,4,gas,provincia,Mendoza,promedio_diario,1614.05403833333,Producción de gas promedio diaria por provincia
2023-04,2023-04-01,2023,4,gas,provincia,Neuquén,promedio_diario,83123.1233666667,Producción de gas promedio diaria por provincia
2023-04,2023-04-01,2023,4,gas,provincia,Rio Negro,promedio_diario,3678.55371333333,Producción de gas promedio diaria por provincia
2023-04,2023-04-01,2023,4,gas,provincia,Salta,promedio_diario,3593.55103333333,Producción de gas promedio diaria por provincia
2023-04,2023-04-01,2023,4,gas,provincia,Santa Cruz,promedio_diario,8814.32673643333,Producción de gas promedio diaria por provincia
2023-04,2023-04-01,2023,4,gas,provincia,Tierra del Fuego,promedio_diario,7579.20853333333,Producción de gas promedio diaria por provincia
2023-05,2023-05-01,2023,5,gas,provincia,Chubut,promedio_diario,7566.73769677419,Producción de gas promedio diaria por provincia
2023-05,2023-05-01,2023,5,gas,provincia,Estado Nacional,promedio_diario,12726.1235483871,Producción de gas promedio diaria por provincia
2023-05,2023-05-01,2023,5,gas,provincia,Formosa,promedio_diario,21.8064516129032,Producción de gas promedio diaria por provincia
2023-05,2023-05-01,2023,5,gas,provincia,Jujuy,promedio_diario,8.03887096774194,Producción de gas promedio diaria por provincia
2023-05,2023-05-01,2023,5,gas,provincia,La Pampa,promedio_diario,702.860225806452,Producción de gas promedio diaria por provincia
2023-05,2023-05-01,2023,5,gas,provincia,Mendoza,promedio_diario,1604.17789516129,Producción de gas promedio diaria por provincia
2023-05,2023-05-01,2023,5,gas,provincia,Neuquén,promedio_diario,88098.0709677419,Producción de gas promedio diaria por provincia
2023-05,2023-05-01,2023,5,gas,provincia,Rio Negro,promedio_diario,3582.49600322581,Producción de gas promedio diaria por provincia
2023-05,2023-05-01,2023,5,gas,provincia,Salta,promedio_diario,3571.77887096774,Producción de gas promedio diaria por provincia
2023-05,2023-05-01,2023,5,gas,provincia,Santa Cruz,promedio_diario,9408.23574970968,Producción de gas promedio diaria por provincia
2023-05,2023-05-01,2023,5,gas,provincia,Tierra del Fuego,promedio_diario,7684.65338709677,Producción de gas promedio diaria por provincia
2023-06,2023-06-01,2023,6,gas,provincia,Chubut,promedio_diario,7723.27638,Producción de gas promedio diaria por provincia
2023-06,2023-06-01,2023,6,gas,provincia,Estado Nacional,promedio_diario,12884.5678,Producción de gas promedio diaria por provincia
2023-06,2023-06-01,2023,6,gas,provincia,Formosa,promedio_diario,20.5,Producción de gas promedio diaria por provincia
2023-06,2023-06-01,2023,6,gas,provincia,Jujuy,promedio_diario,7.461,Producción de gas promedio diaria por provincia
2023-06,2023-06-01,2023,6,gas,provincia,La Pampa,promedio_diario,706.287233333333,Producción de gas promedio diaria por provincia
2023-06,2023-06-01,2023,6,gas,provincia,Mendoza,promedio_diario,1586.176514,Producción de gas promedio diaria por provincia
2023-06,2023-06-01,2023,6,gas,provincia,Neuquén,promedio_diario,91024.6513333333,Producción de gas promedio diaria por provincia
2023-06,2023-06-01,2023,6,gas,provincia,Rio Negro,promedio_diario,3556.63799,Producción de gas promedio diaria por provincia
2023-06,2023-06-01,2023,6,gas,provincia,Salta,promedio_diario,3560.25563333333,Producción de gas promedio diaria por provincia
2023-06,2023-06-01,2023,6,gas,provincia,Santa Cruz,promedio_diario,9310.47953053333,Producción de gas promedio diaria por provincia
2023-06,2023-06-01,2023,6,gas,provincia,Tierra del Fuego,promedio_diario,7837.4619,Producción de gas promedio diaria por provincia
2023-07,2023-07-01,2023,7,gas,provincia,Chubut,promedio_diario,7835.44588709677,Producción de gas promedio diaria por provincia
2023-07,2023-07-01,2023,7,gas,provincia,Estado Nacional,promedio_diario,12770.4767419355,Producción de gas promedio diaria por provincia
2023-07,2023-07-01,2023,7,gas,provincia,Formosa,promedio_diario,19.29,Producción de gas promedio diaria por provincia
2023-07,2023-07-01,2023,7,gas,provincia,Jujuy,promedio_diario,7.9541935483871,Producción de gas promedio diaria por provincia
2023-07,2023-07-01,2023,7,gas,provincia,La Pampa,promedio_diario,688.120677419355,Producción de gas promedio diaria por provincia
2023-07,2023-07-01,2023,7,gas,provincia,Mendoza,promedio_diario,1567.07979870968,Producción de gas promedio diaria por provincia
2023-07,2023-07-01,2023,7,gas,provincia,Neuquén,promedio_diario,91424.061516129,Producción de gas promedio diaria por provincia
2023-07,2023-07-01,2023,7,gas,provincia,Rio Negro,promedio_diario,3604.15974516129,Producción de gas promedio diaria por provincia
2023-07,2023-07-01,2023,7,gas,provincia,Salta,promedio_diario,3540.41674193548,Producción de gas promedio diaria por provincia
2023-07,2023-07-01,2023,7,gas,provincia,Santa Cruz,promedio_diario,9020.54804616129,Producción de gas promedio diaria por provincia
2023-07,2023-07-01,2023,7,gas,provincia,Tierra del Fuego,promedio_diario,7689.74351612903,Producción de gas promedio diaria por provincia
2023-08,2023-08-01,2023,8,gas,provincia,Chubut,promedio_diario,7826.57696129032,Producción de gas promedio diaria por provincia
2023-08,2023-08-01,2023,8,gas,provincia,Estado Nacional,promedio_diario,12707.0543225806,Producción de gas promedio diaria por provincia
2023-08,2023-08-01,2023,8,gas,provincia,Formosa,promedio_diario,17.1935483870968,Producción de gas promedio diaria por provincia
2023-08,2023-08-01,2023,8,gas,provincia,Jujuy,promedio_diario,8.00741935483871,Producción de gas promedio diaria por provincia
2023-08,2023-08-01,2023,8,gas,provincia,La Pampa,promedio_diario,667.758258064516,Producción de gas promedio diaria por provincia
2023-08,2023-08-01,2023,8,gas,provincia,Mendoza,promedio_diario,1526.54328129032,Producción de gas promedio diaria por provincia
2023-08,2023-08-01,2023,8,gas,provincia,Neuquén,promedio_diario,97812.1107677419,Producción de gas promedio diaria por provincia
2023-08,2023-08-01,2023,8,gas,provincia,Rio Negro,promedio_diario,3582.02260967742,Producción de gas promedio diaria por provincia
2023-08,2023-08-01,2023,8,gas,provincia,Salta,promedio_diario,3513.74648387097,Producción de gas promedio diaria por provincia
2023-08,2023-08-01,2023,8,gas,provincia,Santa Cruz,promedio_diario,9178.66656074194,Producción de gas promedio diaria por provincia
2023-08,2023-08-01,2023,8,gas,provincia,Tierra del Fuego,promedio_diario,7580.45587096774,Producción de gas promedio diaria por provincia
2023-09,2023-09-01,2023,9,gas,provincia,Chubut,promedio_diario,7790.29915,Producción de gas promedio diaria por provincia
2023-09,2023-09-01,2023,9,gas,provincia,Estado Nacional,promedio_diario,12621.0612333333,Producción de gas promedio diaria por provincia
2023-09,2023-09-01,2023,9,gas,provincia,Formosa,promedio_diario,17.9996666666667,Producción de gas promedio diaria por provincia
2023-09,2023-09-01,2023,9,gas,provincia,Jujuy,promedio_diario,8.03866666666667,Producción de gas promedio diaria por provincia
2023-09,2023-09-01,2023,9,gas,provincia,La Pampa,promedio_diario,690.660366666667,Producción de gas promedio diaria por provincia
2023-09,2023-09-01,2023,9,gas,provincia,Mendoza,promedio_diario,1500.01844666667,Producción de gas promedio diaria por provincia
2023-09,2023-09-01,2023,9,gas,provincia,Neuquén,promedio_diario,96818.7271666667,Producción de gas promedio diaria por provincia
2023-09,2023-09-01,2023,9,gas,provincia,Rio Negro,promedio_diario,3555.44948333333,Producción de gas promedio diaria por provincia
2023-09,2023-09-01,2023,9,gas,provincia,Salta,promedio_diario,3482.01883333333,Producción de gas promedio diaria por provincia
2023-09,2023-09-01,2023,9,gas,provincia,Santa Cruz,promedio_diario,9200.30811936667,Producción de gas promedio diaria por provincia
2023-09,2023-09-01,2023,9,gas,provincia,Tierra del Fuego,promedio_diario,7546.196,Producción de gas promedio diaria por provincia
2023-10,2023-10-01,2023,10,gas,provincia,Chubut,promedio_diario,7788.54353225807,Producción de gas promedio diaria por provincia
2023-10,2023-10-01,2023,10,gas,provincia,Estado Nacional,promedio_diario,12330.9235483871,Producción de gas promedio diaria por provincia
2023-10,2023-10-01,2023,10,gas,provincia,Formosa,promedio_diario,17.6451612903226,Producción de gas promedio diaria por provincia
2023-10,2023-10-01,2023,10,gas,provincia,Jujuy,promedio_diario,7.71290322580645,Producción de gas promedio diaria por provincia
2023-10,2023-10-01,2023,10,gas,provincia,La Pampa,promedio_diario,684.751516129032,Producción de gas promedio diaria por provincia
2023-10,2023-10-01,2023,10,gas,provincia,Mendoza,promedio_diario,1527.57138709677,Producción de gas promedio diaria por provincia
2023-10,2023-10-01,2023,10,gas,provincia,Neuquén,promedio_diario,79963.0660967742,Producción de gas promedio diaria por provincia
2023-10,2023-10-01,2023,10,gas,provincia,Rio Negro,promedio_diario,3543.14063548387,Producción de gas promedio diaria por provincia
2023-10,2023-10-01,2023,10,gas,provincia,Salta,promedio_diario,3468.72451612903,Producción de gas promedio diaria por provincia
2023-10,2023-10-01,2023,10,gas,provincia,Santa Cruz,promedio_diario,9537.95158283871,Producción de gas promedio diaria por provincia
2023-10,2023-10-01,2023,10,gas,provincia,Tierra del Fuego,promedio_diario,7110.37664516129,Producción de gas promedio diaria por provincia
2023-11,2023-11-01,2023,11,gas,provincia,Chubut,promedio_diario,7516.84263333333,Producción de gas promedio diaria por provincia
2023-11,2023-11-01,2023,11,gas,provincia,Estado Nacional,promedio_diario,11363.0586666667,Producción de gas promedio diaria por provincia
2023-11,2023-11-01,2023,11,gas,provincia,Formosa,promedio_diario,16.9333333333333,Producción de gas promedio diaria por provincia
2023-11,2023-11-01,2023,11,gas,provincia,Jujuy,promedio_diario,8.008,Producción de gas promedio diaria por provincia
2023-11,2023-11-01,2023,11,gas,provincia,La Pampa,promedio_diario,651.1527,Producción de gas promedio diaria por provincia
2023-11,2023-11-01,2023,11,gas,provincia,Mendoza,promedio_diario,1538.79836666667,Producción de gas promedio diaria por provincia
2023-11,2023-11-01,2023,11,gas,provincia,Neuquén,promedio_diario,82223.0292666667,Producción de gas promedio diaria por provincia
2023-11,2023-11-01,2023,11,gas,provincia,Rio Negro,promedio_diario,3390.72777333333,Producción de gas promedio diaria por provincia
2023-11,2023-11-01,2023,11,gas,provincia,Salta,promedio_diario,3442.5296,Producción de gas promedio diaria por provincia
2023-11,2023-11-01,2023,11,gas,provincia,Santa Cruz,promedio_diario,9133.32695326667,Producción de gas promedio diaria por provincia
2023-11,2023-11-01,2023,11,gas,provincia,Tierra del Fuego,promedio_diario,7046.2833,Producción de gas promedio diaria por provincia
2023-12,2023-12-01,2023,12,gas,provincia,Chubut,promedio_diario,7544.09695806452,Producción de gas promedio diaria por provincia
2023-12,2023-12-01,2023,12,gas,provincia,Estado Nacional,promedio_diario,10763.8956774194,Producción de gas promedio diaria por provincia
2023-12,2023-12-01,2023,12,gas,provincia,Formosa,promedio_diario,16.0967741935484,Producción de gas promedio diaria por provincia
2023-12,2023-12-01,2023,12,gas,provincia,Jujuy,promedio_diario,7.80677419354839,Producción de gas promedio diaria por provincia
2023-12,2023-12-01,2023,12,gas,provincia,La Pampa,promedio_diario,630.056290322581,Producción de gas promedio diaria por provincia
2023-12,2023-12-01,2023,12,gas,provincia,Mendoza,promedio_diario,1543.01619677419,Producción de gas promedio diaria por provincia
2023-12,2023-12-01,2023,12,gas,provincia,Neuquén,promedio_diario,72547.6598064516,Producción de gas promedio diaria por provincia
2023-12,2023-12-01,2023,12,gas,provincia,Rio Negro,promedio_diario,3328.55330322581,Producción de gas promedio diaria por provincia
2023-12,2023-12-01,2023,12,gas,provincia,Salta,promedio_diario,3427.96148387097,Producción de gas promedio diaria por provincia
2023-12,2023-12-01,2023,12,gas,provincia,Santa Cruz,promedio_diario,9172.44389390323,Producción de gas promedio diaria por provincia
2023-12,2023-12-01,2023,12,gas,provincia,Tierra del Fuego,promedio_diario,5180.04906451613,Producción de gas promedio diaria por provincia
2024-01,2024-01-01,2024,1,gas,provincia,Chubut,promedio_diario,7335.97167741935,Producción de gas promedio diaria por provincia
2024-01,2024-01-01,2024,1,gas,provincia,Estado Nacional,promedio_diario,11916.9767096774,Producción de gas promedio diaria por provincia
2024-01,2024-01-01,2024,1,gas,provincia,Formosa,promedio_diario,17.9677419354839,Producción de gas promedio diaria por provincia
2024-01,2024-01-01,2024,1,gas,provincia,Jujuy,promedio_diario,7.54774193548387,Producción de gas promedio diaria por provincia
2024-01,2024-01-01,2024,1,gas,provincia,La Pampa,promedio_diario,640.374451612903,Producción de gas promedio diaria por provincia
2024-01,2024-01-01,2024,1,gas,provincia,Mendoza,promedio_diario,1504.60806451613,Producción de gas promedio diaria por provincia
2024-01,2024-01-01,2024,1,gas,provincia,Neuquén,promedio_diario,81862.9990322581,Producción de gas promedio diaria por provincia
2024-01,2024-01-01,2024,1,gas,provincia,Rio Negro,promedio_diario,3302.79832903226,Producción de gas promedio diaria por provincia
2024-01,2024-01-01,2024,1,gas,provincia,Salta,promedio_diario,3400.04583870968,Producción de gas promedio diaria por provincia
2024-01,2024-01-01,2024,1,gas,provincia,Santa Cruz,promedio_diario,9202.26466354839,Producción de gas promedio diaria por provincia
2024-01,2024-01-01,2024,1,gas,provincia,Tierra del Fuego,promedio_diario,4612.32367741936,Producción de gas promedio diaria por provincia
2024-02,2024-02-01,2024,2,gas,provincia,Chubut,promedio_diario,7453.893,Producción de gas promedio diaria por provincia
2024-02,2024-02-01,2024,2,gas,provincia,Estado Nacional,promedio_diario,11852.4873103448,Producción de gas promedio diaria por provincia
2024-02,2024-02-01,2024,2,gas,provincia,Formosa,promedio_diario,16.1379310344828,Producción de gas promedio diaria por provincia
2024-02,2024-02-01,2024,2,gas,provincia,Jujuy,promedio_diario,7.70275862068966,Producción de gas promedio diaria por provincia
2024-02,2024-02-01,2024,2,gas,provincia,La Pampa,promedio_diario,641.580206896552,Producción de gas promedio diaria por provincia
2024-02,2024-02-01,2024,2,gas,provincia,Mendoza,promedio_diario,1500.76968965517,Producción de gas promedio diaria por provincia
2024-02,2024-02-01,2024,2,gas,provincia,Neuquén,promedio_diario,89373.1281034483,Producción de gas promedio diaria por provincia
2024-02,2024-02-01,2024,2,gas,provincia,Rio Negro,promedio_diario,3333.71565172414,Producción de gas promedio diaria por provincia
2024-02,2024-02-01,2024,2,gas,provincia,Salta,promedio_diario,3387.86524137931,Producción de gas promedio diaria por provincia
2024-02,2024-02-01,2024,2,gas,provincia,Santa Cruz,promedio_diario,8958.45837734483,Producción de gas promedio diaria por provincia
2024-02,2024-02-01,2024,2,gas,provincia,Tierra del Fuego,promedio_diario,7530.98313793103,Producción de gas promedio diaria por provincia
2024-03,2024-03-01,2024,3,gas,provincia,Chubut,promedio_diario,7221.76903225806,Producción de gas promedio diaria por provincia
2024-03,2024-03-01,2024,3,gas,provincia,Estado Nacional,promedio_diario,11749.405516129,Producción de gas promedio diaria por provincia
2024-03,2024-03-01,2024,3,gas,provincia,Formosa,promedio_diario,15.8064516129032,Producción de gas promedio diaria por provincia
2024-03,2024-03-01,2024,3,gas,provincia,Jujuy,promedio_diario,7.95870967741936,Producción de gas promedio diaria por provincia
2024-03,2024-03-01,2024,3,gas,provincia,La Pampa,promedio_diario,629.607161290323,Producción de gas promedio diaria por provincia
2024-03,2024-03-01,2024,3,gas,provincia,Mendoza,promedio_diario,1503.81793548387,Producción de gas promedio diaria por provincia
2024-03,2024-03-01,2024,3,gas,provincia,Neuquén,promedio_diario,90219.5530967742,Producción de gas promedio diaria por provincia
2024-03,2024-03-01,2024,3,gas,provincia,Rio Negro,promedio_diario,3474.62696774194,Producción de gas promedio diaria por provincia
2024-03,2024-03-01,2024,3,gas,provincia,Salta,promedio_diario,3373.12464516129,Producción de gas promedio diaria por provincia
2024-03,2024-03-01,2024,3,gas,provincia,Santa Cruz,promedio_diario,9059.107726,Producción de gas promedio diaria por provincia
2024-03,2024-03-01,2024,3,gas,provincia,Tierra del Fuego,promedio_diario,7403.43274193548,Producción de gas promedio diaria por provincia
2024-04,2024-04-01,2024,4,gas,provincia,Chubut,promedio_diario,7009.46064333333,Producción de gas promedio diaria por provincia
2024-04,2024-04-01,2024,4,gas,provincia,Estado Nacional,promedio_diario,11760.6049333333,Producción de gas promedio diaria por provincia
2024-04,2024-04-01,2024,4,gas,provincia,Formosa,promedio_diario,14.0,Producción de gas promedio diaria por provincia
2024-04,2024-04-01,2024,4,gas,provincia,Jujuy,promedio_diario,7.618,Producción de gas promedio diaria por provincia
2024-04,2024-04-01,2024,4,gas,provincia,La Pampa,promedio_diario,618.7953,Producción de gas promedio diaria por provincia
2024-04,2024-04-01,2024,4,gas,provincia,Mendoza,promedio_diario,1513.6001,Producción de gas promedio diaria por provincia
2024-04,2024-04-01,2024,4,gas,provincia,Neuquén,promedio_diario,92345.7849,Producción de gas promedio diaria por provincia
2024-04,2024-04-01,2024,4,gas,provincia,Rio Negro,promedio_diario,3500.46742,Producción de gas promedio diaria por provincia
2024-04,2024-04-01,2024,4,gas,provincia,Salta,promedio_diario,3360.52466666667,Producción de gas promedio diaria por provincia
2024-04,2024-04-01,2024,4,gas,provincia,Santa Cruz,promedio_diario,9062.1342304,Producción de gas promedio diaria por provincia
2024-04,2024-04-01,2024,4,gas,provincia,Tierra del Fuego,promedio_diario,6964.48686666667,Producción de gas promedio diaria por provincia
2024-05,2024-05-01,2024,5,gas,provincia,Chubut,promedio_diario,7026.61987096774,Producción de gas promedio diaria por provincia
2024-05,2024-05-01,2024,5,gas,provincia,Estado Nacional,promedio_diario,12208.6411290323,Producción de gas promedio diaria por provincia
2024-05,2024-05-01,2024,5,gas,provincia,Formosa,promedio_diario,14.0,Producción de gas promedio diaria por provincia
2024-05,2024-05-01,2024,5,gas,provincia,Jujuy,promedio_diario,7.95322580645161,Producción de gas promedio diaria por provincia
2024-05,2024-05-01,2024,5,gas,provincia,La Pampa,promedio_diario,603.42564516129,Producción de gas promedio diaria por provincia
2024-05,2024-05-01,2024,5,gas,provincia,Mendoza,promedio_diario,1550.12948387097,Producción de gas promedio diaria por provincia
2024-05,2024-05-01,2024,5,gas,provincia,Neuquén,promedio_diario,105586.312,Producción de gas promedio diaria por provincia
2024-05,2024-05-01,2024,5,gas,provincia,Rio Negro,promedio_diario,3357.85946451613,Producción de gas promedio diaria por provincia
2024-05,2024-05-01,2024,5,gas,provincia,Salta,promedio_diario,3356.08070967742,Producción de gas promedio diaria por provincia
2024-05,2024-05-01,2024,5,gas,provincia,Santa Cruz,promedio_diario,9187.83242280645,Producción de gas promedio diaria por provincia
2024-05,2024-05-01,2024,5,gas,provincia,Tierra del Fuego,promedio_diario,7242.04516129032,Producción de gas promedio diaria por provincia
2024-06,2024-06-01,2024,6,gas,provincia,Chubut,promedio_diario,6757.00954666667,Producción de gas promedio diaria por provincia
2024-06,2024-06-01,2024,6,gas,provincia,Estado Nacional,promedio_diario,12198.5958666667,Producción de gas promedio diaria por provincia
2024-06,2024-06-01,2024,6,gas,provincia,Formosa,promedio_diario,13.6666666666667,Producción de gas promedio diaria por provincia
2024-06,2024-06-01,2024,6,gas,provincia,Jujuy,promedio_diario,7.56433333333333,Producción de gas promedio diaria por provincia
2024-06,2024-06-01,2024,6,gas,provincia,La Pampa,promedio_diario,596.255133333333,Producción de gas promedio diaria por provincia
2024-06,2024-06-01,2024,6,gas,provincia,Mendoza,promedio_diario,1560.13876666667,Producción de gas promedio diaria por provincia
2024-06,2024-06-01,2024,6,gas,provincia,Neuquén,promedio_diario,104224.627166667,Producción de gas promedio diaria por provincia
2024-06,2024-06-01,2024,6,gas,provincia,Rio Negro,promedio_diario,3300.74680666667,Producción de gas promedio diaria por provincia
2024-06,2024-06-01,2024,6,gas,provincia,Salta,promedio_diario,3324.97526666667,Producción de gas promedio diaria por provincia
2024-06,2024-06-01,2024,6,gas,provincia,Santa Cruz,promedio_diario,8643.24269256667,Producción de gas promedio diaria por provincia
2024-06,2024-06-01,2024,6,gas,provincia,Tierra del Fuego,promedio_diario,6930.4564,Producción de gas promedio diaria por provincia
2024-07,2024-07-01,2024,7,gas,provincia,Chubut,promedio_diario,6786.73182903226,Producción de gas promedio diaria por provincia
2024-07,2024-07-01,2024,7,gas,provincia,Estado Nacional,promedio_diario,12183.7381935484,Producción de gas promedio diaria por provincia
2024-07,2024-07-01,2024,7,gas,provincia,Formosa,promedio_diario,12.4516129032258,Producción de gas promedio diaria por provincia
2024-07,2024-07-01,2024,7,gas,provincia,Jujuy,promedio_diario,7.52322580645161,Producción de gas promedio diaria por provincia
2024-07,2024-07-01,2024,7,gas,provincia,La Pampa,promedio_diario,592.81135483871,Producción de gas promedio diaria por provincia
2024-07,2024-07-01,2024,7,gas,provincia,Mendoza,promedio_diario,1481.48741935484,Producción de gas promedio diaria por provincia
2024-07,2024-07-01,2024,7,gas,provincia,Neuquén,promedio_diario,109128.464387097,Producción de gas promedio diaria por provincia
2024-07,2024-07-01,2024,7,gas,provincia,Rio Negro,promedio_diario,3247.1556516129,Producción de gas promedio diaria por provincia
2024-07,2024-07-01,2024,7,gas,provincia,Salta,promedio_diario,3319.26541935484,Producción de gas promedio diaria por provincia
2024-07,2024-07-01,2024,7,gas,provincia,Santa Cruz,promedio_diario,8135.60518864516,Producción de gas promedio diaria por provincia
2024-07,2024-07-01,2024,7,gas,provincia,Tierra del Fuego,promedio_diario,7009.64577419355,Producción de gas promedio diaria por provincia
2024-08,2024-08-01,2024,8,gas,provincia,Chubut,promedio_diario,7190.17491290323,Producción de gas promedio diaria por provincia
2024-08,2024-08-01,2024,8,gas,provincia,Estado Nacional,promedio_diario,12047.3542903226,Producción de gas promedio diaria por provincia
2024-08,2024-08-01,2024,8,gas,provincia,Formosa,promedio_diario,12.8709677419355,Producción de gas promedio diaria por provincia
2024-08,2024-08-01,2024,8,gas,provincia,Jujuy,promedio_diario,7.51096774193548,Producción de gas promedio diaria por provincia
2024-08,2024-08-01,2024,8,gas,provincia,La Pampa,promedio_diario,566.978741935484,Producción de gas promedio diaria por provincia
2024-08,2024-08-01,2024,8,gas,provincia,Mendoza,promedio_diario,1516.83087096774,Producción de gas promedio diaria por provincia
2024-08,2024-08-01,2024,8,gas,provincia,Neuquén,promedio_diario,109639.803548387,Producción de gas promedio diaria por provincia
2024-08,2024-08-01,2024,8,gas,provincia,Rio Negro,promedio_diario,3261.35035483871,Producción de gas promedio diaria por provincia
2024-08,2024-08-01,2024,8,gas,provincia,Salta,promedio_diario,3348.13867741935,Producción de gas promedio diaria por provincia
2024-08,2024-08-01,2024,8,gas,provincia,Santa Cruz,promedio_diario,8531.57731248387,Producción de gas promedio diaria por provincia
2024-08,2024-08-01,2024,8,gas,provincia,Tierra del Fuego,promedio_diario,6909.8715483871,Producción de gas promedio diaria por provincia
2024-09,2024-09-01,2024,9,gas,provincia,Chubut,promedio_diario,7157.64836666667,Producción de gas promedio diaria por provincia
2024-09,2024-09-01,2024,9,gas,provincia,Estado Nacional,promedio_diario,12708.1154333333,Producción de gas promedio diaria por provincia
2024-09,2024-09-01,2024,9,gas,provincia,Formosa,promedio_diario,12.1666666666667,Producción de gas promedio diaria por provincia
2024-09,2024-09-01,2024,9,gas,provincia,Jujuy,promedio_diario,7.62466666666667,Producción de gas promedio diaria por provincia
2024-09,2024-09-01,2024,9,gas,provincia,La Pampa,promedio_diario,564.1529,Producción de gas promedio diaria por provincia
2024-09,2024-09-01,2024,9,gas,provincia,Mendoza,promedio_diario,1462.70506666667,Producción de gas promedio diaria por provincia
2024-09,2024-09-01,2024,9,gas,provincia,Neuquén,promedio_diario,103723.6191,Producción de gas promedio diaria por provincia
2024-09,2024-09-01,2024,9,gas,provincia,Rio Negro,promedio_diario,3185.91687,Producción de gas promedio diaria por provincia
2024-09,2024-09-01,2024,9,gas,provincia,Salta,promedio_diario,3343.97923333333,Producción de gas promedio diaria por provincia
2024-09,2024-09-01,2024,9,gas,provincia,Santa Cruz,promedio_diario,8684.6022066,Producción de gas promedio diaria por provincia
2024-09,2024-09-01,2024,9,gas,provincia,Tierra del Fuego,promedio_diario,6368.1545,Producción de gas promedio diaria por provincia
2024-10,2024-10-01,2024,10,gas,provincia,Chubut,promedio_diario,6983.33267096774,Producción de gas promedio diaria por provincia
2024-10,2024-10-01,2024,10,gas,provincia,Estado Nacional,promedio_diario,15873.9455483871,Producción de gas promedio diaria por provincia
2024-10,2024-10-01,2024,10,gas,provincia,Formosa,promedio_diario,11.0,Producción de gas promedio diaria por provincia
2024-10,2024-10-01,2024,10,gas,provincia,Jujuy,promedio_diario,7.52064516129032,Producción de gas promedio diaria por provincia
2024-10,2024-10-01,2024,10,gas,provincia,La Pampa,promedio_diario,554.557516129032,Producción de gas promedio diaria por provincia
2024-10,2024-10-01,2024,10,gas,provincia,Mendoza,promedio_diario,1522.91687096774,Producción de gas promedio diaria por provincia
2024-10,2024-10-01,2024,10,gas,provincia,Neuquén,promedio_diario,88057.558743159,Producción de gas promedio diaria por provincia
2024-10,2024-10-01,2024,10,gas,provincia,Rio Negro,promedio_diario,3005.41437419355,Producción de gas promedio diaria por provincia
2024-10,2024-10-01,2024,10,gas,provincia,Salta,promedio_diario,3388.5695483871,Producción de gas promedio diaria por provincia
2024-10,2024-10-01,2024,10,gas,provincia,Santa Cruz,promedio_diario,8813.67275296774,Producción de gas promedio diaria por provincia
2024-10,2024-10-01,2024,10,gas,provincia,Tierra del Fuego,promedio_diario,4945.29867741935,Producción de gas promedio diaria por provincia
2024-11,2024-11-01,2024,11,gas,provincia,Chubut,promedio_diario,6546.54939,Producción de gas promedio diaria por provincia
2024-11,2024-11-01,2024,11,gas,provincia,Estado Nacional,promedio_diario,15002.8229,Producción de gas promedio diaria por provincia
2024-11,2024-11-01,2024,11,gas,provincia,Formosa,promedio_diario,14.6,Producción de gas promedio diaria por provincia
2024-11,2024-11-01,2024,11,gas,provincia,Jujuy,promedio_diario,7.519,Producción de gas promedio diaria por provincia
2024-11,2024-11-01,2024,11,gas,provincia,La Pampa,promedio_diario,551.776566666667,Producción de gas promedio diaria por provincia
2024-11,2024-11-01,2024,11,gas,provincia,Mendoza,promedio_diario,1534.31213333333,Producción de gas promedio diaria por provincia
2024-11,2024-11-01,2024,11,gas,provincia,Neuquén,promedio_diario,83696.8368333333,Producción de gas promedio diaria por provincia
2024-11,2024-11-01,2024,11,gas,provincia,Rio Negro,promedio_diario,3070.46662666667,Producción de gas promedio diaria por provincia
2024-11,2024-11-01,2024,11,gas,provincia,Salta,promedio_diario,3353.24616666667,Producción de gas promedio diaria por provincia
2024-11,2024-11-01,2024,11,gas,provincia,Santa Cruz,promedio_diario,8645.38387866667,Producción de gas promedio diaria por provincia
2024-11,2024-11-01,2024,11,gas,provincia,Tierra del Fuego,promedio_diario,4753.886,Producción de gas promedio diaria por provincia
2024-12,2024-12-01,2024,12,gas,provincia,Chubut,promedio_diario,6740.53687096774,Producción de gas promedio diaria por provincia
2024-12,2024-12-01,2024,12,gas,provincia,Estado Nacional,promedio_diario,14176.652,Producción de gas promedio diaria por provincia
2024-12,2024-12-01,2024,12,gas,provincia,Formosa,promedio_diario,14.0677419354839,Producción de gas promedio diaria por provincia
2024-12,2024-12-01,2024,12,gas,provincia,Jujuy,promedio_diario,7.32032258064516,Producción de gas promedio diaria por provincia
2024-12,2024-12-01,2024,12,gas,provincia,La Pampa,promedio_diario,526.514451612903,Producción de gas promedio diaria por provincia
2024-12,2024-12-01,2024,12,gas,provincia,Mendoza,promedio_diario,1502.65648387097,Producción de gas promedio diaria por provincia
2024-12,2024-12-01,2024,12,gas,provincia,Neuquén,promedio_diario,82241.0800322581,Producción de gas promedio diaria por provincia
2024-12,2024-12-01,2024,12,gas,provincia,Rio Negro,promedio_diario,3032.87784193548,Producción de gas promedio diaria por provincia
2024-12,2024-12-01,2024,12,gas,provincia,Salta,promedio_diario,3335.1994516129,Producción de gas promedio diaria por provincia
2024-12,2024-12-01,2024,12,gas,provincia,Santa Cruz,promedio_diario,8741.94581903226,Producción de gas promedio diaria por provincia
2024-12,2024-12-01,2024,12,gas,provincia,Tierra del Fuego,promedio_diario,4164.97493548387,Producción de gas promedio diaria por provincia
2025-01,2025-01-01,2025,1,gas,provincia,Chubut,promedio_diario,6587.48708387097,Producción de gas promedio diaria por provincia
2025-01,2025-01-01,2025,1,gas,provincia,Estado Nacional,promedio_diario,19524.0200967742,Producción de gas promedio diaria por provincia
2025-01,2025-01-01,2025,1,gas,provincia,Formosa,promedio_diario,12.7774193548387,Producción de gas promedio diaria por provincia
2025-01,2025-01-01,2025,1,gas,provincia,Jujuy,promedio_diario,7.25612903225806,Producción de gas promedio diaria por provincia
2025-01,2025-01-01,2025,1,gas,provincia,La Pampa,promedio_diario,507.813806451613,Producción de gas promedio diaria por provincia
2025-01,2025-01-01,2025,1,gas,provincia,Mendoza,promedio_diario,1487.38212903226,Producción de gas promedio diaria por provincia
2025-01,2025-01-01,2025,1,gas,provincia,Neuquén,promedio_diario,92423.5361612903,Producción de gas promedio diaria por provincia
2025-01,2025-01-01,2025,1,gas,provincia,Rio Negro,promedio_diario,2887.61338709677,Producción de gas promedio diaria por provincia
2025-01,2025-01-01,2025,1,gas,provincia,Salta,promedio_diario,3264.69387096774,Producción de gas promedio diaria por provincia
2025-01,2025-01-01,2025,1,gas,provincia,Santa Cruz,promedio_diario,8447.28832258065,Producción de gas promedio diaria por provincia
2025-01,2025-01-01,2025,1,gas,provincia,Tierra del Fuego,promedio_diario,3373.60280645161,Producción de gas promedio diaria por provincia
2025-02,2025-02-01,2025,2,gas,provincia,Chubut,promedio_diario,6546.08144642857,Producción de gas promedio diaria por provincia
2025-02,2025-02-01,2025,2,gas,provincia,Estado Nacional,promedio_diario,20480.07825,Producción de gas promedio diaria por provincia
2025-02,2025-02-01,2025,2,gas,provincia,Formosa,promedio_diario,12.5714285714286,Producción de gas promedio diaria por provincia
2025-02,2025-02-01,2025,2,gas,provincia,Jujuy,promedio_diario,7.91214285714286,Producción de gas promedio diaria por provincia
2025-02,2025-02-01,2025,2,gas,provincia,La Pampa,promedio_diario,491.43575,Producción de gas promedio diaria por provincia
2025-02,2025-02-01,2025,2,gas,provincia,Mendoza,promedio_diario,1457.47878571429,Producción de gas promedio diaria por provincia
2025-02,2025-02-01,2025,2,gas,provincia,Neuquén,promedio_diario,97616.4067857143,Producción de gas promedio diaria por provincia
2025-02,2025-02-01,2025,2,gas,provincia,Rio Negro,promedio_diario,2894.42312857143,Producción de gas promedio diaria por provincia
2025-02,2025-02-01,2025,2,gas,provincia,Salta,promedio_diario,3267.98007142857,Producción de gas promedio diaria por provincia
2025-02,2025-02-01,2025,2,gas,provincia,Santa Cruz,promedio_diario,8274.2195,Producción de gas promedio diaria por provincia
2025-02,2025-02-01,2025,2,gas,provincia,Tierra del Fuego,promedio_diario,3754.36528571429,Producción de gas promedio diaria por provincia
2025-03,2025-03-01,2025,3,gas,provincia,Chubut,promedio_diario,6263.11616129032,Producción de gas promedio diaria por provincia
2025-03,2025-03-01,2025,3,gas,provincia,Estado Nacional,promedio_diario,18487.0863870968,Producción de gas promedio diaria por provincia
2025-03,2025-03-01,2025,3,gas,provincia,Formosa,promedio_diario,13.0032258064516,Producción de gas promedio diaria por provincia
2025-03,2025-03-01,2025,3,gas,provincia,Jujuy,promedio_diario,8.11709677419355,Producción de gas promedio diaria por provincia
2025-03,2025-03-01,2025,3,gas,provincia,La Pampa,promedio_diario,497.316419354839,Producción de gas promedio diaria por provincia
2025-03,2025-03-01,2025,3,gas,provincia,Mendoza,promedio_diario,1444.84951612903,Producción de gas promedio diaria por provincia
2025-03,2025-03-01,2025,3,gas,provincia,Neuquén,promedio_diario,88693.6479354839,Producción de gas promedio diaria por provincia
2025-03,2025-03-01,2025,3,gas,provincia,Rio Negro,promedio_diario,2860.86503225806,Producción de gas promedio diaria por provincia
2025-03,2025-03-01,2025,3,gas,provincia,Salta,promedio_diario,3272.66419354839,Producción de gas promedio diaria por provincia
2025-03,2025-03-01,2025,3,gas,provincia,Santa Cruz,promedio_diario,8262.78187096774,Producción de gas promedio diaria por provincia
2025-03,2025-03-01,2025,3,gas,provincia,Tierra del Fuego,promedio_diario,4000.9994516129,Producción de gas promedio diaria por provincia
2025-04,2025-04-01,2025,4,gas,provincia,Chubut,promedio_diario,6423.15856666667,Producción de gas promedio diaria por provincia
2025-04,2025-04-01,2025,4,gas,provincia,Estado Nacional,promedio_diario,18705.3556333333,Producción de gas promedio diaria por provincia
2025-04,2025-04-01,2025,4,gas,provincia,Formosa,promedio_diario,12.2333333333333,Producción de gas promedio diaria por provincia
2025-04,2025-04-01,2025,4,gas,provincia,Jujuy,promedio_diario,7.73466666666667,Producción de gas promedio diaria por provincia
2025-04,2025-04-01,2025,4,gas,provincia,La Pampa,promedio_diario,483.324733333333,Producción de gas promedio diaria por provincia
2025-04,2025-04-01,2025,4,gas,provincia,Mendoza,promedio_diario,1433.0317,Producción de gas promedio diaria por provincia
2025-04,2025-04-01,2025,4,gas,provincia,Neuquén,promedio_diario,91235.9404333333,Producción de gas promedio diaria por provincia
2025-04,2025-04-01,2025,4,gas,provincia,Rio Negro,promedio_diario,2810.86031,Producción de gas promedio diaria por provincia
2025-04,2025-04-01,2025,4,gas,provincia,Salta,promedio_diario,3292.23696666667,Producción de gas promedio diaria por provincia
2025-04,2025-04-01,2025,4,gas,provincia,Santa Cruz,promedio_diario,8236.77643333333,Producción de gas promedio diaria por provincia
2025-04,2025-04-01,2025,4,gas,provincia,Tierra del Fuego,promedio_diario,4080.2138,Producción de gas promedio diaria por provincia
2025-05,2025-05-01,2025,5,gas,provincia,Chubut,promedio_diario,6291.90235483871,Producción de gas promedio diaria por provincia
2025-05,2025-05-01,2025,5,gas,provincia,Estado Nacional,promedio_diario,19186.6933548387,Producción de gas promedio diaria por provincia
2025-05,2025-05-01,2025,5,gas,provincia,Formosa,promedio_diario,11.0,Producción de gas promedio diaria por provincia
2025-05,2025-05-01,2025,5,gas,provincia,Jujuy,promedio_diario,7.74741935483871,Producción de gas promedio diaria por provincia
2025-05,2025-05-01,2025,5,gas,provincia,La Pampa,promedio_diario,491.814451612903,Producción de gas promedio diaria por provincia
2025-05,2025-05-01,2025,5,gas,provincia,Mendoza,promedio_diario,1389.96461290323,Producción de gas promedio diaria por provincia
2025-05,2025-05-01,2025,5,gas,provincia,Neuquén,promedio_diario,102375.520903226,Producción de gas promedio diaria por provincia
2025-05,2025-05-01,2025,5,gas,provincia,Rio Negro,promedio_diario,2776.10982258065,Producción de gas promedio diaria por provincia
2025-05,2025-05-01,2025,5,gas,provincia,Salta,promedio_diario,3185.42874193548,Producción de gas promedio diaria por provincia
2025-05,2025-05-01,2025,5,gas,provincia,Santa Cruz,promedio_diario,7999.73629032258,Producción de gas promedio diaria por provincia
2025-05,2025-05-01,2025,5,gas,provincia,Tierra del Fuego,promedio_diario,3964.52348387097,Producción de gas promedio diaria por provincia
2025-06,2025-06-01,2025,6,gas,provincia,Chubut,promedio_diario,6223.48786666667,Producción de gas promedio diaria por provincia
2025-06,2025-06-01,2025,6,gas,provincia,Estado Nacional,promedio_diario,20829.4132333333,Producción de gas promedio diaria por provincia
2025-06,2025-06-01,2025,6,gas,provincia,Formosa,promedio_diario,10.9666666666667,Producción de gas promedio diaria por provincia
2025-06,2025-06-01,2025,6,gas,provincia,Jujuy,promedio_diario,8.28266666666667,Producción de gas promedio diaria por provincia
2025-06,2025-06-01,2025,6,gas,provincia,La Pampa,promedio_diario,486.408666666667,Producción de gas promedio diaria por provincia
2025-06,2025-06-01,2025,6,gas,provincia,Mendoza,promedio_diario,1340.7248,Producción de gas promedio diaria por provincia
2025-06,2025-06-01,2025,6,gas,provincia,Neuquén,promedio_diario,112889.014833333,Producción de gas promedio diaria por provincia
2025-06,2025-06-01,2025,6,gas,provincia,Rio Negro,promedio_diario,2703.50962666667,Producción de gas promedio diaria por provincia
2025-06,2025-06-01,2025,6,gas,provincia,Salta,promedio_diario,3107.88353333333,Producción de gas promedio diaria por provincia
2025-06,2025-06-01,2025,6,gas,provincia,Santa Cruz,promedio_diario,7794.45583333333,Producción de gas promedio diaria por provincia
2025-06,2025-06-01,2025,6,gas,provincia,Tierra del Fuego,promedio_diario,3956.9952,Producción de gas promedio diaria por provincia
2025-07,2025-07-01,2025,7,gas,provincia,Chubut,promedio_diario,6348.97767741935,Producción de gas promedio diaria por provincia
2025-07,2025-07-01,2025,7,gas,provincia,Estado Nacional,promedio_diario,20540.9709032258,Producción de gas promedio diaria por provincia
2025-07,2025-07-01,2025,7,gas,provincia,Formosa,promedio_diario,10.9354838709677,Producción de gas promedio diaria por provincia
2025-07,2025-07-01,2025,7,gas,provincia,Jujuy,promedio_diario,8.14032258064516,Producción de gas promedio diaria por provincia
2025-07,2025-07-01,2025,7,gas,provincia,La Pampa,promedio_diario,472.210774193548,Producción de gas promedio diaria por provincia
2025-07,2025-07-01,2025,7,gas,provincia,Mendoza,promedio_diario,1458.40316516129,Producción de gas promedio diaria por provincia
2025-07,2025-07-01,2025,7,gas,provincia,Neuquén,promedio_diario,114495.502317097,Producción de gas promedio diaria por provincia
2025-07,2025-07-01,2025,7,gas,provincia,Rio Negro,promedio_diario,2596.64391612903,Producción de gas promedio diaria por provincia
2025-07,2025-07-01,2025,7,gas,provincia,Salta,promedio_diario,3055.91061290323,Producción de gas promedio diaria por provincia
2025-07,2025-07-01,2025,7,gas,provincia,Santa Cruz,promedio_diario,7725.17593548387,Producción de gas promedio diaria por provincia
2025-07,2025-07-01,2025,7,gas,provincia,Tierra del Fuego,promedio_diario,4048.72448387097,Producción de gas promedio diaria por provincia
2025-08,2025-08-01,2025,8,gas,provincia,Chubut,promedio_diario,6135.8210516129,Producción de gas promedio diaria por provincia
2025-08,2025-08-01,2025,8,gas,provincia,Estado Nacional,promedio_diario,19787.419483871,Producción de gas promedio diaria por provincia
2025-08,2025-08-01,2025,8,gas,provincia,Formosa,promedio_diario,11.0322580645161,Producción de gas promedio diaria por provincia
2025-08,2025-08-01,2025,8,gas,provincia,Jujuy,promedio_diario,7.99290322580645,Producción de gas promedio diaria por provincia
2025-08,2025-08-01,2025,8,gas,provincia,La Pampa,promedio_diario,462.668580645161,Producción de gas promedio diaria por provincia
2025-08,2025-08-01,2025,8,gas,provincia,Mendoza,promedio_diario,1354.58167741935,Producción de gas promedio diaria por provincia
2025-08,2025-08-01,2025,8,gas,provincia,Neuquén,promedio_diario,113243.615741935,Producción de gas promedio diaria por provincia
2025-08,2025-08-01,2025,8,gas,provincia,Rio Negro,promedio_diario,2582.11990322581,Producción de gas promedio diaria por provincia
2025-08,2025-08-01,2025,8,gas,provincia,Salta,promedio_diario,2989.92358064516,Producción de gas promedio diaria por provincia
2025-08,2025-08-01,2025,8,gas,provincia,Santa Cruz,promedio_diario,7590.02232258065,Producción de gas promedio diaria por provincia
2025-08,2025-08-01,2025,8,gas,provincia,Tierra del Fuego,promedio_diario,3933.65703225806,Producción de gas promedio diaria por provincia
2025-09,2025-09-01,2025,9,gas,provincia,Chubut,promedio_diario,5984.10833333333,Producción de gas promedio diaria por provincia
2025-09,2025-09-01,2025,9,gas,provincia,Estado Nacional,promedio_diario,18576.1513666667,Producción de gas promedio diaria por provincia
2025-09,2025-09-01,2025,9,gas,provincia,Formosa,promedio_diario,11.03,Producción de gas promedio diaria por provincia
2025-09,2025-09-01,2025,9,gas,provincia,Jujuy,promedio_diario,8.89133333333333,Producción de gas promedio diaria por provincia
2025-09,2025-09-01,2025,9,gas,provincia,La Pampa,promedio_diario,459.9948,Producción de gas promedio diaria por provincia
2025-09,2025-09-01,2025,9,gas,provincia,Mendoza,promedio_diario,1329.05166666667,Producción de gas promedio diaria por provincia
2025-09,2025-09-01,2025,9,gas,provincia,Neuquén,promedio_diario,95707.2063,Producción de gas promedio diaria por provincia
2025-09,2025-09-01,2025,9,gas,provincia,Rio Negro,promedio_diario,2603.38826666667,Producción de gas promedio diaria por provincia
2025-09,2025-09-01,2025,9,gas,provincia,Salta,promedio_diario,2922.88343333333,Producción de gas promedio diaria por provincia
2025-09,2025-09-01,2025,9,gas,provincia,Santa Cruz,promedio_diario,7542.4203,Producción de gas promedio diaria por provincia
2025-09,2025-09-01,2025,9,gas,provincia,Tierra del Fuego,promedio_diario,3502.3222,Producción de gas promedio diaria por provincia
2025-10,2025-10-01,2025,10,gas,provincia,Chubut,promedio_diario,6111.63847741935,Producción de gas promedio diaria por provincia
2025-10,2025-10-01,2025,10,gas,provincia,Estado Nacional,promedio_diario,17430.7963225806,Producción de gas promedio diaria por provincia
2025-10,2025-10-01,2025,10,gas,provincia,Formosa,promedio_diario,11.0,Producción de gas promedio diaria por provincia
2025-10,2025-10-01,2025,10,gas,provincia,Jujuy,promedio_diario,9.25387096774194,Producción de gas promedio diaria por provincia
2025-10,2025-10-01,2025,10,gas,provincia,La Pampa,promedio_diario,466.799193548387,Producción de gas promedio diaria por provincia
2025-10,2025-10-01,2025,10,gas,provincia,Mendoza,promedio_diario,1239.56551612903,Producción de gas promedio diaria por provincia
2025-10,2025-10-01,2025,10,gas,provincia,Neuquén,promedio_diario,82647.9741612903,Producción de gas promedio diaria por provincia
2025-10,2025-10-01,2025,10,gas,provincia,Rio Negro,promedio_diario,2574.87119354839,Producción de gas promedio diaria por provincia
2025-10,2025-10-01,2025,10,gas,provincia,Salta,promedio_diario,2843.82141935484,Producción de gas promedio diaria por provincia
2025-10,2025-10-01,2025,10,gas,provincia,Santa Cruz,promedio_diario,7186.38161290323,Producción de gas promedio diaria por provincia
2025-10,2025-10-01,2025,10,gas,provincia,Tierra del Fuego,promedio_diario,3453.20012903226,Producción de gas promedio diaria por provincia
2025-11,2025-11-01,2025,11,gas,provincia,Chubut,promedio_diario,5885.54606666667,Producción de gas promedio diaria por provincia
2025-11,2025-11-01,2025,11,gas,provincia,Estado Nacional,promedio_diario,18376.4876,Producción de gas promedio diaria por provincia
2025-11,2025-11-01,2025,11,gas,provincia,Formosa,promedio_diario,11.0333333333333,Producción de gas promedio diaria por provincia
2025-11,2025-11-01,2025,11,gas,provincia,Jujuy,promedio_diario,9.17233333333333,Producción de gas promedio diaria por provincia
2025-11,2025-11-01,2025,11,gas,provincia,La Pampa,promedio_diario,456.3909,Producción de gas promedio diaria por provincia
2025-11,2025-11-01,2025,11,gas,provincia,Mendoza,promedio_diario,1154.59153333333,Producción de gas promedio diaria por provincia
2025-11,2025-11-01,2025,11,gas,provincia,Neuquén,promedio_diario,81256.7661666667,Producción de gas promedio diaria por provincia
2025-11,2025-11-01,2025,11,gas,provincia,Rio Negro,promedio_diario,2542.43153333333,Producción de gas promedio diaria por provincia
2025-11,2025-11-01,2025,11,gas,provincia,Salta,promedio_diario,2763.76943333333,Producción de gas promedio diaria por provincia
2025-11,2025-11-01,2025,11,gas,provincia,Santa Cruz,promedio_diario,6935.63886666667,Producción de gas promedio diaria por provincia
2025-11,2025-11-01,2025,11,gas,provincia,Tierra del Fuego,promedio_diario,2825.74956666667,Producción de gas promedio diaria por provincia
2025-12,2025-12-01,2025,12,gas,provincia,Chubut,promedio_diario,5921.73579677419,Producción de gas promedio diaria por provincia
2025-12,2025-12-01,2025,12,gas,provincia,Estado Nacional,promedio_diario,17886.3164516129,Producción de gas promedio diaria por provincia
2025-12,2025-12-01,2025,12,gas,provincia,Formosa,promedio_diario,11.0003225806452,Producción de gas promedio diaria por provincia
2025-12,2025-12-01,2025,12,gas,provincia,Jujuy,promedio_diario,8.99838709677419,Producción de gas promedio diaria por provincia
2025-12,2025-12-01,2025,12,gas,provincia,La Pampa,promedio_diario,455.671967741935,Producción de gas promedio diaria por provincia
2025-12,2025-12-01,2025,12,gas,provincia,Mendoza,promedio_diario,1134.184,Producción de gas promedio diaria por provincia
2025-12,2025-12-01,2025,12,gas,provincia,Neuquén,promedio_diario,90826.8823548387,Producción de gas promedio diaria por provincia
2025-12,2025-12-01,2025,12,gas,provincia,Rio Negro,promedio_diario,2537.44487096774,Producción de gas promedio diaria por provincia
2025-12,2025-12-01,2025,12,gas,provincia,Salta,promedio_diario,2720.74383870968,Producción de gas promedio diaria por provincia
2025-12,2025-12-01,2025,12,gas,provincia,Santa Cruz,promedio_diario,6641.99629032258,Producción de gas promedio diaria por provincia
2025-12,2025-12-01,2025,12,gas,provincia,Tierra del Fuego,promedio_diario,3534.24874193548,Producción de gas promedio diaria por provincia
2026-01,2026-01-01,2026,1,gas,provincia,Chubut,promedio_diario,5846.35544193548,Producción de gas promedio diaria por provincia
2026-01,2026-01-01,2026,1,gas,provincia,Estado Nacional,promedio_diario,17548.1039354839,Producción de gas promedio diaria por provincia
2026-01,2026-01-01,2026,1,gas,provincia,Formosa,promedio_diario,9.70967741935484,Producción de gas promedio diaria por provincia
2026-01,2026-01-01,2026,1,gas,provincia,Jujuy,promedio_diario,8.70774193548387,Producción de gas promedio diaria por provincia
2026-01,2026-01-01,2026,1,gas,provincia,La Pampa,promedio_diario,451.701483870968,Producción de gas promedio diaria por provincia
2026-01,2026-01-01,2026,1,gas,provincia,Mendoza,promedio_diario,1166.74480645161,Producción de gas promedio diaria por provincia
2026-01,2026-01-01,2026,1,gas,provincia,Neuquén,promedio_diario,91277.4373548387,Producción de gas promedio diaria por provincia
2026-01,2026-01-01,2026,1,gas,provincia,Rio Negro,promedio_diario,2453.03296774194,Producción de gas promedio diaria por provincia
2026-01,2026-01-01,2026,1,gas,provincia,Salta,promedio_diario,2709.08735483871,Producción de gas promedio diaria por provincia
2026-01,2026-01-01,2026,1,gas,provincia,Santa Cruz,promedio_diario,6612.12477419355,Producción de gas promedio diaria por provincia
2026-01,2026-01-01,2026,1,gas,provincia,Tierra del Fuego,promedio_diario,3534.46277419355,Producción de gas promedio diaria por provincia
2026-02,2026-02-01,2026,2,gas,provincia,Chubut,promedio_diario,5674.06871428571,Producción de gas promedio diaria por provincia
2026-02,2026-02-01,2026,2,gas,provincia,Estado Nacional,promedio_diario,19330.80575,Producción de gas promedio diaria por provincia
2026-02,2026-02-01,2026,2,gas,provincia,Formosa,promedio_diario,9.0,Producción de gas promedio diaria por provincia
2026-02,2026-02-01,2026,2,gas,provincia,Jujuy,promedio_diario,8.40214285714286,Producción de gas promedio diaria por provincia
2026-02,2026-02-01,2026,2,gas,provincia,La Pampa,promedio_diario,430.282535714286,Producción de gas promedio diaria por provincia
2026-02,2026-02-01,2026,2,gas,provincia,Mendoza,promedio_diario,1137.98314285714,Producción de gas promedio diaria por provincia
2026-02,2026-02-01,2026,2,gas,provincia,Neuquén,promedio_diario,97790.7662857143,Producción de gas promedio diaria por provincia
2026-02,2026-02-01,2026,2,gas,provincia,Rio Negro,promedio_diario,2360.8915,Producción de gas promedio diaria por provincia
2026-02,2026-02-01,2026,2,gas,provincia,Salta,promedio_diario,2703.61942857143,Producción de gas promedio diaria por provincia
2026-02,2026-02-01,2026,2,gas,provincia,Santa Cruz,promedio_diario,6678.32346428571,Producción de gas promedio diaria por provincia
2026-02,2026-02-01,2026,2,gas,provincia,Tierra del Fuego,promedio_diario,3903.99278571429,Producción de gas promedio diaria por provincia
2026-03,2026-03-01,2026,3,gas,provincia,Chubut,promedio_diario,5413.39106451613,Producción de gas promedio diaria por provincia
2026-03,2026-03-01,2026,3,gas,provincia,Estado Nacional,promedio_diario,18345.4010645161,Producción de gas promedio diaria por provincia
2026-03,2026-03-01,2026,3,gas,provincia,Formosa,promedio_diario,8.96774193548387,Producción de gas promedio diaria por provincia
2026-03,2026-03-01,2026,3,gas,provincia,Jujuy,promedio_diario,8.44677419354839,Producción de gas promedio diaria por provincia
2026-03,2026-03-01,2026,3,gas,provincia,La Pampa,promedio_diario,419.555612903226,Producción de gas promedio diaria por provincia
2026-03,2026-03-01,2026,3,gas,provincia,Mendoza,promedio_diario,928.027258064516,Producción de gas promedio diaria por provincia
2026-03,2026-03-01,2026,3,gas,provincia,Neuquén,promedio_diario,100911.793258065,Producción de gas promedio diaria por provincia
2026-03,2026-03-01,2026,3,gas,provincia,Rio Negro,promedio_diario,2241.36825806452,Producción de gas promedio diaria por provincia
2026-03,2026-03-01,2026,3,gas,provincia,Salta,promedio_diario,2684.44838709677,Producción de gas promedio diaria por provincia
2026-03,2026-03-01,2026,3,gas,provincia,Santa Cruz,promedio_diario,6428.79238709677,Producción de gas promedio diaria por provincia
2026-03,2026-03-01,2026,3,gas,provincia,Tierra del Fuego,promedio_diario,3675.75712903226,Producción de gas promedio diaria por provincia
