periodo_str,periodo_dt,anio,mes,producto,agrupador_tipo,agrupador_nombre,tipo_recurso,produccion,source_resource
2009-01,2009-01-01,2009,1,petroleo,cuenca,AUSTRAL,promedio_diario,4872.69738709677,Producción de petróleo promedio diaria por cuenca
2009-01,2009-01-01,2009,1,petroleo,cuenca,CUYANA,promedio_diario,5480.36409677419,Producción de petróleo promedio diaria por cuenca
2009-01,2009-01-01,2009,1,petroleo,cuenca,GOLFO SAN JORGE,promedio_diario,43368.8789354839,Producción de petróleo promedio diaria por cuenca
2009-01,2009-01-01,2009,1,petroleo,cuenca,LOS BOLSONES,promedio_diario,0.0,Producción de petróleo promedio diaria por cuenca
2009-01,2009-01-01,2009,1,petroleo,cuenca,NEUQUINA,promedio_diario,42077.1799987097,Producción de petróleo promedio diaria por cuenca
2009-01,2009-01-01,2009,1,petroleo,cuenca,NOROESTE,promedio_diario,2125.47870967742,Producción de petróleo promedio diaria por cuenca
2009-02,2009-02-01,2009,2,petroleo,cuenca,AUSTRAL,promedio_diario,4980.36442857143,Producción de petróleo promedio diaria por cuenca
2009-02,2009-02-01,2009,2,petroleo,cuenca,CUYANA,promedio_diario,5458.98882142857,Producción de petróleo promedio diaria por cuenca
2009-02,2009-02-01,2009,2,petroleo,cuenca,DEL COLORADO,promedio_diario,0.0,Producción de petróleo promedio diaria por cuenca
2009-02,2009-02-01,2009,2,petroleo,cuenca,GOLFO SAN JORGE,promedio_diario,45281.881,Producción de petróleo promedio diaria por cuenca
2009-02,2009-02-01,2009,2,petroleo,cuenca,LOS BOLSONES,promedio_diario,0.0,Producción de petróleo promedio diaria por cuenca
2009-02,2009-02-01,2009,2,petroleo,cuenca,NEUQUINA,promedio_diario,42214.4806131071,Producción de petróleo promedio diaria por cuenca
2009-02,2009-02-01,2009,2,petroleo,cuenca,NOROESTE,promedio_diario,2108.35107142857,Producción de petróleo promedio diaria por cuenca
2009-03,2009-03-01,2009,3,petroleo,cuenca,AUSTRAL,promedio_diario,4798.12919354839,Producción de petróleo promedio diaria por cuenca
2009-03,2009-03-01,2009,3,petroleo,cuenca,CUYANA,promedio_diario,5441.40567741936,Producción de petróleo promedio diaria por cuenca
2009-03,2009-03-01,2009,3,petroleo,cuenca,DEL COLORADO,promedio_diario,0.0,Producción de petróleo promedio diaria por cuenca
2009-03,2009-03-01,2009,3,petroleo,cuenca,GOLFO SAN JORGE,promedio_diario,45676.9017419355,Producción de petróleo promedio diaria por cuenca
2009-03,2009-03-01,2009,3,petroleo,cuenca,LOS BOLSONES,promedio_diario,0.0,Producción de petróleo promedio diaria por cuenca
2009-03,2009-03-01,2009,3,petroleo,cuenca,NEUQUINA,promedio_diario,41346.3153836774,Producción de petróleo promedio diaria por cuenca
2009-03,2009-03-01,2009,3,petroleo,cuenca,NOROESTE,promedio_diario,2066.76838709677,Producción de petróleo promedio diaria por cuenca
2009-04,2009-04-01,2009,4,petroleo,cuenca,AUSTRAL,promedio_diario,4980.59983333333,Producción de petróleo promedio diaria por cuenca
2009-04,2009-04-01,2009,4,petroleo,cuenca,CUYANA,promedio_diario,5368.67546666667,Producción de petróleo promedio diaria por cuenca
2009-04,2009-04-01,2009,4,petroleo,cuenca,DEL COLORADO,promedio_diario,0.0,Producción de petróleo promedio diaria por cuenca
2009-04,2009-04-01,2009,4,petroleo,cuenca,GOLFO SAN JORGE,promedio_diario,44920.9809333333,Producción de petróleo promedio diaria por cuenca
2009-04,2009-04-01,2009,4,petroleo,cuenca,LOS BOLSONES,promedio_diario,0.0,Producción de petróleo promedio diaria por cuenca
2009-04,2009-04-01,2009,4,petroleo,cuenca,NEUQUINA,promedio_diario,41681.2600252,Producción de petróleo promedio diaria por cuenca
2009-04,2009-04-01,2009,4,petroleo,cuenca,NOROESTE,promedio_diario,1928.86966666667,Producción de petróleo promedio diaria por cuenca
2009-05,2009-05-01,2009,5,petroleo,cuenca,AUSTRAL,promedio_diario,4530.25116129032,Producción de petróleo promedio diaria por cuenca
2009-05,2009-05-01,2009,5,petroleo,cuenca,CUYANA,promedio_diario,5232.32761290323,Producción de petróleo promedio diaria por cuenca
2009-05,2009-05-01,2009,5,petroleo,cuenca,DEL COLORADO,promedio_diario,0.0,Producción de petróleo promedio diaria por cuenca
2009-05,2009-05-01,2009,5,petroleo,cuenca,GOLFO SAN JORGE,promedio_diario,45834.9663548387,Producción de petróleo promedio diaria por cuenca
2009-05,2009-05-01,2009,5,petroleo,cuenca,LOS BOLSONES,promedio_diario,0.0,Producción de petróleo promedio diaria por cuenca
2009-05,2009-05-01,2009,5,petroleo,cuenca,NEUQUINA,promedio_diario,40510.6310944839,Producción de petróleo promedio diaria por cuenca
2009-05,2009-05-01,2009,5,petroleo,cuenca,NOROESTE,promedio_diario,2043.82290322581,Producción de petróleo promedio diaria por cuenca
2009-06,2009-06-01,2009,6,petroleo,cuenca,AUSTRAL,promedio_diario,4840.7349,Producción de petróleo promedio diaria por cuenca
2009-06,2009-06-01,2009,6,petroleo,cuenca,CUYANA,promedio_diario,5185.4892,Producción de petróleo promedio diaria por cuenca
2009-06,2009-06-01,2009,6,petroleo,cuenca,DEL COLORADO,promedio_diario,0.0,Producción de petróleo promedio diaria por cuenca
2009-06,2009-06-01,2009,6,petroleo,cuenca,GOLFO SAN JORGE,promedio_diario,42317.1023333333,Producción de petróleo promedio diaria por cuenca
2009-06,2009-06-01,2009,6,petroleo,cuenca,LOS BOLSONES,promedio_diario,0.0,Producción de petróleo promedio diaria por cuenca
2009-06,2009-06-01,2009,6,petroleo,cuenca,NEUQUINA,promedio_diario,41361.9279732,Producción de petróleo promedio diaria por cuenca
2009-06,2009-06-01,2009,6,petroleo,cuenca,NOROESTE,promedio_diario,1998.54066666667,Producción de petróleo promedio diaria por cuenca
2009-07,2009-07-01,2009,7,petroleo,cuenca,AUSTRAL,promedio_diario,4908.75406451613,Producción de petróleo promedio diaria por cuenca
2009-07,2009-07-01,2009,7,petroleo,cuenca,CUYANA,promedio_diario,5144.1544516129,Producción de petróleo promedio diaria por cuenca
2009-07,2009-07-01,2009,7,petroleo,cuenca,DEL COLORADO,promedio_diario,0.0,Producción de petróleo promedio diaria por cuenca
2009-07,2009-07-01,2009,7,petroleo,cuenca,GOLFO SAN JORGE,promedio_diario,44842.005,Producción de petróleo promedio diaria por cuenca
2009-07,2009-07-01,2009,7,petroleo,cuenca,LOS BOLSONES,promedio_diario,0.0,Producción de petróleo promedio diaria por cuenca
2009-07,2009-07-01,2009,7,petroleo,cuenca,NEUQUINA,promedio_diario,38882.536359,Producción de petróleo promedio diaria por cuenca
2009-07,2009-07-01,2009,7,petroleo,cuenca,NOROESTE,promedio_diario,1994.82580645161,Producción de petróleo promedio diaria por cuenca
2009-08,2009-08-01,2009,8,petroleo,cuenca,AUSTRAL,promedio_diario,3620.99280645161,Producción de petróleo promedio diaria por cuenca
2009-08,2009-08-01,2009,8,petroleo,cuenca,CUYANA,promedio_diario,5122.17793548387,Producción de petróleo promedio diaria por cuenca
2009-08,2009-08-01,2009,8,petroleo,cuenca,DEL COLORADO,promedio_diario,0.0,Producción de petróleo promedio diaria por cuenca
2009-08,2009-08-01,2009,8,petroleo,cuenca,GOLFO SAN JORGE,promedio_diario,32980.1506451613,Producción de petróleo promedio diaria por cuenca
2009-08,2009-08-01,2009,8,petroleo,cuenca,LOS BOLSONES,promedio_diario,0.0,Producción de petróleo promedio diaria por cuenca
2009-08,2009-08-01,2009,8,petroleo,cuenca,NEUQUINA,promedio_diario,40398.5194852581,Producción de petróleo promedio diaria por cuenca
2009-08,2009-08-01,2009,8,petroleo,cuenca,NOROESTE,promedio_diario,2058.92258064516,Producción de petróleo promedio diaria por cuenca
2009-09,2009-09-01,2009,9,petroleo,cuenca,AUSTRAL,promedio_diario,5240.7241,Producción de petróleo promedio diaria por cuenca
2009-09,2009-09-01,2009,9,petroleo,cuenca,CUYANA,promedio_diario,4994.67416666667,Producción de petróleo promedio diaria por cuenca
2009-09,2009-09-01,2009,9,petroleo,cuenca,DEL COLORADO,promedio_diario,0.0,Producción de petróleo promedio diaria por cuenca
2009-09,2009-09-01,2009,9,petroleo,cuenca,GOLFO SAN JORGE,promedio_diario,44582.9223333333,Producción de petróleo promedio diaria por cuenca
2009-09,2009-09-01,2009,9,petroleo,cuenca,LOS BOLSONES,promedio_diario,0.0,Producción de petróleo promedio diaria por cuenca
2009-09,2009-09-01,2009,9,petroleo,cuenca,NEUQUINA,promedio_diario,39196.9177029,Producción de petróleo promedio diaria por cuenca
2009-09,2009-09-01,2009,9,petroleo,cuenca,NOROESTE,promedio_diario,2016.74766666667,Producción de petróleo promedio diaria por cuenca
2009-10,2009-10-01,2009,10,petroleo,cuenca,AUSTRAL,promedio_diario,5201.68535477419,Producción de petróleo promedio diaria por cuenca
2009-10,2009-10-01,2009,10,petroleo,cuenca,CUYANA,promedio_diario,5165.51958064516,Producción de petróleo promedio diaria por cuenca
2009-10,2009-10-01,2009,10,petroleo,cuenca,DEL COLORADO,promedio_diario,0.0,Producción de petróleo promedio diaria por cuenca
2009-10,2009-10-01,2009,10,petroleo,cuenca,GOLFO SAN JORGE,promedio_diario,44968.5721935484,Producción de petróleo promedio diaria por cuenca
2009-10,2009-10-01,2009,10,petroleo,cuenca,LOS BOLSONES,promedio_diario,0.0,Producción de petróleo promedio diaria por cuenca
2009-10,2009-10-01,2009,10,petroleo,cuenca,NEUQUINA,promedio_diario,40237.5762541935,Producción de petróleo promedio diaria por cuenca
2009-10,2009-10-01,2009,10,petroleo,cuenca,NOROESTE,promedio_diario,2013.46741935484,Producción de petróleo promedio diaria por cuenca
2009-11,2009-11-01,2009,11,petroleo,cuenca,AUSTRAL,promedio_diario,5069.73033,Producción de petróleo promedio diaria por cuenca
2009-11,2009-11-01,2009,11,petroleo,cuenca,CUYANA,promedio_diario,5181.9531,Producción de petróleo promedio diaria por cuenca
2009-11,2009-11-01,2009,11,petroleo,cuenca,DEL COLORADO,promedio_diario,0.0,Producción de petróleo promedio diaria por cuenca
2009-11,2009-11-01,2009,11,petroleo,cuenca,GOLFO SAN JORGE,promedio_diario,42378.9215666667,Producción de petróleo promedio diaria por cuenca
2009-11,2009-11-01,2009,11,petroleo,cuenca,LOS BOLSONES,promedio_diario,0.0,Producción de petróleo promedio diaria por cuenca
2009-11,2009-11-01,2009,11,petroleo,cuenca,NEUQUINA,promedio_diario,39708.3148079333,Producción de petróleo promedio diaria por cuenca
2009-11,2009-11-01,2009,11,petroleo,cuenca,NOROESTE,promedio_diario,1968.13966666667,Producción de petróleo promedio diaria por cuenca
2009-12,2009-12-01,2009,12,petroleo,cuenca,AUSTRAL,promedio_diario,4912.05625806452,Producción de petróleo promedio diaria por cuenca
2009-12,2009-12-01,2009,12,petroleo,cuenca,CUYANA,promedio_diario,5188.87083870968,Producción de petróleo promedio diaria por cuenca
2009-12,2009-12-01,2009,12,petroleo,cuenca,DEL COLORADO,promedio_diario,0.0,Producción de petróleo promedio diaria por cuenca
2009-12,2009-12-01,2009,12,petroleo,cuenca,GOLFO SAN JORGE,promedio_diario,42576.3195483871,Producción de petróleo promedio diaria por cuenca
2009-12,2009-12-01,2009,12,petroleo,cuenca,LOS BOLSONES,promedio_diario,0.0,Producción de petróleo promedio diaria por cuenca
2009-12,2009-12-01,2009,12,petroleo,cuenca,NEUQUINA,promedio_diario,39686.6323140323,Producción de petróleo promedio diaria por cuenca
2009-12,2009-12-01,2009,12,petroleo,cuenca,NOROESTE,promedio_diario,1887.05838709677,Producción de petróleo promedio diaria por cuenca
2010-01,2010-01-01,2010,1,petroleo,cuenca,AUSTRAL,promedio_diario,4653.1533700229,Producción de petróleo promedio diaria por cuenca
2010-01,2010-01-01,2010,1,petroleo,cuenca,CUYANA,promedio_diario,5210.71151612903,Producción de petróleo promedio diaria por cuenca
2010-01,2010-01-01,2010,1,petroleo,cuenca,DEL COLORADO,promedio_diario,0.0,Producción de petróleo promedio diaria por cuenca
2010-01,2010-01-01,2010,1,petroleo,cuenca,GOLFO SAN JORGE,promedio_diario,44730.7027741936,Producción de petróleo promedio diaria por cuenca
2010-01,2010-01-01,2010,1,petroleo,cuenca,LOS BOLSONES,promedio_diario,0.0,Producción de petróleo promedio diaria por cuenca
2010-01,2010-01-01,2010,1,petroleo,cuenca,NEUQUINA,promedio_diario,39240.0339354839,Producción de petróleo promedio diaria por cuenca
2010-01,2010-01-01,2010,1,petroleo,cuenca,NOROESTE,promedio_diario,1899.23838709677,Producción de petróleo promedio diaria por cuenca
2010-02,2010-02-01,2010,2,petroleo,cuenca,AUSTRAL,promedio_diario,4772.15779574,Producción de petróleo promedio diaria por cuenca
2010-02,2010-02-01,2010,2,petroleo,cuenca,CUYANA,promedio_diario,5198.69403571429,Producción de petróleo promedio diaria por cuenca
2010-02,2010-02-01,2010,2,petroleo,cuenca,DEL COLORADO,promedio_diario,0.0,Producción de petróleo promedio diaria por cuenca
2010-02,2010-02-01,2010,2,petroleo,cuenca,GOLFO SAN JORGE,promedio_diario,44191.2169285714,Producción de petróleo promedio diaria por cuenca
2010-02,2010-02-01,2010,2,petroleo,cuenca,LOS BOLSONES,promedio_diario,0.0,Producción de petróleo promedio diaria por cuenca
2010-02,2010-02-01,2010,2,petroleo,cuenca,NEUQUINA,promedio_diario,39586.2563571429,Producción de petróleo promedio diaria por cuenca
2010-02,2010-02-01,2010,2,petroleo,cuenca,NOROESTE,promedio_diario,1895.24996428571,Producción de petróleo promedio diaria por cuenca
2010-03,2010-03-01,2010,3,petroleo,cuenca,AUSTRAL,promedio_diario,4519.61288018031,Producción de petróleo promedio diaria por cuenca
2010-03,2010-03-01,2010,3,petroleo,cuenca,CUYANA,promedio_diario,5169.39687096774,Producción de petróleo promedio diaria por cuenca
2010-03,2010-03-01,2010,3,petroleo,cuenca,DEL COLORADO,promedio_diario,0.0,Producción de petróleo promedio diaria por cuenca
2010-03,2010-03-01,2010,3,petroleo,cuenca,GOLFO SAN JORGE,promedio_diario,44907.7709677419,Producción de petróleo promedio diaria por cuenca
2010-03,2010-03-01,2010,3,petroleo,cuenca,LOS BOLSONES,promedio_diario,0.0,Producción de petróleo promedio diaria por cuenca
2010-03,2010-03-01,2010,3,petroleo,cuenca,NEUQUINA,promedio_diario,39499.3281935484,Producción de petróleo promedio diaria por cuenca
2010-03,2010-03-01,2010,3,petroleo,cuenca,NOROESTE,promedio_diario,1818.83838709677,Producción de petróleo promedio diaria por cuenca
2010-04,2010-04-01,2010,4,petroleo,cuenca,AUSTRAL,promedio_diario,4555.45145532457,Producción de petróleo promedio diaria por cuenca
2010-04,2010-04-01,2010,4,petroleo,cuenca,CUYANA,promedio_diario,5090.66566666667,Producción de petróleo promedio diaria por cuenca
2010-04,2010-04-01,2010,4,petroleo,cuenca,DEL COLORADO,promedio_diario,0.0,Producción de petróleo promedio diaria por cuenca
2010-04,2010-04-01,2010,4,petroleo,cuenca,GOLFO SAN JORGE,promedio_diario,44830.2601333333,Producción de petróleo promedio diaria por cuenca
2010-04,2010-04-01,2010,4,petroleo,cuenca,LOS BOLSONES,promedio_diario,0.0,Producción de petróleo promedio diaria por cuenca
2010-04,2010-04-01,2010,4,petroleo,cuenca,NEUQUINA,promedio_diario,39460.9703266667,Producción de petróleo promedio diaria por cuenca
2010-04,2010-04-01,2010,4,petroleo,cuenca,NOROESTE,promedio_diario,1855.86866666667,Producción de petróleo promedio diaria por cuenca
2010-05,2010-05-01,2010,5,petroleo,cuenca,AUSTRAL,promedio_diario,4543.42124128097,Producción de petróleo promedio diaria por cuenca
2010-05,2010-05-01,2010,5,petroleo,cuenca,CUYANA,promedio_diario,5159.35690322581,Producción de petróleo promedio diaria por cuenca
2010-05,2010-05-01,2010,5,petroleo,cuenca,DEL COLORADO,promedio_diario,0.0,Producción de petróleo promedio diaria por cuenca
2010-05,2010-05-01,2010,5,petroleo,cuenca,GOLFO SAN JORGE,promedio_diario,44346.9071612903,Producción de petróleo promedio diaria por cuenca
2010-05,2010-05-01,2010,5,petroleo,cuenca,LOS BOLSONES,promedio_diario,0.0,Producción de petróleo promedio diaria por cuenca
2010-05,2010-05-01,2010,5,petroleo,cuenca,NEUQUINA,promedio_diario,39569.9085483871,Producción de petróleo promedio diaria por cuenca
2010-05,2010-05-01,2010,5,petroleo,cuenca,NOROESTE,promedio_diario,1816.87677419355,Producción de petróleo promedio diaria por cuenca
2010-06,2010-06-01,2010,6,petroleo,cuenca,AUSTRAL,promedio_diario,4579.82676791367,Producción de petróleo promedio diaria por cuenca
2010-06,2010-06-01,2010,6,petroleo,cuenca,CUYANA,promedio_diario,5214.9855,Producción de petróleo promedio diaria por cuenca
2010-06,2010-06-01,2010,6,petroleo,cuenca,DEL COLORADO,promedio_diario,0.0,Producción de petróleo promedio diaria por cuenca
2010-06,2010-06-01,2010,6,petroleo,cuenca,GOLFO SAN JORGE,promedio_diario,44373.7764666667,Producción de petróleo promedio diaria por cuenca
2010-06,2010-06-01,2010,6,petroleo,cuenca,LOS BOLSONES,promedio_diario,0.0,Producción de petróleo promedio diaria por cuenca
2010-06,2010-06-01,2010,6,petroleo,cuenca,NEUQUINA,promedio_diario,39936.4139666667,Producción de petróleo promedio diaria por cuenca
2010-06,2010-06-01,2010,6,petroleo,cuenca,NOROESTE,promedio_diario,1814.539,Producción de petróleo promedio diaria por cuenca
2010-07,2010-07-01,2010,7,petroleo,cuenca,AUSTRAL,promedio_diario,4700.70735485355,Producción de petróleo promedio diaria por cuenca
2010-07,2010-07-01,2010,7,petroleo,cuenca,CUYANA,promedio_diario,5228.49964516129,Producción de petróleo promedio diaria por cuenca
2010-07,2010-07-01,2010,7,petroleo,cuenca,DEL COLORADO,promedio_diario,0.0,Producción de petróleo promedio diaria por cuenca
2010-07,2010-07-01,2010,7,petroleo,cuenca,GOLFO SAN JORGE,promedio_diario,44240.1629677419,Producción de petróleo promedio diaria por cuenca
2010-07,2010-07-01,2010,7,petroleo,cuenca,LOS BOLSONES,promedio_diario,0.0,Producción de petróleo promedio diaria por cuenca
2010-07,2010-07-01,2010,7,petroleo,cuenca,NEUQUINA,promedio_diario,39487.5575483871,Producción de petróleo promedio diaria por cuenca
2010-07,2010-07-01,2010,7,petroleo,cuenca,NOROESTE,promedio_diario,1771.54806451613,Producción de petróleo promedio diaria por cuenca
2010-08,2010-08-01,2010,8,petroleo,cuenca,AUSTRAL,promedio_diario,4189.3004086254,Producción de petróleo promedio diaria por cuenca
2010-08,2010-08-01,2010,8,petroleo,cuenca,CUYANA,promedio_diario,5187.79706451613,Producción de petróleo promedio diaria por cuenca
2010-08,2010-08-01,2010,8,petroleo,cuenca,DEL COLORADO,promedio_diario,0.0,Producción de petróleo promedio diaria por cuenca
2010-08,2010-08-01,2010,8,petroleo,cuenca,GOLFO SAN JORGE,promedio_diario,44799.089483871,Producción de petróleo promedio diaria por cuenca
2010-08,2010-08-01,2010,8,petroleo,cuenca,LOS BOLSONES,promedio_diario,0.0,Producción de petróleo promedio diaria por cuenca
2010-08,2010-08-01,2010,8,petroleo,cuenca,NEUQUINA,promedio_diario,39643.4735483871,Producción de petróleo promedio diaria por cuenca
2010-08,2010-08-01,2010,8,petroleo,cuenca,NOROESTE,promedio_diario,1745.5164516129,Producción de petróleo promedio diaria por cuenca
2010-09,2010-09-01,2010,9,petroleo,cuenca,AUSTRAL,promedio_diario,4239.30930719065,Producción de petróleo promedio diaria por cuenca
2010-09,2010-09-01,2010,9,petroleo,cuenca,CUYANA,promedio_diario,5104.4718,Producción de petróleo promedio diaria por cuenca
2010-09,2010-09-01,2010,9,petroleo,cuenca,DEL COLORADO,promedio_diario,0.0,Producción de petróleo promedio diaria por cuenca
2010-09,2010-09-01,2010,9,petroleo,cuenca,GOLFO SAN JORGE,promedio_diario,43695.1649333333,Producción de petróleo promedio diaria por cuenca
2010-09,2010-09-01,2010,9,petroleo,cuenca,LOS BOLSONES,promedio_diario,0.0,Producción de petróleo promedio diaria por cuenca
2010-09,2010-09-01,2010,9,petroleo,cuenca,NEUQUINA,promedio_diario,39239.9684,Producción de petróleo promedio diaria por cuenca
2010-09,2010-09-01,2010,9,petroleo,cuenca,NOROESTE,promedio_diario,1777.09666666667,Producción de petróleo promedio diaria por cuenca
2010-10,2010-10-01,2010,10,petroleo,cuenca,AUSTRAL,promedio_diario,3857.72794310811,Producción de petróleo promedio diaria por cuenca
2010-10,2010-10-01,2010,10,petroleo,cuenca,CUYANA,promedio_diario,5147.50619354839,Producción de petróleo promedio diaria por cuenca
2010-10,2010-10-01,2010,10,petroleo,cuenca,DEL COLORADO,promedio_diario,0.0,Producción de petróleo promedio diaria por cuenca
2010-10,2010-10-01,2010,10,petroleo,cuenca,GOLFO SAN JORGE,promedio_diario,43344.6716129032,Producción de petróleo promedio diaria por cuenca
2010-10,2010-10-01,2010,10,petroleo,cuenca,LOS BOLSONES,promedio_diario,0.0,Producción de petróleo promedio diaria por cuenca
2010-10,2010-10-01,2010,10,petroleo,cuenca,NEUQUINA,promedio_diario,38861.0583870968,Producción de petróleo promedio diaria por cuenca
2010-10,2010-10-01,2010,10,petroleo,cuenca,NOROESTE,promedio_diario,1798.67096774194,Producción de petróleo promedio diaria por cuenca
2010-11,2010-11-01,2010,11,petroleo,cuenca,AUSTRAL,promedio_diario,3632.2724241811,Producción de petróleo promedio diaria por cuenca
2010-11,2010-11-01,2010,11,petroleo,cuenca,CUYANA,promedio_diario,5131.55603333333,Producción de petróleo promedio diaria por cuenca
2010-11,2010-11-01,2010,11,petroleo,cuenca,DEL COLORADO,promedio_diario,0.0,Producción de petróleo promedio diaria por cuenca
2010-11,2010-11-01,2010,11,petroleo,cuenca,GOLFO SAN JORGE,promedio_diario,44062.7603,Producción de petróleo promedio diaria por cuenca
2010-11,2010-11-01,2010,11,petroleo,cuenca,LOS BOLSONES,promedio_diario,0.0,Producción de petróleo promedio diaria por cuenca
2010-11,2010-11-01,2010,11,petroleo,cuenca,NEUQUINA,promedio_diario,38554.0993333333,Producción de petróleo promedio diaria por cuenca
2010-11,2010-11-01,2010,11,petroleo,cuenca,NOROESTE,promedio_diario,1712.3811,Producción de petróleo promedio diaria por cuenca
2010-12,2010-12-01,2010,12,petroleo,cuenca,AUSTRAL,promedio_diario,3751.56828800552,Producción de petróleo promedio diaria por cuenca
2010-12,2010-12-01,2010,12,petroleo,cuenca,CUYANA,promedio_diario,5060.92325806452,Producción de petróleo promedio diaria por cuenca
2010-12,2010-12-01,2010,12,petroleo,cuenca,DEL COLORADO,promedio_diario,0.0,Producción de petróleo promedio diaria por cuenca
2010-12,2010-12-01,2010,12,petroleo,cuenca,GOLFO SAN JORGE,promedio_diario,30752.5848709677,Producción de petróleo promedio diaria por cuenca
2010-12,2010-12-01,2010,12,petroleo,cuenca,LOS BOLSONES,promedio_diario,0.0,Producción de petróleo promedio diaria por cuenca
2010-12,2010-12-01,2010,12,petroleo,cuenca,NEUQUINA,promedio_diario,37832.1538064516,Producción de petróleo promedio diaria por cuenca
2010-12,2010-12-01,2010,12,petroleo,cuenca,NOROESTE,promedio_diario,1687.21225806452,Producción de petróleo promedio diaria por cuenca
2011-01,2011-01-01,2011,1,petroleo,cuenca,AUSTRAL,promedio_diario,3994.81539331774,Producción de petróleo promedio diaria por cuenca
2011-01,2011-01-01,2011,1,petroleo,cuenca,CUYANA,promedio_diario,5131.69335483871,Producción de petróleo promedio diaria por cuenca
2011-01,2011-01-01,2011,1,petroleo,cuenca,DEL COLORADO,promedio_diario,0.0,Producción de petróleo promedio diaria por cuenca
2011-01,2011-01-01,2011,1,petroleo,cuenca,GOLFO SAN JORGE,promedio_diario,43136.2743870968,Producción de petróleo promedio diaria por cuenca
2011-01,2011-01-01,2011,1,petroleo,cuenca,LOS BOLSONES,promedio_diario,0.0,Producción de petróleo promedio diaria por cuenca
2011-01,2011-01-01,2011,1,petroleo,cuenca,NEUQUINA,promedio_diario,38019.3889354839,Producción de petróleo promedio diaria por cuenca
2011-01,2011-01-01,2011,1,petroleo,cuenca,NOROESTE,promedio_diario,1609.33806451613,Producción de petróleo promedio diaria por cuenca
2011-02,2011-02-01,2011,2,petroleo,cuenca,AUSTRAL,promedio_diario,3895.61336298725,Producción de petróleo promedio diaria por cuenca
2011-02,2011-02-01,2011,2,petroleo,cuenca,CUYANA,promedio_diario,5201.14139285714,Producción de petróleo promedio diaria por cuenca
2011-02,2011-02-01,2011,2,petroleo,cuenca,DEL COLORADO,promedio_diario,0.0,Producción de petróleo promedio diaria por cuenca
2011-02,2011-02-01,2011,2,petroleo,cuenca,GOLFO SAN JORGE,promedio_diario,44055.9044285714,Producción de petróleo promedio diaria por cuenca
2011-02,2011-02-01,2011,2,petroleo,cuenca,LOS BOLSONES,promedio_diario,0.0,Producción de petróleo promedio diaria por cuenca
2011-02,2011-02-01,2011,2,petroleo,cuenca,NEUQUINA,promedio_diario,37703.8813214286,Producción de petróleo promedio diaria por cuenca
2011-02,2011-02-01,2011,2,petroleo,cuenca,NOROESTE,promedio_diario,1588.30035714286,Producción de petróleo promedio diaria por cuenca
2011-03,2011-03-01,2011,3,petroleo,cuenca,AUSTRAL,promedio_diario,3686.48215809988,Producción de petróleo promedio diaria por cuenca
2011-03,2011-03-01,2011,3,petroleo,cuenca,CUYANA,promedio_diario,5159.97422580645,Producción de petróleo promedio diaria por cuenca
2011-03,2011-03-01,2011,3,petroleo,cuenca,DEL COLORADO,promedio_diario,0.0,Producción de petróleo promedio diaria por cuenca
2011-03,2011-03-01,2011,3,petroleo,cuenca,GOLFO SAN JORGE,promedio_diario,43870.1765806452,Producción de petróleo promedio diaria por cuenca
2011-03,2011-03-01,2011,3,petroleo,cuenca,LOS BOLSONES,promedio_diario,0.0,Producción de petróleo promedio diaria por cuenca
2011-03,2011-03-01,2011,3,petroleo,cuenca,NEUQUINA,promedio_diario,37613.9037419355,Producción de petróleo promedio diaria por cuenca
2011-03,2011-03-01,2011,3,petroleo,cuenca,NOROESTE,promedio_diario,1549.55419354839,Producción de petróleo promedio diaria por cuenca
2011-04,2011-04-01,2011,4,petroleo,cuenca,AUSTRAL,promedio_diario,4046.602852466,Producción de petróleo promedio diaria por cuenca
2011-04,2011-04-01,2011,4,petroleo,cuenca,CUYANA,promedio_diario,5095.83526666667,Producción de petróleo promedio diaria por cuenca
2011-04,2011-04-01,2011,4,petroleo,cuenca,DEL COLORADO,promedio_diario,0.0,Producción de petróleo promedio diaria por cuenca
2011-04,2011-04-01,2011,4,petroleo,cuenca,GOLFO SAN JORGE,promedio_diario,28665.2357333333,Producción de petróleo promedio diaria por cuenca
2011-04,2011-04-01,2011,4,petroleo,cuenca,LOS BOLSONES,promedio_diario,0.0,Producción de petróleo promedio diaria por cuenca
2011-04,2011-04-01,2011,4,petroleo,cuenca,NEUQUINA,promedio_diario,37402.9291666667,Producción de petróleo promedio diaria por cuenca
2011-04,2011-04-01,2011,4,petroleo,cuenca,NOROESTE,promedio_diario,1466.53466666667,Producción de petróleo promedio diaria por cuenca
2011-05,2011-05-01,2011,5,petroleo,cuenca,AUSTRAL,promedio_diario,4135.81702477419,Producción de petróleo promedio diaria por cuenca
2011-05,2011-05-01,2011,5,petroleo,cuenca,CUYANA,promedio_diario,5149.94351612903,Producción de petróleo promedio diaria por cuenca
2011-05,2011-05-01,2011,5,petroleo,cuenca,DEL COLORADO,promedio_diario,0.0,Producción de petróleo promedio diaria por cuenca
2011-05,2011-05-01,2011,5,petroleo,cuenca,GOLFO SAN JORGE,promedio_diario,32418.9663548387,Producción de petróleo promedio diaria por cuenca
2011-05,2011-05-01,2011,5,petroleo,cuenca,LOS BOLSONES,promedio_diario,0.0,Producción de petróleo promedio diaria por cuenca
2011-05,2011-05-01,2011,5,petroleo,cuenca,NEUQUINA,promedio_diario,37064.8047741936,Producción de petróleo promedio diaria por cuenca
2011-05,2011-05-01,2011,5,petroleo,cuenca,NOROESTE,promedio_diario,1566.8364516129,Producción de petróleo promedio diaria por cuenca
2011-06,2011-06-01,2011,6,petroleo,cuenca,AUSTRAL,promedio_diario,4157.24335753667,Producción de petróleo promedio diaria por cuenca
2011-06,2011-06-01,2011,6,petroleo,cuenca,CUYANA,promedio_diario,5154.5766,Producción de petróleo promedio diaria por cuenca
2011-06,2011-06-01,2011,6,petroleo,cuenca,DEL COLORADO,promedio_diario,0.0,Producción de petróleo promedio diaria por cuenca
2011-06,2011-06-01,2011,6,petroleo,cuenca,GOLFO SAN JORGE,promedio_diario,33693.5597666667,Producción de petróleo promedio diaria por cuenca
2011-06,2011-06-01,2011,6,petroleo,cuenca,LOS BOLSONES,promedio_diario,0.0,Producción de petróleo promedio diaria por cuenca
2011-06,2011-06-01,2011,6,petroleo,cuenca,NEUQUINA,promedio_diario,36987.7519633333,Producción de petróleo promedio diaria por cuenca
2011-06,2011-06-01,2011,6,petroleo,cuenca,NOROESTE,promedio_diario,1535.4604,Producción de petróleo promedio diaria por cuenca
2011-07,2011-07-01,2011,7,petroleo,cuenca,AUSTRAL,promedio_diario,3951.92970763234,Producción de petróleo promedio diaria por cuenca
2011-07,2011-07-01,2011,7,petroleo,cuenca,CUYANA,promedio_diario,5204.07687096774,Producción de petróleo promedio diaria por cuenca
2011-07,2011-07-01,2011,7,petroleo,cuenca,DEL COLORADO,promedio_diario,0.0,Producción de petróleo promedio diaria por cuenca
2011-07,2011-07-01,2011,7,petroleo,cuenca,GOLFO SAN JORGE,promedio_diario,38042.6335290323,Producción de petróleo promedio diaria por cuenca
2011-07,2011-07-01,2011,7,petroleo,cuenca,LOS BOLSONES,promedio_diario,0.0,Producción de petróleo promedio diaria por cuenca
2011-07,2011-07-01,2011,7,petroleo,cuenca,NEUQUINA,promedio_diario,37015.3909354839,Producción de petróleo promedio diaria por cuenca
2011-07,2011-07-01,2011,7,petroleo,cuenca,NOROESTE,promedio_diario,1510.22870967742,Producción de petróleo promedio diaria por cuenca
2011-08,2011-08-01,2011,8,petroleo,cuenca,AUSTRAL,promedio_diario,3946.91706451613,Producción de petróleo promedio diaria por cuenca
2011-08,2011-08-01,2011,8,petroleo,cuenca,CUYANA,promedio_diario,5130.12251612903,Producción de petróleo promedio diaria por cuenca
2011-08,2011-08-01,2011,8,petroleo,cuenca,DEL COLORADO,promedio_diario,0.0,Producción de petróleo promedio diaria por cuenca
2011-08,2011-08-01,2011,8,petroleo,cuenca,GOLFO SAN JORGE,promedio_diario,42767.7459332258,Producción de petróleo promedio diaria por cuenca
2011-08,2011-08-01,2011,8,petroleo,cuenca,LOS BOLSONES,promedio_diario,0.0,Producción de petróleo promedio diaria por cuenca
2011-08,2011-08-01,2011,8,petroleo,cuenca,NEUQUINA,promedio_diario,37147.5801290323,Producción de petróleo promedio diaria por cuenca
2011-08,2011-08-01,2011,8,petroleo,cuenca,NOROESTE,promedio_diario,1547.81451612903,Producción de petróleo promedio diaria por cuenca
2011-09,2011-09-01,2011,9,petroleo,cuenca,AUSTRAL,promedio_diario,4067.4857,Producción de petróleo promedio diaria por cuenca
2011-09,2011-09-01,2011,9,petroleo,cuenca,CUYANA,promedio_diario,5151.0845,Producción de petróleo promedio diaria por cuenca
2011-09,2011-09-01,2011,9,petroleo,cuenca,DEL COLORADO,promedio_diario,0.0,Producción de petróleo promedio diaria por cuenca
2011-09,2011-09-01,2011,9,petroleo,cuenca,GOLFO SAN JORGE,promedio_diario,43658.6748906667,Producción de petróleo promedio diaria por cuenca
2011-09,2011-09-01,2011,9,petroleo,cuenca,LOS BOLSONES,promedio_diario,0.0,Producción de petróleo promedio diaria por cuenca
2011-09,2011-09-01,2011,9,petroleo,cuenca,NEUQUINA,promedio_diario,36781.966,Producción de petróleo promedio diaria por cuenca
2011-09,2011-09-01,2011,9,petroleo,cuenca,NOROESTE,promedio_diario,1535.62966666667,Producción de petróleo promedio diaria por cuenca
2011-10,2011-10-01,2011,10,petroleo,cuenca,AUSTRAL,promedio_diario,4279.26548387097,Producción de petróleo promedio diaria por cuenca
2011-10,2011-10-01,2011,10,petroleo,cuenca,CUYANA,promedio_diario,5115.93264516129,Producción de petróleo promedio diaria por cuenca
2011-10,2011-10-01,2011,10,petroleo,cuenca,DEL COLORADO,promedio_diario,0.0,Producción de petróleo promedio diaria por cuenca
2011-10,2011-10-01,2011,10,petroleo,cuenca,GOLFO SAN JORGE,promedio_diario,43966.0075348387,Producción de petróleo promedio diaria por cuenca
2011-10,2011-10-01,2011,10,petroleo,cuenca,LOS BOLSONES,promedio_diario,0.0,Producción de petróleo promedio diaria por cuenca
2011-10,2011-10-01,2011,10,petroleo,cuenca,NEUQUINA,promedio_diario,37014.3081935484,Producción de petróleo promedio diaria por cuenca
2011-10,2011-10-01,2011,10,petroleo,cuenca,NOROESTE,promedio_diario,1456.72096774194,Producción de petróleo promedio diaria por cuenca
2011-11,2011-11-01,2011,11,petroleo,cuenca,AUSTRAL,promedio_diario,4061.1388,Producción de petróleo promedio diaria por cuenca
2011-11,2011-11-01,2011,11,petroleo,cuenca,CUYANA,promedio_diario,5076.13283333333,Producción de petróleo promedio diaria por cuenca
2011-11,2011-11-01,2011,11,petroleo,cuenca,DEL COLORADO,promedio_diario,0.0,Producción de petróleo promedio diaria por cuenca
2011-11,2011-11-01,2011,11,petroleo,cuenca,GOLFO SAN JORGE,promedio_diario,44045.1490926667,Producción de petróleo promedio diaria por cuenca
2011-11,2011-11-01,2011,11,petroleo,cuenca,LOS BOLSONES,promedio_diario,0.0,Producción de petróleo promedio diaria por cuenca
2011-11,2011-11-01,2011,11,petroleo,cuenca,NEUQUINA,promedio_diario,36870.1961666667,Producción de petróleo promedio diaria por cuenca
2011-11,2011-11-01,2011,11,petroleo,cuenca,NOROESTE,promedio_diario,1436.00036666667,Producción de petróleo promedio diaria por cuenca
2011-12,2011-12-01,2011,12,petroleo,cuenca,AUSTRAL,promedio_diario,3958.89512903226,Producción de petróleo promedio diaria por cuenca
2011-12,2011-12-01,2011,12,petroleo,cuenca,CUYANA,promedio_diario,4973.05135483871,Producción de petróleo promedio diaria por cuenca
2011-12,2011-12-01,2011,12,petroleo,cuenca,DEL COLORADO,promedio_diario,0.0,Producción de petróleo promedio diaria por cuenca
2011-12,2011-12-01,2011,12,petroleo,cuenca,GOLFO SAN JORGE,promedio_diario,44128.1666696774,Producción de petróleo promedio diaria por cuenca
2011-12,2011-12-01,2011,12,petroleo,cuenca,LOS BOLSONES,promedio_diario,0.0,Producción de petróleo promedio diaria por cuenca
2011-12,2011-12-01,2011,12,petroleo,cuenca,NEUQUINA,promedio_diario,35941.0001935484,Producción de petróleo promedio diaria por cuenca
2011-12,2011-12-01,2011,12,petroleo,cuenca,NOROESTE,promedio_diario,1398.94177419355,Producción de petróleo promedio diaria por cuenca
2012-01,2012-01-01,2012,1,petroleo,cuenca,AUSTRAL,promedio_diario,4376.19012903226,Producción de petróleo promedio diaria por cuenca
2012-01,2012-01-01,2012,1,petroleo,cuenca,CUYANA,promedio_diario,4978.49248387097,Producción de petróleo promedio diaria por cuenca
2012-01,2012-01-01,2012,1,petroleo,cuenca,DEL COLORADO,promedio_diario,0.0,Producción de petróleo promedio diaria por cuenca
2012-01,2012-01-01,2012,1,petroleo,cuenca,GOLFO SAN JORGE,promedio_diario,43179.6760832258,Producción de petróleo promedio diaria por cuenca
2012-01,2012-01-01,2012,1,petroleo,cuenca,LOS BOLSONES,promedio_diario,0.0,Producción de petróleo promedio diaria por cuenca
2012-01,2012-01-01,2012,1,petroleo,cuenca,NEUQUINA,promedio_diario,34532.3129354839,Producción de petróleo promedio diaria por cuenca
2012-01,2012-01-01,2012,1,petroleo,cuenca,NOROESTE,promedio_diario,1357.20620645161,Producción de petróleo promedio diaria por cuenca
2012-02,2012-02-01,2012,2,petroleo,cuenca,AUSTRAL,promedio_diario,4289.56951724138,Producción de petróleo promedio diaria por cuenca
2012-02,2012-02-01,2012,2,petroleo,cuenca,CUYANA,promedio_diario,4947.31951724138,Producción de petróleo promedio diaria por cuenca
2012-02,2012-02-01,2012,2,petroleo,cuenca,DEL COLORADO,promedio_diario,0.0,Producción de petróleo promedio diaria por cuenca
2012-02,2012-02-01,2012,2,petroleo,cuenca,GOLFO SAN JORGE,promedio_diario,42423.8702786207,Producción de petróleo promedio diaria por cuenca
2012-02,2012-02-01,2012,2,petroleo,cuenca,LOS BOLSONES,promedio_diario,0.0,Producción de petróleo promedio diaria por cuenca
2012-02,2012-02-01,2012,2,petroleo,cuenca,NEUQUINA,promedio_diario,35387.0573448276,Producción de petróleo promedio diaria por cuenca
2012-02,2012-02-01,2012,2,petroleo,cuenca,NOROESTE,promedio_diario,1339.15931034483,Producción de petróleo promedio diaria por cuenca
2012-03,2012-03-01,2012,3,petroleo,cuenca,AUSTRAL,promedio_diario,4163.71283870968,Producción de petróleo promedio diaria por cuenca
2012-03,2012-03-01,2012,3,petroleo,cuenca,CUYANA,promedio_diario,4931.73696774194,Producción de petróleo promedio diaria por cuenca
2012-03,2012-03-01,2012,3,petroleo,cuenca,DEL COLORADO,promedio_diario,0.0,Producción de petróleo promedio diaria por cuenca
2012-03,2012-03-01,2012,3,petroleo,cuenca,GOLFO SAN JORGE,promedio_diario,42580.728083871,Producción de petróleo promedio diaria por cuenca
2012-03,2012-03-01,2012,3,petroleo,cuenca,LOS BOLSONES,promedio_diario,0.0,Producción de petróleo promedio diaria por cuenca
2012-03,2012-03-01,2012,3,petroleo,cuenca,NEUQUINA,promedio_diario,35769.4004193548,Producción de petróleo promedio diaria por cuenca
2012-03,2012-03-01,2012,3,petroleo,cuenca,NOROESTE,promedio_diario,1340.49361290323,Producción de petróleo promedio diaria por cuenca
2012-04,2012-04-01,2012,4,petroleo,cuenca,AUSTRAL,promedio_diario,4257.69823333333,Producción de petróleo promedio diaria por cuenca
2012-04,2012-04-01,2012,4,petroleo,cuenca,CUYANA,promedio_diario,4918.18696666667,Producción de petróleo promedio diaria por cuenca
2012-04,2012-04-01,2012,4,petroleo,cuenca,DEL COLORADO,promedio_diario,0.0,Producción de petróleo promedio diaria por cuenca
2012-04,2012-04-01,2012,4,petroleo,cuenca,GOLFO SAN JORGE,promedio_diario,42039.0176666667,Producción de petróleo promedio diaria por cuenca
2012-04,2012-04-01,2012,4,petroleo,cuenca,LOS BOLSONES,promedio_diario,0.0,Producción de petróleo promedio diaria por cuenca
2012-04,2012-04-01,2012,4,petroleo,cuenca,NEUQUINA,promedio_diario,35052.0969333333,Producción de petróleo promedio diaria por cuenca
2012-04,2012-04-01,2012,4,petroleo,cuenca,NOROESTE,promedio_diario,1531.72143333333,Producción de petróleo promedio diaria por cuenca
2012-05,2012-05-01,2012,5,petroleo,cuenca,AUSTRAL,promedio_diario,4334.61316129032,Producción de petróleo promedio diaria por cuenca
2012-05,2012-05-01,2012,5,petroleo,cuenca,CAÑADON ASFALTO,promedio_diario,0.0,Producción de petróleo promedio diaria por cuenca
2012-05,2012-05-01,2012,5,petroleo,cuenca,CUYANA,promedio_diario,4910.30429032258,Producción de petróleo promedio diaria por cuenca
2012-05,2012-05-01,2012,5,petroleo,cuenca,DEL COLORADO,promedio_diario,0.0,Producción de petróleo promedio diaria por cuenca
2012-05,2012-05-01,2012,5,petroleo,cuenca,GOLFO SAN JORGE,promedio_diario,42290.9698789652,Producción de petróleo promedio diaria por cuenca
2012-05,2012-05-01,2012,5,petroleo,cuenca,LOS BOLSONES,promedio_diario,0.0,Producción de petróleo promedio diaria por cuenca
2012-05,2012-05-01,2012,5,petroleo,cuenca,NEUQUINA,promedio_diario,35436.191483871,Producción de petróleo promedio diaria por cuenca
2012-05,2012-05-01,2012,5,petroleo,cuenca,NOROESTE,promedio_diario,1576.15629032258,Producción de petróleo promedio diaria por cuenca
2012-06,2012-06-01,2012,6,petroleo,cuenca,AUSTRAL,promedio_diario,4207.37103333333,Producción de petróleo promedio diaria por cuenca
2012-06,2012-06-01,2012,6,petroleo,cuenca,CAÑADON ASFALTO,promedio_diario,0.0,Producción de petróleo promedio diaria por cuenca
2012-06,2012-06-01,2012,6,petroleo,cuenca,CUYANA,promedio_diario,4979.35153333333,Producción de petróleo promedio diaria por cuenca
2012-06,2012-06-01,2012,6,petroleo,cuenca,DEL COLORADO,promedio_diario,0.0,Producción de petróleo promedio diaria por cuenca
2012-06,2012-06-01,2012,6,petroleo,cuenca,GOLFO SAN JORGE,promedio_diario,37995.1477,Producción de petróleo promedio diaria por cuenca
2012-06,2012-06-01,2012,6,petroleo,cuenca,LOS BOLSONES,promedio_diario,0.0,Producción de petróleo promedio diaria por cuenca
2012-06,2012-06-01,2012,6,petroleo,cuenca,NEUQUINA,promedio_diario,35762.2209946,Producción de petróleo promedio diaria por cuenca
2012-06,2012-06-01,2012,6,petroleo,cuenca,NOROESTE,promedio_diario,1549.30793333333,Producción de petróleo promedio diaria por cuenca
2012-07,2012-07-01,2012,7,petroleo,cuenca,AUSTRAL,promedio_diario,4285.53367741935,Producción de petróleo promedio diaria por cuenca
2012-07,2012-07-01,2012,7,petroleo,cuenca,CAÑADON ASFALTO,promedio_diario,0.0,Producción de petróleo promedio diaria por cuenca
2012-07,2012-07-01,2012,7,petroleo,cuenca,CUYANA,promedio_diario,4914.91187096774,Producción de petróleo promedio diaria por cuenca
2012-07,2012-07-01,2012,7,petroleo,cuenca,DEL COLORADO,promedio_diario,0.0,Producción de petróleo promedio diaria por cuenca
2012-07,2012-07-01,2012,7,petroleo,cuenca,GOLFO SAN JORGE,promedio_diario,38642.1070645161,Producción de petróleo promedio diaria por cuenca
2012-07,2012-07-01,2012,7,petroleo,cuenca,LOS BOLSONES,promedio_diario,0.0,Producción de petróleo promedio diaria por cuenca
2012-07,2012-07-01,2012,7,petroleo,cuenca,NEUQUINA,promedio_diario,35902.1267643871,Producción de petróleo promedio diaria por cuenca
2012-07,2012-07-01,2012,7,petroleo,cuenca,NORESTE,promedio_diario,0.0,Producción de petróleo promedio diaria por cuenca
2012-07,2012-07-01,2012,7,petroleo,cuenca,NOROESTE,promedio_diario,1527.18793548387,Producción de petróleo promedio diaria por cuenca
2012-08,2012-08-01,2012,8,petroleo,cuenca,AUSTRAL,promedio_diario,4310.61938709677,Producción de petróleo promedio diaria por cuenca
2012-08,2012-08-01,2012,8,petroleo,cuenca,CAÑADON ASFALTO,promedio_diario,0.0,Producción de petróleo promedio diaria por cuenca
2012-08,2012-08-01,2012,8,petroleo,cuenca,CUYANA,promedio_diario,5077.32467741935,Producción de petróleo promedio diaria por cuenca
2012-08,2012-08-01,2012,8,petroleo,cuenca,DEL COLORADO,promedio_diario,0.0,Producción de petróleo promedio diaria por cuenca
2012-08,2012-08-01,2012,8,petroleo,cuenca,GOLFO SAN JORGE,promedio_diario,41679.9157741935,Producción de petróleo promedio diaria por cuenca
2012-08,2012-08-01,2012,8,petroleo,cuenca,LOS BOLSONES,promedio_diario,0.0,Producción de petróleo promedio diaria por cuenca
2012-08,2012-08-01,2012,8,petroleo,cuenca,NEUQUINA,promedio_diario,36108.0190263226,Producción de petróleo promedio diaria por cuenca
2012-08,2012-08-01,2012,8,petroleo,cuenca,NORESTE,promedio_diario,0.0,Producción de petróleo promedio diaria por cuenca
2012-08,2012-08-01,2012,8,petroleo,cuenca,NOROESTE,promedio_diario,1528.07470967742,Producción de petróleo promedio diaria por cuenca
2012-09,2012-09-01,2012,9,petroleo,cuenca,AUSTRAL,promedio_diario,4299.65396666667,Producción de petróleo promedio diaria por cuenca
2012-09,2012-09-01,2012,9,petroleo,cuenca,CAÑADON ASFALTO,promedio_diario,0.0,Producción de petróleo promedio diaria por cuenca
2012-09,2012-09-01,2012,9,petroleo,cuenca,CUYANA,promedio_diario,5060.20423333333,Producción de petróleo promedio diaria por cuenca
2012-09,2012-09-01,2012,9,petroleo,cuenca,DEL COLORADO,promedio_diario,0.0,Producción de petróleo promedio diaria por cuenca
2012-09,2012-09-01,2012,9,petroleo,cuenca,GOLFO SAN JORGE,promedio_diario,41816.4586333333,Producción de petróleo promedio diaria por cuenca
2012-09,2012-09-01,2012,9,petroleo,cuenca,LOS BOLSONES,promedio_diario,0.0,Producción de petróleo promedio diaria por cuenca
2012-09,2012-09-01,2012,9,petroleo,cuenca,NEUQUINA,promedio_diario,36020.9792424,Producción de petróleo promedio diaria por cuenca
2012-09,2012-09-01,2012,9,petroleo,cuenca,NORESTE,promedio_diario,0.0,Producción de petróleo promedio diaria por cuenca
2012-09,2012-09-01,2012,9,petroleo,cuenca,NOROESTE,promedio_diario,1477.54853333333,Producción de petróleo promedio diaria por cuenca
2012-10,2012-10-01,2012,10,petroleo,cuenca,AUSTRAL,promedio_diario,4172.49377419355,Producción de petróleo promedio diaria por cuenca
2012-10,2012-10-01,2012,10,petroleo,cuenca,CAÑADON ASFALTO,promedio_diario,0.0,Producción de petróleo promedio diaria por cuenca
2012-10,2012-10-01,2012,10,petroleo,cuenca,CUYANA,promedio_diario,5006.96148387097,Producción de petróleo promedio diaria por cuenca
2012-10,2012-10-01,2012,10,petroleo,cuenca,DEL COLORADO,promedio_diario,0.0,Producción de petróleo promedio diaria por cuenca
2012-10,2012-10-01,2012,10,petroleo,cuenca,GOLFO SAN JORGE,promedio_diario,41547.7866129032,Producción de petróleo promedio diaria por cuenca
2012-10,2012-10-01,2012,10,petroleo,cuenca,LOS BOLSONES,promedio_diario,0.0,Producción de petróleo promedio diaria por cuenca
2012-10,2012-10-01,2012,10,petroleo,cuenca,NEUQUINA,promedio_diario,35604.9524839032,Producción de petróleo promedio diaria por cuenca
2012-10,2012-10-01,2012,10,petroleo,cuenca,NORESTE,promedio_diario,0.0,Producción de petróleo promedio diaria por cuenca
2012-10,2012-10-01,2012,10,petroleo,cuenca,NOROESTE,promedio_diario,1434.57290322581,Producción de petróleo promedio diaria por cuenca
2012-11,2012-11-01,2012,11,petroleo,cuenca,AUSTRAL,promedio_diario,4159.86906666667,Producción de petróleo promedio diaria por cuenca
2012-11,2012-11-01,2012,11,petroleo,cuenca,CAÑADON ASFALTO,promedio_diario,0.0,Producción de petróleo promedio diaria por cuenca
2012-11,2012-11-01,2012,11,petroleo,cuenca,CUYANA,promedio_diario,4904.3229,Producción de petróleo promedio diaria por cuenca
2012-11,2012-11-01,2012,11,petroleo,cuenca,DEL COLORADO,promedio_diario,0.0,Producción de petróleo promedio diaria por cuenca
2012-11,2012-11-01,2012,11,petroleo,cuenca,GOLFO SAN JORGE,promedio_diario,41233.3200333333,Producción de petróleo promedio diaria por cuenca
2012-11,2012-11-01,2012,11,petroleo,cuenca,LOS BOLSONES,promedio_diario,0.0,Producción de petróleo promedio diaria por cuenca
2012-11,2012-11-01,2012,11,petroleo,cuenca,MALVINAS,promedio_diario,0.0,Producción de petróleo promedio diaria por cuenca
2012-11,2012-11-01,2012,11,petroleo,cuenca,NEUQUINA,promedio_diario,32850.816769456,Producción de petróleo promedio diaria por cuenca
2012-11,2012-11-01,2012,11,petroleo,cuenca,NORESTE,promedio_diario,0.0,Producción de petróleo promedio diaria por cuenca
2012-11,2012-11-01,2012,11,petroleo,cuenca,NOROESTE,promedio_diario,1418.1865,Producción de petróleo promedio diaria por cuenca
2012-12,2012-12-01,2012,12,petroleo,cuenca,AUSTRAL,promedio_diario,4246.11093548387,Producción de petróleo promedio diaria por cuenca
2012-12,2012-12-01,2012,12,petroleo,cuenca,CAÑADON ASFALTO,promedio_diario,0.0,Producción de petróleo promedio diaria por cuenca
2012-12,2012-12-01,2012,12,petroleo,cuenca,CUYANA,promedio_diario,4924.86406451613,Producción de petróleo promedio diaria por cuenca
2012-12,2012-12-01,2012,12,petroleo,cuenca,DEL COLORADO,promedio_diario,0.0,Producción de petróleo promedio diaria por cuenca
2012-12,2012-12-01,2012,12,petroleo,cuenca,GOLFO SAN JORGE,promedio_diario,40956.8980645161,Producción de petróleo promedio diaria por cuenca
2012-12,2012-12-01,2012,12,petroleo,cuenca,LOS BOLSONES,promedio_diario,0.0,Producción de petróleo promedio diaria por cuenca
2012-12,2012-12-01,2012,12,petroleo,cuenca,MALVINAS,promedio_diario,0.0,Producción de petróleo promedio diaria por cuenca
2012-12,2012-12-01,2012,12,petroleo,cuenca,NEUQUINA,promedio_diario,35120.5519188271,Producción de petróleo promedio diaria por cuenca
2012-12,2012-12-01,2012,12,petroleo,cuenca,NORESTE,promedio_diario,0.0,Producción de petróleo promedio diaria por cuenca
2012-12,2012-12-01,2012,12,petroleo,cuenca,NOROESTE,promedio_diario,1424.15064516129,Producción de petróleo promedio diaria por cuenca
2013-01,2013-01-01,2013,1,petroleo,cuenca,AUSTRAL,promedio_diario,4062.846,Producción de petróleo promedio diaria por cuenca
2013-01,2013-01-01,2013,1,petroleo,cuenca,CAÑADON ASFALTO,promedio_diario,0.0,Producción de petróleo promedio diaria por cuenca
2013-01,2013-01-01,2013,1,petroleo,cuenca,CUYANA,promedio_diario,4847.70516129032,Producción de petróleo promedio diaria por cuenca
2013-01,2013-01-01,2013,1,petroleo,cuenca,DEL COLORADO,promedio_diario,0.0,Producción de petróleo promedio diaria por cuenca
2013-01,2013-01-01,2013,1,petroleo,cuenca,GOLFO SAN JORGE,promedio_diario,40492.3126451613,Producción de petróleo promedio diaria por cuenca
2013-01,2013-01-01,2013,1,petroleo,cuenca,LOS BOLSONES,promedio_diario,0.0,Producción de petróleo promedio diaria por cuenca
2013-01,2013-01-01,2013,1,petroleo,cuenca,MALVINAS,promedio_diario,0.0,Producción de petróleo promedio diaria por cuenca
2013-01,2013-01-01,2013,1,petroleo,cuenca,NEUQUINA,promedio_diario,34026.2790786448,Producción de petróleo promedio diaria por cuenca
2013-01,2013-01-01,2013,1,petroleo,cuenca,NORESTE,promedio_diario,0.0,Producción de petróleo promedio diaria por cuenca
2013-01,2013-01-01,2013,1,petroleo,cuenca,NOROESTE,promedio_diario,1420.09061290323,Producción de petróleo promedio diaria por cuenca
2013-02,2013-02-01,2013,2,petroleo,cuenca,AUSTRAL,promedio_diario,4074.31303571429,Producción de petróleo promedio diaria por cuenca
2013-02,2013-02-01,2013,2,petroleo,cuenca,CAÑADON ASFALTO,promedio_diario,0.0,Producción de petróleo promedio diaria por cuenca
2013-02,2013-02-01,2013,2,petroleo,cuenca,CUYANA,promedio_diario,4966.5065,Producción de petróleo promedio diaria por cuenca
2013-02,2013-02-01,2013,2,petroleo,cuenca,DEL COLORADO,promedio_diario,0.0,Producción de petróleo promedio diaria por cuenca
2013-02,2013-02-01,2013,2,petroleo,cuenca,GOLFO SAN JORGE,promedio_diario,40334.4133571429,Producción de petróleo promedio diaria por cuenca
2013-02,2013-02-01,2013,2,petroleo,cuenca,LOS BOLSONES,promedio_diario,0.0,Producción de petróleo promedio diaria por cuenca
2013-02,2013-02-01,2013,2,petroleo,cuenca,MALVINAS,promedio_diario,0.0,Producción de petróleo promedio diaria por cuenca
2013-02,2013-02-01,2013,2,petroleo,cuenca,NEUQUINA,promedio_diario,34117.5449894282,Producción de petróleo promedio diaria por cuenca
2013-02,2013-02-01,2013,2,petroleo,cuenca,NORESTE,promedio_diario,0.0,Producción de petróleo promedio diaria por cuenca
2013-02,2013-02-01,2013,2,petroleo,cuenca,NOROESTE,promedio_diario,1370.33071428571,Producción de petróleo promedio diaria por cuenca
2013-03,2013-03-01,2013,3,petroleo,cuenca,AUSTRAL,promedio_diario,3920.54825806452,Producción de petróleo promedio diaria por cuenca
2013-03,2013-03-01,2013,3,petroleo,cuenca,CAÑADON ASFALTO,promedio_diario,0.0,Producción de petróleo promedio diaria por cuenca
2013-03,2013-03-01,2013,3,petroleo,cuenca,CUYANA,promedio_diario,4937.81241935484,Producción de petróleo promedio diaria por cuenca
2013-03,2013-03-01,2013,3,petroleo,cuenca,DEL COLORADO,promedio_diario,0.0,Producción de petróleo promedio diaria por cuenca
2013-03,2013-03-01,2013,3,petroleo,cuenca,GOLFO SAN JORGE,promedio_diario,40677.1533548387,Producción de petróleo promedio diaria por cuenca
2013-03,2013-03-01,2013,3,petroleo,cuenca,LOS BOLSONES,promedio_diario,0.0,Producción de petróleo promedio diaria por cuenca
2013-03,2013-03-01,2013,3,petroleo,cuenca,MALVINAS,promedio_diario,0.0,Producción de petróleo promedio diaria por cuenca
2013-03,2013-03-01,2013,3,petroleo,cuenca,NEUQUINA,promedio_diario,34301.7363435077,Producción de petróleo promedio diaria por cuenca
2013-03,2013-03-01,2013,3,petroleo,cuenca,NORESTE,promedio_diario,0.0,Producción de petróleo promedio diaria por cuenca
2013-03,2013-03-01,2013,3,petroleo,cuenca,NOROESTE,promedio_diario,1335.89403225806,Producción de petróleo promedio diaria por cuenca
2013-04,2013-04-01,2013,4,petroleo,cuenca,AUSTRAL,promedio_diario,3905.38756666667,Producción de petróleo promedio diaria por cuenca
2013-04,2013-04-01,2013,4,petroleo,cuenca,CAÑADON ASFALTO,promedio_diario,0.0,Producción de petróleo promedio diaria por cuenca
2013-04,2013-04-01,2013,4,petroleo,cuenca,CUYANA,promedio_diario,4891.22366666667,Producción de petróleo promedio diaria por cuenca
2013-04,2013-04-01,2013,4,petroleo,cuenca,DEL COLORADO,promedio_diario,0.0,Producción de petróleo promedio diaria por cuenca
2013-04,2013-04-01,2013,4,petroleo,cuenca,GOLFO SAN JORGE,promedio_diario,39972.9504,Producción de petróleo promedio diaria por cuenca
2013-04,2013-04-01,2013,4,petroleo,cuenca,LOS BOLSONES,promedio_diario,0.0,Producción de petróleo promedio diaria por cuenca
2013-04,2013-04-01,2013,4,petroleo,cuenca,MALVINAS,promedio_diario,0.0,Producción de petróleo promedio diaria por cuenca
2013-04,2013-04-01,2013,4,petroleo,cuenca,NEUQUINA,promedio_diario,34500.91246,Producción de petróleo promedio diaria por cuenca
2013-04,2013-04-01,2013,4,petroleo,cuenca,NORESTE,promedio_diario,0.0,Producción de petróleo promedio diaria por cuenca
2013-04,2013-04-01,2013,4,petroleo,cuenca,NOROESTE,promedio_diario,1262.8559,Producción de petróleo promedio diaria por cuenca
2013-05,2013-05-01,2013,5,petroleo,cuenca,AUSTRAL,promedio_diario,3972.18093548387,Producción de petróleo promedio diaria por cuenca
2013-05,2013-05-01,2013,5,petroleo,cuenca,CAÑADON ASFALTO,promedio_diario,0.0,Producción de petróleo promedio diaria por cuenca
2013-05,2013-05-01,2013,5,petroleo,cuenca,CUYANA,promedio_diario,4829.93070335484,Producción de petróleo promedio diaria por cuenca
2013-05,2013-05-01,2013,5,petroleo,cuenca,DEL COLORADO,promedio_diario,0.0,Producción de petróleo promedio diaria por cuenca
2013-05,2013-05-01,2013,5,petroleo,cuenca,GOLFO SAN JORGE,promedio_diario,41019.776356067,Producción de petróleo promedio diaria por cuenca
2013-05,2013-05-01,2013,5,petroleo,cuenca,LOS BOLSONES,promedio_diario,0.0,Producción de petróleo promedio diaria por cuenca
2013-05,2013-05-01,2013,5,petroleo,cuenca,MALVINAS,promedio_diario,0.0,Producción de petróleo promedio diaria por cuenca
2013-05,2013-05-01,2013,5,petroleo,cuenca,NEUQUINA,promedio_diario,34908.9542816561,Producción de petróleo promedio diaria por cuenca
2013-05,2013-05-01,2013,5,petroleo,cuenca,NORESTE,promedio_diario,0.0,Producción de petróleo promedio diaria por cuenca
2013-05,2013-05-01,2013,5,petroleo,cuenca,NOROESTE,promedio_diario,1330.0045483871,Producción de petróleo promedio diaria por cuenca
2013-06,2013-06-01,2013,6,petroleo,cuenca,AUSTRAL,promedio_diario,4128.34876666667,Producción de petróleo promedio diaria por cuenca
2013-06,2013-06-01,2013,6,petroleo,cuenca,CAÑADON ASFALTO,promedio_diario,0.0,Producción de petróleo promedio diaria por cuenca
2013-06,2013-06-01,2013,6,petroleo,cuenca,CUYANA,promedio_diario,4834.69296666667,Producción de petróleo promedio diaria por cuenca
2013-06,2013-06-01,2013,6,petroleo,cuenca,DEL COLORADO,promedio_diario,0.0,Producción de petróleo promedio diaria por cuenca
2013-06,2013-06-01,2013,6,petroleo,cuenca,GOLFO SAN JORGE,promedio_diario,41264.7396519705,Producción de petróleo promedio diaria por cuenca
2013-06,2013-06-01,2013,6,petroleo,cuenca,LOS BOLSONES,promedio_diario,0.0,Producción de petróleo promedio diaria por cuenca
2013-06,2013-06-01,2013,6,petroleo,cuenca,MALVINAS,promedio_diario,0.0,Producción de petróleo promedio diaria por cuenca
2013-06,2013-06-01,2013,6,petroleo,cuenca,NEUQUINA,promedio_diario,34199.8733211857,Producción de petróleo promedio diaria por cuenca
2013-06,2013-06-01,2013,6,petroleo,cuenca,NORESTE,promedio_diario,0.0,Producción de petróleo promedio diaria por cuenca
2013-06,2013-06-01,2013,6,petroleo,cuenca,NOROESTE,promedio_diario,1268.13733333333,Producción de petróleo promedio diaria por cuenca
2013-07,2013-07-01,2013,7,petroleo,cuenca,AUSTRAL,promedio_diario,4031.51322580645,Producción de petróleo promedio diaria por cuenca
2013-07,2013-07-01,2013,7,petroleo,cuenca,CAÑADON ASFALTO,promedio_diario,0.0,Producción de petróleo promedio diaria por cuenca
2013-07,2013-07-01,2013,7,petroleo,cuenca,CUYANA,promedio_diario,4744.73783870968,Producción de petróleo promedio diaria por cuenca
2013-07,2013-07-01,2013,7,petroleo,cuenca,DEL COLORADO,promedio_diario,0.0,Producción de petróleo promedio diaria por cuenca
2013-07,2013-07-01,2013,7,petroleo,cuenca,GOLFO SAN JORGE,promedio_diario,41419.7919677419,Producción de petróleo promedio diaria por cuenca
2013-07,2013-07-01,2013,7,petroleo,cuenca,LOS BOLSONES,promedio_diario,0.0,Producción de petróleo promedio diaria por cuenca
2013-07,2013-07-01,2013,7,petroleo,cuenca,MALVINAS,promedio_diario,0.0,Producción de petróleo promedio diaria por cuenca
2013-07,2013-07-01,2013,7,petroleo,cuenca,NEUQUINA,promedio_diario,35189.1350341361,Producción de petróleo promedio diaria por cuenca
2013-07,2013-07-01,2013,7,petroleo,cuenca,NORESTE,promedio_diario,0.0,Producción de petróleo promedio diaria por cuenca
2013-07,2013-07-01,2013,7,petroleo,cuenca,NOROESTE,promedio_diario,1227.97816129032,Producción de petróleo promedio diaria por cuenca
2013-08,2013-08-01,2013,8,petroleo,cuenca,AUSTRAL,promedio_diario,4008.26719354839,Producción de petróleo promedio diaria por cuenca
2013-08,2013-08-01,2013,8,petroleo,cuenca,CAÑADON ASFALTO,promedio_diario,0.0,Producción de petróleo promedio diaria por cuenca
2013-08,2013-08-01,2013,8,petroleo,cuenca,CUYANA,promedio_diario,4724.69135483871,Producción de petróleo promedio diaria por cuenca
2013-08,2013-08-01,2013,8,petroleo,cuenca,DEL COLORADO,promedio_diario,0.0,Producción de petróleo promedio diaria por cuenca
2013-08,2013-08-01,2013,8,petroleo,cuenca,GOLFO SAN JORGE,promedio_diario,41460.4499032258,Producción de petróleo promedio diaria por cuenca
2013-08,2013-08-01,2013,8,petroleo,cuenca,LOS BOLSONES,promedio_diario,0.0,Producción de petróleo promedio diaria por cuenca
2013-08,2013-08-01,2013,8,petroleo,cuenca,MALVINAS,promedio_diario,0.0,Producción de petróleo promedio diaria por cuenca
2013-08,2013-08-01,2013,8,petroleo,cuenca,NEUQUINA,promedio_diario,34805.5847709803,Producción de petróleo promedio diaria por cuenca
2013-08,2013-08-01,2013,8,petroleo,cuenca,NORESTE,promedio_diario,0.0,Producción de petróleo promedio diaria por cuenca
2013-08,2013-08-01,2013,8,petroleo,cuenca,NOROESTE,promedio_diario,1229.80783870968,Producción de petróleo promedio diaria por cuenca
2013-09,2013-09-01,2013,9,petroleo,cuenca,AUSTRAL,promedio_diario,3885.48413333333,Producción de petróleo promedio diaria por cuenca
2013-09,2013-09-01,2013,9,petroleo,cuenca,CAÑADON ASFALTO,promedio_diario,0.0,Producción de petróleo promedio diaria por cuenca
2013-09,2013-09-01,2013,9,petroleo,cuenca,CUYANA,promedio_diario,4751.99563333333,Producción de petróleo promedio diaria por cuenca
2013-09,2013-09-01,2013,9,petroleo,cuenca,DEL COLORADO,promedio_diario,0.0,Producción de petróleo promedio diaria por cuenca
2013-09,2013-09-01,2013,9,petroleo,cuenca,GOLFO SAN JORGE,promedio_diario,41581.0918,Producción de petróleo promedio diaria por cuenca
2013-09,2013-09-01,2013,9,petroleo,cuenca,LOS BOLSONES,promedio_diario,0.0,Producción de petróleo promedio diaria por cuenca
2013-09,2013-09-01,2013,9,petroleo,cuenca,MALVINAS,promedio_diario,0.0,Producción de petróleo promedio diaria por cuenca
2013-09,2013-09-01,2013,9,petroleo,cuenca,NEUQUINA,promedio_diario,35244.15925452,Producción de petróleo promedio diaria por cuenca
2013-09,2013-09-01,2013,9,petroleo,cuenca,NORESTE,promedio_diario,0.0,Producción de petróleo promedio diaria por cuenca
2013-09,2013-09-01,2013,9,petroleo,cuenca,NOROESTE,promedio_diario,1287.79533333333,Producción de petróleo promedio diaria por cuenca
2013-09,2013-09-01,2013,9,petroleo,cuenca,ÑIRIHUAU,promedio_diario,0.0,Producción de petróleo promedio diaria por cuenca
2013-10,2013-10-01,2013,10,petroleo,cuenca,AUSTRAL,promedio_diario,3727.55209677419,Producción de petróleo promedio diaria por cuenca
2013-10,2013-10-01,2013,10,petroleo,cuenca,CAÑADON ASFALTO,promedio_diario,0.0,Producción de petróleo promedio diaria por cuenca
2013-10,2013-10-01,2013,10,petroleo,cuenca,CUYANA,promedio_diario,4709.1685483871,Producción de petróleo promedio diaria por cuenca
2013-10,2013-10-01,2013,10,petroleo,cuenca,DEL COLORADO,promedio_diario,0.0,Producción de petróleo promedio diaria por cuenca
2013-10,2013-10-01,2013,10,petroleo,cuenca,FUERA DE CUENCA,promedio_diario,0.0,Producción de petróleo promedio diaria por cuenca
2013-10,2013-10-01,2013,10,petroleo,cuenca,GENERAL LEVALLE,promedio_diario,0.0,Producción de petróleo promedio diaria por cuenca
2013-10,2013-10-01,2013,10,petroleo,cuenca,GOLFO SAN JORGE,promedio_diario,42148.7736774194,Producción de petróleo promedio diaria por cuenca
2013-10,2013-10-01,2013,10,petroleo,cuenca,LAS SALINAS,promedio_diario,0.0,Producción de petróleo promedio diaria por cuenca
2013-10,2013-10-01,2013,10,petroleo,cuenca,LOS BOLSONES,promedio_diario,0.0,Producción de petróleo promedio diaria por cuenca
2013-10,2013-10-01,2013,10,petroleo,cuenca,MALVINAS,promedio_diario,0.0,Producción de petróleo promedio diaria por cuenca
2013-10,2013-10-01,2013,10,petroleo,cuenca,NEUQUINA,promedio_diario,35108.3435256519,Producción de petróleo promedio diaria por cuenca
2013-10,2013-10-01,2013,10,petroleo,cuenca,NORESTE,promedio_diario,0.0,Producción de petróleo promedio diaria por cuenca
2013-10,2013-10-01,2013,10,petroleo,cuenca,NOROESTE,promedio_diario,1247.00496774194,Producción de petróleo promedio diaria por cuenca
2013-10,2013-10-01,2013,10,petroleo,cuenca,ÑIRIHUAU,promedio_diario,0.0,Producción de petróleo promedio diaria por cuenca
2013-11,2013-11-01,2013,11,petroleo,cuenca,AUSTRAL,promedio_diario,3740.37013643333,Producción de petróleo promedio diaria por cuenca
2013-11,2013-11-01,2013,11,petroleo,cuenca,CAÑADON ASFALTO,promedio_diario,0.0,Producción de petróleo promedio diaria por cuenca
2013-11,2013-11-01,2013,11,petroleo,cuenca,CUYANA,promedio_diario,4723.36986666667,Producción de petróleo promedio diaria por cuenca
2013-11,2013-11-01,2013,11,petroleo,cuenca,DEL COLORADO,promedio_diario,0.0,Producción de petróleo promedio diaria por cuenca
2013-11,2013-11-01,2013,11,petroleo,cuenca,FUERA DE CUENCA,promedio_diario,0.0,Producción de petróleo promedio diaria por cuenca
2013-11,2013-11-01,2013,11,petroleo,cuenca,GENERAL LEVALLE,promedio_diario,0.0,Producción de petróleo promedio diaria por cuenca
2013-11,2013-11-01,2013,11,petroleo,cuenca,GOLFO SAN JORGE,promedio_diario,42015.9435333333,Producción de petróleo promedio diaria por cuenca
2013-11,2013-11-01,2013,11,petroleo,cuenca,LAS SALINAS,promedio_diario,0.0,Producción de petróleo promedio diaria por cuenca
2013-11,2013-11-01,2013,11,petroleo,cuenca,LOS BOLSONES,promedio_diario,0.0,Producción de petróleo promedio diaria por cuenca
2013-11,2013-11-01,2013,11,petroleo,cuenca,MALVINAS,promedio_diario,0.0,Producción de petróleo promedio diaria por cuenca
2013-11,2013-11-01,2013,11,petroleo,cuenca,NEUQUINA,promedio_diario,34640.405085751,Producción de petróleo promedio diaria por cuenca
2013-11,2013-11-01,2013,11,petroleo,cuenca,NORESTE,promedio_diario,0.0,Producción de petróleo promedio diaria por cuenca
2013-11,2013-11-01,2013,11,petroleo,cuenca,NOROESTE,promedio_diario,1259.33383333333,Producción de petróleo promedio diaria por cuenca
2013-11,2013-11-01,2013,11,petroleo,cuenca,ÑIRIHUAU,promedio_diario,0.0,Producción de petróleo promedio diaria por cuenca
2013-12,2013-12-01,2013,12,petroleo,cuenca,AUSTRAL,promedio_diario,3637.16939896774,Producción de petróleo promedio diaria por cuenca
2013-12,2013-12-01,2013,12,petroleo,cuenca,CAÑADON ASFALTO,promedio_diario,0.0,Producción de petróleo promedio diaria por cuenca
2013-12,2013-12-01,2013,12,petroleo,cuenca,CUYANA,promedio_diario,4693.95051612903,Producción de petróleo promedio diaria por cuenca
2013-12,2013-12-01,2013,12,petroleo,cuenca,DEL COLORADO,promedio_diario,0.0,Producción de petróleo promedio diaria por cuenca
2013-12,2013-12-01,2013,12,petroleo,cuenca,FUERA DE CUENCA,promedio_diario,0.0,Producción de petróleo promedio diaria por cuenca
2013-12,2013-12-01,2013,12,petroleo,cuenca,GENERAL LEVALLE,promedio_diario,0.0,Producción de petróleo promedio diaria por cuenca
2013-12,2013-12-01,2013,12,petroleo,cuenca,GOLFO SAN JORGE,promedio_diario,41703.216,Producción de petróleo promedio diaria por cuenca
2013-12,2013-12-01,2013,12,petroleo,cuenca,LAS SALINAS,promedio_diario,0.0,Producción de petróleo promedio diaria por cuenca
2013-12,2013-12-01,2013,12,petroleo,cuenca,LOS BOLSONES,promedio_diario,0.0,Producción de petróleo promedio diaria por cuenca
2013-12,2013-12-01,2013,12,petroleo,cuenca,MALVINAS,promedio_diario,0.0,Producción de petróleo promedio diaria por cuenca
2013-12,2013-12-01,2013,12,petroleo,cuenca,NEUQUINA,promedio_diario,34625.4451523665,Producción de petróleo promedio diaria por cuenca
2013-12,2013-12-01,2013,12,petroleo,cuenca,NORESTE,promedio_diario,0.0,Producción de petróleo promedio diaria por cuenca
2013-12,2013-12-01,2013,12,petroleo,cuenca,NOROESTE,promedio_diario,1280.53774193548,Producción de petróleo promedio diaria por cuenca
2013-12,2013-12-01,2013,12,petroleo,cuenca,ÑIRIHUAU,promedio_diario,0.0,Producción de petróleo promedio diaria por cuenca
2014-01,2014-01-01,2014,1,petroleo,cuenca,AUSTRAL,promedio_diario,3767.4782736129,Producción de petróleo promedio diaria por cuenca
2014-01,2014-01-01,2014,1,petroleo,cuenca,CAÑADON ASFALTO,promedio_diario,0.0,Producción de petróleo promedio diaria por cuenca
2014-01,2014-01-01,2014,1,petroleo,cuenca,CUYANA,promedio_diario,4708.12903225806,Producción de petróleo promedio diaria por cuenca
2014-01,2014-01-01,2014,1,petroleo,cuenca,DEL COLORADO,promedio_diario,0.0,Producción de petróleo promedio diaria por cuenca
2014-01,2014-01-01,2014,1,petroleo,cuenca,FUERA DE CUENCA,promedio_diario,0.0,Producción de petróleo promedio diaria por cuenca
2014-01,2014-01-01,2014,1,petroleo,cuenca,GENERAL LEVALLE,promedio_diario,0.0,Producción de petróleo promedio diaria por cuenca
2014-01,2014-01-01,2014,1,petroleo,cuenca,GOLFO SAN JORGE,promedio_diario,41562.6556774194,Producción de petróleo promedio diaria por cuenca
2014-01,2014-01-01,2014,1,petroleo,cuenca,LAS SALINAS,promedio_diario,0.0,Producción de petróleo promedio diaria por cuenca
2014-01,2014-01-01,2014,1,petroleo,cuenca,LOS BOLSONES,promedio_diario,0.0,Producción de petróleo promedio diaria por cuenca
2014-01,2014-01-01,2014,1,petroleo,cuenca,MALVINAS,promedio_diario,0.0,Producción de petróleo promedio diaria por cuenca
2014-01,2014-01-01,2014,1,petroleo,cuenca,NEUQUINA,promedio_diario,34425.6461058416,Producción de petróleo promedio diaria por cuenca
2014-01,2014-01-01,2014,1,petroleo,cuenca,NORESTE,promedio_diario,0.0,Producción de petróleo promedio diaria por cuenca
2014-01,2014-01-01,2014,1,petroleo,cuenca,NOROESTE,promedio_diario,1251.41041935484,Producción de petróleo promedio diaria por cuenca
2014-01,2014-01-01,2014,1,petroleo,cuenca,ÑIRIHUAU,promedio_diario,0.0,Producción de petróleo promedio diaria por cuenca
2014-02,2014-02-01,2014,2,petroleo,cuenca,AUSTRAL,promedio_diario,3709.53759353571,Producción de petróleo promedio diaria por cuenca
2014-02,2014-02-01,2014,2,petroleo,cuenca,CAÑADON ASFALTO,promedio_diario,0.0,Producción de petróleo promedio diaria por cuenca
2014-02,2014-02-01,2014,2,petroleo,cuenca,CUYANA,promedio_diario,4683.33189285714,Producción de petróleo promedio diaria por cuenca
2014-02,2014-02-01,2014,2,petroleo,cuenca,DEL COLORADO,promedio_diario,0.0,Producción de petróleo promedio diaria por cuenca
2014-02,2014-02-01,2014,2,petroleo,cuenca,FUERA DE CUENCA,promedio_diario,0.0,Producción de petróleo promedio diaria por cuenca
2014-02,2014-02-01,2014,2,petroleo,cuenca,GENERAL LEVALLE,promedio_diario,0.0,Producción de petróleo promedio diaria por cuenca
2014-02,2014-02-01,2014,2,petroleo,cuenca,GOLFO SAN JORGE,promedio_diario,41652.5408571429,Producción de petróleo promedio diaria por cuenca
2014-02,2014-02-01,2014,2,petroleo,cuenca,LAS SALINAS,promedio_diario,0.0,Producción de petróleo promedio diaria por cuenca
2014-02,2014-02-01,2014,2,petroleo,cuenca,LOS BOLSONES,promedio_diario,0.0,Producción de petróleo promedio diaria por cuenca
2014-02,2014-02-01,2014,2,petroleo,cuenca,MALVINAS,promedio_diario,0.0,Producción de petróleo promedio diaria por cuenca
2014-02,2014-02-01,2014,2,petroleo,cuenca,NEUQUINA,promedio_diario,34364.9722536896,Producción de petróleo promedio diaria por cuenca
2014-02,2014-02-01,2014,2,petroleo,cuenca,NORESTE,promedio_diario,0.0,Producción de petróleo promedio diaria por cuenca
2014-02,2014-02-01,2014,2,petroleo,cuenca,NOROESTE,promedio_diario,1272.52607142857,Producción de petróleo promedio diaria por cuenca
2014-02,2014-02-01,2014,2,petroleo,cuenca,ÑIRIHUAU,promedio_diario,0.0,Producción de petróleo promedio diaria por cuenca
2014-03,2014-03-01,2014,3,petroleo,cuenca,AUSTRAL,promedio_diario,3687.28853548387,Producción de petróleo promedio diaria por cuenca
2014-03,2014-03-01,2014,3,petroleo,cuenca,CAÑADON ASFALTO,promedio_diario,0.0,Producción de petróleo promedio diaria por cuenca
2014-03,2014-03-01,2014,3,petroleo,cuenca,CUYANA,promedio_diario,4715.26590322581,Producción de petróleo promedio diaria por cuenca
2014-03,2014-03-01,2014,3,petroleo,cuenca,DEL COLORADO,promedio_diario,0.0,Producción de petróleo promedio diaria por cuenca
2014-03,2014-03-01,2014,3,petroleo,cuenca,FUERA DE CUENCA,promedio_diario,0.0,Producción de petróleo promedio diaria por cuenca
2014-03,2014-03-01,2014,3,petroleo,cuenca,GENERAL LEVALLE,promedio_diario,0.0,Producción de petróleo promedio diaria por cuenca
2014-03,2014-03-01,2014,3,petroleo,cuenca,GOLFO SAN JORGE,promedio_diario,41708.0828064516,Producción de petróleo promedio diaria por cuenca
2014-03,2014-03-01,2014,3,petroleo,cuenca,LAS SALINAS,promedio_diario,0.0,Producción de petróleo promedio diaria por cuenca
2014-03,2014-03-01,2014,3,petroleo,cuenca,LOS BOLSONES,promedio_diario,0.0,Producción de petróleo promedio diaria por cuenca
2014-03,2014-03-01,2014,3,petroleo,cuenca,MALVINAS,promedio_diario,0.0,Producción de petróleo promedio diaria por cuenca
2014-03,2014-03-01,2014,3,petroleo,cuenca,NEUQUINA,promedio_diario,33642.1027487794,Producción de petróleo promedio diaria por cuenca
2014-03,2014-03-01,2014,3,petroleo,cuenca,NORESTE,promedio_diario,0.0,Producción de petróleo promedio diaria por cuenca
2014-03,2014-03-01,2014,3,petroleo,cuenca,NOROESTE,promedio_diario,1213.73674193548,Producción de petróleo promedio diaria por cuenca
2014-03,2014-03-01,2014,3,petroleo,cuenca,ÑIRIHUAU,promedio_diario,0.0,Producción de petróleo promedio diaria por cuenca
2014-04,2014-04-01,2014,4,petroleo,cuenca,AUSTRAL,promedio_diario,3289.91895543333,Producción de petróleo promedio diaria por cuenca
2014-04,2014-04-01,2014,4,petroleo,cuenca,CAÑADON ASFALTO,promedio_diario,0.0,Producción de petróleo promedio diaria por cuenca
2014-04,2014-04-01,2014,4,petroleo,cuenca,CUYANA,promedio_diario,4667.15253333333,Producción de petróleo promedio diaria por cuenca
2014-04,2014-04-01,2014,4,petroleo,cuenca,DEL COLORADO,promedio_diario,0.0,Producción de petróleo promedio diaria por cuenca
2014-04,2014-04-01,2014,4,petroleo,cuenca,FUERA DE CUENCA,promedio_diario,0.0,Producción de petróleo promedio diaria por cuenca
2014-04,2014-04-01,2014,4,petroleo,cuenca,GENERAL LEVALLE,promedio_diario,0.0,Producción de petróleo promedio diaria por cuenca
2014-04,2014-04-01,2014,4,petroleo,cuenca,GOLFO SAN JORGE,promedio_diario,41259.4443,Producción de petróleo promedio diaria por cuenca
2014-04,2014-04-01,2014,4,petroleo,cuenca,LAS SALINAS,promedio_diario,0.0,Producción de petróleo promedio diaria por cuenca
2014-04,2014-04-01,2014,4,petroleo,cuenca,LOS BOLSONES,promedio_diario,0.0,Producción de petróleo promedio diaria por cuenca
2014-04,2014-04-01,2014,4,petroleo,cuenca,MALVINAS,promedio_diario,0.0,Producción de petróleo promedio diaria por cuenca
2014-04,2014-04-01,2014,4,petroleo,cuenca,NEUQUINA,promedio_diario,31452.340906931,Producción de petróleo promedio diaria por cuenca
2014-04,2014-04-01,2014,4,petroleo,cuenca,NORESTE,promedio_diario,0.0,Producción de petróleo promedio diaria por cuenca
2014-04,2014-04-01,2014,4,petroleo,cuenca,NOROESTE,promedio_diario,1157.03733333333,Producción de petróleo promedio diaria por cuenca
2014-04,2014-04-01,2014,4,petroleo,cuenca,ÑIRIHUAU,promedio_diario,0.0,Producción de petróleo promedio diaria por cuenca
2014-05,2014-05-01,2014,5,petroleo,cuenca,AUSTRAL,promedio_diario,3675.5902276129,Producción de petróleo promedio diaria por cuenca
2014-05,2014-05-01,2014,5,petroleo,cuenca,CAÑADON ASFALTO,promedio_diario,0.0,Producción de petróleo promedio diaria por cuenca
2014-05,2014-05-01,2014,5,petroleo,cuenca,CUYANA,promedio_diario,4662.05358064516,Producción de petróleo promedio diaria por cuenca
2014-05,2014-05-01,2014,5,petroleo,cuenca,DEL COLORADO,promedio_diario,0.0,Producción de petróleo promedio diaria por cuenca
2014-05,2014-05-01,2014,5,petroleo,cuenca,FUERA DE CUENCA,promedio_diario,0.0,Producción de petróleo promedio diaria por cuenca
2014-05,2014-05-01,2014,5,petroleo,cuenca,GENERAL LEVALLE,promedio_diario,0.0,Producción de petróleo promedio diaria por cuenca
2014-05,2014-05-01,2014,5,petroleo,cuenca,GOLFO SAN JORGE,promedio_diario,41229.3666774194,Producción de petróleo promedio diaria por cuenca
2014-05,2014-05-01,2014,5,petroleo,cuenca,LAS SALINAS,promedio_diario,0.0,Producción de petróleo promedio diaria por cuenca
2014-05,2014-05-01,2014,5,petroleo,cuenca,LOS BOLSONES,promedio_diario,0.0,Producción de petróleo promedio diaria por cuenca
2014-05,2014-05-01,2014,5,petroleo,cuenca,MALVINAS,promedio_diario,0.0,Producción de petróleo promedio diaria por cuenca
2014-05,2014-05-01,2014,5,petroleo,cuenca,NEUQUINA,promedio_diario,33297.7802998997,Producción de petróleo promedio diaria por cuenca
2014-05,2014-05-01,2014,5,petroleo,cuenca,NORESTE,promedio_diario,0.0,Producción de petróleo promedio diaria por cuenca
2014-05,2014-05-01,2014,5,petroleo,cuenca,NOROESTE,promedio_diario,1148.94622580645,Producción de petróleo promedio diaria por cuenca
2014-05,2014-05-01,2014,5,petroleo,cuenca,ÑIRIHUAU,promedio_diario,0.0,Producción de petróleo promedio diaria por cuenca
2014-06,2014-06-01,2014,6,petroleo,cuenca,AUSTRAL,promedio_diario,3746.8236084,Producción de petróleo promedio diaria por cuenca
2014-06,2014-06-01,2014,6,petroleo,cuenca,CAÑADON ASFALTO,promedio_diario,0.0,Producción de petróleo promedio diaria por cuenca
2014-06,2014-06-01,2014,6,petroleo,cuenca,CUYANA,promedio_diario,4712.08143333333,Producción de petróleo promedio diaria por cuenca
2014-06,2014-06-01,2014,6,petroleo,cuenca,DEL COLORADO,promedio_diario,0.0,Producción de petróleo promedio diaria por cuenca
2014-06,2014-06-01,2014,6,petroleo,cuenca,FUERA DE CUENCA,promedio_diario,0.0,Producción de petróleo promedio diaria por cuenca
2014-06,2014-06-01,2014,6,petroleo,cuenca,GENERAL LEVALLE,promedio_diario,0.0,Producción de petróleo promedio diaria por cuenca
2014-06,2014-06-01,2014,6,petroleo,cuenca,GOLFO SAN JORGE,promedio_diario,40923.2623333333,Producción de petróleo promedio diaria por cuenca
2014-06,2014-06-01,2014,6,petroleo,cuenca,LAS SALINAS,promedio_diario,0.0,Producción de petróleo promedio diaria por cuenca
2014-06,2014-06-01,2014,6,petroleo,cuenca,LOS BOLSONES,promedio_diario,0.0,Producción de petróleo promedio diaria por cuenca
2014-06,2014-06-01,2014,6,petroleo,cuenca,MALVINAS,promedio_diario,0.0,Producción de petróleo promedio diaria por cuenca
2014-06,2014-06-01,2014,6,petroleo,cuenca,NEUQUINA,promedio_diario,33716.4824764157,Producción de petróleo promedio diaria por cuenca
2014-06,2014-06-01,2014,6,petroleo,cuenca,NORESTE,promedio_diario,0.0,Producción de petróleo promedio diaria por cuenca
2014-06,2014-06-01,2014,6,petroleo,cuenca,NOROESTE,promedio_diario,1186.04473333333,Producción de petróleo promedio diaria por cuenca
2014-06,2014-06-01,2014,6,petroleo,cuenca,ÑIRIHUAU,promedio_diario,0.0,Producción de petróleo promedio diaria por cuenca
2014-07,2014-07-01,2014,7,petroleo,cuenca,AUSTRAL,promedio_diario,3639.540268,Producción de petróleo promedio diaria por cuenca
2014-07,2014-07-01,2014,7,petroleo,cuenca,CAÑADON ASFALTO,promedio_diario,0.0,Producción de petróleo promedio diaria por cuenca
2014-07,2014-07-01,2014,7,petroleo,cuenca,CUYANA,promedio_diario,4722.3775483871,Producción de petróleo promedio diaria por cuenca
2014-07,2014-07-01,2014,7,petroleo,cuenca,DEL COLORADO,promedio_diario,0.0,Producción de petróleo promedio diaria por cuenca
2014-07,2014-07-01,2014,7,petroleo,cuenca,FUERA DE CUENCA,promedio_diario,0.0,Producción de petróleo promedio diaria por cuenca
2014-07,2014-07-01,2014,7,petroleo,cuenca,GENERAL LEVALLE,promedio_diario,0.0,Producción de petróleo promedio diaria por cuenca
2014-07,2014-07-01,2014,7,petroleo,cuenca,GOLFO SAN JORGE,promedio_diario,41024.5353449258,Producción de petróleo promedio diaria por cuenca
2014-07,2014-07-01,2014,7,petroleo,cuenca,LAS SALINAS,promedio_diario,0.0,Producción de petróleo promedio diaria por cuenca
2014-07,2014-07-01,2014,7,petroleo,cuenca,LOS BOLSONES,promedio_diario,0.0,Producción de petróleo promedio diaria por cuenca
2014-07,2014-07-01,2014,7,petroleo,cuenca,MALVINAS,promedio_diario,0.0,Producción de petróleo promedio diaria por cuenca
2014-07,2014-07-01,2014,7,petroleo,cuenca,NEUQUINA,promedio_diario,32890.3024309168,Producción de petróleo promedio diaria por cuenca
2014-07,2014-07-01,2014,7,petroleo,cuenca,NORESTE,promedio_diario,0.0,Producción de petróleo promedio diaria por cuenca
2014-07,2014-07-01,2014,7,petroleo,cuenca,NOROESTE,promedio_diario,1180.78490322581,Producción de petróleo promedio diaria por cuenca
2014-07,2014-07-01,2014,7,petroleo,cuenca,ÑIRIHUAU,promedio_diario,0.0,Producción de petróleo promedio diaria por cuenca
2014-08,2014-08-01,2014,8,petroleo,cuenca,AUSTRAL,promedio_diario,3583.80735483871,Producción de petróleo promedio diaria por cuenca
2014-08,2014-08-01,2014,8,petroleo,cuenca,CAÑADON ASFALTO,promedio_diario,0.0,Producción de petróleo promedio diaria por cuenca
2014-08,2014-08-01,2014,8,petroleo,cuenca,CUYANA,promedio_diario,4668.58048387097,Producción de petróleo promedio diaria por cuenca
2014-08,2014-08-01,2014,8,petroleo,cuenca,DEL COLORADO,promedio_diario,0.0,Producción de petróleo promedio diaria por cuenca
2014-08,2014-08-01,2014,8,petroleo,cuenca,FUERA DE CUENCA,promedio_diario,0.0,Producción de petróleo promedio diaria por cuenca
2014-08,2014-08-01,2014,8,petroleo,cuenca,GENERAL LEVALLE,promedio_diario,0.0,Producción de petróleo promedio diaria por cuenca
2014-08,2014-08-01,2014,8,petroleo,cuenca,GOLFO SAN JORGE,promedio_diario,40327.8813171839,Producción de petróleo promedio diaria por cuenca
2014-08,2014-08-01,2014,8,petroleo,cuenca,LAS SALINAS,promedio_diario,0.0,Producción de petróleo promedio diaria por cuenca
2014-08,2014-08-01,2014,8,petroleo,cuenca,LOS BOLSONES,promedio_diario,0.0,Producción de petróleo promedio diaria por cuenca
2014-08,2014-08-01,2014,8,petroleo,cuenca,MALVINAS,promedio_diario,0.0,Producción de petróleo promedio diaria por cuenca
2014-08,2014-08-01,2014,8,petroleo,cuenca,NEUQUINA,promedio_diario,34315.0790700603,Producción de petróleo promedio diaria por cuenca
2014-08,2014-08-01,2014,8,petroleo,cuenca,NORESTE,promedio_diario,0.0,Producción de petróleo promedio diaria por cuenca
2014-08,2014-08-01,2014,8,petroleo,cuenca,NOROESTE,promedio_diario,1188.59103225806,Producción de petróleo promedio diaria por cuenca
2014-08,2014-08-01,2014,8,petroleo,cuenca,ÑIRIHUAU,promedio_diario,0.0,Producción de petróleo promedio diaria por cuenca
2014-09,2014-09-01,2014,9,petroleo,cuenca,AUSTRAL,promedio_diario,3820.89453333333,Producción de petróleo promedio diaria por cuenca
2014-09,2014-09-01,2014,9,petroleo,cuenca,CAÑADON ASFALTO,promedio_diario,0.0,Producción de petróleo promedio diaria por cuenca
2014-09,2014-09-01,2014,9,petroleo,cuenca,CUYANA,promedio_diario,4640.18293333333,Producción de petróleo promedio diaria por cuenca
2014-09,2014-09-01,2014,9,petroleo,cuenca,DEL COLORADO,promedio_diario,0.0,Producción de petróleo promedio diaria por cuenca
2014-09,2014-09-01,2014,9,petroleo,cuenca,FUERA DE CUENCA,promedio_diario,0.0,Producción de petróleo promedio diaria por cuenca
2014-09,2014-09-01,2014,9,petroleo,cuenca,GENERAL LEVALLE,promedio_diario,0.0,Producción de petróleo promedio diaria por cuenca
2014-09,2014-09-01,2014,9,petroleo,cuenca,GOLFO SAN JORGE,promedio_diario,41336.9234702733,Producción de petróleo promedio diaria por cuenca
2014-09,2014-09-01,2014,9,petroleo,cuenca,LAS SALINAS,promedio_diario,0.0,Producción de petróleo promedio diaria por cuenca
2014-09,2014-09-01,2014,9,petroleo,cuenca,LOS BOLSONES,promedio_diario,0.0,Producción de petróleo promedio diaria por cuenca
2014-09,2014-09-01,2014,9,petroleo,cuenca,MALVINAS,promedio_diario,0.0,Producción de petróleo promedio diaria por cuenca
2014-09,2014-09-01,2014,9,petroleo,cuenca,NEUQUINA,promedio_diario,34789.6205000227,Producción de petróleo promedio diaria por cuenca
2014-09,2014-09-01,2014,9,petroleo,cuenca,NORESTE,promedio_diario,0.0,Producción de petróleo promedio diaria por cuenca
2014-09,2014-09-01,2014,9,petroleo,cuenca,NOROESTE,promedio_diario,1202.4155,Producción de petróleo promedio diaria por cuenca
2014-09,2014-09-01,2014,9,petroleo,cuenca,ÑIRIHUAU,promedio_diario,0.0,Producción de petróleo promedio diaria por cuenca
2014-10,2014-10-01,2014,10,petroleo,cuenca,AUSTRAL,promedio_diario,3651.8625483871,Producción de petróleo promedio diaria por cuenca
2014-10,2014-10-01,2014,10,petroleo,cuenca,CAÑADON ASFALTO,promedio_diario,0.0,Producción de petróleo promedio diaria por cuenca
2014-10,2014-10-01,2014,10,petroleo,cuenca,CUYANA,promedio_diario,4601.1755483871,Producción de petróleo promedio diaria por cuenca
2014-10,2014-10-01,2014,10,petroleo,cuenca,DEL COLORADO,promedio_diario,0.0,Producción de petróleo promedio diaria por cuenca
2014-10,2014-10-01,2014,10,petroleo,cuenca,FUERA DE CUENCA,promedio_diario,0.0,Producción de petróleo promedio diaria por cuenca
2014-10,2014-10-01,2014,10,petroleo,cuenca,GENERAL LEVALLE,promedio_diario,0.0,Producción de petróleo promedio diaria por cuenca
2014-10,2014-10-01,2014,10,petroleo,cuenca,GOLFO SAN JORGE,promedio_diario,41826.5249354839,Producción de petróleo promedio diaria por cuenca
2014-10,2014-10-01,2014,10,petroleo,cuenca,LAS SALINAS,promedio_diario,0.0,Producción de petróleo promedio diaria por cuenca
2014-10,2014-10-01,2014,10,petroleo,cuenca,LOS BOLSONES,promedio_diario,0.0,Producción de petróleo promedio diaria por cuenca
2014-10,2014-10-01,2014,10,petroleo,cuenca,MALVINAS,promedio_diario,0.0,Producción de petróleo promedio diaria por cuenca
2014-10,2014-10-01,2014,10,petroleo,cuenca,NEUQUINA,promedio_diario,34400.7813301219,Producción de petróleo promedio diaria por cuenca
2014-10,2014-10-01,2014,10,petroleo,cuenca,NORESTE,promedio_diario,0.0,Producción de petróleo promedio diaria por cuenca
2014-10,2014-10-01,2014,10,petroleo,cuenca,NOROESTE,promedio_diario,1155.05819354839,Producción de petróleo promedio diaria por cuenca
2014-10,2014-10-01,2014,10,petroleo,cuenca,ÑIRIHUAU,promedio_diario,0.0,Producción de petróleo promedio diaria por cuenca
2014-11,2014-11-01,2014,11,petroleo,cuenca,AUSTRAL,promedio_diario,3570.61503333333,Producción de petróleo promedio diaria por cuenca
2014-11,2014-11-01,2014,11,petroleo,cuenca,CAÑADON ASFALTO,promedio_diario,0.0,Producción de petróleo promedio diaria por cuenca
2014-11,2014-11-01,2014,11,petroleo,cuenca,CUYANA,promedio_diario,4606.47036666667,Producción de petróleo promedio diaria por cuenca
2014-11,2014-11-01,2014,11,petroleo,cuenca,DEL COLORADO,promedio_diario,0.0,Producción de petróleo promedio diaria por cuenca
2014-11,2014-11-01,2014,11,petroleo,cuenca,FUERA DE CUENCA,promedio_diario,0.0,Producción de petróleo promedio diaria por cuenca
2014-11,2014-11-01,2014,11,petroleo,cuenca,GENERAL LEVALLE,promedio_diario,0.0,Producción de petróleo promedio diaria por cuenca
2014-11,2014-11-01,2014,11,petroleo,cuenca,GOLFO SAN JORGE,promedio_diario,42090.44119379,Producción de petróleo promedio diaria por cuenca
2014-11,2014-11-01,2014,11,petroleo,cuenca,LAS SALINAS,promedio_diario,0.0,Producción de petróleo promedio diaria por cuenca
2014-11,2014-11-01,2014,11,petroleo,cuenca,LOS BOLSONES,promedio_diario,0.0,Producción de petróleo promedio diaria por cuenca
2014-11,2014-11-01,2014,11,petroleo,cuenca,MALVINAS,promedio_diario,0.0,Producción de petróleo promedio diaria por cuenca
2014-11,2014-11-01,2014,11,petroleo,cuenca,NEUQUINA,promedio_diario,33463.236855881,Producción de petróleo promedio diaria por cuenca
2014-11,2014-11-01,2014,11,petroleo,cuenca,NORESTE,promedio_diario,0.0,Producción de petróleo promedio diaria por cuenca
2014-11,2014-11-01,2014,11,petroleo,cuenca,NOROESTE,promedio_diario,1112.80976666667,Producción de petróleo promedio diaria por cuenca
2014-11,2014-11-01,2014,11,petroleo,cuenca,ÑIRIHUAU,promedio_diario,0.0,Producción de petróleo promedio diaria por cuenca
2014-12,2014-12-01,2014,12,petroleo,cuenca,AUSTRAL,promedio_diario,3404.44967741935,Producción de petróleo promedio diaria por cuenca
2014-12,2014-12-01,2014,12,petroleo,cuenca,CAÑADON ASFALTO,promedio_diario,0.0,Producción de petróleo promedio diaria por cuenca
2014-12,2014-12-01,2014,12,petroleo,cuenca,CUYANA,promedio_diario,4560.59790322581,Producción de petróleo promedio diaria por cuenca
2014-12,2014-12-01,2014,12,petroleo,cuenca,DEL COLORADO,promedio_diario,0.0,Producción de petróleo promedio diaria por cuenca
2014-12,2014-12-01,2014,12,petroleo,cuenca,FUERA DE CUENCA,promedio_diario,0.0,Producción de petróleo promedio diaria por cuenca
2014-12,2014-12-01,2014,12,petroleo,cuenca,GENERAL LEVALLE,promedio_diario,0.0,Producción de petróleo promedio diaria por cuenca
2014-12,2014-12-01,2014,12,petroleo,cuenca,GOLFO SAN JORGE,promedio_diario,41935.0952833129,Producción de petróleo promedio diaria por cuenca
2014-12,2014-12-01,2014,12,petroleo,cuenca,LAS SALINAS,promedio_diario,0.0,Producción de petróleo promedio diaria por cuenca
2014-12,2014-12-01,2014,12,petroleo,cuenca,LOS BOLSONES,promedio_diario,0.0,Producción de petróleo promedio diaria por cuenca
2014-12,2014-12-01,2014,12,petroleo,cuenca,MALVINAS,promedio_diario,0.0,Producción de petróleo promedio diaria por cuenca
2014-12,2014-12-01,2014,12,petroleo,cuenca,NEUQUINA,promedio_diario,33970.0205090539,Producción de petróleo promedio diaria por cuenca
2014-12,2014-12-01,2014,12,petroleo,cuenca,NORESTE,promedio_diario,0.0,Producción de petróleo promedio diaria por cuenca
2014-12,2014-12-01,2014,12,petroleo,cuenca,NOROESTE,promedio_diario,1103.49612903226,Producción de petróleo promedio diaria por cuenca
2014-12,2014-12-01,2014,12,petroleo,cuenca,ÑIRIHUAU,promedio_diario,0.0,Producción de petróleo promedio diaria por cuenca
2015-01,2015-01-01,2015,1,petroleo,cuenca,AUSTRAL,promedio_diario,3626.23651612903,Producción de petróleo promedio diaria por cuenca
2015-01,2015-01-01,2015,1,petroleo,cuenca,CAÑADON ASFALTO,promedio_diario,0.0,Producción de petróleo promedio diaria por cuenca
2015-01,2015-01-01,2015,1,petroleo,cuenca,CUYANA,promedio_diario,4443.05432258065,Producción de petróleo promedio diaria por cuenca
2015-01,2015-01-01,2015,1,petroleo,cuenca,DEL COLORADO,promedio_diario,0.0,Producción de petróleo promedio diaria por cuenca
2015-01,2015-01-01,2015,1,petroleo,cuenca,GOLFO SAN JORGE,promedio_diario,41675.7007171827,Producción de petróleo promedio diaria por cuenca
2015-01,2015-01-01,2015,1,petroleo,cuenca,LOS BOLSONES,promedio_diario,0.0,Producción de petróleo promedio diaria por cuenca
2015-01,2015-01-01,2015,1,petroleo,cuenca,MALVINAS,promedio_diario,0.0,Producción de petróleo promedio diaria por cuenca
2015-01,2015-01-01,2015,1,petroleo,cuenca,NEUQUINA,promedio_diario,33893.3566672116,Producción de petróleo promedio diaria por cuenca
2015-01,2015-01-01,2015,1,petroleo,cuenca,NORESTE,promedio_diario,0.0,Producción de petróleo promedio diaria por cuenca
2015-01,2015-01-01,2015,1,petroleo,cuenca,NOROESTE,promedio_diario,1141.58629032258,Producción de petróleo promedio diaria por cuenca
2015-01,2015-01-01,2015,1,petroleo,cuenca,ÑIRIHUAU,promedio_diario,0.0,Producción de petróleo promedio diaria por cuenca
2015-02,2015-02-01,2015,2,petroleo,cuenca,AUSTRAL,promedio_diario,3495.03953571429,Producción de petróleo promedio diaria por cuenca
2015-02,2015-02-01,2015,2,petroleo,cuenca,CAÑADON ASFALTO,promedio_diario,0.0,Producción de petróleo promedio diaria por cuenca
2015-02,2015-02-01,2015,2,petroleo,cuenca,CUYANA,promedio_diario,4404.01735714286,Producción de petróleo promedio diaria por cuenca
2015-02,2015-02-01,2015,2,petroleo,cuenca,DEL COLORADO,promedio_diario,0.0,Producción de petróleo promedio diaria por cuenca
2015-02,2015-02-01,2015,2,petroleo,cuenca,GOLFO SAN JORGE,promedio_diario,41863.6373214286,Producción de petróleo promedio diaria por cuenca
2015-02,2015-02-01,2015,2,petroleo,cuenca,LOS BOLSONES,promedio_diario,0.0,Producción de petróleo promedio diaria por cuenca
2015-02,2015-02-01,2015,2,petroleo,cuenca,MALVINAS,promedio_diario,0.0,Producción de petróleo promedio diaria por cuenca
2015-02,2015-02-01,2015,2,petroleo,cuenca,NEUQUINA,promedio_diario,33179.0950470482,Producción de petróleo promedio diaria por cuenca
2015-02,2015-02-01,2015,2,petroleo,cuenca,NORESTE,promedio_diario,0.0,Producción de petróleo promedio diaria por cuenca
2015-02,2015-02-01,2015,2,petroleo,cuenca,NOROESTE,promedio_diario,1131.72417857143,Producción de petróleo promedio diaria por cuenca
2015-02,2015-02-01,2015,2,petroleo,cuenca,ÑIRIHUAU,promedio_diario,0.0,Producción de petróleo promedio diaria por cuenca
2015-03,2015-03-01,2015,3,petroleo,cuenca,AUSTRAL,promedio_diario,3484.80270967742,Producción de petróleo promedio diaria por cuenca
2015-03,2015-03-01,2015,3,petroleo,cuenca,CAÑADON ASFALTO,promedio_diario,0.0,Producción de petróleo promedio diaria por cuenca
2015-03,2015-03-01,2015,3,petroleo,cuenca,CUYANA,promedio_diario,4384.37183870968,Producción de petróleo promedio diaria por cuenca
2015-03,2015-03-01,2015,3,petroleo,cuenca,DEL COLORADO,promedio_diario,0.0,Producción de petróleo promedio diaria por cuenca
2015-03,2015-03-01,2015,3,petroleo,cuenca,GOLFO SAN JORGE,promedio_diario,41798.2919677419,Producción de petróleo promedio diaria por cuenca
2015-03,2015-03-01,2015,3,petroleo,cuenca,LOS BOLSONES,promedio_diario,0.0,Producción de petróleo promedio diaria por cuenca
2015-03,2015-03-01,2015,3,petroleo,cuenca,MALVINAS,promedio_diario,0.0,Producción de petróleo promedio diaria por cuenca
2015-03,2015-03-01,2015,3,petroleo,cuenca,NEUQUINA,promedio_diario,33687.3100027658,Producción de petróleo promedio diaria por cuenca
2015-03,2015-03-01,2015,3,petroleo,cuenca,NORESTE,promedio_diario,0.0,Producción de petróleo promedio diaria por cuenca
2015-03,2015-03-01,2015,3,petroleo,cuenca,NOROESTE,promedio_diario,1145.44025806452,Producción de petróleo promedio diaria por cuenca
2015-03,2015-03-01,2015,3,petroleo,cuenca,ÑIRIHUAU,promedio_diario,0.0,Producción de petróleo promedio diaria por cuenca
2015-04,2015-04-01,2015,4,petroleo,cuenca,AUSTRAL,promedio_diario,3522.42366666667,Producción de petróleo promedio diaria por cuenca
2015-04,2015-04-01,2015,4,petroleo,cuenca,CAÑADON ASFALTO,promedio_diario,0.0,Producción de petróleo promedio diaria por cuenca
2015-04,2015-04-01,2015,4,petroleo,cuenca,CUYANA,promedio_diario,4399.9535,Producción de petróleo promedio diaria por cuenca
2015-04,2015-04-01,2015,4,petroleo,cuenca,DEL COLORADO,promedio_diario,0.0,Producción de petróleo promedio diaria por cuenca
2015-04,2015-04-01,2015,4,petroleo,cuenca,GOLFO SAN JORGE,promedio_diario,41603.9014527741,Producción de petróleo promedio diaria por cuenca
2015-04,2015-04-01,2015,4,petroleo,cuenca,LOS BOLSONES,promedio_diario,0.0,Producción de petróleo promedio diaria por cuenca
2015-04,2015-04-01,2015,4,petroleo,cuenca,MALVINAS,promedio_diario,0.0,Producción de petróleo promedio diaria por cuenca
2015-04,2015-04-01,2015,4,petroleo,cuenca,NEUQUINA,promedio_diario,34079.2674929367,Producción de petróleo promedio diaria por cuenca
2015-04,2015-04-01,2015,4,petroleo,cuenca,NORESTE,promedio_diario,0.0,Producción de petróleo promedio diaria por cuenca
2015-04,2015-04-01,2015,4,petroleo,cuenca,NOROESTE,promedio_diario,1180.17406666667,Producción de petróleo promedio diaria por cuenca
2015-04,2015-04-01,2015,4,petroleo,cuenca,ÑIRIHUAU,promedio_diario,0.0,Producción de petróleo promedio diaria por cuenca
2015-05,2015-05-01,2015,5,petroleo,cuenca,AUSTRAL,promedio_diario,3510.96206451613,Producción de petróleo promedio diaria por cuenca
2015-05,2015-05-01,2015,5,petroleo,cuenca,CAÑADON ASFALTO,promedio_diario,0.0,Producción de petróleo promedio diaria por cuenca
2015-05,2015-05-01,2015,5,petroleo,cuenca,CUYANA,promedio_diario,4364.24761290323,Producción de petróleo promedio diaria por cuenca
2015-05,2015-05-01,2015,5,petroleo,cuenca,DEL COLORADO,promedio_diario,0.0,Producción de petróleo promedio diaria por cuenca
2015-05,2015-05-01,2015,5,petroleo,cuenca,GOLFO SAN JORGE,promedio_diario,41925.1127419355,Producción de petróleo promedio diaria por cuenca
2015-05,2015-05-01,2015,5,petroleo,cuenca,LOS BOLSONES,promedio_diario,0.0,Producción de petróleo promedio diaria por cuenca
2015-05,2015-05-01,2015,5,petroleo,cuenca,MALVINAS,promedio_diario,0.0,Producción de petróleo promedio diaria por cuenca
2015-05,2015-05-01,2015,5,petroleo,cuenca,NEUQUINA,promedio_diario,34217.2493524642,Producción de petróleo promedio diaria por cuenca
2015-05,2015-05-01,2015,5,petroleo,cuenca,NORESTE,promedio_diario,0.0,Producción de petróleo promedio diaria por cuenca
2015-05,2015-05-01,2015,5,petroleo,cuenca,NOROESTE,promedio_diario,1257.55770967742,Producción de petróleo promedio diaria por cuenca
2015-05,2015-05-01,2015,5,petroleo,cuenca,ÑIRIHUAU,promedio_diario,0.0,Producción de petróleo promedio diaria por cuenca
2015-06,2015-06-01,2015,6,petroleo,cuenca,AUSTRAL,promedio_diario,3400.4050867,Producción de petróleo promedio diaria por cuenca
2015-06,2015-06-01,2015,6,petroleo,cuenca,CAÑADON ASFALTO,promedio_diario,0.0,Producción de petróleo promedio diaria por cuenca
2015-06,2015-06-01,2015,6,petroleo,cuenca,CUYANA,promedio_diario,4299.38383333333,Producción de petróleo promedio diaria por cuenca
2015-06,2015-06-01,2015,6,petroleo,cuenca,DEL COLORADO,promedio_diario,0.0,Producción de petróleo promedio diaria por cuenca
2015-06,2015-06-01,2015,6,petroleo,cuenca,GOLFO SAN JORGE,promedio_diario,42002.0233,Producción de petróleo promedio diaria por cuenca
2015-06,2015-06-01,2015,6,petroleo,cuenca,LOS BOLSONES,promedio_diario,0.0,Producción de petróleo promedio diaria por cuenca
2015-06,2015-06-01,2015,6,petroleo,cuenca,MALVINAS,promedio_diario,0.0,Producción de petróleo promedio diaria por cuenca
2015-06,2015-06-01,2015,6,petroleo,cuenca,NEUQUINA,promedio_diario,33877.8629148037,Producción de petróleo promedio diaria por cuenca
2015-06,2015-06-01,2015,6,petroleo,cuenca,NORESTE,promedio_diario,0.0,Producción de petróleo promedio diaria por cuenca
2015-06,2015-06-01,2015,6,petroleo,cuenca,NOROESTE,promedio_diario,1264.27903333333,Producción de petróleo promedio diaria por cuenca
2015-06,2015-06-01,2015,6,petroleo,cuenca,ÑIRIHUAU,promedio_diario,0.0,Producción de petróleo promedio diaria por cuenca
2015-07,2015-07-01,2015,7,petroleo,cuenca,AUSTRAL,promedio_diario,3419.44380125806,Producción de petróleo promedio diaria por cuenca
2015-07,2015-07-01,2015,7,petroleo,cuenca,CAÑADON ASFALTO,promedio_diario,0.0,Producción de petróleo promedio diaria por cuenca
2015-07,2015-07-01,2015,7,petroleo,cuenca,CUYANA,promedio_diario,4330.67077419355,Producción de petróleo promedio diaria por cuenca
2015-07,2015-07-01,2015,7,petroleo,cuenca,DEL COLORADO,promedio_diario,0.0,Producción de petróleo promedio diaria por cuenca
2015-07,2015-07-01,2015,7,petroleo,cuenca,GOLFO SAN JORGE,promedio_diario,42030.1862258065,Producción de petróleo promedio diaria por cuenca
2015-07,2015-07-01,2015,7,petroleo,cuenca,LOS BOLSONES,promedio_diario,0.0,Producción de petróleo promedio diaria por cuenca
2015-07,2015-07-01,2015,7,petroleo,cuenca,MALVINAS,promedio_diario,0.0,Producción de petróleo promedio diaria por cuenca
2015-07,2015-07-01,2015,7,petroleo,cuenca,NEUQUINA,promedio_diario,33571.0900692964,Producción de petróleo promedio diaria por cuenca
2015-07,2015-07-01,2015,7,petroleo,cuenca,NORESTE,promedio_diario,0.0,Producción de petróleo promedio diaria por cuenca
2015-07,2015-07-01,2015,7,petroleo,cuenca,NOROESTE,promedio_diario,1258.63587096774,Producción de petróleo promedio diaria por cuenca
2015-07,2015-07-01,2015,7,petroleo,cuenca,ÑIRIHUAU,promedio_diario,0.0,Producción de petróleo promedio diaria por cuenca
2015-08,2015-08-01,2015,8,petroleo,cuenca,AUSTRAL,promedio_diario,3323.84186858065,Producción de petróleo promedio diaria por cuenca
2015-08,2015-08-01,2015,8,petroleo,cuenca,CAÑADON ASFALTO,promedio_diario,0.0,Producción de petróleo promedio diaria por cuenca
2015-08,2015-08-01,2015,8,petroleo,cuenca,CUYANA,promedio_diario,4434.68087096774,Producción de petróleo promedio diaria por cuenca
2015-08,2015-08-01,2015,8,petroleo,cuenca,DEL COLORADO,promedio_diario,0.0,Producción de petróleo promedio diaria por cuenca
2015-08,2015-08-01,2015,8,petroleo,cuenca,GOLFO SAN JORGE,promedio_diario,41330.360613129,Producción de petróleo promedio diaria por cuenca
2015-08,2015-08-01,2015,8,petroleo,cuenca,LOS BOLSONES,promedio_diario,0.0,Producción de petróleo promedio diaria por cuenca
2015-08,2015-08-01,2015,8,petroleo,cuenca,MALVINAS,promedio_diario,0.0,Producción de petróleo promedio diaria por cuenca
2015-08,2015-08-01,2015,8,petroleo,cuenca,NEUQUINA,promedio_diario,33768.9030719764,Producción de petróleo promedio diaria por cuenca
2015-08,2015-08-01,2015,8,petroleo,cuenca,NORESTE,promedio_diario,0.0,Producción de petróleo promedio diaria por cuenca
2015-08,2015-08-01,2015,8,petroleo,cuenca,NOROESTE,promedio_diario,1282.12919354839,Producción de petróleo promedio diaria por cuenca
2015-08,2015-08-01,2015,8,petroleo,cuenca,ÑIRIHUAU,promedio_diario,0.0,Producción de petróleo promedio diaria por cuenca
2015-09,2015-09-01,2015,9,petroleo,cuenca,AUSTRAL,promedio_diario,3291.17069646667,Producción de petróleo promedio diaria por cuenca
2015-09,2015-09-01,2015,9,petroleo,cuenca,CAÑADON ASFALTO,promedio_diario,0.0,Producción de petróleo promedio diaria por cuenca
2015-09,2015-09-01,2015,9,petroleo,cuenca,CUYANA,promedio_diario,4494.87476666667,Producción de petróleo promedio diaria por cuenca
2015-09,2015-09-01,2015,9,petroleo,cuenca,DEL COLORADO,promedio_diario,0.0,Producción de petróleo promedio diaria por cuenca
2015-09,2015-09-01,2015,9,petroleo,cuenca,GOLFO SAN JORGE,promedio_diario,41247.2871227741,Producción de petróleo promedio diaria por cuenca
2015-09,2015-09-01,2015,9,petroleo,cuenca,LOS BOLSONES,promedio_diario,0.0,Producción de petróleo promedio diaria por cuenca
2015-09,2015-09-01,2015,9,petroleo,cuenca,MALVINAS,promedio_diario,0.0,Producción de petróleo promedio diaria por cuenca
2015-09,2015-09-01,2015,9,petroleo,cuenca,NEUQUINA,promedio_diario,34122.4436492577,Producción de petróleo promedio diaria por cuenca
2015-09,2015-09-01,2015,9,petroleo,cuenca,NORESTE,promedio_diario,0.0,Producción de petróleo promedio diaria por cuenca
2015-09,2015-09-01,2015,9,petroleo,cuenca,NOROESTE,promedio_diario,1250.73383333333,Producción de petróleo promedio diaria por cuenca
2015-09,2015-09-01,2015,9,petroleo,cuenca,ÑIRIHUAU,promedio_diario,0.0,Producción de petróleo promedio diaria por cuenca
2015-10,2015-10-01,2015,10,petroleo,cuenca,AUSTRAL,promedio_diario,3483.37260709677,Producción de petróleo promedio diaria por cuenca
2015-10,2015-10-01,2015,10,petroleo,cuenca,CAÑADON ASFALTO,promedio_diario,0.0,Producción de petróleo promedio diaria por cuenca
2015-10,2015-10-01,2015,10,petroleo,cuenca,CUYANA,promedio_diario,4566.75967741935,Producción de petróleo promedio diaria por cuenca
2015-10,2015-10-01,2015,10,petroleo,cuenca,DEL COLORADO,promedio_diario,0.0,Producción de petróleo promedio diaria por cuenca
2015-10,2015-10-01,2015,10,petroleo,cuenca,GOLFO SAN JORGE,promedio_diario,41846.8949591181,Producción de petróleo promedio diaria por cuenca
2015-10,2015-10-01,2015,10,petroleo,cuenca,LOS BOLSONES,promedio_diario,0.0,Producción de petróleo promedio diaria por cuenca
2015-10,2015-10-01,2015,10,petroleo,cuenca,MALVINAS,promedio_diario,0.0,Producción de petróleo promedio diaria por cuenca
2015-10,2015-10-01,2015,10,petroleo,cuenca,NEUQUINA,promedio_diario,33989.4129467971,Producción de petróleo promedio diaria por cuenca
2015-10,2015-10-01,2015,10,petroleo,cuenca,NORESTE,promedio_diario,0.0,Producción de petróleo promedio diaria por cuenca
2015-10,2015-10-01,2015,10,petroleo,cuenca,NOROESTE,promedio_diario,1236.20462258065,Producción de petróleo promedio diaria por cuenca
2015-10,2015-10-01,2015,10,petroleo,cuenca,ÑIRIHUAU,promedio_diario,0.0,Producción de petróleo promedio diaria por cuenca
2015-11,2015-11-01,2015,11,petroleo,cuenca,AUSTRAL,promedio_diario,3265.25888036667,Producción de petróleo promedio diaria por cuenca
2015-11,2015-11-01,2015,11,petroleo,cuenca,CAÑADON ASFALTO,promedio_diario,0.0,Producción de petróleo promedio diaria por cuenca
2015-11,2015-11-01,2015,11,petroleo,cuenca,CUYANA,promedio_diario,4495.70533333333,Producción de petróleo promedio diaria por cuenca
2015-11,2015-11-01,2015,11,petroleo,cuenca,DEL COLORADO,promedio_diario,0.0,Producción de petróleo promedio diaria por cuenca
2015-11,2015-11-01,2015,11,petroleo,cuenca,GOLFO SAN JORGE,promedio_diario,42145.6986194407,Producción de petróleo promedio diaria por cuenca
2015-11,2015-11-01,2015,11,petroleo,cuenca,LOS BOLSONES,promedio_diario,0.0,Producción de petróleo promedio diaria por cuenca
2015-11,2015-11-01,2015,11,petroleo,cuenca,MALVINAS,promedio_diario,0.0,Producción de petróleo promedio diaria por cuenca
2015-11,2015-11-01,2015,11,petroleo,cuenca,NEUQUINA,promedio_diario,33475.6711535557,Producción de petróleo promedio diaria por cuenca
2015-11,2015-11-01,2015,11,petroleo,cuenca,NORESTE,promedio_diario,0.0,Producción de petróleo promedio diaria por cuenca
2015-11,2015-11-01,2015,11,petroleo,cuenca,NOROESTE,promedio_diario,1224.94226666667,Producción de petróleo promedio diaria por cuenca
2015-11,2015-11-01,2015,11,petroleo,cuenca,ÑIRIHUAU,promedio_diario,0.0,Producción de petróleo promedio diaria por cuenca
2015-12,2015-12-01,2015,12,petroleo,cuenca,AUSTRAL,promedio_diario,3152.91302451613,Producción de petróleo promedio diaria por cuenca
2015-12,2015-12-01,2015,12,petroleo,cuenca,CAÑADON ASFALTO,promedio_diario,0.0,Producción de petróleo promedio diaria por cuenca
2015-12,2015-12-01,2015,12,petroleo,cuenca,CUYANA,promedio_diario,4452.6515483871,Producción de petróleo promedio diaria por cuenca
2015-12,2015-12-01,2015,12,petroleo,cuenca,DEL COLORADO,promedio_diario,0.0,Producción de petróleo promedio diaria por cuenca
2015-12,2015-12-01,2015,12,petroleo,cuenca,GOLFO SAN JORGE,promedio_diario,41902.0880478278,Producción de petróleo promedio diaria por cuenca
2015-12,2015-12-01,2015,12,petroleo,cuenca,LOS BOLSONES,promedio_diario,0.0,Producción de petróleo promedio diaria por cuenca
2015-12,2015-12-01,2015,12,petroleo,cuenca,MALVINAS,promedio_diario,0.0,Producción de petróleo promedio diaria por cuenca
2015-12,2015-12-01,2015,12,petroleo,cuenca,NEUQUINA,promedio_diario,33887.4856754581,Producción de petróleo promedio diaria por cuenca
2015-12,2015-12-01,2015,12,petroleo,cuenca,NORESTE,promedio_diario,0.0,Producción de petróleo promedio diaria por cuenca
2015-12,2015-12-01,2015,12,petroleo,cuenca,NOROESTE,promedio_diario,1217.49177419355,Producción de petróleo promedio diaria por cuenca
2015-12,2015-12-01,2015,12,petroleo,cuenca,ÑIRIHUAU,promedio_diario,0.0,Producción de petróleo promedio diaria por cuenca
2016-01,2016-01-01,2016,1,petroleo,cuenca,AUSTRAL,promedio_diario,3317.75951922581,Producción de petróleo promedio diaria por cuenca
2016-01,2016-01-01,2016,1,petroleo,cuenca,CAÑADON ASFALTO,promedio_diario,0.0,Producción de petróleo promedio diaria por cuenca
2016-01,2016-01-01,2016,1,petroleo,cuenca,CUYANA,promedio_diario,4355.225,Producción de petróleo promedio diaria por cuenca
2016-01,2016-01-01,2016,1,petroleo,cuenca,DEL COLORADO,promedio_diario,0.0,Producción de petróleo promedio diaria por cuenca
2016-01,2016-01-01,2016,1,petroleo,cuenca,GOLFO SAN JORGE,promedio_diario,41269.3352742258,Producción de petróleo promedio diaria por cuenca
2016-01,2016-01-01,2016,1,petroleo,cuenca,LOS BOLSONES,promedio_diario,0.0,Producción de petróleo promedio diaria por cuenca
2016-01,2016-01-01,2016,1,petroleo,cuenca,MALVINAS,promedio_diario,0.0,Producción de petróleo promedio diaria por cuenca
2016-01,2016-01-01,2016,1,petroleo,cuenca,NEUQUINA,promedio_diario,33324.5890718781,Producción de petróleo promedio diaria por cuenca
2016-01,2016-01-01,2016,1,petroleo,cuenca,NORESTE,promedio_diario,0.0,Producción de petróleo promedio diaria por cuenca
2016-01,2016-01-01,2016,1,petroleo,cuenca,NOROESTE,promedio_diario,1190.01035483871,Producción de petróleo promedio diaria por cuenca
2016-01,2016-01-01,2016,1,petroleo,cuenca,ÑIRIHUAU,promedio_diario,0.0,Producción de petróleo promedio diaria por cuenca
2016-02,2016-02-01,2016,2,petroleo,cuenca,AUSTRAL,promedio_diario,3224.64244355172,Producción de petróleo promedio diaria por cuenca
2016-02,2016-02-01,2016,2,petroleo,cuenca,CAÑADON ASFALTO,promedio_diario,0.0,Producción de petróleo promedio diaria por cuenca
2016-02,2016-02-01,2016,2,petroleo,cuenca,CUYANA,promedio_diario,4341.46003448276,Producción de petróleo promedio diaria por cuenca
2016-02,2016-02-01,2016,2,petroleo,cuenca,DEL COLORADO,promedio_diario,0.0,Producción de petróleo promedio diaria por cuenca
2016-02,2016-02-01,2016,2,petroleo,cuenca,GOLFO SAN JORGE,promedio_diario,40336.0504934062,Producción de petróleo promedio diaria por cuenca
2016-02,2016-02-01,2016,2,petroleo,cuenca,LOS BOLSONES,promedio_diario,0.0,Producción de petróleo promedio diaria por cuenca
2016-02,2016-02-01,2016,2,petroleo,cuenca,MALVINAS,promedio_diario,0.0,Producción de petróleo promedio diaria por cuenca
2016-02,2016-02-01,2016,2,petroleo,cuenca,NEUQUINA,promedio_diario,33313.125354001,Producción de petróleo promedio diaria por cuenca
2016-02,2016-02-01,2016,2,petroleo,cuenca,NORESTE,promedio_diario,0.0,Producción de petróleo promedio diaria por cuenca
2016-02,2016-02-01,2016,2,petroleo,cuenca,NOROESTE,promedio_diario,1183.62610344828,Producción de petróleo promedio diaria por cuenca
2016-02,2016-02-01,2016,2,petroleo,cuenca,ÑIRIHUAU,promedio_diario,0.0,Producción de petróleo promedio diaria por cuenca
2016-03,2016-03-01,2016,3,petroleo,cuenca,AUSTRAL,promedio_diario,3281.04343496774,Producción de petróleo promedio diaria por cuenca
2016-03,2016-03-01,2016,3,petroleo,cuenca,CAÑADON ASFALTO,promedio_diario,0.0,Producción de petróleo promedio diaria por cuenca
2016-03,2016-03-01,2016,3,petroleo,cuenca,CUYANA,promedio_diario,4378.23909677419,Producción de petróleo promedio diaria por cuenca
2016-03,2016-03-01,2016,3,petroleo,cuenca,DEL COLORADO,promedio_diario,0.0,Producción de petróleo promedio diaria por cuenca
2016-03,2016-03-01,2016,3,petroleo,cuenca,GOLFO SAN JORGE,promedio_diario,40625.3756451613,Producción de petróleo promedio diaria por cuenca
2016-03,2016-03-01,2016,3,petroleo,cuenca,LOS BOLSONES,promedio_diario,0.0,Producción de petróleo promedio diaria por cuenca
2016-03,2016-03-01,2016,3,petroleo,cuenca,MALVINAS,promedio_diario,0.0,Producción de petróleo promedio diaria por cuenca
2016-03,2016-03-01,2016,3,petroleo,cuenca,NEUQUINA,promedio_diario,33509.5147361984,Producción de petróleo promedio diaria por cuenca
2016-03,2016-03-01,2016,3,petroleo,cuenca,NORESTE,promedio_diario,0.0,Producción de petróleo promedio diaria por cuenca
2016-03,2016-03-01,2016,3,petroleo,cuenca,NOROESTE,promedio_diario,1140.84661290323,Producción de petróleo promedio diaria por cuenca
2016-03,2016-03-01,2016,3,petroleo,cuenca,ÑIRIHUAU,promedio_diario,0.0,Producción de petróleo promedio diaria por cuenca
2016-04,2016-04-01,2016,4,petroleo,cuenca,AUSTRAL,promedio_diario,3409.5742077,Producción de petróleo promedio diaria por cuenca
2016-04,2016-04-01,2016,4,petroleo,cuenca,CAÑADON ASFALTO,promedio_diario,0.0,Producción de petróleo promedio diaria por cuenca
2016-04,2016-04-01,2016,4,petroleo,cuenca,CUYANA,promedio_diario,4387.29986666667,Producción de petróleo promedio diaria por cuenca
2016-04,2016-04-01,2016,4,petroleo,cuenca,DEL COLORADO,promedio_diario,0.0,Producción de petróleo promedio diaria por cuenca
2016-04,2016-04-01,2016,4,petroleo,cuenca,GOLFO SAN JORGE,promedio_diario,40224.9473,Producción de petróleo promedio diaria por cuenca
2016-04,2016-04-01,2016,4,petroleo,cuenca,LOS BOLSONES,promedio_diario,0.0,Producción de petróleo promedio diaria por cuenca
2016-04,2016-04-01,2016,4,petroleo,cuenca,MALVINAS,promedio_diario,0.0,Producción de petróleo promedio diaria por cuenca
2016-04,2016-04-01,2016,4,petroleo,cuenca,NEUQUINA,promedio_diario,33672.5044992457,Producción de petróleo promedio diaria por cuenca
2016-04,2016-04-01,2016,4,petroleo,cuenca,NORESTE,promedio_diario,0.0,Producción de petróleo promedio diaria por cuenca
2016-04,2016-04-01,2016,4,petroleo,cuenca,NOROESTE,promedio_diario,1131.31073333333,Producción de petróleo promedio diaria por cuenca
2016-04,2016-04-01,2016,4,petroleo,cuenca,ÑIRIHUAU,promedio_diario,0.0,Producción de petróleo promedio diaria por cuenca
2016-05,2016-05-01,2016,5,petroleo,cuenca,AUSTRAL,promedio_diario,3185.78919770968,Producción de petróleo promedio diaria por cuenca
2016-05,2016-05-01,2016,5,petroleo,cuenca,CAÑADON ASFALTO,promedio_diario,0.0,Producción de petróleo promedio diaria por cuenca
2016-05,2016-05-01,2016,5,petroleo,cuenca,CUYANA,promedio_diario,4248.04161290323,Producción de petróleo promedio diaria por cuenca
2016-05,2016-05-01,2016,5,petroleo,cuenca,DEL COLORADO,promedio_diario,0.0,Producción de petróleo promedio diaria por cuenca
2016-05,2016-05-01,2016,5,petroleo,cuenca,GOLFO SAN JORGE,promedio_diario,37847.8114381504,Producción de petróleo promedio diaria por cuenca
2016-05,2016-05-01,2016,5,petroleo,cuenca,LOS BOLSONES,promedio_diario,0.0,Producción de petróleo promedio diaria por cuenca
2016-05,2016-05-01,2016,5,petroleo,cuenca,MALVINAS,promedio_diario,0.0,Producción de petróleo promedio diaria por cuenca
2016-05,2016-05-01,2016,5,petroleo,cuenca,NEUQUINA,promedio_diario,32922.9557114306,Producción de petróleo promedio diaria por cuenca
2016-05,2016-05-01,2016,5,petroleo,cuenca,NORESTE,promedio_diario,0.0,Producción de petróleo promedio diaria por cuenca
2016-05,2016-05-01,2016,5,petroleo,cuenca,NOROESTE,promedio_diario,1156.25625806452,Producción de petróleo promedio diaria por cuenca
2016-05,2016-05-01,2016,5,petroleo,cuenca,ÑIRIHUAU,promedio_diario,0.0,Producción de petróleo promedio diaria por cuenca
2016-06,2016-06-01,2016,6,petroleo,cuenca,AUSTRAL,promedio_diario,3132.01830103333,Producción de petróleo promedio diaria por cuenca
2016-06,2016-06-01,2016,6,petroleo,cuenca,CAÑADON ASFALTO,promedio_diario,0.0,Producción de petróleo promedio diaria por cuenca
2016-06,2016-06-01,2016,6,petroleo,cuenca,CUYANA,promedio_diario,4189.14216666667,Producción de petróleo promedio diaria por cuenca
2016-06,2016-06-01,2016,6,petroleo,cuenca,DEL COLORADO,promedio_diario,0.0,Producción de petróleo promedio diaria por cuenca
2016-06,2016-06-01,2016,6,petroleo,cuenca,GOLFO SAN JORGE,promedio_diario,39192.1135094407,Producción de petróleo promedio diaria por cuenca
2016-06,2016-06-01,2016,6,petroleo,cuenca,LOS BOLSONES,promedio_diario,0.0,Producción de petróleo promedio diaria por cuenca
2016-06,2016-06-01,2016,6,petroleo,cuenca,MALVINAS,promedio_diario,0.0,Producción de petróleo promedio diaria por cuenca
2016-06,2016-06-01,2016,6,petroleo,cuenca,NEUQUINA,promedio_diario,31930.594878837,Producción de petróleo promedio diaria por cuenca
2016-06,2016-06-01,2016,6,petroleo,cuenca,NORESTE,promedio_diario,0.0,Producción de petróleo promedio diaria por cuenca
2016-06,2016-06-01,2016,6,petroleo,cuenca,NOROESTE,promedio_diario,1141.9978,Producción de petróleo promedio diaria por cuenca
2016-06,2016-06-01,2016,6,petroleo,cuenca,ÑIRIHUAU,promedio_diario,0.0,Producción de petróleo promedio diaria por cuenca
2016-07,2016-07-01,2016,7,petroleo,cuenca,AUSTRAL,promedio_diario,3280.71070145161,Producción de petróleo promedio diaria por cuenca
2016-07,2016-07-01,2016,7,petroleo,cuenca,CAÑADON ASFALTO,promedio_diario,0.0,Producción de petróleo promedio diaria por cuenca
2016-07,2016-07-01,2016,7,petroleo,cuenca,CUYANA,promedio_diario,4351.20225806452,Producción de petróleo promedio diaria por cuenca
2016-07,2016-07-01,2016,7,petroleo,cuenca,DEL COLORADO,promedio_diario,0.0,Producción de petróleo promedio diaria por cuenca
2016-07,2016-07-01,2016,7,petroleo,cuenca,GOLFO SAN JORGE,promedio_diario,39307.7211290323,Producción de petróleo promedio diaria por cuenca
2016-07,2016-07-01,2016,7,petroleo,cuenca,LOS BOLSONES,promedio_diario,0.0,Producción de petróleo promedio diaria por cuenca
2016-07,2016-07-01,2016,7,petroleo,cuenca,MALVINAS,promedio_diario,0.0,Producción de petróleo promedio diaria por cuenca
2016-07,2016-07-01,2016,7,petroleo,cuenca,NEUQUINA,promedio_diario,33287.8596966055,Producción de petróleo promedio diaria por cuenca
2016-07,2016-07-01,2016,7,petroleo,cuenca,NORESTE,promedio_diario,0.0,Producción de petróleo promedio diaria por cuenca
2016-07,2016-07-01,2016,7,petroleo,cuenca,NOROESTE,promedio_diario,1120.4114516129,Producción de petróleo promedio diaria por cuenca
2016-07,2016-07-01,2016,7,petroleo,cuenca,ÑIRIHUAU,promedio_diario,0.0,Producción de petróleo promedio diaria por cuenca
2016-08,2016-08-01,2016,8,petroleo,cuenca,AUSTRAL,promedio_diario,3263.49306664516,Producción de petróleo promedio diaria por cuenca
2016-08,2016-08-01,2016,8,petroleo,cuenca,CAÑADON ASFALTO,promedio_diario,0.0,Producción de petróleo promedio diaria por cuenca
2016-08,2016-08-01,2016,8,petroleo,cuenca,CUYANA,promedio_diario,4265.41648387097,Producción de petróleo promedio diaria por cuenca
2016-08,2016-08-01,2016,8,petroleo,cuenca,DEL COLORADO,promedio_diario,0.0,Producción de petróleo promedio diaria por cuenca
2016-08,2016-08-01,2016,8,petroleo,cuenca,GOLFO SAN JORGE,promedio_diario,39002.5305148065,Producción de petróleo promedio diaria por cuenca
2016-08,2016-08-01,2016,8,petroleo,cuenca,LOS BOLSONES,promedio_diario,0.0,Producción de petróleo promedio diaria por cuenca
2016-08,2016-08-01,2016,8,petroleo,cuenca,MALVINAS,promedio_diario,0.0,Producción de petróleo promedio diaria por cuenca
2016-08,2016-08-01,2016,8,petroleo,cuenca,NEUQUINA,promedio_diario,33421.3769694735,Producción de petróleo promedio diaria por cuenca
2016-08,2016-08-01,2016,8,petroleo,cuenca,NORESTE,promedio_diario,0.0,Producción de petróleo promedio diaria por cuenca
2016-08,2016-08-01,2016,8,petroleo,cuenca,NOROESTE,promedio_diario,1057.14606451613,Producción de petróleo promedio diaria por cuenca
2016-08,2016-08-01,2016,8,petroleo,cuenca,ÑIRIHUAU,promedio_diario,0.0,Producción de petróleo promedio diaria por cuenca
2016-09,2016-09-01,2016,9,petroleo,cuenca,AUSTRAL,promedio_diario,3157.7124809,Producción de petróleo promedio diaria por cuenca
2016-09,2016-09-01,2016,9,petroleo,cuenca,CAÑADON ASFALTO,promedio_diario,0.0,Producción de petróleo promedio diaria por cuenca
2016-09,2016-09-01,2016,9,petroleo,cuenca,CUYANA,promedio_diario,4431.47943333333,Producción de petróleo promedio diaria por cuenca
2016-09,2016-09-01,2016,9,petroleo,cuenca,DEL COLORADO,promedio_diario,0.0,Producción de petróleo promedio diaria por cuenca
2016-09,2016-09-01,2016,9,petroleo,cuenca,GOLFO SAN JORGE,promedio_diario,39745.8796666667,Producción de petróleo promedio diaria por cuenca
2016-09,2016-09-01,2016,9,petroleo,cuenca,LOS BOLSONES,promedio_diario,0.0,Producción de petróleo promedio diaria por cuenca
2016-09,2016-09-01,2016,9,petroleo,cuenca,MALVINAS,promedio_diario,0.0,Producción de petróleo promedio diaria por cuenca
2016-09,2016-09-01,2016,9,petroleo,cuenca,NEUQUINA,promedio_diario,33161.7741655213,Producción de petróleo promedio diaria por cuenca
2016-09,2016-09-01,2016,9,petroleo,cuenca,NORESTE,promedio_diario,0.0,Producción de petróleo promedio diaria por cuenca
2016-09,2016-09-01,2016,9,petroleo,cuenca,NOROESTE,promedio_diario,1047.97146666667,Producción de petróleo promedio diaria por cuenca
2016-09,2016-09-01,2016,9,petroleo,cuenca,ÑIRIHUAU,promedio_diario,0.0,Producción de petróleo promedio diaria por cuenca
2016-10,2016-10-01,2016,10,petroleo,cuenca,AUSTRAL,promedio_diario,3148.74794619355,Producción de petróleo promedio diaria por cuenca
2016-10,2016-10-01,2016,10,petroleo,cuenca,CAÑADON ASFALTO,promedio_diario,0.0,Producción de petróleo promedio diaria por cuenca
2016-10,2016-10-01,2016,10,petroleo,cuenca,CUYANA,promedio_diario,4389.0445483871,Producción de petróleo promedio diaria por cuenca
2016-10,2016-10-01,2016,10,petroleo,cuenca,DEL COLORADO,promedio_diario,0.0,Producción de petróleo promedio diaria por cuenca
2016-10,2016-10-01,2016,10,petroleo,cuenca,GOLFO SAN JORGE,promedio_diario,39749.0736704085,Producción de petróleo promedio diaria por cuenca
2016-10,2016-10-01,2016,10,petroleo,cuenca,LOS BOLSONES,promedio_diario,0.0,Producción de petróleo promedio diaria por cuenca
2016-10,2016-10-01,2016,10,petroleo,cuenca,MALVINAS,promedio_diario,0.0,Producción de petróleo promedio diaria por cuenca
2016-10,2016-10-01,2016,10,petroleo,cuenca,MERCEDES,promedio_diario,0.0,Producción de petróleo promedio diaria por cuenca
2016-10,2016-10-01,2016,10,petroleo,cuenca,NEUQUINA,promedio_diario,32828.4885246016,Producción de petróleo promedio diaria por cuenca
2016-10,2016-10-01,2016,10,petroleo,cuenca,NORESTE,promedio_diario,0.0,Producción de petróleo promedio diaria por cuenca
2016-10,2016-10-01,2016,10,petroleo,cuenca,NOROESTE,promedio_diario,1071.40412903226,Producción de petróleo promedio diaria por cuenca
2016-10,2016-10-01,2016,10,petroleo,cuenca,ÑIRIHUAU,promedio_diario,0.0,Producción de petróleo promedio diaria por cuenca
2016-11,2016-11-01,2016,11,petroleo,cuenca,AUSTRAL,promedio_diario,2853.47302843333,Producción de petróleo promedio diaria por cuenca
2016-11,2016-11-01,2016,11,petroleo,cuenca,CAÑADON ASFALTO,promedio_diario,0.0,Producción de petróleo promedio diaria por cuenca
2016-11,2016-11-01,2016,11,petroleo,cuenca,CUYANA,promedio_diario,4286.53773333333,Producción de petróleo promedio diaria por cuenca
2016-11,2016-11-01,2016,11,petroleo,cuenca,DEL COLORADO,promedio_diario,0.0,Producción de petróleo promedio diaria por cuenca
2016-11,2016-11-01,2016,11,petroleo,cuenca,GOLFO SAN JORGE,promedio_diario,39165.5199,Producción de petróleo promedio diaria por cuenca
2016-11,2016-11-01,2016,11,petroleo,cuenca,LOS BOLSONES,promedio_diario,0.0,Producción de petróleo promedio diaria por cuenca
2016-11,2016-11-01,2016,11,petroleo,cuenca,MALVINAS,promedio_diario,0.0,Producción de petróleo promedio diaria por cuenca
2016-11,2016-11-01,2016,11,petroleo,cuenca,MERCEDES,promedio_diario,0.0,Producción de petróleo promedio diaria por cuenca
2016-11,2016-11-01,2016,11,petroleo,cuenca,NEUQUINA,promedio_diario,32438.433940309,Producción de petróleo promedio diaria por cuenca
2016-11,2016-11-01,2016,11,petroleo,cuenca,NORESTE,promedio_diario,0.0,Producción de petróleo promedio diaria por cuenca
2016-11,2016-11-01,2016,11,petroleo,cuenca,NOROESTE,promedio_diario,1073.1151,Producción de petróleo promedio diaria por cuenca
2016-11,2016-11-01,2016,11,petroleo,cuenca,ÑIRIHUAU,promedio_diario,0.0,Producción de petróleo promedio diaria por cuenca
2016-12,2016-12-01,2016,12,petroleo,cuenca,AUSTRAL,promedio_diario,2771.53483425806,Producción de petróleo promedio diaria por cuenca
2016-12,2016-12-01,2016,12,petroleo,cuenca,CAÑADON ASFALTO,promedio_diario,0.0,Producción de petróleo promedio diaria por cuenca
2016-12,2016-12-01,2016,12,petroleo,cuenca,CUYANA,promedio_diario,4236.69009677419,Producción de petróleo promedio diaria por cuenca
2016-12,2016-12-01,2016,12,petroleo,cuenca,DEL COLORADO,promedio_diario,0.0,Producción de petróleo promedio diaria por cuenca
2016-12,2016-12-01,2016,12,petroleo,cuenca,GOLFO SAN JORGE,promedio_diario,38872.517617327,Producción de petróleo promedio diaria por cuenca
2016-12,2016-12-01,2016,12,petroleo,cuenca,LOS BOLSONES,promedio_diario,0.0,Producción de petróleo promedio diaria por cuenca
2016-12,2016-12-01,2016,12,petroleo,cuenca,MALVINAS,promedio_diario,0.0,Producción de petróleo promedio diaria por cuenca
2016-12,2016-12-01,2016,12,petroleo,cuenca,MERCEDES,promedio_diario,0.0,Producción de petróleo promedio diaria por cuenca
2016-12,2016-12-01,2016,12,petroleo,cuenca,NEUQUINA,promedio_diario,31692.0821425803,Producción de petróleo promedio diaria por cuenca
2016-12,2016-12-01,2016,12,petroleo,cuenca,NORESTE,promedio_diario,0.0,Producción de petróleo promedio diaria por cuenca
2016-12,2016-12-01,2016,12,petroleo,cuenca,NOROESTE,promedio_diario,1081.47496774194,Producción de petróleo promedio diaria por cuenca
2016-12,2016-12-01,2016,12,petroleo,cuenca,ÑIRIHUAU,promedio_diario,0.0,Producción de petróleo promedio diaria por cuenca
2017-01,2017-01-01,2017,1,petroleo,cuenca,AUSTRAL,promedio_diario,2811.04424803226,Producción de petróleo promedio diaria por cuenca
2017-01,2017-01-01,2017,1,petroleo,cuenca,CAÑADON ASFALTO,promedio_diario,0.0,Producción de petróleo promedio diaria por cuenca
2017-01,2017-01-01,2017,1,petroleo,cuenca,CUYANA,promedio_diario,4231.59261290323,Producción de petróleo promedio diaria por cuenca
2017-01,2017-01-01,2017,1,petroleo,cuenca,DEL COLORADO,promedio_diario,0.0,Producción de petróleo promedio diaria por cuenca
2017-01,2017-01-01,2017,1,petroleo,cuenca,GOLFO SAN JORGE,promedio_diario,38790.9823994407,Producción de petróleo promedio diaria por cuenca
2017-01,2017-01-01,2017,1,petroleo,cuenca,LOS BOLSONES,promedio_diario,0.0,Producción de petróleo promedio diaria por cuenca
2017-01,2017-01-01,2017,1,petroleo,cuenca,MALVINAS,promedio_diario,0.0,Producción de petróleo promedio diaria por cuenca
2017-01,2017-01-01,2017,1,petroleo,cuenca,MERCEDES,promedio_diario,0.0,Producción de petróleo promedio diaria por cuenca
2017-01,2017-01-01,2017,1,petroleo,cuenca,NEUQUINA,promedio_diario,32189.5423703152,Producción de petróleo promedio diaria por cuenca
2017-01,2017-01-01,2017,1,petroleo,cuenca,NORESTE,promedio_diario,0.0,Producción de petróleo promedio diaria por cuenca
2017-01,2017-01-01,2017,1,petroleo,cuenca,NOROESTE,promedio_diario,1048.44638709677,Producción de petróleo promedio diaria por cuenca
2017-01,2017-01-01,2017,1,petroleo,cuenca,ÑIRIHUAU,promedio_diario,0.0,Producción de petróleo promedio diaria por cuenca
2017-02,2017-02-01,2017,2,petroleo,cuenca,AUSTRAL,promedio_diario,2410.92970196429,Producción de petróleo promedio diaria por cuenca
2017-02,2017-02-01,2017,2,petroleo,cuenca,CAÑADON ASFALTO,promedio_diario,0.0,Producción de petróleo promedio diaria por cuenca
2017-02,2017-02-01,2017,2,petroleo,cuenca,CUYANA,promedio_diario,4185.13528571429,Producción de petróleo promedio diaria por cuenca
2017-02,2017-02-01,2017,2,petroleo,cuenca,DEL COLORADO,promedio_diario,0.0,Producción de petróleo promedio diaria por cuenca
2017-02,2017-02-01,2017,2,petroleo,cuenca,GOLFO SAN JORGE,promedio_diario,38870.2043172979,Producción de petróleo promedio diaria por cuenca
2017-02,2017-02-01,2017,2,petroleo,cuenca,LOS BOLSONES,promedio_diario,0.0,Producción de petróleo promedio diaria por cuenca
2017-02,2017-02-01,2017,2,petroleo,cuenca,MALVINAS,promedio_diario,0.0,Producción de petróleo promedio diaria por cuenca
2017-02,2017-02-01,2017,2,petroleo,cuenca,MERCEDES,promedio_diario,0.0,Producción de petróleo promedio diaria por cuenca
2017-02,2017-02-01,2017,2,petroleo,cuenca,NEUQUINA,promedio_diario,30692.4109383836,Producción de petróleo promedio diaria por cuenca
2017-02,2017-02-01,2017,2,petroleo,cuenca,NORESTE,promedio_diario,0.0,Producción de petróleo promedio diaria por cuenca
2017-02,2017-02-01,2017,2,petroleo,cuenca,NOROESTE,promedio_diario,1066.33675,Producción de petróleo promedio diaria por cuenca
2017-02,2017-02-01,2017,2,petroleo,cuenca,ÑIRIHUAU,promedio_diario,0.0,Producción de petróleo promedio diaria por cuenca
2017-03,2017-03-01,2017,3,petroleo,cuenca,AUSTRAL,promedio_diario,2709.62835196774,Producción de petróleo promedio diaria por cuenca
2017-03,2017-03-01,2017,3,petroleo,cuenca,CAÑADON ASFALTO,promedio_diario,0.0,Producción de petróleo promedio diaria por cuenca
2017-03,2017-03-01,2017,3,petroleo,cuenca,CUYANA,promedio_diario,4177.35493548387,Producción de petróleo promedio diaria por cuenca
2017-03,2017-03-01,2017,3,petroleo,cuenca,DEL COLORADO,promedio_diario,0.0,Producción de petróleo promedio diaria por cuenca
2017-03,2017-03-01,2017,3,petroleo,cuenca,GOLFO SAN JORGE,promedio_diario,37843.6687559104,Producción de petróleo promedio diaria por cuenca
2017-03,2017-03-01,2017,3,petroleo,cuenca,LOS BOLSONES,promedio_diario,0.0,Producción de petróleo promedio diaria por cuenca
2017-03,2017-03-01,2017,3,petroleo,cuenca,MALVINAS,promedio_diario,0.0,Producción de petróleo promedio diaria por cuenca
2017-03,2017-03-01,2017,3,petroleo,cuenca,MERCEDES,promedio_diario,0.0,Producción de petróleo promedio diaria por cuenca
2017-03,2017-03-01,2017,3,petroleo,cuenca,NEUQUINA,promedio_diario,31367.7372133523,Producción de petróleo promedio diaria por cuenca
2017-03,2017-03-01,2017,3,petroleo,cuenca,NORESTE,promedio_diario,0.0,Producción de petróleo promedio diaria por cuenca
2017-03,2017-03-01,2017,3,petroleo,cuenca,NOROESTE,promedio_diario,1077.44406451613,Producción de petróleo promedio diaria por cuenca
2017-03,2017-03-01,2017,3,petroleo,cuenca,ÑIRIHUAU,promedio_diario,0.0,Producción de petróleo promedio diaria por cuenca
2017-04,2017-04-01,2017,4,petroleo,cuenca,AUSTRAL,promedio_diario,2733.11830213333,Producción de petróleo promedio diaria por cuenca
2017-04,2017-04-01,2017,4,petroleo,cuenca,CAÑADON ASFALTO,promedio_diario,0.0,Producción de petróleo promedio diaria por cuenca
2017-04,2017-04-01,2017,4,petroleo,cuenca,CUYANA,promedio_diario,4204.70123333333,Producción de petróleo promedio diaria por cuenca
2017-04,2017-04-01,2017,4,petroleo,cuenca,DEL COLORADO,promedio_diario,0.0,Producción de petróleo promedio diaria por cuenca
2017-04,2017-04-01,2017,4,petroleo,cuenca,GOLFO SAN JORGE,promedio_diario,33724.6354829791,Producción de petróleo promedio diaria por cuenca
2017-04,2017-04-01,2017,4,petroleo,cuenca,LOS BOLSONES,promedio_diario,0.0,Producción de petróleo promedio diaria por cuenca
2017-04,2017-04-01,2017,4,petroleo,cuenca,MALVINAS,promedio_diario,0.0,Producción de petróleo promedio diaria por cuenca
2017-04,2017-04-01,2017,4,petroleo,cuenca,NEUQUINA,promedio_diario,30409.8605903377,Producción de petróleo promedio diaria por cuenca
2017-04,2017-04-01,2017,4,petroleo,cuenca,NORESTE,promedio_diario,0.0,Producción de petróleo promedio diaria por cuenca
2017-04,2017-04-01,2017,4,petroleo,cuenca,NOROESTE,promedio_diario,1086.63466666667,Producción de petróleo promedio diaria por cuenca
2017-04,2017-04-01,2017,4,petroleo,cuenca,ÑIRIHUAU,promedio_diario,0.0,Producción de petróleo promedio diaria por cuenca
2017-05,2017-05-01,2017,5,petroleo,cuenca,AUSTRAL,promedio_diario,2805.53026580645,Producción de petróleo promedio diaria por cuenca
2017-05,2017-05-01,2017,5,petroleo,cuenca,CAÑADON ASFALTO,promedio_diario,0.0,Producción de petróleo promedio diaria por cuenca
2017-05,2017-05-01,2017,5,petroleo,cuenca,CUYANA,promedio_diario,4187.9381612871,Producción de petróleo promedio diaria por cuenca
2017-05,2017-05-01,2017,5,petroleo,cuenca,DEL COLORADO,promedio_diario,0.0,Producción de petróleo promedio diaria por cuenca
2017-05,2017-05-01,2017,5,petroleo,cuenca,GOLFO SAN JORGE,promedio_diario,36280.2581976891,Producción de petróleo promedio diaria por cuenca
2017-05,2017-05-01,2017,5,petroleo,cuenca,LOS BOLSONES,promedio_diario,0.0,Producción de petróleo promedio diaria por cuenca
2017-05,2017-05-01,2017,5,petroleo,cuenca,MALVINAS,promedio_diario,0.0,Producción de petróleo promedio diaria por cuenca
2017-05,2017-05-01,2017,5,petroleo,cuenca,NEUQUINA,promedio_diario,30381.1460913158,Producción de petróleo promedio diaria por cuenca
2017-05,2017-05-01,2017,5,petroleo,cuenca,NORESTE,promedio_diario,0.0,Producción de petróleo promedio diaria por cuenca
2017-05,2017-05-01,2017,5,petroleo,cuenca,NOROESTE,promedio_diario,1041.6214516129,Producción de petróleo promedio diaria por cuenca
2017-05,2017-05-01,2017,5,petroleo,cuenca,ÑIRIHUAU,promedio_diario,0.0,Producción de petróleo promedio diaria por cuenca
2017-06,2017-06-01,2017,6,petroleo,cuenca,AUSTRAL,promedio_diario,2750.84505536667,Producción de petróleo promedio diaria por cuenca
2017-06,2017-06-01,2017,6,petroleo,cuenca,CAÑADON ASFALTO,promedio_diario,0.0,Producción de petróleo promedio diaria por cuenca
2017-06,2017-06-01,2017,6,petroleo,cuenca,CUYANA,promedio_diario,4082.3116,Producción de petróleo promedio diaria por cuenca
2017-06,2017-06-01,2017,6,petroleo,cuenca,DEL COLORADO,promedio_diario,0.0,Producción de petróleo promedio diaria por cuenca
2017-06,2017-06-01,2017,6,petroleo,cuenca,GOLFO SAN JORGE,promedio_diario,33742.0623244407,Producción de petróleo promedio diaria por cuenca
2017-06,2017-06-01,2017,6,petroleo,cuenca,LOS BOLSONES,promedio_diario,0.0,Producción de petróleo promedio diaria por cuenca
2017-06,2017-06-01,2017,6,petroleo,cuenca,MALVINAS,promedio_diario,0.0,Producción de petróleo promedio diaria por cuenca
2017-06,2017-06-01,2017,6,petroleo,cuenca,NEUQUINA,promedio_diario,31780.8523001633,Producción de petróleo promedio diaria por cuenca
2017-06,2017-06-01,2017,6,petroleo,cuenca,NORESTE,promedio_diario,0.0,Producción de petróleo promedio diaria por cuenca
2017-06,2017-06-01,2017,6,petroleo,cuenca,NOROESTE,promedio_diario,1023.93226666667,Producción de petróleo promedio diaria por cuenca
2017-06,2017-06-01,2017,6,petroleo,cuenca,ÑIRIHUAU,promedio_diario,0.0,Producción de petróleo promedio diaria por cuenca
2017-07,2017-07-01,2017,7,petroleo,cuenca,AUSTRAL,promedio_diario,2802.69331316129,Producción de petróleo promedio diaria por cuenca
2017-07,2017-07-01,2017,7,petroleo,cuenca,CAÑADON ASFALTO,promedio_diario,0.0,Producción de petróleo promedio diaria por cuenca
2017-07,2017-07-01,2017,7,petroleo,cuenca,CUYANA,promedio_diario,4165.07819354839,Producción de petróleo promedio diaria por cuenca
2017-07,2017-07-01,2017,7,petroleo,cuenca,DEL COLORADO,promedio_diario,0.0,Producción de petróleo promedio diaria por cuenca
2017-07,2017-07-01,2017,7,petroleo,cuenca,GOLFO SAN JORGE,promedio_diario,35077.301244602,Producción de petróleo promedio diaria por cuenca
2017-07,2017-07-01,2017,7,petroleo,cuenca,LOS BOLSONES,promedio_diario,0.0,Producción de petróleo promedio diaria por cuenca
2017-07,2017-07-01,2017,7,petroleo,cuenca,MALVINAS,promedio_diario,0.0,Producción de petróleo promedio diaria por cuenca
2017-07,2017-07-01,2017,7,petroleo,cuenca,NEUQUINA,promedio_diario,32227.1217400268,Producción de petróleo promedio diaria por cuenca
2017-07,2017-07-01,2017,7,petroleo,cuenca,NORESTE,promedio_diario,0.0,Producción de petróleo promedio diaria por cuenca
2017-07,2017-07-01,2017,7,petroleo,cuenca,NOROESTE,promedio_diario,997.118225806452,Producción de petróleo promedio diaria por cuenca
2017-07,2017-07-01,2017,7,petroleo,cuenca,ÑIRIHUAU,promedio_diario,0.0,Producción de petróleo promedio diaria por cuenca
2017-08,2017-08-01,2017,8,petroleo,cuenca,AUSTRAL,promedio_diario,2801.00645235484,Producción de petróleo promedio diaria por cuenca
2017-08,2017-08-01,2017,8,petroleo,cuenca,CAÑADON ASFALTO,promedio_diario,0.0,Producción de petróleo promedio diaria por cuenca
2017-08,2017-08-01,2017,8,petroleo,cuenca,CUYANA,promedio_diario,4141.77616129032,Producción de petróleo promedio diaria por cuenca
2017-08,2017-08-01,2017,8,petroleo,cuenca,DEL COLORADO,promedio_diario,0.0,Producción de petróleo promedio diaria por cuenca
2017-08,2017-08-01,2017,8,petroleo,cuenca,GOLFO SAN JORGE,promedio_diario,36438.3147382947,Producción de petróleo promedio diaria por cuenca
2017-08,2017-08-01,2017,8,petroleo,cuenca,LOS BOLSONES,promedio_diario,0.0,Producción de petróleo promedio diaria por cuenca
2017-08,2017-08-01,2017,8,petroleo,cuenca,MALVINAS,promedio_diario,0.0,Producción de petróleo promedio diaria por cuenca
2017-08,2017-08-01,2017,8,petroleo,cuenca,NEUQUINA,promedio_diario,31787.86003509,Producción de petróleo promedio diaria por cuenca
2017-08,2017-08-01,2017,8,petroleo,cuenca,NORESTE,promedio_diario,0.0,Producción de petróleo promedio diaria por cuenca
2017-08,2017-08-01,2017,8,petroleo,cuenca,NOROESTE,promedio_diario,990.849096774194,Producción de petróleo promedio diaria por cuenca
2017-08,2017-08-01,2017,8,petroleo,cuenca,ÑIRIHUAU,promedio_diario,0.0,Producción de petróleo promedio diaria por cuenca
2017-09,2017-09-01,2017,9,petroleo,cuenca,AUSTRAL,promedio_diario,2595.78036396667,Producción de petróleo promedio diaria por cuenca
2017-09,2017-09-01,2017,9,petroleo,cuenca,CAÑADON ASFALTO,promedio_diario,0.0,Producción de petróleo promedio diaria por cuenca
2017-09,2017-09-01,2017,9,petroleo,cuenca,CUYANA,promedio_diario,4126.02286666667,Producción de petróleo promedio diaria por cuenca
2017-09,2017-09-01,2017,9,petroleo,cuenca,DEL COLORADO,promedio_diario,0.0,Producción de petróleo promedio diaria por cuenca
2017-09,2017-09-01,2017,9,petroleo,cuenca,GOLFO SAN JORGE,promedio_diario,37118.8435911074,Producción de petróleo promedio diaria por cuenca
2017-09,2017-09-01,2017,9,petroleo,cuenca,LOS BOLSONES,promedio_diario,0.0,Producción de petróleo promedio diaria por cuenca
2017-09,2017-09-01,2017,9,petroleo,cuenca,MALVINAS,promedio_diario,0.0,Producción de petróleo promedio diaria por cuenca
2017-09,2017-09-01,2017,9,petroleo,cuenca,NEUQUINA,promedio_diario,32237.1131286857,Producción de petróleo promedio diaria por cuenca
2017-09,2017-09-01,2017,9,petroleo,cuenca,NORESTE,promedio_diario,0.0,Producción de petróleo promedio diaria por cuenca
2017-09,2017-09-01,2017,9,petroleo,cuenca,NOROESTE,promedio_diario,961.718866666667,Producción de petróleo promedio diaria por cuenca
2017-09,2017-09-01,2017,9,petroleo,cuenca,ÑIRIHUAU,promedio_diario,0.0,Producción de petróleo promedio diaria por cuenca
2017-10,2017-10-01,2017,10,petroleo,cuenca,AUSTRAL,promedio_diario,2933.97463280645,Producción de petróleo promedio diaria por cuenca
2017-10,2017-10-01,2017,10,petroleo,cuenca,CAÑADON ASFALTO,promedio_diario,0.0,Producción de petróleo promedio diaria por cuenca
2017-10,2017-10-01,2017,10,petroleo,cuenca,CUYANA,promedio_diario,3958.34516129032,Producción de petróleo promedio diaria por cuenca
2017-10,2017-10-01,2017,10,petroleo,cuenca,DEL COLORADO,promedio_diario,0.0,Producción de petróleo promedio diaria por cuenca
2017-10,2017-10-01,2017,10,petroleo,cuenca,GOLFO SAN JORGE,promedio_diario,37666.8450833117,Producción de petróleo promedio diaria por cuenca
2017-10,2017-10-01,2017,10,petroleo,cuenca,LOS BOLSONES,promedio_diario,0.0,Producción de petróleo promedio diaria por cuenca
2017-10,2017-10-01,2017,10,petroleo,cuenca,MALVINAS,promedio_diario,0.0,Producción de petróleo promedio diaria por cuenca
2017-10,2017-10-01,2017,10,petroleo,cuenca,NEUQUINA,promedio_diario,32312.2707418455,Producción de petróleo promedio diaria por cuenca
2017-10,2017-10-01,2017,10,petroleo,cuenca,NORESTE,promedio_diario,0.0,Producción de petróleo promedio diaria por cuenca
2017-10,2017-10-01,2017,10,petroleo,cuenca,NOROESTE,promedio_diario,943.809516129032,Producción de petróleo promedio diaria por cuenca
2017-10,2017-10-01,2017,10,petroleo,cuenca,ÑIRIHUAU,promedio_diario,0.0,Producción de petróleo promedio diaria por cuenca
2017-11,2017-11-01,2017,11,petroleo,cuenca,AUSTRAL,promedio_diario,2796.98743176667,Producción de petróleo promedio diaria por cuenca
2017-11,2017-11-01,2017,11,petroleo,cuenca,CAÑADON ASFALTO,promedio_diario,0.0,Producción de petróleo promedio diaria por cuenca
2017-11,2017-11-01,2017,11,petroleo,cuenca,CUYANA,promedio_diario,4012.5667,Producción de petróleo promedio diaria por cuenca
2017-11,2017-11-01,2017,11,petroleo,cuenca,DEL COLORADO,promedio_diario,0.0,Producción de petróleo promedio diaria por cuenca
2017-11,2017-11-01,2017,11,petroleo,cuenca,GOLFO SAN JORGE,promedio_diario,37849.3239444407,Producción de petróleo promedio diaria por cuenca
2017-11,2017-11-01,2017,11,petroleo,cuenca,LOS BOLSONES,promedio_diario,0.0,Producción de petróleo promedio diaria por cuenca
2017-11,2017-11-01,2017,11,petroleo,cuenca,MALVINAS,promedio_diario,0.0,Producción de petróleo promedio diaria por cuenca
2017-11,2017-11-01,2017,11,petroleo,cuenca,NEUQUINA,promedio_diario,32178.1283830017,Producción de petróleo promedio diaria por cuenca
2017-11,2017-11-01,2017,11,petroleo,cuenca,NORESTE,promedio_diario,0.0,Producción de petróleo promedio diaria por cuenca
2017-11,2017-11-01,2017,11,petroleo,cuenca,NOROESTE,promedio_diario,899.452966666667,Producción de petróleo promedio diaria por cuenca
2017-11,2017-11-01,2017,11,petroleo,cuenca,ÑIRIHUAU,promedio_diario,0.0,Producción de petróleo promedio diaria por cuenca
2017-12,2017-12-01,2017,12,petroleo,cuenca,AUSTRAL,promedio_diario,2931.5778076129,Producción de petróleo promedio diaria por cuenca
2017-12,2017-12-01,2017,12,petroleo,cuenca,CAÑADON ASFALTO,promedio_diario,0.0,Producción de petróleo promedio diaria por cuenca
2017-12,2017-12-01,2017,12,petroleo,cuenca,CUYANA,promedio_diario,4023.22903225806,Producción de petróleo promedio diaria por cuenca
2017-12,2017-12-01,2017,12,petroleo,cuenca,DEL COLORADO,promedio_diario,0.0,Producción de petróleo promedio diaria por cuenca
2017-12,2017-12-01,2017,12,petroleo,cuenca,GOLFO SAN JORGE,promedio_diario,37783.6712978278,Producción de petróleo promedio diaria por cuenca
2017-12,2017-12-01,2017,12,petroleo,cuenca,LOS BOLSONES,promedio_diario,0.0,Producción de petróleo promedio diaria por cuenca
2017-12,2017-12-01,2017,12,petroleo,cuenca,MALVINAS,promedio_diario,0.0,Producción de petróleo promedio diaria por cuenca
2017-12,2017-12-01,2017,12,petroleo,cuenca,NEUQUINA,promedio_diario,31728.1662884868,Producción de petróleo promedio diaria por cuenca
2017-12,2017-12-01,2017,12,petroleo,cuenca,NORESTE,promedio_diario,0.0,Producción de petróleo promedio diaria por cuenca
2017-12,2017-12-01,2017,12,petroleo,cuenca,NOROESTE,promedio_diario,905.655161290323,Producción de petróleo promedio diaria por cuenca
2017-12,2017-12-01,2017,12,petroleo,cuenca,ÑIRIHUAU,promedio_diario,0.0,Producción de petróleo promedio diaria por cuenca
2018-01,2018-01-01,2018,1,petroleo,cuenca,AUSTRAL,promedio_diario,2887.27147835484,Producción de petróleo promedio diaria por cuenca
2018-01,2018-01-01,2018,1,petroleo,cuenca,CAÑADON ASFALTO,promedio_diario,0.0,Producción de petróleo promedio diaria por cuenca
2018-01,2018-01-01,2018,1,petroleo,cuenca,CUYANA,promedio_diario,3909.14348387097,Producción de petróleo promedio diaria por cuenca
2018-01,2018-01-01,2018,1,petroleo,cuenca,DEL COLORADO,promedio_diario,0.0,Producción de petróleo promedio diaria por cuenca
2018-01,2018-01-01,2018,1,petroleo,cuenca,GOLFO SAN JORGE,promedio_diario,37070.7312434199,Producción de petróleo promedio diaria por cuenca
2018-01,2018-01-01,2018,1,petroleo,cuenca,LOS BOLSONES,promedio_diario,0.0,Producción de petróleo promedio diaria por cuenca
2018-01,2018-01-01,2018,1,petroleo,cuenca,MALVINAS,promedio_diario,0.0,Producción de petróleo promedio diaria por cuenca
2018-01,2018-01-01,2018,1,petroleo,cuenca,NEUQUINA,promedio_diario,31683.1746433539,Producción de petróleo promedio diaria por cuenca
2018-01,2018-01-01,2018,1,petroleo,cuenca,NORESTE,promedio_diario,0.0,Producción de petróleo promedio diaria por cuenca
2018-01,2018-01-01,2018,1,petroleo,cuenca,NOROESTE,promedio_diario,909.329935483871,Producción de petróleo promedio diaria por cuenca
2018-01,2018-01-01,2018,1,petroleo,cuenca,ÑIRIHUAU,promedio_diario,0.0,Producción de petróleo promedio diaria por cuenca
2018-02,2018-02-01,2018,2,petroleo,cuenca,AUSTRAL,promedio_diario,2788.27292735714,Producción de petróleo promedio diaria por cuenca
2018-02,2018-02-01,2018,2,petroleo,cuenca,CAÑADON ASFALTO,promedio_diario,0.0,Producción de petróleo promedio diaria por cuenca
2018-02,2018-02-01,2018,2,petroleo,cuenca,CUYANA,promedio_diario,3934.67546428571,Producción de petróleo promedio diaria por cuenca
2018-02,2018-02-01,2018,2,petroleo,cuenca,DEL COLORADO,promedio_diario,0.0,Producción de petróleo promedio diaria por cuenca
2018-02,2018-02-01,2018,2,petroleo,cuenca,GOLFO SAN JORGE,promedio_diario,37338.5269642857,Producción de petróleo promedio diaria por cuenca
2018-02,2018-02-01,2018,2,petroleo,cuenca,LOS BOLSONES,promedio_diario,0.0,Producción de petróleo promedio diaria por cuenca
2018-02,2018-02-01,2018,2,petroleo,cuenca,MALVINAS,promedio_diario,0.0,Producción de petróleo promedio diaria por cuenca
2018-02,2018-02-01,2018,2,petroleo,cuenca,NEUQUINA,promedio_diario,31834.1419265514,Producción de petróleo promedio diaria por cuenca
2018-02,2018-02-01,2018,2,petroleo,cuenca,NOROESTE,promedio_diario,871.318714285714,Producción de petróleo promedio diaria por cuenca
2018-02,2018-02-01,2018,2,petroleo,cuenca,ÑIRIHUAU,promedio_diario,0.0,Producción de petróleo promedio diaria por cuenca
2018-03,2018-03-01,2018,3,petroleo,cuenca,AUSTRAL,promedio_diario,2816.41969554839,Producción de petróleo promedio diaria por cuenca
2018-03,2018-03-01,2018,3,petroleo,cuenca,CAÑADON ASFALTO,promedio_diario,0.0,Producción de petróleo promedio diaria por cuenca
2018-03,2018-03-01,2018,3,petroleo,cuenca,CUYANA,promedio_diario,3980.21287096774,Producción de petróleo promedio diaria por cuenca
2018-03,2018-03-01,2018,3,petroleo,cuenca,DEL COLORADO,promedio_diario,0.0,Producción de petróleo promedio diaria por cuenca
2018-03,2018-03-01,2018,3,petroleo,cuenca,GOLFO SAN JORGE,promedio_diario,37499.1931290323,Producción de petróleo promedio diaria por cuenca
2018-03,2018-03-01,2018,3,petroleo,cuenca,LOS BOLSONES,promedio_diario,0.0,Producción de petróleo promedio diaria por cuenca
2018-03,2018-03-01,2018,3,petroleo,cuenca,MALVINAS,promedio_diario,0.0,Producción de petróleo promedio diaria por cuenca
2018-03,2018-03-01,2018,3,petroleo,cuenca,NEUQUINA,promedio_diario,32346.736054829,Producción de petróleo promedio diaria por cuenca
2018-03,2018-03-01,2018,3,petroleo,cuenca,NOROESTE,promedio_diario,842.301387096774,Producción de petróleo promedio diaria por cuenca
2018-03,2018-03-01,2018,3,petroleo,cuenca,ÑIRIHUAU,promedio_diario,0.0,Producción de petróleo promedio diaria por cuenca
2018-04,2018-04-01,2018,4,petroleo,cuenca,AUSTRAL,promedio_diario,2901.62044003333,Producción de petróleo promedio diaria por cuenca
2018-04,2018-04-01,2018,4,petroleo,cuenca,CAÑADON ASFALTO,promedio_diario,0.0,Producción de petróleo promedio diaria por cuenca
2018-04,2018-04-01,2018,4,petroleo,cuenca,CUYANA,promedio_diario,3987.55783333333,Producción de petróleo promedio diaria por cuenca
2018-04,2018-04-01,2018,4,petroleo,cuenca,DEL COLORADO,promedio_diario,0.0,Producción de petróleo promedio diaria por cuenca
2018-04,2018-04-01,2018,4,petroleo,cuenca,GOLFO SAN JORGE,promedio_diario,37126.2922333333,Producción de petróleo promedio diaria por cuenca
2018-04,2018-04-01,2018,4,petroleo,cuenca,LOS BOLSONES,promedio_diario,0.0,Producción de petróleo promedio diaria por cuenca
2018-04,2018-04-01,2018,4,petroleo,cuenca,MALVINAS,promedio_diario,0.0,Producción de petróleo promedio diaria por cuenca
2018-04,2018-04-01,2018,4,petroleo,cuenca,NEUQUINA,promedio_diario,32506.81419562,Producción de petróleo promedio diaria por cuenca
2018-04,2018-04-01,2018,4,petroleo,cuenca,NOROESTE,promedio_diario,848.146033333333,Producción de petróleo promedio diaria por cuenca
2018-04,2018-04-01,2018,4,petroleo,cuenca,ÑIRIHUAU,promedio_diario,0.0,Producción de petróleo promedio diaria por cuenca
2018-05,2018-05-01,2018,5,petroleo,cuenca,AUSTRAL,promedio_diario,3027.95669435484,Producción de petróleo promedio diaria por cuenca
2018-05,2018-05-01,2018,5,petroleo,cuenca,CAÑADON ASFALTO,promedio_diario,0.0,Producción de petróleo promedio diaria por cuenca
2018-05,2018-05-01,2018,5,petroleo,cuenca,CUYANA,promedio_diario,3887.07387096774,Producción de petróleo promedio diaria por cuenca
2018-05,2018-05-01,2018,5,petroleo,cuenca,DEL COLORADO,promedio_diario,0.0,Producción de petróleo promedio diaria por cuenca
2018-05,2018-05-01,2018,5,petroleo,cuenca,GOLFO SAN JORGE,promedio_diario,36880.2411935484,Producción de petróleo promedio diaria por cuenca
2018-05,2018-05-01,2018,5,petroleo,cuenca,LOS BOLSONES,promedio_diario,0.0,Producción de petróleo promedio diaria por cuenca
2018-05,2018-05-01,2018,5,petroleo,cuenca,MALVINAS,promedio_diario,0.0,Producción de petróleo promedio diaria por cuenca
2018-05,2018-05-01,2018,5,petroleo,cuenca,NEUQUINA,promedio_diario,32462.4741167419,Producción de petróleo promedio diaria por cuenca
2018-05,2018-05-01,2018,5,petroleo,cuenca,NOROESTE,promedio_diario,885.816419354839,Producción de petróleo promedio diaria por cuenca
2018-05,2018-05-01,2018,5,petroleo,cuenca,ÑIRIHUAU,promedio_diario,0.0,Producción de petróleo promedio diaria por cuenca
2018-06,2018-06-01,2018,6,petroleo,cuenca,AUSTRAL,promedio_diario,3314.05249683333,Producción de petróleo promedio diaria por cuenca
2018-06,2018-06-01,2018,6,petroleo,cuenca,CAÑADON ASFALTO,promedio_diario,0.0,Producción de petróleo promedio diaria por cuenca
2018-06,2018-06-01,2018,6,petroleo,cuenca,CUYANA,promedio_diario,3787.577,Producción de petróleo promedio diaria por cuenca
2018-06,2018-06-01,2018,6,petroleo,cuenca,DEL COLORADO,promedio_diario,0.0,Producción de petróleo promedio diaria por cuenca
2018-06,2018-06-01,2018,6,petroleo,cuenca,GOLFO SAN JORGE,promedio_diario,36542.5560666667,Producción de petróleo promedio diaria por cuenca
2018-06,2018-06-01,2018,6,petroleo,cuenca,LOS BOLSONES,promedio_diario,0.0,Producción de petróleo promedio diaria por cuenca
2018-06,2018-06-01,2018,6,petroleo,cuenca,MALVINAS,promedio_diario,0.0,Producción de petróleo promedio diaria por cuenca
2018-06,2018-06-01,2018,6,petroleo,cuenca,NEUQUINA,promedio_diario,32566.7376054457,Producción de petróleo promedio diaria por cuenca
2018-06,2018-06-01,2018,6,petroleo,cuenca,NOROESTE,promedio_diario,866.593,Producción de petróleo promedio diaria por cuenca
2018-06,2018-06-01,2018,6,petroleo,cuenca,ÑIRIHUAU,promedio_diario,0.0,Producción de petróleo promedio diaria por cuenca
2018-07,2018-07-01,2018,7,petroleo,cuenca,AUSTRAL,promedio_diario,3406.99323570968,Producción de petróleo promedio diaria por cuenca
2018-07,2018-07-01,2018,7,petroleo,cuenca,CAÑADON ASFALTO,promedio_diario,0.0,Producción de petróleo promedio diaria por cuenca
2018-07,2018-07-01,2018,7,petroleo,cuenca,CUYANA,promedio_diario,3717.33703225806,Producción de petróleo promedio diaria por cuenca
2018-07,2018-07-01,2018,7,petroleo,cuenca,DEL COLORADO,promedio_diario,0.0,Producción de petróleo promedio diaria por cuenca
2018-07,2018-07-01,2018,7,petroleo,cuenca,GOLFO SAN JORGE,promedio_diario,36357.6737419355,Producción de petróleo promedio diaria por cuenca
2018-07,2018-07-01,2018,7,petroleo,cuenca,LOS BOLSONES,promedio_diario,0.0,Producción de petróleo promedio diaria por cuenca
2018-07,2018-07-01,2018,7,petroleo,cuenca,MALVINAS,promedio_diario,0.0,Producción de petróleo promedio diaria por cuenca
2018-07,2018-07-01,2018,7,petroleo,cuenca,NEUQUINA,promedio_diario,32520.5472259581,Producción de petróleo promedio diaria por cuenca
2018-07,2018-07-01,2018,7,petroleo,cuenca,NOROESTE,promedio_diario,867.942290322581,Producción de petróleo promedio diaria por cuenca
2018-07,2018-07-01,2018,7,petroleo,cuenca,ÑIRIHUAU,promedio_diario,0.0,Producción de petróleo promedio diaria por cuenca
2018-08,2018-08-01,2018,8,petroleo,cuenca,AUSTRAL,promedio_diario,3461.45360041935,Producción de petróleo promedio diaria por cuenca
2018-08,2018-08-01,2018,8,petroleo,cuenca,CAÑADON ASFALTO,promedio_diario,0.0,Producción de petróleo promedio diaria por cuenca
2018-08,2018-08-01,2018,8,petroleo,cuenca,CUYANA,promedio_diario,3756.74964516129,Producción de petróleo promedio diaria por cuenca
2018-08,2018-08-01,2018,8,petroleo,cuenca,DEL COLORADO,promedio_diario,0.0,Producción de petróleo promedio diaria por cuenca
2018-08,2018-08-01,2018,8,petroleo,cuenca,GOLFO SAN JORGE,promedio_diario,36516.1485805484,Producción de petróleo promedio diaria por cuenca
2018-08,2018-08-01,2018,8,petroleo,cuenca,LOS BOLSONES,promedio_diario,0.0,Producción de petróleo promedio diaria por cuenca
2018-08,2018-08-01,2018,8,petroleo,cuenca,MALVINAS,promedio_diario,0.0,Producción de petróleo promedio diaria por cuenca
2018-08,2018-08-01,2018,8,petroleo,cuenca,NEUQUINA,promedio_diario,33464.7699018723,Producción de petróleo promedio diaria por cuenca
2018-08,2018-08-01,2018,8,petroleo,cuenca,NORESTE,promedio_diario,0.0,Producción de petróleo promedio diaria por cuenca
2018-08,2018-08-01,2018,8,petroleo,cuenca,NOROESTE,promedio_diario,880.661161290323,Producción de petróleo promedio diaria por cuenca
2018-08,2018-08-01,2018,8,petroleo,cuenca,ÑIRIHUAU,promedio_diario,0.0,Producción de petróleo promedio diaria por cuenca
2018-09,2018-09-01,2018,9,petroleo,cuenca,AUSTRAL,promedio_diario,3661.71802853333,Producción de petróleo promedio diaria por cuenca
2018-09,2018-09-01,2018,9,petroleo,cuenca,CAÑADON ASFALTO,promedio_diario,0.0,Producción de petróleo promedio diaria por cuenca
2018-09,2018-09-01,2018,9,petroleo,cuenca,CUYANA,promedio_diario,3901.61026666667,Producción de petróleo promedio diaria por cuenca
2018-09,2018-09-01,2018,9,petroleo,cuenca,DEL COLORADO,promedio_diario,0.0,Producción de petróleo promedio diaria por cuenca
2018-09,2018-09-01,2018,9,petroleo,cuenca,GOLFO SAN JORGE,promedio_diario,36980.4857333333,Producción de petróleo promedio diaria por cuenca
2018-09,2018-09-01,2018,9,petroleo,cuenca,LOS BOLSONES,promedio_diario,0.0,Producción de petróleo promedio diaria por cuenca
2018-09,2018-09-01,2018,9,petroleo,cuenca,MALVINAS,promedio_diario,0.0,Producción de petróleo promedio diaria por cuenca
2018-09,2018-09-01,2018,9,petroleo,cuenca,NEUQUINA,promedio_diario,33895.4666987417,Producción de petróleo promedio diaria por cuenca
2018-09,2018-09-01,2018,9,petroleo,cuenca,NORESTE,promedio_diario,0.0,Producción de petróleo promedio diaria por cuenca
2018-09,2018-09-01,2018,9,petroleo,cuenca,NOROESTE,promedio_diario,830.0659,Producción de petróleo promedio diaria por cuenca
2018-09,2018-09-01,2018,9,petroleo,cuenca,ÑIRIHUAU,promedio_diario,0.0,Producción de petróleo promedio diaria por cuenca
2018-10,2018-10-01,2018,10,petroleo,cuenca,AUSTRAL,promedio_diario,3623.18532341935,Producción de petróleo promedio diaria por cuenca
2018-10,2018-10-01,2018,10,petroleo,cuenca,CAÑADON ASFALTO,promedio_diario,0.0,Producción de petróleo promedio diaria por cuenca
2018-10,2018-10-01,2018,10,petroleo,cuenca,CUYANA,promedio_diario,3811.7434516129,Producción de petróleo promedio diaria por cuenca
2018-10,2018-10-01,2018,10,petroleo,cuenca,DEL COLORADO,promedio_diario,0.0,Producción de petróleo promedio diaria por cuenca
2018-10,2018-10-01,2018,10,petroleo,cuenca,GOLFO SAN JORGE,promedio_diario,36944.7250967742,Producción de petróleo promedio diaria por cuenca
2018-10,2018-10-01,2018,10,petroleo,cuenca,LOS BOLSONES,promedio_diario,0.0,Producción de petróleo promedio diaria por cuenca
2018-10,2018-10-01,2018,10,petroleo,cuenca,MALVINAS,promedio_diario,0.0,Producción de petróleo promedio diaria por cuenca
2018-10,2018-10-01,2018,10,petroleo,cuenca,NEUQUINA,promedio_diario,34061.4150168532,Producción de petróleo promedio diaria por cuenca
2018-10,2018-10-01,2018,10,petroleo,cuenca,NORESTE,promedio_diario,0.0,Producción de petróleo promedio diaria por cuenca
2018-10,2018-10-01,2018,10,petroleo,cuenca,NOROESTE,promedio_diario,769.764774193548,Producción de petróleo promedio diaria por cuenca
2018-10,2018-10-01,2018,10,petroleo,cuenca,ÑIRIHUAU,promedio_diario,0.0,Producción de petróleo promedio diaria por cuenca
2018-11,2018-11-01,2018,11,petroleo,cuenca,AUSTRAL,promedio_diario,3110.43478746667,Producción de petróleo promedio diaria por cuenca
2018-11,2018-11-01,2018,11,petroleo,cuenca,CAÑADON ASFALTO,promedio_diario,0.0,Producción de petróleo promedio diaria por cuenca
2018-11,2018-11-01,2018,11,petroleo,cuenca,CUYANA,promedio_diario,3654.3935,Producción de petróleo promedio diaria por cuenca
2018-11,2018-11-01,2018,11,petroleo,cuenca,DEL COLORADO,promedio_diario,0.0,Producción de petróleo promedio diaria por cuenca
2018-11,2018-11-01,2018,11,petroleo,cuenca,GOLFO SAN JORGE,promedio_diario,37032.4647594407,Producción de petróleo promedio diaria por cuenca
2018-11,2018-11-01,2018,11,petroleo,cuenca,LOS BOLSONES,promedio_diario,0.0,Producción de petróleo promedio diaria por cuenca
2018-11,2018-11-01,2018,11,petroleo,cuenca,MALVINAS,promedio_diario,0.0,Producción de petróleo promedio diaria por cuenca
2018-11,2018-11-01,2018,11,petroleo,cuenca,NEUQUINA,promedio_diario,34252.6469768733,Producción de petróleo promedio diaria por cuenca
2018-11,2018-11-01,2018,11,petroleo,cuenca,NORESTE,promedio_diario,0.0,Producción de petróleo promedio diaria por cuenca
2018-11,2018-11-01,2018,11,petroleo,cuenca,NOROESTE,promedio_diario,816.502366666667,Producción de petróleo promedio diaria por cuenca
2018-11,2018-11-01,2018,11,petroleo,cuenca,ÑIRIHUAU,promedio_diario,0.0,Producción de petróleo promedio diaria por cuenca
2018-12,2018-12-01,2018,12,petroleo,cuenca,AUSTRAL,promedio_diario,3524.32710793548,Producción de petróleo promedio diaria por cuenca
2018-12,2018-12-01,2018,12,petroleo,cuenca,CAÑADON ASFALTO,promedio_diario,0.0,Producción de petróleo promedio diaria por cuenca
2018-12,2018-12-01,2018,12,petroleo,cuenca,CUYANA,promedio_diario,3672.39180645161,Producción de petróleo promedio diaria por cuenca
2018-12,2018-12-01,2018,12,petroleo,cuenca,DEL COLORADO,promedio_diario,0.0,Producción de petróleo promedio diaria por cuenca
2018-12,2018-12-01,2018,12,petroleo,cuenca,GOLFO SAN JORGE,promedio_diario,36890.3114837742,Producción de petróleo promedio diaria por cuenca
2018-12,2018-12-01,2018,12,petroleo,cuenca,LOS BOLSONES,promedio_diario,0.0,Producción de petróleo promedio diaria por cuenca
2018-12,2018-12-01,2018,12,petroleo,cuenca,MALVINAS,promedio_diario,0.0,Producción de petróleo promedio diaria por cuenca
2018-12,2018-12-01,2018,12,petroleo,cuenca,NEUQUINA,promedio_diario,34418.0220704926,Producción de petróleo promedio diaria por cuenca
2018-12,2018-12-01,2018,12,petroleo,cuenca,NORESTE,promedio_diario,0.0,Producción de petróleo promedio diaria por cuenca
2018-12,2018-12-01,2018,12,petroleo,cuenca,NOROESTE,promedio_diario,791.933612903226,Producción de petróleo promedio diaria por cuenca
2018-12,2018-12-01,2018,12,petroleo,cuenca,ÑIRIHUAU,promedio_diario,0.0,Producción de petróleo promedio diaria por cuenca
2019-01,2019-01-01,2019,1,petroleo,cuenca,AUSTRAL,promedio_diario,3528.01194935484,Producción de petróleo promedio diaria por cuenca
2019-01,2019-01-01,2019,1,petroleo,cuenca,CAÑADON ASFALTO,promedio_diario,0.0,Producción de petróleo promedio diaria por cuenca
2019-01,2019-01-01,2019,1,petroleo,cuenca,CUYANA,promedio_diario,3622.83380645161,Producción de petróleo promedio diaria por cuenca
2019-01,2019-01-01,2019,1,petroleo,cuenca,DEL COLORADO,promedio_diario,0.0,Producción de petróleo promedio diaria por cuenca
2019-01,2019-01-01,2019,1,petroleo,cuenca,GOLFO SAN JORGE,promedio_diario,36762.2193225806,Producción de petróleo promedio diaria por cuenca
2019-01,2019-01-01,2019,1,petroleo,cuenca,LOS BOLSONES,promedio_diario,0.0,Producción de petróleo promedio diaria por cuenca
2019-01,2019-01-01,2019,1,petroleo,cuenca,MALVINAS,promedio_diario,0.0,Producción de petróleo promedio diaria por cuenca
2019-01,2019-01-01,2019,1,petroleo,cuenca,NEUQUINA,promedio_diario,34873.3811091426,Producción de petróleo promedio diaria por cuenca
2019-01,2019-01-01,2019,1,petroleo,cuenca,NORESTE,promedio_diario,0.0,Producción de petróleo promedio diaria por cuenca
2019-01,2019-01-01,2019,1,petroleo,cuenca,NOROESTE,promedio_diario,843.259806451613,Producción de petróleo promedio diaria por cuenca
2019-01,2019-01-01,2019,1,petroleo,cuenca,ÑIRIHUAU,promedio_diario,0.0,Producción de petróleo promedio diaria por cuenca
2019-02,2019-02-01,2019,2,petroleo,cuenca,AUSTRAL,promedio_diario,3262.96189828571,Producción de petróleo promedio diaria por cuenca
2019-02,2019-02-01,2019,2,petroleo,cuenca,CAÑADON ASFALTO,promedio_diario,0.0,Producción de petróleo promedio diaria por cuenca
2019-02,2019-02-01,2019,2,petroleo,cuenca,CUYANA,promedio_diario,3756.84967857143,Producción de petróleo promedio diaria por cuenca
2019-02,2019-02-01,2019,2,petroleo,cuenca,DEL COLORADO,promedio_diario,0.0,Producción de petróleo promedio diaria por cuenca
2019-02,2019-02-01,2019,2,petroleo,cuenca,GOLFO SAN JORGE,promedio_diario,37064.7073571429,Producción de petróleo promedio diaria por cuenca
2019-02,2019-02-01,2019,2,petroleo,cuenca,LOS BOLSONES,promedio_diario,0.0,Producción de petróleo promedio diaria por cuenca
2019-02,2019-02-01,2019,2,petroleo,cuenca,MALVINAS,promedio_diario,0.0,Producción de petróleo promedio diaria por cuenca
2019-02,2019-02-01,2019,2,petroleo,cuenca,NEUQUINA,promedio_diario,34737.3257797536,Producción de petróleo promedio diaria por cuenca
2019-02,2019-02-01,2019,2,petroleo,cuenca,NORESTE,promedio_diario,0.0,Producción de petróleo promedio diaria por cuenca
2019-02,2019-02-01,2019,2,petroleo,cuenca,NOROESTE,promedio_diario,933.738928571429,Producción de petróleo promedio diaria por cuenca
2019-02,2019-02-01,2019,2,petroleo,cuenca,ÑIRIHUAU,promedio_diario,0.0,Producción de petróleo promedio diaria por cuenca
2019-03,2019-03-01,2019,3,petroleo,cuenca,AUSTRAL,promedio_diario,3429.05606667742,Producción de petróleo promedio diaria por cuenca
2019-03,2019-03-01,2019,3,petroleo,cuenca,CAÑADON ASFALTO,promedio_diario,0.0,Producción de petróleo promedio diaria por cuenca
2019-03,2019-03-01,2019,3,petroleo,cuenca,CUYANA,promedio_diario,3776.22477419355,Producción de petróleo promedio diaria por cuenca
2019-03,2019-03-01,2019,3,petroleo,cuenca,DEL COLORADO,promedio_diario,0.0,Producción de petróleo promedio diaria por cuenca
2019-03,2019-03-01,2019,3,petroleo,cuenca,GOLFO SAN JORGE,promedio_diario,37136.8658709677,Producción de petróleo promedio diaria por cuenca
2019-03,2019-03-01,2019,3,petroleo,cuenca,LOS BOLSONES,promedio_diario,0.0,Producción de petróleo promedio diaria por cuenca
2019-03,2019-03-01,2019,3,petroleo,cuenca,MALVINAS,promedio_diario,0.0,Producción de petróleo promedio diaria por cuenca
2019-03,2019-03-01,2019,3,petroleo,cuenca,NEUQUINA,promedio_diario,34682.6861814806,Producción de petróleo promedio diaria por cuenca
2019-03,2019-03-01,2019,3,petroleo,cuenca,NORESTE,promedio_diario,0.0,Producción de petróleo promedio diaria por cuenca
2019-03,2019-03-01,2019,3,petroleo,cuenca,NOROESTE,promedio_diario,871.158548387097,Producción de petróleo promedio diaria por cuenca
2019-03,2019-03-01,2019,3,petroleo,cuenca,ÑIRIHUAU,promedio_diario,0.0,Producción de petróleo promedio diaria por cuenca
2019-04,2019-04-01,2019,4,petroleo,cuenca,AUSTRAL,promedio_diario,3596.56530003333,Producción de petróleo promedio diaria por cuenca
2019-04,2019-04-01,2019,4,petroleo,cuenca,CAÑADON ASFALTO,promedio_diario,0.0,Producción de petróleo promedio diaria por cuenca
2019-04,2019-04-01,2019,4,petroleo,cuenca,CUYANA,promedio_diario,3737.37223333333,Producción de petróleo promedio diaria por cuenca
2019-04,2019-04-01,2019,4,petroleo,cuenca,DEL COLORADO,promedio_diario,0.0,Producción de petróleo promedio diaria por cuenca
2019-04,2019-04-01,2019,4,petroleo,cuenca,GOLFO SAN JORGE,promedio_diario,37164.5322666667,Producción de petróleo promedio diaria por cuenca
2019-04,2019-04-01,2019,4,petroleo,cuenca,LOS BOLSONES,promedio_diario,0.0,Producción de petróleo promedio diaria por cuenca
2019-04,2019-04-01,2019,4,petroleo,cuenca,MALVINAS,promedio_diario,0.0,Producción de petróleo promedio diaria por cuenca
2019-04,2019-04-01,2019,4,petroleo,cuenca,NEUQUINA,promedio_diario,35479.2194184287,Producción de petróleo promedio diaria por cuenca
2019-04,2019-04-01,2019,4,petroleo,cuenca,NORESTE,promedio_diario,0.0,Producción de petróleo promedio diaria por cuenca
2019-04,2019-04-01,2019,4,petroleo,cuenca,NOROESTE,promedio_diario,740.621866666667,Producción de petróleo promedio diaria por cuenca
2019-04,2019-04-01,2019,4,petroleo,cuenca,ÑIRIHUAU,promedio_diario,0.0,Producción de petróleo promedio diaria por cuenca
2019-05,2019-05-01,2019,5,petroleo,cuenca,AUSTRAL,promedio_diario,3697.826522,Producción de petróleo promedio diaria por cuenca
2019-05,2019-05-01,2019,5,petroleo,cuenca,CAÑADON ASFALTO,promedio_diario,0.0,Producción de petróleo promedio diaria por cuenca
2019-05,2019-05-01,2019,5,petroleo,cuenca,CUYANA,promedio_diario,3775.60912903226,Producción de petróleo promedio diaria por cuenca
2019-05,2019-05-01,2019,5,petroleo,cuenca,DEL COLORADO,promedio_diario,0.0,Producción de petróleo promedio diaria por cuenca
2019-05,2019-05-01,2019,5,petroleo,cuenca,GOLFO SAN JORGE,promedio_diario,36556.0474193548,Producción de petróleo promedio diaria por cuenca
2019-05,2019-05-01,2019,5,petroleo,cuenca,MALVINAS,promedio_diario,0.0,Producción de petróleo promedio diaria por cuenca
2019-05,2019-05-01,2019,5,petroleo,cuenca,NEUQUINA,promedio_diario,35726.257620751,Producción de petróleo promedio diaria por cuenca
2019-05,2019-05-01,2019,5,petroleo,cuenca,NORESTE,promedio_diario,0.0,Producción de petróleo promedio diaria por cuenca
2019-05,2019-05-01,2019,5,petroleo,cuenca,NOROESTE,promedio_diario,707.149225806452,Producción de petróleo promedio diaria por cuenca
2019-05,2019-05-01,2019,5,petroleo,cuenca,ÑIRIHUAU,promedio_diario,0.0,Producción de petróleo promedio diaria por cuenca
2019-06,2019-06-01,2019,6,petroleo,cuenca,AUSTRAL,promedio_diario,3757.753218,Producción de petróleo promedio diaria por cuenca
2019-06,2019-06-01,2019,6,petroleo,cuenca,CAÑADON ASFALTO,promedio_diario,0.0,Producción de petróleo promedio diaria por cuenca
2019-06,2019-06-01,2019,6,petroleo,cuenca,CUYANA,promedio_diario,3694.9547,Producción de petróleo promedio diaria por cuenca
2019-06,2019-06-01,2019,6,petroleo,cuenca,DEL COLORADO,promedio_diario,0.0,Producción de petróleo promedio diaria por cuenca
2019-06,2019-06-01,2019,6,petroleo,cuenca,GOLFO SAN JORGE,promedio_diario,36245.8043333333,Producción de petróleo promedio diaria por cuenca
2019-06,2019-06-01,2019,6,petroleo,cuenca,MALVINAS,promedio_diario,0.0,Producción de petróleo promedio diaria por cuenca
2019-06,2019-06-01,2019,6,petroleo,cuenca,NEUQUINA,promedio_diario,34775.242724335,Producción de petróleo promedio diaria por cuenca
2019-06,2019-06-01,2019,6,petroleo,cuenca,NORESTE,promedio_diario,0.0,Producción de petróleo promedio diaria por cuenca
2019-06,2019-06-01,2019,6,petroleo,cuenca,NOROESTE,promedio_diario,718.948997466667,Producción de petróleo promedio diaria por cuenca
2019-06,2019-06-01,2019,6,petroleo,cuenca,ÑIRIHUAU,promedio_diario,0.0,Producción de petróleo promedio diaria por cuenca
2019-07,2019-07-01,2019,7,petroleo,cuenca,AUSTRAL,promedio_diario,3720.63839264516,Producción de petróleo promedio diaria por cuenca
2019-07,2019-07-01,2019,7,petroleo,cuenca,CAÑADON ASFALTO,promedio_diario,0.0,Producción de petróleo promedio diaria por cuenca
2019-07,2019-07-01,2019,7,petroleo,cuenca,CUYANA,promedio_diario,3792.06270967742,Producción de petróleo promedio diaria por cuenca
2019-07,2019-07-01,2019,7,petroleo,cuenca,DEL COLORADO,promedio_diario,0.0,Producción de petróleo promedio diaria por cuenca
2019-07,2019-07-01,2019,7,petroleo,cuenca,GOLFO SAN JORGE,promedio_diario,36166.6659354839,Producción de petróleo promedio diaria por cuenca
2019-07,2019-07-01,2019,7,petroleo,cuenca,MALVINAS,promedio_diario,0.0,Producción de petróleo promedio diaria por cuenca
2019-07,2019-07-01,2019,7,petroleo,cuenca,NEUQUINA,promedio_diario,35921.5655772397,Producción de petróleo promedio diaria por cuenca
2019-07,2019-07-01,2019,7,petroleo,cuenca,NORESTE,promedio_diario,0.0,Producción de petróleo promedio diaria por cuenca
2019-07,2019-07-01,2019,7,petroleo,cuenca,NOROESTE,promedio_diario,717.959552258064,Producción de petróleo promedio diaria por cuenca
2019-07,2019-07-01,2019,7,petroleo,cuenca,ÑIRIHUAU,promedio_diario,0.0,Producción de petróleo promedio diaria por cuenca
2019-08,2019-08-01,2019,8,petroleo,cuenca,AUSTRAL,promedio_diario,3726.72488906452,Producción de petróleo promedio diaria por cuenca
2019-08,2019-08-01,2019,8,petroleo,cuenca,CAÑADON ASFALTO,promedio_diario,0.0,Producción de petróleo promedio diaria por cuenca
2019-08,2019-08-01,2019,8,petroleo,cuenca,CUYANA,promedio_diario,3789.4684516129,Producción de petróleo promedio diaria por cuenca
2019-08,2019-08-01,2019,8,petroleo,cuenca,DEL COLORADO,promedio_diario,0.0,Producción de petróleo promedio diaria por cuenca
2019-08,2019-08-01,2019,8,petroleo,cuenca,GOLFO SAN JORGE,promedio_diario,36246.4051622065,Producción de petróleo promedio diaria por cuenca
2019-08,2019-08-01,2019,8,petroleo,cuenca,MALVINAS,promedio_diario,0.0,Producción de petróleo promedio diaria por cuenca
2019-08,2019-08-01,2019,8,petroleo,cuenca,NEUQUINA,promedio_diario,38102.6670178894,Producción de petróleo promedio diaria por cuenca
2019-08,2019-08-01,2019,8,petroleo,cuenca,NORESTE,promedio_diario,0.0,Producción de petróleo promedio diaria por cuenca
2019-08,2019-08-01,2019,8,petroleo,cuenca,NOROESTE,promedio_diario,711.015440322581,Producción de petróleo promedio diaria por cuenca
2019-08,2019-08-01,2019,8,petroleo,cuenca,ÑIRIHUAU,promedio_diario,0.0,Producción de petróleo promedio diaria por cuenca
2019-09,2019-09-01,2019,9,petroleo,cuenca,AUSTRAL,promedio_diario,3454.36969166667,Producción de petróleo promedio diaria por cuenca
2019-09,2019-09-01,2019,9,petroleo,cuenca,CAÑADON ASFALTO,promedio_diario,0.0,Producción de petróleo promedio diaria por cuenca
2019-09,2019-09-01,2019,9,petroleo,cuenca,CUYANA,promedio_diario,3708.92763333333,Producción de petróleo promedio diaria por cuenca
2019-09,2019-09-01,2019,9,petroleo,cuenca,DEL COLORADO,promedio_diario,0.0,Producción de petróleo promedio diaria por cuenca
2019-09,2019-09-01,2019,9,petroleo,cuenca,GOLFO SAN JORGE,promedio_diario,36215.6048,Producción de petróleo promedio diaria por cuenca
2019-09,2019-09-01,2019,9,petroleo,cuenca,MALVINAS,promedio_diario,0.0,Producción de petróleo promedio diaria por cuenca
2019-09,2019-09-01,2019,9,petroleo,cuenca,NEUQUINA,promedio_diario,38101.9692772283,Producción de petróleo promedio diaria por cuenca
2019-09,2019-09-01,2019,9,petroleo,cuenca,NORESTE,promedio_diario,0.0,Producción de petróleo promedio diaria por cuenca
2019-09,2019-09-01,2019,9,petroleo,cuenca,NOROESTE,promedio_diario,738.404021566667,Producción de petróleo promedio diaria por cuenca
2019-09,2019-09-01,2019,9,petroleo,cuenca,ÑIRIHUAU,promedio_diario,0.0,Producción de petróleo promedio diaria por cuenca
2019-10,2019-10-01,2019,10,petroleo,cuenca,AUSTRAL,promedio_diario,3172.55841445161,Producción de petróleo promedio diaria por cuenca
2019-10,2019-10-01,2019,10,petroleo,cuenca,CAÑADON ASFALTO,promedio_diario,0.0,Producción de petróleo promedio diaria por cuenca
2019-10,2019-10-01,2019,10,petroleo,cuenca,CUYANA,promedio_diario,3702.36058064516,Producción de petróleo promedio diaria por cuenca
2019-10,2019-10-01,2019,10,petroleo,cuenca,DEL COLORADO,promedio_diario,0.0,Producción de petróleo promedio diaria por cuenca
2019-10,2019-10-01,2019,10,petroleo,cuenca,GOLFO SAN JORGE,promedio_diario,36258.9152580645,Producción de petróleo promedio diaria por cuenca
2019-10,2019-10-01,2019,10,petroleo,cuenca,MALVINAS,promedio_diario,0.0,Producción de petróleo promedio diaria por cuenca
2019-10,2019-10-01,2019,10,petroleo,cuenca,MALVINAS OESTE,promedio_diario,0.0,Producción de petróleo promedio diaria por cuenca
2019-10,2019-10-01,2019,10,petroleo,cuenca,NEUQUINA,promedio_diario,37890.5694103674,Producción de petróleo promedio diaria por cuenca
2019-10,2019-10-01,2019,10,petroleo,cuenca,NORESTE,promedio_diario,0.0,Producción de petróleo promedio diaria por cuenca
2019-10,2019-10-01,2019,10,petroleo,cuenca,NOROESTE,promedio_diario,732.139775935484,Producción de petróleo promedio diaria por cuenca
2019-10,2019-10-01,2019,10,petroleo,cuenca,ÑIRIHUAU,promedio_diario,0.0,Producción de petróleo promedio diaria por cuenca
2019-11,2019-11-01,2019,11,petroleo,cuenca,AUSTRAL,promedio_diario,2946.23645183333,Producción de petróleo promedio diaria por cuenca
2019-11,2019-11-01,2019,11,petroleo,cuenca,CAÑADON ASFALTO,promedio_diario,0.0,Producción de petróleo promedio diaria por cuenca
2019-11,2019-11-01,2019,11,petroleo,cuenca,CUYANA,promedio_diario,3605.09203333333,Producción de petróleo promedio diaria por cuenca
2019-11,2019-11-01,2019,11,petroleo,cuenca,DEL COLORADO,promedio_diario,0.0,Producción de petróleo promedio diaria por cuenca
2019-11,2019-11-01,2019,11,petroleo,cuenca,GOLFO SAN JORGE,promedio_diario,36210.1902099733,Producción de petróleo promedio diaria por cuenca
2019-11,2019-11-01,2019,11,petroleo,cuenca,MALVINAS,promedio_diario,0.0,Producción de petróleo promedio diaria por cuenca
2019-11,2019-11-01,2019,11,petroleo,cuenca,MALVINAS OESTE,promedio_diario,0.0,Producción de petróleo promedio diaria por cuenca
2019-11,2019-11-01,2019,11,petroleo,cuenca,NEUQUINA,promedio_diario,38151.9890558143,Producción de petróleo promedio diaria por cuenca
2019-11,2019-11-01,2019,11,petroleo,cuenca,NORESTE,promedio_diario,0.0,Producción de petróleo promedio diaria por cuenca
2019-11,2019-11-01,2019,11,petroleo,cuenca,NOROESTE,promedio_diario,826.011724166667,Producción de petróleo promedio diaria por cuenca
2019-11,2019-11-01,2019,11,petroleo,cuenca,ÑIRIHUAU,promedio_diario,0.0,Producción de petróleo promedio diaria por cuenca
2019-12,2019-12-01,2019,12,petroleo,cuenca,AUSTRAL,promedio_diario,2992.25848632258,Producción de petróleo promedio diaria por cuenca
2019-12,2019-12-01,2019,12,petroleo,cuenca,CAÑADON ASFALTO,promedio_diario,0.0,Producción de petróleo promedio diaria por cuenca
2019-12,2019-12-01,2019,12,petroleo,cuenca,CUYANA,promedio_diario,3610.90032258065,Producción de petróleo promedio diaria por cuenca
2019-12,2019-12-01,2019,12,petroleo,cuenca,DEL COLORADO,promedio_diario,0.0,Producción de petróleo promedio diaria por cuenca
2019-12,2019-12-01,2019,12,petroleo,cuenca,GOLFO SAN JORGE,promedio_diario,36173.8311228086,Producción de petróleo promedio diaria por cuenca
2019-12,2019-12-01,2019,12,petroleo,cuenca,MALVINAS,promedio_diario,0.0,Producción de petróleo promedio diaria por cuenca
2019-12,2019-12-01,2019,12,petroleo,cuenca,MALVINAS OESTE,promedio_diario,0.0,Producción de petróleo promedio diaria por cuenca
2019-12,2019-12-01,2019,12,petroleo,cuenca,NEUQUINA,promedio_diario,38640.5712299539,Producción de petróleo promedio diaria por cuenca
2019-12,2019-12-01,2019,12,petroleo,cuenca,NORESTE,promedio_diario,0.0,Producción de petróleo promedio diaria por cuenca
2019-12,2019-12-01,2019,12,petroleo,cuenca,NOROESTE,promedio_diario,793.00013016129,Producción de petróleo promedio diaria por cuenca
2019-12,2019-12-01,2019,12,petroleo,cuenca,ÑIRIHUAU,promedio_diario,0.0,Producción de petróleo promedio diaria por cuenca
2020-01,2020-01-01,2020,1,petroleo,cuenca,AUSTRAL,promedio_diario,3044.92717474194,Producción de petróleo promedio diaria por cuenca
2020-01,2020-01-01,2020,1,petroleo,cuenca,CAÑADON ASFALTO,promedio_diario,0.0,Producción de petróleo promedio diaria por cuenca
2020-01,2020-01-01,2020,1,petroleo,cuenca,CUYANA,promedio_diario,3509.91548387097,Producción de petróleo promedio diaria por cuenca
2020-01,2020-01-01,2020,1,petroleo,cuenca,DEL COLORADO,promedio_diario,0.0,Producción de petróleo promedio diaria por cuenca
2020-01,2020-01-01,2020,1,petroleo,cuenca,GOLFO SAN JORGE,promedio_diario,35749.4175138508,Producción de petróleo promedio diaria por cuenca
2020-01,2020-01-01,2020,1,petroleo,cuenca,MALVINAS,promedio_diario,0.0,Producción de petróleo promedio diaria por cuenca
2020-01,2020-01-01,2020,1,petroleo,cuenca,MALVINAS OESTE,promedio_diario,0.0,Producción de petróleo promedio diaria por cuenca
2020-01,2020-01-01,2020,1,petroleo,cuenca,NEUQUINA,promedio_diario,38510.1186058255,Producción de petróleo promedio diaria por cuenca
2020-01,2020-01-01,2020,1,petroleo,cuenca,NORESTE,promedio_diario,0.0,Producción de petróleo promedio diaria por cuenca
2020-01,2020-01-01,2020,1,petroleo,cuenca,NOROESTE,promedio_diario,791.366064516129,Producción de petróleo promedio diaria por cuenca
2020-01,2020-01-01,2020,1,petroleo,cuenca,ÑIRIHUAU,promedio_diario,0.0,Producción de petróleo promedio diaria por cuenca
2020-02,2020-02-01,2020,2,petroleo,cuenca,AUSTRAL,promedio_diario,2873.11011993103,Producción de petróleo promedio diaria por cuenca
2020-02,2020-02-01,2020,2,petroleo,cuenca,CAÑADON ASFALTO,promedio_diario,0.0,Producción de petróleo promedio diaria por cuenca
2020-02,2020-02-01,2020,2,petroleo,cuenca,CUYANA,promedio_diario,3575.89948275862,Producción de petróleo promedio diaria por cuenca
2020-02,2020-02-01,2020,2,petroleo,cuenca,DEL COLORADO,promedio_diario,0.0,Producción de petróleo promedio diaria por cuenca
2020-02,2020-02-01,2020,2,petroleo,cuenca,GOLFO SAN JORGE,promedio_diario,35495.0661497888,Producción de petróleo promedio diaria por cuenca
2020-02,2020-02-01,2020,2,petroleo,cuenca,MALVINAS,promedio_diario,0.0,Producción de petróleo promedio diaria por cuenca
2020-02,2020-02-01,2020,2,petroleo,cuenca,MALVINAS OESTE,promedio_diario,0.0,Producción de petróleo promedio diaria por cuenca
2020-02,2020-02-01,2020,2,petroleo,cuenca,NEUQUINA,promedio_diario,39362.4592154921,Producción de petróleo promedio diaria por cuenca
2020-02,2020-02-01,2020,2,petroleo,cuenca,NORESTE,promedio_diario,0.0,Producción de petróleo promedio diaria por cuenca
2020-02,2020-02-01,2020,2,petroleo,cuenca,NOROESTE,promedio_diario,772.976818931034,Producción de petróleo promedio diaria por cuenca
2020-02,2020-02-01,2020,2,petroleo,cuenca,ÑIRIHUAU,promedio_diario,0.0,Producción de petróleo promedio diaria por cuenca
2020-03,2020-03-01,2020,3,petroleo,cuenca,AUSTRAL,promedio_diario,2658.48743748387,Producción de petróleo promedio diaria por cuenca
2020-03,2020-03-01,2020,3,petroleo,cuenca,CAÑADON ASFALTO,promedio_diario,0.0,Producción de petróleo promedio diaria por cuenca
2020-03,2020-03-01,2020,3,petroleo,cuenca,CUYANA,promedio_diario,3588.30777419355,Producción de petróleo promedio diaria por cuenca
2020-03,2020-03-01,2020,3,petroleo,cuenca,DEL COLORADO,promedio_diario,0.0,Producción de petróleo promedio diaria por cuenca
2020-03,2020-03-01,2020,3,petroleo,cuenca,GOLFO SAN JORGE,promedio_diario,35765.9487741936,Producción de petróleo promedio diaria por cuenca
2020-03,2020-03-01,2020,3,petroleo,cuenca,MALVINAS,promedio_diario,0.0,Producción de petróleo promedio diaria por cuenca
2020-03,2020-03-01,2020,3,petroleo,cuenca,MALVINAS OESTE,promedio_diario,0.0,Producción de petróleo promedio diaria por cuenca
2020-03,2020-03-01,2020,3,petroleo,cuenca,NEUQUINA,promedio_diario,39523.4855132158,Producción de petróleo promedio diaria por cuenca
2020-03,2020-03-01,2020,3,petroleo,cuenca,NORESTE,promedio_diario,0.0,Producción de petróleo promedio diaria por cuenca
2020-03,2020-03-01,2020,3,petroleo,cuenca,NOROESTE,promedio_diario,895.43887416129,Producción de petróleo promedio diaria por cuenca
2020-03,2020-03-01,2020,3,petroleo,cuenca,ÑIRIHUAU,promedio_diario,0.0,Producción de petróleo promedio diaria por cuenca
2020-04,2020-04-01,2020,4,petroleo,cuenca,AUSTRAL,promedio_diario,1963.0809081,Producción de petróleo promedio diaria por cuenca
2020-04,2020-04-01,2020,4,petroleo,cuenca,CAÑADON ASFALTO,promedio_diario,0.0,Producción de petróleo promedio diaria por cuenca
2020-04,2020-04-01,2020,4,petroleo,cuenca,CUYANA,promedio_diario,3206.60053333333,Producción de petróleo promedio diaria por cuenca
2020-04,2020-04-01,2020,4,petroleo,cuenca,GOLFO SAN JORGE,promedio_diario,35186.1203,Producción de petróleo promedio diaria por cuenca
2020-04,2020-04-01,2020,4,petroleo,cuenca,MALVINAS,promedio_diario,0.0,Producción de petróleo promedio diaria por cuenca
2020-04,2020-04-01,2020,4,petroleo,cuenca,MALVINAS OESTE,promedio_diario,0.0,Producción de petróleo promedio diaria por cuenca
2020-04,2020-04-01,2020,4,petroleo,cuenca,NEUQUINA,promedio_diario,32097.58813244,Producción de petróleo promedio diaria por cuenca
2020-04,2020-04-01,2020,4,petroleo,cuenca,NORESTE,promedio_diario,0.0,Producción de petróleo promedio diaria por cuenca
2020-04,2020-04-01,2020,4,petroleo,cuenca,NOROESTE,promedio_diario,798.5743852,Producción de petróleo promedio diaria por cuenca
2020-04,2020-04-01,2020,4,petroleo,cuenca,ÑIRIHUAU,promedio_diario,0.0,Producción de petróleo promedio diaria por cuenca
2020-05,2020-05-01,2020,5,petroleo,cuenca,ARGENTINA NORTE,promedio_diario,0.0,Producción de petróleo promedio diaria por cuenca
2020-05,2020-05-01,2020,5,petroleo,cuenca,AUSTRAL,promedio_diario,2064.92616629032,Producción de petróleo promedio diaria por cuenca
2020-05,2020-05-01,2020,5,petroleo,cuenca,CAÑADON ASFALTO,promedio_diario,0.0,Producción de petróleo promedio diaria por cuenca
2020-05,2020-05-01,2020,5,petroleo,cuenca,CUYANA,promedio_diario,2985.79451612903,Producción de petróleo promedio diaria por cuenca
2020-05,2020-05-01,2020,5,petroleo,cuenca,GOLFO SAN JORGE,promedio_diario,33820.7718064516,Producción de petróleo promedio diaria por cuenca
2020-05,2020-05-01,2020,5,petroleo,cuenca,MALVINAS,promedio_diario,0.0,Producción de petróleo promedio diaria por cuenca
2020-05,2020-05-01,2020,5,petroleo,cuenca,MALVINAS OESTE,promedio_diario,0.0,Producción de petróleo promedio diaria por cuenca
2020-05,2020-05-01,2020,5,petroleo,cuenca,NEUQUINA,promedio_diario,31562.7223097452,Producción de petróleo promedio diaria por cuenca
2020-05,2020-05-01,2020,5,petroleo,cuenca,NORESTE,promedio_diario,0.0,Producción de petróleo promedio diaria por cuenca
2020-05,2020-05-01,2020,5,petroleo,cuenca,NOROESTE,promedio_diario,738.981677032258,Producción de petróleo promedio diaria por cuenca
2020-05,2020-05-01,2020,5,petroleo,cuenca,ÑIRIHUAU,promedio_diario,0.0,Producción de petróleo promedio diaria por cuenca
2020-06,2020-06-01,2020,6,petroleo,cuenca,ARGENTINA NORTE,promedio_diario,0.0,Producción de petróleo promedio diaria por cuenca
2020-06,2020-06-01,2020,6,petroleo,cuenca,AUSTRAL,promedio_diario,2334.57770733333,Producción de petróleo promedio diaria por cuenca
2020-06,2020-06-01,2020,6,petroleo,cuenca,CAÑADON ASFALTO,promedio_diario,0.0,Producción de petróleo promedio diaria por cuenca
2020-06,2020-06-01,2020,6,petroleo,cuenca,CUYANA,promedio_diario,2826.57,Producción de petróleo promedio diaria por cuenca
2020-06,2020-06-01,2020,6,petroleo,cuenca,GOLFO SAN JORGE,promedio_diario,33185.4687,Producción de petróleo promedio diaria por cuenca
2020-06,2020-06-01,2020,6,petroleo,cuenca,MALVINAS,promedio_diario,0.0,Producción de petróleo promedio diaria por cuenca
2020-06,2020-06-01,2020,6,petroleo,cuenca,MALVINAS OESTE,promedio_diario,0.0,Producción de petróleo promedio diaria por cuenca
2020-06,2020-06-01,2020,6,petroleo,cuenca,NEUQUINA,promedio_diario,36017.983845324,Producción de petróleo promedio diaria por cuenca
2020-06,2020-06-01,2020,6,petroleo,cuenca,NORESTE,promedio_diario,0.0,Producción de petróleo promedio diaria por cuenca
2020-06,2020-06-01,2020,6,petroleo,cuenca,NOROESTE,promedio_diario,715.068118333333,Producción de petróleo promedio diaria por cuenca
2020-06,2020-06-01,2020,6,petroleo,cuenca,ÑIRIHUAU,promedio_diario,0.0,Producción de petróleo promedio diaria por cuenca
2020-07,2020-07-01,2020,7,petroleo,cuenca,ARGENTINA NORTE,promedio_diario,0.0,Producción de petróleo promedio diaria por cuenca
2020-07,2020-07-01,2020,7,petroleo,cuenca,AUSTRAL,promedio_diario,2325.76794148387,Producción de petróleo promedio diaria por cuenca
2020-07,2020-07-01,2020,7,petroleo,cuenca,CAÑADON ASFALTO,promedio_diario,0.0,Producción de petróleo promedio diaria por cuenca
2020-07,2020-07-01,2020,7,petroleo,cuenca,CUYANA,promedio_diario,3014.10229032258,Producción de petróleo promedio diaria por cuenca
2020-07,2020-07-01,2020,7,petroleo,cuenca,GOLFO SAN JORGE,promedio_diario,32271.8700645161,Producción de petróleo promedio diaria por cuenca
2020-07,2020-07-01,2020,7,petroleo,cuenca,MALVINAS,promedio_diario,0.0,Producción de petróleo promedio diaria por cuenca
2020-07,2020-07-01,2020,7,petroleo,cuenca,MALVINAS OESTE,promedio_diario,0.0,Producción de petróleo promedio diaria por cuenca
2020-07,2020-07-01,2020,7,petroleo,cuenca,NEUQUINA,promedio_diario,36286.0534068016,Producción de petróleo promedio diaria por cuenca
2020-07,2020-07-01,2020,7,petroleo,cuenca,NORESTE,promedio_diario,0.0,Producción de petróleo promedio diaria por cuenca
2020-07,2020-07-01,2020,7,petroleo,cuenca,NOROESTE,promedio_diario,745.706528258065,Producción de petróleo promedio diaria por cuenca
2020-07,2020-07-01,2020,7,petroleo,cuenca,ÑIRIHUAU,promedio_diario,0.0,Producción de petróleo promedio diaria por cuenca
2020-08,2020-08-01,2020,8,petroleo,cuenca,ARGENTINA NORTE,promedio_diario,0.0,Producción de petróleo promedio diaria por cuenca
2020-08,2020-08-01,2020,8,petroleo,cuenca,AUSTRAL,promedio_diario,2277.29581241935,Producción de petróleo promedio diaria por cuenca
2020-08,2020-08-01,2020,8,petroleo,cuenca,CAÑADON ASFALTO,promedio_diario,0.0,Producción de petróleo promedio diaria por cuenca
2020-08,2020-08-01,2020,8,petroleo,cuenca,CUYANA,promedio_diario,3337.16970967742,Producción de petróleo promedio diaria por cuenca
2020-08,2020-08-01,2020,8,petroleo,cuenca,GOLFO SAN JORGE,promedio_diario,32062.8997096774,Producción de petróleo promedio diaria por cuenca
2020-08,2020-08-01,2020,8,petroleo,cuenca,MALVINAS,promedio_diario,0.0,Producción de petróleo promedio diaria por cuenca
2020-08,2020-08-01,2020,8,petroleo,cuenca,MALVINAS OESTE,promedio_diario,0.0,Producción de petróleo promedio diaria por cuenca
2020-08,2020-08-01,2020,8,petroleo,cuenca,NEUQUINA,promedio_diario,36682.4037894374,Producción de petróleo promedio diaria por cuenca
2020-08,2020-08-01,2020,8,petroleo,cuenca,NORESTE,promedio_diario,0.0,Producción de petróleo promedio diaria por cuenca
2020-08,2020-08-01,2020,8,petroleo,cuenca,NOROESTE,promedio_diario,803.950052225806,Producción de petróleo promedio diaria por cuenca
2020-08,2020-08-01,2020,8,petroleo,cuenca,ÑIRIHUAU,promedio_diario,0.0,Producción de petróleo promedio diaria por cuenca
2020-09,2020-09-01,2020,9,petroleo,cuenca,ARGENTINA NORTE,promedio_diario,0.0,Producción de petróleo promedio diaria por cuenca
2020-09,2020-09-01,2020,9,petroleo,cuenca,AUSTRAL,promedio_diario,2663.54033836667,Producción de petróleo promedio diaria por cuenca
2020-09,2020-09-01,2020,9,petroleo,cuenca,CAÑADON ASFALTO,promedio_diario,0.0,Producción de petróleo promedio diaria por cuenca
2020-09,2020-09-01,2020,9,petroleo,cuenca,CUYANA,promedio_diario,3249.22943333333,Producción de petróleo promedio diaria por cuenca
2020-09,2020-09-01,2020,9,petroleo,cuenca,GOLFO SAN JORGE,promedio_diario,32730.3320666667,Producción de petróleo promedio diaria por cuenca
2020-09,2020-09-01,2020,9,petroleo,cuenca,MALVINAS,promedio_diario,0.0,Producción de petróleo promedio diaria por cuenca
2020-09,2020-09-01,2020,9,petroleo,cuenca,MALVINAS OESTE,promedio_diario,0.0,Producción de petróleo promedio diaria por cuenca
2020-09,2020-09-01,2020,9,petroleo,cuenca,NEUQUINA,promedio_diario,35355.924788015,Producción de petróleo promedio diaria por cuenca
2020-09,2020-09-01,2020,9,petroleo,cuenca,NORESTE,promedio_diario,0.0,Producción de petróleo promedio diaria por cuenca
2020-09,2020-09-01,2020,9,petroleo,cuenca,NOROESTE,promedio_diario,834.5506189,Producción de petróleo promedio diaria por cuenca
2020-09,2020-09-01,2020,9,petroleo,cuenca,ÑIRIHUAU,promedio_diario,0.0,Producción de petróleo promedio diaria por cuenca
2020-10,2020-10-01,2020,10,petroleo,cuenca,ARGENTINA NORTE,promedio_diario,0.0,Producción de petróleo promedio diaria por cuenca
2020-10,2020-10-01,2020,10,petroleo,cuenca,AUSTRAL,promedio_diario,2757.85306235484,Producción de petróleo promedio diaria por cuenca
2020-10,2020-10-01,2020,10,petroleo,cuenca,CAÑADON ASFALTO,promedio_diario,0.0,Producción de petróleo promedio diaria por cuenca
2020-10,2020-10-01,2020,10,petroleo,cuenca,CUYANA,promedio_diario,3208.39622580645,Producción de petróleo promedio diaria por cuenca
2020-10,2020-10-01,2020,10,petroleo,cuenca,GOLFO SAN JORGE,promedio_diario,32942.1493225806,Producción de petróleo promedio diaria por cuenca
2020-10,2020-10-01,2020,10,petroleo,cuenca,MALVINAS,promedio_diario,0.0,Producción de petróleo promedio diaria por cuenca
2020-10,2020-10-01,2020,10,petroleo,cuenca,MALVINAS OESTE,promedio_diario,0.0,Producción de petróleo promedio diaria por cuenca
2020-10,2020-10-01,2020,10,petroleo,cuenca,NEUQUINA,promedio_diario,35663.5270131732,Producción de petróleo promedio diaria por cuenca
2020-10,2020-10-01,2020,10,petroleo,cuenca,NORESTE,promedio_diario,0.0,Producción de petróleo promedio diaria por cuenca
2020-10,2020-10-01,2020,10,petroleo,cuenca,NOROESTE,promedio_diario,856.096626193548,Producción de petróleo promedio diaria por cuenca
2020-10,2020-10-01,2020,10,petroleo,cuenca,ÑIRIHUAU,promedio_diario,0.0,Producción de petróleo promedio diaria por cuenca
2020-11,2020-11-01,2020,11,petroleo,cuenca,ARGENTINA NORTE,promedio_diario,0.0,Producción de petróleo promedio diaria por cuenca
2020-11,2020-11-01,2020,11,petroleo,cuenca,AUSTRAL,promedio_diario,2616.29717536667,Producción de petróleo promedio diaria por cuenca
2020-11,2020-11-01,2020,11,petroleo,cuenca,CAÑADON ASFALTO,promedio_diario,0.0,Producción de petróleo promedio diaria por cuenca
2020-11,2020-11-01,2020,11,petroleo,cuenca,CUYANA,promedio_diario,3192.5324,Producción de petróleo promedio diaria por cuenca
2020-11,2020-11-01,2020,11,petroleo,cuenca,GOLFO SAN JORGE,promedio_diario,32745.0961666667,Producción de petróleo promedio diaria por cuenca
2020-11,2020-11-01,2020,11,petroleo,cuenca,MALVINAS,promedio_diario,0.0,Producción de petróleo promedio diaria por cuenca
2020-11,2020-11-01,2020,11,petroleo,cuenca,MALVINAS OESTE,promedio_diario,0.0,Producción de petróleo promedio diaria por cuenca
2020-11,2020-11-01,2020,11,petroleo,cuenca,NEUQUINA,promedio_diario,36007.403135325,Producción de petróleo promedio diaria por cuenca
2020-11,2020-11-01,2020,11,petroleo,cuenca,NORESTE,promedio_diario,0.0,Producción de petróleo promedio diaria por cuenca
2020-11,2020-11-01,2020,11,petroleo,cuenca,NOROESTE,promedio_diario,797.981773813887,Producción de petróleo promedio diaria por cuenca
2020-11,2020-11-01,2020,11,petroleo,cuenca,ÑIRIHUAU,promedio_diario,0.0,Producción de petróleo promedio diaria por cuenca
2020-12,2020-12-01,2020,12,petroleo,cuenca,ARGENTINA NORTE,promedio_diario,0.0,Producción de petróleo promedio diaria por cuenca
2020-12,2020-12-01,2020,12,petroleo,cuenca,AUSTRAL,promedio_diario,2677.82900393548,Producción de petróleo promedio diaria por cuenca
2020-12,2020-12-01,2020,12,petroleo,cuenca,CAÑADON ASFALTO,promedio_diario,0.0,Producción de petróleo promedio diaria por cuenca
2020-12,2020-12-01,2020,12,petroleo,cuenca,CUYANA,promedio_diario,3145.26219354839,Producción de petróleo promedio diaria por cuenca
2020-12,2020-12-01,2020,12,petroleo,cuenca,GOLFO SAN JORGE,promedio_diario,33141.1351290323,Producción de petróleo promedio diaria por cuenca
2020-12,2020-12-01,2020,12,petroleo,cuenca,MALVINAS,promedio_diario,0.0,Producción de petróleo promedio diaria por cuenca
2020-12,2020-12-01,2020,12,petroleo,cuenca,MALVINAS OESTE,promedio_diario,0.0,Producción de petróleo promedio diaria por cuenca
2020-12,2020-12-01,2020,12,petroleo,cuenca,NEUQUINA,promedio_diario,36527.8834443813,Producción de petróleo promedio diaria por cuenca
2020-12,2020-12-01,2020,12,petroleo,cuenca,NORESTE,promedio_diario,0.0,Producción de petróleo promedio diaria por cuenca
2020-12,2020-12-01,2020,12,petroleo,cuenca,NOROESTE,promedio_diario,786.198093548387,Producción de petróleo promedio diaria por cuenca
2020-12,2020-12-01,2020,12,petroleo,cuenca,ÑIRIHUAU,promedio_diario,0.0,Producción de petróleo promedio diaria por cuenca
2021-01,2021-01-01,2021,1,petroleo,cuenca,ARGENTINA NORTE,promedio_diario,0.0,Producción de petróleo promedio diaria por cuenca
2021-01,2021-01-01,2021,1,petroleo,cuenca,AUSTRAL,promedio_diario,2610.68728219355,Producción de petróleo promedio diaria por cuenca
2021-01,2021-01-01,2021,1,petroleo,cuenca,CAÑADON ASFALTO,promedio_diario,0.0,Producción de petróleo promedio diaria por cuenca
2021-01,2021-01-01,2021,1,petroleo,cuenca,CUYANA,promedio_diario,3113.32970967742,Producción de petróleo promedio diaria por cuenca
2021-01,2021-01-01,2021,1,petroleo,cuenca,GOLFO SAN JORGE,promedio_diario,33063.2474516129,Producción de petróleo promedio diaria por cuenca
2021-01,2021-01-01,2021,1,petroleo,cuenca,MALVINAS OESTE,promedio_diario,0.0,Producción de petróleo promedio diaria por cuenca
2021-01,2021-01-01,2021,1,petroleo,cuenca,NEUQUINA,promedio_diario,38037.3996765829,Producción de petróleo promedio diaria por cuenca
2021-01,2021-01-01,2021,1,petroleo,cuenca,NORESTE,promedio_diario,0.0,Producción de petróleo promedio diaria por cuenca
2021-01,2021-01-01,2021,1,petroleo,cuenca,NOROESTE,promedio_diario,664.113419354839,Producción de petróleo promedio diaria por cuenca
2021-01,2021-01-01,2021,1,petroleo,cuenca,ÑIRIHUAU,promedio_diario,0.0,Producción de petróleo promedio diaria por cuenca
2021-02,2021-02-01,2021,2,petroleo,cuenca,ARGENTINA NORTE,promedio_diario,0.0,Producción de petróleo promedio diaria por cuenca
2021-02,2021-02-01,2021,2,petroleo,cuenca,AUSTRAL,promedio_diario,2623.55246096429,Producción de petróleo promedio diaria por cuenca
2021-02,2021-02-01,2021,2,petroleo,cuenca,CAÑADON ASFALTO,promedio_diario,0.0,Producción de petróleo promedio diaria por cuenca
2021-02,2021-02-01,2021,2,petroleo,cuenca,CUYANA,promedio_diario,2956.98646428571,Producción de petróleo promedio diaria por cuenca
2021-02,2021-02-01,2021,2,petroleo,cuenca,GOLFO SAN JORGE,promedio_diario,33019.0676785714,Producción de petróleo promedio diaria por cuenca
2021-02,2021-02-01,2021,2,petroleo,cuenca,MALVINAS OESTE,promedio_diario,0.0,Producción de petróleo promedio diaria por cuenca
2021-02,2021-02-01,2021,2,petroleo,cuenca,NEUQUINA,promedio_diario,38999.3611194611,Producción de petróleo promedio diaria por cuenca
2021-02,2021-02-01,2021,2,petroleo,cuenca,NORESTE,promedio_diario,0.0,Producción de petróleo promedio diaria por cuenca
2021-02,2021-02-01,2021,2,petroleo,cuenca,NOROESTE,promedio_diario,727.772678571429,Producción de petróleo promedio diaria por cuenca
2021-02,2021-02-01,2021,2,petroleo,cuenca,ÑIRIHUAU,promedio_diario,0.0,Producción de petróleo promedio diaria por cuenca
2021-03,2021-03-01,2021,3,petroleo,cuenca,ARGENTINA NORTE,promedio_diario,0.0,Producción de petróleo promedio diaria por cuenca
2021-03,2021-03-01,2021,3,petroleo,cuenca,AUSTRAL,promedio_diario,2547.90087896774,Producción de petróleo promedio diaria por cuenca
2021-03,2021-03-01,2021,3,petroleo,cuenca,CAÑADON ASFALTO,promedio_diario,0.0,Producción de petróleo promedio diaria por cuenca
2021-03,2021-03-01,2021,3,petroleo,cuenca,CUYANA,promedio_diario,2993.1184516129,Producción de petróleo promedio diaria por cuenca
2021-03,2021-03-01,2021,3,petroleo,cuenca,GOLFO SAN JORGE,promedio_diario,32545.8505483871,Producción de petróleo promedio diaria por cuenca
2021-03,2021-03-01,2021,3,petroleo,cuenca,MALVINAS OESTE,promedio_diario,0.0,Producción de petróleo promedio diaria por cuenca
2021-03,2021-03-01,2021,3,petroleo,cuenca,NEUQUINA,promedio_diario,40249.0671941168,Producción de petróleo promedio diaria por cuenca
2021-03,2021-03-01,2021,3,petroleo,cuenca,NORESTE,promedio_diario,0.0,Producción de petróleo promedio diaria por cuenca
2021-03,2021-03-01,2021,3,petroleo,cuenca,NOROESTE,promedio_diario,745.009516129032,Producción de petróleo promedio diaria por cuenca
2021-03,2021-03-01,2021,3,petroleo,cuenca,ÑIRIHUAU,promedio_diario,0.0,Producción de petróleo promedio diaria por cuenca
2021-04,2021-04-01,2021,4,petroleo,cuenca,ARGENTINA NORTE,promedio_diario,0.0,Producción de petróleo promedio diaria por cuenca
2021-04,2021-04-01,2021,4,petroleo,cuenca,AUSTRAL,promedio_diario,2660.22002046667,Producción de petróleo promedio diaria por cuenca
2021-04,2021-04-01,2021,4,petroleo,cuenca,CAÑADON ASFALTO,promedio_diario,0.0,Producción de petróleo promedio diaria por cuenca
2021-04,2021-04-01,2021,4,petroleo,cuenca,CUYANA,promedio_diario,3133.1029,Producción de petróleo promedio diaria por cuenca
2021-04,2021-04-01,2021,4,petroleo,cuenca,GOLFO SAN JORGE,promedio_diario,32789.0873,Producción de petróleo promedio diaria por cuenca
2021-04,2021-04-01,2021,4,petroleo,cuenca,MALVINAS OESTE,promedio_diario,0.0,Producción de petróleo promedio diaria por cuenca
2021-04,2021-04-01,2021,4,petroleo,cuenca,NEUQUINA,promedio_diario,40629.7697716497,Producción de petróleo promedio diaria por cuenca
2021-04,2021-04-01,2021,4,petroleo,cuenca,NORESTE,promedio_diario,0.0,Producción de petróleo promedio diaria por cuenca
2021-04,2021-04-01,2021,4,petroleo,cuenca,NOROESTE,promedio_diario,763.5438,Producción de petróleo promedio diaria por cuenca
2021-04,2021-04-01,2021,4,petroleo,cuenca,ÑIRIHUAU,promedio_diario,0.0,Producción de petróleo promedio diaria por cuenca
2021-05,2021-05-01,2021,5,petroleo,cuenca,ARGENTINA NORTE,promedio_diario,0.0,Producción de petróleo promedio diaria por cuenca
2021-05,2021-05-01,2021,5,petroleo,cuenca,AUSTRAL,promedio_diario,2582.95900906452,Producción de petróleo promedio diaria por cuenca
2021-05,2021-05-01,2021,5,petroleo,cuenca,CAÑADON ASFALTO,promedio_diario,0.0,Producción de petróleo promedio diaria por cuenca
2021-05,2021-05-01,2021,5,petroleo,cuenca,CUYANA,promedio_diario,3161.00690322581,Producción de petróleo promedio diaria por cuenca
2021-05,2021-05-01,2021,5,petroleo,cuenca,GOLFO SAN JORGE,promedio_diario,32943.3059129032,Producción de petróleo promedio diaria por cuenca
2021-05,2021-05-01,2021,5,petroleo,cuenca,MALVINAS OESTE,promedio_diario,0.0,Producción de petróleo promedio diaria por cuenca
2021-05,2021-05-01,2021,5,petroleo,cuenca,NEUQUINA,promedio_diario,40803.96226455,Producción de petróleo promedio diaria por cuenca
2021-05,2021-05-01,2021,5,petroleo,cuenca,NORESTE,promedio_diario,0.0,Producción de petróleo promedio diaria por cuenca
2021-05,2021-05-01,2021,5,petroleo,cuenca,NOROESTE,promedio_diario,702.756251269623,Producción de petróleo promedio diaria por cuenca
2021-05,2021-05-01,2021,5,petroleo,cuenca,ÑIRIHUAU,promedio_diario,0.0,Producción de petróleo promedio diaria por cuenca
2021-06,2021-06-01,2021,6,petroleo,cuenca,ARGENTINA NORTE,promedio_diario,0.0,Producción de petróleo promedio diaria por cuenca
2021-06,2021-06-01,2021,6,petroleo,cuenca,AUSTRAL,promedio_diario,2501.39835626667,Producción de petróleo promedio diaria por cuenca
2021-06,2021-06-01,2021,6,petroleo,cuenca,CAÑADON ASFALTO,promedio_diario,0.0,Producción de petróleo promedio diaria por cuenca
2021-06,2021-06-01,2021,6,petroleo,cuenca,CUYANA,promedio_diario,3039.96,Producción de petróleo promedio diaria por cuenca
2021-06,2021-06-01,2021,6,petroleo,cuenca,GOLFO SAN JORGE,promedio_diario,32497.941,Producción de petróleo promedio diaria por cuenca
2021-06,2021-06-01,2021,6,petroleo,cuenca,MALVINAS OESTE,promedio_diario,0.0,Producción de petróleo promedio diaria por cuenca
2021-06,2021-06-01,2021,6,petroleo,cuenca,NEUQUINA,promedio_diario,41207.3441575763,Producción de petróleo promedio diaria por cuenca
2021-06,2021-06-01,2021,6,petroleo,cuenca,NORESTE,promedio_diario,0.0,Producción de petróleo promedio diaria por cuenca
2021-06,2021-06-01,2021,6,petroleo,cuenca,NOROESTE,promedio_diario,660.13456548882,Producción de petróleo promedio diaria por cuenca
2021-06,2021-06-01,2021,6,petroleo,cuenca,ÑIRIHUAU,promedio_diario,0.0,Producción de petróleo promedio diaria por cuenca
2021-07,2021-07-01,2021,7,petroleo,cuenca,ARGENTINA NORTE,promedio_diario,0.0,Producción de petróleo promedio diaria por cuenca
2021-07,2021-07-01,2021,7,petroleo,cuenca,AUSTRAL,promedio_diario,2501.18804522581,Producción de petróleo promedio diaria por cuenca
2021-07,2021-07-01,2021,7,petroleo,cuenca,CAÑADON ASFALTO,promedio_diario,0.0,Producción de petróleo promedio diaria por cuenca
2021-07,2021-07-01,2021,7,petroleo,cuenca,CUYANA,promedio_diario,3091.51422580645,Producción de petróleo promedio diaria por cuenca
2021-07,2021-07-01,2021,7,petroleo,cuenca,GOLFO SAN JORGE,promedio_diario,32145.4116806452,Producción de petróleo promedio diaria por cuenca
2021-07,2021-07-01,2021,7,petroleo,cuenca,MALVINAS OESTE,promedio_diario,0.0,Producción de petróleo promedio diaria por cuenca
2021-07,2021-07-01,2021,7,petroleo,cuenca,NEUQUINA,promedio_diario,42984.2318251165,Producción de petróleo promedio diaria por cuenca
2021-07,2021-07-01,2021,7,petroleo,cuenca,NORESTE,promedio_diario,0.0,Producción de petróleo promedio diaria por cuenca
2021-07,2021-07-01,2021,7,petroleo,cuenca,NOROESTE,promedio_diario,666.866193548387,Producción de petróleo promedio diaria por cuenca
2021-07,2021-07-01,2021,7,petroleo,cuenca,ÑIRIHUAU,promedio_diario,0.0,Producción de petróleo promedio diaria por cuenca
2021-08,2021-08-01,2021,8,petroleo,cuenca,ARGENTINA NORTE,promedio_diario,0.0,Producción de petróleo promedio diaria por cuenca
2021-08,2021-08-01,2021,8,petroleo,cuenca,AUSTRAL,promedio_diario,2458.12659751613,Producción de petróleo promedio diaria por cuenca
2021-08,2021-08-01,2021,8,petroleo,cuenca,CAÑADON ASFALTO,promedio_diario,0.0,Producción de petróleo promedio diaria por cuenca
2021-08,2021-08-01,2021,8,petroleo,cuenca,CUYANA,promedio_diario,3136.36329032258,Producción de petróleo promedio diaria por cuenca
2021-08,2021-08-01,2021,8,petroleo,cuenca,GOLFO SAN JORGE,promedio_diario,32342.1340322581,Producción de petróleo promedio diaria por cuenca
2021-08,2021-08-01,2021,8,petroleo,cuenca,MALVINAS OESTE,promedio_diario,0.0,Producción de petróleo promedio diaria por cuenca
2021-08,2021-08-01,2021,8,petroleo,cuenca,NEUQUINA,promedio_diario,42261.1871600429,Producción de petróleo promedio diaria por cuenca
2021-08,2021-08-01,2021,8,petroleo,cuenca,NORESTE,promedio_diario,0.0,Producción de petróleo promedio diaria por cuenca
2021-08,2021-08-01,2021,8,petroleo,cuenca,NOROESTE,promedio_diario,688.130612903226,Producción de petróleo promedio diaria por cuenca
2021-08,2021-08-01,2021,8,petroleo,cuenca,ÑIRIHUAU,promedio_diario,0.0,Producción de petróleo promedio diaria por cuenca
2021-09,2021-09-01,2021,9,petroleo,cuenca,ARGENTINA NORTE,promedio_diario,0.0,Producción de petróleo promedio diaria por cuenca
2021-09,2021-09-01,2021,9,petroleo,cuenca,AUSTRAL,promedio_diario,2405.22773116667,Producción de petróleo promedio diaria por cuenca
2021-09,2021-09-01,2021,9,petroleo,cuenca,CAÑADON ASFALTO,promedio_diario,0.0,Producción de petróleo promedio diaria por cuenca
2021-09,2021-09-01,2021,9,petroleo,cuenca,CUYANA,promedio_diario,3036.38703333333,Producción de petróleo promedio diaria por cuenca
2021-09,2021-09-01,2021,9,petroleo,cuenca,GOLFO SAN JORGE,promedio_diario,32697.06564,Producción de petróleo promedio diaria por cuenca
2021-09,2021-09-01,2021,9,petroleo,cuenca,MALVINAS OESTE,promedio_diario,0.0,Producción de petróleo promedio diaria por cuenca
2021-09,2021-09-01,2021,9,petroleo,cuenca,NEUQUINA,promedio_diario,44388.3294974547,Producción de petróleo promedio diaria por cuenca
2021-09,2021-09-01,2021,9,petroleo,cuenca,NORESTE,promedio_diario,0.0,Producción de petróleo promedio diaria por cuenca
2021-09,2021-09-01,2021,9,petroleo,cuenca,NOROESTE,promedio_diario,694.738966666667,Producción de petróleo promedio diaria por cuenca
2021-09,2021-09-01,2021,9,petroleo,cuenca,ÑIRIHUAU,promedio_diario,0.0,Producción de petróleo promedio diaria por cuenca
2021-10,2021-10-01,2021,10,petroleo,cuenca,ARGENTINA NORTE,promedio_diario,0.0,Producción de petróleo promedio diaria por cuenca
2021-10,2021-10-01,2021,10,petroleo,cuenca,AUSTRAL,promedio_diario,2297.87331712903,Producción de petróleo promedio diaria por cuenca
2021-10,2021-10-01,2021,10,petroleo,cuenca,CAÑADON ASFALTO,promedio_diario,0.0,Producción de petróleo promedio diaria por cuenca
2021-10,2021-10-01,2021,10,petroleo,cuenca,CUYANA,promedio_diario,3015.84980645161,Producción de petróleo promedio diaria por cuenca
2021-10,2021-10-01,2021,10,petroleo,cuenca,GOLFO SAN JORGE,promedio_diario,31763.8397193548,Producción de petróleo promedio diaria por cuenca
2021-10,2021-10-01,2021,10,petroleo,cuenca,MALVINAS OESTE,promedio_diario,0.0,Producción de petróleo promedio diaria por cuenca
2021-10,2021-10-01,2021,10,petroleo,cuenca,NEUQUINA,promedio_diario,46975.440602311,Producción de petróleo promedio diaria por cuenca
2021-10,2021-10-01,2021,10,petroleo,cuenca,NORESTE,promedio_diario,0.0,Producción de petróleo promedio diaria por cuenca
2021-10,2021-10-01,2021,10,petroleo,cuenca,NOROESTE,promedio_diario,693.450936356774,Producción de petróleo promedio diaria por cuenca
2021-10,2021-10-01,2021,10,petroleo,cuenca,ÑIRIHUAU,promedio_diario,0.0,Producción de petróleo promedio diaria por cuenca
2021-11,2021-11-01,2021,11,petroleo,cuenca,ARGENTINA NORTE,promedio_diario,0.0,Producción de petróleo promedio diaria por cuenca
2021-11,2021-11-01,2021,11,petroleo,cuenca,AUSTRAL,promedio_diario,2263.0099139,Producción de petróleo promedio diaria por cuenca
2021-11,2021-11-01,2021,11,petroleo,cuenca,CAÑADON ASFALTO,promedio_diario,0.0,Producción de petróleo promedio diaria por cuenca
2021-11,2021-11-01,2021,11,petroleo,cuenca,CUYANA,promedio_diario,3021.20916666667,Producción de petróleo promedio diaria por cuenca
2021-11,2021-11-01,2021,11,petroleo,cuenca,GOLFO SAN JORGE,promedio_diario,32691.8536,Producción de petróleo promedio diaria por cuenca
2021-11,2021-11-01,2021,11,petroleo,cuenca,MALVINAS OESTE,promedio_diario,0.0,Producción de petróleo promedio diaria por cuenca
2021-11,2021-11-01,2021,11,petroleo,cuenca,NEUQUINA,promedio_diario,48346.8516846429,Producción de petróleo promedio diaria por cuenca
2021-11,2021-11-01,2021,11,petroleo,cuenca,NORESTE,promedio_diario,0.0,Producción de petróleo promedio diaria por cuenca
2021-11,2021-11-01,2021,11,petroleo,cuenca,NOROESTE,promedio_diario,697.41071756622,Producción de petróleo promedio diaria por cuenca
2021-11,2021-11-01,2021,11,petroleo,cuenca,ÑIRIHUAU,promedio_diario,0.0,Producción de petróleo promedio diaria por cuenca
2021-12,2021-12-01,2021,12,petroleo,cuenca,ARGENTINA NORTE,promedio_diario,0.0,Producción de petróleo promedio diaria por cuenca
2021-12,2021-12-01,2021,12,petroleo,cuenca,AUSTRAL,promedio_diario,2083.77368425806,Producción de petróleo promedio diaria por cuenca
2021-12,2021-12-01,2021,12,petroleo,cuenca,CAÑADON ASFALTO,promedio_diario,0.0,Producción de petróleo promedio diaria por cuenca
2021-12,2021-12-01,2021,12,petroleo,cuenca,CUYANA,promedio_diario,3000.00006451613,Producción de petróleo promedio diaria por cuenca
2021-12,2021-12-01,2021,12,petroleo,cuenca,GOLFO SAN JORGE,promedio_diario,32190.0460645161,Producción de petróleo promedio diaria por cuenca
2021-12,2021-12-01,2021,12,petroleo,cuenca,MALVINAS OESTE,promedio_diario,0.0,Producción de petróleo promedio diaria por cuenca
2021-12,2021-12-01,2021,12,petroleo,cuenca,NEUQUINA,promedio_diario,49405.4147892132,Producción de petróleo promedio diaria por cuenca
2021-12,2021-12-01,2021,12,petroleo,cuenca,NORESTE,promedio_diario,0.0,Producción de petróleo promedio diaria por cuenca
2021-12,2021-12-01,2021,12,petroleo,cuenca,NOROESTE,promedio_diario,674.248596304439,Producción de petróleo promedio diaria por cuenca
2021-12,2021-12-01,2021,12,petroleo,cuenca,ÑIRIHUAU,promedio_diario,0.0,Producción de petróleo promedio diaria por cuenca
2022-01,2022-01-01,2022,1,petroleo,cuenca,ARGENTINA NORTE,promedio_diario,0.0,Producción de petróleo promedio diaria por cuenca
2022-01,2022-01-01,2022,1,petroleo,cuenca,AUSTRAL,promedio_diario,2129.48065132258,Producción de petróleo promedio diaria por cuenca
2022-01,2022-01-01,2022,1,petroleo,cuenca,CAÑADON ASFALTO,promedio_diario,0.0,Producción de petróleo promedio diaria por cuenca
2022-01,2022-01-01,2022,1,petroleo,cuenca,CUYANA,promedio_diario,3023.12674193548,Producción de petróleo promedio diaria por cuenca
2022-01,2022-01-01,2022,1,petroleo,cuenca,GOLFO SAN JORGE,promedio_diario,32086.294516129,Producción de petróleo promedio diaria por cuenca
2022-01,2022-01-01,2022,1,petroleo,cuenca,MALVINAS OESTE,promedio_diario,0.0,Producción de petróleo promedio diaria por cuenca
2022-01,2022-01-01,2022,1,petroleo,cuenca,NEUQUINA,promedio_diario,51117.2779534229,Producción de petróleo promedio diaria por cuenca
2022-01,2022-01-01,2022,1,petroleo,cuenca,NORESTE,promedio_diario,0.0,Producción de petróleo promedio diaria por cuenca
2022-01,2022-01-01,2022,1,petroleo,cuenca,NOROESTE,promedio_diario,660.386288180913,Producción de petróleo promedio diaria por cuenca
2022-01,2022-01-01,2022,1,petroleo,cuenca,ÑIRIHUAU,promedio_diario,0.0,Producción de petróleo promedio diaria por cuenca
2022-02,2022-02-01,2022,2,petroleo,cuenca,ARGENTINA NORTE,promedio_diario,0.0,Producción de petróleo promedio diaria por cuenca
2022-02,2022-02-01,2022,2,petroleo,cuenca,AUSTRAL,promedio_diario,2092.17703717857,Producción de petróleo promedio diaria por cuenca
2022-02,2022-02-01,2022,2,petroleo,cuenca,CAÑADON ASFALTO,promedio_diario,0.0,Producción de petróleo promedio diaria por cuenca
2022-02,2022-02-01,2022,2,petroleo,cuenca,CUYANA,promedio_diario,3005.25471428571,Producción de petróleo promedio diaria por cuenca
2022-02,2022-02-01,2022,2,petroleo,cuenca,GOLFO SAN JORGE,promedio_diario,32436.7710285714,Producción de petróleo promedio diaria por cuenca
2022-02,2022-02-01,2022,2,petroleo,cuenca,MALVINAS OESTE,promedio_diario,0.0,Producción de petróleo promedio diaria por cuenca
2022-02,2022-02-01,2022,2,petroleo,cuenca,NEUQUINA,promedio_diario,50733.1920956222,Producción de petróleo promedio diaria por cuenca
2022-02,2022-02-01,2022,2,petroleo,cuenca,NORESTE,promedio_diario,0.0,Producción de petróleo promedio diaria por cuenca
2022-02,2022-02-01,2022,2,petroleo,cuenca,NOROESTE,promedio_diario,688.419415371011,Producción de petróleo promedio diaria por cuenca
2022-02,2022-02-01,2022,2,petroleo,cuenca,ÑIRIHUAU,promedio_diario,0.0,Producción de petróleo promedio diaria por cuenca
2022-03,2022-03-01,2022,3,petroleo,cuenca,ARGENTINA NORTE,promedio_diario,0.0,Producción de petróleo promedio diaria por cuenca
2022-03,2022-03-01,2022,3,petroleo,cuenca,AUSTRAL,promedio_diario,1893.28453245161,Producción de petróleo promedio diaria por cuenca
2022-03,2022-03-01,2022,3,petroleo,cuenca,CAÑADON ASFALTO,promedio_diario,0.0,Producción de petróleo promedio diaria por cuenca
2022-03,2022-03-01,2022,3,petroleo,cuenca,CUYANA,promedio_diario,3017.98164516129,Producción de petróleo promedio diaria por cuenca
2022-03,2022-03-01,2022,3,petroleo,cuenca,GOLFO SAN JORGE,promedio_diario,32209.8713612903,Producción de petróleo promedio diaria por cuenca
2022-03,2022-03-01,2022,3,petroleo,cuenca,MALVINAS OESTE,promedio_diario,0.0,Producción de petróleo promedio diaria por cuenca
2022-03,2022-03-01,2022,3,petroleo,cuenca,NEUQUINA,promedio_diario,51635.7108523271,Producción de petróleo promedio diaria por cuenca
2022-03,2022-03-01,2022,3,petroleo,cuenca,NORESTE,promedio_diario,0.0,Producción de petróleo promedio diaria por cuenca
2022-03,2022-03-01,2022,3,petroleo,cuenca,NOROESTE,promedio_diario,712.279627184677,Producción de petróleo promedio diaria por cuenca
2022-03,2022-03-01,2022,3,petroleo,cuenca,ÑIRIHUAU,promedio_diario,0.0,Producción de petróleo promedio diaria por cuenca
2022-04,2022-04-01,2022,4,petroleo,cuenca,ARGENTINA NORTE,promedio_diario,0.0,Producción de petróleo promedio diaria por cuenca
2022-04,2022-04-01,2022,4,petroleo,cuenca,AUSTRAL,promedio_diario,2095.2698423,Producción de petróleo promedio diaria por cuenca
2022-04,2022-04-01,2022,4,petroleo,cuenca,CAÑADON ASFALTO,promedio_diario,0.0,Producción de petróleo promedio diaria por cuenca
2022-04,2022-04-01,2022,4,petroleo,cuenca,CUYANA,promedio_diario,2977.49133333333,Producción de petróleo promedio diaria por cuenca
2022-04,2022-04-01,2022,4,petroleo,cuenca,GOLFO SAN JORGE,promedio_diario,32177.1545233333,Producción de petróleo promedio diaria por cuenca
2022-04,2022-04-01,2022,4,petroleo,cuenca,MALVINAS OESTE,promedio_diario,0.0,Producción de petróleo promedio diaria por cuenca
2022-04,2022-04-01,2022,4,petroleo,cuenca,NEUQUINA,promedio_diario,52545.8304979508,Producción de petróleo promedio diaria por cuenca
2022-04,2022-04-01,2022,4,petroleo,cuenca,NORESTE,promedio_diario,0.0,Producción de petróleo promedio diaria por cuenca
2022-04,2022-04-01,2022,4,petroleo,cuenca,NOROESTE,promedio_diario,702.838442050583,Producción de petróleo promedio diaria por cuenca
2022-04,2022-04-01,2022,4,petroleo,cuenca,ÑIRIHUAU,promedio_diario,0.0,Producción de petróleo promedio diaria por cuenca
2022-05,2022-05-01,2022,5,petroleo,cuenca,ARGENTINA NORTE,promedio_diario,0.0,Producción de petróleo promedio diaria por cuenca
2022-05,2022-05-01,2022,5,petroleo,cuenca,AUSTRAL,promedio_diario,2300.622035,Producción de petróleo promedio diaria por cuenca
2022-05,2022-05-01,2022,5,petroleo,cuenca,CAÑADON ASFALTO,promedio_diario,0.0,Producción de petróleo promedio diaria por cuenca
2022-05,2022-05-01,2022,5,petroleo,cuenca,CUYANA,promedio_diario,3006.811,Producción de petróleo promedio diaria por cuenca
2022-05,2022-05-01,2022,5,petroleo,cuenca,GOLFO SAN JORGE,promedio_diario,32205.3226451613,Producción de petróleo promedio diaria por cuenca
2022-05,2022-05-01,2022,5,petroleo,cuenca,MALVINAS OESTE,promedio_diario,0.0,Producción de petróleo promedio diaria por cuenca
2022-05,2022-05-01,2022,5,petroleo,cuenca,NEUQUINA,promedio_diario,53423.0911495748,Producción de petróleo promedio diaria por cuenca
2022-05,2022-05-01,2022,5,petroleo,cuenca,NORESTE,promedio_diario,0.0,Producción de petróleo promedio diaria por cuenca
2022-05,2022-05-01,2022,5,petroleo,cuenca,NOROESTE,promedio_diario,722.962611008523,Producción de petróleo promedio diaria por cuenca
2022-05,2022-05-01,2022,5,petroleo,cuenca,ÑIRIHUAU,promedio_diario,0.0,Producción de petróleo promedio diaria por cuenca
2022-06,2022-06-01,2022,6,petroleo,cuenca,ARGENTINA NORTE,promedio_diario,0.0,Producción de petróleo promedio diaria por cuenca
2022-06,2022-06-01,2022,6,petroleo,cuenca,AUSTRAL,promedio_diario,2296.4280287,Producción de petróleo promedio diaria por cuenca
2022-06,2022-06-01,2022,6,petroleo,cuenca,CAÑADON ASFALTO,promedio_diario,0.0,Producción de petróleo promedio diaria por cuenca
2022-06,2022-06-01,2022,6,petroleo,cuenca,CUYANA,promedio_diario,2998.48286666667,Producción de petróleo promedio diaria por cuenca
2022-06,2022-06-01,2022,6,petroleo,cuenca,GOLFO SAN JORGE,promedio_diario,32161.3632,Producción de petróleo promedio diaria por cuenca
2022-06,2022-06-01,2022,6,petroleo,cuenca,MALVINAS OESTE,promedio_diario,0.0,Producción de petróleo promedio diaria por cuenca
2022-06,2022-06-01,2022,6,petroleo,cuenca,NEUQUINA,promedio_diario,53041.0650885258,Producción de petróleo promedio diaria por cuenca
2022-06,2022-06-01,2022,6,petroleo,cuenca,NORESTE,promedio_diario,0.0,Producción de petróleo promedio diaria por cuenca
2022-06,2022-06-01,2022,6,petroleo,cuenca,NOROESTE,promedio_diario,730.886471475107,Producción de petróleo promedio diaria por cuenca
2022-06,2022-06-01,2022,6,petroleo,cuenca,ÑIRIHUAU,promedio_diario,0.0,Producción de petróleo promedio diaria por cuenca
2022-07,2022-07-01,2022,7,petroleo,cuenca,ARGENTINA NORTE,promedio_diario,0.0,Producción de petróleo promedio diaria por cuenca
2022-07,2022-07-01,2022,7,petroleo,cuenca,AUSTRAL,promedio_diario,2261.40308809677,Producción de petróleo promedio diaria por cuenca
2022-07,2022-07-01,2022,7,petroleo,cuenca,CAÑADON ASFALTO,promedio_diario,0.0,Producción de petróleo promedio diaria por cuenca
2022-07,2022-07-01,2022,7,petroleo,cuenca,CUYANA,promedio_diario,2979.76012903226,Producción de petróleo promedio diaria por cuenca
2022-07,2022-07-01,2022,7,petroleo,cuenca,GOLFO SAN JORGE,promedio_diario,31837.6217387097,Producción de petróleo promedio diaria por cuenca
2022-07,2022-07-01,2022,7,petroleo,cuenca,MALVINAS OESTE,promedio_diario,0.0,Producción de petróleo promedio diaria por cuenca
2022-07,2022-07-01,2022,7,petroleo,cuenca,NEUQUINA,promedio_diario,54356.8827424342,Producción de petróleo promedio diaria por cuenca
2022-07,2022-07-01,2022,7,petroleo,cuenca,NORESTE,promedio_diario,0.0,Producción de petróleo promedio diaria por cuenca
2022-07,2022-07-01,2022,7,petroleo,cuenca,NOROESTE,promedio_diario,740.461983846935,Producción de petróleo promedio diaria por cuenca
2022-07,2022-07-01,2022,7,petroleo,cuenca,ÑIRIHUAU,promedio_diario,0.0,Producción de petróleo promedio diaria por cuenca
2022-08,2022-08-01,2022,8,petroleo,cuenca,ARGENTINA NORTE,promedio_diario,0.0,Producción de petróleo promedio diaria por cuenca
2022-08,2022-08-01,2022,8,petroleo,cuenca,AUSTRAL,promedio_diario,2153.06045125806,Producción de petróleo promedio diaria por cuenca
2022-08,2022-08-01,2022,8,petroleo,cuenca,CAÑADON ASFALTO,promedio_diario,0.0,Producción de petróleo promedio diaria por cuenca
2022-08,2022-08-01,2022,8,petroleo,cuenca,CUYANA,promedio_diario,2959.17019354839,Producción de petróleo promedio diaria por cuenca
2022-08,2022-08-01,2022,8,petroleo,cuenca,GOLFO SAN JORGE,promedio_diario,31922.5789580645,Producción de petróleo promedio diaria por cuenca
2022-08,2022-08-01,2022,8,petroleo,cuenca,MALVINAS OESTE,promedio_diario,0.0,Producción de petróleo promedio diaria por cuenca
2022-08,2022-08-01,2022,8,petroleo,cuenca,NEUQUINA,promedio_diario,55079.2595589183,Producción de petróleo promedio diaria por cuenca
2022-08,2022-08-01,2022,8,petroleo,cuenca,NORESTE,promedio_diario,0.0,Producción de petróleo promedio diaria por cuenca
2022-08,2022-08-01,2022,8,petroleo,cuenca,NOROESTE,promedio_diario,749.148183442329,Producción de petróleo promedio diaria por cuenca
2022-08,2022-08-01,2022,8,petroleo,cuenca,ÑIRIHUAU,promedio_diario,0.0,Producción de petróleo promedio diaria por cuenca
2022-09,2022-09-01,2022,9,petroleo,cuenca,ARGENTINA NORTE,promedio_diario,0.0,Producción de petróleo promedio diaria por cuenca
2022-09,2022-09-01,2022,9,petroleo,cuenca,AUSTRAL,promedio_diario,2076.8079082,Producción de petróleo promedio diaria por cuenca
2022-09,2022-09-01,2022,9,petroleo,cuenca,CAÑADON ASFALTO,promedio_diario,0.0,Producción de petróleo promedio diaria por cuenca
2022-09,2022-09-01,2022,9,petroleo,cuenca,CUYANA,promedio_diario,2946.26836666667,Producción de petróleo promedio diaria por cuenca
2022-09,2022-09-01,2022,9,petroleo,cuenca,GOLFO SAN JORGE,promedio_diario,31919.061,Producción de petróleo promedio diaria por cuenca
2022-09,2022-09-01,2022,9,petroleo,cuenca,MALVINAS OESTE,promedio_diario,0.0,Producción de petróleo promedio diaria por cuenca
2022-09,2022-09-01,2022,9,petroleo,cuenca,NEUQUINA,promedio_diario,56832.988344369,Producción de petróleo promedio diaria por cuenca
2022-09,2022-09-01,2022,9,petroleo,cuenca,NORESTE,promedio_diario,0.0,Producción de petróleo promedio diaria por cuenca
2022-09,2022-09-01,2022,9,petroleo,cuenca,NOROESTE,promedio_diario,764.960448525927,Producción de petróleo promedio diaria por cuenca
2022-09,2022-09-01,2022,9,petroleo,cuenca,ÑIRIHUAU,promedio_diario,0.0,Producción de petróleo promedio diaria por cuenca
2022-10,2022-10-01,2022,10,petroleo,cuenca,ARGENTINA NORTE,promedio_diario,0.0,Producción de petróleo promedio diaria por cuenca
2022-10,2022-10-01,2022,10,petroleo,cuenca,AUSTRAL,promedio_diario,1995.92529974194,Producción de petróleo promedio diaria por cuenca
2022-10,2022-10-01,2022,10,petroleo,cuenca,CAÑADON ASFALTO,promedio_diario,0.0,Producción de petróleo promedio diaria por cuenca
2022-10,2022-10-01,2022,10,petroleo,cuenca,CUYANA,promedio_diario,2978.0924516129,Producción de petróleo promedio diaria por cuenca
2022-10,2022-10-01,2022,10,petroleo,cuenca,GOLFO SAN JORGE,promedio_diario,32556.6250419355,Producción de petróleo promedio diaria por cuenca
2022-10,2022-10-01,2022,10,petroleo,cuenca,MALVINAS OESTE,promedio_diario,0.0,Producción de petróleo promedio diaria por cuenca
2022-10,2022-10-01,2022,10,petroleo,cuenca,NEUQUINA,promedio_diario,58619.3798629029,Producción de petróleo promedio diaria por cuenca
2022-10,2022-10-01,2022,10,petroleo,cuenca,NORESTE,promedio_diario,0.0,Producción de petróleo promedio diaria por cuenca
2022-10,2022-10-01,2022,10,petroleo,cuenca,NOROESTE,promedio_diario,774.487733568842,Producción de petróleo promedio diaria por cuenca
2022-10,2022-10-01,2022,10,petroleo,cuenca,ÑIRIHUAU,promedio_diario,0.0,Producción de petróleo promedio diaria por cuenca
2022-11,2022-11-01,2022,11,petroleo,cuenca,ARGENTINA NORTE,promedio_diario,0.0,Producción de petróleo promedio diaria por cuenca
2022-11,2022-11-01,2022,11,petroleo,cuenca,AUSTRAL,promedio_diario,1965.89299923333,Producción de petróleo promedio diaria por cuenca
2022-11,2022-11-01,2022,11,petroleo,cuenca,CAÑADON ASFALTO,promedio_diario,0.0,Producción de petróleo promedio diaria por cuenca
2022-11,2022-11-01,2022,11,petroleo,cuenca,CUYANA,promedio_diario,2919.17683333333,Producción de petróleo promedio diaria por cuenca
2022-11,2022-11-01,2022,11,petroleo,cuenca,GOLFO SAN JORGE,promedio_diario,32440.4634,Producción de petróleo promedio diaria por cuenca
2022-11,2022-11-01,2022,11,petroleo,cuenca,MALVINAS OESTE,promedio_diario,0.0,Producción de petróleo promedio diaria por cuenca
2022-11,2022-11-01,2022,11,petroleo,cuenca,NEUQUINA,promedio_diario,58717.0101828333,Producción de petróleo promedio diaria por cuenca
2022-11,2022-11-01,2022,11,petroleo,cuenca,NORESTE,promedio_diario,0.0,Producción de petróleo promedio diaria por cuenca
2022-11,2022-11-01,2022,11,petroleo,cuenca,NOROESTE,promedio_diario,771.623050730563,Producción de petróleo promedio diaria por cuenca
2022-11,2022-11-01,2022,11,petroleo,cuenca,ÑIRIHUAU,promedio_diario,0.0,Producción de petróleo promedio diaria por cuenca
2022-12,2022-12-01,2022,12,petroleo,cuenca,ARGENTINA NORTE,promedio_diario,0.0,Producción de petróleo promedio diaria por cuenca
2022-12,2022-12-01,2022,12,petroleo,cuenca,AUSTRAL,promedio_diario,1866.7775446129,Producción de petróleo promedio diaria por cuenca
2022-12,2022-12-01,2022,12,petroleo,cuenca,CAÑADON ASFALTO,promedio_diario,0.0,Producción de petróleo promedio diaria por cuenca
2022-12,2022-12-01,2022,12,petroleo,cuenca,CUYANA,promedio_diario,2801.58778387097,Producción de petróleo promedio diaria por cuenca
2022-12,2022-12-01,2022,12,petroleo,cuenca,GOLFO SAN JORGE,promedio_diario,32504.756716129,Producción de petróleo promedio diaria por cuenca
2022-12,2022-12-01,2022,12,petroleo,cuenca,MALVINAS OESTE,promedio_diario,0.0,Producción de petróleo promedio diaria por cuenca
2022-12,2022-12-01,2022,12,petroleo,cuenca,NEUQUINA,promedio_diario,59263.0027437097,Producción de petróleo promedio diaria por cuenca
2022-12,2022-12-01,2022,12,petroleo,cuenca,NORESTE,promedio_diario,0.0,Producción de petróleo promedio diaria por cuenca
2022-12,2022-12-01,2022,12,petroleo,cuenca,NOROESTE,promedio_diario,785.656951260135,Producción de petróleo promedio diaria por cuenca
2022-12,2022-12-01,2022,12,petroleo,cuenca,ÑIRIHUAU,promedio_diario,0.0,Producción de petróleo promedio diaria por cuenca
2023-01,2023-01-01,2023,1,petroleo,cuenca,ARGENTINA NORTE,promedio_diario,0.0,Producción de petróleo promedio diaria por cuenca
2023-01,2023-01-01,2023,1,petroleo,cuenca,AUSTRAL,promedio_diario,1788.19714932258,Producción de petróleo promedio diaria por cuenca
2023-01,2023-01-01,2023,1,petroleo,cuenca,CAÑADON ASFALTO,promedio_diario,0.0,Producción de petróleo promedio diaria por cuenca
2023-01,2023-01-01,2023,1,petroleo,cuenca,CUYANA,promedio_diario,2790.34816129032,Producción de petróleo promedio diaria por cuenca
2023-01,2023-01-01,2023,1,petroleo,cuenca,GOLFO SAN JORGE,promedio_diario,32485.6249258064,Producción de petróleo promedio diaria por cuenca
2023-01,2023-01-01,2023,1,petroleo,cuenca,MALVINAS OESTE,promedio_diario,0.0,Producción de petróleo promedio diaria por cuenca
2023-01,2023-01-01,2023,1,petroleo,cuenca,NEUQUINA,promedio_diario,60054.5614448065,Producción de petróleo promedio diaria por cuenca
2023-01,2023-01-01,2023,1,petroleo,cuenca,NORESTE,promedio_diario,0.0,Producción de petróleo promedio diaria por cuenca
2023-01,2023-01-01,2023,1,petroleo,cuenca,NOROESTE,promedio_diario,814.66654516129,Producción de petróleo promedio diaria por cuenca
2023-01,2023-01-01,2023,1,petroleo,cuenca,ÑIRIHUAU,promedio_diario,0.0,Producción de petróleo promedio diaria por cuenca
2023-02,2023-02-01,2023,2,petroleo,cuenca,ARGENTINA NORTE,promedio_diario,0.0,Producción de petróleo promedio diaria por cuenca
2023-02,2023-02-01,2023,2,petroleo,cuenca,AUSTRAL,promedio_diario,1858.33756707143,Producción de petróleo promedio diaria por cuenca
2023-02,2023-02-01,2023,2,petroleo,cuenca,CAÑADON ASFALTO,promedio_diario,0.0,Producción de petróleo promedio diaria por cuenca
2023-02,2023-02-01,2023,2,petroleo,cuenca,CUYANA,promedio_diario,2775.60228571429,Producción de petróleo promedio diaria por cuenca
2023-02,2023-02-01,2023,2,petroleo,cuenca,GOLFO SAN JORGE,promedio_diario,32274.633625,Producción de petróleo promedio diaria por cuenca
2023-02,2023-02-01,2023,2,petroleo,cuenca,MALVINAS OESTE,promedio_diario,0.0,Producción de petróleo promedio diaria por cuenca
2023-02,2023-02-01,2023,2,petroleo,cuenca,NEUQUINA,promedio_diario,62032.3522324643,Producción de petróleo promedio diaria por cuenca
2023-02,2023-02-01,2023,2,petroleo,cuenca,NORESTE,promedio_diario,0.0,Producción de petróleo promedio diaria por cuenca
2023-02,2023-02-01,2023,2,petroleo,cuenca,NOROESTE,promedio_diario,783.117807180032,Producción de petróleo promedio diaria por cuenca
2023-02,2023-02-01,2023,2,petroleo,cuenca,ÑIRIHUAU,promedio_diario,0.0,Producción de petróleo promedio diaria por cuenca
2023-03,2023-03-01,2023,3,petroleo,cuenca,ARGENTINA NORTE,promedio_diario,0.0,Producción de petróleo promedio diaria por cuenca
2023-03,2023-03-01,2023,3,petroleo,cuenca,AUSTRAL,promedio_diario,1809.59561251613,Producción de petróleo promedio diaria por cuenca
2023-03,2023-03-01,2023,3,petroleo,cuenca,CAÑADON ASFALTO,promedio_diario,0.0,Producción de petróleo promedio diaria por cuenca
2023-03,2023-03-01,2023,3,petroleo,cuenca,CUYANA,promedio_diario,2745.39635483871,Producción de petróleo promedio diaria por cuenca
2023-03,2023-03-01,2023,3,petroleo,cuenca,GOLFO SAN JORGE,promedio_diario,31791.7501354839,Producción de petróleo promedio diaria por cuenca
2023-03,2023-03-01,2023,3,petroleo,cuenca,MALVINAS OESTE,promedio_diario,0.0,Producción de petróleo promedio diaria por cuenca
2023-03,2023-03-01,2023,3,petroleo,cuenca,NEUQUINA,promedio_diario,63221.4693054537,Producción de petróleo promedio diaria por cuenca
2023-03,2023-03-01,2023,3,petroleo,cuenca,NORESTE,promedio_diario,0.0,Producción de petróleo promedio diaria por cuenca
2023-03,2023-03-01,2023,3,petroleo,cuenca,NOROESTE,promedio_diario,773.515541935484,Producción de petróleo promedio diaria por cuenca
2023-03,2023-03-01,2023,3,petroleo,cuenca,ÑIRIHUAU,promedio_diario,0.0,Producción de petróleo promedio diaria por cuenca
2023-04,2023-04-01,2023,4,petroleo,cuenca,ARGENTINA NORTE,promedio_diario,0.0,Producción de petróleo promedio diaria por cuenca
2023-04,2023-04-01,2023,4,petroleo,cuenca,AUSTRAL,promedio_diario,1646.64064224467,Producción de petróleo promedio diaria por cuenca
2023-04,2023-04-01,2023,4,petroleo,cuenca,CAÑADON ASFALTO,promedio_diario,0.0,Producción de petróleo promedio diaria por cuenca
2023-04,2023-04-01,2023,4,petroleo,cuenca,CUYANA,promedio_diario,2752.91543333333,Producción de petróleo promedio diaria por cuenca
2023-04,2023-04-01,2023,4,petroleo,cuenca,GOLFO SAN JORGE,promedio_diario,32025.0250166667,Producción de petróleo promedio diaria por cuenca
2023-04,2023-04-01,2023,4,petroleo,cuenca,MALVINAS OESTE,promedio_diario,0.0,Producción de petróleo promedio diaria por cuenca
2023-04,2023-04-01,2023,4,petroleo,cuenca,NEUQUINA,promedio_diario,62626.2938628792,Producción de petróleo promedio diaria por cuenca
2023-04,2023-04-01,2023,4,petroleo,cuenca,NORESTE,promedio_diario,0.0,Producción de petróleo promedio diaria por cuenca
2023-04,2023-04-01,2023,4,petroleo,cuenca,NOROESTE,promedio_diario,768.004835047467,Producción de petróleo promedio diaria por cuenca
2023-04,2023-04-01,2023,4,petroleo,cuenca,ÑIRIHUAU,promedio_diario,0.0,Producción de petróleo promedio diaria por cuenca
2023-05,2023-05-01,2023,5,petroleo,cuenca,ARGENTINA NORTE,promedio_diario,0.0,Producción de petróleo promedio diaria por cuenca
2023-05,2023-05-01,2023,5,petroleo,cuenca,AUSTRAL,promedio_diario,1784.78803603903,Producción de petróleo promedio diaria por cuenca
2023-05,2023-05-01,2023,5,petroleo,cuenca,CAÑADON ASFALTO,promedio_diario,0.0,Producción de petróleo promedio diaria por cuenca
2023-05,2023-05-01,2023,5,petroleo,cuenca,CUYANA,promedio_diario,2739.0605483871,Producción de petróleo promedio diaria por cuenca
2023-05,2023-05-01,2023,5,petroleo,cuenca,GOLFO SAN JORGE,promedio_diario,31882.5476225806,Producción de petróleo promedio diaria por cuenca
2023-05,2023-05-01,2023,5,petroleo,cuenca,MALVINAS OESTE,promedio_diario,0.0,Producción de petróleo promedio diaria por cuenca
2023-05,2023-05-01,2023,5,petroleo,cuenca,NEUQUINA,promedio_diario,62673.2322250645,Producción de petróleo promedio diaria por cuenca
2023-05,2023-05-01,2023,5,petroleo,cuenca,NORESTE,promedio_diario,0.0,Producción de petróleo promedio diaria por cuenca
2023-05,2023-05-01,2023,5,petroleo,cuenca,NOROESTE,promedio_diario,763.186992473435,Producción de petróleo promedio diaria por cuenca
2023-05,2023-05-01,2023,5,petroleo,cuenca,ÑIRIHUAU,promedio_diario,0.0,Producción de petróleo promedio diaria por cuenca
2023-06,2023-06-01,2023,6,petroleo,cuenca,ARGENTINA NORTE,promedio_diario,0.0,Producción de petróleo promedio diaria por cuenca
2023-06,2023-06-01,2023,6,petroleo,cuenca,AUSTRAL,promedio_diario,1738.15975926333,Producción de petróleo promedio diaria por cuenca
2023-06,2023-06-01,2023,6,petroleo,cuenca,CAÑADON ASFALTO,promedio_diario,0.0,Producción de petróleo promedio diaria por cuenca
2023-06,2023-06-01,2023,6,petroleo,cuenca,CUYANA,promedio_diario,2777.63863333333,Producción de petróleo promedio diaria por cuenca
2023-06,2023-06-01,2023,6,petroleo,cuenca,GOLFO SAN JORGE,promedio_diario,31835.5383533333,Producción de petróleo promedio diaria por cuenca
2023-06,2023-06-01,2023,6,petroleo,cuenca,MALVINAS OESTE,promedio_diario,0.0,Producción de petróleo promedio diaria por cuenca
2023-06,2023-06-01,2023,6,petroleo,cuenca,NEUQUINA,promedio_diario,61509.4088203,Producción de petróleo promedio diaria por cuenca
2023-06,2023-06-01,2023,6,petroleo,cuenca,NORESTE,promedio_diario,0.0,Producción de petróleo promedio diaria por cuenca
2023-06,2023-06-01,2023,6,petroleo,cuenca,NOROESTE,promedio_diario,755.515312189677,Producción de petróleo promedio diaria por cuenca
2023-06,2023-06-01,2023,6,petroleo,cuenca,ÑIRIHUAU,promedio_diario,0.0,Producción de petróleo promedio diaria por cuenca
2023-07,2023-07-01,2023,7,petroleo,cuenca,ARGENTINA NORTE,promedio_diario,0.0,Producción de petróleo promedio diaria por cuenca
2023-07,2023-07-01,2023,7,petroleo,cuenca,AUSTRAL,promedio_diario,1680.25171777935,Producción de petróleo promedio diaria por cuenca
2023-07,2023-07-01,2023,7,petroleo,cuenca,CAÑADON ASFALTO,promedio_diario,0.0,Producción de petróleo promedio diaria por cuenca
2023-07,2023-07-01,2023,7,petroleo,cuenca,CUYANA,promedio_diario,2724.73409677419,Producción de petróleo promedio diaria por cuenca
2023-07,2023-07-01,2023,7,petroleo,cuenca,GOLFO SAN JORGE,promedio_diario,31511.9794419355,Producción de petróleo promedio diaria por cuenca
2023-07,2023-07-01,2023,7,petroleo,cuenca,MALVINAS OESTE,promedio_diario,0.0,Producción de petróleo promedio diaria por cuenca
2023-07,2023-07-01,2023,7,petroleo,cuenca,NEUQUINA,promedio_diario,61422.8576867419,Producción de petróleo promedio diaria por cuenca
2023-07,2023-07-01,2023,7,petroleo,cuenca,NORESTE,promedio_diario,0.0,Producción de petróleo promedio diaria por cuenca
2023-07,2023-07-01,2023,7,petroleo,cuenca,NOROESTE,promedio_diario,734.132222580645,Producción de petróleo promedio diaria por cuenca
2023-07,2023-07-01,2023,7,petroleo,cuenca,ÑIRIHUAU,promedio_diario,0.0,Producción de petróleo promedio diaria por cuenca
2023-08,2023-08-01,2023,8,petroleo,cuenca,ARGENTINA NORTE,promedio_diario,0.0,Producción de petróleo promedio diaria por cuenca
2023-08,2023-08-01,2023,8,petroleo,cuenca,AUSTRAL,promedio_diario,1726.28368728387,Producción de petróleo promedio diaria por cuenca
2023-08,2023-08-01,2023,8,petroleo,cuenca,CAÑADON ASFALTO,promedio_diario,0.0,Producción de petróleo promedio diaria por cuenca
2023-08,2023-08-01,2023,8,petroleo,cuenca,CUYANA,promedio_diario,2745.51329032258,Producción de petróleo promedio diaria por cuenca
2023-08,2023-08-01,2023,8,petroleo,cuenca,GOLFO SAN JORGE,promedio_diario,31108.0035419355,Producción de petróleo promedio diaria por cuenca
2023-08,2023-08-01,2023,8,petroleo,cuenca,MALVINAS OESTE,promedio_diario,0.0,Producción de petróleo promedio diaria por cuenca
2023-08,2023-08-01,2023,8,petroleo,cuenca,NEUQUINA,promedio_diario,62599.7712640968,Producción de petróleo promedio diaria por cuenca
2023-08,2023-08-01,2023,8,petroleo,cuenca,NORESTE,promedio_diario,0.0,Producción de petróleo promedio diaria por cuenca
2023-08,2023-08-01,2023,8,petroleo,cuenca,NOROESTE,promedio_diario,720.935451612903,Producción de petróleo promedio diaria por cuenca
2023-08,2023-08-01,2023,8,petroleo,cuenca,ÑIRIHUAU,promedio_diario,0.0,Producción de petróleo promedio diaria por cuenca
2023-09,2023-09-01,2023,9,petroleo,cuenca,ARGENTINA NORTE,promedio_diario,0.0,Producción de petróleo promedio diaria por cuenca
2023-09,2023-09-01,2023,9,petroleo,cuenca,AUSTRAL,promedio_diario,1756.80950164,Producción de petróleo promedio diaria por cuenca
2023-09,2023-09-01,2023,9,petroleo,cuenca,CAÑADON ASFALTO,promedio_diario,0.0,Producción de petróleo promedio diaria por cuenca
2023-09,2023-09-01,2023,9,petroleo,cuenca,CUYANA,promedio_diario,2666.53376666667,Producción de petróleo promedio diaria por cuenca
2023-09,2023-09-01,2023,9,petroleo,cuenca,GOLFO SAN JORGE,promedio_diario,32027.5016766667,Producción de petróleo promedio diaria por cuenca
2023-09,2023-09-01,2023,9,petroleo,cuenca,MALVINAS OESTE,promedio_diario,0.0,Producción de petróleo promedio diaria por cuenca
2023-09,2023-09-01,2023,9,petroleo,cuenca,NEUQUINA,promedio_diario,64085.7891487667,Producción de petróleo promedio diaria por cuenca
2023-09,2023-09-01,2023,9,petroleo,cuenca,NORESTE,promedio_diario,0.0,Producción de petróleo promedio diaria por cuenca
2023-09,2023-09-01,2023,9,petroleo,cuenca,NOROESTE,promedio_diario,713.777731479193,Producción de petróleo promedio diaria por cuenca
2023-09,2023-09-01,2023,9,petroleo,cuenca,ÑIRIHUAU,promedio_diario,0.0,Producción de petróleo promedio diaria por cuenca
2023-10,2023-10-01,2023,10,petroleo,cuenca,ARGENTINA NORTE,promedio_diario,0.0,Producción de petróleo promedio diaria por cuenca
2023-10,2023-10-01,2023,10,petroleo,cuenca,AUSTRAL,promedio_diario,1758.00264002645,Producción de petróleo promedio diaria por cuenca
2023-10,2023-10-01,2023,10,petroleo,cuenca,CAÑADON ASFALTO,promedio_diario,0.0,Producción de petróleo promedio diaria por cuenca
2023-10,2023-10-01,2023,10,petroleo,cuenca,CUYANA,promedio_diario,2640.72393548387,Producción de petróleo promedio diaria por cuenca
2023-10,2023-10-01,2023,10,petroleo,cuenca,GOLFO SAN JORGE,promedio_diario,32080.6070580645,Producción de petróleo promedio diaria por cuenca
2023-10,2023-10-01,2023,10,petroleo,cuenca,MALVINAS OESTE,promedio_diario,0.0,Producción de petróleo promedio diaria por cuenca
2023-10,2023-10-01,2023,10,petroleo,cuenca,NEUQUINA,promedio_diario,66780.2738823226,Producción de petróleo promedio diaria por cuenca
2023-10,2023-10-01,2023,10,petroleo,cuenca,NORESTE,promedio_diario,0.0,Producción de petróleo promedio diaria por cuenca
2023-10,2023-10-01,2023,10,petroleo,cuenca,NOROESTE,promedio_diario,647.755655915374,Producción de petróleo promedio diaria por cuenca
2023-10,2023-10-01,2023,10,petroleo,cuenca,ÑIRIHUAU,promedio_diario,0.0,Producción de petróleo promedio diaria por cuenca
2023-11,2023-11-01,2023,11,petroleo,cuenca,ARGENTINA NORTE,promedio_diario,0.0,Producción de petróleo promedio diaria por cuenca
2023-11,2023-11-01,2023,11,petroleo,cuenca,AUSTRAL,promedio_diario,1662.26587064133,Producción de petróleo promedio diaria por cuenca
2023-11,2023-11-01,2023,11,petroleo,cuenca,CAÑADON ASFALTO,promedio_diario,0.0,Producción de petróleo promedio diaria por cuenca
2023-11,2023-11-01,2023,11,petroleo,cuenca,CUYANA,promedio_diario,2566.38593333333,Producción de petróleo promedio diaria por cuenca
2023-11,2023-11-01,2023,11,petroleo,cuenca,GOLFO SAN JORGE,promedio_diario,31989.7405,Producción de petróleo promedio diaria por cuenca
2023-11,2023-11-01,2023,11,petroleo,cuenca,MALVINAS OESTE,promedio_diario,0.0,Producción de petróleo promedio diaria por cuenca
2023-11,2023-11-01,2023,11,petroleo,cuenca,NEUQUINA,promedio_diario,69060.4860362667,Producción de petróleo promedio diaria por cuenca
2023-11,2023-11-01,2023,11,petroleo,cuenca,NORESTE,promedio_diario,0.0,Producción de petróleo promedio diaria por cuenca
2023-11,2023-11-01,2023,11,petroleo,cuenca,NOROESTE,promedio_diario,686.287562742883,Producción de petróleo promedio diaria por cuenca
2023-11,2023-11-01,2023,11,petroleo,cuenca,ÑIRIHUAU,promedio_diario,0.0,Producción de petróleo promedio diaria por cuenca
2023-12,2023-12-01,2023,12,petroleo,cuenca,ARGENTINA NORTE,promedio_diario,0.0,Producción de petróleo promedio diaria por cuenca
2023-12,2023-12-01,2023,12,petroleo,cuenca,AUSTRAL,promedio_diario,1637.56679166129,Producción de petróleo promedio diaria por cuenca
2023-12,2023-12-01,2023,12,petroleo,cuenca,CAÑADON ASFALTO,promedio_diario,0.0,Producción de petróleo promedio diaria por cuenca
2023-12,2023-12-01,2023,12,petroleo,cuenca,CUYANA,promedio_diario,2611.8404516129,Producción de petróleo promedio diaria por cuenca
2023-12,2023-12-01,2023,12,petroleo,cuenca,GOLFO SAN JORGE,promedio_diario,31782.7072516129,Producción de petróleo promedio diaria por cuenca
2023-12,2023-12-01,2023,12,petroleo,cuenca,MALVINAS OESTE,promedio_diario,0.0,Producción de petróleo promedio diaria por cuenca
2023-12,2023-12-01,2023,12,petroleo,cuenca,NEUQUINA,promedio_diario,70971.6887533871,Producción de petróleo promedio diaria por cuenca
2023-12,2023-12-01,2023,12,petroleo,cuenca,NORESTE,promedio_diario,0.0,Producción de petróleo promedio diaria por cuenca
2023-12,2023-12-01,2023,12,petroleo,cuenca,NOROESTE,promedio_diario,649.351043478874,Producción de petróleo promedio diaria por cuenca
2023-12,2023-12-01,2023,12,petroleo,cuenca,ÑIRIHUAU,promedio_diario,0.0,Producción de petróleo promedio diaria por cuenca
2024-01,2024-01-01,2024,1,petroleo,cuenca,ARGENTINA NORTE,promedio_diario,0.0,Producción de petróleo promedio diaria por cuenca
2024-01,2024-01-01,2024,1,petroleo,cuenca,AUSTRAL,promedio_diario,1655.31284392065,Producción de petróleo promedio diaria por cuenca
2024-01,2024-01-01,2024,1,petroleo,cuenca,CAÑADON ASFALTO,promedio_diario,0.0,Producción de petróleo promedio diaria por cuenca
2024-01,2024-01-01,2024,1,petroleo,cuenca,CUYANA,promedio_diario,2612.5375483871,Producción de petróleo promedio diaria por cuenca
2024-01,2024-01-01,2024,1,petroleo,cuenca,GOLFO SAN JORGE,promedio_diario,31837.9183870968,Producción de petróleo promedio diaria por cuenca
2024-01,2024-01-01,2024,1,petroleo,cuenca,MALVINAS OESTE,promedio_diario,0.0,Producción de petróleo promedio diaria por cuenca
2024-01,2024-01-01,2024,1,petroleo,cuenca,NEUQUINA,promedio_diario,69747.6386693871,Producción de petróleo promedio diaria por cuenca
2024-01,2024-01-01,2024,1,petroleo,cuenca,NORESTE,promedio_diario,0.0,Producción de petróleo promedio diaria por cuenca
2024-01,2024-01-01,2024,1,petroleo,cuenca,NOROESTE,promedio_diario,606.388732412642,Producción de petróleo promedio diaria por cuenca
2024-01,2024-01-01,2024,1,petroleo,cuenca,ÑIRIHUAU,promedio_diario,0.0,Producción de petróleo promedio diaria por cuenca
2024-02,2024-02-01,2024,2,petroleo,cuenca,ARGENTINA NORTE,promedio_diario,0.0,Producción de petróleo promedio diaria por cuenca
2024-02,2024-02-01,2024,2,petroleo,cuenca,AUSTRAL,promedio_diario,1674.20051115724,Producción de petróleo promedio diaria por cuenca
2024-02,2024-02-01,2024,2,petroleo,cuenca,CAÑADON ASFALTO,promedio_diario,0.0,Producción de petróleo promedio diaria por cuenca
2024-02,2024-02-01,2024,2,petroleo,cuenca,CUYANA,promedio_diario,2544.64303793103,Producción de petróleo promedio diaria por cuenca
2024-02,2024-02-01,2024,2,petroleo,cuenca,GOLFO SAN JORGE,promedio_diario,31430.3785517241,Producción de petróleo promedio diaria por cuenca
2024-02,2024-02-01,2024,2,petroleo,cuenca,MALVINAS OESTE,promedio_diario,0.0,Producción de petróleo promedio diaria por cuenca
2024-02,2024-02-01,2024,2,petroleo,cuenca,NEUQUINA,promedio_diario,70438.468278,Producción de petróleo promedio diaria por cuenca
2024-02,2024-02-01,2024,2,petroleo,cuenca,NORESTE,promedio_diario,0.0,Producción de petróleo promedio diaria por cuenca
2024-02,2024-02-01,2024,2,petroleo,cuenca,NOROESTE,promedio_diario,506.743366282759,Producción de petróleo promedio diaria por cuenca
2024-02,2024-02-01,2024,2,petroleo,cuenca,ÑIRIHUAU,promedio_diario,0.0,Producción de petróleo promedio diaria por cuenca
2024-03,2024-03-01,2024,3,petroleo,cuenca,ARGENTINA NORTE,promedio_diario,0.0,Producción de petróleo promedio diaria por cuenca
2024-03,2024-03-01,2024,3,petroleo,cuenca,AUSTRAL,promedio_diario,1692.53360296806,Producción de petróleo promedio diaria por cuenca
2024-03,2024-03-01,2024,3,petroleo,cuenca,CAÑADON ASFALTO,promedio_diario,0.0,Producción de petróleo promedio diaria por cuenca
2024-03,2024-03-01,2024,3,petroleo,cuenca,CUYANA,promedio_diario,2586.91961290323,Producción de petróleo promedio diaria por cuenca
2024-03,2024-03-01,2024,3,petroleo,cuenca,GOLFO SAN JORGE,promedio_diario,31291.2276290323,Producción de petróleo promedio diaria por cuenca
2024-03,2024-03-01,2024,3,petroleo,cuenca,MALVINAS OESTE,promedio_diario,0.0,Producción de petróleo promedio diaria por cuenca
2024-03,2024-03-01,2024,3,petroleo,cuenca,NEUQUINA,promedio_diario,71621.0500470323,Producción de petróleo promedio diaria por cuenca
2024-03,2024-03-01,2024,3,petroleo,cuenca,NORESTE,promedio_diario,0.0,Producción de petróleo promedio diaria por cuenca
2024-03,2024-03-01,2024,3,petroleo,cuenca,NOROESTE,promedio_diario,555.597023809139,Producción de petróleo promedio diaria por cuenca
2024-03,2024-03-01,2024,3,petroleo,cuenca,ÑIRIHUAU,promedio_diario,0.0,Producción de petróleo promedio diaria por cuenca
2024-04,2024-04-01,2024,4,petroleo,cuenca,ARGENTINA NORTE,promedio_diario,0.0,Producción de petróleo promedio diaria por cuenca
2024-04,2024-04-01,2024,4,petroleo,cuenca,AUSTRAL,promedio_diario,1664.91284611533,Producción de petróleo promedio diaria por cuenca
2024-04,2024-04-01,2024,4,petroleo,cuenca,CAÑADON ASFALTO,promedio_diario,0.0,Producción de petróleo promedio diaria por cuenca
2024-04,2024-04-01,2024,4,petroleo,cuenca,CUYANA,promedio_diario,2649.67503333333,Producción de petróleo promedio diaria por cuenca
2024-04,2024-04-01,2024,4,petroleo,cuenca,GOLFO SAN JORGE,promedio_diario,31259.8129433333,Producción de petróleo promedio diaria por cuenca
2024-04,2024-04-01,2024,4,petroleo,cuenca,MALVINAS OESTE,promedio_diario,0.0,Producción de petróleo promedio diaria por cuenca
2024-04,2024-04-01,2024,4,petroleo,cuenca,NEUQUINA,promedio_diario,72025.9925039667,Producción de petróleo promedio diaria por cuenca
2024-04,2024-04-01,2024,4,petroleo,cuenca,NORESTE,promedio_diario,0.0,Producción de petróleo promedio diaria por cuenca
2024-04,2024-04-01,2024,4,petroleo,cuenca,NOROESTE,promedio_diario,588.83574211972,Producción de petróleo promedio diaria por cuenca
2024-04,2024-04-01,2024,4,petroleo,cuenca,ÑIRIHUAU,promedio_diario,0.0,Producción de petróleo promedio diaria por cuenca
2024-05,2024-05-01,2024,5,petroleo,cuenca,ARGENTINA NORTE,promedio_diario,0.0,Producción de petróleo promedio diaria por cuenca
2024-05,2024-05-01,2024,5,petroleo,cuenca,AUSTRAL,promedio_diario,1722.38551035677,Producción de petróleo promedio diaria por cuenca
2024-05,2024-05-01,2024,5,petroleo,cuenca,CAÑADON ASFALTO,promedio_diario,0.0,Producción de petróleo promedio diaria por cuenca
2024-05,2024-05-01,2024,5,petroleo,cuenca,CUYANA,promedio_diario,2574.15677419355,Producción de petróleo promedio diaria por cuenca
2024-05,2024-05-01,2024,5,petroleo,cuenca,GOLFO SAN JORGE,promedio_diario,31056.1619677419,Producción de petróleo promedio diaria por cuenca
2024-05,2024-05-01,2024,5,petroleo,cuenca,MALVINAS OESTE,promedio_diario,0.0,Producción de petróleo promedio diaria por cuenca
2024-05,2024-05-01,2024,5,petroleo,cuenca,NEUQUINA,promedio_diario,72754.9472798387,Producción de petróleo promedio diaria por cuenca
2024-05,2024-05-01,2024,5,petroleo,cuenca,NORESTE,promedio_diario,0.0,Producción de petróleo promedio diaria por cuenca
2024-05,2024-05-01,2024,5,petroleo,cuenca,NOROESTE,promedio_diario,560.123067474193,Producción de petróleo promedio diaria por cuenca
2024-05,2024-05-01,2024,5,petroleo,cuenca,ÑIRIHUAU,promedio_diario,0.0,Producción de petróleo promedio diaria por cuenca
2024-06,2024-06-01,2024,6,petroleo,cuenca,ARGENTINA NORTE,promedio_diario,0.0,Producción de petróleo promedio diaria por cuenca
2024-06,2024-06-01,2024,6,petroleo,cuenca,AUSTRAL,promedio_diario,1592.002119444,Producción de petróleo promedio diaria por cuenca
2024-06,2024-06-01,2024,6,petroleo,cuenca,CAÑADON ASFALTO,promedio_diario,0.0,Producción de petróleo promedio diaria por cuenca
2024-06,2024-06-01,2024,6,petroleo,cuenca,CUYANA,promedio_diario,2571.5849,Producción de petróleo promedio diaria por cuenca
2024-06,2024-06-01,2024,6,petroleo,cuenca,GOLFO SAN JORGE,promedio_diario,26488.95275,Producción de petróleo promedio diaria por cuenca
2024-06,2024-06-01,2024,6,petroleo,cuenca,MALVINAS OESTE,promedio_diario,0.0,Producción de petróleo promedio diaria por cuenca
2024-06,2024-06-01,2024,6,petroleo,cuenca,NEUQUINA,promedio_diario,73903.5678596333,Producción de petróleo promedio diaria por cuenca
2024-06,2024-06-01,2024,6,petroleo,cuenca,NORESTE,promedio_diario,0.0,Producción de petróleo promedio diaria por cuenca
2024-06,2024-06-01,2024,6,petroleo,cuenca,NOROESTE,promedio_diario,525.83048674,Producción de petróleo promedio diaria por cuenca
2024-06,2024-06-01,2024,6,petroleo,cuenca,ÑIRIHUAU,promedio_diario,0.0,Producción de petróleo promedio diaria por cuenca
2024-07,2024-07-01,2024,7,petroleo,cuenca,ARGENTINA NORTE,promedio_diario,0.0,Producción de petróleo promedio diaria por cuenca
2024-07,2024-07-01,2024,7,petroleo,cuenca,AUSTRAL,promedio_diario,1597.80500316032,Producción de petróleo promedio diaria por cuenca
2024-07,2024-07-01,2024,7,petroleo,cuenca,CAÑADON ASFALTO,promedio_diario,0.0,Producción de petróleo promedio diaria por cuenca
2024-07,2024-07-01,2024,7,petroleo,cuenca,CUYANA,promedio_diario,2563.88309677419,Producción de petróleo promedio diaria por cuenca
2024-07,2024-07-01,2024,7,petroleo,cuenca,GOLFO SAN JORGE,promedio_diario,26982.4532806452,Producción de petróleo promedio diaria por cuenca
2024-07,2024-07-01,2024,7,petroleo,cuenca,MALVINAS OESTE,promedio_diario,0.0,Producción de petróleo promedio diaria por cuenca
2024-07,2024-07-01,2024,7,petroleo,cuenca,NEUQUINA,promedio_diario,75836.7344402903,Producción de petróleo promedio diaria por cuenca
2024-07,2024-07-01,2024,7,petroleo,cuenca,NORESTE,promedio_diario,0.0,Producción de petróleo promedio diaria por cuenca
2024-07,2024-07-01,2024,7,petroleo,cuenca,NOROESTE,promedio_diario,526.238413758064,Producción de petróleo promedio diaria por cuenca
2024-07,2024-07-01,2024,7,petroleo,cuenca,ÑIRIHUAU,promedio_diario,0.0,Producción de petróleo promedio diaria por cuenca
2024-08,2024-08-01,2024,8,petroleo,cuenca,ARGENTINA NORTE,promedio_diario,0.0,Producción de petróleo promedio diaria por cuenca
2024-08,2024-08-01,2024,8,petroleo,cuenca,AUSTRAL,promedio_diario,1572.85846271839,Producción de petróleo promedio diaria por cuenca
2024-08,2024-08-01,2024,8,petroleo,cuenca,CAÑADON ASFALTO,promedio_diario,0.0,Producción de petróleo promedio diaria por cuenca
2024-08,2024-08-01,2024,8,petroleo,cuenca,CUYANA,promedio_diario,2503.70696774194,Producción de petróleo promedio diaria por cuenca
2024-08,2024-08-01,2024,8,petroleo,cuenca,GOLFO SAN JORGE,promedio_diario,29566.975983871,Producción de petróleo promedio diaria por cuenca
2024-08,2024-08-01,2024,8,petroleo,cuenca,MALVINAS OESTE,promedio_diario,0.0,Producción de petróleo promedio diaria por cuenca
2024-08,2024-08-01,2024,8,petroleo,cuenca,NEUQUINA,promedio_diario,78938.823702,Producción de petróleo promedio diaria por cuenca
2024-08,2024-08-01,2024,8,petroleo,cuenca,NORESTE,promedio_diario,0.0,Producción de petróleo promedio diaria por cuenca
2024-08,2024-08-01,2024,8,petroleo,cuenca,NOROESTE,promedio_diario,512.612972343509,Producción de petróleo promedio diaria por cuenca
2024-08,2024-08-01,2024,8,petroleo,cuenca,ÑIRIHUAU,promedio_diario,0.0,Producción de petróleo promedio diaria por cuenca
2024-09,2024-09-01,2024,9,petroleo,cuenca,ARGENTINA NORTE,promedio_diario,0.0,Producción de petróleo promedio diaria por cuenca
2024-09,2024-09-01,2024,9,petroleo,cuenca,AUSTRAL,promedio_diario,1651.53931702267,Producción de petróleo promedio diaria por cuenca
2024-09,2024-09-01,2024,9,petroleo,cuenca,CAÑADON ASFALTO,promedio_diario,0.0,Producción de petróleo promedio diaria por cuenca
2024-09,2024-09-01,2024,9,petroleo,cuenca,CUYANA,promedio_diario,2493.3423,Producción de petróleo promedio diaria por cuenca
2024-09,2024-09-01,2024,9,petroleo,cuenca,GOLFO SAN JORGE,promedio_diario,30396.11595,Producción de petróleo promedio diaria por cuenca
2024-09,2024-09-01,2024,9,petroleo,cuenca,MALVINAS OESTE,promedio_diario,0.0,Producción de petróleo promedio diaria por cuenca
2024-09,2024-09-01,2024,9,petroleo,cuenca,NEUQUINA,promedio_diario,81520.3399340667,Producción de petróleo promedio diaria por cuenca
2024-09,2024-09-01,2024,9,petroleo,cuenca,NORESTE,promedio_diario,0.0,Producción de petróleo promedio diaria por cuenca
2024-09,2024-09-01,2024,9,petroleo,cuenca,NOROESTE,promedio_diario,509.007970090553,Producción de petróleo promedio diaria por cuenca
2024-09,2024-09-01,2024,9,petroleo,cuenca,ÑIRIHUAU,promedio_diario,0.0,Producción de petróleo promedio diaria por cuenca
2024-10,2024-10-01,2024,10,petroleo,cuenca,ARGENTINA NORTE,promedio_diario,0.0,Producción de petróleo promedio diaria por cuenca
2024-10,2024-10-01,2024,10,petroleo,cuenca,AUSTRAL,promedio_diario,1738.98832005742,Producción de petróleo promedio diaria por cuenca
2024-10,2024-10-01,2024,10,petroleo,cuenca,CAÑADON ASFALTO,promedio_diario,0.0,Producción de petróleo promedio diaria por cuenca
2024-10,2024-10-01,2024,10,petroleo,cuenca,CUYANA,promedio_diario,2460.09003225806,Producción de petróleo promedio diaria por cuenca
2024-10,2024-10-01,2024,10,petroleo,cuenca,GOLFO SAN JORGE,promedio_diario,30656.8687258065,Producción de petróleo promedio diaria por cuenca
2024-10,2024-10-01,2024,10,petroleo,cuenca,NEUQUINA,promedio_diario,81572.5354866452,Producción de petróleo promedio diaria por cuenca
2024-10,2024-10-01,2024,10,petroleo,cuenca,NORESTE,promedio_diario,0.0,Producción de petróleo promedio diaria por cuenca
2024-10,2024-10-01,2024,10,petroleo,cuenca,NOROESTE,promedio_diario,493.485819992471,Producción de petróleo promedio diaria por cuenca
2024-10,2024-10-01,2024,10,petroleo,cuenca,ÑIRIHUAU,promedio_diario,0.0,Producción de petróleo promedio diaria por cuenca
2024-11,2024-11-01,2024,11,petroleo,cuenca,ARGENTINA NORTE,promedio_diario,0.0,Producción de petróleo promedio diaria por cuenca
2024-11,2024-11-01,2024,11,petroleo,cuenca,AUSTRAL,promedio_diario,1537.10561808933,Producción de petróleo promedio diaria por cuenca
2024-11,2024-11-01,2024,11,petroleo,cuenca,CAÑADON ASFALTO,promedio_diario,0.0,Producción de petróleo promedio diaria por cuenca
2024-11,2024-11-01,2024,11,petroleo,cuenca,CUYANA,promedio_diario,2448.09103333333,Producción de petróleo promedio diaria por cuenca
2024-11,2024-11-01,2024,11,petroleo,cuenca,GOLFO SAN JORGE,promedio_diario,31028.4586133333,Producción de petróleo promedio diaria por cuenca
2024-11,2024-11-01,2024,11,petroleo,cuenca,NEUQUINA,promedio_diario,83935.2406147333,Producción de petróleo promedio diaria por cuenca
2024-11,2024-11-01,2024,11,petroleo,cuenca,NORESTE,promedio_diario,0.0,Producción de petróleo promedio diaria por cuenca
2024-11,2024-11-01,2024,11,petroleo,cuenca,NOROESTE,promedio_diario,510.182711851977,Producción de petróleo promedio diaria por cuenca
2024-11,2024-11-01,2024,11,petroleo,cuenca,ÑIRIHUAU,promedio_diario,0.0,Producción de petróleo promedio diaria por cuenca
2024-12,2024-12-01,2024,12,petroleo,cuenca,ARGENTINA NORTE,promedio_diario,0.0,Producción de petróleo promedio diaria por cuenca
2024-12,2024-12-01,2024,12,petroleo,cuenca,AUSTRAL,promedio_diario,1542.04067576065,Producción de petróleo promedio diaria por cuenca
2024-12,2024-12-01,2024,12,petroleo,cuenca,CAÑADON ASFALTO,promedio_diario,0.0,Producción de petróleo promedio diaria por cuenca
2024-12,2024-12-01,2024,12,petroleo,cuenca,CUYANA,promedio_diario,2455.48841935484,Producción de petróleo promedio diaria por cuenca
2024-12,2024-12-01,2024,12,petroleo,cuenca,GOLFO SAN JORGE,promedio_diario,30785.583016129,Producción de petróleo promedio diaria por cuenca
2024-12,2024-12-01,2024,12,petroleo,cuenca,NEUQUINA,promedio_diario,85220.832558,Producción de petróleo promedio diaria por cuenca
2024-12,2024-12-01,2024,12,petroleo,cuenca,NORESTE,promedio_diario,0.0,Producción de petróleo promedio diaria por cuenca
2024-12,2024-12-01,2024,12,petroleo,cuenca,NOROESTE,promedio_diario,504.019762527419,Producción de petróleo promedio diaria por cuenca
2024-12,2024-12-01,2024,12,petroleo,cuenca,ÑIRIHUAU,promedio_diario,0.0,Producción de petróleo promedio diaria por cuenca
2025-01,2025-01-01,2025,1,petroleo,cuenca,ARGENTINA NORTE,promedio_diario,0.0,Producción de petróleo promedio diaria por cuenca
2025-01,2025-01-01,2025,1,petroleo,cuenca,AUSTRAL,promedio_diario,1644.51303121742,Producción de petróleo promedio diaria por cuenca
2025-01,2025-01-01,2025,1,petroleo,cuenca,CAÑADON ASFALTO,promedio_diario,0.0,Producción de petróleo promedio diaria por cuenca
2025-01,2025-01-01,2025,1,petroleo,cuenca,CUYANA,promedio_diario,2417.97358064516,Producción de petróleo promedio diaria por cuenca
2025-01,2025-01-01,2025,1,petroleo,cuenca,GOLFO SAN JORGE,promedio_diario,30217.5925903226,Producción de petróleo promedio diaria por cuenca
2025-01,2025-01-01,2025,1,petroleo,cuenca,NEUQUINA,promedio_diario,84092.2223078387,Producción de petróleo promedio diaria por cuenca
2025-01,2025-01-01,2025,1,petroleo,cuenca,NORESTE,promedio_diario,92.241935483871,Producción de petróleo promedio diaria por cuenca
2025-01,2025-01-01,2025,1,petroleo,cuenca,NOROESTE,promedio_diario,396.364441876344,Producción de petróleo promedio diaria por cuenca
2025-01,2025-01-01,2025,1,petroleo,cuenca,ÑIRIHUAU,promedio_diario,0.0,Producción de petróleo promedio diaria por cuenca
2025-02,2025-02-01,2025,2,petroleo,cuenca,ARGENTINA NORTE,promedio_diario,0.0,Producción de petróleo promedio diaria por cuenca
2025-02,2025-02-01,2025,2,petroleo,cuenca,AUSTRAL,promedio_diario,1741.94403799357,Producción de petróleo promedio diaria por cuenca
2025-02,2025-02-01,2025,2,petroleo,cuenca,CAÑADON ASFALTO,promedio_diario,0.0,Producción de petróleo promedio diaria por cuenca
2025-02,2025-02-01,2025,2,petroleo,cuenca,CUYANA,promedio_diario,2413.73446428571,Producción de petróleo promedio diaria por cuenca
2025-02,2025-02-01,2025,2,petroleo,cuenca,GOLFO SAN JORGE,promedio_diario,29916.7898571429,Producción de petróleo promedio diaria por cuenca
2025-02,2025-02-01,2025,2,petroleo,cuenca,NEUQUINA,promedio_diario,84029.6889166428,Producción de petróleo promedio diaria por cuenca
2025-02,2025-02-01,2025,2,petroleo,cuenca,NORESTE,promedio_diario,90.0792857142857,Producción de petróleo promedio diaria por cuenca
2025-02,2025-02-01,2025,2,petroleo,cuenca,NOROESTE,promedio_diario,388.210250617857,Producción de petróleo promedio diaria por cuenca
2025-02,2025-02-01,2025,2,petroleo,cuenca,ÑIRIHUAU,promedio_diario,0.0,Producción de petróleo promedio diaria por cuenca
2025-03,2025-03-01,2025,3,petroleo,cuenca,ARGENTINA NORTE,promedio_diario,0.0,Producción de petróleo promedio diaria por cuenca
2025-03,2025-03-01,2025,3,petroleo,cuenca,AUSTRAL,promedio_diario,1705.27183610968,Producción de petróleo promedio diaria por cuenca
2025-03,2025-03-01,2025,3,petroleo,cuenca,CAÑADON ASFALTO,promedio_diario,0.0,Producción de petróleo promedio diaria por cuenca
2025-03,2025-03-01,2025,3,petroleo,cuenca,CUYANA,promedio_diario,2391.08677419355,Producción de petróleo promedio diaria por cuenca
2025-03,2025-03-01,2025,3,petroleo,cuenca,GOLFO SAN JORGE,promedio_diario,30007.2620967742,Producción de petróleo promedio diaria por cuenca
2025-03,2025-03-01,2025,3,petroleo,cuenca,NEUQUINA,promedio_diario,84426.8942954839,Producción de petróleo promedio diaria por cuenca
2025-03,2025-03-01,2025,3,petroleo,cuenca,NORESTE,promedio_diario,91.8029038612903,Producción de petróleo promedio diaria por cuenca
2025-03,2025-03-01,2025,3,petroleo,cuenca,NOROESTE,promedio_diario,385.880185440323,Producción de petróleo promedio diaria por cuenca
2025-03,2025-03-01,2025,3,petroleo,cuenca,ÑIRIHUAU,promedio_diario,0.0,Producción de petróleo promedio diaria por cuenca
2025-04,2025-04-01,2025,4,petroleo,cuenca,ARGENTINA NORTE,promedio_diario,0.0,Producción de petróleo promedio diaria por cuenca
2025-04,2025-04-01,2025,4,petroleo,cuenca,AUSTRAL,promedio_diario,1630.140932701,Producción de petróleo promedio diaria por cuenca
2025-04,2025-04-01,2025,4,petroleo,cuenca,CAÑADON ASFALTO,promedio_diario,0.0,Producción de petróleo promedio diaria por cuenca
2025-04,2025-04-01,2025,4,petroleo,cuenca,CUYANA,promedio_diario,2371.9857,Producción de petróleo promedio diaria por cuenca
2025-04,2025-04-01,2025,4,petroleo,cuenca,GOLFO SAN JORGE,promedio_diario,29736.8145333333,Producción de petróleo promedio diaria por cuenca
2025-04,2025-04-01,2025,4,petroleo,cuenca,NEUQUINA,promedio_diario,83765.8823611,Producción de petróleo promedio diaria por cuenca
2025-04,2025-04-01,2025,4,petroleo,cuenca,NORESTE,promedio_diario,0.0,Producción de petróleo promedio diaria por cuenca
2025-04,2025-04-01,2025,4,petroleo,cuenca,NOROESTE,promedio_diario,482.29834657,Producción de petróleo promedio diaria por cuenca
2025-04,2025-04-01,2025,4,petroleo,cuenca,ÑIRIHUAU,promedio_diario,0.0,Producción de petróleo promedio diaria por cuenca
2025-05,2025-05-01,2025,5,petroleo,cuenca,ARGENTINA NORTE,promedio_diario,0.0,Producción de petróleo promedio diaria por cuenca
2025-05,2025-05-01,2025,5,petroleo,cuenca,AUSTRAL,promedio_diario,1684.92109777032,Producción de petróleo promedio diaria por cuenca
2025-05,2025-05-01,2025,5,petroleo,cuenca,CAÑADON ASFALTO,promedio_diario,0.0,Producción de petróleo promedio diaria por cuenca
2025-05,2025-05-01,2025,5,petroleo,cuenca,CUYANA,promedio_diario,2373.64693548387,Producción de petróleo promedio diaria por cuenca
2025-05,2025-05-01,2025,5,petroleo,cuenca,GOLFO SAN JORGE,promedio_diario,29591.872483871,Producción de petróleo promedio diaria por cuenca
2025-05,2025-05-01,2025,5,petroleo,cuenca,NEUQUINA,promedio_diario,84792.6082840968,Producción de petróleo promedio diaria por cuenca
2025-05,2025-05-01,2025,5,petroleo,cuenca,NORESTE,promedio_diario,0.0,Producción de petróleo promedio diaria por cuenca
2025-05,2025-05-01,2025,5,petroleo,cuenca,NOROESTE,promedio_diario,452.1066256,Producción de petróleo promedio diaria por cuenca
2025-05,2025-05-01,2025,5,petroleo,cuenca,ÑIRIHUAU,promedio_diario,0.0,Producción de petróleo promedio diaria por cuenca
2025-06,2025-06-01,2025,6,petroleo,cuenca,ARGENTINA NORTE,promedio_diario,0.0,Producción de petróleo promedio diaria por cuenca
2025-06,2025-06-01,2025,6,petroleo,cuenca,AUSTRAL,promedio_diario,1739.94400013333,Producción de petróleo promedio diaria por cuenca
2025-06,2025-06-01,2025,6,petroleo,cuenca,CAÑADON ASFALTO,promedio_diario,0.0,Producción de petróleo promedio diaria por cuenca
2025-06,2025-06-01,2025,6,petroleo,cuenca,CUYANA,promedio_diario,2341.34426666667,Producción de petróleo promedio diaria por cuenca
2025-06,2025-06-01,2025,6,petroleo,cuenca,GOLFO SAN JORGE,promedio_diario,29321.02284,Producción de petróleo promedio diaria por cuenca
2025-06,2025-06-01,2025,6,petroleo,cuenca,NEUQUINA,promedio_diario,89449.0800990333,Producción de petróleo promedio diaria por cuenca
2025-06,2025-06-01,2025,6,petroleo,cuenca,NORESTE,promedio_diario,0.0,Producción de petróleo promedio diaria por cuenca
2025-06,2025-06-01,2025,6,petroleo,cuenca,NOROESTE,promedio_diario,382.224285252778,Producción de petróleo promedio diaria por cuenca
2025-06,2025-06-01,2025,6,petroleo,cuenca,ÑIRIHUAU,promedio_diario,0.0,Producción de petróleo promedio diaria por cuenca
2025-07,2025-07-01,2025,7,petroleo,cuenca,ARGENTINA NORTE,promedio_diario,0.0,Producción de petróleo promedio diaria por cuenca
2025-07,2025-07-01,2025,7,petroleo,cuenca,AUSTRAL,promedio_diario,1768.4680623871,Producción de petróleo promedio diaria por cuenca
2025-07,2025-07-01,2025,7,petroleo,cuenca,CAÑADON ASFALTO,promedio_diario,0.0,Producción de petróleo promedio diaria por cuenca
2025-07,2025-07-01,2025,7,petroleo,cuenca,CUYANA,promedio_diario,2296.86567741935,Producción de petróleo promedio diaria por cuenca
2025-07,2025-07-01,2025,7,petroleo,cuenca,GOLFO SAN JORGE,promedio_diario,29067.0982580645,Producción de petróleo promedio diaria por cuenca
2025-07,2025-07-01,2025,7,petroleo,cuenca,NEUQUINA,promedio_diario,94532.1731736533,Producción de petróleo promedio diaria por cuenca
2025-07,2025-07-01,2025,7,petroleo,cuenca,NORESTE,promedio_diario,0.0,Producción de petróleo promedio diaria por cuenca
2025-07,2025-07-01,2025,7,petroleo,cuenca,NOROESTE,promedio_diario,376.394876156452,Producción de petróleo promedio diaria por cuenca
2025-07,2025-07-01,2025,7,petroleo,cuenca,ÑIRIHUAU,promedio_diario,0.0,Producción de petróleo promedio diaria por cuenca
2025-08,2025-08-01,2025,8,petroleo,cuenca,ARGENTINA NORTE,promedio_diario,0.0,Producción de petróleo promedio diaria por cuenca
2025-08,2025-08-01,2025,8,petroleo,cuenca,AUSTRAL,promedio_diario,1745.58045285484,Producción de petróleo promedio diaria por cuenca
2025-08,2025-08-01,2025,8,petroleo,cuenca,CAÑADON ASFALTO,promedio_diario,0.0,Producción de petróleo promedio diaria por cuenca
2025-08,2025-08-01,2025,8,petroleo,cuenca,CUYANA,promedio_diario,2256.1954516129,Producción de petróleo promedio diaria por cuenca
2025-08,2025-08-01,2025,8,petroleo,cuenca,GOLFO SAN JORGE,promedio_diario,28839.9961032258,Producción de petróleo promedio diaria por cuenca
2025-08,2025-08-01,2025,8,petroleo,cuenca,NEUQUINA,promedio_diario,96750.6438249355,Producción de petróleo promedio diaria por cuenca
2025-08,2025-08-01,2025,8,petroleo,cuenca,NORESTE,promedio_diario,0.0,Producción de petróleo promedio diaria por cuenca
2025-08,2025-08-01,2025,8,petroleo,cuenca,NOROESTE,promedio_diario,343.940160180645,Producción de petróleo promedio diaria por cuenca
2025-08,2025-08-01,2025,8,petroleo,cuenca,ÑIRIHUAU,promedio_diario,0.0,Producción de petróleo promedio diaria por cuenca
2025-09,2025-09-01,2025,9,petroleo,cuenca,ARGENTINA NORTE,promedio_diario,0.0,Producción de petróleo promedio diaria por cuenca
2025-09,2025-09-01,2025,9,petroleo,cuenca,AUSTRAL,promedio_diario,1653.35566538333,Producción de petróleo promedio diaria por cuenca
2025-09,2025-09-01,2025,9,petroleo,cuenca,CAÑADON ASFALTO,promedio_diario,0.0,Producción de petróleo promedio diaria por cuenca
2025-09,2025-09-01,2025,9,petroleo,cuenca,CUYANA,promedio_diario,2243.98333333333,Producción de petróleo promedio diaria por cuenca
2025-09,2025-09-01,2025,9,petroleo,cuenca,GOLFO SAN JORGE,promedio_diario,28557.1899333333,Producción de petróleo promedio diaria por cuenca
2025-09,2025-09-01,2025,9,petroleo,cuenca,NEUQUINA,promedio_diario,99785.7599752522,Producción de petróleo promedio diaria por cuenca
2025-09,2025-09-01,2025,9,petroleo,cuenca,NORESTE,promedio_diario,0.0,Producción de petróleo promedio diaria por cuenca
2025-09,2025-09-01,2025,9,petroleo,cuenca,NOROESTE,promedio_diario,335.306168452778,Producción de petróleo promedio diaria por cuenca
2025-09,2025-09-01,2025,9,petroleo,cuenca,ÑIRIHUAU,promedio_diario,0.0,Producción de petróleo promedio diaria por cuenca
2025-10,2025-10-01,2025,10,petroleo,cuenca,ARGENTINA NORTE,promedio_diario,0.0,Producción de petróleo promedio diaria por cuenca
2025-10,2025-10-01,2025,10,petroleo,cuenca,AUSTRAL,promedio_diario,1561.02261247742,Producción de petróleo promedio diaria por cuenca
2025-10,2025-10-01,2025,10,petroleo,cuenca,CAÑADON ASFALTO,promedio_diario,0.0,Producción de petróleo promedio diaria por cuenca
2025-10,2025-10-01,2025,10,petroleo,cuenca,CUYANA,promedio_diario,2208.77870967742,Producción de petróleo promedio diaria por cuenca
2025-10,2025-10-01,2025,10,petroleo,cuenca,GOLFO SAN JORGE,promedio_diario,28295.9301774194,Producción de petróleo promedio diaria por cuenca
2025-10,2025-10-01,2025,10,petroleo,cuenca,NEUQUINA,promedio_diario,102881.712131825,Producción de petróleo promedio diaria por cuenca
2025-10,2025-10-01,2025,10,petroleo,cuenca,NORESTE,promedio_diario,0.0,Producción de petróleo promedio diaria por cuenca
2025-10,2025-10-01,2025,10,petroleo,cuenca,NOROESTE,promedio_diario,327.599516129032,Producción de petróleo promedio diaria por cuenca
2025-10,2025-10-01,2025,10,petroleo,cuenca,ÑIRIHUAU,promedio_diario,0.0,Producción de petróleo promedio diaria por cuenca
2025-11,2025-11-01,2025,11,petroleo,cuenca,ARGENTINA NORTE,promedio_diario,0.0,Producción de petróleo promedio diaria por cuenca
2025-11,2025-11-01,2025,11,petroleo,cuenca,AUSTRAL,promedio_diario,1524.3518,Producción de petróleo promedio diaria por cuenca
2025-11,2025-11-01,2025,11,petroleo,cuenca,CAÑADON ASFALTO,promedio_diario,0.0,Producción de petróleo promedio diaria por cuenca
2025-11,2025-11-01,2025,11,petroleo,cuenca,CUYANA,promedio_diario,2201.77936666667,Producción de petróleo promedio diaria por cuenca
2025-11,2025-11-01,2025,11,petroleo,cuenca,GOLFO SAN JORGE,promedio_diario,26805.9864533333,Producción de petróleo promedio diaria por cuenca
2025-11,2025-11-01,2025,11,petroleo,cuenca,NEUQUINA,promedio_diario,103372.884323162,Producción de petróleo promedio diaria por cuenca
2025-11,2025-11-01,2025,11,petroleo,cuenca,NOROESTE,promedio_diario,320.136333333333,Producción de petróleo promedio diaria por cuenca
2025-11,2025-11-01,2025,11,petroleo,cuenca,ÑIRIHUAU,promedio_diario,0.0,Producción de petróleo promedio diaria por cuenca
