periodo_str,periodo_dt,anio,mes,producto,agrupador_tipo,agrupador_nombre,tipo_recurso,produccion,source_resource
2009-01,2009-01-01,2009,1,petroleo,provincia,Chubut,promedio_diario,25615.042483871,Producción de petróleo promedio diaria por provincia
2009-01,2009-01-01,2009,1,petroleo,provincia,Estado Nacional,promedio_diario,684.083225806452,Producción de petróleo promedio diaria por provincia
2009-01,2009-01-01,2009,1,petroleo,provincia,Formosa,promedio_diario,416.606451612903,Producción de petróleo promedio diaria por provincia
2009-01,2009-01-01,2009,1,petroleo,provincia,Jujuy,promedio_diario,46.4877419354839,Producción de petróleo promedio diaria por provincia
2009-01,2009-01-01,2009,1,petroleo,provincia,La Pampa,promedio_diario,3925.04709677419,Producción de petróleo promedio diaria por provincia
2009-01,2009-01-01,2009,1,petroleo,provincia,La Rioja,promedio_diario,0.0,Producción de petróleo promedio diaria por provincia
2009-01,2009-01-01,2009,1,petroleo,provincia,Mendoza,promedio_diario,15649.8159354839,Producción de petróleo promedio diaria por provincia
2009-01,2009-01-01,2009,1,petroleo,provincia,Neuquén,promedio_diario,22097.3238696774,Producción de petróleo promedio diaria por provincia
2009-01,2009-01-01,2009,1,petroleo,provincia,Rio Negro,promedio_diario,5885.35719354839,Producción de petróleo promedio diaria por provincia
2009-01,2009-01-01,2009,1,petroleo,provincia,Salta,promedio_diario,1662.38451612903,Producción de petróleo promedio diaria por provincia
2009-01,2009-01-01,2009,1,petroleo,provincia,San Juan,promedio_diario,0.0,Producción de petróleo promedio diaria por provincia
2009-01,2009-01-01,2009,1,petroleo,provincia,Santa Cruz,promedio_diario,19869.0703225806,Producción de petróleo promedio diaria por provincia
2009-01,2009-01-01,2009,1,petroleo,provincia,Tierra del Fuego,promedio_diario,2073.38029032258,Producción de petróleo promedio diaria por provincia
2009-02,2009-02-01,2009,2,petroleo,provincia,Chubut,promedio_diario,26076.7253928571,Producción de petróleo promedio diaria por provincia
2009-02,2009-02-01,2009,2,petroleo,provincia,Estado Nacional,promedio_diario,693.225392857143,Producción de petróleo promedio diaria por provincia
2009-02,2009-02-01,2009,2,petroleo,provincia,Formosa,promedio_diario,392.484642857143,Producción de petróleo promedio diaria por provincia
2009-02,2009-02-01,2009,2,petroleo,provincia,Jujuy,promedio_diario,47.2082142857143,Producción de petróleo promedio diaria por provincia
2009-02,2009-02-01,2009,2,petroleo,provincia,La Pampa,promedio_diario,4113.01071428571,Producción de petróleo promedio diaria por provincia
2009-02,2009-02-01,2009,2,petroleo,provincia,La Rioja,promedio_diario,0.0,Producción de petróleo promedio diaria por provincia
2009-02,2009-02-01,2009,2,petroleo,provincia,Mendoza,promedio_diario,15499.3893928571,Producción de petróleo promedio diaria por provincia
2009-02,2009-02-01,2009,2,petroleo,provincia,Neuquén,promedio_diario,22275.3870416786,Producción de petróleo promedio diaria por provincia
2009-02,2009-02-01,2009,2,petroleo,provincia,Rio Negro,promedio_diario,5785.68228571429,Producción de petróleo promedio diaria por provincia
2009-02,2009-02-01,2009,2,petroleo,provincia,Salta,promedio_diario,1668.65821428571,Producción de petróleo promedio diaria por provincia
2009-02,2009-02-01,2009,2,petroleo,provincia,San Juan,promedio_diario,0.0,Producción de petróleo promedio diaria por provincia
2009-02,2009-02-01,2009,2,petroleo,provincia,Santa Cruz,promedio_diario,21256.8513214286,Producción de petróleo promedio diaria por provincia
2009-02,2009-02-01,2009,2,petroleo,provincia,Tierra del Fuego,promedio_diario,2235.44332142857,Producción de petróleo promedio diaria por provincia
2009-03,2009-03-01,2009,3,petroleo,provincia,Chubut,promedio_diario,26318.5838064516,Producción de petróleo promedio diaria por provincia
2009-03,2009-03-01,2009,3,petroleo,provincia,Estado Nacional,promedio_diario,677.001612903226,Producción de petróleo promedio diaria por provincia
2009-03,2009-03-01,2009,3,petroleo,provincia,Formosa,promedio_diario,400.987096774194,Producción de petróleo promedio diaria por provincia
2009-03,2009-03-01,2009,3,petroleo,provincia,Jujuy,promedio_diario,48.161935483871,Producción de petróleo promedio diaria por provincia
2009-03,2009-03-01,2009,3,petroleo,provincia,La Pampa,promedio_diario,4155.01635483871,Producción de petróleo promedio diaria por provincia
2009-03,2009-03-01,2009,3,petroleo,provincia,La Rioja,promedio_diario,0.0,Producción de petróleo promedio diaria por provincia
2009-03,2009-03-01,2009,3,petroleo,provincia,Mendoza,promedio_diario,15529.9341612903,Producción de petróleo promedio diaria por provincia
2009-03,2009-03-01,2009,3,petroleo,provincia,Neuquén,promedio_diario,21571.1263191613,Producción de petróleo promedio diaria por provincia
2009-03,2009-03-01,2009,3,petroleo,provincia,Rio Negro,promedio_diario,5531.64422580645,Producción de petróleo promedio diaria por provincia
2009-03,2009-03-01,2009,3,petroleo,provincia,Salta,promedio_diario,1617.61935483871,Producción de petróleo promedio diaria por provincia
2009-03,2009-03-01,2009,3,petroleo,provincia,San Juan,promedio_diario,0.0,Producción de petróleo promedio diaria por provincia
2009-03,2009-03-01,2009,3,petroleo,provincia,Santa Cruz,promedio_diario,21357.3943870968,Producción de petróleo promedio diaria por provincia
2009-03,2009-03-01,2009,3,petroleo,provincia,Tierra del Fuego,promedio_diario,2122.05112903226,Producción de petróleo promedio diaria por provincia
2009-04,2009-04-01,2009,4,petroleo,provincia,Chubut,promedio_diario,26704.935,Producción de petróleo promedio diaria por provincia
2009-04,2009-04-01,2009,4,petroleo,provincia,Estado Nacional,promedio_diario,781.575333333333,Producción de petróleo promedio diaria por provincia
2009-04,2009-04-01,2009,4,petroleo,provincia,Formosa,promedio_diario,379.630666666667,Producción de petróleo promedio diaria por provincia
2009-04,2009-04-01,2009,4,petroleo,provincia,Jujuy,promedio_diario,49.877,Producción de petróleo promedio diaria por provincia
2009-04,2009-04-01,2009,4,petroleo,provincia,La Pampa,promedio_diario,4039.1,Producción de petróleo promedio diaria por provincia
2009-04,2009-04-01,2009,4,petroleo,provincia,La Rioja,promedio_diario,0.0,Producción de petróleo promedio diaria por provincia
2009-04,2009-04-01,2009,4,petroleo,provincia,Mendoza,promedio_diario,15406.0629666667,Producción de petróleo promedio diaria por provincia
2009-04,2009-04-01,2009,4,petroleo,provincia,Neuquén,promedio_diario,22040.6637918667,Producción de petróleo promedio diaria por provincia
2009-04,2009-04-01,2009,4,petroleo,provincia,Rio Negro,promedio_diario,5564.10873333333,Producción de petróleo promedio diaria por provincia
2009-04,2009-04-01,2009,4,petroleo,provincia,Salta,promedio_diario,1499.362,Producción de petróleo promedio diaria por provincia
2009-04,2009-04-01,2009,4,petroleo,provincia,San Juan,promedio_diario,0.0,Producción de petróleo promedio diaria por provincia
2009-04,2009-04-01,2009,4,petroleo,provincia,Santa Cruz,promedio_diario,20283.5192666667,Producción de petróleo promedio diaria por provincia
2009-04,2009-04-01,2009,4,petroleo,provincia,Tierra del Fuego,promedio_diario,2131.55116666667,Producción de petróleo promedio diaria por provincia
2009-05,2009-05-01,2009,5,petroleo,provincia,Chubut,promedio_diario,26997.7129032258,Producción de petróleo promedio diaria por provincia
2009-05,2009-05-01,2009,5,petroleo,provincia,Estado Nacional,promedio_diario,704.651612903226,Producción de petróleo promedio diaria por provincia
2009-05,2009-05-01,2009,5,petroleo,provincia,Formosa,promedio_diario,402.652903225806,Producción de petróleo promedio diaria por provincia
2009-05,2009-05-01,2009,5,petroleo,provincia,Jujuy,promedio_diario,40.3654838709677,Producción de petróleo promedio diaria por provincia
2009-05,2009-05-01,2009,5,petroleo,provincia,La Pampa,promedio_diario,4003.43032258065,Producción de petróleo promedio diaria por provincia
2009-05,2009-05-01,2009,5,petroleo,provincia,La Rioja,promedio_diario,0.0,Producción de petróleo promedio diaria por provincia
2009-05,2009-05-01,2009,5,petroleo,provincia,Mendoza,promedio_diario,14924.8939032258,Producción de petróleo promedio diaria por provincia
2009-05,2009-05-01,2009,5,petroleo,provincia,Neuquén,promedio_diario,21239.3107719032,Producción de petróleo promedio diaria por provincia
2009-05,2009-05-01,2009,5,petroleo,provincia,Rio Negro,promedio_diario,5575.32370967742,Producción de petróleo promedio diaria por provincia
2009-05,2009-05-01,2009,5,petroleo,provincia,Salta,promedio_diario,1600.80451612903,Producción de petróleo promedio diaria por provincia
2009-05,2009-05-01,2009,5,petroleo,provincia,San Juan,promedio_diario,0.0,Producción de petróleo promedio diaria por provincia
2009-05,2009-05-01,2009,5,petroleo,provincia,Santa Cruz,promedio_diario,20476.0766774194,Producción de petróleo promedio diaria por provincia
2009-05,2009-05-01,2009,5,petroleo,provincia,Tierra del Fuego,promedio_diario,2186.77632258065,Producción de petróleo promedio diaria por provincia
2009-06,2009-06-01,2009,6,petroleo,provincia,Chubut,promedio_diario,27124.3917333333,Producción de petróleo promedio diaria por provincia
2009-06,2009-06-01,2009,6,petroleo,provincia,Estado Nacional,promedio_diario,721.808,Producción de petróleo promedio diaria por provincia
2009-06,2009-06-01,2009,6,petroleo,provincia,Formosa,promedio_diario,333.320666666667,Producción de petróleo promedio diaria por provincia
2009-06,2009-06-01,2009,6,petroleo,provincia,Jujuy,promedio_diario,43.7903333333333,Producción de petróleo promedio diaria por provincia
2009-06,2009-06-01,2009,6,petroleo,provincia,La Pampa,promedio_diario,4039.61733333333,Producción de petróleo promedio diaria por provincia
2009-06,2009-06-01,2009,6,petroleo,provincia,La Rioja,promedio_diario,0.0,Producción de petróleo promedio diaria por provincia
2009-06,2009-06-01,2009,6,petroleo,provincia,Mendoza,promedio_diario,15142.1005333333,Producción de petróleo promedio diaria por provincia
2009-06,2009-06-01,2009,6,petroleo,provincia,Neuquén,promedio_diario,21696.4131732,Producción de petróleo promedio diaria por provincia
2009-06,2009-06-01,2009,6,petroleo,provincia,Rio Negro,promedio_diario,5669.28613333333,Producción de petróleo promedio diaria por provincia
2009-06,2009-06-01,2009,6,petroleo,provincia,Salta,promedio_diario,1621.42966666667,Producción de petróleo promedio diaria por provincia
2009-06,2009-06-01,2009,6,petroleo,provincia,San Juan,promedio_diario,0.0,Producción de petróleo promedio diaria por provincia
2009-06,2009-06-01,2009,6,petroleo,provincia,Santa Cruz,promedio_diario,17013.7119333333,Producción de petróleo promedio diaria por provincia
2009-06,2009-06-01,2009,6,petroleo,provincia,Tierra del Fuego,promedio_diario,2297.92556666667,Producción de petróleo promedio diaria por provincia
2009-07,2009-07-01,2009,7,petroleo,provincia,Chubut,promedio_diario,26559.2767096774,Producción de petróleo promedio diaria por provincia
2009-07,2009-07-01,2009,7,petroleo,provincia,Estado Nacional,promedio_diario,823.03,Producción de petróleo promedio diaria por provincia
2009-07,2009-07-01,2009,7,petroleo,provincia,Formosa,promedio_diario,328.470322580645,Producción de petróleo promedio diaria por provincia
2009-07,2009-07-01,2009,7,petroleo,provincia,Jujuy,promedio_diario,51.9487096774194,Producción de petróleo promedio diaria por provincia
2009-07,2009-07-01,2009,7,petroleo,provincia,La Pampa,promedio_diario,3979.7864516129,Producción de petróleo promedio diaria por provincia
2009-07,2009-07-01,2009,7,petroleo,provincia,La Rioja,promedio_diario,0.0,Producción de petróleo promedio diaria por provincia
2009-07,2009-07-01,2009,7,petroleo,provincia,Mendoza,promedio_diario,14760.9461290323,Producción de petróleo promedio diaria por provincia
2009-07,2009-07-01,2009,7,petroleo,provincia,Neuquén,promedio_diario,20101.0696493226,Producción de petróleo promedio diaria por provincia
2009-07,2009-07-01,2009,7,petroleo,provincia,Rio Negro,promedio_diario,5184.88858064516,Producción de petróleo promedio diaria por provincia
2009-07,2009-07-01,2009,7,petroleo,provincia,Salta,promedio_diario,1614.40677419355,Producción de petróleo promedio diaria por provincia
2009-07,2009-07-01,2009,7,petroleo,provincia,San Juan,promedio_diario,0.0,Producción de petróleo promedio diaria por provincia
2009-07,2009-07-01,2009,7,petroleo,provincia,Santa Cruz,promedio_diario,20135.4344193548,Producción de petróleo promedio diaria por provincia
2009-07,2009-07-01,2009,7,petroleo,provincia,Tierra del Fuego,promedio_diario,2233.01793548387,Producción de petróleo promedio diaria por provincia
2009-08,2009-08-01,2009,8,petroleo,provincia,Chubut,promedio_diario,26566.9795483871,Producción de petróleo promedio diaria por provincia
2009-08,2009-08-01,2009,8,petroleo,provincia,Estado Nacional,promedio_diario,671.282258064516,Producción de petróleo promedio diaria por provincia
2009-08,2009-08-01,2009,8,petroleo,provincia,Formosa,promedio_diario,389.068709677419,Producción de petróleo promedio diaria por provincia
2009-08,2009-08-01,2009,8,petroleo,provincia,Jujuy,promedio_diario,58.411935483871,Producción de petróleo promedio diaria por provincia
2009-08,2009-08-01,2009,8,petroleo,provincia,La Pampa,promedio_diario,3924.81309677419,Producción de petróleo promedio diaria por provincia
2009-08,2009-08-01,2009,8,petroleo,provincia,La Rioja,promedio_diario,0.0,Producción de petróleo promedio diaria por provincia
2009-08,2009-08-01,2009,8,petroleo,provincia,Mendoza,promedio_diario,14595.7109032258,Producción de petróleo promedio diaria por provincia
2009-08,2009-08-01,2009,8,petroleo,provincia,Neuquén,promedio_diario,21398.0267433226,Producción de petróleo promedio diaria por provincia
2009-08,2009-08-01,2009,8,petroleo,provincia,Rio Negro,promedio_diario,5602.14667741936,Producción de petróleo promedio diaria por provincia
2009-08,2009-08-01,2009,8,petroleo,provincia,Salta,promedio_diario,1611.44193548387,Producción de petróleo promedio diaria por provincia
2009-08,2009-08-01,2009,8,petroleo,provincia,San Juan,promedio_diario,0.0,Producción de petróleo promedio diaria por provincia
2009-08,2009-08-01,2009,8,petroleo,provincia,Santa Cruz,promedio_diario,7299.92174193548,Producción de petróleo promedio diaria por provincia
2009-08,2009-08-01,2009,8,petroleo,provincia,Tierra del Fuego,promedio_diario,2062.95990322581,Producción de petróleo promedio diaria por provincia
2009-09,2009-09-01,2009,9,petroleo,provincia,Chubut,promedio_diario,26212.8935333333,Producción de petróleo promedio diaria por provincia
2009-09,2009-09-01,2009,9,petroleo,provincia,Estado Nacional,promedio_diario,885.060333333333,Producción de petróleo promedio diaria por provincia
2009-09,2009-09-01,2009,9,petroleo,provincia,Formosa,promedio_diario,391.915333333333,Producción de petróleo promedio diaria por provincia
2009-09,2009-09-01,2009,9,petroleo,provincia,Jujuy,promedio_diario,58.15,Producción de petróleo promedio diaria por provincia
2009-09,2009-09-01,2009,9,petroleo,provincia,La Pampa,promedio_diario,3765.60833333333,Producción de petróleo promedio diaria por provincia
2009-09,2009-09-01,2009,9,petroleo,provincia,La Rioja,promedio_diario,0.0,Producción de petróleo promedio diaria por provincia
2009-09,2009-09-01,2009,9,petroleo,provincia,Mendoza,promedio_diario,14355.6734666667,Producción de petróleo promedio diaria por provincia
2009-09,2009-09-01,2009,9,petroleo,provincia,Neuquén,promedio_diario,20512.4410695667,Producción de petróleo promedio diaria por provincia
2009-09,2009-09-01,2009,9,petroleo,provincia,Rio Negro,promedio_diario,5557.869,Producción de petróleo promedio diaria por provincia
2009-09,2009-09-01,2009,9,petroleo,provincia,Salta,promedio_diario,1566.68233333333,Producción de petróleo promedio diaria por provincia
2009-09,2009-09-01,2009,9,petroleo,provincia,San Juan,promedio_diario,0.0,Producción de petróleo promedio diaria por provincia
2009-09,2009-09-01,2009,9,petroleo,provincia,Santa Cruz,promedio_diario,20529.5771333333,Producción de petróleo promedio diaria por provincia
2009-09,2009-09-01,2009,9,petroleo,provincia,Tierra del Fuego,promedio_diario,2196.11543333333,Producción de petróleo promedio diaria por provincia
2009-10,2009-10-01,2009,10,petroleo,provincia,Chubut,promedio_diario,26524.3536774194,Producción de petróleo promedio diaria por provincia
2009-10,2009-10-01,2009,10,petroleo,provincia,Estado Nacional,promedio_diario,830.653548387097,Producción de petróleo promedio diaria por provincia
2009-10,2009-10-01,2009,10,petroleo,provincia,Formosa,promedio_diario,390.837419354839,Producción de petróleo promedio diaria por provincia
2009-10,2009-10-01,2009,10,petroleo,provincia,Jujuy,promedio_diario,53.3090322580645,Producción de petróleo promedio diaria por provincia
2009-10,2009-10-01,2009,10,petroleo,provincia,La Pampa,promedio_diario,3912.8215483871,Producción de petróleo promedio diaria por provincia
2009-10,2009-10-01,2009,10,petroleo,provincia,La Rioja,promedio_diario,0.0,Producción de petróleo promedio diaria por provincia
2009-10,2009-10-01,2009,10,petroleo,provincia,Mendoza,promedio_diario,14710.8087741935,Producción de petróleo promedio diaria por provincia
2009-10,2009-10-01,2009,10,petroleo,provincia,Neuquén,promedio_diario,21073.1180283871,Producción de petróleo promedio diaria por provincia
2009-10,2009-10-01,2009,10,petroleo,provincia,Rio Negro,promedio_diario,5706.34748387097,Producción de petróleo promedio diaria por provincia
2009-10,2009-10-01,2009,10,petroleo,provincia,Salta,promedio_diario,1569.32096774194,Producción de petróleo promedio diaria por provincia
2009-10,2009-10-01,2009,10,petroleo,provincia,San Juan,promedio_diario,0.0,Producción de petróleo promedio diaria por provincia
2009-10,2009-10-01,2009,10,petroleo,provincia,Santa Cruz,promedio_diario,20664.8107096129,Producción de petróleo promedio diaria por provincia
2009-10,2009-10-01,2009,10,petroleo,provincia,Tierra del Fuego,promedio_diario,2150.43961290323,Producción de petróleo promedio diaria por provincia
2009-11,2009-11-01,2009,11,petroleo,provincia,Chubut,promedio_diario,26014.6130333333,Producción de petróleo promedio diaria por provincia
2009-11,2009-11-01,2009,11,petroleo,provincia,Estado Nacional,promedio_diario,764.339666666667,Producción de petróleo promedio diaria por provincia
2009-11,2009-11-01,2009,11,petroleo,provincia,Formosa,promedio_diario,396.288,Producción de petróleo promedio diaria por provincia
2009-11,2009-11-01,2009,11,petroleo,provincia,Jujuy,promedio_diario,49.7223333333333,Producción de petróleo promedio diaria por provincia
2009-11,2009-11-01,2009,11,petroleo,provincia,La Pampa,promedio_diario,3642.72153333333,Producción de petróleo promedio diaria por provincia
2009-11,2009-11-01,2009,11,petroleo,provincia,La Rioja,promedio_diario,0.0,Producción de petróleo promedio diaria por provincia
2009-11,2009-11-01,2009,11,petroleo,provincia,Mendoza,promedio_diario,14816.1397,Producción de petróleo promedio diaria por provincia
2009-11,2009-11-01,2009,11,petroleo,provincia,Neuquén,promedio_diario,20590.1600412667,Producción de petróleo promedio diaria por provincia
2009-11,2009-11-01,2009,11,petroleo,provincia,Rio Negro,promedio_diario,5841.24663333333,Producción de petróleo promedio diaria por provincia
2009-11,2009-11-01,2009,11,petroleo,provincia,Salta,promedio_diario,1522.12933333333,Producción de petróleo promedio diaria por provincia
2009-11,2009-11-01,2009,11,petroleo,provincia,San Juan,promedio_diario,0.0,Producción de petróleo promedio diaria por provincia
2009-11,2009-11-01,2009,11,petroleo,provincia,Santa Cruz,promedio_diario,18615.9690633333,Producción de petróleo promedio diaria por provincia
2009-11,2009-11-01,2009,11,petroleo,provincia,Tierra del Fuego,promedio_diario,2053.73013333333,Producción de petróleo promedio diaria por provincia
2009-12,2009-12-01,2009,12,petroleo,provincia,Chubut,promedio_diario,25940.5863225806,Producción de petróleo promedio diaria por provincia
2009-12,2009-12-01,2009,12,petroleo,provincia,Estado Nacional,promedio_diario,810.707419354839,Producción de petróleo promedio diaria por provincia
2009-12,2009-12-01,2009,12,petroleo,provincia,Formosa,promedio_diario,338.084838709677,Producción de petróleo promedio diaria por provincia
2009-12,2009-12-01,2009,12,petroleo,provincia,Jujuy,promedio_diario,43.3683870967742,Producción de petróleo promedio diaria por provincia
2009-12,2009-12-01,2009,12,petroleo,provincia,La Pampa,promedio_diario,3888.24451612903,Producción de petróleo promedio diaria por provincia
2009-12,2009-12-01,2009,12,petroleo,provincia,La Rioja,promedio_diario,0.0,Producción de petróleo promedio diaria por provincia
2009-12,2009-12-01,2009,12,petroleo,provincia,Mendoza,promedio_diario,14952.752,Producción de petróleo promedio diaria por provincia
2009-12,2009-12-01,2009,12,petroleo,provincia,Neuquén,promedio_diario,20297.4882817742,Producción de petróleo promedio diaria por provincia
2009-12,2009-12-01,2009,12,petroleo,provincia,Rio Negro,promedio_diario,5737.01835483871,Producción de petróleo promedio diaria por provincia
2009-12,2009-12-01,2009,12,petroleo,provincia,Salta,promedio_diario,1505.60516129032,Producción de petróleo promedio diaria por provincia
2009-12,2009-12-01,2009,12,petroleo,provincia,San Juan,promedio_diario,0.0,Producción de petróleo promedio diaria por provincia
2009-12,2009-12-01,2009,12,petroleo,provincia,Santa Cruz,promedio_diario,18719.4785483871,Producción de petróleo promedio diaria por provincia
2009-12,2009-12-01,2009,12,petroleo,provincia,Tierra del Fuego,promedio_diario,2017.60351612903,Producción de petróleo promedio diaria por provincia
2010-01,2010-01-01,2010,1,petroleo,provincia,Chubut,promedio_diario,26686.6210322581,Producción de petróleo promedio diaria por provincia
2010-01,2010-01-01,2010,1,petroleo,provincia,Estado Nacional,promedio_diario,768.379032258065,Producción de petróleo promedio diaria por provincia
2010-01,2010-01-01,2010,1,petroleo,provincia,Formosa,promedio_diario,387.928064516129,Producción de petróleo promedio diaria por provincia
2010-01,2010-01-01,2010,1,petroleo,provincia,Jujuy,promedio_diario,48.1293548387097,Producción de petróleo promedio diaria por provincia
2010-01,2010-01-01,2010,1,petroleo,provincia,La Pampa,promedio_diario,3797.6835483871,Producción de petróleo promedio diaria por provincia
2010-01,2010-01-01,2010,1,petroleo,provincia,La Rioja,promedio_diario,0.0,Producción de petróleo promedio diaria por provincia
2010-01,2010-01-01,2010,1,petroleo,provincia,Mendoza,promedio_diario,14895.5096451613,Producción de petróleo promedio diaria por provincia
2010-01,2010-01-01,2010,1,petroleo,provincia,Neuquén,promedio_diario,20165.5324193548,Producción de petróleo promedio diaria por provincia
2010-01,2010-01-01,2010,1,petroleo,provincia,Rio Negro,promedio_diario,5592.01983870968,Producción de petróleo promedio diaria por provincia
2010-01,2010-01-01,2010,1,petroleo,provincia,Salta,promedio_diario,1463.18096774194,Producción de petróleo promedio diaria por provincia
2010-01,2010-01-01,2010,1,petroleo,provincia,San Juan,promedio_diario,0.0,Producción de petróleo promedio diaria por provincia
2010-01,2010-01-01,2010,1,petroleo,provincia,Santa Cruz,promedio_diario,20008.6906604129,Producción de petróleo promedio diaria por provincia
2010-01,2010-01-01,2010,1,petroleo,provincia,Tierra del Fuego,promedio_diario,1920.16541928742,Producción de petróleo promedio diaria por provincia
2010-02,2010-02-01,2010,2,petroleo,provincia,Chubut,promedio_diario,26548.8678571429,Producción de petróleo promedio diaria por provincia
2010-02,2010-02-01,2010,2,petroleo,provincia,Estado Nacional,promedio_diario,912.170357142857,Producción de petróleo promedio diaria por provincia
2010-02,2010-02-01,2010,2,petroleo,provincia,Formosa,promedio_diario,382.952142857143,Producción de petróleo promedio diaria por provincia
2010-02,2010-02-01,2010,2,petroleo,provincia,Jujuy,promedio_diario,55.3632142857143,Producción de petróleo promedio diaria por provincia
2010-02,2010-02-01,2010,2,petroleo,provincia,La Pampa,promedio_diario,3797.07678571429,Producción de petróleo promedio diaria por provincia
2010-02,2010-02-01,2010,2,petroleo,provincia,La Rioja,promedio_diario,0.0,Producción de petróleo promedio diaria por provincia
2010-02,2010-02-01,2010,2,petroleo,provincia,Mendoza,promedio_diario,14961.7078214286,Producción de petróleo promedio diaria por provincia
2010-02,2010-02-01,2010,2,petroleo,provincia,Neuquén,promedio_diario,20280.2698571429,Producción de petróleo promedio diaria por provincia
2010-02,2010-02-01,2010,2,petroleo,provincia,Rio Negro,promedio_diario,5745.89592857143,Producción de petróleo promedio diaria por provincia
2010-02,2010-02-01,2010,2,petroleo,provincia,Salta,promedio_diario,1456.93460714286,Producción de petróleo promedio diaria por provincia
2010-02,2010-02-01,2010,2,petroleo,provincia,San Juan,promedio_diario,0.0,Producción de petróleo promedio diaria por provincia
2010-02,2010-02-01,2010,2,petroleo,provincia,Santa Cruz,promedio_diario,19546.9891171379,Producción de petróleo promedio diaria por provincia
2010-02,2010-02-01,2010,2,petroleo,provincia,Tierra del Fuego,promedio_diario,1955.34739288786,Producción de petróleo promedio diaria por provincia
2010-03,2010-03-01,2010,3,petroleo,provincia,Chubut,promedio_diario,26743.0627096774,Producción de petróleo promedio diaria por provincia
2010-03,2010-03-01,2010,3,petroleo,provincia,Estado Nacional,promedio_diario,829.175483870968,Producción de petróleo promedio diaria por provincia
2010-03,2010-03-01,2010,3,petroleo,provincia,Formosa,promedio_diario,363.17935483871,Producción de petróleo promedio diaria por provincia
2010-03,2010-03-01,2010,3,petroleo,provincia,Jujuy,promedio_diario,55.0474193548387,Producción de petróleo promedio diaria por provincia
2010-03,2010-03-01,2010,3,petroleo,provincia,La Pampa,promedio_diario,3783.40896774194,Producción de petróleo promedio diaria por provincia
2010-03,2010-03-01,2010,3,petroleo,provincia,La Rioja,promedio_diario,0.0,Producción de petróleo promedio diaria por provincia
2010-03,2010-03-01,2010,3,petroleo,provincia,Mendoza,promedio_diario,14599.0006129032,Producción de petróleo promedio diaria por provincia
2010-03,2010-03-01,2010,3,petroleo,provincia,Neuquén,promedio_diario,20192.3966774194,Producción de petróleo promedio diaria por provincia
2010-03,2010-03-01,2010,3,petroleo,provincia,Rio Negro,promedio_diario,6093.91880645161,Producción de petróleo promedio diaria por provincia
2010-03,2010-03-01,2010,3,petroleo,provincia,Salta,promedio_diario,1400.61161290323,Producción de petróleo promedio diaria por provincia
2010-03,2010-03-01,2010,3,petroleo,provincia,San Juan,promedio_diario,0.0,Producción de petróleo promedio diaria por provincia
2010-03,2010-03-01,2010,3,petroleo,provincia,Santa Cruz,promedio_diario,19954.7443963768,Producción de petróleo promedio diaria por provincia
2010-03,2010-03-01,2010,3,petroleo,provincia,Tierra del Fuego,promedio_diario,1900.4012579971,Producción de petróleo promedio diaria por provincia
2010-04,2010-04-01,2010,4,petroleo,provincia,Chubut,promedio_diario,26850.9154666667,Producción de petróleo promedio diaria por provincia
2010-04,2010-04-01,2010,4,petroleo,provincia,Estado Nacional,promedio_diario,804.974,Producción de petróleo promedio diaria por provincia
2010-04,2010-04-01,2010,4,petroleo,provincia,Formosa,promedio_diario,360.735666666667,Producción de petróleo promedio diaria por provincia
2010-04,2010-04-01,2010,4,petroleo,provincia,Jujuy,promedio_diario,55.0176666666667,Producción de petróleo promedio diaria por provincia
2010-04,2010-04-01,2010,4,petroleo,provincia,La Pampa,promedio_diario,3744.47533333333,Producción de petróleo promedio diaria por provincia
2010-04,2010-04-01,2010,4,petroleo,provincia,La Rioja,promedio_diario,0.0,Producción de petróleo promedio diaria por provincia
2010-04,2010-04-01,2010,4,petroleo,provincia,Mendoza,promedio_diario,14475.77696,Producción de petróleo promedio diaria por provincia
2010-04,2010-04-01,2010,4,petroleo,provincia,Neuquén,promedio_diario,20199.6846666667,Producción de petróleo promedio diaria por provincia
2010-04,2010-04-01,2010,4,petroleo,provincia,Rio Negro,promedio_diario,6131.69903333333,Producción de petróleo promedio diaria por provincia
2010-04,2010-04-01,2010,4,petroleo,provincia,Salta,promedio_diario,1440.11533333333,Producción de petróleo promedio diaria por provincia
2010-04,2010-04-01,2010,4,petroleo,provincia,San Juan,promedio_diario,0.0,Producción de petróleo promedio diaria por provincia
2010-04,2010-04-01,2010,4,petroleo,provincia,Santa Cruz,promedio_diario,19841.6837553729,Producción de petróleo promedio diaria por provincia
2010-04,2010-04-01,2010,4,petroleo,provincia,Tierra del Fuego,promedio_diario,1888.13836661833,Producción de petróleo promedio diaria por provincia
2010-05,2010-05-01,2010,5,petroleo,provincia,Chubut,promedio_diario,26471.6590322581,Producción de petróleo promedio diaria por provincia
2010-05,2010-05-01,2010,5,petroleo,provincia,Estado Nacional,promedio_diario,855.509032258065,Producción de petróleo promedio diaria por provincia
2010-05,2010-05-01,2010,5,petroleo,provincia,Formosa,promedio_diario,332.453870967742,Producción de petróleo promedio diaria por provincia
2010-05,2010-05-01,2010,5,petroleo,provincia,Jujuy,promedio_diario,55.4790322580645,Producción de petróleo promedio diaria por provincia
2010-05,2010-05-01,2010,5,petroleo,provincia,La Pampa,promedio_diario,3862.3904516129,Producción de petróleo promedio diaria por provincia
2010-05,2010-05-01,2010,5,petroleo,provincia,La Rioja,promedio_diario,0.0,Producción de petróleo promedio diaria por provincia
2010-05,2010-05-01,2010,5,petroleo,provincia,Mendoza,promedio_diario,14625.9270322581,Producción de petróleo promedio diaria por provincia
2010-05,2010-05-01,2010,5,petroleo,provincia,Neuquén,promedio_diario,20089.641483871,Producción de petróleo promedio diaria por provincia
2010-05,2010-05-01,2010,5,petroleo,provincia,Rio Negro,promedio_diario,6151.30648387097,Producción de petróleo promedio diaria por provincia
2010-05,2010-05-01,2010,5,petroleo,provincia,Salta,promedio_diario,1428.94387096774,Producción de petróleo promedio diaria por provincia
2010-05,2010-05-01,2010,5,petroleo,provincia,San Juan,promedio_diario,0.0,Producción de petróleo promedio diaria por provincia
2010-05,2010-05-01,2010,5,petroleo,provincia,Santa Cruz,promedio_diario,19685.5276606468,Producción de petróleo promedio diaria por provincia
2010-05,2010-05-01,2010,5,petroleo,provincia,Tierra del Fuego,promedio_diario,1877.63267740839,Producción de petróleo promedio diaria por provincia
2010-06,2010-06-01,2010,6,petroleo,provincia,Chubut,promedio_diario,26607.2590666667,Producción de petróleo promedio diaria por provincia
2010-06,2010-06-01,2010,6,petroleo,provincia,Estado Nacional,promedio_diario,928.62,Producción de petróleo promedio diaria por provincia
2010-06,2010-06-01,2010,6,petroleo,provincia,Formosa,promedio_diario,305.512666666667,Producción de petróleo promedio diaria por provincia
2010-06,2010-06-01,2010,6,petroleo,provincia,Jujuy,promedio_diario,55.9083333333333,Producción de petróleo promedio diaria por provincia
2010-06,2010-06-01,2010,6,petroleo,provincia,La Pampa,promedio_diario,4102.68376666667,Producción de petróleo promedio diaria por provincia
2010-06,2010-06-01,2010,6,petroleo,provincia,La Rioja,promedio_diario,0.0,Producción de petróleo promedio diaria por provincia
2010-06,2010-06-01,2010,6,petroleo,provincia,Mendoza,promedio_diario,14833.5473666667,Producción de petróleo promedio diaria por provincia
2010-06,2010-06-01,2010,6,petroleo,provincia,Neuquén,promedio_diario,20029.0083,Producción de petróleo promedio diaria por provincia
2010-06,2010-06-01,2010,6,petroleo,provincia,Rio Negro,promedio_diario,6186.16003333333,Producción de petróleo promedio diaria por provincia
2010-06,2010-06-01,2010,6,petroleo,provincia,Salta,promedio_diario,1453.118,Producción de petróleo promedio diaria por provincia
2010-06,2010-06-01,2010,6,petroleo,provincia,San Juan,promedio_diario,0.0,Producción de petróleo promedio diaria por provincia
2010-06,2010-06-01,2010,6,petroleo,provincia,Santa Cruz,promedio_diario,19587.537801334,Producción de petróleo promedio diaria por provincia
2010-06,2010-06-01,2010,6,petroleo,provincia,Tierra del Fuego,promedio_diario,1830.18636657967,Producción de petróleo promedio diaria por provincia
2010-07,2010-07-01,2010,7,petroleo,provincia,Chubut,promedio_diario,26304.1662258065,Producción de petróleo promedio diaria por provincia
2010-07,2010-07-01,2010,7,petroleo,provincia,Estado Nacional,promedio_diario,977.48,Producción de petróleo promedio diaria por provincia
2010-07,2010-07-01,2010,7,petroleo,provincia,Formosa,promedio_diario,300.901612903226,Producción de petróleo promedio diaria por provincia
2010-07,2010-07-01,2010,7,petroleo,provincia,Jujuy,promedio_diario,54.571935483871,Producción de petróleo promedio diaria por provincia
2010-07,2010-07-01,2010,7,petroleo,provincia,La Pampa,promedio_diario,4005.82832258065,Producción de petróleo promedio diaria por provincia
2010-07,2010-07-01,2010,7,petroleo,provincia,La Rioja,promedio_diario,0.0,Producción de petróleo promedio diaria por provincia
2010-07,2010-07-01,2010,7,petroleo,provincia,Mendoza,promedio_diario,14625.1640322581,Producción de petróleo promedio diaria por provincia
2010-07,2010-07-01,2010,7,petroleo,provincia,Neuquén,promedio_diario,19842.4202903226,Producción de petróleo promedio diaria por provincia
2010-07,2010-07-01,2010,7,petroleo,provincia,Rio Negro,promedio_diario,6242.6445483871,Producción de petróleo promedio diaria por provincia
2010-07,2010-07-01,2010,7,petroleo,provincia,Salta,promedio_diario,1416.07451612903,Producción de petróleo promedio diaria por provincia
2010-07,2010-07-01,2010,7,petroleo,provincia,San Juan,promedio_diario,0.0,Producción de petróleo promedio diaria por provincia
2010-07,2010-07-01,2010,7,petroleo,provincia,Santa Cruz,promedio_diario,19710.1142903226,Producción de petróleo promedio diaria por provincia
2010-07,2010-07-01,2010,7,petroleo,provincia,Tierra del Fuego,promedio_diario,1949.10980646645,Producción de petróleo promedio diaria por provincia
2010-08,2010-08-01,2010,8,petroleo,provincia,Chubut,promedio_diario,26710.8102903226,Producción de petróleo promedio diaria por provincia
2010-08,2010-08-01,2010,8,petroleo,provincia,Estado Nacional,promedio_diario,914.417096774194,Producción de petróleo promedio diaria por provincia
2010-08,2010-08-01,2010,8,petroleo,provincia,Formosa,promedio_diario,294.465161290323,Producción de petróleo promedio diaria por provincia
2010-08,2010-08-01,2010,8,petroleo,provincia,Jujuy,promedio_diario,57.9258064516129,Producción de petróleo promedio diaria por provincia
2010-08,2010-08-01,2010,8,petroleo,provincia,La Pampa,promedio_diario,4067.09441935484,Producción de petróleo promedio diaria por provincia
2010-08,2010-08-01,2010,8,petroleo,provincia,La Rioja,promedio_diario,0.0,Producción de petróleo promedio diaria por provincia
2010-08,2010-08-01,2010,8,petroleo,provincia,Mendoza,promedio_diario,14383.3681612903,Producción de petróleo promedio diaria por provincia
2010-08,2010-08-01,2010,8,petroleo,provincia,Neuquén,promedio_diario,20097.7640322581,Producción de petróleo promedio diaria por provincia
2010-08,2010-08-01,2010,8,petroleo,provincia,Rio Negro,promedio_diario,6283.044,Producción de petróleo promedio diaria por provincia
2010-08,2010-08-01,2010,8,petroleo,provincia,Salta,promedio_diario,1393.12548387097,Producción de petróleo promedio diaria por provincia
2010-08,2010-08-01,2010,8,petroleo,provincia,San Juan,promedio_diario,0.0,Producción de petróleo promedio diaria por provincia
2010-08,2010-08-01,2010,8,petroleo,provincia,Santa Cruz,promedio_diario,19547.674763507,Producción de petróleo promedio diaria por provincia
2010-08,2010-08-01,2010,8,petroleo,provincia,Tierra del Fuego,promedio_diario,1815.48774189258,Producción de petróleo promedio diaria por provincia
2010-09,2010-09-01,2010,9,petroleo,provincia,Chubut,promedio_diario,25099.8475333333,Producción de petróleo promedio diaria por provincia
2010-09,2010-09-01,2010,9,petroleo,provincia,Estado Nacional,promedio_diario,711.371666666667,Producción de petróleo promedio diaria por provincia
2010-09,2010-09-01,2010,9,petroleo,provincia,Formosa,promedio_diario,337.379,Producción de petróleo promedio diaria por provincia
2010-09,2010-09-01,2010,9,petroleo,provincia,Jujuy,promedio_diario,70.4233333333333,Producción de petróleo promedio diaria por provincia
2010-09,2010-09-01,2010,9,petroleo,provincia,La Pampa,promedio_diario,4158.5159,Producción de petróleo promedio diaria por provincia
2010-09,2010-09-01,2010,9,petroleo,provincia,La Rioja,promedio_diario,0.0,Producción de petróleo promedio diaria por provincia
2010-09,2010-09-01,2010,9,petroleo,provincia,Mendoza,promedio_diario,14167.2082333333,Producción de petróleo promedio diaria por provincia
2010-09,2010-09-01,2010,9,petroleo,provincia,Neuquén,promedio_diario,19849.8658,Producción de petróleo promedio diaria por provincia
2010-09,2010-09-01,2010,9,petroleo,provincia,Rio Negro,promedio_diario,6168.85026666667,Producción de petróleo promedio diaria por provincia
2010-09,2010-09-01,2010,9,petroleo,provincia,Salta,promedio_diario,1369.29433333333,Producción de petróleo promedio diaria por provincia
2010-09,2010-09-01,2010,9,petroleo,provincia,San Juan,promedio_diario,0.0,Producción de petróleo promedio diaria por provincia
2010-09,2010-09-01,2010,9,petroleo,provincia,Santa Cruz,promedio_diario,20314.4505071397,Producción de petróleo promedio diaria por provincia
2010-09,2010-09-01,2010,9,petroleo,provincia,Tierra del Fuego,promedio_diario,1808.80453338433,Producción de petróleo promedio diaria por provincia
2010-10,2010-10-01,2010,10,petroleo,provincia,Chubut,promedio_diario,26620.4939354839,Producción de petróleo promedio diaria por provincia
2010-10,2010-10-01,2010,10,petroleo,provincia,Estado Nacional,promedio_diario,574.452903225806,Producción de petróleo promedio diaria por provincia
2010-10,2010-10-01,2010,10,petroleo,provincia,Formosa,promedio_diario,373.876774193548,Producción de petróleo promedio diaria por provincia
2010-10,2010-10-01,2010,10,petroleo,provincia,Jujuy,promedio_diario,72.1835483870968,Producción de petróleo promedio diaria por provincia
2010-10,2010-10-01,2010,10,petroleo,provincia,La Pampa,promedio_diario,4204.16406451613,Producción de petróleo promedio diaria por provincia
2010-10,2010-10-01,2010,10,petroleo,provincia,La Rioja,promedio_diario,0.0,Producción de petróleo promedio diaria por provincia
2010-10,2010-10-01,2010,10,petroleo,provincia,Mendoza,promedio_diario,14107.348,Producción de petróleo promedio diaria por provincia
2010-10,2010-10-01,2010,10,petroleo,provincia,Misiones,promedio_diario,0.0,Producción de petróleo promedio diaria por provincia
2010-10,2010-10-01,2010,10,petroleo,provincia,Neuquén,promedio_diario,19607.0369354839,Producción de petróleo promedio diaria por provincia
2010-10,2010-10-01,2010,10,petroleo,provincia,Rio Negro,promedio_diario,6090.01558064516,Producción de petróleo promedio diaria por provincia
2010-10,2010-10-01,2010,10,petroleo,provincia,Salta,promedio_diario,1352.61064516129,Producción de petróleo promedio diaria por provincia
2010-10,2010-10-01,2010,10,petroleo,provincia,San Juan,promedio_diario,0.0,Producción de petróleo promedio diaria por provincia
2010-10,2010-10-01,2010,10,petroleo,provincia,Santa Cruz,promedio_diario,18253.6284914978,Producción de petróleo promedio diaria por provincia
2010-10,2010-10-01,2010,10,petroleo,provincia,Tierra del Fuego,promedio_diario,1753.82422580387,Producción de petróleo promedio diaria por provincia
2010-11,2010-11-01,2010,11,petroleo,provincia,Chubut,promedio_diario,26514.3634333333,Producción de petróleo promedio diaria por provincia
2010-11,2010-11-01,2010,11,petroleo,provincia,Estado Nacional,promedio_diario,512.597,Producción de petróleo promedio diaria por provincia
2010-11,2010-11-01,2010,11,petroleo,provincia,Formosa,promedio_diario,343.725333333333,Producción de petróleo promedio diaria por provincia
2010-11,2010-11-01,2010,11,petroleo,provincia,Jujuy,promedio_diario,75.1266666666667,Producción de petróleo promedio diaria por provincia
2010-11,2010-11-01,2010,11,petroleo,provincia,La Pampa,promedio_diario,4359.66353333333,Producción de petróleo promedio diaria por provincia
2010-11,2010-11-01,2010,11,petroleo,provincia,La Rioja,promedio_diario,0.0,Producción de petróleo promedio diaria por provincia
2010-11,2010-11-01,2010,11,petroleo,provincia,Mendoza,promedio_diario,13749.3828333333,Producción de petróleo promedio diaria por provincia
2010-11,2010-11-01,2010,11,petroleo,provincia,Neuquén,promedio_diario,19444.0040333333,Producción de petróleo promedio diaria por provincia
2010-11,2010-11-01,2010,11,petroleo,provincia,Rio Negro,promedio_diario,6132.60496666667,Producción de petróleo promedio diaria por provincia
2010-11,2010-11-01,2010,11,petroleo,provincia,Salta,promedio_diario,1293.5291,Producción de petróleo promedio diaria por provincia
2010-11,2010-11-01,2010,11,petroleo,provincia,San Juan,promedio_diario,0.0,Producción de petróleo promedio diaria por provincia
2010-11,2010-11-01,2010,11,petroleo,provincia,Santa Cruz,promedio_diario,18933.4178242258,Producción de petróleo promedio diaria por provincia
2010-11,2010-11-01,2010,11,petroleo,provincia,Tierra del Fuego,promedio_diario,1734.654466622,Producción de petróleo promedio diaria por provincia
2010-12,2010-12-01,2010,12,petroleo,provincia,Chubut,promedio_diario,21297.0062258064,Producción de petróleo promedio diaria por provincia
2010-12,2010-12-01,2010,12,petroleo,provincia,Estado Nacional,promedio_diario,549.555806451613,Producción de petróleo promedio diaria por provincia
2010-12,2010-12-01,2010,12,petroleo,provincia,Formosa,promedio_diario,348.214838709677,Producción de petróleo promedio diaria por provincia
2010-12,2010-12-01,2010,12,petroleo,provincia,Jujuy,promedio_diario,71.668064516129,Producción de petróleo promedio diaria por provincia
2010-12,2010-12-01,2010,12,petroleo,provincia,La Pampa,promedio_diario,3997.04277419355,Producción de petróleo promedio diaria por provincia
2010-12,2010-12-01,2010,12,petroleo,provincia,La Rioja,promedio_diario,0.0,Producción de petróleo promedio diaria por provincia
2010-12,2010-12-01,2010,12,petroleo,provincia,Mendoza,promedio_diario,13505.1769677419,Producción de petróleo promedio diaria por provincia
2010-12,2010-12-01,2010,12,petroleo,provincia,Neuquén,promedio_diario,19435.7612580645,Producción de petróleo promedio diaria por provincia
2010-12,2010-12-01,2010,12,petroleo,provincia,Rio Negro,promedio_diario,5955.09606451613,Producción de petróleo promedio diaria por provincia
2010-12,2010-12-01,2010,12,petroleo,provincia,Salta,promedio_diario,1267.32935483871,Producción de petróleo promedio diaria por provincia
2010-12,2010-12-01,2010,12,petroleo,provincia,San Juan,promedio_diario,0.0,Producción de petróleo promedio diaria por provincia
2010-12,2010-12-01,2010,12,petroleo,provincia,Santa Cruz,promedio_diario,10931.8823847136,Producción de petróleo promedio diaria por provincia
2010-12,2010-12-01,2010,12,petroleo,provincia,Tierra del Fuego,promedio_diario,1725.70874200161,Producción de petróleo promedio diaria por provincia
2011-01,2011-01-01,2011,1,petroleo,provincia,Chubut,promedio_diario,26068.3278709677,Producción de petróleo promedio diaria por provincia
2011-01,2011-01-01,2011,1,petroleo,provincia,Estado Nacional,promedio_diario,486.093870967742,Producción de petróleo promedio diaria por provincia
2011-01,2011-01-01,2011,1,petroleo,provincia,Formosa,promedio_diario,328.194516129032,Producción de petróleo promedio diaria por provincia
2011-01,2011-01-01,2011,1,petroleo,provincia,Jujuy,promedio_diario,59.5764516129032,Producción de petróleo promedio diaria por provincia
2011-01,2011-01-01,2011,1,petroleo,provincia,La Pampa,promedio_diario,4507.56364516129,Producción de petróleo promedio diaria por provincia
2011-01,2011-01-01,2011,1,petroleo,provincia,La Rioja,promedio_diario,0.0,Producción de petróleo promedio diaria por provincia
2011-01,2011-01-01,2011,1,petroleo,provincia,Mendoza,promedio_diario,13702.7142903226,Producción de petróleo promedio diaria por provincia
2011-01,2011-01-01,2011,1,petroleo,provincia,Neuquén,promedio_diario,19000.6011935484,Producción de petróleo promedio diaria por provincia
2011-01,2011-01-01,2011,1,petroleo,provincia,Rio Negro,promedio_diario,5940.20316129032,Producción de petróleo promedio diaria por provincia
2011-01,2011-01-01,2011,1,petroleo,provincia,Salta,promedio_diario,1221.56709677419,Producción de petróleo promedio diaria por provincia
2011-01,2011-01-01,2011,1,petroleo,provincia,San Juan,promedio_diario,0.0,Producción de petróleo promedio diaria por provincia
2011-01,2011-01-01,2011,1,petroleo,provincia,Santa Cruz,promedio_diario,18898.8472320258,Producción de petróleo promedio diaria por provincia
2011-01,2011-01-01,2011,1,petroleo,provincia,Tierra del Fuego,promedio_diario,1677.82080645323,Producción de petróleo promedio diaria por provincia
2011-02,2011-02-01,2011,2,petroleo,provincia,Chubut,promedio_diario,26305.6562142857,Producción de petróleo promedio diaria por provincia
2011-02,2011-02-01,2011,2,petroleo,provincia,Estado Nacional,promedio_diario,503.866071428571,Producción de petróleo promedio diaria por provincia
2011-02,2011-02-01,2011,2,petroleo,provincia,Formosa,promedio_diario,315.028214285714,Producción de petróleo promedio diaria por provincia
2011-02,2011-02-01,2011,2,petroleo,provincia,Jujuy,promedio_diario,57.1285714285714,Producción de petróleo promedio diaria por provincia
2011-02,2011-02-01,2011,2,petroleo,provincia,La Pampa,promedio_diario,4326.66107142857,Producción de petróleo promedio diaria por provincia
2011-02,2011-02-01,2011,2,petroleo,provincia,La Rioja,promedio_diario,0.0,Producción de petróleo promedio diaria por provincia
2011-02,2011-02-01,2011,2,petroleo,provincia,Mendoza,promedio_diario,13774.5906428571,Producción de petróleo promedio diaria por provincia
2011-02,2011-02-01,2011,2,petroleo,provincia,Neuquén,promedio_diario,18865.1892857143,Producción de petróleo promedio diaria por provincia
2011-02,2011-02-01,2011,2,petroleo,provincia,Rio Negro,promedio_diario,5938.58171428571,Producción de petróleo promedio diaria por provincia
2011-02,2011-02-01,2011,2,petroleo,provincia,Salta,promedio_diario,1216.14357142857,Producción de petróleo promedio diaria por provincia
2011-02,2011-02-01,2011,2,petroleo,provincia,San Juan,promedio_diario,0.0,Producción de petróleo promedio diaria por provincia
2011-02,2011-02-01,2011,2,petroleo,provincia,Santa Cruz,promedio_diario,19489.512220129,Producción de petróleo promedio diaria por provincia
2011-02,2011-02-01,2011,2,petroleo,provincia,Tierra del Fuego,promedio_diario,1652.48328571536,Producción de petróleo promedio diaria por provincia
2011-03,2011-03-01,2011,3,petroleo,provincia,Chubut,promedio_diario,26391.7227741935,Producción de petróleo promedio diaria por provincia
2011-03,2011-03-01,2011,3,petroleo,provincia,Estado Nacional,promedio_diario,479.298387096774,Producción de petróleo promedio diaria por provincia
2011-03,2011-03-01,2011,3,petroleo,provincia,Formosa,promedio_diario,310.228387096774,Producción de petróleo promedio diaria por provincia
2011-03,2011-03-01,2011,3,petroleo,provincia,Jujuy,promedio_diario,48.8932258064516,Producción de petróleo promedio diaria por provincia
2011-03,2011-03-01,2011,3,petroleo,provincia,La Pampa,promedio_diario,4287.387,Producción de petróleo promedio diaria por provincia
2011-03,2011-03-01,2011,3,petroleo,provincia,La Rioja,promedio_diario,0.0,Producción de petróleo promedio diaria por provincia
2011-03,2011-03-01,2011,3,petroleo,provincia,Mendoza,promedio_diario,13627.006,Producción de petróleo promedio diaria por provincia
2011-03,2011-03-01,2011,3,petroleo,provincia,Neuquén,promedio_diario,18844.6912258065,Producción de petróleo promedio diaria por provincia
2011-03,2011-03-01,2011,3,petroleo,provincia,Rio Negro,promedio_diario,6014.79374193548,Producción de petróleo promedio diaria por provincia
2011-03,2011-03-01,2011,3,petroleo,provincia,Salta,promedio_diario,1190.43258064516,Producción de petróleo promedio diaria por provincia
2011-03,2011-03-01,2011,3,petroleo,provincia,San Juan,promedio_diario,0.0,Producción de petróleo promedio diaria por provincia
2011-03,2011-03-01,2011,3,petroleo,provincia,Santa Cruz,promedio_diario,19179.1344484531,Producción de petróleo promedio diaria por provincia
2011-03,2011-03-01,2011,3,petroleo,provincia,Tierra del Fuego,promedio_diario,1506.50312900161,Producción de petróleo promedio diaria por provincia
2011-04,2011-04-01,2011,4,petroleo,provincia,Chubut,promedio_diario,26684.9365,Producción de petróleo promedio diaria por provincia
2011-04,2011-04-01,2011,4,petroleo,provincia,Estado Nacional,promedio_diario,631.711333333333,Producción de petróleo promedio diaria por provincia
2011-04,2011-04-01,2011,4,petroleo,provincia,Formosa,promedio_diario,302.502,Producción de petróleo promedio diaria por provincia
2011-04,2011-04-01,2011,4,petroleo,provincia,Jujuy,promedio_diario,53.1633333333333,Producción de petróleo promedio diaria por provincia
2011-04,2011-04-01,2011,4,petroleo,provincia,La Pampa,promedio_diario,4341.20403333333,Producción de petróleo promedio diaria por provincia
2011-04,2011-04-01,2011,4,petroleo,provincia,La Rioja,promedio_diario,0.0,Producción de petróleo promedio diaria por provincia
2011-04,2011-04-01,2011,4,petroleo,provincia,Mendoza,promedio_diario,13512.6072,Producción de petróleo promedio diaria por provincia
2011-04,2011-04-01,2011,4,petroleo,provincia,Neuquén,promedio_diario,18685.6652,Producción de petróleo promedio diaria por provincia
2011-04,2011-04-01,2011,4,petroleo,provincia,Rio Negro,promedio_diario,5959.288,Producción de petróleo promedio diaria por provincia
2011-04,2011-04-01,2011,4,petroleo,provincia,Salta,promedio_diario,1110.86933333333,Producción de petróleo promedio diaria por provincia
2011-04,2011-04-01,2011,4,petroleo,provincia,San Juan,promedio_diario,0.0,Producción de petróleo promedio diaria por provincia
2011-04,2011-04-01,2011,4,petroleo,provincia,Santa Cruz,promedio_diario,3733.69141915167,Producción de petróleo promedio diaria por provincia
2011-04,2011-04-01,2011,4,petroleo,provincia,Tierra del Fuego,promedio_diario,1661.49933331433,Producción de petróleo promedio diaria por provincia
2011-05,2011-05-01,2011,5,petroleo,provincia,Chubut,promedio_diario,23933.5022580645,Producción de petróleo promedio diaria por provincia
2011-05,2011-05-01,2011,5,petroleo,provincia,Estado Nacional,promedio_diario,618.448387096774,Producción de petróleo promedio diaria por provincia
2011-05,2011-05-01,2011,5,petroleo,provincia,Formosa,promedio_diario,288.49935483871,Producción de petróleo promedio diaria por provincia
2011-05,2011-05-01,2011,5,petroleo,provincia,Jujuy,promedio_diario,57.0732258064516,Producción de petróleo promedio diaria por provincia
2011-05,2011-05-01,2011,5,petroleo,provincia,La Pampa,promedio_diario,4140.60748387097,Producción de petróleo promedio diaria por provincia
2011-05,2011-05-01,2011,5,petroleo,provincia,La Rioja,promedio_diario,0.0,Producción de petróleo promedio diaria por provincia
2011-05,2011-05-01,2011,5,petroleo,provincia,Mendoza,promedio_diario,13461.0732258065,Producción de petróleo promedio diaria por provincia
2011-05,2011-05-01,2011,5,petroleo,provincia,Neuquén,promedio_diario,18568.7100322581,Producción de petróleo promedio diaria por provincia
2011-05,2011-05-01,2011,5,petroleo,provincia,Rio Negro,promedio_diario,6044.3575483871,Producción de petróleo promedio diaria por provincia
2011-05,2011-05-01,2011,5,petroleo,provincia,Salta,promedio_diario,1221.26387096774,Producción de petróleo promedio diaria por provincia
2011-05,2011-05-01,2011,5,petroleo,provincia,San Juan,promedio_diario,0.0,Producción de petróleo promedio diaria por provincia
2011-05,2011-05-01,2011,5,petroleo,provincia,Santa Cruz,promedio_diario,10322.5360817387,Producción de petróleo promedio diaria por provincia
2011-05,2011-05-01,2011,5,petroleo,provincia,Tierra del Fuego,promedio_diario,1680.2966527129,Producción de petróleo promedio diaria por provincia
2011-06,2011-06-01,2011,6,petroleo,provincia,Chubut,promedio_diario,26104.1729,Producción de petróleo promedio diaria por provincia
2011-06,2011-06-01,2011,6,petroleo,provincia,Estado Nacional,promedio_diario,669.492333333333,Producción de petróleo promedio diaria por provincia
2011-06,2011-06-01,2011,6,petroleo,provincia,Formosa,promedio_diario,265.901,Producción de petróleo promedio diaria por provincia
2011-06,2011-06-01,2011,6,petroleo,provincia,Jujuy,promedio_diario,56.8846666666667,Producción de petróleo promedio diaria por provincia
2011-06,2011-06-01,2011,6,petroleo,provincia,La Pampa,promedio_diario,4037.43776666667,Producción de petróleo promedio diaria por provincia
2011-06,2011-06-01,2011,6,petroleo,provincia,La Rioja,promedio_diario,0.0,Producción de petróleo promedio diaria por provincia
2011-06,2011-06-01,2011,6,petroleo,provincia,Mendoza,promedio_diario,13397.4612666667,Producción de petróleo promedio diaria por provincia
2011-06,2011-06-01,2011,6,petroleo,provincia,Neuquén,promedio_diario,18412.58443,Producción de petróleo promedio diaria por provincia
2011-06,2011-06-01,2011,6,petroleo,provincia,Rio Negro,promedio_diario,6294.8451,Producción de petróleo promedio diaria por provincia
2011-06,2011-06-01,2011,6,petroleo,provincia,Salta,promedio_diario,1212.67473333333,Producción de petróleo promedio diaria por provincia
2011-06,2011-06-01,2011,6,petroleo,provincia,San Juan,promedio_diario,0.0,Producción de petróleo promedio diaria por provincia
2011-06,2011-06-01,2011,6,petroleo,provincia,Santa Cruz,promedio_diario,9359.61302012667,Producción de petróleo promedio diaria por provincia
2011-06,2011-06-01,2011,6,petroleo,provincia,Tierra del Fuego,promedio_diario,1717.52487074333,Producción de petróleo promedio diaria por provincia
2011-07,2011-07-01,2011,7,petroleo,provincia,Chubut,promedio_diario,26120.4722258065,Producción de petróleo promedio diaria por provincia
2011-07,2011-07-01,2011,7,petroleo,provincia,Estado Nacional,promedio_diario,625.116774193548,Producción de petróleo promedio diaria por provincia
2011-07,2011-07-01,2011,7,petroleo,provincia,Formosa,promedio_diario,272.680967741935,Producción de petróleo promedio diaria por provincia
2011-07,2011-07-01,2011,7,petroleo,provincia,Jujuy,promedio_diario,51.8606451612903,Producción de petróleo promedio diaria por provincia
2011-07,2011-07-01,2011,7,petroleo,provincia,La Pampa,promedio_diario,3905.78970967742,Producción de petróleo promedio diaria por provincia
2011-07,2011-07-01,2011,7,petroleo,provincia,La Rioja,promedio_diario,0.0,Producción de petróleo promedio diaria por provincia
2011-07,2011-07-01,2011,7,petroleo,provincia,Mendoza,promedio_diario,13420.1323548387,Producción de petróleo promedio diaria por provincia
2011-07,2011-07-01,2011,7,petroleo,provincia,Neuquén,promedio_diario,18269.034516129,Producción de petróleo promedio diaria por provincia
2011-07,2011-07-01,2011,7,petroleo,provincia,Rio Negro,promedio_diario,6624.51122580645,Producción de petróleo promedio diaria por provincia
2011-07,2011-07-01,2011,7,petroleo,provincia,Salta,promedio_diario,1185.68709677419,Producción de petróleo promedio diaria por provincia
2011-07,2011-07-01,2011,7,petroleo,provincia,San Juan,promedio_diario,0.0,Producción de petróleo promedio diaria por provincia
2011-07,2011-07-01,2011,7,petroleo,provincia,Santa Cruz,promedio_diario,13624.0720108381,Producción de petróleo promedio diaria por provincia
2011-07,2011-07-01,2011,7,petroleo,provincia,Tierra del Fuego,promedio_diario,1624.90222582645,Producción de petróleo promedio diaria por provincia
2011-08,2011-08-01,2011,8,petroleo,provincia,Chubut,promedio_diario,25804.6194945161,Producción de petróleo promedio diaria por provincia
2011-08,2011-08-01,2011,8,petroleo,provincia,Estado Nacional,promedio_diario,698.10064516129,Producción de petróleo promedio diaria por provincia
2011-08,2011-08-01,2011,8,petroleo,provincia,Formosa,promedio_diario,314.661612903226,Producción de petróleo promedio diaria por provincia
2011-08,2011-08-01,2011,8,petroleo,provincia,Jujuy,promedio_diario,55.1887096774194,Producción de petróleo promedio diaria por provincia
2011-08,2011-08-01,2011,8,petroleo,provincia,La Pampa,promedio_diario,4233.2084516129,Producción de petróleo promedio diaria por provincia
2011-08,2011-08-01,2011,8,petroleo,provincia,La Rioja,promedio_diario,0.0,Producción de petróleo promedio diaria por provincia
2011-08,2011-08-01,2011,8,petroleo,provincia,Mendoza,promedio_diario,13181.8399032258,Producción de petróleo promedio diaria por provincia
2011-08,2011-08-01,2011,8,petroleo,provincia,Neuquén,promedio_diario,18439.0406129032,Producción de petróleo promedio diaria por provincia
2011-08,2011-08-01,2011,8,petroleo,provincia,Rio Negro,promedio_diario,6423.61367741935,Producción de petróleo promedio diaria por provincia
2011-08,2011-08-01,2011,8,petroleo,provincia,Salta,promedio_diario,1177.96419354839,Producción de petróleo promedio diaria por provincia
2011-08,2011-08-01,2011,8,petroleo,provincia,San Juan,promedio_diario,0.0,Producción de petróleo promedio diaria por provincia
2011-08,2011-08-01,2011,8,petroleo,provincia,Santa Cruz,promedio_diario,18599.8565677419,Producción de petróleo promedio diaria por provincia
2011-08,2011-08-01,2011,8,petroleo,provincia,Tierra del Fuego,promedio_diario,1612.08629032258,Producción de petróleo promedio diaria por provincia
2011-09,2011-09-01,2011,9,petroleo,provincia,Chubut,promedio_diario,26158.5448906667,Producción de petróleo promedio diaria por provincia
2011-09,2011-09-01,2011,9,petroleo,provincia,Estado Nacional,promedio_diario,704.137,Producción de petróleo promedio diaria por provincia
2011-09,2011-09-01,2011,9,petroleo,provincia,Formosa,promedio_diario,309.881666666667,Producción de petróleo promedio diaria por provincia
2011-09,2011-09-01,2011,9,petroleo,provincia,Jujuy,promedio_diario,57.6633333333333,Producción de petróleo promedio diaria por provincia
2011-09,2011-09-01,2011,9,petroleo,provincia,La Pampa,promedio_diario,4148.06233333333,Producción de petróleo promedio diaria por provincia
2011-09,2011-09-01,2011,9,petroleo,provincia,La Rioja,promedio_diario,0.0,Producción de petróleo promedio diaria por provincia
2011-09,2011-09-01,2011,9,petroleo,provincia,Mendoza,promedio_diario,12924.3458666667,Producción de petróleo promedio diaria por provincia
2011-09,2011-09-01,2011,9,petroleo,provincia,Neuquén,promedio_diario,18419.018,Producción de petróleo promedio diaria por provincia
2011-09,2011-09-01,2011,9,petroleo,provincia,Rio Negro,promedio_diario,6441.6243,Producción de petróleo promedio diaria por provincia
2011-09,2011-09-01,2011,9,petroleo,provincia,Salta,promedio_diario,1168.08466666667,Producción de petróleo promedio diaria por provincia
2011-09,2011-09-01,2011,9,petroleo,provincia,San Juan,promedio_diario,0.0,Producción de petróleo promedio diaria por provincia
2011-09,2011-09-01,2011,9,petroleo,provincia,Santa Cruz,promedio_diario,19226.7411666667,Producción de petróleo promedio diaria por provincia
2011-09,2011-09-01,2011,9,petroleo,provincia,Tierra del Fuego,promedio_diario,1636.73753333333,Producción de petróleo promedio diaria por provincia
2011-10,2011-10-01,2011,10,petroleo,provincia,Chubut,promedio_diario,26244.7959735484,Producción de petróleo promedio diaria por provincia
2011-10,2011-10-01,2011,10,petroleo,provincia,Estado Nacional,promedio_diario,664.757741935484,Producción de petróleo promedio diaria por provincia
2011-10,2011-10-01,2011,10,petroleo,provincia,Formosa,promedio_diario,289.588064516129,Producción de petróleo promedio diaria por provincia
2011-10,2011-10-01,2011,10,petroleo,provincia,Jujuy,promedio_diario,44.8783870967742,Producción de petróleo promedio diaria por provincia
2011-10,2011-10-01,2011,10,petroleo,provincia,La Pampa,promedio_diario,4233.27693548387,Producción de petróleo promedio diaria por provincia
2011-10,2011-10-01,2011,10,petroleo,provincia,La Rioja,promedio_diario,0.0,Producción de petróleo promedio diaria por provincia
2011-10,2011-10-01,2011,10,petroleo,provincia,Mendoza,promedio_diario,13016.1633548387,Producción de petróleo promedio diaria por provincia
2011-10,2011-10-01,2011,10,petroleo,provincia,Neuquén,promedio_diario,18441.5751290323,Producción de petróleo promedio diaria por provincia
2011-10,2011-10-01,2011,10,petroleo,provincia,Rio Negro,promedio_diario,6439.22541935484,Producción de petróleo promedio diaria por provincia
2011-10,2011-10-01,2011,10,petroleo,provincia,Salta,promedio_diario,1122.25451612903,Producción de petróleo promedio diaria por provincia
2011-10,2011-10-01,2011,10,petroleo,provincia,San Juan,promedio_diario,0.0,Producción de petróleo promedio diaria por provincia
2011-10,2011-10-01,2011,10,petroleo,provincia,Santa Cruz,promedio_diario,19647.0817548387,Producción de petróleo promedio diaria por provincia
2011-10,2011-10-01,2011,10,petroleo,provincia,Tierra del Fuego,promedio_diario,1688.6375483871,Producción de petróleo promedio diaria por provincia
2011-11,2011-11-01,2011,11,petroleo,provincia,Chubut,promedio_diario,26136.6745726667,Producción de petróleo promedio diaria por provincia
2011-11,2011-11-01,2011,11,petroleo,provincia,Estado Nacional,promedio_diario,610.901333333333,Producción de petróleo promedio diaria por provincia
2011-11,2011-11-01,2011,11,petroleo,provincia,Formosa,promedio_diario,277.628333333333,Producción de petróleo promedio diaria por provincia
2011-11,2011-11-01,2011,11,petroleo,provincia,Jujuy,promedio_diario,56.8360333333333,Producción de petróleo promedio diaria por provincia
2011-11,2011-11-01,2011,11,petroleo,provincia,La Pampa,promedio_diario,4414.895,Producción de petróleo promedio diaria por provincia
2011-11,2011-11-01,2011,11,petroleo,provincia,La Rioja,promedio_diario,0.0,Producción de petróleo promedio diaria por provincia
2011-11,2011-11-01,2011,11,petroleo,provincia,Mendoza,promedio_diario,13037.0566333333,Producción de petróleo promedio diaria por provincia
2011-11,2011-11-01,2011,11,petroleo,provincia,Neuquén,promedio_diario,17993.4761666667,Producción de petróleo promedio diaria por provincia
2011-11,2011-11-01,2011,11,petroleo,provincia,Rio Negro,promedio_diario,6500.9012,Producción de petróleo promedio diaria por provincia
2011-11,2011-11-01,2011,11,petroleo,provincia,Salta,promedio_diario,1101.536,Producción de petróleo promedio diaria por provincia
2011-11,2011-11-01,2011,11,petroleo,provincia,San Juan,promedio_diario,0.0,Producción de petróleo promedio diaria por provincia
2011-11,2011-11-01,2011,11,petroleo,provincia,Santa Cruz,promedio_diario,19763.3345533333,Producción de petróleo promedio diaria por provincia
2011-11,2011-11-01,2011,11,petroleo,provincia,Tierra del Fuego,promedio_diario,1595.37743333333,Producción de petróleo promedio diaria por provincia
2011-12,2011-12-01,2011,12,petroleo,provincia,Chubut,promedio_diario,26166.8910954839,Producción de petróleo promedio diaria por provincia
2011-12,2011-12-01,2011,12,petroleo,provincia,Estado Nacional,promedio_diario,706.186129032258,Producción de petróleo promedio diaria por provincia
2011-12,2011-12-01,2011,12,petroleo,provincia,Formosa,promedio_diario,268.782258064516,Producción de petróleo promedio diaria por provincia
2011-12,2011-12-01,2011,12,petroleo,provincia,Jujuy,promedio_diario,56.4020967741935,Producción de petróleo promedio diaria por provincia
2011-12,2011-12-01,2011,12,petroleo,provincia,La Pampa,promedio_diario,4399.35732258064,Producción de petróleo promedio diaria por provincia
2011-12,2011-12-01,2011,12,petroleo,provincia,La Rioja,promedio_diario,0.0,Producción de petróleo promedio diaria por provincia
2011-12,2011-12-01,2011,12,petroleo,provincia,Mendoza,promedio_diario,12516.2069354839,Producción de petróleo promedio diaria por provincia
2011-12,2011-12-01,2011,12,petroleo,provincia,Neuquén,promedio_diario,17600.7789354839,Producción de petróleo promedio diaria por provincia
2011-12,2011-12-01,2011,12,petroleo,provincia,Rio Negro,promedio_diario,6397.70835483871,Producción de petróleo promedio diaria por provincia
2011-12,2011-12-01,2011,12,petroleo,provincia,Salta,promedio_diario,1073.75741935484,Producción de petróleo promedio diaria por provincia
2011-12,2011-12-01,2011,12,petroleo,provincia,San Juan,promedio_diario,0.0,Producción de petróleo promedio diaria por provincia
2011-12,2011-12-01,2011,12,petroleo,provincia,Santa Cruz,promedio_diario,19813.3537032258,Producción de petróleo promedio diaria por provincia
2011-12,2011-12-01,2011,12,petroleo,provincia,Tierra del Fuego,promedio_diario,1400.63087096774,Producción de petróleo promedio diaria por provincia
2012-01,2012-01-01,2012,1,petroleo,provincia,Chubut,promedio_diario,25414.4837864516,Producción de petróleo promedio diaria por provincia
2012-01,2012-01-01,2012,1,petroleo,provincia,Estado Nacional,promedio_diario,925.722903225806,Producción de petróleo promedio diaria por provincia
2012-01,2012-01-01,2012,1,petroleo,provincia,Formosa,promedio_diario,245.789677419355,Producción de petróleo promedio diaria por provincia
2012-01,2012-01-01,2012,1,petroleo,provincia,Jujuy,promedio_diario,55.8576258064516,Producción de petróleo promedio diaria por provincia
2012-01,2012-01-01,2012,1,petroleo,provincia,La Pampa,promedio_diario,4370.16567741936,Producción de petróleo promedio diaria por provincia
2012-01,2012-01-01,2012,1,petroleo,provincia,La Rioja,promedio_diario,0.0,Producción de petróleo promedio diaria por provincia
2012-01,2012-01-01,2012,1,petroleo,provincia,Mendoza,promedio_diario,12595.7262903226,Producción de petróleo promedio diaria por provincia
2012-01,2012-01-01,2012,1,petroleo,provincia,Neuquén,promedio_diario,16720.9514193548,Producción de petróleo promedio diaria por provincia
2012-01,2012-01-01,2012,1,petroleo,provincia,Rio Negro,promedio_diario,5823.96203225806,Producción de petróleo promedio diaria por provincia
2012-01,2012-01-01,2012,1,petroleo,provincia,Salta,promedio_diario,1055.55890322581,Producción de petróleo promedio diaria por provincia
2012-01,2012-01-01,2012,1,petroleo,provincia,San Juan,promedio_diario,0.0,Producción de petróleo promedio diaria por provincia
2012-01,2012-01-01,2012,1,petroleo,provincia,Santa Cruz,promedio_diario,19708.0366193548,Producción de petróleo promedio diaria por provincia
2012-01,2012-01-01,2012,1,petroleo,provincia,Tierra del Fuego,promedio_diario,1507.62290322581,Producción de petróleo promedio diaria por provincia
2012-02,2012-02-01,2012,2,petroleo,provincia,Chubut,promedio_diario,25066.4931268966,Producción de petróleo promedio diaria por provincia
2012-02,2012-02-01,2012,2,petroleo,provincia,Estado Nacional,promedio_diario,779.075517241379,Producción de petróleo promedio diaria por provincia
2012-02,2012-02-01,2012,2,petroleo,provincia,Formosa,promedio_diario,247.137931034483,Producción de petróleo promedio diaria por provincia
2012-02,2012-02-01,2012,2,petroleo,provincia,Jujuy,promedio_diario,54.41,Producción de petróleo promedio diaria por provincia
2012-02,2012-02-01,2012,2,petroleo,provincia,La Pampa,promedio_diario,4300.15231034483,Producción de petróleo promedio diaria por provincia
2012-02,2012-02-01,2012,2,petroleo,provincia,La Rioja,promedio_diario,0.0,Producción de petróleo promedio diaria por provincia
2012-02,2012-02-01,2012,2,petroleo,provincia,Mendoza,promedio_diario,12867.3725862069,Producción de petróleo promedio diaria por provincia
2012-02,2012-02-01,2012,2,petroleo,provincia,Neuquén,promedio_diario,16948.5463448276,Producción de petróleo promedio diaria por provincia
2012-02,2012-02-01,2012,2,petroleo,provincia,Rio Negro,promedio_diario,6218.30562068966,Producción de petróleo promedio diaria por provincia
2012-02,2012-02-01,2012,2,petroleo,provincia,Salta,promedio_diario,1037.61137931034,Producción de petróleo promedio diaria por provincia
2012-02,2012-02-01,2012,2,petroleo,provincia,San Juan,promedio_diario,0.0,Producción de petróleo promedio diaria por provincia
2012-02,2012-02-01,2012,2,petroleo,provincia,Santa Cruz,promedio_diario,19269.0436344828,Producción de petróleo promedio diaria por provincia
2012-02,2012-02-01,2012,2,petroleo,provincia,Tierra del Fuego,promedio_diario,1598.82751724138,Producción de petróleo promedio diaria por provincia
2012-03,2012-03-01,2012,3,petroleo,provincia,Chubut,promedio_diario,25124.6007741935,Producción de petróleo promedio diaria por provincia
2012-03,2012-03-01,2012,3,petroleo,provincia,Estado Nacional,promedio_diario,682.581290322581,Producción de petróleo promedio diaria por provincia
2012-03,2012-03-01,2012,3,petroleo,provincia,Formosa,promedio_diario,271.783225806452,Producción de petróleo promedio diaria por provincia
2012-03,2012-03-01,2012,3,petroleo,provincia,Jujuy,promedio_diario,53.290064516129,Producción de petróleo promedio diaria por provincia
2012-03,2012-03-01,2012,3,petroleo,provincia,La Pampa,promedio_diario,4277.46574193548,Producción de petróleo promedio diaria por provincia
2012-03,2012-03-01,2012,3,petroleo,provincia,La Rioja,promedio_diario,0.0,Producción de petróleo promedio diaria por provincia
2012-03,2012-03-01,2012,3,petroleo,provincia,Mendoza,promedio_diario,12751.4010967742,Producción de petróleo promedio diaria por provincia
2012-03,2012-03-01,2012,3,petroleo,provincia,Neuquén,promedio_diario,16926.0458387097,Producción de petróleo promedio diaria por provincia
2012-03,2012-03-01,2012,3,petroleo,provincia,Rio Negro,promedio_diario,6746.22470967742,Producción de petróleo promedio diaria por provincia
2012-03,2012-03-01,2012,3,petroleo,provincia,Salta,promedio_diario,1015.42032258065,Producción de petróleo promedio diaria por provincia
2012-03,2012-03-01,2012,3,petroleo,provincia,San Juan,promedio_diario,0.0,Producción de petróleo promedio diaria por provincia
2012-03,2012-03-01,2012,3,petroleo,provincia,Santa Cruz,promedio_diario,19293.4305032258,Producción de petróleo promedio diaria por provincia
2012-03,2012-03-01,2012,3,petroleo,provincia,Tierra del Fuego,promedio_diario,1643.82835483871,Producción de petróleo promedio diaria por provincia
2012-04,2012-04-01,2012,4,petroleo,provincia,Chubut,promedio_diario,24755.8969,Producción de petróleo promedio diaria por provincia
2012-04,2012-04-01,2012,4,petroleo,provincia,Estado Nacional,promedio_diario,803.708666666667,Producción de petróleo promedio diaria por provincia
2012-04,2012-04-01,2012,4,petroleo,provincia,Formosa,promedio_diario,501.628966666667,Producción de petróleo promedio diaria por provincia
2012-04,2012-04-01,2012,4,petroleo,provincia,Jujuy,promedio_diario,52.7333333333333,Producción de petróleo promedio diaria por provincia
2012-04,2012-04-01,2012,4,petroleo,provincia,La Pampa,promedio_diario,4144.1408,Producción de petróleo promedio diaria por provincia
2012-04,2012-04-01,2012,4,petroleo,provincia,La Rioja,promedio_diario,0.0,Producción de petróleo promedio diaria por provincia
2012-04,2012-04-01,2012,4,petroleo,provincia,Mendoza,promedio_diario,12619.4588333333,Producción de petróleo promedio diaria por provincia
2012-04,2012-04-01,2012,4,petroleo,provincia,Neuquén,promedio_diario,16425.1572,Producción de petróleo promedio diaria por provincia
2012-04,2012-04-01,2012,4,petroleo,provincia,Rio Negro,promedio_diario,6781.52706666667,Producción de petróleo promedio diaria por provincia
2012-04,2012-04-01,2012,4,petroleo,provincia,Salta,promedio_diario,977.359133333333,Producción de petróleo promedio diaria por provincia
2012-04,2012-04-01,2012,4,petroleo,provincia,Santa Cruz,promedio_diario,19125.5940666667,Producción de petróleo promedio diaria por provincia
2012-04,2012-04-01,2012,4,petroleo,provincia,Tierra del Fuego,promedio_diario,1611.51626666667,Producción de petróleo promedio diaria por provincia
2012-05,2012-05-01,2012,5,petroleo,provincia,Chubut,promedio_diario,25214.8417419355,Producción de petróleo promedio diaria por provincia
2012-05,2012-05-01,2012,5,petroleo,provincia,Estado Nacional,promedio_diario,786.234516129032,Producción de petróleo promedio diaria por provincia
2012-05,2012-05-01,2012,5,petroleo,provincia,Formosa,promedio_diario,538.341935483871,Producción de petróleo promedio diaria por provincia
2012-05,2012-05-01,2012,5,petroleo,provincia,Jujuy,promedio_diario,47.696935483871,Producción de petróleo promedio diaria por provincia
2012-05,2012-05-01,2012,5,petroleo,provincia,La Pampa,promedio_diario,4021.55832258065,Producción de petróleo promedio diaria por provincia
2012-05,2012-05-01,2012,5,petroleo,provincia,La Rioja,promedio_diario,0.0,Producción de petróleo promedio diaria por provincia
2012-05,2012-05-01,2012,5,petroleo,provincia,Mendoza,promedio_diario,12450.2079032258,Producción de petróleo promedio diaria por provincia
2012-05,2012-05-01,2012,5,petroleo,provincia,Neuquén,promedio_diario,16995.3339354839,Producción de petróleo promedio diaria por provincia
2012-05,2012-05-01,2012,5,petroleo,provincia,Rio Negro,promedio_diario,6879.39561290323,Producción de petróleo promedio diaria por provincia
2012-05,2012-05-01,2012,5,petroleo,provincia,Salta,promedio_diario,990.117419354839,Producción de petróleo promedio diaria por provincia
2012-05,2012-05-01,2012,5,petroleo,provincia,San Juan,promedio_diario,0.0,Producción de petróleo promedio diaria por provincia
2012-05,2012-05-01,2012,5,petroleo,provincia,Santa Cruz,promedio_diario,18911.9901047716,Producción de petróleo promedio diaria por provincia
2012-05,2012-05-01,2012,5,petroleo,provincia,Tierra del Fuego,promedio_diario,1712.51667741935,Producción de petróleo promedio diaria por provincia
2012-06,2012-06-01,2012,6,petroleo,provincia,Chubut,promedio_diario,21205.9242,Producción de petróleo promedio diaria por provincia
2012-06,2012-06-01,2012,6,petroleo,provincia,Estado Nacional,promedio_diario,811.693,Producción de petróleo promedio diaria por provincia
2012-06,2012-06-01,2012,6,petroleo,provincia,Formosa,promedio_diario,514.962533333333,Producción de petróleo promedio diaria por provincia
2012-06,2012-06-01,2012,6,petroleo,provincia,Jujuy,promedio_diario,45.6103333333333,Producción de petróleo promedio diaria por provincia
2012-06,2012-06-01,2012,6,petroleo,provincia,La Pampa,promedio_diario,3982.9680946,Producción de petróleo promedio diaria por provincia
2012-06,2012-06-01,2012,6,petroleo,provincia,La Rioja,promedio_diario,0.0,Producción de petróleo promedio diaria por provincia
2012-06,2012-06-01,2012,6,petroleo,provincia,Mendoza,promedio_diario,12816.3544,Producción de petróleo promedio diaria por provincia
2012-06,2012-06-01,2012,6,petroleo,provincia,Neuquén,promedio_diario,16980.5899,Producción de petróleo promedio diaria por provincia
2012-06,2012-06-01,2012,6,petroleo,provincia,Rio Negro,promedio_diario,6961.66013333333,Producción de petróleo promedio diaria por provincia
2012-06,2012-06-01,2012,6,petroleo,provincia,Salta,promedio_diario,988.735066666667,Producción de petróleo promedio diaria por provincia
2012-06,2012-06-01,2012,6,petroleo,provincia,San Juan,promedio_diario,0.0,Producción de petróleo promedio diaria por provincia
2012-06,2012-06-01,2012,6,petroleo,provincia,Santa Cruz,promedio_diario,18517.1994333333,Producción de petróleo promedio diaria por provincia
2012-06,2012-06-01,2012,6,petroleo,provincia,Tierra del Fuego,promedio_diario,1667.7021,Producción de petróleo promedio diaria por provincia
2012-07,2012-07-01,2012,7,petroleo,provincia,Chubut,promedio_diario,22037.9232258065,Producción de petróleo promedio diaria por provincia
2012-07,2012-07-01,2012,7,petroleo,provincia,Estado Nacional,promedio_diario,883.100322580645,Producción de petróleo promedio diaria por provincia
2012-07,2012-07-01,2012,7,petroleo,provincia,Formosa,promedio_diario,504.13,Producción de petróleo promedio diaria por provincia
2012-07,2012-07-01,2012,7,petroleo,provincia,Jujuy,promedio_diario,48.196,Producción de petróleo promedio diaria por provincia
2012-07,2012-07-01,2012,7,petroleo,provincia,La Pampa,promedio_diario,4116.876216,Producción de petróleo promedio diaria por provincia
2012-07,2012-07-01,2012,7,petroleo,provincia,Mendoza,promedio_diario,12619.4326451613,Producción de petróleo promedio diaria por provincia
2012-07,2012-07-01,2012,7,petroleo,provincia,Neuquén,promedio_diario,17146.0653870968,Producción de petróleo promedio diaria por provincia
2012-07,2012-07-01,2012,7,petroleo,provincia,Rio Negro,promedio_diario,6934.66438709677,Producción de petróleo promedio diaria por provincia
2012-07,2012-07-01,2012,7,petroleo,provincia,Salta,promedio_diario,974.861935483871,Producción de petróleo promedio diaria por provincia
2012-07,2012-07-01,2012,7,petroleo,provincia,San Juan,promedio_diario,0.0,Producción de petróleo promedio diaria por provincia
2012-07,2012-07-01,2012,7,petroleo,provincia,Santa Cruz,promedio_diario,18342.7803548387,Producción de petróleo promedio diaria por provincia
2012-07,2012-07-01,2012,7,petroleo,provincia,Tierra del Fuego,promedio_diario,1663.83683870968,Producción de petróleo promedio diaria por provincia
2012-08,2012-08-01,2012,8,petroleo,provincia,Chubut,promedio_diario,24595.5332580645,Producción de petróleo promedio diaria por provincia
2012-08,2012-08-01,2012,8,petroleo,provincia,Estado Nacional,promedio_diario,921.078387096774,Producción de petróleo promedio diaria por provincia
2012-08,2012-08-01,2012,8,petroleo,provincia,Formosa,promedio_diario,508.133548387097,Producción de petróleo promedio diaria por provincia
2012-08,2012-08-01,2012,8,petroleo,provincia,Jujuy,promedio_diario,49.9150322580645,Producción de petróleo promedio diaria por provincia
2012-08,2012-08-01,2012,8,petroleo,provincia,La Pampa,promedio_diario,4176.52302632258,Producción de petróleo promedio diaria por provincia
2012-08,2012-08-01,2012,8,petroleo,provincia,La Rioja,promedio_diario,0.0,Producción de petróleo promedio diaria por provincia
2012-08,2012-08-01,2012,8,petroleo,provincia,Mendoza,promedio_diario,12892.049483871,Producción de petróleo promedio diaria por provincia
2012-08,2012-08-01,2012,8,petroleo,provincia,Neuquén,promedio_diario,17133.1037096774,Producción de petróleo promedio diaria por provincia
2012-08,2012-08-01,2012,8,petroleo,provincia,Rio Negro,promedio_diario,6983.66748387097,Producción de petróleo promedio diaria por provincia
2012-08,2012-08-01,2012,8,petroleo,provincia,Salta,promedio_diario,970.026129032258,Producción de petróleo promedio diaria por provincia
2012-08,2012-08-01,2012,8,petroleo,provincia,San Juan,promedio_diario,0.0,Producción de petróleo promedio diaria por provincia
2012-08,2012-08-01,2012,8,petroleo,provincia,Santa Cruz,promedio_diario,18828.1809677419,Producción de petróleo promedio diaria por provincia
2012-08,2012-08-01,2012,8,petroleo,provincia,Tierra del Fuego,promedio_diario,1645.7425483871,Producción de petróleo promedio diaria por provincia
2012-09,2012-09-01,2012,9,petroleo,provincia,Chubut,promedio_diario,24639.8656,Producción de petróleo promedio diaria por provincia
2012-09,2012-09-01,2012,9,petroleo,provincia,Estado Nacional,promedio_diario,930.320666666667,Producción de petróleo promedio diaria por provincia
2012-09,2012-09-01,2012,9,petroleo,provincia,Formosa,promedio_diario,475.96,Producción de petróleo promedio diaria por provincia
2012-09,2012-09-01,2012,9,petroleo,provincia,Jujuy,promedio_diario,46.7872,Producción de petróleo promedio diaria por provincia
2012-09,2012-09-01,2012,9,petroleo,provincia,La Pampa,promedio_diario,4469.8323424,Producción de petróleo promedio diaria por provincia
2012-09,2012-09-01,2012,9,petroleo,provincia,La Rioja,promedio_diario,0.0,Producción de petróleo promedio diaria por provincia
2012-09,2012-09-01,2012,9,petroleo,provincia,Mendoza,promedio_diario,12744.9741333333,Producción de petróleo promedio diaria por provincia
2012-09,2012-09-01,2012,9,petroleo,provincia,Neuquén,promedio_diario,16828.3567333333,Producción de petróleo promedio diaria por provincia
2012-09,2012-09-01,2012,9,petroleo,provincia,Rio Negro,promedio_diario,7038.02026666667,Producción de petróleo promedio diaria por provincia
2012-09,2012-09-01,2012,9,petroleo,provincia,Salta,promedio_diario,954.801333333333,Producción de petróleo promedio diaria por provincia
2012-09,2012-09-01,2012,9,petroleo,provincia,San Juan,promedio_diario,0.0,Producción de petróleo promedio diaria por provincia
2012-09,2012-09-01,2012,9,petroleo,provincia,Santa Cruz,promedio_diario,18984.8056666667,Producción de petróleo promedio diaria por provincia
2012-09,2012-09-01,2012,9,petroleo,provincia,Tierra del Fuego,promedio_diario,1561.12066666667,Producción de petróleo promedio diaria por provincia
2012-10,2012-10-01,2012,10,petroleo,provincia,Chubut,promedio_diario,24099.2121612903,Producción de petróleo promedio diaria por provincia
2012-10,2012-10-01,2012,10,petroleo,provincia,Estado Nacional,promedio_diario,892.496129032258,Producción de petróleo promedio diaria por provincia
2012-10,2012-10-01,2012,10,petroleo,provincia,Formosa,promedio_diario,463.987741935484,Producción de petróleo promedio diaria por provincia
2012-10,2012-10-01,2012,10,petroleo,provincia,Jujuy,promedio_diario,45.2758064516129,Producción de petróleo promedio diaria por provincia
2012-10,2012-10-01,2012,10,petroleo,provincia,La Pampa,promedio_diario,4539.02506454839,Producción de petróleo promedio diaria por provincia
2012-10,2012-10-01,2012,10,petroleo,provincia,La Rioja,promedio_diario,0.0,Producción de petróleo promedio diaria por provincia
2012-10,2012-10-01,2012,10,petroleo,provincia,Mendoza,promedio_diario,12590.2828709677,Producción de petróleo promedio diaria por provincia
2012-10,2012-10-01,2012,10,petroleo,provincia,Neuquén,promedio_diario,16622.1813870968,Producción de petróleo promedio diaria por provincia
2012-10,2012-10-01,2012,10,petroleo,provincia,Rio Negro,promedio_diario,6860.42464516129,Producción de petróleo promedio diaria por provincia
2012-10,2012-10-01,2012,10,petroleo,provincia,Salta,promedio_diario,925.30935483871,Producción de petróleo promedio diaria por provincia
2012-10,2012-10-01,2012,10,petroleo,provincia,San Juan,promedio_diario,0.0,Producción de petróleo promedio diaria por provincia
2012-10,2012-10-01,2012,10,petroleo,provincia,Santa Cruz,promedio_diario,19133.6756451613,Producción de petróleo promedio diaria por provincia
2012-10,2012-10-01,2012,10,petroleo,provincia,Tierra del Fuego,promedio_diario,1594.8964516129,Producción de petróleo promedio diaria por provincia
2012-11,2012-11-01,2012,11,petroleo,provincia,Chubut,promedio_diario,24023.5804333333,Producción de petróleo promedio diaria por provincia
2012-11,2012-11-01,2012,11,petroleo,provincia,Estado Nacional,promedio_diario,860.547,Producción de petróleo promedio diaria por provincia
2012-11,2012-11-01,2012,11,petroleo,provincia,Formosa,promedio_diario,456.673333333333,Producción de petróleo promedio diaria por provincia
2012-11,2012-11-01,2012,11,petroleo,provincia,Jujuy,promedio_diario,44.1011666666667,Producción de petróleo promedio diaria por provincia
2012-11,2012-11-01,2012,11,petroleo,provincia,La Pampa,promedio_diario,4292.61292151867,Producción de petróleo promedio diaria por provincia
2012-11,2012-11-01,2012,11,petroleo,provincia,La Rioja,promedio_diario,0.0,Producción de petróleo promedio diaria por provincia
2012-11,2012-11-01,2012,11,petroleo,provincia,Mendoza,promedio_diario,11913.946814604,Producción de petróleo promedio diaria por provincia
2012-11,2012-11-01,2012,11,petroleo,provincia,Neuquén,promedio_diario,15257.7199,Producción de petróleo promedio diaria por provincia
2012-11,2012-11-01,2012,11,petroleo,provincia,Rio Negro,promedio_diario,6290.86003333333,Producción de petróleo promedio diaria por provincia
2012-11,2012-11-01,2012,11,petroleo,provincia,Salta,promedio_diario,917.412,Producción de petróleo promedio diaria por provincia
2012-11,2012-11-01,2012,11,petroleo,provincia,San Juan,promedio_diario,0.0,Producción de petróleo promedio diaria por provincia
2012-11,2012-11-01,2012,11,petroleo,provincia,Santa Cruz,promedio_diario,18908.9839333333,Producción de petróleo promedio diaria por provincia
2012-11,2012-11-01,2012,11,petroleo,provincia,Tierra del Fuego,promedio_diario,1600.07773333333,Producción de petróleo promedio diaria por provincia
2012-12,2012-12-01,2012,12,petroleo,provincia,Chubut,promedio_diario,23778.0867096774,Producción de petróleo promedio diaria por provincia
2012-12,2012-12-01,2012,12,petroleo,provincia,Estado Nacional,promedio_diario,757.6,Producción de petróleo promedio diaria por provincia
2012-12,2012-12-01,2012,12,petroleo,provincia,Formosa,promedio_diario,480.342258064516,Producción de petróleo promedio diaria por provincia
2012-12,2012-12-01,2012,12,petroleo,provincia,Jujuy,promedio_diario,46.4674193548387,Producción de petróleo promedio diaria por provincia
2012-12,2012-12-01,2012,12,petroleo,provincia,La Pampa,promedio_diario,4512.53179131258,Producción de petróleo promedio diaria por provincia
2012-12,2012-12-01,2012,12,petroleo,provincia,La Rioja,promedio_diario,0.0,Producción de petróleo promedio diaria por provincia
2012-12,2012-12-01,2012,12,petroleo,provincia,Mendoza,promedio_diario,12287.8509859016,Producción de petróleo promedio diaria por provincia
2012-12,2012-12-01,2012,12,petroleo,provincia,Neuquén,promedio_diario,16541.9575609677,Producción de petróleo promedio diaria por provincia
2012-12,2012-12-01,2012,12,petroleo,provincia,Rio Negro,promedio_diario,6703.07564516129,Producción de petróleo promedio diaria por provincia
2012-12,2012-12-01,2012,12,petroleo,provincia,Salta,promedio_diario,897.340967741936,Producción de petróleo promedio diaria por provincia
2012-12,2012-12-01,2012,12,petroleo,provincia,San Juan,promedio_diario,0.0,Producción de petróleo promedio diaria por provincia
2012-12,2012-12-01,2012,12,petroleo,provincia,Santa Cruz,promedio_diario,19057.4760967742,Producción de petróleo promedio diaria por provincia
2012-12,2012-12-01,2012,12,petroleo,provincia,Tierra del Fuego,promedio_diario,1609.84619354839,Producción de petróleo promedio diaria por provincia
2013-01,2013-01-01,2013,1,petroleo,provincia,Chubut,promedio_diario,23392.5468709677,Producción de petróleo promedio diaria por provincia
2013-01,2013-01-01,2013,1,petroleo,provincia,Estado Nacional,promedio_diario,726.693225806452,Producción de petróleo promedio diaria por provincia
2013-01,2013-01-01,2013,1,petroleo,provincia,Formosa,promedio_diario,468.111290322581,Producción de petróleo promedio diaria por provincia
2013-01,2013-01-01,2013,1,petroleo,provincia,Jujuy,promedio_diario,44.7783548387097,Producción de petróleo promedio diaria por provincia
2013-01,2013-01-01,2013,1,petroleo,provincia,La Pampa,promedio_diario,4416.19630037548,Producción de petróleo promedio diaria por provincia
2013-01,2013-01-01,2013,1,petroleo,provincia,La Rioja,promedio_diario,0.0,Producción de petróleo promedio diaria por provincia
2013-01,2013-01-01,2013,1,petroleo,provincia,Mendoza,promedio_diario,12021.0564556887,Producción de petróleo promedio diaria por provincia
2013-01,2013-01-01,2013,1,petroleo,provincia,Neuquén,promedio_diario,15814.0041612903,Producción de petróleo promedio diaria por provincia
2013-01,2013-01-01,2013,1,petroleo,provincia,Rio Negro,promedio_diario,6622.72732258064,Producción de petróleo promedio diaria por provincia
2013-01,2013-01-01,2013,1,petroleo,provincia,Salta,promedio_diario,907.200967741935,Producción de petróleo promedio diaria por provincia
2013-01,2013-01-01,2013,1,petroleo,provincia,San Juan,promedio_diario,0.0,Producción de petróleo promedio diaria por provincia
2013-01,2013-01-01,2013,1,petroleo,provincia,Santa Cruz,promedio_diario,18908.1959677419,Producción de petróleo promedio diaria por provincia
2013-01,2013-01-01,2013,1,petroleo,provincia,Tierra del Fuego,promedio_diario,1527.72258064516,Producción de petróleo promedio diaria por provincia
2013-02,2013-02-01,2013,2,petroleo,provincia,Chubut,promedio_diario,23287.7480357143,Producción de petróleo promedio diaria por provincia
2013-02,2013-02-01,2013,2,petroleo,provincia,Estado Nacional,promedio_diario,796.440714285714,Producción de petróleo promedio diaria por provincia
2013-02,2013-02-01,2013,2,petroleo,provincia,Formosa,promedio_diario,430.925714285714,Producción de petróleo promedio diaria por provincia
2013-02,2013-02-01,2013,2,petroleo,provincia,Jujuy,promedio_diario,45.0967857142857,Producción de petróleo promedio diaria por provincia
2013-02,2013-02-01,2013,2,petroleo,provincia,La Pampa,promedio_diario,4371.3486039225,Producción de petróleo promedio diaria por provincia
2013-02,2013-02-01,2013,2,petroleo,provincia,La Rioja,promedio_diario,0.0,Producción de petróleo promedio diaria por provincia
2013-02,2013-02-01,2013,2,petroleo,provincia,Mendoza,promedio_diario,12269.9184926486,Producción de petróleo promedio diaria por provincia
2013-02,2013-02-01,2013,2,petroleo,provincia,Neuquén,promedio_diario,15978.6541071429,Producción de petróleo promedio diaria por provincia
2013-02,2013-02-01,2013,2,petroleo,provincia,Rio Negro,promedio_diario,6464.13028571429,Producción de petróleo promedio diaria por provincia
2013-02,2013-02-01,2013,2,petroleo,provincia,Salta,promedio_diario,894.308214285714,Producción de petróleo promedio diaria por provincia
2013-02,2013-02-01,2013,2,petroleo,provincia,San Juan,promedio_diario,0.0,Producción de petróleo promedio diaria por provincia
2013-02,2013-02-01,2013,2,petroleo,provincia,Santa Cruz,promedio_diario,18869.7872857143,Producción de petróleo promedio diaria por provincia
2013-02,2013-02-01,2013,2,petroleo,provincia,Tierra del Fuego,promedio_diario,1454.75035714286,Producción de petróleo promedio diaria por provincia
2013-03,2013-03-01,2013,3,petroleo,provincia,Chubut,promedio_diario,23454.9556451613,Producción de petróleo promedio diaria por provincia
2013-03,2013-03-01,2013,3,petroleo,provincia,Estado Nacional,promedio_diario,651.133870967742,Producción de petróleo promedio diaria por provincia
2013-03,2013-03-01,2013,3,petroleo,provincia,Formosa,promedio_diario,393.201612903226,Producción de petróleo promedio diaria por provincia
2013-03,2013-03-01,2013,3,petroleo,provincia,Jujuy,promedio_diario,43.8946774193548,Producción de petróleo promedio diaria por provincia
2013-03,2013-03-01,2013,3,petroleo,provincia,La Pampa,promedio_diario,4351.57277989806,Producción de petróleo promedio diaria por provincia
2013-03,2013-03-01,2013,3,petroleo,provincia,La Rioja,promedio_diario,0.0,Producción de petróleo promedio diaria por provincia
2013-03,2013-03-01,2013,3,petroleo,provincia,Mendoza,promedio_diario,12286.194208771,Producción de petróleo promedio diaria por provincia
2013-03,2013-03-01,2013,3,petroleo,provincia,Neuquén,promedio_diario,16122.5761935484,Producción de petróleo promedio diaria por provincia
2013-03,2013-03-01,2013,3,petroleo,provincia,Rio Negro,promedio_diario,6479.20558064516,Producción de petróleo promedio diaria por provincia
2013-03,2013-03-01,2013,3,petroleo,provincia,Salta,promedio_diario,898.797741935484,Producción de petróleo promedio diaria por provincia
2013-03,2013-03-01,2013,3,petroleo,provincia,San Juan,promedio_diario,0.0,Producción de petróleo promedio diaria por provincia
2013-03,2013-03-01,2013,3,petroleo,provincia,Santa Cruz,promedio_diario,19075.7574516129,Producción de petróleo promedio diaria por provincia
2013-03,2013-03-01,2013,3,petroleo,provincia,Tierra del Fuego,promedio_diario,1415.85464516129,Producción de petróleo promedio diaria por provincia
2013-04,2013-04-01,2013,4,petroleo,provincia,Chubut,promedio_diario,23565.7390666667,Producción de petróleo promedio diaria por provincia
2013-04,2013-04-01,2013,4,petroleo,provincia,Estado Nacional,promedio_diario,663.106666666667,Producción de petróleo promedio diaria por provincia
2013-04,2013-04-01,2013,4,petroleo,provincia,Formosa,promedio_diario,387.437333333333,Producción de petróleo promedio diaria por provincia
2013-04,2013-04-01,2013,4,petroleo,provincia,Jujuy,promedio_diario,43.8095666666667,Producción de petróleo promedio diaria por provincia
2013-04,2013-04-01,2013,4,petroleo,provincia,La Pampa,promedio_diario,4319.55899333333,Producción de petróleo promedio diaria por provincia
2013-04,2013-04-01,2013,4,petroleo,provincia,La Rioja,promedio_diario,0.0,Producción de petróleo promedio diaria por provincia
2013-04,2013-04-01,2013,4,petroleo,provincia,Mendoza,promedio_diario,12374.8525666667,Producción de petróleo promedio diaria por provincia
2013-04,2013-04-01,2013,4,petroleo,provincia,Neuquén,promedio_diario,16200.2701,Producción de petróleo promedio diaria por provincia
2013-04,2013-04-01,2013,4,petroleo,provincia,Rio Negro,promedio_diario,6497.45446666667,Producción de petróleo promedio diaria por provincia
2013-04,2013-04-01,2013,4,petroleo,provincia,Salta,promedio_diario,831.609,Producción de petróleo promedio diaria por provincia
2013-04,2013-04-01,2013,4,petroleo,provincia,San Juan,promedio_diario,0.0,Producción de petróleo promedio diaria por provincia
2013-04,2013-04-01,2013,4,petroleo,provincia,Santa Cruz,promedio_diario,18267.6074333333,Producción de petróleo promedio diaria por provincia
2013-04,2013-04-01,2013,4,petroleo,provincia,Tierra del Fuego,promedio_diario,1381.8848,Producción de petróleo promedio diaria por provincia
2013-05,2013-05-01,2013,5,petroleo,provincia,Chubut,promedio_diario,24038.1022903226,Producción de petróleo promedio diaria por provincia
2013-05,2013-05-01,2013,5,petroleo,provincia,Estado Nacional,promedio_diario,721.844838709677,Producción de petróleo promedio diaria por provincia
2013-05,2013-05-01,2013,5,petroleo,provincia,Formosa,promedio_diario,418.755806451613,Producción de petróleo promedio diaria por provincia
2013-05,2013-05-01,2013,5,petroleo,provincia,Jujuy,promedio_diario,42.5942258064516,Producción de petróleo promedio diaria por provincia
2013-05,2013-05-01,2013,5,petroleo,provincia,La Pampa,promedio_diario,4334.78800598516,Producción de petróleo promedio diaria por provincia
2013-05,2013-05-01,2013,5,petroleo,provincia,La Rioja,promedio_diario,0.0,Producción de petróleo promedio diaria por provincia
2013-05,2013-05-01,2013,5,petroleo,provincia,Mendoza,promedio_diario,12210.2081080581,Producción de petróleo promedio diaria por provincia
2013-05,2013-05-01,2013,5,petroleo,provincia,Neuquén,promedio_diario,16596.8449677419,Producción de petróleo promedio diaria por provincia
2013-05,2013-05-01,2013,5,petroleo,provincia,Rio Negro,promedio_diario,6597.04390322581,Producción de petróleo promedio diaria por provincia
2013-05,2013-05-01,2013,5,petroleo,provincia,Salta,promedio_diario,868.654516129032,Producción de petróleo promedio diaria por provincia
2013-05,2013-05-01,2013,5,petroleo,provincia,San Juan,promedio_diario,0.0,Producción de petróleo promedio diaria por provincia
2013-05,2013-05-01,2013,5,petroleo,provincia,Santa Cruz,promedio_diario,18823.4589689702,Producción de petróleo promedio diaria por provincia
2013-05,2013-05-01,2013,5,petroleo,provincia,Tierra del Fuego,promedio_diario,1408.55119354839,Producción de petróleo promedio diaria por provincia
2013-06,2013-06-01,2013,6,petroleo,provincia,Chubut,promedio_diario,24365.9277333333,Producción de petróleo promedio diaria por provincia
2013-06,2013-06-01,2013,6,petroleo,provincia,Estado Nacional,promedio_diario,740.531666666667,Producción de petróleo promedio diaria por provincia
2013-06,2013-06-01,2013,6,petroleo,provincia,Formosa,promedio_diario,392.268333333333,Producción de petróleo promedio diaria por provincia
2013-06,2013-06-01,2013,6,petroleo,provincia,Jujuy,promedio_diario,42.7036666666667,Producción de petróleo promedio diaria por provincia
2013-06,2013-06-01,2013,6,petroleo,provincia,La Pampa,promedio_diario,4130.66901377567,Producción de petróleo promedio diaria por provincia
2013-06,2013-06-01,2013,6,petroleo,provincia,La Rioja,promedio_diario,0.0,Producción de petróleo promedio diaria por provincia
2013-06,2013-06-01,2013,6,petroleo,provincia,Mendoza,promedio_diario,12115.66185741,Producción de petróleo promedio diaria por provincia
2013-06,2013-06-01,2013,6,petroleo,provincia,Neuquén,promedio_diario,16255.9870833333,Producción de petróleo promedio diaria por provincia
2013-06,2013-06-01,2013,6,petroleo,provincia,Rio Negro,promedio_diario,6532.24833333333,Producción de petróleo promedio diaria por provincia
2013-06,2013-06-01,2013,6,petroleo,provincia,Salta,promedio_diario,833.165333333333,Producción de petróleo promedio diaria por provincia
2013-06,2013-06-01,2013,6,petroleo,provincia,San Juan,promedio_diario,0.0,Producción de petróleo promedio diaria por provincia
2013-06,2013-06-01,2013,6,petroleo,provincia,Santa Cruz,promedio_diario,18806.1902519705,Producción de petróleo promedio diaria por provincia
2013-06,2013-06-01,2013,6,petroleo,provincia,Tierra del Fuego,promedio_diario,1480.43876666667,Producción de petróleo promedio diaria por provincia
2013-07,2013-07-01,2013,7,petroleo,provincia,Chubut,promedio_diario,24259.46,Producción de petróleo promedio diaria por provincia
2013-07,2013-07-01,2013,7,petroleo,provincia,Estado Nacional,promedio_diario,771.544516129032,Producción de petróleo promedio diaria por provincia
2013-07,2013-07-01,2013,7,petroleo,provincia,Formosa,promedio_diario,367.048064516129,Producción de petróleo promedio diaria por provincia
2013-07,2013-07-01,2013,7,petroleo,provincia,Jujuy,promedio_diario,42.5003225806452,Producción de petróleo promedio diaria por provincia
2013-07,2013-07-01,2013,7,petroleo,provincia,La Pampa,promedio_diario,4237.91812433226,Producción de petróleo promedio diaria por provincia
2013-07,2013-07-01,2013,7,petroleo,provincia,La Rioja,promedio_diario,0.0,Producción de petróleo promedio diaria por provincia
2013-07,2013-07-01,2013,7,petroleo,provincia,Mendoza,promedio_diario,12097.7305549652,Producción de petróleo promedio diaria por provincia
2013-07,2013-07-01,2013,7,petroleo,provincia,Neuquén,promedio_diario,16715.454516129,Producción de petróleo promedio diaria por provincia
2013-07,2013-07-01,2013,7,petroleo,provincia,Rio Negro,promedio_diario,6882.76967741935,Producción de petróleo promedio diaria por provincia
2013-07,2013-07-01,2013,7,petroleo,provincia,Salta,promedio_diario,818.429774193548,Producción de petróleo promedio diaria por provincia
2013-07,2013-07-01,2013,7,petroleo,provincia,San Juan,promedio_diario,0.0,Producción de petróleo promedio diaria por provincia
2013-07,2013-07-01,2013,7,petroleo,provincia,Santa Cruz,promedio_diario,18945.0679677419,Producción de petróleo promedio diaria por provincia
2013-07,2013-07-01,2013,7,petroleo,provincia,Tierra del Fuego,promedio_diario,1475.23270967742,Producción de petróleo promedio diaria por provincia
2013-08,2013-08-01,2013,8,petroleo,provincia,Chubut,promedio_diario,24279.0307096774,Producción de petróleo promedio diaria por provincia
2013-08,2013-08-01,2013,8,petroleo,provincia,Estado Nacional,promedio_diario,779.825806451613,Producción de petróleo promedio diaria por provincia
2013-08,2013-08-01,2013,8,petroleo,provincia,Formosa,promedio_diario,358.693838709677,Producción de petróleo promedio diaria por provincia
2013-08,2013-08-01,2013,8,petroleo,provincia,Jujuy,promedio_diario,41.4296774193548,Producción de petróleo promedio diaria por provincia
2013-08,2013-08-01,2013,8,petroleo,provincia,La Pampa,promedio_diario,4266.53714327161,Producción de petróleo promedio diaria por provincia
2013-08,2013-08-01,2013,8,petroleo,provincia,La Rioja,promedio_diario,0.0,Producción de petróleo promedio diaria por provincia
2013-08,2013-08-01,2013,8,petroleo,provincia,Mendoza,promedio_diario,12033.8344341603,Producción de petróleo promedio diaria por provincia
2013-08,2013-08-01,2013,8,petroleo,provincia,Neuquén,promedio_diario,16391.3214193548,Producción de petróleo promedio diaria por provincia
2013-08,2013-08-01,2013,8,petroleo,provincia,Rio Negro,promedio_diario,6838.58312903226,Producción de petróleo promedio diaria por provincia
2013-08,2013-08-01,2013,8,petroleo,provincia,Salta,promedio_diario,829.684322580645,Producción de petróleo promedio diaria por provincia
2013-08,2013-08-01,2013,8,petroleo,provincia,San Juan,promedio_diario,0.0,Producción de petróleo promedio diaria por provincia
2013-08,2013-08-01,2013,8,petroleo,provincia,Santa Cruz,promedio_diario,18939.3858064516,Producción de petróleo promedio diaria por provincia
2013-08,2013-08-01,2013,8,petroleo,provincia,Tierra del Fuego,promedio_diario,1470.47477419355,Producción de petróleo promedio diaria por provincia
2013-09,2013-09-01,2013,9,petroleo,provincia,Chubut,promedio_diario,24572.005,Producción de petróleo promedio diaria por provincia
2013-09,2013-09-01,2013,9,petroleo,provincia,Estado Nacional,promedio_diario,776.103666666667,Producción de petróleo promedio diaria por provincia
2013-09,2013-09-01,2013,9,petroleo,provincia,Formosa,promedio_diario,378.743,Producción de petróleo promedio diaria por provincia
2013-09,2013-09-01,2013,9,petroleo,provincia,Jujuy,promedio_diario,42.0156666666667,Producción de petróleo promedio diaria por provincia
2013-09,2013-09-01,2013,9,petroleo,provincia,La Pampa,promedio_diario,4201.846301051,Producción de petróleo promedio diaria por provincia
2013-09,2013-09-01,2013,9,petroleo,provincia,La Rioja,promedio_diario,0.0,Producción de petróleo promedio diaria por provincia
2013-09,2013-09-01,2013,9,petroleo,provincia,Mendoza,promedio_diario,12131.1139201357,Producción de petróleo promedio diaria por provincia
2013-09,2013-09-01,2013,9,petroleo,provincia,Neuquén,promedio_diario,16907.4304,Producción de petróleo promedio diaria por provincia
2013-09,2013-09-01,2013,9,petroleo,provincia,Rio Negro,promedio_diario,6755.76426666667,Producción de petróleo promedio diaria por provincia
2013-09,2013-09-01,2013,9,petroleo,provincia,Salta,promedio_diario,867.036666666667,Producción de petróleo promedio diaria por provincia
2013-09,2013-09-01,2013,9,petroleo,provincia,San Juan,promedio_diario,0.0,Producción de petróleo promedio diaria por provincia
2013-09,2013-09-01,2013,9,petroleo,provincia,Santa Cruz,promedio_diario,18685.8766,Producción de petróleo promedio diaria por provincia
2013-09,2013-09-01,2013,9,petroleo,provincia,Tierra del Fuego,promedio_diario,1432.59066666667,Producción de petróleo promedio diaria por provincia
2013-10,2013-10-01,2013,10,petroleo,provincia,Chubut,promedio_diario,24629.1790645161,Producción de petróleo promedio diaria por provincia
2013-10,2013-10-01,2013,10,petroleo,provincia,Córdoba,promedio_diario,0.0,Producción de petróleo promedio diaria por provincia
2013-10,2013-10-01,2013,10,petroleo,provincia,Estado Nacional,promedio_diario,746.41,Producción de petróleo promedio diaria por provincia
2013-10,2013-10-01,2013,10,petroleo,provincia,Formosa,promedio_diario,377.258225806452,Producción de petróleo promedio diaria por provincia
2013-10,2013-10-01,2013,10,petroleo,provincia,Jujuy,promedio_diario,43.3696774193548,Producción de petróleo promedio diaria por provincia
2013-10,2013-10-01,2013,10,petroleo,provincia,La Pampa,promedio_diario,4160.10608299548,Producción de petróleo promedio diaria por provincia
2013-10,2013-10-01,2013,10,petroleo,provincia,La Rioja,promedio_diario,0.0,Producción de petróleo promedio diaria por provincia
2013-10,2013-10-01,2013,10,petroleo,provincia,Mendoza,promedio_diario,12223.3018620113,Producción de petróleo promedio diaria por provincia
2013-10,2013-10-01,2013,10,petroleo,provincia,Neuquén,promedio_diario,16769.0296129032,Producción de petróleo promedio diaria por provincia
2013-10,2013-10-01,2013,10,petroleo,provincia,Rio Negro,promedio_diario,6665.07451612903,Producción de petróleo promedio diaria por provincia
2013-10,2013-10-01,2013,10,petroleo,provincia,Salta,promedio_diario,826.377064516129,Producción de petróleo promedio diaria por provincia
2013-10,2013-10-01,2013,10,petroleo,provincia,San Juan,promedio_diario,0.0,Producción de petróleo promedio diaria por provincia
2013-10,2013-10-01,2013,10,petroleo,provincia,Santa Cruz,promedio_diario,19064.9560645161,Producción de petróleo promedio diaria por provincia
2013-10,2013-10-01,2013,10,petroleo,provincia,Tierra del Fuego,promedio_diario,1435.78064516129,Producción de petróleo promedio diaria por provincia
2013-11,2013-11-01,2013,11,petroleo,provincia,Chubut,promedio_diario,24349.8481333333,Producción de petróleo promedio diaria por provincia
2013-11,2013-11-01,2013,11,petroleo,provincia,Córdoba,promedio_diario,0.0,Producción de petróleo promedio diaria por provincia
2013-11,2013-11-01,2013,11,petroleo,provincia,Estado Nacional,promedio_diario,723.053,Producción de petróleo promedio diaria por provincia
2013-11,2013-11-01,2013,11,petroleo,provincia,Formosa,promedio_diario,380.47,Producción de petróleo promedio diaria por provincia
2013-11,2013-11-01,2013,11,petroleo,provincia,Jujuy,promedio_diario,41.7415,Producción de petróleo promedio diaria por provincia
2013-11,2013-11-01,2013,11,petroleo,provincia,La Pampa,promedio_diario,4133.43608625067,Producción de petróleo promedio diaria por provincia
2013-11,2013-11-01,2013,11,petroleo,provincia,La Rioja,promedio_diario,0.0,Producción de petróleo promedio diaria por provincia
2013-11,2013-11-01,2013,11,petroleo,provincia,Mendoza,promedio_diario,12108.9075141337,Producción de petróleo promedio diaria por provincia
2013-11,2013-11-01,2013,11,petroleo,provincia,Neuquén,promedio_diario,16696.1729187,Producción de petróleo promedio diaria por provincia
2013-11,2013-11-01,2013,11,petroleo,provincia,Rio Negro,promedio_diario,6425.25843333333,Producción de petróleo promedio diaria por provincia
2013-11,2013-11-01,2013,11,petroleo,provincia,Salta,promedio_diario,837.122333333333,Producción de petróleo promedio diaria por provincia
2013-11,2013-11-01,2013,11,petroleo,provincia,San Juan,promedio_diario,0.0,Producción de petróleo promedio diaria por provincia
2013-11,2013-11-01,2013,11,petroleo,provincia,Santa Cruz,promedio_diario,19326.5299536333,Producción de petróleo promedio diaria por provincia
2013-11,2013-11-01,2013,11,petroleo,provincia,Tierra del Fuego,promedio_diario,1356.8825828,Producción de petróleo promedio diaria por provincia
2013-12,2013-12-01,2013,12,petroleo,provincia,Chubut,promedio_diario,24277.6724193548,Producción de petróleo promedio diaria por provincia
2013-12,2013-12-01,2013,12,petroleo,provincia,Córdoba,promedio_diario,0.0,Producción de petróleo promedio diaria por provincia
2013-12,2013-12-01,2013,12,petroleo,provincia,Estado Nacional,promedio_diario,685.767419354839,Producción de petróleo promedio diaria por provincia
2013-12,2013-12-01,2013,12,petroleo,provincia,Formosa,promedio_diario,389.716129032258,Producción de petróleo promedio diaria por provincia
2013-12,2013-12-01,2013,12,petroleo,provincia,Jujuy,promedio_diario,38.751935483871,Producción de petróleo promedio diaria por provincia
2013-12,2013-12-01,2013,12,petroleo,provincia,La Pampa,promedio_diario,4252.81255192774,Producción de petróleo promedio diaria por provincia
2013-12,2013-12-01,2013,12,petroleo,provincia,La Rioja,promedio_diario,0.0,Producción de petróleo promedio diaria por provincia
2013-12,2013-12-01,2013,12,petroleo,provincia,Mendoza,promedio_diario,12017.6982515032,Producción de petróleo promedio diaria por provincia
2013-12,2013-12-01,2013,12,petroleo,provincia,Neuquén,promedio_diario,16765.5284134516,Producción de petróleo promedio diaria por provincia
2013-12,2013-12-01,2013,12,petroleo,provincia,Rio Negro,promedio_diario,6283.3564516129,Producción de petróleo promedio diaria por provincia
2013-12,2013-12-01,2013,12,petroleo,provincia,Salta,promedio_diario,852.069677419355,Producción de petróleo promedio diaria por provincia
2013-12,2013-12-01,2013,12,petroleo,provincia,San Juan,promedio_diario,0.0,Producción de petróleo promedio diaria por provincia
2013-12,2013-12-01,2013,12,petroleo,provincia,Santa Cruz,promedio_diario,18980.1241312258,Producción de petróleo promedio diaria por provincia
2013-12,2013-12-01,2013,12,petroleo,provincia,Tierra del Fuego,promedio_diario,1396.82142903226,Producción de petróleo promedio diaria por provincia
2014-01,2014-01-01,2014,1,petroleo,provincia,Chubut,promedio_diario,24247.1946129032,Producción de petróleo promedio diaria por provincia
2014-01,2014-01-01,2014,1,petroleo,provincia,Córdoba,promedio_diario,0.0,Producción de petróleo promedio diaria por provincia
2014-01,2014-01-01,2014,1,petroleo,provincia,Estado Nacional,promedio_diario,666.212903225806,Producción de petróleo promedio diaria por provincia
2014-01,2014-01-01,2014,1,petroleo,provincia,Formosa,promedio_diario,371.325483870968,Producción de petróleo promedio diaria por provincia
2014-01,2014-01-01,2014,1,petroleo,provincia,Jujuy,promedio_diario,38.7688064516129,Producción de petróleo promedio diaria por provincia
2014-01,2014-01-01,2014,1,petroleo,provincia,La Pampa,promedio_diario,4136.89389732903,Producción de petróleo promedio diaria por provincia
2014-01,2014-01-01,2014,1,petroleo,provincia,La Rioja,promedio_diario,0.0,Producción de petróleo promedio diaria por provincia
2014-01,2014-01-01,2014,1,petroleo,provincia,Mendoza,promedio_diario,12206.6196828352,Producción de petróleo promedio diaria por provincia
2014-01,2014-01-01,2014,1,petroleo,provincia,Neuquén,promedio_diario,16464.2061385806,Producción de petróleo promedio diaria por provincia
2014-01,2014-01-01,2014,1,petroleo,provincia,Rio Negro,promedio_diario,6326.05541935484,Producción de petróleo promedio diaria por provincia
2014-01,2014-01-01,2014,1,petroleo,provincia,Salta,promedio_diario,841.316129032258,Producción de petróleo promedio diaria por provincia
2014-01,2014-01-01,2014,1,petroleo,provincia,San Juan,promedio_diario,0.0,Producción de petróleo promedio diaria por provincia
2014-01,2014-01-01,2014,1,petroleo,provincia,Santa Cruz,promedio_diario,19070.2277155484,Producción de petróleo promedio diaria por provincia
2014-01,2014-01-01,2014,1,petroleo,provincia,Tierra del Fuego,promedio_diario,1346.49871935484,Producción de petróleo promedio diaria por provincia
2014-02,2014-02-01,2014,2,petroleo,provincia,Chubut,promedio_diario,24218.8350714286,Producción de petróleo promedio diaria por provincia
2014-02,2014-02-01,2014,2,petroleo,provincia,Córdoba,promedio_diario,0.0,Producción de petróleo promedio diaria por provincia
2014-02,2014-02-01,2014,2,petroleo,provincia,Estado Nacional,promedio_diario,652.008928571429,Producción de petróleo promedio diaria por provincia
2014-02,2014-02-01,2014,2,petroleo,provincia,Formosa,promedio_diario,367.596428571429,Producción de petróleo promedio diaria por provincia
2014-02,2014-02-01,2014,2,petroleo,provincia,Jujuy,promedio_diario,39.18,Producción de petróleo promedio diaria por provincia
2014-02,2014-02-01,2014,2,petroleo,provincia,La Pampa,promedio_diario,4061.25498834214,Producción de petróleo promedio diaria por provincia
2014-02,2014-02-01,2014,2,petroleo,provincia,La Rioja,promedio_diario,0.0,Producción de petróleo promedio diaria por provincia
2014-02,2014-02-01,2014,2,petroleo,provincia,Mendoza,promedio_diario,12161.0507908118,Producción de petróleo promedio diaria por provincia
2014-02,2014-02-01,2014,2,petroleo,provincia,Neuquén,promedio_diario,16514.8170459643,Producción de petróleo promedio diaria por provincia
2014-02,2014-02-01,2014,2,petroleo,provincia,Rio Negro,promedio_diario,6311.18132142857,Producción de petróleo promedio diaria por provincia
2014-02,2014-02-01,2014,2,petroleo,provincia,Salta,promedio_diario,865.749642857143,Producción de petróleo promedio diaria por provincia
2014-02,2014-02-01,2014,2,petroleo,provincia,San Juan,promedio_diario,0.0,Producción de petróleo promedio diaria por provincia
2014-02,2014-02-01,2014,2,petroleo,provincia,Santa Cruz,promedio_diario,19111.6553649643,Producción de petróleo promedio diaria por provincia
2014-02,2014-02-01,2014,2,petroleo,provincia,Tierra del Fuego,promedio_diario,1379.57908571429,Producción de petróleo promedio diaria por provincia
2014-03,2014-03-01,2014,3,petroleo,provincia,Chubut,promedio_diario,24531.5234516129,Producción de petróleo promedio diaria por provincia
2014-03,2014-03-01,2014,3,petroleo,provincia,Córdoba,promedio_diario,0.0,Producción de petróleo promedio diaria por provincia
2014-03,2014-03-01,2014,3,petroleo,provincia,Estado Nacional,promedio_diario,666.763225806452,Producción de petróleo promedio diaria por provincia
2014-03,2014-03-01,2014,3,petroleo,provincia,Formosa,promedio_diario,337.504193548387,Producción de petróleo promedio diaria por provincia
2014-03,2014-03-01,2014,3,petroleo,provincia,Jujuy,promedio_diario,39.0402903225806,Producción de petróleo promedio diaria por provincia
2014-03,2014-03-01,2014,3,petroleo,provincia,La Pampa,promedio_diario,3916.97311808226,Producción de petróleo promedio diaria por provincia
2014-03,2014-03-01,2014,3,petroleo,provincia,La Rioja,promedio_diario,0.0,Producción de petróleo promedio diaria por provincia
2014-03,2014-03-01,2014,3,petroleo,provincia,Mendoza,promedio_diario,11786.8846708261,Producción de petróleo promedio diaria por provincia
2014-03,2014-03-01,2014,3,petroleo,provincia,Neuquén,promedio_diario,16323.7870243871,Producción de petróleo promedio diaria por provincia
2014-03,2014-03-01,2014,3,petroleo,provincia,Rio Negro,promedio_diario,6329.72383870968,Producción de petróleo promedio diaria por provincia
2014-03,2014-03-01,2014,3,petroleo,provincia,Salta,promedio_diario,837.192258064516,Producción de petróleo promedio diaria por provincia
2014-03,2014-03-01,2014,3,petroleo,provincia,San Juan,promedio_diario,0.0,Producción de petróleo promedio diaria por provincia
2014-03,2014-03-01,2014,3,petroleo,provincia,Santa Cruz,promedio_diario,18799.1832931613,Producción de petróleo promedio diaria por provincia
2014-03,2014-03-01,2014,3,petroleo,provincia,Tierra del Fuego,promedio_diario,1397.90137135484,Producción de petróleo promedio diaria por provincia
2014-04,2014-04-01,2014,4,petroleo,provincia,Chubut,promedio_diario,24391.0406666667,Producción de petróleo promedio diaria por provincia
2014-04,2014-04-01,2014,4,petroleo,provincia,Córdoba,promedio_diario,0.0,Producción de petróleo promedio diaria por provincia
2014-04,2014-04-01,2014,4,petroleo,provincia,Estado Nacional,promedio_diario,587.713,Producción de petróleo promedio diaria por provincia
2014-04,2014-04-01,2014,4,petroleo,provincia,Formosa,promedio_diario,322.442666666667,Producción de petróleo promedio diaria por provincia
2014-04,2014-04-01,2014,4,petroleo,provincia,Jujuy,promedio_diario,39.18,Producción de petróleo promedio diaria por provincia
2014-04,2014-04-01,2014,4,petroleo,provincia,La Pampa,promedio_diario,3775.80619504567,Producción de petróleo promedio diaria por provincia
2014-04,2014-04-01,2014,4,petroleo,provincia,La Rioja,promedio_diario,0.0,Producción de petróleo promedio diaria por provincia
2014-04,2014-04-01,2014,4,petroleo,provincia,Mendoza,promedio_diario,11103.434827952,Producción de petróleo promedio diaria por provincia
2014-04,2014-04-01,2014,4,petroleo,provincia,Neuquén,promedio_diario,15334.0526172667,Producción de petróleo promedio diaria por provincia
2014-04,2014-04-01,2014,4,petroleo,provincia,Rio Negro,promedio_diario,5906.1998,Producción de petróleo promedio diaria por provincia
2014-04,2014-04-01,2014,4,petroleo,provincia,Salta,promedio_diario,795.414666666667,Producción de petróleo promedio diaria por provincia
2014-04,2014-04-01,2014,4,petroleo,provincia,San Juan,promedio_diario,0.0,Producción de petróleo promedio diaria por provincia
2014-04,2014-04-01,2014,4,petroleo,provincia,Santa Cruz,promedio_diario,18383.2146887667,Producción de petróleo promedio diaria por provincia
2014-04,2014-04-01,2014,4,petroleo,provincia,Tierra del Fuego,promedio_diario,1187.3949,Producción de petróleo promedio diaria por provincia
2014-05,2014-05-01,2014,5,petroleo,provincia,Chubut,promedio_diario,24635.8863225806,Producción de petróleo promedio diaria por provincia
2014-05,2014-05-01,2014,5,petroleo,provincia,Córdoba,promedio_diario,0.0,Producción de petróleo promedio diaria por provincia
2014-05,2014-05-01,2014,5,petroleo,provincia,Estado Nacional,promedio_diario,752.816451612903,Producción de petróleo promedio diaria por provincia
2014-05,2014-05-01,2014,5,petroleo,provincia,Formosa,promedio_diario,322.132258064516,Producción de petróleo promedio diaria por provincia
2014-05,2014-05-01,2014,5,petroleo,provincia,Jujuy,promedio_diario,39.1668709677419,Producción de petróleo promedio diaria por provincia
2014-05,2014-05-01,2014,5,petroleo,provincia,La Pampa,promedio_diario,3860.3308617629,Producción de petróleo promedio diaria por provincia
2014-05,2014-05-01,2014,5,petroleo,provincia,La Rioja,promedio_diario,0.0,Producción de petróleo promedio diaria por provincia
2014-05,2014-05-01,2014,5,petroleo,provincia,Mendoza,promedio_diario,11330.2534883303,Producción de petróleo promedio diaria por provincia
2014-05,2014-05-01,2014,5,petroleo,provincia,Neuquén,promedio_diario,16641.2230143226,Producción de petróleo promedio diaria por provincia
2014-05,2014-05-01,2014,5,petroleo,provincia,Rio Negro,promedio_diario,6128.02651612903,Producción de petróleo promedio diaria por provincia
2014-05,2014-05-01,2014,5,petroleo,provincia,Salta,promedio_diario,787.647096774194,Producción de petróleo promedio diaria por provincia
2014-05,2014-05-01,2014,5,petroleo,provincia,San Juan,promedio_diario,0.0,Producción de petróleo promedio diaria por provincia
2014-05,2014-05-01,2014,5,petroleo,provincia,Santa Cruz,promedio_diario,18161.6798308387,Producción de petróleo promedio diaria por provincia
2014-05,2014-05-01,2014,5,petroleo,provincia,Tierra del Fuego,promedio_diario,1354.5743,Producción de petróleo promedio diaria por provincia
2014-06,2014-06-01,2014,6,petroleo,provincia,Chubut,promedio_diario,24666.4926666667,Producción de petróleo promedio diaria por provincia
2014-06,2014-06-01,2014,6,petroleo,provincia,Córdoba,promedio_diario,0.0,Producción de petróleo promedio diaria por provincia
2014-06,2014-06-01,2014,6,petroleo,provincia,Estado Nacional,promedio_diario,775.738433333333,Producción de petróleo promedio diaria por provincia
2014-06,2014-06-01,2014,6,petroleo,provincia,Formosa,promedio_diario,371.754433333333,Producción de petróleo promedio diaria por provincia
2014-06,2014-06-01,2014,6,petroleo,provincia,Jujuy,promedio_diario,42.16,Producción de petróleo promedio diaria por provincia
2014-06,2014-06-01,2014,6,petroleo,provincia,La Pampa,promedio_diario,3813.16628876333,Producción de petróleo promedio diaria por provincia
2014-06,2014-06-01,2014,6,petroleo,provincia,La Rioja,promedio_diario,0.0,Producción de petróleo promedio diaria por provincia
2014-06,2014-06-01,2014,6,petroleo,provincia,Mendoza,promedio_diario,11436.9224968523,Producción de petróleo promedio diaria por provincia
2014-06,2014-06-01,2014,6,petroleo,provincia,Neuquén,promedio_diario,17044.9158574667,Producción de petróleo promedio diaria por provincia
2014-06,2014-06-01,2014,6,petroleo,provincia,Rio Negro,promedio_diario,6133.55926666667,Producción de petróleo promedio diaria por provincia
2014-06,2014-06-01,2014,6,petroleo,provincia,Salta,promedio_diario,772.1303,Producción de petróleo promedio diaria por provincia
2014-06,2014-06-01,2014,6,petroleo,provincia,San Juan,promedio_diario,0.0,Producción de petróleo promedio diaria por provincia
2014-06,2014-06-01,2014,6,petroleo,provincia,Santa Cruz,promedio_diario,17873.3732417333,Producción de petróleo promedio diaria por provincia
2014-06,2014-06-01,2014,6,petroleo,provincia,Tierra del Fuego,promedio_diario,1354.4816,Producción de petróleo promedio diaria por provincia
2014-07,2014-07-01,2014,7,petroleo,provincia,Chubut,promedio_diario,24759.5784739581,Producción de petróleo promedio diaria por provincia
2014-07,2014-07-01,2014,7,petroleo,provincia,Córdoba,promedio_diario,0.0,Producción de petróleo promedio diaria por provincia
2014-07,2014-07-01,2014,7,petroleo,provincia,Estado Nacional,promedio_diario,785.809322580645,Producción de petróleo promedio diaria por provincia
2014-07,2014-07-01,2014,7,petroleo,provincia,Formosa,promedio_diario,369.175806451613,Producción de petróleo promedio diaria por provincia
2014-07,2014-07-01,2014,7,petroleo,provincia,Jujuy,promedio_diario,41.1923225806452,Producción de petróleo promedio diaria por provincia
2014-07,2014-07-01,2014,7,petroleo,provincia,La Pampa,promedio_diario,3800.32908220903,Producción de petróleo promedio diaria por provincia
2014-07,2014-07-01,2014,7,petroleo,provincia,La Rioja,promedio_diario,0.0,Producción de petróleo promedio diaria por provincia
2014-07,2014-07-01,2014,7,petroleo,provincia,Mendoza,promedio_diario,11399.8059248045,Producción de petróleo promedio diaria por provincia
2014-07,2014-07-01,2014,7,petroleo,provincia,Neuquén,promedio_diario,16676.9721980968,Producción de petróleo promedio diaria por provincia
2014-07,2014-07-01,2014,7,petroleo,provincia,Rio Negro,promedio_diario,5735.57277419355,Producción de petróleo promedio diaria por provincia
2014-07,2014-07-01,2014,7,petroleo,provincia,Salta,promedio_diario,770.416774193548,Producción de petróleo promedio diaria por provincia
2014-07,2014-07-01,2014,7,petroleo,provincia,San Juan,promedio_diario,0.0,Producción de petróleo promedio diaria por provincia
2014-07,2014-07-01,2014,7,petroleo,provincia,Santa Cruz,promedio_diario,17778.46308,Producción de petróleo promedio diaria por provincia
2014-07,2014-07-01,2014,7,petroleo,provincia,Tierra del Fuego,promedio_diario,1340.2247363871,Producción de petróleo promedio diaria por provincia
2014-08,2014-08-01,2014,8,petroleo,provincia,Chubut,promedio_diario,24806.7437687968,Producción de petróleo promedio diaria por provincia
2014-08,2014-08-01,2014,8,petroleo,provincia,Córdoba,promedio_diario,0.0,Producción de petróleo promedio diaria por provincia
2014-08,2014-08-01,2014,8,petroleo,provincia,Estado Nacional,promedio_diario,739.001935483871,Producción de petróleo promedio diaria por provincia
2014-08,2014-08-01,2014,8,petroleo,provincia,Formosa,promedio_diario,392.991870967742,Producción de petróleo promedio diaria por provincia
2014-08,2014-08-01,2014,8,petroleo,provincia,Jujuy,promedio_diario,41.5733870967742,Producción de petróleo promedio diaria por provincia
2014-08,2014-08-01,2014,8,petroleo,provincia,La Pampa,promedio_diario,3795.06938550548,Producción de petróleo promedio diaria por provincia
2014-08,2014-08-01,2014,8,petroleo,provincia,La Rioja,promedio_diario,0.0,Producción de petróleo promedio diaria por provincia
2014-08,2014-08-01,2014,8,petroleo,provincia,Mendoza,promedio_diario,11611.5031297161,Producción de petróleo promedio diaria por provincia
2014-08,2014-08-01,2014,8,petroleo,provincia,Neuquén,promedio_diario,17442.3511677419,Producción de petróleo promedio diaria por provincia
2014-08,2014-08-01,2014,8,petroleo,provincia,Rio Negro,promedio_diario,6134.73587096774,Producción de petróleo promedio diaria por provincia
2014-08,2014-08-01,2014,8,petroleo,provincia,Salta,promedio_diario,754.025774193548,Producción de petróleo promedio diaria por provincia
2014-08,2014-08-01,2014,8,petroleo,provincia,San Juan,promedio_diario,0.0,Producción de petróleo promedio diaria por provincia
2014-08,2014-08-01,2014,8,petroleo,provincia,Santa Cruz,promedio_diario,17052.5020645161,Producción de petróleo promedio diaria por provincia
2014-08,2014-08-01,2014,8,petroleo,provincia,Tierra del Fuego,promedio_diario,1313.44090322581,Producción de petróleo promedio diaria por provincia
2014-09,2014-09-01,2014,9,petroleo,provincia,Chubut,promedio_diario,24848.9290702733,Producción de petróleo promedio diaria por provincia
2014-09,2014-09-01,2014,9,petroleo,provincia,Córdoba,promedio_diario,0.0,Producción de petróleo promedio diaria por provincia
2014-09,2014-09-01,2014,9,petroleo,provincia,Estado Nacional,promedio_diario,779.213666666667,Producción de petróleo promedio diaria por provincia
2014-09,2014-09-01,2014,9,petroleo,provincia,Formosa,promedio_diario,428.201066666667,Producción de petróleo promedio diaria por provincia
2014-09,2014-09-01,2014,9,petroleo,provincia,Jujuy,promedio_diario,42.16,Producción de petróleo promedio diaria por provincia
2014-09,2014-09-01,2014,9,petroleo,provincia,La Pampa,promedio_diario,3938.97020159933,Producción de petróleo promedio diaria por provincia
2014-09,2014-09-01,2014,9,petroleo,provincia,La Rioja,promedio_diario,0.0,Producción de petróleo promedio diaria por provincia
2014-09,2014-09-01,2014,9,petroleo,provincia,Mendoza,promedio_diario,11742.5831917567,Producción de petróleo promedio diaria por provincia
2014-09,2014-09-01,2014,9,petroleo,provincia,Neuquén,promedio_diario,17725.5446066667,Producción de petróleo promedio diaria por provincia
2014-09,2014-09-01,2014,9,petroleo,provincia,Rio Negro,promedio_diario,6022.70543333333,Producción de petróleo promedio diaria por provincia
2014-09,2014-09-01,2014,9,petroleo,provincia,Salta,promedio_diario,732.054433333333,Producción de petróleo promedio diaria por provincia
2014-09,2014-09-01,2014,9,petroleo,provincia,San Juan,promedio_diario,0.0,Producción de petróleo promedio diaria por provincia
2014-09,2014-09-01,2014,9,petroleo,provincia,Santa Cruz,promedio_diario,18269.2927,Producción de petróleo promedio diaria por provincia
2014-09,2014-09-01,2014,9,petroleo,provincia,Tierra del Fuego,promedio_diario,1260.38256666667,Producción de petróleo promedio diaria por provincia
2014-10,2014-10-01,2014,10,petroleo,provincia,Chubut,promedio_diario,25013.9792580645,Producción de petróleo promedio diaria por provincia
2014-10,2014-10-01,2014,10,petroleo,provincia,Córdoba,promedio_diario,0.0,Producción de petróleo promedio diaria por provincia
2014-10,2014-10-01,2014,10,petroleo,provincia,Estado Nacional,promedio_diario,675.203225806452,Producción de petróleo promedio diaria por provincia
2014-10,2014-10-01,2014,10,petroleo,provincia,Formosa,promedio_diario,417.829161290323,Producción de petróleo promedio diaria por provincia
2014-10,2014-10-01,2014,10,petroleo,provincia,Jujuy,promedio_diario,41.8503225806452,Producción de petróleo promedio diaria por provincia
2014-10,2014-10-01,2014,10,petroleo,provincia,La Pampa,promedio_diario,3888.65137748742,Producción de petróleo promedio diaria por provincia
2014-10,2014-10-01,2014,10,petroleo,provincia,La Rioja,promedio_diario,0.0,Producción de petróleo promedio diaria por provincia
2014-10,2014-10-01,2014,10,petroleo,provincia,Mendoza,promedio_diario,11929.7915397313,Producción de petróleo promedio diaria por provincia
2014-10,2014-10-01,2014,10,petroleo,provincia,Neuquén,promedio_diario,17402.2365741936,Producción de petróleo promedio diaria por provincia
2014-10,2014-10-01,2014,10,petroleo,provincia,Rio Negro,promedio_diario,5781.27738709677,Producción de petróleo promedio diaria por provincia
2014-10,2014-10-01,2014,10,petroleo,provincia,Salta,promedio_diario,695.378709677419,Producción de petróleo promedio diaria por provincia
2014-10,2014-10-01,2014,10,petroleo,provincia,San Juan,promedio_diario,0.0,Producción de petróleo promedio diaria por provincia
2014-10,2014-10-01,2014,10,petroleo,provincia,Santa Cruz,promedio_diario,18561.5435806452,Producción de petróleo promedio diaria por provincia
2014-10,2014-10-01,2014,10,petroleo,provincia,Tierra del Fuego,promedio_diario,1227.66141935484,Producción de petróleo promedio diaria por provincia
2014-11,2014-11-01,2014,11,petroleo,provincia,Chubut,promedio_diario,25201.90379379,Producción de petróleo promedio diaria por provincia
2014-11,2014-11-01,2014,11,petroleo,provincia,Córdoba,promedio_diario,0.0,Producción de petróleo promedio diaria por provincia
2014-11,2014-11-01,2014,11,petroleo,provincia,Estado Nacional,promedio_diario,750.395166666667,Producción de petróleo promedio diaria por provincia
2014-11,2014-11-01,2014,11,petroleo,provincia,Formosa,promedio_diario,391.910266666667,Producción de petróleo promedio diaria por provincia
2014-11,2014-11-01,2014,11,petroleo,provincia,Jujuy,promedio_diario,41.52,Producción de petróleo promedio diaria por provincia
2014-11,2014-11-01,2014,11,petroleo,provincia,La Pampa,promedio_diario,3637.37855798533,Producción de petróleo promedio diaria por provincia
2014-11,2014-11-01,2014,11,petroleo,provincia,La Rioja,promedio_diario,0.0,Producción de petróleo promedio diaria por provincia
2014-11,2014-11-01,2014,11,petroleo,provincia,Mendoza,promedio_diario,11628.6149945623,Producción de petróleo promedio diaria por provincia
2014-11,2014-11-01,2014,11,petroleo,provincia,Neuquén,promedio_diario,17111.9496366667,Producción de petróleo promedio diaria por provincia
2014-11,2014-11-01,2014,11,petroleo,provincia,Rio Negro,promedio_diario,5691.76403333333,Producción de petróleo promedio diaria por provincia
2014-11,2014-11-01,2014,11,petroleo,provincia,Salta,promedio_diario,679.3795,Producción de petróleo promedio diaria por provincia
2014-11,2014-11-01,2014,11,petroleo,provincia,San Juan,promedio_diario,0.0,Producción de petróleo promedio diaria por provincia
2014-11,2014-11-01,2014,11,petroleo,provincia,Santa Cruz,promedio_diario,18442.4639333333,Producción de petróleo promedio diaria por provincia
2014-11,2014-11-01,2014,11,petroleo,provincia,Tierra del Fuego,promedio_diario,1266.29333333333,Producción de petróleo promedio diaria por provincia
2014-12,2014-12-01,2014,12,petroleo,provincia,Chubut,promedio_diario,25320.4541542806,Producción de petróleo promedio diaria por provincia
2014-12,2014-12-01,2014,12,petroleo,provincia,Córdoba,promedio_diario,0.0,Producción de petróleo promedio diaria por provincia
2014-12,2014-12-01,2014,12,petroleo,provincia,Estado Nacional,promedio_diario,676.171612903226,Producción de petróleo promedio diaria por provincia
2014-12,2014-12-01,2014,12,petroleo,provincia,Formosa,promedio_diario,354.238709677419,Producción de petróleo promedio diaria por provincia
2014-12,2014-12-01,2014,12,petroleo,provincia,Jujuy,promedio_diario,40.7877419354839,Producción de petróleo promedio diaria por provincia
2014-12,2014-12-01,2014,12,petroleo,provincia,La Pampa,promedio_diario,3812.49545422065,Producción de petróleo promedio diaria por provincia
2014-12,2014-12-01,2014,12,petroleo,provincia,La Rioja,promedio_diario,0.0,Producción de petróleo promedio diaria por provincia
2014-12,2014-12-01,2014,12,petroleo,provincia,Mendoza,promedio_diario,12111.1711709623,Producción de petróleo promedio diaria por provincia
2014-12,2014-12-01,2014,12,petroleo,provincia,Neuquén,promedio_diario,16942.5013677419,Producción de petróleo promedio diaria por provincia
2014-12,2014-12-01,2014,12,petroleo,provincia,Rio Negro,promedio_diario,5664.45041935484,Producción de petróleo promedio diaria por provincia
2014-12,2014-12-01,2014,12,petroleo,provincia,Salta,promedio_diario,708.469677419355,Producción de petróleo promedio diaria por provincia
2014-12,2014-12-01,2014,12,petroleo,provincia,San Juan,promedio_diario,0.0,Producción de petróleo promedio diaria por provincia
2014-12,2014-12-01,2014,12,petroleo,provincia,Santa Cruz,promedio_diario,18077.2148709677,Producción de petróleo promedio diaria por provincia
2014-12,2014-12-01,2014,12,petroleo,provincia,Tierra del Fuego,promedio_diario,1265.70432258065,Producción de petróleo promedio diaria por provincia
2015-01,2015-01-01,2015,1,petroleo,provincia,Chubut,promedio_diario,25079.9851236343,Producción de petróleo promedio diaria por provincia
2015-01,2015-01-01,2015,1,petroleo,provincia,Estado Nacional,promedio_diario,727.653548387097,Producción de petróleo promedio diaria por provincia
2015-01,2015-01-01,2015,1,petroleo,provincia,Formosa,promedio_diario,352.271225806452,Producción de petróleo promedio diaria por provincia
2015-01,2015-01-01,2015,1,petroleo,provincia,Jujuy,promedio_diario,40.07,Producción de petróleo promedio diaria por provincia
2015-01,2015-01-01,2015,1,petroleo,provincia,La Pampa,promedio_diario,3972.44352140419,Producción de petróleo promedio diaria por provincia
2015-01,2015-01-01,2015,1,petroleo,provincia,La Rioja,promedio_diario,0.0,Producción de petróleo promedio diaria por provincia
2015-01,2015-01-01,2015,1,petroleo,provincia,Mendoza,promedio_diario,11969.0321587106,Producción de petróleo promedio diaria por provincia
2015-01,2015-01-01,2015,1,petroleo,provincia,Neuquén,promedio_diario,16815.2362774194,Producción de petróleo promedio diaria por provincia
2015-01,2015-01-01,2015,1,petroleo,provincia,Rio Negro,promedio_diario,5579.69903225807,Producción de petróleo promedio diaria por provincia
2015-01,2015-01-01,2015,1,petroleo,provincia,Salta,promedio_diario,749.245064516129,Producción de petróleo promedio diaria por provincia
2015-01,2015-01-01,2015,1,petroleo,provincia,San Juan,promedio_diario,0.0,Producción de petróleo promedio diaria por provincia
2015-01,2015-01-01,2015,1,petroleo,provincia,Santa Cruz,promedio_diario,18209.0604,Producción de petróleo promedio diaria por provincia
2015-01,2015-01-01,2015,1,petroleo,provincia,Tierra del Fuego,promedio_diario,1285.23816129032,Producción de petróleo promedio diaria por provincia
2015-02,2015-02-01,2015,2,petroleo,provincia,Chubut,promedio_diario,25487.0199642857,Producción de petróleo promedio diaria por provincia
2015-02,2015-02-01,2015,2,petroleo,provincia,Estado Nacional,promedio_diario,659.169285714286,Producción de petróleo promedio diaria por provincia
2015-02,2015-02-01,2015,2,petroleo,provincia,Formosa,promedio_diario,353.226642857143,Producción de petróleo promedio diaria por provincia
2015-02,2015-02-01,2015,2,petroleo,provincia,Jujuy,promedio_diario,40.07,Producción de petróleo promedio diaria por provincia
2015-02,2015-02-01,2015,2,petroleo,provincia,La Pampa,promedio_diario,3829.67112575607,Producción de petróleo promedio diaria por provincia
2015-02,2015-02-01,2015,2,petroleo,provincia,La Rioja,promedio_diario,0.0,Producción de petróleo promedio diaria por provincia
2015-02,2015-02-01,2015,2,petroleo,provincia,Mendoza,promedio_diario,11943.7818927207,Producción de petróleo promedio diaria por provincia
2015-02,2015-02-01,2015,2,petroleo,provincia,Neuquén,promedio_diario,16323.8611714286,Producción de petróleo promedio diaria por provincia
2015-02,2015-02-01,2015,2,petroleo,provincia,Rio Negro,promedio_diario,5485.79821428571,Producción de petróleo promedio diaria por provincia
2015-02,2015-02-01,2015,2,petroleo,provincia,Salta,promedio_diario,738.427535714286,Producción de petróleo promedio diaria por provincia
2015-02,2015-02-01,2015,2,petroleo,provincia,San Juan,promedio_diario,0.0,Producción de petróleo promedio diaria por provincia
2015-02,2015-02-01,2015,2,petroleo,provincia,Santa Cruz,promedio_diario,17947.4765714286,Producción de petróleo promedio diaria por provincia
2015-02,2015-02-01,2015,2,petroleo,provincia,Tierra del Fuego,promedio_diario,1265.01103571429,Producción de petróleo promedio diaria por provincia
2015-03,2015-03-01,2015,3,petroleo,provincia,Chubut,promedio_diario,25531.8081290323,Producción de petróleo promedio diaria por provincia
2015-03,2015-03-01,2015,3,petroleo,provincia,Estado Nacional,promedio_diario,685.601935483871,Producción de petróleo promedio diaria por provincia
2015-03,2015-03-01,2015,3,petroleo,provincia,Formosa,promedio_diario,360.024709677419,Producción de petróleo promedio diaria por provincia
2015-03,2015-03-01,2015,3,petroleo,provincia,Jujuy,promedio_diario,39.8077419354839,Producción de petróleo promedio diaria por provincia
2015-03,2015-03-01,2015,3,petroleo,provincia,La Pampa,promedio_diario,3822.54057919774,Producción de petróleo promedio diaria por provincia
2015-03,2015-03-01,2015,3,petroleo,provincia,La Rioja,promedio_diario,0.0,Producción de petróleo promedio diaria por provincia
2015-03,2015-03-01,2015,3,petroleo,provincia,Mendoza,promedio_diario,12119.9360042132,Producción de petróleo promedio diaria por provincia
2015-03,2015-03-01,2015,3,petroleo,provincia,Neuquén,promedio_diario,16638.8140645161,Producción de petróleo promedio diaria por provincia
2015-03,2015-03-01,2015,3,petroleo,provincia,Rio Negro,promedio_diario,5490.39119354839,Producción de petróleo promedio diaria por provincia
2015-03,2015-03-01,2015,3,petroleo,provincia,Salta,promedio_diario,745.607806451613,Producción de petróleo promedio diaria por provincia
2015-03,2015-03-01,2015,3,petroleo,provincia,San Juan,promedio_diario,0.0,Producción de petróleo promedio diaria por provincia
2015-03,2015-03-01,2015,3,petroleo,provincia,Santa Cruz,promedio_diario,17841.8976129032,Producción de petróleo promedio diaria por provincia
2015-03,2015-03-01,2015,3,petroleo,provincia,Tierra del Fuego,promedio_diario,1223.787,Producción de petróleo promedio diaria por provincia
2015-04,2015-04-01,2015,4,petroleo,provincia,Chubut,promedio_diario,25431.0530194407,Producción de petróleo promedio diaria por provincia
2015-04,2015-04-01,2015,4,petroleo,provincia,Estado Nacional,promedio_diario,774.141,Producción de petróleo promedio diaria por provincia
2015-04,2015-04-01,2015,4,petroleo,provincia,Formosa,promedio_diario,356.195566666667,Producción de petróleo promedio diaria por provincia
2015-04,2015-04-01,2015,4,petroleo,provincia,Jujuy,promedio_diario,39.3531,Producción de petróleo promedio diaria por provincia
2015-04,2015-04-01,2015,4,petroleo,provincia,La Pampa,promedio_diario,3765.723388281,Producción de petróleo promedio diaria por provincia
2015-04,2015-04-01,2015,4,petroleo,provincia,La Rioja,promedio_diario,0.0,Producción de petróleo promedio diaria por provincia
2015-04,2015-04-01,2015,4,petroleo,provincia,Mendoza,promedio_diario,12319.6754046557,Producción de petróleo promedio diaria por provincia
2015-04,2015-04-01,2015,4,petroleo,provincia,Neuquén,promedio_diario,16829.7230666667,Producción de petróleo promedio diaria por provincia
2015-04,2015-04-01,2015,4,petroleo,provincia,Rio Negro,promedio_diario,5564.09913333333,Producción de petróleo promedio diaria por provincia
2015-04,2015-04-01,2015,4,petroleo,provincia,Salta,promedio_diario,784.6254,Producción de petróleo promedio diaria por provincia
2015-04,2015-04-01,2015,4,petroleo,provincia,San Juan,promedio_diario,0.0,Producción de petróleo promedio diaria por provincia
2015-04,2015-04-01,2015,4,petroleo,provincia,Santa Cruz,promedio_diario,17738.0590666667,Producción de petróleo promedio diaria por provincia
2015-04,2015-04-01,2015,4,petroleo,provincia,Tierra del Fuego,promedio_diario,1183.07203333333,Producción de petróleo promedio diaria por provincia
2015-05,2015-05-01,2015,5,petroleo,provincia,Chubut,promedio_diario,25732.7676451613,Producción de petróleo promedio diaria por provincia
2015-05,2015-05-01,2015,5,petroleo,provincia,Estado Nacional,promedio_diario,749.859677419355,Producción de petróleo promedio diaria por provincia
2015-05,2015-05-01,2015,5,petroleo,provincia,Formosa,promedio_diario,373.907193548387,Producción de petróleo promedio diaria por provincia
2015-05,2015-05-01,2015,5,petroleo,provincia,Jujuy,promedio_diario,39.9703225806452,Producción de petróleo promedio diaria por provincia
2015-05,2015-05-01,2015,5,petroleo,provincia,La Pampa,promedio_diario,3595.93905260484,Producción de petróleo promedio diaria por provincia
2015-05,2015-05-01,2015,5,petroleo,provincia,La Rioja,promedio_diario,0.0,Producción de petróleo promedio diaria por provincia
2015-05,2015-05-01,2015,5,petroleo,provincia,Mendoza,promedio_diario,12328.213276311,Producción de petróleo promedio diaria por provincia
2015-05,2015-05-01,2015,5,petroleo,provincia,Neuquén,promedio_diario,17064.7391525806,Producción de petróleo promedio diaria por provincia
2015-05,2015-05-01,2015,5,petroleo,provincia,Rio Negro,promedio_diario,5592.60548387097,Producción de petróleo promedio diaria por provincia
2015-05,2015-05-01,2015,5,petroleo,provincia,Salta,promedio_diario,843.680193548387,Producción de petróleo promedio diaria por provincia
2015-05,2015-05-01,2015,5,petroleo,provincia,San Juan,promedio_diario,0.0,Producción de petróleo promedio diaria por provincia
2015-05,2015-05-01,2015,5,petroleo,provincia,Santa Cruz,promedio_diario,17702.2462903226,Producción de petróleo promedio diaria por provincia
2015-05,2015-05-01,2015,5,petroleo,provincia,Tierra del Fuego,promedio_diario,1251.20119354839,Producción de petróleo promedio diaria por provincia
2015-06,2015-06-01,2015,6,petroleo,provincia,Chubut,promedio_diario,25710.8002,Producción de petróleo promedio diaria por provincia
2015-06,2015-06-01,2015,6,petroleo,provincia,Estado Nacional,promedio_diario,747.695333333333,Producción de petróleo promedio diaria por provincia
2015-06,2015-06-01,2015,6,petroleo,provincia,Formosa,promedio_diario,358.8236,Producción de petróleo promedio diaria por provincia
2015-06,2015-06-01,2015,6,petroleo,provincia,Jujuy,promedio_diario,38.3293333333333,Producción de petróleo promedio diaria por provincia
2015-06,2015-06-01,2015,6,petroleo,provincia,La Pampa,promedio_diario,3605.45972441167,Producción de petróleo promedio diaria por provincia
2015-06,2015-06-01,2015,6,petroleo,provincia,La Rioja,promedio_diario,0.0,Producción de petróleo promedio diaria por provincia
2015-06,2015-06-01,2015,6,petroleo,provincia,Mendoza,promedio_diario,12197.7099764253,Producción de petróleo promedio diaria por provincia
2015-06,2015-06-01,2015,6,petroleo,provincia,Neuquén,promedio_diario,16901.4715139667,Producción de petróleo promedio diaria por provincia
2015-06,2015-06-01,2015,6,petroleo,provincia,Rio Negro,promedio_diario,5472.60553333333,Producción de petróleo promedio diaria por provincia
2015-06,2015-06-01,2015,6,petroleo,provincia,Salta,promedio_diario,867.1261,Producción de petróleo promedio diaria por provincia
2015-06,2015-06-01,2015,6,petroleo,provincia,San Juan,promedio_diario,0.0,Producción de petróleo promedio diaria por provincia
2015-06,2015-06-01,2015,6,petroleo,provincia,Santa Cruz,promedio_diario,17723.1734200333,Producción de petróleo promedio diaria por provincia
2015-06,2015-06-01,2015,6,petroleo,provincia,Tierra del Fuego,promedio_diario,1220.75943333333,Producción de petróleo promedio diaria por provincia
2015-07,2015-07-01,2015,7,petroleo,provincia,Chubut,promedio_diario,25802.1548064516,Producción de petróleo promedio diaria por provincia
2015-07,2015-07-01,2015,7,petroleo,provincia,Estado Nacional,promedio_diario,724.570322580645,Producción de petróleo promedio diaria por provincia
2015-07,2015-07-01,2015,7,petroleo,provincia,Formosa,promedio_diario,375.642774193548,Producción de petróleo promedio diaria por provincia
2015-07,2015-07-01,2015,7,petroleo,provincia,Jujuy,promedio_diario,37.7677741935484,Producción de petróleo promedio diaria por provincia
2015-07,2015-07-01,2015,7,petroleo,provincia,La Pampa,promedio_diario,3517.21042188032,Producción de petróleo promedio diaria por provincia
2015-07,2015-07-01,2015,7,petroleo,provincia,La Rioja,promedio_diario,0.0,Producción de petróleo promedio diaria por provincia
2015-07,2015-07-01,2015,7,petroleo,provincia,Mendoza,promedio_diario,12195.0220406742,Producción de petróleo promedio diaria por provincia
2015-07,2015-07-01,2015,7,petroleo,provincia,Neuquén,promedio_diario,16710.0280583548,Producción de petróleo promedio diaria por provincia
2015-07,2015-07-01,2015,7,petroleo,provincia,Rio Negro,promedio_diario,5479.50032258065,Producción de petróleo promedio diaria por provincia
2015-07,2015-07-01,2015,7,petroleo,provincia,Salta,promedio_diario,845.225322580645,Producción de petróleo promedio diaria por provincia
2015-07,2015-07-01,2015,7,petroleo,provincia,San Juan,promedio_diario,0.0,Producción de petróleo promedio diaria por provincia
2015-07,2015-07-01,2015,7,petroleo,provincia,Santa Cruz,promedio_diario,17727.3721616452,Producción de petróleo promedio diaria por provincia
2015-07,2015-07-01,2015,7,petroleo,provincia,Tierra del Fuego,promedio_diario,1195.5327363871,Producción de petróleo promedio diaria por provincia
2015-08,2015-08-01,2015,8,petroleo,provincia,Chubut,promedio_diario,24968.1568709677,Producción de petróleo promedio diaria por provincia
2015-08,2015-08-01,2015,8,petroleo,provincia,Estado Nacional,promedio_diario,796.416129032258,Producción de petróleo promedio diaria por provincia
2015-08,2015-08-01,2015,8,petroleo,provincia,Formosa,promedio_diario,391.798,Producción de petróleo promedio diaria por provincia
2015-08,2015-08-01,2015,8,petroleo,provincia,Jujuy,promedio_diario,37.98,Producción de petróleo promedio diaria por provincia
2015-08,2015-08-01,2015,8,petroleo,provincia,La Pampa,promedio_diario,3520.79829626484,Producción de petróleo promedio diaria por provincia
2015-08,2015-08-01,2015,8,petroleo,provincia,La Rioja,promedio_diario,0.0,Producción de petróleo promedio diaria por provincia
2015-08,2015-08-01,2015,8,petroleo,provincia,Mendoza,promedio_diario,12435.1313495826,Producción de petróleo promedio diaria por provincia
2015-08,2015-08-01,2015,8,petroleo,provincia,Neuquén,promedio_diario,16667.9513616129,Producción de petróleo promedio diaria por provincia
2015-08,2015-08-01,2015,8,petroleo,provincia,Rio Negro,promedio_diario,5579.70293548387,Producción de petróleo promedio diaria por provincia
2015-08,2015-08-01,2015,8,petroleo,provincia,Salta,promedio_diario,852.351193548387,Producción de petróleo promedio diaria por provincia
2015-08,2015-08-01,2015,8,petroleo,provincia,San Juan,promedio_diario,0.0,Producción de petróleo promedio diaria por provincia
2015-08,2015-08-01,2015,8,petroleo,provincia,Santa Cruz,promedio_diario,17706.4885139677,Producción de petróleo promedio diaria por provincia
2015-08,2015-08-01,2015,8,petroleo,provincia,Tierra del Fuego,promedio_diario,1183.14096774194,Producción de petróleo promedio diaria por provincia
2015-09,2015-09-01,2015,9,petroleo,provincia,Chubut,promedio_diario,24819.1150894407,Producción de petróleo promedio diaria por provincia
2015-09,2015-09-01,2015,9,petroleo,provincia,Estado Nacional,promedio_diario,778.222666666667,Producción de petróleo promedio diaria por provincia
2015-09,2015-09-01,2015,9,petroleo,provincia,Formosa,promedio_diario,362.557933333333,Producción de petróleo promedio diaria por provincia
2015-09,2015-09-01,2015,9,petroleo,provincia,Jujuy,promedio_diario,37.98,Producción de petróleo promedio diaria por provincia
2015-09,2015-09-01,2015,9,petroleo,provincia,La Pampa,promedio_diario,3376.537668096,Producción de petróleo promedio diaria por provincia
2015-09,2015-09-01,2015,9,petroleo,provincia,La Rioja,promedio_diario,0.0,Producción de petróleo promedio diaria por provincia
2015-09,2015-09-01,2015,9,petroleo,provincia,Mendoza,promedio_diario,12648.9382569283,Producción de petróleo promedio diaria por provincia
2015-09,2015-09-01,2015,9,petroleo,provincia,Neuquén,promedio_diario,16765.6807909,Producción de petróleo promedio diaria por provincia
2015-09,2015-09-01,2015,9,petroleo,provincia,Rio Negro,promedio_diario,5826.1617,Producción de petróleo promedio diaria por provincia
2015-09,2015-09-01,2015,9,petroleo,provincia,Salta,promedio_diario,850.1959,Producción de petróleo promedio diaria por provincia
2015-09,2015-09-01,2015,9,petroleo,provincia,San Juan,promedio_diario,0.0,Producción de petróleo promedio diaria por provincia
2015-09,2015-09-01,2015,9,petroleo,provincia,Santa Cruz,promedio_diario,17799.1901570667,Producción de petróleo promedio diaria por provincia
2015-09,2015-09-01,2015,9,petroleo,provincia,Tierra del Fuego,promedio_diario,1141.92990606667,Producción de petróleo promedio diaria por provincia
2015-10,2015-10-01,2015,10,petroleo,provincia,Chubut,promedio_diario,25401.9851849246,Producción de petróleo promedio diaria por provincia
2015-10,2015-10-01,2015,10,petroleo,provincia,Estado Nacional,promedio_diario,782.147096774194,Producción de petróleo promedio diaria por provincia
2015-10,2015-10-01,2015,10,petroleo,provincia,Formosa,promedio_diario,362.177741935484,Producción de petróleo promedio diaria por provincia
2015-10,2015-10-01,2015,10,petroleo,provincia,Jujuy,promedio_diario,37.7416129032258,Producción de petróleo promedio diaria por provincia
2015-10,2015-10-01,2015,10,petroleo,provincia,La Pampa,promedio_diario,3171.84843372742,Producción de petróleo promedio diaria por provincia
2015-10,2015-10-01,2015,10,petroleo,provincia,La Rioja,promedio_diario,0.0,Producción de petróleo promedio diaria por provincia
2015-10,2015-10-01,2015,10,petroleo,provincia,Mendoza,promedio_diario,12661.8301128439,Producción de petróleo promedio diaria por provincia
2015-10,2015-10-01,2015,10,petroleo,provincia,Neuquén,promedio_diario,17071.0935937742,Producción de petróleo promedio diaria por provincia
2015-10,2015-10-01,2015,10,petroleo,provincia,Rio Negro,promedio_diario,5651.40048387097,Producción de petróleo promedio diaria por provincia
2015-10,2015-10-01,2015,10,petroleo,provincia,Salta,promedio_diario,836.285267741936,Producción de petróleo promedio diaria por provincia
2015-10,2015-10-01,2015,10,petroleo,provincia,San Juan,promedio_diario,0.0,Producción de petróleo promedio diaria por provincia
2015-10,2015-10-01,2015,10,petroleo,provincia,Santa Cruz,promedio_diario,18023.7498974194,Producción de petróleo promedio diaria por provincia
2015-10,2015-10-01,2015,10,petroleo,provincia,Tierra del Fuego,promedio_diario,1122.38538709677,Producción de petróleo promedio diaria por provincia
2015-11,2015-11-01,2015,11,petroleo,provincia,Chubut,promedio_diario,25436.0319527741,Producción de petróleo promedio diaria por provincia
2015-11,2015-11-01,2015,11,petroleo,provincia,Estado Nacional,promedio_diario,648.937333333333,Producción de petróleo promedio diaria por provincia
2015-11,2015-11-01,2015,11,petroleo,provincia,Formosa,promedio_diario,399.939966666667,Producción de petróleo promedio diaria por provincia
2015-11,2015-11-01,2015,11,petroleo,provincia,Jujuy,promedio_diario,36.411,Producción de petróleo promedio diaria por provincia
2015-11,2015-11-01,2015,11,petroleo,provincia,La Pampa,promedio_diario,3218.506841432,Producción de petróleo promedio diaria por provincia
2015-11,2015-11-01,2015,11,petroleo,provincia,La Rioja,promedio_diario,0.0,Producción de petróleo promedio diaria por provincia
2015-11,2015-11-01,2015,11,petroleo,provincia,Mendoza,promedio_diario,12509.2166297903,Producción de petróleo promedio diaria por provincia
2015-11,2015-11-01,2015,11,petroleo,provincia,Neuquén,promedio_diario,16523.665249,Producción de petróleo promedio diaria por provincia
2015-11,2015-11-01,2015,11,petroleo,provincia,Rio Negro,promedio_diario,5719.98776666667,Producción de petróleo promedio diaria por provincia
2015-11,2015-11-01,2015,11,petroleo,provincia,Salta,promedio_diario,788.5913,Producción de petróleo promedio diaria por provincia
2015-11,2015-11-01,2015,11,petroleo,provincia,San Juan,promedio_diario,0.0,Producción de petróleo promedio diaria por provincia
2015-11,2015-11-01,2015,11,petroleo,provincia,Santa Cruz,promedio_diario,18214.7489803667,Producción de petróleo promedio diaria por provincia
2015-11,2015-11-01,2015,11,petroleo,provincia,Tierra del Fuego,promedio_diario,1111.23923333333,Producción de petróleo promedio diaria por provincia
2015-12,2015-12-01,2015,12,petroleo,provincia,Chubut,promedio_diario,25304.4538220214,Producción de petróleo promedio diaria por provincia
2015-12,2015-12-01,2015,12,petroleo,provincia,Estado Nacional,promedio_diario,592.643870967742,Producción de petróleo promedio diaria por provincia
2015-12,2015-12-01,2015,12,petroleo,provincia,Formosa,promedio_diario,365.097161290323,Producción de petróleo promedio diaria por provincia
2015-12,2015-12-01,2015,12,petroleo,provincia,Jujuy,promedio_diario,36.7632258064516,Producción de petróleo promedio diaria por provincia
2015-12,2015-12-01,2015,12,petroleo,provincia,La Pampa,promedio_diario,3248.80385045936,Producción de petróleo promedio diaria por provincia
2015-12,2015-12-01,2015,12,petroleo,provincia,La Rioja,promedio_diario,0.0,Producción de petróleo promedio diaria por provincia
2015-12,2015-12-01,2015,12,petroleo,provincia,Mendoza,promedio_diario,12513.3969134503,Producción de petróleo promedio diaria por provincia
2015-12,2015-12-01,2015,12,petroleo,provincia,Neuquén,promedio_diario,16809.1852663871,Producción de petróleo promedio diaria por provincia
2015-12,2015-12-01,2015,12,petroleo,provincia,Rio Negro,promedio_diario,5768.75119354839,Producción de petróleo promedio diaria por provincia
2015-12,2015-12-01,2015,12,petroleo,provincia,Salta,promedio_diario,815.631387096774,Producción de petróleo promedio diaria por provincia
2015-12,2015-12-01,2015,12,petroleo,provincia,San Juan,promedio_diario,0.0,Producción de petróleo promedio diaria por provincia
2015-12,2015-12-01,2015,12,petroleo,provincia,Santa Cruz,promedio_diario,18188.77596,Producción de petróleo promedio diaria por provincia
2015-12,2015-12-01,2015,12,petroleo,provincia,Tierra del Fuego,promedio_diario,969.127419354839,Producción de petróleo promedio diaria por provincia
2016-01,2016-01-01,2016,1,petroleo,provincia,Chubut,promedio_diario,24842.3261290323,Producción de petróleo promedio diaria por provincia
2016-01,2016-01-01,2016,1,petroleo,provincia,Estado Nacional,promedio_diario,711.482580645161,Producción de petróleo promedio diaria por provincia
2016-01,2016-01-01,2016,1,petroleo,provincia,Formosa,promedio_diario,342.863548387097,Producción de petróleo promedio diaria por provincia
2016-01,2016-01-01,2016,1,petroleo,provincia,Jujuy,promedio_diario,36.3461290322581,Producción de petróleo promedio diaria por provincia
2016-01,2016-01-01,2016,1,petroleo,provincia,La Pampa,promedio_diario,3223.35677023032,Producción de petróleo promedio diaria por provincia
2016-01,2016-01-01,2016,1,petroleo,provincia,La Rioja,promedio_diario,0.0,Producción de petróleo promedio diaria por provincia
2016-01,2016-01-01,2016,1,petroleo,provincia,Mendoza,promedio_diario,12451.6762913252,Producción de petróleo promedio diaria por provincia
2016-01,2016-01-01,2016,1,petroleo,provincia,Neuquén,promedio_diario,16462.2298167742,Producción de petróleo promedio diaria por provincia
2016-01,2016-01-01,2016,1,petroleo,provincia,Rio Negro,promedio_diario,5542.55119354839,Producción de petróleo promedio diaria por provincia
2016-01,2016-01-01,2016,1,petroleo,provincia,Salta,promedio_diario,810.800677419355,Producción de petróleo promedio diaria por provincia
2016-01,2016-01-01,2016,1,petroleo,provincia,San Juan,promedio_diario,0.0,Producción de petróleo promedio diaria por provincia
2016-01,2016-01-01,2016,1,petroleo,provincia,Santa Cruz,promedio_diario,17931.0081267742,Producción de petróleo promedio diaria por provincia
2016-01,2016-01-01,2016,1,petroleo,provincia,Tierra del Fuego,promedio_diario,1102.277957,Producción de petróleo promedio diaria por provincia
2016-02,2016-02-01,2016,2,petroleo,provincia,Chubut,promedio_diario,24378.1287347856,Producción de petróleo promedio diaria por provincia
2016-02,2016-02-01,2016,2,petroleo,provincia,Estado Nacional,promedio_diario,702.619310344828,Producción de petróleo promedio diaria por provincia
2016-02,2016-02-01,2016,2,petroleo,provincia,Formosa,promedio_diario,344.303137931034,Producción de petróleo promedio diaria por provincia
2016-02,2016-02-01,2016,2,petroleo,provincia,Jujuy,promedio_diario,34.8020689655172,Producción de petróleo promedio diaria por provincia
2016-02,2016-02-01,2016,2,petroleo,provincia,La Pampa,promedio_diario,3431.38045754724,Producción de petróleo promedio diaria por provincia
2016-02,2016-02-01,2016,2,petroleo,provincia,La Rioja,promedio_diario,0.0,Producción de petróleo promedio diaria por provincia
2016-02,2016-02-01,2016,2,petroleo,provincia,Mendoza,promedio_diario,12551.5772115228,Producción de petróleo promedio diaria por provincia
2016-02,2016-02-01,2016,2,petroleo,provincia,Neuquén,promedio_diario,16094.2844780345,Producción de petróleo promedio diaria por provincia
2016-02,2016-02-01,2016,2,petroleo,provincia,Rio Negro,promedio_diario,5577.34324137931,Producción de petróleo promedio diaria por provincia
2016-02,2016-02-01,2016,2,petroleo,provincia,Salta,promedio_diario,804.520896551724,Producción de petróleo promedio diaria por provincia
2016-02,2016-02-01,2016,2,petroleo,provincia,San Juan,promedio_diario,0.0,Producción de petróleo promedio diaria por provincia
2016-02,2016-02-01,2016,2,petroleo,provincia,Santa Cruz,promedio_diario,17419.4357420345,Producción de petróleo promedio diaria por provincia
2016-02,2016-02-01,2016,2,petroleo,provincia,Tierra del Fuego,promedio_diario,1060.5091497931,Producción de petróleo promedio diaria por provincia
2016-03,2016-03-01,2016,3,petroleo,provincia,Chubut,promedio_diario,24613.098,Producción de petróleo promedio diaria por provincia
2016-03,2016-03-01,2016,3,petroleo,provincia,Estado Nacional,promedio_diario,609.385548387097,Producción de petróleo promedio diaria por provincia
2016-03,2016-03-01,2016,3,petroleo,provincia,Formosa,promedio_diario,324.156451612903,Producción de petróleo promedio diaria por provincia
2016-03,2016-03-01,2016,3,petroleo,provincia,Jujuy,promedio_diario,32.7883870967742,Producción de petróleo promedio diaria por provincia
2016-03,2016-03-01,2016,3,petroleo,provincia,La Pampa,promedio_diario,3366.12466208226,Producción de petróleo promedio diaria por provincia
2016-03,2016-03-01,2016,3,petroleo,provincia,La Rioja,promedio_diario,0.0,Producción de petróleo promedio diaria por provincia
2016-03,2016-03-01,2016,3,petroleo,provincia,Mendoza,promedio_diario,12718.1240539548,Producción de petróleo promedio diaria por provincia
2016-03,2016-03-01,2016,3,petroleo,provincia,Neuquén,promedio_diario,16206.0899556452,Producción de petróleo promedio diaria por provincia
2016-03,2016-03-01,2016,3,petroleo,provincia,Rio Negro,promedio_diario,5597.41516129032,Producción de petróleo promedio diaria por provincia
2016-03,2016-03-01,2016,3,petroleo,provincia,Salta,promedio_diario,783.901774193548,Producción de petróleo promedio diaria por provincia
2016-03,2016-03-01,2016,3,petroleo,provincia,San Juan,promedio_diario,0.0,Producción de petróleo promedio diaria por provincia
2016-03,2016-03-01,2016,3,petroleo,provincia,Santa Cruz,promedio_diario,17506.3459510968,Producción de petróleo promedio diaria por provincia
2016-03,2016-03-01,2016,3,petroleo,provincia,Tierra del Fuego,promedio_diario,1177.58958064516,Producción de petróleo promedio diaria por provincia
2016-04,2016-04-01,2016,4,petroleo,provincia,Chubut,promedio_diario,24290.4461,Producción de petróleo promedio diaria por provincia
2016-04,2016-04-01,2016,4,petroleo,provincia,Estado Nacional,promedio_diario,701.1896,Producción de petróleo promedio diaria por provincia
2016-04,2016-04-01,2016,4,petroleo,provincia,Formosa,promedio_diario,305.2726,Producción de petróleo promedio diaria por provincia
2016-04,2016-04-01,2016,4,petroleo,provincia,Jujuy,promedio_diario,32.508,Producción de petróleo promedio diaria por provincia
2016-04,2016-04-01,2016,4,petroleo,provincia,La Pampa,promedio_diario,3303.78738228533,Producción de petróleo promedio diaria por provincia
2016-04,2016-04-01,2016,4,petroleo,provincia,La Rioja,promedio_diario,0.0,Producción de petróleo promedio diaria por provincia
2016-04,2016-04-01,2016,4,petroleo,provincia,Mendoza,promedio_diario,12830.6610881603,Producción de petróleo promedio diaria por provincia
2016-04,2016-04-01,2016,4,petroleo,provincia,Neuquén,promedio_diario,16332.9253621333,Producción de petróleo promedio diaria por provincia
2016-04,2016-04-01,2016,4,petroleo,provincia,Rio Negro,promedio_diario,5592.43053333333,Producción de petróleo promedio diaria por provincia
2016-04,2016-04-01,2016,4,petroleo,provincia,Salta,promedio_diario,793.530133333333,Producción de petróleo promedio diaria por provincia
2016-04,2016-04-01,2016,4,petroleo,provincia,San Juan,promedio_diario,0.0,Producción de petróleo promedio diaria por provincia
2016-04,2016-04-01,2016,4,petroleo,provincia,Santa Cruz,promedio_diario,17421.0712410333,Producción de petróleo promedio diaria por provincia
2016-04,2016-04-01,2016,4,petroleo,provincia,Tierra del Fuego,promedio_diario,1221.81456666667,Producción de petróleo promedio diaria por provincia
2016-05,2016-05-01,2016,5,petroleo,provincia,Chubut,promedio_diario,23406.5101478278,Producción de petróleo promedio diaria por provincia
2016-05,2016-05-01,2016,5,petroleo,provincia,Estado Nacional,promedio_diario,638.049548387097,Producción de petróleo promedio diaria por provincia
2016-05,2016-05-01,2016,5,petroleo,provincia,Formosa,promedio_diario,311.325,Producción de petróleo promedio diaria por provincia
2016-05,2016-05-01,2016,5,petroleo,provincia,Jujuy,promedio_diario,32.74,Producción de petróleo promedio diaria por provincia
2016-05,2016-05-01,2016,5,petroleo,provincia,La Pampa,promedio_diario,3192.52886018032,Producción de petróleo promedio diaria por provincia
2016-05,2016-05-01,2016,5,petroleo,provincia,La Rioja,promedio_diario,0.0,Producción de petróleo promedio diaria por provincia
2016-05,2016-05-01,2016,5,petroleo,provincia,Mendoza,promedio_diario,12539.93936096,Producción de petróleo promedio diaria por provincia
2016-05,2016-05-01,2016,5,petroleo,provincia,Neuquén,promedio_diario,15985.3171031935,Producción de petróleo promedio diaria por provincia
2016-05,2016-05-01,2016,5,petroleo,provincia,Rio Negro,promedio_diario,5453.212,Producción de petróleo promedio diaria por provincia
2016-05,2016-05-01,2016,5,petroleo,provincia,Salta,promedio_diario,812.191258064516,Producción de petróleo promedio diaria por provincia
2016-05,2016-05-01,2016,5,petroleo,provincia,San Juan,promedio_diario,0.0,Producción de petróleo promedio diaria por provincia
2016-05,2016-05-01,2016,5,petroleo,provincia,Santa Cruz,promedio_diario,15854.2681331935,Producción de petróleo promedio diaria por provincia
2016-05,2016-05-01,2016,5,petroleo,provincia,Tierra del Fuego,promedio_diario,1134.77280645161,Producción de petróleo promedio diaria por provincia
2016-06,2016-06-01,2016,6,petroleo,provincia,Chubut,promedio_diario,23975.0946427741,Producción de petróleo promedio diaria por provincia
2016-06,2016-06-01,2016,6,petroleo,provincia,Estado Nacional,promedio_diario,652.0268,Producción de petróleo promedio diaria por provincia
2016-06,2016-06-01,2016,6,petroleo,provincia,Formosa,promedio_diario,300.6494,Producción de petróleo promedio diaria por provincia
2016-06,2016-06-01,2016,6,petroleo,provincia,Jujuy,promedio_diario,32.74,Producción de petróleo promedio diaria por provincia
2016-06,2016-06-01,2016,6,petroleo,provincia,La Pampa,promedio_diario,2938.257726121,Producción de petróleo promedio diaria por provincia
2016-06,2016-06-01,2016,6,petroleo,provincia,La Rioja,promedio_diario,0.0,Producción de petróleo promedio diaria por provincia
2016-06,2016-06-01,2016,6,petroleo,provincia,Mendoza,promedio_diario,12107.5495035493,Producción de petróleo promedio diaria por provincia
2016-06,2016-06-01,2016,6,petroleo,provincia,Neuquén,promedio_diario,15968.8763491667,Producción de petróleo promedio diaria por provincia
2016-06,2016-06-01,2016,6,petroleo,provincia,Rio Negro,promedio_diario,5105.05346666667,Producción de petróleo promedio diaria por provincia
2016-06,2016-06-01,2016,6,petroleo,provincia,Salta,promedio_diario,808.6084,Producción de petróleo promedio diaria por provincia
2016-06,2016-06-01,2016,6,petroleo,provincia,San Juan,promedio_diario,0.0,Producción de petróleo promedio diaria por provincia
2016-06,2016-06-01,2016,6,petroleo,provincia,Santa Cruz,promedio_diario,16542.4488677,Producción de petróleo promedio diaria por provincia
2016-06,2016-06-01,2016,6,petroleo,provincia,Tierra del Fuego,promedio_diario,1154.5615,Producción de petróleo promedio diaria por provincia
2016-07,2016-07-01,2016,7,petroleo,provincia,Chubut,promedio_diario,23772.3831612903,Producción de petróleo promedio diaria por provincia
2016-07,2016-07-01,2016,7,petroleo,provincia,Estado Nacional,promedio_diario,708.087677419355,Producción de petróleo promedio diaria por provincia
2016-07,2016-07-01,2016,7,petroleo,provincia,Formosa,promedio_diario,271.425290322581,Producción de petróleo promedio diaria por provincia
2016-07,2016-07-01,2016,7,petroleo,provincia,Jujuy,promedio_diario,32.74,Producción de petróleo promedio diaria por provincia
2016-07,2016-07-01,2016,7,petroleo,provincia,La Pampa,promedio_diario,3150.2218693029,Producción de petróleo promedio diaria por provincia
2016-07,2016-07-01,2016,7,petroleo,provincia,La Rioja,promedio_diario,0.0,Producción de petróleo promedio diaria por provincia
2016-07,2016-07-01,2016,7,petroleo,provincia,Mendoza,promedio_diario,12595.0938065284,Producción de petróleo promedio diaria por provincia
2016-07,2016-07-01,2016,7,petroleo,provincia,Neuquén,promedio_diario,16472.7502143226,Producción de petróleo promedio diaria por provincia
2016-07,2016-07-01,2016,7,petroleo,provincia,Rio Negro,promedio_diario,5420.99606451613,Producción de petróleo promedio diaria por provincia
2016-07,2016-07-01,2016,7,petroleo,provincia,Salta,promedio_diario,816.246161290323,Producción de petróleo promedio diaria por provincia
2016-07,2016-07-01,2016,7,petroleo,provincia,San Juan,promedio_diario,0.0,Producción de petróleo promedio diaria por provincia
2016-07,2016-07-01,2016,7,petroleo,provincia,Santa Cruz,promedio_diario,16911.2710562903,Producción de petróleo promedio diaria por provincia
2016-07,2016-07-01,2016,7,petroleo,provincia,Tierra del Fuego,promedio_diario,1196.68993548387,Producción de petróleo promedio diaria por provincia
2016-08,2016-08-01,2016,8,petroleo,provincia,Chubut,promedio_diario,23833.4138709677,Producción de petróleo promedio diaria por provincia
2016-08,2016-08-01,2016,8,petroleo,provincia,Estado Nacional,promedio_diario,672.260258064516,Producción de petróleo promedio diaria por provincia
2016-08,2016-08-01,2016,8,petroleo,provincia,Formosa,promedio_diario,244.272516129032,Producción de petróleo promedio diaria por provincia
2016-08,2016-08-01,2016,8,petroleo,provincia,Jujuy,promedio_diario,32.74,Producción de petróleo promedio diaria por provincia
2016-08,2016-08-01,2016,8,petroleo,provincia,La Pampa,promedio_diario,3109.8261578029,Producción de petróleo promedio diaria por provincia
2016-08,2016-08-01,2016,8,petroleo,provincia,La Rioja,promedio_diario,0.0,Producción de petróleo promedio diaria por provincia
2016-08,2016-08-01,2016,8,petroleo,provincia,Mendoza,promedio_diario,12440.2054062513,Producción de petróleo promedio diaria por provincia
2016-08,2016-08-01,2016,8,petroleo,provincia,Neuquén,promedio_diario,16557.4541796129,Producción de petróleo promedio diaria por provincia
2016-08,2016-08-01,2016,8,petroleo,provincia,Rio Negro,promedio_diario,5579.30770967742,Producción de petróleo promedio diaria por provincia
2016-08,2016-08-01,2016,8,petroleo,provincia,Salta,promedio_diario,780.133548387097,Producción de petróleo promedio diaria por provincia
2016-08,2016-08-01,2016,8,petroleo,provincia,San Juan,promedio_diario,0.0,Producción de petróleo promedio diaria por provincia
2016-08,2016-08-01,2016,8,petroleo,provincia,Santa Cruz,promedio_diario,16538.6006010645,Producción de petróleo promedio diaria por provincia
2016-08,2016-08-01,2016,8,petroleo,provincia,Tierra del Fuego,promedio_diario,1221.74885135484,Producción de petróleo promedio diaria por provincia
2016-09,2016-09-01,2016,9,petroleo,provincia,Chubut,promedio_diario,24041.2963666667,Producción de petróleo promedio diaria por provincia
2016-09,2016-09-01,2016,9,petroleo,provincia,Estado Nacional,promedio_diario,619.568946666667,Producción de petróleo promedio diaria por provincia
2016-09,2016-09-01,2016,9,petroleo,provincia,Formosa,promedio_diario,210.998233333333,Producción de petróleo promedio diaria por provincia
2016-09,2016-09-01,2016,9,petroleo,provincia,Jujuy,promedio_diario,32.74,Producción de petróleo promedio diaria por provincia
2016-09,2016-09-01,2016,9,petroleo,provincia,La Pampa,promedio_diario,3126.047413251,Producción de petróleo promedio diaria por provincia
2016-09,2016-09-01,2016,9,petroleo,provincia,La Rioja,promedio_diario,0.0,Producción de petróleo promedio diaria por provincia
2016-09,2016-09-01,2016,9,petroleo,provincia,Mendoza,promedio_diario,12488.167641537,Producción de petróleo promedio diaria por provincia
2016-09,2016-09-01,2016,9,petroleo,provincia,Neuquén,promedio_diario,16408.8263107333,Producción de petróleo promedio diaria por provincia
2016-09,2016-09-01,2016,9,petroleo,provincia,Rio Negro,promedio_diario,5570.21223333333,Producción de petróleo promedio diaria por provincia
2016-09,2016-09-01,2016,9,petroleo,provincia,Salta,promedio_diario,804.233233333333,Producción de petróleo promedio diaria por provincia
2016-09,2016-09-01,2016,9,petroleo,provincia,San Juan,promedio_diario,0.0,Producción de petróleo promedio diaria por provincia
2016-09,2016-09-01,2016,9,petroleo,provincia,Santa Cruz,promedio_diario,16956.0716122333,Producción de petróleo promedio diaria por provincia
2016-09,2016-09-01,2016,9,petroleo,provincia,Tierra del Fuego,promedio_diario,1286.655222,Producción de petróleo promedio diaria por provincia
2016-10,2016-10-01,2016,10,petroleo,provincia,Chubut,promedio_diario,24105.9658316988,Producción de petróleo promedio diaria por provincia
2016-10,2016-10-01,2016,10,petroleo,provincia,Estado Nacional,promedio_diario,631.345548387097,Producción de petróleo promedio diaria por provincia
2016-10,2016-10-01,2016,10,petroleo,provincia,Formosa,promedio_diario,261.649580645161,Producción de petróleo promedio diaria por provincia
2016-10,2016-10-01,2016,10,petroleo,provincia,Jujuy,promedio_diario,32.74,Producción de petróleo promedio diaria por provincia
2016-10,2016-10-01,2016,10,petroleo,provincia,La Pampa,promedio_diario,3023.1798178629,Producción de petróleo promedio diaria por provincia
2016-10,2016-10-01,2016,10,petroleo,provincia,La Rioja,promedio_diario,0.0,Producción de petróleo promedio diaria por provincia
2016-10,2016-10-01,2016,10,petroleo,provincia,Mendoza,promedio_diario,12341.5860841581,Producción de petróleo promedio diaria por provincia
2016-10,2016-10-01,2016,10,petroleo,provincia,Neuquén,promedio_diario,16402.870816129,Producción de petróleo promedio diaria por provincia
2016-10,2016-10-01,2016,10,petroleo,provincia,Rio Negro,promedio_diario,5449.89635483871,Producción de petróleo promedio diaria por provincia
2016-10,2016-10-01,2016,10,petroleo,provincia,Salta,promedio_diario,777.014548387097,Producción de petróleo promedio diaria por provincia
2016-10,2016-10-01,2016,10,petroleo,provincia,San Juan,promedio_diario,0.0,Producción de petróleo promedio diaria por provincia
2016-10,2016-10-01,2016,10,petroleo,provincia,Santa Cruz,promedio_diario,16916.6285938065,Producción de petróleo promedio diaria por provincia
2016-10,2016-10-01,2016,10,petroleo,provincia,Tierra del Fuego,promedio_diario,1243.88164270968,Producción de petróleo promedio diaria por provincia
2016-11,2016-11-01,2016,11,petroleo,provincia,Chubut,promedio_diario,23670.3215333333,Producción de petróleo promedio diaria por provincia
2016-11,2016-11-01,2016,11,petroleo,provincia,Estado Nacional,promedio_diario,587.241333333333,Producción de petróleo promedio diaria por provincia
2016-11,2016-11-01,2016,11,petroleo,provincia,Formosa,promedio_diario,281.886533333333,Producción de petróleo promedio diaria por provincia
2016-11,2016-11-01,2016,11,petroleo,provincia,Jujuy,promedio_diario,33.0,Producción de petróleo promedio diaria por provincia
2016-11,2016-11-01,2016,11,petroleo,provincia,La Pampa,promedio_diario,3085.24248276633,Producción de petróleo promedio diaria por provincia
2016-11,2016-11-01,2016,11,petroleo,provincia,La Rioja,promedio_diario,0.0,Producción de petróleo promedio diaria por provincia
2016-11,2016-11-01,2016,11,petroleo,provincia,Mendoza,promedio_diario,12246.407650876,Producción de petróleo promedio diaria por provincia
2016-11,2016-11-01,2016,11,petroleo,provincia,Neuquén,promedio_diario,16040.1487733333,Producción de petróleo promedio diaria por provincia
2016-11,2016-11-01,2016,11,petroleo,provincia,Rio Negro,promedio_diario,5353.17276666667,Producción de petróleo promedio diaria por provincia
2016-11,2016-11-01,2016,11,petroleo,provincia,Salta,promedio_diario,758.228566666667,Producción de petróleo promedio diaria por provincia
2016-11,2016-11-01,2016,11,petroleo,provincia,San Juan,promedio_diario,0.0,Producción de petróleo promedio diaria por provincia
2016-11,2016-11-01,2016,11,petroleo,provincia,Santa Cruz,promedio_diario,16713.8595362,Producción de petróleo promedio diaria por provincia
2016-11,2016-11-01,2016,11,petroleo,provincia,Tierra del Fuego,promedio_diario,1047.57052556667,Producción de petróleo promedio diaria por provincia
2016-12,2016-12-01,2016,12,petroleo,provincia,Chubut,promedio_diario,23663.0585528109,Producción de petróleo promedio diaria por provincia
2016-12,2016-12-01,2016,12,petroleo,provincia,Estado Nacional,promedio_diario,463.026451612903,Producción de petróleo promedio diaria por provincia
2016-12,2016-12-01,2016,12,petroleo,provincia,Formosa,promedio_diario,305.872419354839,Producción de petróleo promedio diaria por provincia
2016-12,2016-12-01,2016,12,petroleo,provincia,Jujuy,promedio_diario,33.1235483870968,Producción de petróleo promedio diaria por provincia
2016-12,2016-12-01,2016,12,petroleo,provincia,La Pampa,promedio_diario,2989.07182167258,Producción de petróleo promedio diaria por provincia
2016-12,2016-12-01,2016,12,petroleo,provincia,La Rioja,promedio_diario,0.0,Producción de petróleo promedio diaria por provincia
2016-12,2016-12-01,2016,12,petroleo,provincia,Mendoza,promedio_diario,11956.3238757465,Producción de petróleo promedio diaria por provincia
2016-12,2016-12-01,2016,12,petroleo,provincia,Neuquén,promedio_diario,15798.6506709677,Producción de petróleo promedio diaria por provincia
2016-12,2016-12-01,2016,12,petroleo,provincia,Rio Negro,promedio_diario,5184.72587096774,Producción de petróleo promedio diaria por provincia
2016-12,2016-12-01,2016,12,petroleo,provincia,Salta,promedio_diario,742.479,Producción de petróleo promedio diaria por provincia
2016-12,2016-12-01,2016,12,petroleo,provincia,San Juan,promedio_diario,0.0,Producción de petróleo promedio diaria por provincia
2016-12,2016-12-01,2016,12,petroleo,provincia,Santa Cruz,promedio_diario,16400.0299546129,Producción de petróleo promedio diaria por provincia
2016-12,2016-12-01,2016,12,petroleo,provincia,Tierra del Fuego,promedio_diario,1117.93749254839,Producción de petróleo promedio diaria por provincia
2017-01,2017-01-01,2017,1,petroleo,provincia,Chubut,promedio_diario,23623.6749800859,Producción de petróleo promedio diaria por provincia
2017-01,2017-01-01,2017,1,petroleo,provincia,Estado Nacional,promedio_diario,509.558774193548,Producción de petróleo promedio diaria por provincia
2017-01,2017-01-01,2017,1,petroleo,provincia,Formosa,promedio_diario,287.653548387097,Producción de petróleo promedio diaria por provincia
2017-01,2017-01-01,2017,1,petroleo,provincia,Jujuy,promedio_diario,34.75,Producción de petróleo promedio diaria por provincia
2017-01,2017-01-01,2017,1,petroleo,provincia,La Pampa,promedio_diario,3069.11712176903,Producción de petróleo promedio diaria por provincia
2017-01,2017-01-01,2017,1,petroleo,provincia,La Rioja,promedio_diario,0.0,Producción de petróleo promedio diaria por provincia
2017-01,2017-01-01,2017,1,petroleo,provincia,Mendoza,promedio_diario,12140.9107066106,Producción de petróleo promedio diaria por provincia
2017-01,2017-01-01,2017,1,petroleo,provincia,Neuquén,promedio_diario,15957.8292516129,Producción de petróleo promedio diaria por provincia
2017-01,2017-01-01,2017,1,petroleo,provincia,Rio Negro,promedio_diario,5253.27790322581,Producción de petróleo promedio diaria por provincia
2017-01,2017-01-01,2017,1,petroleo,provincia,Salta,promedio_diario,726.042838709677,Producción de petróleo promedio diaria por provincia
2017-01,2017-01-01,2017,1,petroleo,provincia,San Juan,promedio_diario,0.0,Producción de petróleo promedio diaria por provincia
2017-01,2017-01-01,2017,1,petroleo,provincia,Santa Cruz,promedio_diario,16371.4936994516,Producción de petróleo promedio diaria por provincia
2017-01,2017-01-01,2017,1,petroleo,provincia,Tierra del Fuego,promedio_diario,1097.29919374194,Producción de petróleo promedio diaria por provincia
2017-02,2017-02-01,2017,2,petroleo,provincia,Chubut,promedio_diario,23593.914210155,Producción de petróleo promedio diaria por provincia
2017-02,2017-02-01,2017,2,petroleo,provincia,Estado Nacional,promedio_diario,405.234107142857,Producción de petróleo promedio diaria por provincia
2017-02,2017-02-01,2017,2,petroleo,provincia,Formosa,promedio_diario,300.675107142857,Producción de petróleo promedio diaria por provincia
2017-02,2017-02-01,2017,2,petroleo,provincia,Jujuy,promedio_diario,35.1678571428571,Producción de petróleo promedio diaria por provincia
2017-02,2017-02-01,2017,2,petroleo,provincia,La Pampa,promedio_diario,3144.78019396179,Producción de petróleo promedio diaria por provincia
2017-02,2017-02-01,2017,2,petroleo,provincia,La Rioja,promedio_diario,0.0,Producción de petróleo promedio diaria por provincia
2017-02,2017-02-01,2017,2,petroleo,provincia,Mendoza,promedio_diario,11635.7167729932,Producción de petróleo promedio diaria por provincia
2017-02,2017-02-01,2017,2,petroleo,provincia,Neuquén,promedio_diario,14982.5832928571,Producción de petróleo promedio diaria por provincia
2017-02,2017-02-01,2017,2,petroleo,provincia,Rio Negro,promedio_diario,5114.46596428571,Producción de petróleo promedio diaria por provincia
2017-02,2017-02-01,2017,2,petroleo,provincia,Salta,promedio_diario,730.493785714286,Producción de petróleo promedio diaria por provincia
2017-02,2017-02-01,2017,2,petroleo,provincia,San Juan,promedio_diario,0.0,Producción de petróleo promedio diaria por provincia
2017-02,2017-02-01,2017,2,petroleo,provincia,Santa Cruz,promedio_diario,16423.8448890357,Producción de petróleo promedio diaria por provincia
2017-02,2017-02-01,2017,2,petroleo,provincia,Tierra del Fuego,promedio_diario,858.140812928571,Producción de petróleo promedio diaria por provincia
2017-03,2017-03-01,2017,3,petroleo,provincia,Chubut,promedio_diario,22922.8198849426,Producción de petróleo promedio diaria por provincia
2017-03,2017-03-01,2017,3,petroleo,provincia,Estado Nacional,promedio_diario,583.315258064516,Producción de petróleo promedio diaria por provincia
2017-03,2017-03-01,2017,3,petroleo,provincia,Formosa,promedio_diario,290.836451612903,Producción de petróleo promedio diaria por provincia
2017-03,2017-03-01,2017,3,petroleo,provincia,Jujuy,promedio_diario,34.4320322580645,Producción de petróleo promedio diaria por provincia
2017-03,2017-03-01,2017,3,petroleo,provincia,La Pampa,promedio_diario,3063.02806165129,Producción de petróleo promedio diaria por provincia
2017-03,2017-03-01,2017,3,petroleo,provincia,La Rioja,promedio_diario,0.0,Producción de petróleo promedio diaria por provincia
2017-03,2017-03-01,2017,3,petroleo,provincia,Mendoza,promedio_diario,11903.48966783,Producción de petróleo promedio diaria por provincia
2017-03,2017-03-01,2017,3,petroleo,provincia,Neuquén,promedio_diario,15437.668,Producción de petróleo promedio diaria por provincia
2017-03,2017-03-01,2017,3,petroleo,provincia,Rio Negro,promedio_diario,5140.90641935484,Producción de petróleo promedio diaria por provincia
2017-03,2017-03-01,2017,3,petroleo,provincia,Salta,promedio_diario,752.175580645161,Producción de petróleo promedio diaria por provincia
2017-03,2017-03-01,2017,3,petroleo,provincia,San Juan,promedio_diario,0.0,Producción de petróleo promedio diaria por provincia
2017-03,2017-03-01,2017,3,petroleo,provincia,Santa Cruz,promedio_diario,16025.3982751613,Producción de petróleo promedio diaria por provincia
2017-03,2017-03-01,2017,3,petroleo,provincia,Tierra del Fuego,promedio_diario,1021.76368970968,Producción de petróleo promedio diaria por provincia
2017-04,2017-04-01,2017,4,petroleo,provincia,Chubut,promedio_diario,19252.0297496458,Producción de petróleo promedio diaria por provincia
2017-04,2017-04-01,2017,4,petroleo,provincia,Estado Nacional,promedio_diario,570.705,Producción de petróleo promedio diaria por provincia
2017-04,2017-04-01,2017,4,petroleo,provincia,Formosa,promedio_diario,273.5251,Producción de petróleo promedio diaria por provincia
2017-04,2017-04-01,2017,4,petroleo,provincia,Jujuy,promedio_diario,34.5417333333333,Producción de petróleo promedio diaria por provincia
2017-04,2017-04-01,2017,4,petroleo,provincia,La Pampa,promedio_diario,2854.519435165,Producción de petróleo promedio diaria por provincia
2017-04,2017-04-01,2017,4,petroleo,provincia,La Rioja,promedio_diario,0.0,Producción de petróleo promedio diaria por provincia
2017-04,2017-04-01,2017,4,petroleo,provincia,Mendoza,promedio_diario,11551.8467118393,Producción de petróleo promedio diaria por provincia
2017-04,2017-04-01,2017,4,petroleo,provincia,Neuquén,promedio_diario,14983.7454766667,Producción de petróleo promedio diaria por provincia
2017-04,2017-04-01,2017,4,petroleo,provincia,Rio Negro,promedio_diario,5224.4502,Producción de petróleo promedio diaria por provincia
2017-04,2017-04-01,2017,4,petroleo,provincia,Salta,promedio_diario,778.567833333333,Producción de petróleo promedio diaria por provincia
2017-04,2017-04-01,2017,4,petroleo,provincia,San Juan,promedio_diario,0.0,Producción de petróleo promedio diaria por provincia
2017-04,2017-04-01,2017,4,petroleo,provincia,Santa Cruz,promedio_diario,15656.2611661,Producción de petróleo promedio diaria por provincia
2017-04,2017-04-01,2017,4,petroleo,provincia,Tierra del Fuego,promedio_diario,978.757869366667,Producción de petróleo promedio diaria por provincia
2017-05,2017-05-01,2017,5,petroleo,provincia,Chubut,promedio_diario,21849.932810731,Producción de petróleo promedio diaria por provincia
2017-05,2017-05-01,2017,5,petroleo,provincia,Estado Nacional,promedio_diario,520.400290322581,Producción de petróleo promedio diaria por provincia
2017-05,2017-05-01,2017,5,petroleo,provincia,Formosa,promedio_diario,249.859,Producción de petróleo promedio diaria por provincia
2017-05,2017-05-01,2017,5,petroleo,provincia,Jujuy,promedio_diario,35.2,Producción de petróleo promedio diaria por provincia
2017-05,2017-05-01,2017,5,petroleo,provincia,La Pampa,promedio_diario,2716.18331261903,Producción de petróleo promedio diaria por provincia
2017-05,2017-05-01,2017,5,petroleo,provincia,La Rioja,promedio_diario,0.0,Producción de petróleo promedio diaria por provincia
2017-05,2017-05-01,2017,5,petroleo,provincia,Mendoza,promedio_diario,11394.8483174032,Producción de petróleo promedio diaria por provincia
2017-05,2017-05-01,2017,5,petroleo,provincia,Neuquén,promedio_diario,15321.2504290323,Producción de petróleo promedio diaria por provincia
2017-05,2017-05-01,2017,5,petroleo,provincia,Rio Negro,promedio_diario,5136.80219354839,Producción de petróleo promedio diaria por provincia
2017-05,2017-05-01,2017,5,petroleo,provincia,Salta,promedio_diario,756.562451612903,Producción de petróleo promedio diaria por provincia
2017-05,2017-05-01,2017,5,petroleo,provincia,San Juan,promedio_diario,0.0,Producción de petróleo promedio diaria por provincia
2017-05,2017-05-01,2017,5,petroleo,provincia,Santa Cruz,promedio_diario,15633.4355629258,Producción de petróleo promedio diaria por provincia
2017-05,2017-05-01,2017,5,petroleo,provincia,Tierra del Fuego,promedio_diario,1082.01979951613,Producción de petróleo promedio diaria por provincia
2017-06,2017-06-01,2017,6,petroleo,provincia,Chubut,promedio_diario,19825.7339911074,Producción de petróleo promedio diaria por provincia
2017-06,2017-06-01,2017,6,petroleo,provincia,Estado Nacional,promedio_diario,527.260266666667,Producción de petróleo promedio diaria por provincia
2017-06,2017-06-01,2017,6,petroleo,provincia,Formosa,promedio_diario,259.57,Producción de petróleo promedio diaria por provincia
2017-06,2017-06-01,2017,6,petroleo,provincia,Jujuy,promedio_diario,35.56,Producción de petróleo promedio diaria por provincia
2017-06,2017-06-01,2017,6,petroleo,provincia,La Pampa,promedio_diario,2965.41275508267,Producción de petróleo promedio diaria por provincia
2017-06,2017-06-01,2017,6,petroleo,provincia,La Rioja,promedio_diario,0.0,Producción de petróleo promedio diaria por provincia
2017-06,2017-06-01,2017,6,petroleo,provincia,Mendoza,promedio_diario,11899.2873117473,Producción de petróleo promedio diaria por provincia
2017-06,2017-06-01,2017,6,petroleo,provincia,Neuquén,promedio_diario,15872.8161333333,Producción de petróleo promedio diaria por provincia
2017-06,2017-06-01,2017,6,petroleo,provincia,Rio Negro,promedio_diario,5125.6477,Producción de petróleo promedio diaria por provincia
2017-06,2017-06-01,2017,6,petroleo,provincia,Salta,promedio_diario,728.802266666667,Producción de petróleo promedio diaria por provincia
2017-06,2017-06-01,2017,6,petroleo,provincia,San Juan,promedio_diario,0.0,Producción de petróleo promedio diaria por provincia
2017-06,2017-06-01,2017,6,petroleo,provincia,Santa Cruz,promedio_diario,15052.3904567333,Producción de petróleo promedio diaria por provincia
2017-06,2017-06-01,2017,6,petroleo,provincia,Tierra del Fuego,promedio_diario,1087.5226653,Producción de petróleo promedio diaria por provincia
2017-07,2017-07-01,2017,7,petroleo,provincia,Chubut,promedio_diario,21130.7730510536,Producción de petróleo promedio diaria por provincia
2017-07,2017-07-01,2017,7,petroleo,provincia,Estado Nacional,promedio_diario,640.723516129032,Producción de petróleo promedio diaria por provincia
2017-07,2017-07-01,2017,7,petroleo,provincia,Formosa,promedio_diario,247.192096774194,Producción de petróleo promedio diaria por provincia
2017-07,2017-07-01,2017,7,petroleo,provincia,Jujuy,promedio_diario,36.1,Producción de petróleo promedio diaria por provincia
2017-07,2017-07-01,2017,7,petroleo,provincia,La Pampa,promedio_diario,3013.24598712387,Producción de petróleo promedio diaria por provincia
2017-07,2017-07-01,2017,7,petroleo,provincia,La Rioja,promedio_diario,0.0,Producción de petróleo promedio diaria por provincia
2017-07,2017-07-01,2017,7,petroleo,provincia,Mendoza,promedio_diario,12190.2588496771,Producción de petróleo promedio diaria por provincia
2017-07,2017-07-01,2017,7,petroleo,provincia,Neuquén,promedio_diario,15843.0086129032,Producción de petróleo promedio diaria por provincia
2017-07,2017-07-01,2017,7,petroleo,provincia,Rio Negro,promedio_diario,5345.68648387097,Producción de petróleo promedio diaria por provincia
2017-07,2017-07-01,2017,7,petroleo,provincia,Salta,promedio_diario,713.826129032258,Producción de petróleo promedio diaria por provincia
2017-07,2017-07-01,2017,7,petroleo,provincia,San Juan,promedio_diario,0.0,Producción de petróleo promedio diaria por provincia
2017-07,2017-07-01,2017,7,petroleo,provincia,Santa Cruz,promedio_diario,15081.6731191613,Producción de petróleo promedio diaria por provincia
2017-07,2017-07-01,2017,7,petroleo,provincia,Tierra del Fuego,promedio_diario,1026.82487141935,Producción de petróleo promedio diaria por provincia
2017-08,2017-08-01,2017,8,petroleo,provincia,Chubut,promedio_diario,22285.2671576496,Producción de petróleo promedio diaria por provincia
2017-08,2017-08-01,2017,8,petroleo,provincia,Estado Nacional,promedio_diario,546.135677419355,Producción de petróleo promedio diaria por provincia
2017-08,2017-08-01,2017,8,petroleo,provincia,Formosa,promedio_diario,251.475032258065,Producción de petróleo promedio diaria por provincia
2017-08,2017-08-01,2017,8,petroleo,provincia,Jujuy,promedio_diario,36.1,Producción de petróleo promedio diaria por provincia
2017-08,2017-08-01,2017,8,petroleo,provincia,La Pampa,promedio_diario,2871.76015022129,Producción de petróleo promedio diaria por provincia
2017-08,2017-08-01,2017,8,petroleo,provincia,La Rioja,promedio_diario,0.0,Producción de petróleo promedio diaria por provincia
2017-08,2017-08-01,2017,8,petroleo,provincia,Mendoza,promedio_diario,12172.9467558365,Producción de petróleo promedio diaria por provincia
2017-08,2017-08-01,2017,8,petroleo,provincia,Neuquén,promedio_diario,15539.2989677419,Producción de petróleo promedio diaria por provincia
2017-08,2017-08-01,2017,8,petroleo,provincia,Rio Negro,promedio_diario,5345.63032258065,Producción de petróleo promedio diaria por provincia
2017-08,2017-08-01,2017,8,petroleo,provincia,Salta,promedio_diario,703.274064516129,Producción de petróleo promedio diaria por provincia
2017-08,2017-08-01,2017,8,petroleo,provincia,San Juan,promedio_diario,0.0,Producción de petróleo promedio diaria por provincia
2017-08,2017-08-01,2017,8,petroleo,provincia,Santa Cruz,promedio_diario,15251.3377985806,Producción de petróleo promedio diaria por provincia
2017-08,2017-08-01,2017,8,petroleo,provincia,Tierra del Fuego,promedio_diario,1156.580557,Producción de petróleo promedio diaria por provincia
2017-09,2017-09-01,2017,9,petroleo,provincia,Chubut,promedio_diario,22793.7714911074,Producción de petróleo promedio diaria por provincia
2017-09,2017-09-01,2017,9,petroleo,provincia,Estado Nacional,promedio_diario,504.683,Producción de petróleo promedio diaria por provincia
2017-09,2017-09-01,2017,9,petroleo,provincia,Formosa,promedio_diario,245.710833333333,Producción de petróleo promedio diaria por provincia
2017-09,2017-09-01,2017,9,petroleo,provincia,Jujuy,promedio_diario,36.1,Producción de petróleo promedio diaria por provincia
2017-09,2017-09-01,2017,9,petroleo,provincia,La Pampa,promedio_diario,2982.75184361433,Producción de petróleo promedio diaria por provincia
2017-09,2017-09-01,2017,9,petroleo,provincia,La Rioja,promedio_diario,0.0,Producción de petróleo promedio diaria por provincia
2017-09,2017-09-01,2017,9,petroleo,provincia,Mendoza,promedio_diario,12378.4971184047,Producción de petróleo promedio diaria por provincia
2017-09,2017-09-01,2017,9,petroleo,provincia,Neuquén,promedio_diario,15806.0651,Producción de petróleo promedio diaria por provincia
2017-09,2017-09-01,2017,9,petroleo,provincia,Rio Negro,promedio_diario,5195.82193333333,Producción de petróleo promedio diaria por provincia
2017-09,2017-09-01,2017,9,petroleo,provincia,Salta,promedio_diario,679.908033333333,Producción de petróleo promedio diaria por provincia
2017-09,2017-09-01,2017,9,petroleo,provincia,San Juan,promedio_diario,0.0,Producción de petróleo promedio diaria por provincia
2017-09,2017-09-01,2017,9,petroleo,provincia,Santa Cruz,promedio_diario,15254.2874525667,Producción de petróleo promedio diaria por provincia
2017-09,2017-09-01,2017,9,petroleo,provincia,Tierra del Fuego,promedio_diario,1161.8820114,Producción de petróleo promedio diaria por provincia
2017-10,2017-10-01,2017,10,petroleo,provincia,Chubut,promedio_diario,23265.5805671827,Producción de petróleo promedio diaria por provincia
2017-10,2017-10-01,2017,10,petroleo,provincia,Estado Nacional,promedio_diario,589.210935483871,Producción de petróleo promedio diaria por provincia
2017-10,2017-10-01,2017,10,petroleo,provincia,Formosa,promedio_diario,223.171,Producción de petróleo promedio diaria por provincia
2017-10,2017-10-01,2017,10,petroleo,provincia,Jujuy,promedio_diario,35.7267741935484,Producción de petróleo promedio diaria por provincia
2017-10,2017-10-01,2017,10,petroleo,provincia,La Pampa,promedio_diario,2787.28688427,Producción de petróleo promedio diaria por provincia
2017-10,2017-10-01,2017,10,petroleo,provincia,La Rioja,promedio_diario,0.0,Producción de petróleo promedio diaria por provincia
2017-10,2017-10-01,2017,10,petroleo,provincia,Mendoza,promedio_diario,12343.3990188658,Producción de petróleo promedio diaria por provincia
2017-10,2017-10-01,2017,10,petroleo,provincia,Neuquén,promedio_diario,15826.7751612903,Producción de petróleo promedio diaria por provincia
2017-10,2017-10-01,2017,10,petroleo,provincia,Rio Negro,promedio_diario,5313.15483870968,Producción de petróleo promedio diaria por provincia
2017-10,2017-10-01,2017,10,petroleo,provincia,Salta,promedio_diario,684.911741935484,Producción de petróleo promedio diaria por provincia
2017-10,2017-10-01,2017,10,petroleo,provincia,San Juan,promedio_diario,0.0,Producción de petróleo promedio diaria por provincia
2017-10,2017-10-01,2017,10,petroleo,provincia,Santa Cruz,promedio_diario,15503.3579680323,Producción de petróleo promedio diaria por provincia
2017-10,2017-10-01,2017,10,petroleo,provincia,Tierra del Fuego,promedio_diario,1242.67024541935,Producción de petróleo promedio diaria por provincia
2017-11,2017-11-01,2017,11,petroleo,provincia,Chubut,promedio_diario,23444.7744777741,Producción de petróleo promedio diaria por provincia
2017-11,2017-11-01,2017,11,petroleo,provincia,Estado Nacional,promedio_diario,478.956033333333,Producción de petróleo promedio diaria por provincia
2017-11,2017-11-01,2017,11,petroleo,provincia,Formosa,promedio_diario,209.3793,Producción de petróleo promedio diaria por provincia
2017-11,2017-11-01,2017,11,petroleo,provincia,Jujuy,promedio_diario,35.6743333333333,Producción de petróleo promedio diaria por provincia
2017-11,2017-11-01,2017,11,petroleo,provincia,La Pampa,promedio_diario,2879.71250850433,Producción de petróleo promedio diaria por provincia
2017-11,2017-11-01,2017,11,petroleo,provincia,La Rioja,promedio_diario,0.0,Producción de petróleo promedio diaria por provincia
2017-11,2017-11-01,2017,11,petroleo,provincia,Mendoza,promedio_diario,12371.5565078307,Producción de petróleo promedio diaria por provincia
2017-11,2017-11-01,2017,11,petroleo,provincia,Neuquén,promedio_diario,15817.9740666667,Producción de petróleo promedio diaria por provincia
2017-11,2017-11-01,2017,11,petroleo,provincia,Rio Negro,promedio_diario,5121.452,Producción de petróleo promedio diaria por provincia
2017-11,2017-11-01,2017,11,petroleo,provincia,Salta,promedio_diario,654.399333333333,Producción de petróleo promedio diaria por provincia
2017-11,2017-11-01,2017,11,petroleo,provincia,San Juan,promedio_diario,0.0,Producción de petróleo promedio diaria por provincia
2017-11,2017-11-01,2017,11,petroleo,provincia,Santa Cruz,promedio_diario,15477.2725474333,Producción de petróleo promedio diaria por provincia
2017-11,2017-11-01,2017,11,petroleo,provincia,Tierra del Fuego,promedio_diario,1245.30831766667,Producción de petróleo promedio diaria por provincia
2017-12,2017-12-01,2017,12,petroleo,provincia,Chubut,promedio_diario,23525.1911687956,Producción de petróleo promedio diaria por provincia
2017-12,2017-12-01,2017,12,petroleo,provincia,Estado Nacional,promedio_diario,624.411129032258,Producción de petróleo promedio diaria por provincia
2017-12,2017-12-01,2017,12,petroleo,provincia,Formosa,promedio_diario,220.512387096774,Producción de petróleo promedio diaria por provincia
2017-12,2017-12-01,2017,12,petroleo,provincia,Jujuy,promedio_diario,35.4738709677419,Producción de petróleo promedio diaria por provincia
2017-12,2017-12-01,2017,12,petroleo,provincia,La Pampa,promedio_diario,2682.28345490065,Producción de petróleo promedio diaria por provincia
2017-12,2017-12-01,2017,12,petroleo,provincia,La Rioja,promedio_diario,0.0,Producción de petróleo promedio diaria por provincia
2017-12,2017-12-01,2017,12,petroleo,provincia,Mendoza,promedio_diario,12398.818285199,Producción de petróleo promedio diaria por provincia
2017-12,2017-12-01,2017,12,petroleo,provincia,Neuquén,promedio_diario,15549.9547096774,Producción de petróleo promedio diaria por provincia
2017-12,2017-12-01,2017,12,petroleo,provincia,Rio Negro,promedio_diario,5120.33887096774,Producción de petróleo promedio diaria por provincia
2017-12,2017-12-01,2017,12,petroleo,provincia,Salta,promedio_diario,649.668903225807,Producción de petróleo promedio diaria por provincia
2017-12,2017-12-01,2017,12,petroleo,provincia,San Juan,promedio_diario,0.0,Producción de petróleo promedio diaria por provincia
2017-12,2017-12-01,2017,12,petroleo,provincia,Santa Cruz,promedio_diario,15310.0437173548,Producción de petróleo promedio diaria por provincia
2017-12,2017-12-01,2017,12,petroleo,provincia,Tierra del Fuego,promedio_diario,1255.60309025806,Producción de petróleo promedio diaria por provincia
2018-01,2018-01-01,2018,1,petroleo,provincia,Chubut,promedio_diario,23131.1743401941,Producción de petróleo promedio diaria por provincia
2018-01,2018-01-01,2018,1,petroleo,provincia,Estado Nacional,promedio_diario,593.863548387097,Producción de petróleo promedio diaria por provincia
2018-01,2018-01-01,2018,1,petroleo,provincia,Formosa,promedio_diario,215.355806451613,Producción de petróleo promedio diaria por provincia
2018-01,2018-01-01,2018,1,petroleo,provincia,Jujuy,promedio_diario,35.0858064516129,Producción de petróleo promedio diaria por provincia
2018-01,2018-01-01,2018,1,petroleo,provincia,La Pampa,promedio_diario,2751.81581176258,Producción de petróleo promedio diaria por provincia
2018-01,2018-01-01,2018,1,petroleo,provincia,La Rioja,promedio_diario,0.0,Producción de petróleo promedio diaria por provincia
2018-01,2018-01-01,2018,1,petroleo,provincia,Mendoza,promedio_diario,12096.6477348171,Producción de petróleo promedio diaria por provincia
2018-01,2018-01-01,2018,1,petroleo,provincia,Neuquén,promedio_diario,15619.9570967742,Producción de petróleo promedio diaria por provincia
2018-01,2018-01-01,2018,1,petroleo,provincia,Rio Negro,promedio_diario,5123.89748387097,Producción de petróleo promedio diaria por provincia
2018-01,2018-01-01,2018,1,petroleo,provincia,Salta,promedio_diario,658.888322580645,Producción de petróleo promedio diaria por provincia
2018-01,2018-01-01,2018,1,petroleo,provincia,San Juan,promedio_diario,0.0,Producción de petróleo promedio diaria por provincia
2018-01,2018-01-01,2018,1,petroleo,provincia,Santa Cruz,promedio_diario,14910.5585782258,Producción de petróleo promedio diaria por provincia
2018-01,2018-01-01,2018,1,petroleo,provincia,Tierra del Fuego,promedio_diario,1322.40625496774,Producción de petróleo promedio diaria por provincia
2018-02,2018-02-01,2018,2,petroleo,provincia,Chubut,promedio_diario,23329.4577857143,Producción de petróleo promedio diaria por provincia
2018-02,2018-02-01,2018,2,petroleo,provincia,Estado Nacional,promedio_diario,629.703214285714,Producción de petróleo promedio diaria por provincia
2018-02,2018-02-01,2018,2,petroleo,provincia,Formosa,promedio_diario,211.898821428571,Producción de petróleo promedio diaria por provincia
2018-02,2018-02-01,2018,2,petroleo,provincia,Jujuy,promedio_diario,35.1300357142857,Producción de petróleo promedio diaria por provincia
2018-02,2018-02-01,2018,2,petroleo,provincia,La Pampa,promedio_diario,2711.53995997357,Producción de petróleo promedio diaria por provincia
2018-02,2018-02-01,2018,2,petroleo,provincia,La Rioja,promedio_diario,0.0,Producción de petróleo promedio diaria por provincia
2018-02,2018-02-01,2018,2,petroleo,provincia,Mendoza,promedio_diario,11935.8470737207,Producción de petróleo promedio diaria por provincia
2018-02,2018-02-01,2018,2,petroleo,provincia,Neuquén,promedio_diario,16139.1225357143,Producción de petróleo promedio diaria por provincia
2018-02,2018-02-01,2018,2,petroleo,provincia,Rio Negro,promedio_diario,4982.30782142857,Producción de petróleo promedio diaria por provincia
2018-02,2018-02-01,2018,2,petroleo,provincia,Salta,promedio_diario,624.289857142857,Producción de petróleo promedio diaria por provincia
2018-02,2018-02-01,2018,2,petroleo,provincia,San Juan,promedio_diario,0.0,Producción de petróleo promedio diaria por provincia
2018-02,2018-02-01,2018,2,petroleo,provincia,Santa Cruz,promedio_diario,14843.9218080714,Producción de petróleo promedio diaria por provincia
2018-02,2018-02-01,2018,2,petroleo,provincia,Tierra del Fuego,promedio_diario,1323.71708357143,Producción de petróleo promedio diaria por provincia
2018-03,2018-03-01,2018,3,petroleo,provincia,Chubut,promedio_diario,23595.3710967742,Producción de petróleo promedio diaria por provincia
2018-03,2018-03-01,2018,3,petroleo,provincia,Estado Nacional,promedio_diario,639.42064516129,Producción de petróleo promedio diaria por provincia
2018-03,2018-03-01,2018,3,petroleo,provincia,Formosa,promedio_diario,200.242709677419,Producción de petróleo promedio diaria por provincia
2018-03,2018-03-01,2018,3,petroleo,provincia,Jujuy,promedio_diario,33.611935483871,Producción de petróleo promedio diaria por provincia
2018-03,2018-03-01,2018,3,petroleo,provincia,La Pampa,promedio_diario,2651.57659801258,Producción de petróleo promedio diaria por provincia
2018-03,2018-03-01,2018,3,petroleo,provincia,La Rioja,promedio_diario,0.0,Producción de petróleo promedio diaria por provincia
2018-03,2018-03-01,2018,3,petroleo,provincia,Mendoza,promedio_diario,11979.128747139,Producción de petróleo promedio diaria por provincia
2018-03,2018-03-01,2018,3,petroleo,provincia,Neuquén,promedio_diario,16701.1350967742,Producción de petróleo promedio diaria por provincia
2018-03,2018-03-01,2018,3,petroleo,provincia,Rio Negro,promedio_diario,4995.10848387097,Producción de petróleo promedio diaria por provincia
2018-03,2018-03-01,2018,3,petroleo,provincia,Salta,promedio_diario,608.446741935484,Producción de petróleo promedio diaria por provincia
2018-03,2018-03-01,2018,3,petroleo,provincia,San Juan,promedio_diario,0.0,Producción de petróleo promedio diaria por provincia
2018-03,2018-03-01,2018,3,petroleo,provincia,Santa Cruz,promedio_diario,14767.8075323871,Producción de petróleo promedio diaria por provincia
2018-03,2018-03-01,2018,3,petroleo,provincia,Tierra del Fuego,promedio_diario,1313.01355025806,Producción de petróleo promedio diaria por provincia
2018-04,2018-04-01,2018,4,petroleo,provincia,Chubut,promedio_diario,23486.4821333333,Producción de petróleo promedio diaria por provincia
2018-04,2018-04-01,2018,4,petroleo,provincia,Estado Nacional,promedio_diario,613.2947,Producción de petróleo promedio diaria por provincia
2018-04,2018-04-01,2018,4,petroleo,provincia,Formosa,promedio_diario,212.3237,Producción de petróleo promedio diaria por provincia
2018-04,2018-04-01,2018,4,petroleo,provincia,Jujuy,promedio_diario,33.4909333333333,Producción de petróleo promedio diaria por provincia
2018-04,2018-04-01,2018,4,petroleo,provincia,La Pampa,promedio_diario,2801.39081407267,Producción de petróleo promedio diaria por provincia
2018-04,2018-04-01,2018,4,petroleo,provincia,La Rioja,promedio_diario,0.0,Producción de petróleo promedio diaria por provincia
2018-04,2018-04-01,2018,4,petroleo,provincia,Mendoza,promedio_diario,11893.9704815473,Producción de petróleo promedio diaria por provincia
2018-04,2018-04-01,2018,4,petroleo,provincia,Neuquén,promedio_diario,16808.1175333333,Producción de petróleo promedio diaria por provincia
2018-04,2018-04-01,2018,4,petroleo,provincia,Rio Negro,promedio_diario,4990.8932,Producción de petróleo promedio diaria por provincia
2018-04,2018-04-01,2018,4,petroleo,provincia,Salta,promedio_diario,602.3314,Producción de petróleo promedio diaria por provincia
2018-04,2018-04-01,2018,4,petroleo,provincia,San Juan,promedio_diario,0.0,Producción de petróleo promedio diaria por provincia
2018-04,2018-04-01,2018,4,petroleo,provincia,Santa Cruz,promedio_diario,14515.238401,Producción de petróleo promedio diaria por provincia
2018-04,2018-04-01,2018,4,petroleo,provincia,Tierra del Fuego,promedio_diario,1412.89743903333,Producción de petróleo promedio diaria por provincia
2018-05,2018-05-01,2018,5,petroleo,provincia,Chubut,promedio_diario,23465.2631290323,Producción de petróleo promedio diaria por provincia
2018-05,2018-05-01,2018,5,petroleo,provincia,Estado Nacional,promedio_diario,655.787032258065,Producción de petróleo promedio diaria por provincia
2018-05,2018-05-01,2018,5,petroleo,provincia,Formosa,promedio_diario,198.111612903226,Producción de petróleo promedio diaria por provincia
2018-05,2018-05-01,2018,5,petroleo,provincia,Jujuy,promedio_diario,34.6209677419355,Producción de petróleo promedio diaria por provincia
2018-05,2018-05-01,2018,5,petroleo,provincia,La Pampa,promedio_diario,2734.79643070097,Producción de petróleo promedio diaria por provincia
2018-05,2018-05-01,2018,5,petroleo,provincia,La Rioja,promedio_diario,0.0,Producción de petróleo promedio diaria por provincia
2018-05,2018-05-01,2018,5,petroleo,provincia,Mendoza,promedio_diario,11701.5123957184,Producción de petróleo promedio diaria por provincia
2018-05,2018-05-01,2018,5,petroleo,provincia,Neuquén,promedio_diario,17025.7337096774,Producción de petróleo promedio diaria por provincia
2018-05,2018-05-01,2018,5,petroleo,provincia,Rio Negro,promedio_diario,4887.5054516129,Producción de petróleo promedio diaria por provincia
2018-05,2018-05-01,2018,5,petroleo,provincia,Salta,promedio_diario,653.083838709677,Producción de petróleo promedio diaria por provincia
2018-05,2018-05-01,2018,5,petroleo,provincia,San Juan,promedio_diario,0.0,Producción de petróleo promedio diaria por provincia
2018-05,2018-05-01,2018,5,petroleo,provincia,Santa Cruz,promedio_diario,14362.2274048387,Producción de petróleo promedio diaria por provincia
2018-05,2018-05-01,2018,5,petroleo,provincia,Tierra del Fuego,promedio_diario,1424.92032177419,Producción de petróleo promedio diaria por provincia
2018-06,2018-06-01,2018,6,petroleo,provincia,Chubut,promedio_diario,23229.6375333333,Producción de petróleo promedio diaria por provincia
2018-06,2018-06-01,2018,6,petroleo,provincia,Estado Nacional,promedio_diario,651.572666666667,Producción de petróleo promedio diaria por provincia
2018-06,2018-06-01,2018,6,petroleo,provincia,Formosa,promedio_diario,193.6677,Producción de petróleo promedio diaria por provincia
2018-06,2018-06-01,2018,6,petroleo,provincia,Jujuy,promedio_diario,36.1,Producción de petróleo promedio diaria por provincia
2018-06,2018-06-01,2018,6,petroleo,provincia,La Pampa,promedio_diario,2730.66378845967,Producción de petróleo promedio diaria por provincia
2018-06,2018-06-01,2018,6,petroleo,provincia,La Rioja,promedio_diario,0.0,Producción de petróleo promedio diaria por provincia
2018-06,2018-06-01,2018,6,petroleo,provincia,Mendoza,promedio_diario,11601.4346503193,Producción de petróleo promedio diaria por provincia
2018-06,2018-06-01,2018,6,petroleo,provincia,Neuquén,promedio_diario,17099.3552333333,Producción de petróleo promedio diaria por provincia
2018-06,2018-06-01,2018,6,petroleo,provincia,Rio Negro,promedio_diario,4922.86093333333,Producción de petróleo promedio diaria por provincia
2018-06,2018-06-01,2018,6,petroleo,provincia,Salta,promedio_diario,636.8253,Producción de petróleo promedio diaria por provincia
2018-06,2018-06-01,2018,6,petroleo,provincia,San Juan,promedio_diario,0.0,Producción de petróleo promedio diaria por provincia
2018-06,2018-06-01,2018,6,petroleo,provincia,Santa Cruz,promedio_diario,14526.9488363667,Producción de petróleo promedio diaria por provincia
2018-06,2018-06-01,2018,6,petroleo,provincia,Tierra del Fuego,promedio_diario,1448.44952713333,Producción de petróleo promedio diaria por provincia
2018-07,2018-07-01,2018,7,petroleo,provincia,Chubut,promedio_diario,23359.5457419355,Producción de petróleo promedio diaria por provincia
2018-07,2018-07-01,2018,7,petroleo,provincia,Estado Nacional,promedio_diario,645.47935483871,Producción de petróleo promedio diaria por provincia
2018-07,2018-07-01,2018,7,petroleo,provincia,Formosa,promedio_diario,189.958580645161,Producción de petróleo promedio diaria por provincia
2018-07,2018-07-01,2018,7,petroleo,provincia,Jujuy,promedio_diario,33.0574193548387,Producción de petróleo promedio diaria por provincia
2018-07,2018-07-01,2018,7,petroleo,provincia,La Pampa,promedio_diario,2771.36251603484,Producción de petróleo promedio diaria por provincia
2018-07,2018-07-01,2018,7,petroleo,provincia,La Rioja,promedio_diario,0.0,Producción de petróleo promedio diaria por provincia
2018-07,2018-07-01,2018,7,petroleo,provincia,Mendoza,promedio_diario,11394.3863228265,Producción de petróleo promedio diaria por provincia
2018-07,2018-07-01,2018,7,petroleo,provincia,Neuquén,promedio_diario,17144.8264516129,Producción de petróleo promedio diaria por provincia
2018-07,2018-07-01,2018,7,petroleo,provincia,Rio Negro,promedio_diario,4927.30896774194,Producción de petróleo promedio diaria por provincia
2018-07,2018-07-01,2018,7,petroleo,provincia,Salta,promedio_diario,644.926290322581,Producción de petróleo promedio diaria por provincia
2018-07,2018-07-01,2018,7,petroleo,provincia,San Juan,promedio_diario,0.0,Producción de petróleo promedio diaria por provincia
2018-07,2018-07-01,2018,7,petroleo,provincia,Santa Cruz,promedio_diario,14280.3090010645,Producción de petróleo promedio diaria por provincia
2018-07,2018-07-01,2018,7,petroleo,provincia,Tierra del Fuego,promedio_diario,1479.33287980645,Producción de petróleo promedio diaria por provincia
2018-08,2018-08-01,2018,8,petroleo,provincia,Chubut,promedio_diario,23459.3174193548,Producción de petróleo promedio diaria por provincia
2018-08,2018-08-01,2018,8,petroleo,provincia,Estado Nacional,promedio_diario,663.047419354839,Producción de petróleo promedio diaria por provincia
2018-08,2018-08-01,2018,8,petroleo,provincia,Formosa,promedio_diario,192.085967741935,Producción de petróleo promedio diaria por provincia
2018-08,2018-08-01,2018,8,petroleo,provincia,Jujuy,promedio_diario,32.9487096774194,Producción de petróleo promedio diaria por provincia
2018-08,2018-08-01,2018,8,petroleo,provincia,La Pampa,promedio_diario,2718.51742253065,Producción de petróleo promedio diaria por provincia
2018-08,2018-08-01,2018,8,petroleo,provincia,La Rioja,promedio_diario,0.0,Producción de petróleo promedio diaria por provincia
2018-08,2018-08-01,2018,8,petroleo,provincia,Mendoza,promedio_diario,11332.0827696642,Producción de petróleo promedio diaria por provincia
2018-08,2018-08-01,2018,8,petroleo,provincia,Neuquén,promedio_diario,18193.0008709677,Producción de petróleo promedio diaria por provincia
2018-08,2018-08-01,2018,8,petroleo,provincia,Rio Negro,promedio_diario,4977.91848387097,Producción de petróleo promedio diaria por provincia
2018-08,2018-08-01,2018,8,petroleo,provincia,Salta,promedio_diario,655.626483870968,Producción de petróleo promedio diaria por provincia
2018-08,2018-08-01,2018,8,petroleo,provincia,San Juan,promedio_diario,0.0,Producción de petróleo promedio diaria por provincia
2018-08,2018-08-01,2018,8,petroleo,provincia,Santa Cruz,promedio_diario,14364.6935125161,Producción de petróleo promedio diaria por provincia
2018-08,2018-08-01,2018,8,petroleo,provincia,Tierra del Fuego,promedio_diario,1490.54382974194,Producción de petróleo promedio diaria por provincia
2018-09,2018-09-01,2018,9,petroleo,provincia,Chubut,promedio_diario,23875.6459666667,Producción de petróleo promedio diaria por provincia
2018-09,2018-09-01,2018,9,petroleo,provincia,Estado Nacional,promedio_diario,656.995666666667,Producción de petróleo promedio diaria por provincia
2018-09,2018-09-01,2018,9,petroleo,provincia,Formosa,promedio_diario,181.508666666667,Producción de petróleo promedio diaria por provincia
2018-09,2018-09-01,2018,9,petroleo,provincia,Jujuy,promedio_diario,32.1245,Producción de petróleo promedio diaria por provincia
2018-09,2018-09-01,2018,9,petroleo,provincia,La Pampa,promedio_diario,2757.84078471933,Producción de petróleo promedio diaria por provincia
2018-09,2018-09-01,2018,9,petroleo,provincia,Mendoza,promedio_diario,11447.1863473557,Producción de petróleo promedio diaria por provincia
2018-09,2018-09-01,2018,9,petroleo,provincia,Neuquén,promedio_diario,18676.4834,Producción de petróleo promedio diaria por provincia
2018-09,2018-09-01,2018,9,petroleo,provincia,Rio Negro,promedio_diario,4915.56643333333,Producción de petróleo promedio diaria por provincia
2018-09,2018-09-01,2018,9,petroleo,provincia,Salta,promedio_diario,616.432733333333,Producción de petróleo promedio diaria por provincia
2018-09,2018-09-01,2018,9,petroleo,provincia,San Juan,promedio_diario,0.0,Producción de petróleo promedio diaria por provincia
2018-09,2018-09-01,2018,9,petroleo,provincia,Santa Cruz,promedio_diario,14436.0363465,Producción de petróleo promedio diaria por provincia
2018-09,2018-09-01,2018,9,petroleo,provincia,Tierra del Fuego,promedio_diario,1673.52578203333,Producción de petróleo promedio diaria por provincia
2018-10,2018-10-01,2018,10,petroleo,provincia,Chubut,promedio_diario,23826.6600322581,Producción de petróleo promedio diaria por provincia
2018-10,2018-10-01,2018,10,petroleo,provincia,Estado Nacional,promedio_diario,576.643870967742,Producción de petróleo promedio diaria por provincia
2018-10,2018-10-01,2018,10,petroleo,provincia,Formosa,promedio_diario,158.305161290323,Producción de petróleo promedio diaria por provincia
2018-10,2018-10-01,2018,10,petroleo,provincia,Jujuy,promedio_diario,31.3875161290323,Producción de petróleo promedio diaria por provincia
2018-10,2018-10-01,2018,10,petroleo,provincia,La Pampa,promedio_diario,2711.27026487774,Producción de petróleo promedio diaria por provincia
2018-10,2018-10-01,2018,10,petroleo,provincia,Mendoza,promedio_diario,11413.5525584271,Producción de petróleo promedio diaria por provincia
2018-10,2018-10-01,2018,10,petroleo,provincia,Neuquén,promedio_diario,18882.5131612903,Producción de petróleo promedio diaria por provincia
2018-10,2018-10-01,2018,10,petroleo,provincia,Rio Negro,promedio_diario,4865.82248387097,Producción de petróleo promedio diaria por provincia
2018-10,2018-10-01,2018,10,petroleo,provincia,Salta,promedio_diario,580.072096774194,Producción de petróleo promedio diaria por provincia
2018-10,2018-10-01,2018,10,petroleo,provincia,San Juan,promedio_diario,0.0,Producción de petróleo promedio diaria por provincia
2018-10,2018-10-01,2018,10,petroleo,provincia,Santa Cruz,promedio_diario,14456.8816547742,Producción de petróleo promedio diaria por provincia
2018-10,2018-10-01,2018,10,petroleo,provincia,Tierra del Fuego,promedio_diario,1707.72486219355,Producción de petróleo promedio diaria por provincia
2018-11,2018-11-01,2018,11,petroleo,provincia,Chubut,promedio_diario,23960.5476261074,Producción de petróleo promedio diaria por provincia
2018-11,2018-11-01,2018,11,petroleo,provincia,Estado Nacional,promedio_diario,389.757333333333,Producción de petróleo promedio diaria por provincia
2018-11,2018-11-01,2018,11,petroleo,provincia,Formosa,promedio_diario,150.659933333333,Producción de petróleo promedio diaria por provincia
2018-11,2018-11-01,2018,11,petroleo,provincia,Jujuy,promedio_diario,32.9663333333333,Producción de petróleo promedio diaria por provincia
2018-11,2018-11-01,2018,11,petroleo,provincia,La Pampa,promedio_diario,2811.18675496967,Producción de petróleo promedio diaria por provincia
2018-11,2018-11-01,2018,11,petroleo,provincia,Mendoza,promedio_diario,11113.706855237,Producción de petróleo promedio diaria por provincia
2018-11,2018-11-01,2018,11,petroleo,provincia,Neuquén,promedio_diario,19200.9790333333,Producción de petróleo promedio diaria por provincia
2018-11,2018-11-01,2018,11,petroleo,provincia,Rio Negro,promedio_diario,4781.16783333333,Producción de petróleo promedio diaria por provincia
2018-11,2018-11-01,2018,11,petroleo,provincia,Salta,promedio_diario,632.8761,Producción de petróleo promedio diaria por provincia
2018-11,2018-11-01,2018,11,petroleo,provincia,San Juan,promedio_diario,0.0,Producción de petróleo promedio diaria por provincia
2018-11,2018-11-01,2018,11,petroleo,provincia,Santa Cruz,promedio_diario,14388.5473761,Producción de petróleo promedio diaria por provincia
2018-11,2018-11-01,2018,11,petroleo,provincia,Tierra del Fuego,promedio_diario,1404.04721136667,Producción de petróleo promedio diaria por provincia
2018-12,2018-12-01,2018,12,petroleo,provincia,Chubut,promedio_diario,23910.7199677419,Producción de petróleo promedio diaria por provincia
2018-12,2018-12-01,2018,12,petroleo,provincia,Estado Nacional,promedio_diario,506.63935483871,Producción de petróleo promedio diaria por provincia
2018-12,2018-12-01,2018,12,petroleo,provincia,Formosa,promedio_diario,170.277806451613,Producción de petróleo promedio diaria por provincia
2018-12,2018-12-01,2018,12,petroleo,provincia,Jujuy,promedio_diario,29.6253225806452,Producción de petróleo promedio diaria por provincia
2018-12,2018-12-01,2018,12,petroleo,provincia,La Pampa,promedio_diario,2760.00794747,Producción de petróleo promedio diaria por provincia
2018-12,2018-12-01,2018,12,petroleo,provincia,Mendoza,promedio_diario,11014.5748649581,Producción de petróleo promedio diaria por provincia
2018-12,2018-12-01,2018,12,petroleo,provincia,Neuquén,promedio_diario,19679.5073548387,Producción de petróleo promedio diaria por provincia
2018-12,2018-12-01,2018,12,petroleo,provincia,Rio Negro,promedio_diario,4636.32370967742,Producción de petróleo promedio diaria por provincia
2018-12,2018-12-01,2018,12,petroleo,provincia,Salta,promedio_diario,592.030483870968,Producción de petróleo promedio diaria por provincia
2018-12,2018-12-01,2018,12,petroleo,provincia,San Juan,promedio_diario,0.0,Producción de petróleo promedio diaria por provincia
2018-12,2018-12-01,2018,12,petroleo,provincia,Santa Cruz,promedio_diario,14387.9576036452,Producción de petróleo promedio diaria por provincia
2018-12,2018-12-01,2018,12,petroleo,provincia,Tierra del Fuego,promedio_diario,1609.32166548387,Producción de petróleo promedio diaria por provincia
2019-01,2019-01-01,2019,1,petroleo,provincia,Chubut,promedio_diario,23760.5871612903,Producción de petróleo promedio diaria por provincia
2019-01,2019-01-01,2019,1,petroleo,provincia,Estado Nacional,promedio_diario,524.386129032258,Producción de petróleo promedio diaria por provincia
2019-01,2019-01-01,2019,1,petroleo,provincia,Formosa,promedio_diario,165.80935483871,Producción de petróleo promedio diaria por provincia
2019-01,2019-01-01,2019,1,petroleo,provincia,Jujuy,promedio_diario,31.3601612903226,Producción de petróleo promedio diaria por provincia
2019-01,2019-01-01,2019,1,petroleo,provincia,La Pampa,promedio_diario,2720.35784441452,Producción de petróleo promedio diaria por provincia
2019-01,2019-01-01,2019,1,petroleo,provincia,Mendoza,promedio_diario,10998.3194905345,Producción de petróleo promedio diaria por provincia
2019-01,2019-01-01,2019,1,petroleo,provincia,Neuquén,promedio_diario,20092.2908387097,Producción de petróleo promedio diaria por provincia
2019-01,2019-01-01,2019,1,petroleo,provincia,Rio Negro,promedio_diario,4685.24674193548,Producción de petróleo promedio diaria por provincia
2019-01,2019-01-01,2019,1,petroleo,provincia,Salta,promedio_diario,646.090290322581,Producción de petróleo promedio diaria por provincia
2019-01,2019-01-01,2019,1,petroleo,provincia,San Juan,promedio_diario,0.0,Producción de petróleo promedio diaria por provincia
2019-01,2019-01-01,2019,1,petroleo,provincia,Santa Cruz,promedio_diario,14341.192134871,Producción de petróleo promedio diaria por provincia
2019-01,2019-01-01,2019,1,petroleo,provincia,Tierra del Fuego,promedio_diario,1664.06584674194,Producción de petróleo promedio diaria por provincia
2019-02,2019-02-01,2019,2,petroleo,provincia,Chubut,promedio_diario,24116.5235357143,Producción de petróleo promedio diaria por provincia
2019-02,2019-02-01,2019,2,petroleo,provincia,Estado Nacional,promedio_diario,562.177857142857,Producción de petróleo promedio diaria por provincia
2019-02,2019-02-01,2019,2,petroleo,provincia,Formosa,promedio_diario,140.329642857143,Producción de petróleo promedio diaria por provincia
2019-02,2019-02-01,2019,2,petroleo,provincia,Jujuy,promedio_diario,29.166,Producción de petróleo promedio diaria por provincia
2019-02,2019-02-01,2019,2,petroleo,provincia,La Pampa,promedio_diario,2724.59776293,Producción de petróleo promedio diaria por provincia
2019-02,2019-02-01,2019,2,petroleo,provincia,Mendoza,promedio_diario,11150.3975882521,Producción de petróleo promedio diaria por provincia
2019-02,2019-02-01,2019,2,petroleo,provincia,Neuquén,promedio_diario,19975.3848214286,Producción de petróleo promedio diaria por provincia
2019-02,2019-02-01,2019,2,petroleo,provincia,Rio Negro,promedio_diario,4643.79528571429,Producción de petróleo promedio diaria por provincia
2019-02,2019-02-01,2019,2,petroleo,provincia,Salta,promedio_diario,764.243285714286,Producción de petróleo promedio diaria por provincia
2019-02,2019-02-01,2019,2,petroleo,provincia,San Juan,promedio_diario,0.0,Producción de petróleo promedio diaria por provincia
2019-02,2019-02-01,2019,2,petroleo,provincia,Santa Cruz,promedio_diario,14218.2530203571,Producción de petróleo promedio diaria por provincia
2019-02,2019-02-01,2019,2,petroleo,provincia,Tierra del Fuego,promedio_diario,1430.71484221429,Producción de petróleo promedio diaria por provincia
2019-03,2019-03-01,2019,3,petroleo,provincia,Chubut,promedio_diario,24198.0383870968,Producción de petróleo promedio diaria por provincia
2019-03,2019-03-01,2019,3,petroleo,provincia,Estado Nacional,promedio_diario,591.279677419355,Producción de petróleo promedio diaria por provincia
2019-03,2019-03-01,2019,3,petroleo,provincia,Formosa,promedio_diario,167.902258064516,Producción de petróleo promedio diaria por provincia
2019-03,2019-03-01,2019,3,petroleo,provincia,Jujuy,promedio_diario,30.4037741935484,Producción de petróleo promedio diaria por provincia
2019-03,2019-03-01,2019,3,petroleo,provincia,La Pampa,promedio_diario,2724.02527669226,Producción de petróleo promedio diaria por provincia
2019-03,2019-03-01,2019,3,petroleo,provincia,Mendoza,promedio_diario,11351.4149725303,Producción de petróleo promedio diaria por provincia
2019-03,2019-03-01,2019,3,petroleo,provincia,Neuquén,promedio_diario,19608.7515483871,Producción de petróleo promedio diaria por provincia
2019-03,2019-03-01,2019,3,petroleo,provincia,Rio Negro,promedio_diario,4774.71915806452,Producción de petróleo promedio diaria por provincia
2019-03,2019-03-01,2019,3,petroleo,provincia,Salta,promedio_diario,672.852516129032,Producción de petróleo promedio diaria por provincia
2019-03,2019-03-01,2019,3,petroleo,provincia,San Juan,promedio_diario,0.0,Producción de petróleo promedio diaria por provincia
2019-03,2019-03-01,2019,3,petroleo,provincia,Santa Cruz,promedio_diario,14258.262125871,Producción de petróleo promedio diaria por provincia
2019-03,2019-03-01,2019,3,petroleo,provincia,Tierra del Fuego,promedio_diario,1518.34174725806,Producción de petróleo promedio diaria por provincia
2019-04,2019-04-01,2019,4,petroleo,provincia,Chubut,promedio_diario,24198.1264666667,Producción de petróleo promedio diaria por provincia
2019-04,2019-04-01,2019,4,petroleo,provincia,Estado Nacional,promedio_diario,638.817,Producción de petróleo promedio diaria por provincia
2019-04,2019-04-01,2019,4,petroleo,provincia,Formosa,promedio_diario,170.767,Producción de petróleo promedio diaria por provincia
2019-04,2019-04-01,2019,4,petroleo,provincia,Jujuy,promedio_diario,30.8846666666667,Producción de petróleo promedio diaria por provincia
2019-04,2019-04-01,2019,4,petroleo,provincia,La Pampa,promedio_diario,2715.32153644667,Producción de petróleo promedio diaria por provincia
2019-04,2019-04-01,2019,4,petroleo,provincia,Mendoza,promedio_diario,11112.4050153153,Producción de petróleo promedio diaria por provincia
2019-04,2019-04-01,2019,4,petroleo,provincia,Neuquén,promedio_diario,20681.4524333333,Producción de petróleo promedio diaria por provincia
2019-04,2019-04-01,2019,4,petroleo,provincia,Rio Negro,promedio_diario,4707.41266666667,Producción de petróleo promedio diaria por provincia
2019-04,2019-04-01,2019,4,petroleo,provincia,Salta,promedio_diario,538.9702,Producción de petróleo promedio diaria por provincia
2019-04,2019-04-01,2019,4,petroleo,provincia,San Juan,promedio_diario,0.0,Producción de petróleo promedio diaria por provincia
2019-04,2019-04-01,2019,4,petroleo,provincia,Santa Cruz,promedio_diario,14344.8212475667,Producción de petróleo promedio diaria por provincia
2019-04,2019-04-01,2019,4,petroleo,provincia,Tierra del Fuego,promedio_diario,1579.33285246667,Producción de petróleo promedio diaria por provincia
2019-05,2019-05-01,2019,5,petroleo,provincia,Chubut,promedio_diario,23871.785483871,Producción de petróleo promedio diaria por provincia
2019-05,2019-05-01,2019,5,petroleo,provincia,Estado Nacional,promedio_diario,693.312903225807,Producción de petróleo promedio diaria por provincia
2019-05,2019-05-01,2019,5,petroleo,provincia,Formosa,promedio_diario,142.761935483871,Producción de petróleo promedio diaria por provincia
2019-05,2019-05-01,2019,5,petroleo,provincia,Jujuy,promedio_diario,30.0767419354839,Producción de petróleo promedio diaria por provincia
2019-05,2019-05-01,2019,5,petroleo,provincia,La Pampa,promedio_diario,2876.81145932677,Producción de petróleo promedio diaria por provincia
2019-05,2019-05-01,2019,5,petroleo,provincia,Mendoza,promedio_diario,10915.9928388435,Producción de petróleo promedio diaria por provincia
2019-05,2019-05-01,2019,5,petroleo,provincia,Neuquén,promedio_diario,21066.3401612903,Producción de petróleo promedio diaria por provincia
2019-05,2019-05-01,2019,5,petroleo,provincia,Rio Negro,promedio_diario,4642.72229032258,Producción de petróleo promedio diaria por provincia
2019-05,2019-05-01,2019,5,petroleo,provincia,Salta,promedio_diario,534.310548387097,Producción de petróleo promedio diaria por provincia
2019-05,2019-05-01,2019,5,petroleo,provincia,Santa Cruz,promedio_diario,14080.5075407419,Producción de petróleo promedio diaria por provincia
2019-05,2019-05-01,2019,5,petroleo,provincia,Tierra del Fuego,promedio_diario,1608.26801351613,Producción de petróleo promedio diaria por provincia
2019-06,2019-06-01,2019,6,petroleo,provincia,Chubut,promedio_diario,23724.0003666667,Producción de petróleo promedio diaria por provincia
2019-06,2019-06-01,2019,6,petroleo,provincia,Estado Nacional,promedio_diario,767.870333333333,Producción de petróleo promedio diaria por provincia
2019-06,2019-06-01,2019,6,petroleo,provincia,Formosa,promedio_diario,171.1130308,Producción de petróleo promedio diaria por provincia
2019-06,2019-06-01,2019,6,petroleo,provincia,Jujuy,promedio_diario,30.1665,Producción de petróleo promedio diaria por provincia
2019-06,2019-06-01,2019,6,petroleo,provincia,La Pampa,promedio_diario,2770.49880971467,Producción de petróleo promedio diaria por provincia
2019-06,2019-06-01,2019,6,petroleo,provincia,Mendoza,promedio_diario,10723.726380087,Producción de petróleo promedio diaria por provincia
2019-06,2019-06-01,2019,6,petroleo,provincia,Neuquén,promedio_diario,20417.9259333333,Producción de petróleo promedio diaria por provincia
2019-06,2019-06-01,2019,6,petroleo,provincia,Rio Negro,promedio_diario,4558.0463012,Producción de petróleo promedio diaria por provincia
2019-06,2019-06-01,2019,6,petroleo,provincia,Salta,promedio_diario,517.669466666667,Producción de petróleo promedio diaria por provincia
2019-06,2019-06-01,2019,6,petroleo,provincia,Santa Cruz,promedio_diario,13885.6055946333,Producción de petróleo promedio diaria por provincia
2019-06,2019-06-01,2019,6,petroleo,provincia,Tierra del Fuego,promedio_diario,1626.0812567,Producción de petróleo promedio diaria por provincia
2019-07,2019-07-01,2019,7,petroleo,provincia,Chubut,promedio_diario,23634.0250967742,Producción de petróleo promedio diaria por provincia
2019-07,2019-07-01,2019,7,petroleo,provincia,Estado Nacional,promedio_diario,837.610322580645,Producción de petróleo promedio diaria por provincia
2019-07,2019-07-01,2019,7,petroleo,provincia,Formosa,promedio_diario,172.288261935484,Producción de petróleo promedio diaria por provincia
2019-07,2019-07-01,2019,7,petroleo,provincia,Jujuy,promedio_diario,29.4712580645161,Producción de petróleo promedio diaria por provincia
2019-07,2019-07-01,2019,7,petroleo,provincia,La Pampa,promedio_diario,2766.82578572806,Producción de petróleo promedio diaria por provincia
2019-07,2019-07-01,2019,7,petroleo,provincia,Mendoza,promedio_diario,10922.4030113181,Producción de petróleo promedio diaria por provincia
2019-07,2019-07-01,2019,7,petroleo,provincia,Neuquén,promedio_diario,21406.2948709677,Producción de petróleo promedio diaria por provincia
2019-07,2019-07-01,2019,7,petroleo,provincia,Rio Negro,promedio_diario,4618.10461890323,Producción de petróleo promedio diaria por provincia
2019-07,2019-07-01,2019,7,petroleo,provincia,Salta,promedio_diario,516.200032258065,Producción de petróleo promedio diaria por provincia
2019-07,2019-07-01,2019,7,petroleo,provincia,Santa Cruz,promedio_diario,13825.8715747419,Producción de petróleo promedio diaria por provincia
2019-07,2019-07-01,2019,7,petroleo,provincia,Tierra del Fuego,promedio_diario,1589.79733403226,Producción de petróleo promedio diaria por provincia
2019-08,2019-08-01,2019,8,petroleo,provincia,Chubut,promedio_diario,23812.2721622065,Producción de petróleo promedio diaria por provincia
2019-08,2019-08-01,2019,8,petroleo,provincia,Estado Nacional,promedio_diario,828.934516129032,Producción de petróleo promedio diaria por provincia
2019-08,2019-08-01,2019,8,petroleo,provincia,Formosa,promedio_diario,168.667827419355,Producción de petróleo promedio diaria por provincia
2019-08,2019-08-01,2019,8,petroleo,provincia,Jujuy,promedio_diario,29.5029032258065,Producción de petróleo promedio diaria por provincia
2019-08,2019-08-01,2019,8,petroleo,provincia,La Pampa,promedio_diario,2745.2922832671,Producción de petróleo promedio diaria por provincia
2019-08,2019-08-01,2019,8,petroleo,provincia,Mendoza,promedio_diario,10895.6026166868,Producción de petróleo promedio diaria por provincia
2019-08,2019-08-01,2019,8,petroleo,provincia,Neuquén,promedio_diario,23520.9795549355,Producción de petróleo promedio diaria por provincia
2019-08,2019-08-01,2019,8,petroleo,provincia,Rio Negro,promedio_diario,4730.2610146129,Producción de petróleo promedio diaria por provincia
2019-08,2019-08-01,2019,8,petroleo,provincia,Salta,promedio_diario,512.844709677419,Producción de petróleo promedio diaria por provincia
2019-08,2019-08-01,2019,8,petroleo,provincia,Santa Cruz,promedio_diario,13750.6562110645,Producción de petróleo promedio diaria por provincia
2019-08,2019-08-01,2019,8,petroleo,provincia,Tierra del Fuego,promedio_diario,1581.26716187097,Producción de petróleo promedio diaria por provincia
2019-09,2019-09-01,2019,9,petroleo,provincia,Chubut,promedio_diario,23748.7758666667,Producción de petróleo promedio diaria por provincia
2019-09,2019-09-01,2019,9,petroleo,provincia,Estado Nacional,promedio_diario,778.604666666667,Producción de petróleo promedio diaria por provincia
2019-09,2019-09-01,2019,9,petroleo,provincia,Formosa,promedio_diario,165.9098549,Producción de petróleo promedio diaria por provincia
2019-09,2019-09-01,2019,9,petroleo,provincia,Jujuy,promedio_diario,30.1815666666667,Producción de petróleo promedio diaria por provincia
2019-09,2019-09-01,2019,9,petroleo,provincia,La Pampa,promedio_diario,2863.50937342333,Producción de petróleo promedio diaria por provincia
2019-09,2019-09-01,2019,9,petroleo,provincia,Mendoza,promedio_diario,10664.6229213717,Producción de petróleo promedio diaria por provincia
2019-09,2019-09-01,2019,9,petroleo,provincia,Neuquén,promedio_diario,23538.0299509667,Producción de petróleo promedio diaria por provincia
2019-09,2019-09-01,2019,9,petroleo,provincia,Rio Negro,promedio_diario,4744.7346648,Producción de petróleo promedio diaria por provincia
2019-09,2019-09-01,2019,9,petroleo,provincia,Salta,promedio_diario,542.3126,Producción de petróleo promedio diaria por provincia
2019-09,2019-09-01,2019,9,petroleo,provincia,Santa Cruz,promedio_diario,13715.9837964333,Producción de petróleo promedio diaria por provincia
2019-09,2019-09-01,2019,9,petroleo,provincia,Tierra del Fuego,promedio_diario,1426.6101619,Producción de petróleo promedio diaria por provincia
2019-10,2019-10-01,2019,10,petroleo,provincia,Chubut,promedio_diario,23749.4212903226,Producción de petróleo promedio diaria por provincia
2019-10,2019-10-01,2019,10,petroleo,provincia,Estado Nacional,promedio_diario,764.834516129032,Producción de petróleo promedio diaria por provincia
2019-10,2019-10-01,2019,10,petroleo,provincia,Formosa,promedio_diario,160.601808193548,Producción de petróleo promedio diaria por provincia
2019-10,2019-10-01,2019,10,petroleo,provincia,Jujuy,promedio_diario,34.0098387096774,Producción de petróleo promedio diaria por provincia
2019-10,2019-10-01,2019,10,petroleo,provincia,La Pampa,promedio_diario,2825.90946160903,Producción de petróleo promedio diaria por provincia
2019-10,2019-10-01,2019,10,petroleo,provincia,Mendoza,promedio_diario,10703.3590978552,Producción de petróleo promedio diaria por provincia
2019-10,2019-10-01,2019,10,petroleo,provincia,Neuquén,promedio_diario,23336.4848385161,Producción de petróleo promedio diaria por provincia
2019-10,2019-10-01,2019,10,petroleo,provincia,Rio Negro,promedio_diario,4727.17659303226,Producción de petróleo promedio diaria por provincia
2019-10,2019-10-01,2019,10,petroleo,provincia,Salta,promedio_diario,537.528129032258,Producción de petróleo promedio diaria por provincia
2019-10,2019-10-01,2019,10,petroleo,provincia,Santa Cruz,promedio_diario,13734.5589775484,Producción de petróleo promedio diaria por provincia
2019-10,2019-10-01,2019,10,petroleo,provincia,Tierra del Fuego,promedio_diario,1182.65888851613,Producción de petróleo promedio diaria por provincia
2019-11,2019-11-01,2019,11,petroleo,provincia,Chubut,promedio_diario,23715.4959099733,Producción de petróleo promedio diaria por provincia
2019-11,2019-11-01,2019,11,petroleo,provincia,Estado Nacional,promedio_diario,703.972666666667,Producción de petróleo promedio diaria por provincia
2019-11,2019-11-01,2019,11,petroleo,provincia,Formosa,promedio_diario,155.560490833333,Producción de petróleo promedio diaria por provincia
2019-11,2019-11-01,2019,11,petroleo,provincia,Jujuy,promedio_diario,34.55,Producción de petróleo promedio diaria por provincia
2019-11,2019-11-01,2019,11,petroleo,provincia,La Pampa,promedio_diario,2785.02027537967,Producción de petróleo promedio diaria por provincia
2019-11,2019-11-01,2019,11,petroleo,provincia,Mendoza,promedio_diario,10629.4364271013,Producción de petróleo promedio diaria por provincia
2019-11,2019-11-01,2019,11,petroleo,provincia,Neuquén,promedio_diario,23743.2507564667,Producción de petróleo promedio diaria por provincia
2019-11,2019-11-01,2019,11,petroleo,provincia,Rio Negro,promedio_diario,4599.3736302,Producción de petróleo promedio diaria por provincia
2019-11,2019-11-01,2019,11,petroleo,provincia,Salta,promedio_diario,635.901233333333,Producción de petróleo promedio diaria por provincia
2019-11,2019-11-01,2019,11,petroleo,provincia,Santa Cruz,promedio_diario,13724.3172637,Producción de petróleo promedio diaria por provincia
2019-11,2019-11-01,2019,11,petroleo,provincia,Tierra del Fuego,promedio_diario,1012.64082146667,Producción de petróleo promedio diaria por provincia
2019-12,2019-12-01,2019,12,petroleo,provincia,Chubut,promedio_diario,23716.7570260344,Producción de petróleo promedio diaria por provincia
2019-12,2019-12-01,2019,12,petroleo,provincia,Estado Nacional,promedio_diario,592.963548387097,Producción de petróleo promedio diaria por provincia
2019-12,2019-12-01,2019,12,petroleo,provincia,Formosa,promedio_diario,156.978775322581,Producción de petróleo promedio diaria por provincia
2019-12,2019-12-01,2019,12,petroleo,provincia,Jujuy,promedio_diario,34.4020967741935,Producción de petróleo promedio diaria por provincia
2019-12,2019-12-01,2019,12,petroleo,provincia,La Pampa,promedio_diario,2794.96018467387,Producción de petróleo promedio diaria por provincia
2019-12,2019-12-01,2019,12,petroleo,provincia,Mendoza,promedio_diario,10528.5752215058,Producción de petróleo promedio diaria por provincia
2019-12,2019-12-01,2019,12,petroleo,provincia,Neuquén,promedio_diario,24377.5312914194,Producción de petróleo promedio diaria por provincia
2019-12,2019-12-01,2019,12,petroleo,provincia,Rio Negro,promedio_diario,4550.40485493548,Producción de petróleo promedio diaria por provincia
2019-12,2019-12-01,2019,12,petroleo,provincia,Salta,promedio_diario,601.619258064516,Producción de petróleo promedio diaria por provincia
2019-12,2019-12-01,2019,12,petroleo,provincia,Santa Cruz,promedio_diario,13712.6166419355,Producción de petróleo promedio diaria por provincia
2019-12,2019-12-01,2019,12,petroleo,provincia,Tierra del Fuego,promedio_diario,1143.75239277419,Producción de petróleo promedio diaria por provincia
2020-01,2020-01-01,2020,1,petroleo,provincia,Chubut,promedio_diario,23570.779126754,Producción de petróleo promedio diaria por provincia
2020-01,2020-01-01,2020,1,petroleo,provincia,Estado Nacional,promedio_diario,625.702258064516,Producción de petróleo promedio diaria por provincia
2020-01,2020-01-01,2020,1,petroleo,provincia,Formosa,promedio_diario,155.728967741935,Producción de petróleo promedio diaria por provincia
2020-01,2020-01-01,2020,1,petroleo,provincia,Jujuy,promedio_diario,33.5979032258065,Producción de petróleo promedio diaria por provincia
2020-01,2020-01-01,2020,1,petroleo,provincia,La Pampa,promedio_diario,2763.70107523065,Producción de petróleo promedio diaria por provincia
2020-01,2020-01-01,2020,1,petroleo,provincia,Mendoza,promedio_diario,10345.9282939497,Producción de petróleo promedio diaria por provincia
2020-01,2020-01-01,2020,1,petroleo,provincia,Neuquén,promedio_diario,24556.4782562903,Producción de petróleo promedio diaria por provincia
2020-01,2020-01-01,2020,1,petroleo,provincia,Rio Negro,promedio_diario,4353.92646422581,Producción de petróleo promedio diaria por provincia
2020-01,2020-01-01,2020,1,petroleo,provincia,Salta,promedio_diario,602.039193548387,Producción de petróleo promedio diaria por provincia
2020-01,2020-01-01,2020,1,petroleo,provincia,Santa Cruz,promedio_diario,13425.5114476774,Producción de petróleo promedio diaria por provincia
2020-01,2020-01-01,2020,1,petroleo,provincia,Tierra del Fuego,promedio_diario,1172.35185609677,Producción de petróleo promedio diaria por provincia
2020-02,2020-02-01,2020,2,petroleo,provincia,Chubut,promedio_diario,23423.8788049613,Producción de petróleo promedio diaria por provincia
2020-02,2020-02-01,2020,2,petroleo,provincia,Estado Nacional,promedio_diario,595.448965517241,Producción de petróleo promedio diaria por provincia
2020-02,2020-02-01,2020,2,petroleo,provincia,Formosa,promedio_diario,151.61592237931,Producción de petróleo promedio diaria por provincia
2020-02,2020-02-01,2020,2,petroleo,provincia,Jujuy,promedio_diario,31.7699655172414,Producción de petróleo promedio diaria por provincia
2020-02,2020-02-01,2020,2,petroleo,provincia,La Pampa,promedio_diario,2779.46351266621,Producción de petróleo promedio diaria por provincia
2020-02,2020-02-01,2020,2,petroleo,provincia,Mendoza,promedio_diario,10285.4524345155,Producción de petróleo promedio diaria por provincia
2020-02,2020-02-01,2020,2,petroleo,provincia,Neuquén,promedio_diario,25448.2306537241,Producción de petróleo promedio diaria por provincia
2020-02,2020-02-01,2020,2,petroleo,provincia,Rio Negro,promedio_diario,4425.21209734483,Producción de petróleo promedio diaria por provincia
2020-02,2020-02-01,2020,2,petroleo,provincia,Salta,promedio_diario,589.590931034483,Producción de petróleo promedio diaria por provincia
2020-02,2020-02-01,2020,2,petroleo,provincia,Santa Cruz,promedio_diario,13327.0522437931,Producción de petróleo promedio diaria por provincia
2020-02,2020-02-01,2020,2,petroleo,provincia,Tierra del Fuego,promedio_diario,1021.79625544828,Producción de petróleo promedio diaria por provincia
2020-03,2020-03-01,2020,3,petroleo,provincia,Chubut,promedio_diario,23745.6734516129,Producción de petróleo promedio diaria por provincia
2020-03,2020-03-01,2020,3,petroleo,provincia,Estado Nacional,promedio_diario,570.69064516129,Producción de petróleo promedio diaria por provincia
2020-03,2020-03-01,2020,3,petroleo,provincia,Formosa,promedio_diario,143.98387416129,Producción de petróleo promedio diaria por provincia
2020-03,2020-03-01,2020,3,petroleo,provincia,Jujuy,promedio_diario,32.094935483871,Producción de petróleo promedio diaria por provincia
2020-03,2020-03-01,2020,3,petroleo,provincia,La Pampa,promedio_diario,2715.5454388929,Producción de petróleo promedio diaria por provincia
2020-03,2020-03-01,2020,3,petroleo,provincia,Mendoza,promedio_diario,10296.449436839,Producción de petróleo promedio diaria por provincia
2020-03,2020-03-01,2020,3,petroleo,provincia,Neuquén,promedio_diario,25890.8828310323,Producción de petróleo promedio diaria por provincia
2020-03,2020-03-01,2020,3,petroleo,provincia,Rio Negro,promedio_diario,4208.91558064516,Producción de petróleo promedio diaria por provincia
2020-03,2020-03-01,2020,3,petroleo,provincia,Salta,promedio_diario,719.360064516129,Producción de petróleo promedio diaria por provincia
2020-03,2020-03-01,2020,3,petroleo,provincia,Santa Cruz,promedio_diario,13152.1313469032,Producción de petróleo promedio diaria por provincia
2020-03,2020-03-01,2020,3,petroleo,provincia,Tierra del Fuego,promedio_diario,955.940768,Producción de petróleo promedio diaria por provincia
2020-04,2020-04-01,2020,4,petroleo,provincia,Chubut,promedio_diario,23463.0704666667,Producción de petróleo promedio diaria por provincia
2020-04,2020-04-01,2020,4,petroleo,provincia,Estado Nacional,promedio_diario,463.432333333333,Producción de petróleo promedio diaria por provincia
2020-04,2020-04-01,2020,4,petroleo,provincia,Formosa,promedio_diario,133.955018533333,Producción de petróleo promedio diaria por provincia
2020-04,2020-04-01,2020,4,petroleo,provincia,Jujuy,promedio_diario,32.4253333333333,Producción de petróleo promedio diaria por provincia
2020-04,2020-04-01,2020,4,petroleo,provincia,La Pampa,promedio_diario,2277.16219468633,Producción de petróleo promedio diaria por provincia
2020-04,2020-04-01,2020,4,petroleo,provincia,Mendoza,promedio_diario,8830.43008155367,Producción de petróleo promedio diaria por provincia
2020-04,2020-04-01,2020,4,petroleo,provincia,Neuquén,promedio_diario,20365.4479895333,Producción de petróleo promedio diaria por provincia
2020-04,2020-04-01,2020,4,petroleo,provincia,Rio Negro,promedio_diario,3831.1484,Producción de petróleo promedio diaria por provincia
2020-04,2020-04-01,2020,4,petroleo,provincia,Salta,promedio_diario,632.194033333333,Producción de petróleo promedio diaria por provincia
2020-04,2020-04-01,2020,4,petroleo,provincia,Santa Cruz,promedio_diario,12649.8552414333,Producción de petróleo promedio diaria por provincia
2020-04,2020-04-01,2020,4,petroleo,provincia,Tierra del Fuego,promedio_diario,572.843166666667,Producción de petróleo promedio diaria por provincia
2020-05,2020-05-01,2020,5,petroleo,provincia,Chubut,promedio_diario,22866.0819354839,Producción de petróleo promedio diaria por provincia
2020-05,2020-05-01,2020,5,petroleo,provincia,Estado Nacional,promedio_diario,561.782903225806,Producción de petróleo promedio diaria por provincia
2020-05,2020-05-01,2020,5,petroleo,provincia,Formosa,promedio_diario,125.150999612903,Producción de petróleo promedio diaria por provincia
2020-05,2020-05-01,2020,5,petroleo,provincia,Jujuy,promedio_diario,31.5564516129032,Producción de petróleo promedio diaria por provincia
2020-05,2020-05-01,2020,5,petroleo,provincia,La Pampa,promedio_diario,2428.4297566229,Producción de petróleo promedio diaria por provincia
2020-05,2020-05-01,2020,5,petroleo,provincia,Mendoza,promedio_diario,8164.48800957387,Producción de petróleo promedio diaria por provincia
2020-05,2020-05-01,2020,5,petroleo,provincia,Neuquén,promedio_diario,20198.2624467742,Producción de petróleo promedio diaria por provincia
2020-05,2020-05-01,2020,5,petroleo,provincia,Rio Negro,promedio_diario,3757.33661290323,Producción de petróleo promedio diaria por provincia
2020-05,2020-05-01,2020,5,petroleo,provincia,Salta,promedio_diario,582.274225806452,Producción de petróleo promedio diaria por provincia
2020-05,2020-05-01,2020,5,petroleo,provincia,Santa Cruz,promedio_diario,11884.4421662903,Producción de petróleo promedio diaria por provincia
2020-05,2020-05-01,2020,5,petroleo,provincia,Tierra del Fuego,promedio_diario,573.390967741935,Producción de petróleo promedio diaria por provincia
2020-06,2020-06-01,2020,6,petroleo,provincia,Chubut,promedio_diario,22381.0144666667,Producción de petróleo promedio diaria por provincia
2020-06,2020-06-01,2020,6,petroleo,provincia,Estado Nacional,promedio_diario,689.183,Producción de petróleo promedio diaria por provincia
2020-06,2020-06-01,2020,6,petroleo,provincia,Formosa,promedio_diario,129.269451666667,Producción de petróleo promedio diaria por provincia
2020-06,2020-06-01,2020,6,petroleo,provincia,Jujuy,promedio_diario,31.8053666666667,Producción de petróleo promedio diaria por provincia
2020-06,2020-06-01,2020,6,petroleo,provincia,La Pampa,promedio_diario,2331.39575271467,Producción de petróleo promedio diaria por provincia
2020-06,2020-06-01,2020,6,petroleo,provincia,Mendoza,promedio_diario,8374.82789604267,Producción de petróleo promedio diaria por provincia
2020-06,2020-06-01,2020,6,petroleo,provincia,Neuquén,promedio_diario,24267.3444965667,Producción de petróleo promedio diaria por provincia
2020-06,2020-06-01,2020,6,petroleo,provincia,Rio Negro,promedio_diario,3870.9857,Producción de petróleo promedio diaria por provincia
2020-06,2020-06-01,2020,6,petroleo,provincia,Salta,promedio_diario,553.9933,Producción de petróleo promedio diaria por provincia
2020-06,2020-06-01,2020,6,petroleo,provincia,Santa Cruz,promedio_diario,11792.9086073333,Producción de petróleo promedio diaria por provincia
2020-06,2020-06-01,2020,6,petroleo,provincia,Tierra del Fuego,promedio_diario,656.940333333333,Producción de petróleo promedio diaria por provincia
2020-07,2020-07-01,2020,7,petroleo,provincia,Chubut,promedio_diario,21990.6922258065,Producción de petróleo promedio diaria por provincia
2020-07,2020-07-01,2020,7,petroleo,provincia,Estado Nacional,promedio_diario,713.202903225806,Producción de petróleo promedio diaria por provincia
2020-07,2020-07-01,2020,7,petroleo,provincia,Formosa,promedio_diario,128.937173419355,Producción de petróleo promedio diaria por provincia
2020-07,2020-07-01,2020,7,petroleo,provincia,Jujuy,promedio_diario,32.3301612903226,Producción de petróleo promedio diaria por provincia
2020-07,2020-07-01,2020,7,petroleo,provincia,La Pampa,promedio_diario,2325.08962124613,Producción de petróleo promedio diaria por provincia
2020-07,2020-07-01,2020,7,petroleo,provincia,Mendoza,promedio_diario,8900.47560810387,Producción de petróleo promedio diaria por provincia
2020-07,2020-07-01,2020,7,petroleo,provincia,Neuquén,promedio_diario,24236.1505000323,Producción de petróleo promedio diaria por provincia
2020-07,2020-07-01,2020,7,petroleo,provincia,Rio Negro,promedio_diario,3838.43996774194,Producción de petróleo promedio diaria por provincia
2020-07,2020-07-01,2020,7,petroleo,provincia,Salta,promedio_diario,584.439193548387,Producción de petróleo promedio diaria por provincia
2020-07,2020-07-01,2020,7,petroleo,provincia,Santa Cruz,promedio_diario,11197.8928769677,Producción de petróleo promedio diaria por provincia
2020-07,2020-07-01,2020,7,petroleo,provincia,Tierra del Fuego,promedio_diario,695.85,Producción de petróleo promedio diaria por provincia
2020-08,2020-08-01,2020,8,petroleo,provincia,Chubut,promedio_diario,21998.5466774194,Producción de petróleo promedio diaria por provincia
2020-08,2020-08-01,2020,8,petroleo,provincia,Estado Nacional,promedio_diario,702.908709677419,Producción de petróleo promedio diaria por provincia
2020-08,2020-08-01,2020,8,petroleo,provincia,Formosa,promedio_diario,126.868826419355,Producción de petróleo promedio diaria por provincia
2020-08,2020-08-01,2020,8,petroleo,provincia,Jujuy,promedio_diario,64.9754838709677,Producción de petróleo promedio diaria por provincia
2020-08,2020-08-01,2020,8,petroleo,provincia,La Pampa,promedio_diario,2334.93768111645,Producción de petróleo promedio diaria por provincia
2020-08,2020-08-01,2020,8,petroleo,provincia,Mendoza,promedio_diario,9472.75384193387,Producción de petróleo promedio diaria por provincia
2020-08,2020-08-01,2020,8,petroleo,provincia,Neuquén,promedio_diario,24415.7238470323,Producción de petróleo promedio diaria por provincia
2020-08,2020-08-01,2020,8,petroleo,provincia,Rio Negro,promedio_diario,3796.15812903226,Producción de petróleo promedio diaria por provincia
2020-08,2020-08-01,2020,8,petroleo,provincia,Salta,promedio_diario,612.105741935484,Producción de petróleo promedio diaria por provincia
2020-08,2020-08-01,2020,8,petroleo,provincia,Santa Cruz,promedio_diario,10965.1765543548,Producción de petróleo promedio diaria por provincia
2020-08,2020-08-01,2020,8,petroleo,provincia,Tierra del Fuego,promedio_diario,673.563580645161,Producción de petróleo promedio diaria por provincia
2020-09,2020-09-01,2020,9,petroleo,provincia,Chubut,promedio_diario,22298.3440333333,Producción de petróleo promedio diaria por provincia
2020-09,2020-09-01,2020,9,petroleo,provincia,Estado Nacional,promedio_diario,699.462666666667,Producción de petróleo promedio diaria por provincia
2020-09,2020-09-01,2020,9,petroleo,provincia,Formosa,promedio_diario,122.000385566667,Producción de petróleo promedio diaria por provincia
2020-09,2020-09-01,2020,9,petroleo,provincia,Jujuy,promedio_diario,65.309,Producción de petróleo promedio diaria por provincia
2020-09,2020-09-01,2020,9,petroleo,provincia,La Pampa,promedio_diario,2354.61531972567,Producción de petróleo promedio diaria por provincia
2020-09,2020-09-01,2020,9,petroleo,provincia,Mendoza,promedio_diario,9233.00220168933,Producción de petróleo promedio diaria por provincia
2020-09,2020-09-01,2020,9,petroleo,provincia,Neuquén,promedio_diario,23243.9882666,Producción de petróleo promedio diaria por provincia
2020-09,2020-09-01,2020,9,petroleo,provincia,Rio Negro,promedio_diario,3773.54843333333,Producción de petróleo promedio diaria por provincia
2020-09,2020-09-01,2020,9,petroleo,provincia,Salta,promedio_diario,647.241233333333,Producción de petróleo promedio diaria por provincia
2020-09,2020-09-01,2020,9,petroleo,provincia,Santa Cruz,promedio_diario,11353.6009050333,Producción de petróleo promedio diaria por provincia
2020-09,2020-09-01,2020,9,petroleo,provincia,Tierra del Fuego,promedio_diario,1042.4648,Producción de petróleo promedio diaria por provincia
2020-10,2020-10-01,2020,10,petroleo,provincia,Chubut,promedio_diario,22495.504,Producción de petróleo promedio diaria por provincia
2020-10,2020-10-01,2020,10,petroleo,provincia,Estado Nacional,promedio_diario,665.424193548387,Producción de petróleo promedio diaria por provincia
2020-10,2020-10-01,2020,10,petroleo,provincia,Formosa,promedio_diario,108.028432645161,Producción de petróleo promedio diaria por provincia
2020-10,2020-10-01,2020,10,petroleo,provincia,Jujuy,promedio_diario,63.6301935483871,Producción de petróleo promedio diaria por provincia
2020-10,2020-10-01,2020,10,petroleo,provincia,La Pampa,promedio_diario,2239.34307164323,Producción de petróleo promedio diaria por provincia
2020-10,2020-10-01,2020,10,petroleo,provincia,Mendoza,promedio_diario,9143.82515149774,Producción de petróleo promedio diaria por provincia
2020-10,2020-10-01,2020,10,petroleo,provincia,Neuquén,promedio_diario,23750.4757900323,Producción de petróleo promedio diaria por provincia
2020-10,2020-10-01,2020,10,petroleo,provincia,Rio Negro,promedio_diario,3738.27922580645,Producción de petróleo promedio diaria por provincia
2020-10,2020-10-01,2020,10,petroleo,provincia,Salta,promedio_diario,684.438,Producción de petróleo promedio diaria por provincia
2020-10,2020-10-01,2020,10,petroleo,provincia,Santa Cruz,promedio_diario,11379.1692236452,Producción de petróleo promedio diaria por provincia
2020-10,2020-10-01,2020,10,petroleo,provincia,Tierra del Fuego,promedio_diario,1159.90496774194,Producción de petróleo promedio diaria por provincia
2020-11,2020-11-01,2020,11,petroleo,provincia,Chubut,promedio_diario,22357.6891666667,Producción de petróleo promedio diaria por provincia
2020-11,2020-11-01,2020,11,petroleo,provincia,Estado Nacional,promedio_diario,597.129,Producción de petróleo promedio diaria por provincia
2020-11,2020-11-01,2020,11,petroleo,provincia,Formosa,promedio_diario,70.3162844333333,Producción de petróleo promedio diaria por provincia
2020-11,2020-11-01,2020,11,petroleo,provincia,Jujuy,promedio_diario,59.7636666666667,Producción de petróleo promedio diaria por provincia
2020-11,2020-11-01,2020,11,petroleo,provincia,La Pampa,promedio_diario,2284.733074365,Producción de petróleo promedio diaria por provincia
2020-11,2020-11-01,2020,11,petroleo,provincia,Mendoza,promedio_diario,9064.86849162667,Producción de petróleo promedio diaria por provincia
2020-11,2020-11-01,2020,11,petroleo,provincia,Neuquén,promedio_diario,24161.3421693333,Producción de petróleo promedio diaria por provincia
2020-11,2020-11-01,2020,11,petroleo,provincia,Rio Negro,promedio_diario,3688.9918,Producción de petróleo promedio diaria por provincia
2020-11,2020-11-01,2020,11,petroleo,provincia,Salta,promedio_diario,667.901822713887,Producción de petróleo promedio diaria por provincia
2020-11,2020-11-01,2020,11,petroleo,provincia,Santa Cruz,promedio_diario,11300.1726087,Producción de petróleo promedio diaria por provincia
2020-11,2020-11-01,2020,11,petroleo,provincia,Tierra del Fuego,promedio_diario,1106.40256666667,Producción de petróleo promedio diaria por provincia
2020-12,2020-12-01,2020,12,petroleo,provincia,Chubut,promedio_diario,22644.3751935484,Producción de petróleo promedio diaria por provincia
2020-12,2020-12-01,2020,12,petroleo,provincia,Estado Nacional,promedio_diario,587.829419354839,Producción de petróleo promedio diaria por provincia
2020-12,2020-12-01,2020,12,petroleo,provincia,Formosa,promedio_diario,72.588064516129,Producción de petróleo promedio diaria por provincia
2020-12,2020-12-01,2020,12,petroleo,provincia,Jujuy,promedio_diario,65.9158064516129,Producción de petróleo promedio diaria por provincia
2020-12,2020-12-01,2020,12,petroleo,provincia,La Pampa,promedio_diario,2147.3289769729,Producción de petróleo promedio diaria por provincia
2020-12,2020-12-01,2020,12,petroleo,provincia,Mendoza,promedio_diario,8911.52411150516,Producción de petróleo promedio diaria por provincia
2020-12,2020-12-01,2020,12,petroleo,provincia,Neuquén,promedio_diario,25020.1601623548,Producción de petróleo promedio diaria por provincia
2020-12,2020-12-01,2020,12,petroleo,provincia,Rio Negro,promedio_diario,3594.13238709677,Producción de petróleo promedio diaria por provincia
2020-12,2020-12-01,2020,12,petroleo,provincia,Salta,promedio_diario,647.694222580645,Producción de petróleo promedio diaria por provincia
2020-12,2020-12-01,2020,12,petroleo,provincia,Santa Cruz,promedio_diario,11491.9184555484,Producción de petróleo promedio diaria por provincia
2020-12,2020-12-01,2020,12,petroleo,provincia,Tierra del Fuego,promedio_diario,1094.84106451613,Producción de petróleo promedio diaria por provincia
2021-01,2021-01-01,2021,1,petroleo,provincia,Chubut,promedio_diario,22580.8371612903,Producción de petróleo promedio diaria por provincia
2021-01,2021-01-01,2021,1,petroleo,provincia,Estado Nacional,promedio_diario,580.757419354839,Producción de petróleo promedio diaria por provincia
2021-01,2021-01-01,2021,1,petroleo,provincia,Formosa,promedio_diario,78.3671935483871,Producción de petróleo promedio diaria por provincia
2021-01,2021-01-01,2021,1,petroleo,provincia,Jujuy,promedio_diario,64.8012903225806,Producción de petróleo promedio diaria por provincia
2021-01,2021-01-01,2021,1,petroleo,provincia,La Pampa,promedio_diario,2185.35085817452,Producción de petróleo promedio diaria por provincia
2021-01,2021-01-01,2021,1,petroleo,provincia,Mendoza,promedio_diario,8857.08090440839,Producción de petróleo promedio diaria por provincia
2021-01,2021-01-01,2021,1,petroleo,provincia,Neuquén,promedio_diario,26523.6141075484,Producción de petróleo promedio diaria por provincia
2021-01,2021-01-01,2021,1,petroleo,provincia,Rio Negro,promedio_diario,3584.68351612903,Producción de petróleo promedio diaria por provincia
2021-01,2021-01-01,2021,1,petroleo,provincia,Salta,promedio_diario,520.944935483871,Producción de petróleo promedio diaria por provincia
2021-01,2021-01-01,2021,1,petroleo,provincia,Santa Cruz,promedio_diario,11408.8661531613,Producción de petróleo promedio diaria por provincia
2021-01,2021-01-01,2021,1,petroleo,provincia,Tierra del Fuego,promedio_diario,1103.474,Producción de petróleo promedio diaria por provincia
2021-02,2021-02-01,2021,2,petroleo,provincia,Chubut,promedio_diario,22624.0702857143,Producción de petróleo promedio diaria por provincia
2021-02,2021-02-01,2021,2,petroleo,provincia,Estado Nacional,promedio_diario,582.349321428571,Producción de petróleo promedio diaria por provincia
2021-02,2021-02-01,2021,2,petroleo,provincia,Formosa,promedio_diario,87.0447857142857,Producción de petróleo promedio diaria por provincia
2021-02,2021-02-01,2021,2,petroleo,provincia,Jujuy,promedio_diario,64.8732142857143,Producción de petróleo promedio diaria por provincia
2021-02,2021-02-01,2021,2,petroleo,provincia,La Pampa,promedio_diario,2177.415991125,Producción de petróleo promedio diaria por provincia
2021-02,2021-02-01,2021,2,petroleo,provincia,Mendoza,promedio_diario,8822.28521301464,Producción de petróleo promedio diaria por provincia
2021-02,2021-02-01,2021,2,petroleo,provincia,Neuquén,promedio_diario,27380.1892724643,Producción de petróleo promedio diaria por provincia
2021-02,2021-02-01,2021,2,petroleo,provincia,Rio Negro,promedio_diario,3576.45710714286,Producción de petróleo promedio diaria por provincia
2021-02,2021-02-01,2021,2,petroleo,provincia,Salta,promedio_diario,575.854678571429,Producción de petróleo promedio diaria por provincia
2021-02,2021-02-01,2021,2,petroleo,provincia,Santa Cruz,promedio_diario,11341.6928538214,Producción de petróleo promedio diaria por provincia
2021-02,2021-02-01,2021,2,petroleo,provincia,Tierra del Fuego,promedio_diario,1094.50767857143,Producción de petróleo promedio diaria por provincia
2021-03,2021-03-01,2021,3,petroleo,provincia,Chubut,promedio_diario,22307.6990322581,Producción de petróleo promedio diaria por provincia
2021-03,2021-03-01,2021,3,petroleo,provincia,Estado Nacional,promedio_diario,505.181935483871,Producción de petróleo promedio diaria por provincia
2021-03,2021-03-01,2021,3,petroleo,provincia,Formosa,promedio_diario,83.4965806451613,Producción de petróleo promedio diaria por provincia
2021-03,2021-03-01,2021,3,petroleo,provincia,Jujuy,promedio_diario,64.9732258064516,Producción de petróleo promedio diaria por provincia
2021-03,2021-03-01,2021,3,petroleo,provincia,La Pampa,promedio_diario,2220.67160470613,Producción de petróleo promedio diaria por provincia
2021-03,2021-03-01,2021,3,petroleo,provincia,Mendoza,promedio_diario,8981.51174147516,Producción de petróleo promedio diaria por provincia
2021-03,2021-03-01,2021,3,petroleo,provincia,Neuquén,promedio_diario,28464.4007834194,Producción de petróleo promedio diaria por provincia
2021-03,2021-03-01,2021,3,petroleo,provincia,Rio Negro,promedio_diario,3575.60151612903,Producción de petróleo promedio diaria por provincia
2021-03,2021-03-01,2021,3,petroleo,provincia,Salta,promedio_diario,596.539709677419,Producción de petróleo promedio diaria por provincia
2021-03,2021-03-01,2021,3,petroleo,provincia,Santa Cruz,promedio_diario,11175.1273305806,Producción de petróleo promedio diaria por provincia
2021-03,2021-03-01,2021,3,petroleo,provincia,Tierra del Fuego,promedio_diario,1105.74312903226,Producción de petróleo promedio diaria por provincia
2021-04,2021-04-01,2021,4,petroleo,provincia,Chubut,promedio_diario,22321.9476333333,Producción de petróleo promedio diaria por provincia
2021-04,2021-04-01,2021,4,petroleo,provincia,Estado Nacional,promedio_diario,585.751533333333,Producción de petróleo promedio diaria por provincia
2021-04,2021-04-01,2021,4,petroleo,provincia,Formosa,promedio_diario,89.7776666666667,Producción de petróleo promedio diaria por provincia
2021-04,2021-04-01,2021,4,petroleo,provincia,Jujuy,promedio_diario,60.829,Producción de petróleo promedio diaria por provincia
2021-04,2021-04-01,2021,4,petroleo,provincia,La Pampa,promedio_diario,2212.77804631767,Producción de petróleo promedio diaria por provincia
2021-04,2021-04-01,2021,4,petroleo,provincia,Mendoza,promedio_diario,9032.41060629867,Producción de petróleo promedio diaria por provincia
2021-04,2021-04-01,2021,4,petroleo,provincia,Neuquén,promedio_diario,28901.1394523667,Producción de petróleo promedio diaria por provincia
2021-04,2021-04-01,2021,4,petroleo,provincia,Rio Negro,promedio_diario,3616.54456666667,Producción de petróleo promedio diaria por provincia
2021-04,2021-04-01,2021,4,petroleo,provincia,Salta,promedio_diario,612.937133333333,Producción de petróleo promedio diaria por provincia
2021-04,2021-04-01,2021,4,petroleo,provincia,Santa Cruz,promedio_diario,11450.8623204667,Producción de petróleo promedio diaria por provincia
2021-04,2021-04-01,2021,4,petroleo,provincia,Tierra del Fuego,promedio_diario,1090.74583333333,Producción de petróleo promedio diaria por provincia
2021-05,2021-05-01,2021,5,petroleo,provincia,Chubut,promedio_diario,22516.2278483871,Producción de petróleo promedio diaria por provincia
2021-05,2021-05-01,2021,5,petroleo,provincia,Estado Nacional,promedio_diario,582.142935483871,Producción de petróleo promedio diaria por provincia
2021-05,2021-05-01,2021,5,petroleo,provincia,Formosa,promedio_diario,53.0770967741935,Producción de petróleo promedio diaria por provincia
2021-05,2021-05-01,2021,5,petroleo,provincia,Jujuy,promedio_diario,63.2051612903226,Producción de petróleo promedio diaria por provincia
2021-05,2021-05-01,2021,5,petroleo,provincia,La Pampa,promedio_diario,2162.10481102452,Producción de petróleo promedio diaria por provincia
2021-05,2021-05-01,2021,5,petroleo,provincia,Mendoza,promedio_diario,8924.98501036419,Producción de petróleo promedio diaria por provincia
2021-05,2021-05-01,2021,5,petroleo,provincia,Neuquén,promedio_diario,29164.1071528387,Producción de petróleo promedio diaria por provincia
2021-05,2021-05-01,2021,5,petroleo,provincia,Rio Negro,promedio_diario,3713.77219354839,Producción de petróleo promedio diaria por provincia
2021-05,2021-05-01,2021,5,petroleo,provincia,Salta,promedio_diario,586.473993205106,Producción de petróleo promedio diaria por provincia
2021-05,2021-05-01,2021,5,petroleo,provincia,Santa Cruz,promedio_diario,11350.5056219677,Producción de petróleo promedio diaria por provincia
2021-05,2021-05-01,2021,5,petroleo,provincia,Tierra del Fuego,promedio_diario,1077.38851612903,Producción de petróleo promedio diaria por provincia
2021-06,2021-06-01,2021,6,petroleo,provincia,Chubut,promedio_diario,22298.2686666667,Producción de petróleo promedio diaria por provincia
2021-06,2021-06-01,2021,6,petroleo,provincia,Estado Nacional,promedio_diario,552.8058,Producción de petróleo promedio diaria por provincia
2021-06,2021-06-01,2021,6,petroleo,provincia,Formosa,promedio_diario,52.5456666666667,Producción de petróleo promedio diaria por provincia
2021-06,2021-06-01,2021,6,petroleo,provincia,Jujuy,promedio_diario,30.045,Producción de petróleo promedio diaria por provincia
2021-06,2021-06-01,2021,6,petroleo,provincia,La Pampa,promedio_diario,2092.05145181067,Producción de petróleo promedio diaria por provincia
2021-06,2021-06-01,2021,6,petroleo,provincia,Mendoza,promedio_diario,8729.31627073233,Producción de petróleo promedio diaria por provincia
2021-06,2021-06-01,2021,6,petroleo,provincia,Neuquén,promedio_diario,29730.4456017,Producción de petróleo promedio diaria por provincia
2021-06,2021-06-01,2021,6,petroleo,provincia,Rio Negro,promedio_diario,3695.49083333333,Producción de petróleo promedio diaria por provincia
2021-06,2021-06-01,2021,6,petroleo,provincia,Salta,promedio_diario,577.543898822153,Producción de petróleo promedio diaria por provincia
2021-06,2021-06-01,2021,6,petroleo,provincia,Santa Cruz,promedio_diario,11132.8216229333,Producción de petróleo promedio diaria por provincia
2021-06,2021-06-01,2021,6,petroleo,provincia,Tierra del Fuego,promedio_diario,1015.44326666667,Producción de petróleo promedio diaria por provincia
2021-07,2021-07-01,2021,7,petroleo,provincia,Chubut,promedio_diario,21925.2061967742,Producción de petróleo promedio diaria por provincia
2021-07,2021-07-01,2021,7,petroleo,provincia,Estado Nacional,promedio_diario,542.587419354839,Producción de petróleo promedio diaria por provincia
2021-07,2021-07-01,2021,7,petroleo,provincia,Formosa,promedio_diario,66.9122580645161,Producción de petróleo promedio diaria por provincia
2021-07,2021-07-01,2021,7,petroleo,provincia,Jujuy,promedio_diario,29.1225806451613,Producción de petróleo promedio diaria por provincia
2021-07,2021-07-01,2021,7,petroleo,provincia,La Pampa,promedio_diario,2223.80901996903,Producción de petróleo promedio diaria por provincia
2021-07,2021-07-01,2021,7,petroleo,provincia,Mendoza,promedio_diario,9021.82269376032,Producción de petróleo promedio diaria por provincia
2021-07,2021-07-01,2021,7,petroleo,provincia,Neuquén,promedio_diario,31025.4287888065,Producción de petróleo promedio diaria por provincia
2021-07,2021-07-01,2021,7,petroleo,provincia,Rio Negro,promedio_diario,3804.6855483871,Producción de petróleo promedio diaria por provincia
2021-07,2021-07-01,2021,7,petroleo,provincia,Salta,promedio_diario,570.83135483871,Producción de petróleo promedio diaria por provincia
2021-07,2021-07-01,2021,7,petroleo,provincia,Santa Cruz,promedio_diario,11183.1234000645,Producción de petróleo promedio diaria por provincia
2021-07,2021-07-01,2021,7,petroleo,provincia,Tierra del Fuego,promedio_diario,995.682709677419,Producción de petróleo promedio diaria por provincia
2021-08,2021-08-01,2021,8,petroleo,provincia,Chubut,promedio_diario,22137.6359677419,Producción de petróleo promedio diaria por provincia
2021-08,2021-08-01,2021,8,petroleo,provincia,Estado Nacional,promedio_diario,555.277064516129,Producción de petróleo promedio diaria por provincia
2021-08,2021-08-01,2021,8,petroleo,provincia,Formosa,promedio_diario,66.6264516129032,Producción de petróleo promedio diaria por provincia
2021-08,2021-08-01,2021,8,petroleo,provincia,Jujuy,promedio_diario,29.0362903225806,Producción de petróleo promedio diaria por provincia
2021-08,2021-08-01,2021,8,petroleo,provincia,La Pampa,promedio_diario,2269.15597307097,Producción de petróleo promedio diaria por provincia
2021-08,2021-08-01,2021,8,petroleo,provincia,Mendoza,promedio_diario,8952.09447626226,Producción de petróleo promedio diaria por provincia
2021-08,2021-08-01,2021,8,petroleo,provincia,Neuquén,promedio_diario,30421.3610010323,Producción de petróleo promedio diaria por provincia
2021-08,2021-08-01,2021,8,petroleo,provincia,Rio Negro,promedio_diario,3754.939,Producción de petróleo promedio diaria por provincia
2021-08,2021-08-01,2021,8,petroleo,provincia,Salta,promedio_diario,592.467870967742,Producción de petróleo promedio diaria por provincia
2021-08,2021-08-01,2021,8,petroleo,provincia,Santa Cruz,promedio_diario,11155.2724039677,Producción de petróleo promedio diaria por provincia
2021-08,2021-08-01,2021,8,petroleo,provincia,Tierra del Fuego,promedio_diario,952.075193548387,Producción de petróleo promedio diaria por provincia
2021-09,2021-09-01,2021,9,petroleo,provincia,Chubut,promedio_diario,22417.04964,Producción de petróleo promedio diaria por provincia
2021-09,2021-09-01,2021,9,petroleo,provincia,Estado Nacional,promedio_diario,558.282066666667,Producción de petróleo promedio diaria por provincia
2021-09,2021-09-01,2021,9,petroleo,provincia,Formosa,promedio_diario,75.16,Producción de petróleo promedio diaria por provincia
2021-09,2021-09-01,2021,9,petroleo,provincia,Jujuy,promedio_diario,29.162,Producción de petróleo promedio diaria por provincia
2021-09,2021-09-01,2021,9,petroleo,provincia,La Pampa,promedio_diario,2230.694863201,Producción de petróleo promedio diaria por provincia
2021-09,2021-09-01,2021,9,petroleo,provincia,Mendoza,promedio_diario,8666.525242087,Producción de petróleo promedio diaria por provincia
2021-09,2021-09-01,2021,9,petroleo,provincia,Neuquén,promedio_diario,32842.8975921667,Producción de petróleo promedio diaria por provincia
2021-09,2021-09-01,2021,9,petroleo,provincia,Rio Negro,promedio_diario,3684.59883333333,Producción de petróleo promedio diaria por provincia
2021-09,2021-09-01,2021,9,petroleo,provincia,Salta,promedio_diario,590.416966666667,Producción de petróleo promedio diaria por provincia
2021-09,2021-09-01,2021,9,petroleo,provincia,Santa Cruz,promedio_diario,11212.7826978333,Producción de petróleo promedio diaria por provincia
2021-09,2021-09-01,2021,9,petroleo,provincia,Tierra del Fuego,promedio_diario,914.178966666667,Producción de petróleo promedio diaria por provincia
2021-10,2021-10-01,2021,10,petroleo,provincia,Chubut,promedio_diario,21727.7332677419,Producción de petróleo promedio diaria por provincia
2021-10,2021-10-01,2021,10,petroleo,provincia,Estado Nacional,promedio_diario,508.092096774194,Producción de petróleo promedio diaria por provincia
2021-10,2021-10-01,2021,10,petroleo,provincia,Formosa,promedio_diario,86.1361290322581,Producción de petróleo promedio diaria por provincia
2021-10,2021-10-01,2021,10,petroleo,provincia,Jujuy,promedio_diario,28.7625806451613,Producción de petróleo promedio diaria por provincia
2021-10,2021-10-01,2021,10,petroleo,provincia,La Pampa,promedio_diario,2205.5768749929,Producción de petróleo promedio diaria por provincia
2021-10,2021-10-01,2021,10,petroleo,provincia,Mendoza,promedio_diario,8763.6944114471,Producción de petróleo promedio diaria por provincia
2021-10,2021-10-01,2021,10,petroleo,provincia,Neuquén,promedio_diario,35304.5307707097,Producción de petróleo promedio diaria por provincia
2021-10,2021-10-01,2021,10,petroleo,provincia,Rio Negro,promedio_diario,3717.4883516129,Producción de petróleo promedio diaria por provincia
2021-10,2021-10-01,2021,10,petroleo,provincia,Salta,promedio_diario,578.552226679355,Producción de petróleo promedio diaria por provincia
2021-10,2021-10-01,2021,10,petroleo,provincia,Santa Cruz,promedio_diario,10924.5922526129,Producción de petróleo promedio diaria por provincia
2021-10,2021-10-01,2021,10,petroleo,provincia,Tierra del Fuego,promedio_diario,901.295419354839,Producción de petróleo promedio diaria por provincia
2021-11,2021-11-01,2021,11,petroleo,provincia,Chubut,promedio_diario,22497.409,Producción de petróleo promedio diaria por provincia
2021-11,2021-11-01,2021,11,petroleo,provincia,Estado Nacional,promedio_diario,509.7848,Producción de petróleo promedio diaria por provincia
2021-11,2021-11-01,2021,11,petroleo,provincia,Formosa,promedio_diario,87.8386666666667,Producción de petróleo promedio diaria por provincia
2021-11,2021-11-01,2021,11,petroleo,provincia,Jujuy,promedio_diario,29.2106666666667,Producción de petróleo promedio diaria por provincia
2021-11,2021-11-01,2021,11,petroleo,provincia,La Pampa,promedio_diario,2433.404563362,Producción de petróleo promedio diaria por provincia
2021-11,2021-11-01,2021,11,petroleo,provincia,Mendoza,promedio_diario,8829.18048918095,Producción de petróleo promedio diaria por provincia
2021-11,2021-11-01,2021,11,petroleo,provincia,Neuquén,promedio_diario,36494.2649021,Producción de petróleo promedio diaria por provincia
2021-11,2021-11-01,2021,11,petroleo,provincia,Rio Negro,promedio_diario,3611.21089666667,Producción de petróleo promedio diaria por provincia
2021-11,2021-11-01,2021,11,petroleo,provincia,Salta,promedio_diario,580.361384232887,Producción de petróleo promedio diaria por provincia
2021-11,2021-11-01,2021,11,petroleo,provincia,Santa Cruz,promedio_diario,11084.4871805667,Producción de petróleo promedio diaria por provincia
2021-11,2021-11-01,2021,11,petroleo,provincia,Tierra del Fuego,promedio_diario,863.182533333333,Producción de petróleo promedio diaria por provincia
2021-12,2021-12-01,2021,12,petroleo,provincia,Chubut,promedio_diario,21895.8670322581,Producción de petróleo promedio diaria por provincia
2021-12,2021-12-01,2021,12,petroleo,provincia,Estado Nacional,promedio_diario,426.118935483871,Producción de petróleo promedio diaria por provincia
2021-12,2021-12-01,2021,12,petroleo,provincia,Formosa,promedio_diario,86.1877419354839,Producción de petróleo promedio diaria por provincia
2021-12,2021-12-01,2021,12,petroleo,provincia,Jujuy,promedio_diario,28.8012903225806,Producción de petróleo promedio diaria por provincia
2021-12,2021-12-01,2021,12,petroleo,provincia,La Pampa,promedio_diario,2363.14324255806,Producción de petróleo promedio diaria por provincia
2021-12,2021-12-01,2021,12,petroleo,provincia,Mendoza,promedio_diario,8757.31653284871,Producción de petróleo promedio diaria por provincia
2021-12,2021-12-01,2021,12,petroleo,provincia,Neuquén,promedio_diario,37681.9438363871,Producción de petróleo promedio diaria por provincia
2021-12,2021-12-01,2021,12,petroleo,provincia,Rio Negro,promedio_diario,3603.01124193548,Producción de petróleo promedio diaria por provincia
2021-12,2021-12-01,2021,12,petroleo,provincia,Salta,promedio_diario,559.259564046374,Producción de petróleo promedio diaria por provincia
2021-12,2021-12-01,2021,12,petroleo,provincia,Santa Cruz,promedio_diario,11085.920135871,Producción de petróleo promedio diaria por provincia
2021-12,2021-12-01,2021,12,petroleo,provincia,Tierra del Fuego,promedio_diario,865.91364516129,Producción de petróleo promedio diaria por provincia
2022-01,2022-01-01,2022,1,petroleo,provincia,Chubut,promedio_diario,21909.1490322581,Producción de petróleo promedio diaria por provincia
2022-01,2022-01-01,2022,1,petroleo,provincia,Estado Nacional,promedio_diario,367.636838709677,Producción de petróleo promedio diaria por provincia
2022-01,2022-01-01,2022,1,petroleo,provincia,Formosa,promedio_diario,86.5577419354839,Producción de petróleo promedio diaria por provincia
2022-01,2022-01-01,2022,1,petroleo,provincia,Jujuy,promedio_diario,29.168064516129,Producción de petróleo promedio diaria por provincia
2022-01,2022-01-01,2022,1,petroleo,provincia,La Pampa,promedio_diario,2497.70115509,Producción de petróleo promedio diaria por provincia
2022-01,2022-01-01,2022,1,petroleo,provincia,Mendoza,promedio_diario,8829.6791111071,Producción de petróleo promedio diaria por provincia
2022-01,2022-01-01,2022,1,petroleo,provincia,Neuquén,promedio_diario,39296.4383775484,Producción de petróleo promedio diaria por provincia
2022-01,2022-01-01,2022,1,petroleo,provincia,Rio Negro,promedio_diario,3516.5860516129,Producción de petróleo promedio diaria por provincia
2022-01,2022-01-01,2022,1,petroleo,provincia,Salta,promedio_diario,544.6604817293,Producción de petróleo promedio diaria por provincia
2022-01,2022-01-01,2022,1,petroleo,provincia,Santa Cruz,promedio_diario,11032.4880384194,Producción de petróleo promedio diaria por provincia
2022-01,2022-01-01,2022,1,petroleo,provincia,Tierra del Fuego,promedio_diario,906.501258064516,Producción de petróleo promedio diaria por provincia
2022-02,2022-02-01,2022,2,petroleo,provincia,Chubut,promedio_diario,22176.3696,Producción de petróleo promedio diaria por provincia
2022-02,2022-02-01,2022,2,petroleo,provincia,Estado Nacional,promedio_diario,428.966535714286,Producción de petróleo promedio diaria por provincia
2022-02,2022-02-01,2022,2,petroleo,provincia,Formosa,promedio_diario,91.8839285714286,Producción de petróleo promedio diaria por provincia
2022-02,2022-02-01,2022,2,petroleo,provincia,Jujuy,promedio_diario,30.1416071428571,Producción de petróleo promedio diaria por provincia
2022-02,2022-02-01,2022,2,petroleo,provincia,La Pampa,promedio_diario,2466.51138296929,Producción de petróleo promedio diaria por provincia
2022-02,2022-02-01,2022,2,petroleo,provincia,Mendoza,promedio_diario,8726.87263890292,Producción de petróleo promedio diaria por provincia
2022-02,2022-02-01,2022,2,petroleo,provincia,Neuquén,promedio_diario,39059.35174875,Producción de petróleo promedio diaria por provincia
2022-02,2022-02-01,2022,2,petroleo,provincia,Rio Negro,promedio_diario,3485.71103928571,Producción de petróleo promedio diaria por provincia
2022-02,2022-02-01,2022,2,petroleo,provincia,Salta,promedio_diario,566.393879656725,Producción de petróleo promedio diaria por provincia
2022-02,2022-02-01,2022,2,petroleo,provincia,Santa Cruz,promedio_diario,11057.0727871786,Producción de petróleo promedio diaria por provincia
2022-02,2022-02-01,2022,2,petroleo,provincia,Tierra del Fuego,promedio_diario,866.539142857143,Producción de petróleo promedio diaria por provincia
2022-03,2022-03-01,2022,3,petroleo,provincia,Chubut,promedio_diario,22020.6645870968,Producción de petróleo promedio diaria por provincia
2022-03,2022-03-01,2022,3,petroleo,provincia,Estado Nacional,promedio_diario,339.006419354839,Producción de petróleo promedio diaria por provincia
2022-03,2022-03-01,2022,3,petroleo,provincia,Formosa,promedio_diario,95.4661290322581,Producción de petróleo promedio diaria por provincia
2022-03,2022-03-01,2022,3,petroleo,provincia,Jujuy,promedio_diario,30.5138064516129,Producción de petróleo promedio diaria por provincia
2022-03,2022-03-01,2022,3,petroleo,provincia,La Pampa,promedio_diario,2460.07419608806,Producción de petróleo promedio diaria por provincia
2022-03,2022-03-01,2022,3,petroleo,provincia,Mendoza,promedio_diario,8835.81163430355,Producción de petróleo promedio diaria por provincia
2022-03,2022-03-01,2022,3,petroleo,provincia,Neuquén,promedio_diario,39931.4571509677,Producción de petróleo promedio diaria por provincia
2022-03,2022-03-01,2022,3,petroleo,provincia,Rio Negro,promedio_diario,3426.34951612903,Producción de petróleo promedio diaria por provincia
2022-03,2022-03-01,2022,3,petroleo,provincia,Salta,promedio_diario,586.299691700806,Producción de petróleo promedio diaria por provincia
2022-03,2022-03-01,2022,3,petroleo,provincia,Santa Cruz,promedio_diario,10984.0459518065,Producción de petróleo promedio diaria por provincia
2022-03,2022-03-01,2022,3,petroleo,provincia,Tierra del Fuego,promedio_diario,759.438935483871,Producción de petróleo promedio diaria por provincia
2022-04,2022-04-01,2022,4,petroleo,provincia,Chubut,promedio_diario,22064.6465233333,Producción de petróleo promedio diaria por provincia
2022-04,2022-04-01,2022,4,petroleo,provincia,Estado Nacional,promedio_diario,423.744733333333,Producción de petróleo promedio diaria por provincia
2022-04,2022-04-01,2022,4,petroleo,provincia,Formosa,promedio_diario,97.6403333333333,Producción de petróleo promedio diaria por provincia
2022-04,2022-04-01,2022,4,petroleo,provincia,Jujuy,promedio_diario,30.1936666666667,Producción de petróleo promedio diaria por provincia
2022-04,2022-04-01,2022,4,petroleo,provincia,La Pampa,promedio_diario,2433.238968944,Producción de petróleo promedio diaria por provincia
2022-04,2022-04-01,2022,4,petroleo,provincia,Mendoza,promedio_diario,8679.84210964009,Producción de petróleo promedio diaria por provincia
2022-04,2022-04-01,2022,4,petroleo,provincia,Neuquén,promedio_diario,41022.3756193667,Producción de petróleo promedio diaria por provincia
2022-04,2022-04-01,2022,4,petroleo,provincia,Rio Negro,promedio_diario,3387.86513333333,Producción de petróleo promedio diaria por provincia
2022-04,2022-04-01,2022,4,petroleo,provincia,Salta,promedio_diario,575.004442050583,Producción de petróleo promedio diaria por provincia
2022-04,2022-04-01,2022,4,petroleo,provincia,Santa Cruz,promedio_diario,10902.5931089667,Producción de petróleo promedio diaria por provincia
2022-04,2022-04-01,2022,4,petroleo,provincia,Tierra del Fuego,promedio_diario,881.44,Producción de petróleo promedio diaria por provincia
2022-05,2022-05-01,2022,5,petroleo,provincia,Chubut,promedio_diario,22163.5716774194,Producción de petróleo promedio diaria por provincia
2022-05,2022-05-01,2022,5,petroleo,provincia,Estado Nacional,promedio_diario,459.613193548387,Producción de petróleo promedio diaria por provincia
2022-05,2022-05-01,2022,5,petroleo,provincia,Formosa,promedio_diario,87.4971064516129,Producción de petróleo promedio diaria por provincia
2022-05,2022-05-01,2022,5,petroleo,provincia,Jujuy,promedio_diario,30.4987741935484,Producción de petróleo promedio diaria por provincia
2022-05,2022-05-01,2022,5,petroleo,provincia,La Pampa,promedio_diario,2401.26085309226,Producción de petróleo promedio diaria por provincia
2022-05,2022-05-01,2022,5,petroleo,provincia,Mendoza,promedio_diario,8801.99190903091,Producción de petróleo promedio diaria por provincia
2022-05,2022-05-01,2022,5,petroleo,provincia,Neuquén,promedio_diario,41869.4131293871,Producción de petróleo promedio diaria por provincia
2022-05,2022-05-01,2022,5,petroleo,provincia,Rio Negro,promedio_diario,3357.23625806452,Producción de petróleo promedio diaria por provincia
2022-05,2022-05-01,2022,5,petroleo,provincia,Salta,promedio_diario,604.966730363361,Producción de petróleo promedio diaria por provincia
2022-05,2022-05-01,2022,5,petroleo,provincia,Santa Cruz,promedio_diario,10909.6882608065,Producción de petróleo promedio diaria por provincia
2022-05,2022-05-01,2022,5,petroleo,provincia,Tierra del Fuego,promedio_diario,973.071548387097,Producción de petróleo promedio diaria por provincia
2022-06,2022-06-01,2022,6,petroleo,provincia,Chubut,promedio_diario,22248.8398666667,Producción de petróleo promedio diaria por provincia
2022-06,2022-06-01,2022,6,petroleo,provincia,Estado Nacional,promedio_diario,497.7378,Producción de petróleo promedio diaria por provincia
2022-06,2022-06-01,2022,6,petroleo,provincia,Formosa,promedio_diario,74.5033333333333,Producción de petróleo promedio diaria por provincia
2022-06,2022-06-01,2022,6,petroleo,provincia,Jujuy,promedio_diario,30.4803333333333,Producción de petróleo promedio diaria por provincia
2022-06,2022-06-01,2022,6,petroleo,provincia,La Pampa,promedio_diario,2452.42845399367,Producción de petróleo promedio diaria por provincia
2022-06,2022-06-01,2022,6,petroleo,provincia,Mendoza,promedio_diario,8703.86779386544,Producción de petróleo promedio diaria por provincia
2022-06,2022-06-01,2022,6,petroleo,provincia,Neuquén,promedio_diario,41496.7359073333,Producción de petróleo promedio diaria por provincia
2022-06,2022-06-01,2022,6,petroleo,provincia,Rio Negro,promedio_diario,3386.5158,Producción de petróleo promedio diaria por provincia
2022-06,2022-06-01,2022,6,petroleo,provincia,Salta,promedio_diario,625.90280480844,Producción de petróleo promedio diaria por provincia
2022-06,2022-06-01,2022,6,petroleo,provincia,Santa Cruz,promedio_diario,10752.3764953667,Producción de petróleo promedio diaria por provincia
2022-06,2022-06-01,2022,6,petroleo,provincia,Tierra del Fuego,promedio_diario,958.837066666667,Producción de petróleo promedio diaria por provincia
2022-07,2022-07-01,2022,7,petroleo,provincia,Chubut,promedio_diario,21961.1828677419,Producción de petróleo promedio diaria por provincia
2022-07,2022-07-01,2022,7,petroleo,provincia,Estado Nacional,promedio_diario,477.132161290323,Producción de petróleo promedio diaria por provincia
2022-07,2022-07-01,2022,7,petroleo,provincia,Formosa,promedio_diario,109.669032258065,Producción de petróleo promedio diaria por provincia
2022-07,2022-07-01,2022,7,petroleo,provincia,Jujuy,promedio_diario,30.1663870967742,Producción de petróleo promedio diaria por provincia
2022-07,2022-07-01,2022,7,petroleo,provincia,La Pampa,promedio_diario,2356.73551957677,Producción de petróleo promedio diaria por provincia
2022-07,2022-07-01,2022,7,petroleo,provincia,Mendoza,promedio_diario,8748.95835747036,Producción de petróleo promedio diaria por provincia
2022-07,2022-07-01,2022,7,petroleo,provincia,Neuquén,promedio_diario,42810.4667589355,Producción de petróleo promedio diaria por provincia
2022-07,2022-07-01,2022,7,petroleo,provincia,Rio Negro,promedio_diario,3420.48223548387,Producción de petróleo promedio diaria por provincia
2022-07,2022-07-01,2022,7,petroleo,provincia,Salta,promedio_diario,600.626564492097,Producción de petróleo promedio diaria por provincia
2022-07,2022-07-01,2022,7,petroleo,provincia,Santa Cruz,promedio_diario,10725.1417977742,Producción de petróleo promedio diaria por provincia
2022-07,2022-07-01,2022,7,petroleo,provincia,Tierra del Fuego,promedio_diario,935.568,Producción de petróleo promedio diaria por provincia
2022-08,2022-08-01,2022,8,petroleo,provincia,Chubut,promedio_diario,21970.7717645161,Producción de petróleo promedio diaria por provincia
2022-08,2022-08-01,2022,8,petroleo,provincia,Estado Nacional,promedio_diario,481.382838709677,Producción de petróleo promedio diaria por provincia
2022-08,2022-08-01,2022,8,petroleo,provincia,Formosa,promedio_diario,118.925161290323,Producción de petróleo promedio diaria por provincia
2022-08,2022-08-01,2022,8,petroleo,provincia,Jujuy,promedio_diario,28.7234838709677,Producción de petróleo promedio diaria por provincia
2022-08,2022-08-01,2022,8,petroleo,provincia,La Pampa,promedio_diario,2394.98034921936,Producción de petróleo promedio diaria por provincia
2022-08,2022-08-01,2022,8,petroleo,provincia,Mendoza,promedio_diario,8904.39259963445,Producción de petróleo promedio diaria por provincia
2022-08,2022-08-01,2022,8,petroleo,provincia,Neuquén,promedio_diario,43279.930868129,Producción de petróleo promedio diaria por provincia
2022-08,2022-08-01,2022,8,petroleo,provincia,Rio Negro,promedio_diario,3459.12593548387,Producción de petróleo promedio diaria por provincia
2022-08,2022-08-01,2022,8,petroleo,provincia,Salta,promedio_diario,601.499538281039,Producción de petróleo promedio diaria por provincia
2022-08,2022-08-01,2022,8,petroleo,provincia,Santa Cruz,promedio_diario,10785.1520319032,Producción de petróleo promedio diaria por provincia
2022-08,2022-08-01,2022,8,petroleo,provincia,Tierra del Fuego,promedio_diario,838.332774193548,Producción de petróleo promedio diaria por provincia
2022-09,2022-09-01,2022,9,petroleo,provincia,Chubut,promedio_diario,22002.5022333333,Producción de petróleo promedio diaria por provincia
2022-09,2022-09-01,2022,9,petroleo,provincia,Estado Nacional,promedio_diario,476.954366666667,Producción de petróleo promedio diaria por provincia
2022-09,2022-09-01,2022,9,petroleo,provincia,Formosa,promedio_diario,116.370333333333,Producción de petróleo promedio diaria por provincia
2022-09,2022-09-01,2022,9,petroleo,provincia,Jujuy,promedio_diario,28.9831333333333,Producción de petróleo promedio diaria por provincia
2022-09,2022-09-01,2022,9,petroleo,provincia,La Pampa,promedio_diario,2254.44939013,Producción de petróleo promedio diaria por provincia
2022-09,2022-09-01,2022,9,petroleo,provincia,Mendoza,promedio_diario,8802.08163217233,Producción de petróleo promedio diaria por provincia
2022-09,2022-09-01,2022,9,petroleo,provincia,Neuquén,promedio_diario,45356.8343887333,Producción de petróleo promedio diaria por provincia
2022-09,2022-09-01,2022,9,petroleo,provincia,Rio Negro,promedio_diario,3365.8913,Producción de petróleo promedio diaria por provincia
2022-09,2022-09-01,2022,9,petroleo,provincia,Salta,promedio_diario,619.60698185926,Producción de petróleo promedio diaria por provincia
2022-09,2022-09-01,2022,9,petroleo,provincia,Santa Cruz,promedio_diario,10752.0093082,Producción de petróleo promedio diaria por provincia
2022-09,2022-09-01,2022,9,petroleo,provincia,Tierra del Fuego,promedio_diario,764.403,Producción de petróleo promedio diaria por provincia
2022-10,2022-10-01,2022,10,petroleo,provincia,Chubut,promedio_diario,22331.1805258065,Producción de petróleo promedio diaria por provincia
2022-10,2022-10-01,2022,10,petroleo,provincia,Estado Nacional,promedio_diario,460.839483870968,Producción de petróleo promedio diaria por provincia
2022-10,2022-10-01,2022,10,petroleo,provincia,Formosa,promedio_diario,119.087096774194,Producción de petróleo promedio diaria por provincia
2022-10,2022-10-01,2022,10,petroleo,provincia,Jujuy,promedio_diario,29.1856774193548,Producción de petróleo promedio diaria por provincia
2022-10,2022-10-01,2022,10,petroleo,provincia,La Pampa,promedio_diario,2350.40779853226,Producción de petróleo promedio diaria por provincia
2022-10,2022-10-01,2022,10,petroleo,provincia,Mendoza,promedio_diario,8800.72351230613,Producción de petróleo promedio diaria por provincia
2022-10,2022-10-01,2022,10,petroleo,provincia,Neuquén,promedio_diario,47058.9285843226,Producción de petróleo promedio diaria por provincia
2022-10,2022-10-01,2022,10,petroleo,provincia,Rio Negro,promedio_diario,3387.41241935484,Producción de petróleo promedio diaria por provincia
2022-10,2022-10-01,2022,10,petroleo,provincia,Salta,promedio_diario,626.214959375294,Producción de petróleo promedio diaria por provincia
2022-10,2022-10-01,2022,10,petroleo,provincia,Santa Cruz,promedio_diario,11075.3696223226,Producción de petróleo promedio diaria por provincia
2022-10,2022-10-01,2022,10,petroleo,provincia,Tierra del Fuego,promedio_diario,685.160709677419,Producción de petróleo promedio diaria por provincia
2022-11,2022-11-01,2022,11,petroleo,provincia,Chubut,promedio_diario,22149.7247333333,Producción de petróleo promedio diaria por provincia
2022-11,2022-11-01,2022,11,petroleo,provincia,Estado Nacional,promedio_diario,441.8801,Producción de petróleo promedio diaria por provincia
2022-11,2022-11-01,2022,11,petroleo,provincia,Formosa,promedio_diario,126.586333333333,Producción de petróleo promedio diaria por provincia
2022-11,2022-11-01,2022,11,petroleo,provincia,Jujuy,promedio_diario,27.8183,Producción de petróleo promedio diaria por provincia
2022-11,2022-11-01,2022,11,petroleo,provincia,La Pampa,promedio_diario,2255.53763333333,Producción de petróleo promedio diaria por provincia
2022-11,2022-11-01,2022,11,petroleo,provincia,Mendoza,promedio_diario,8799.0946,Producción de petróleo promedio diaria por provincia
2022-11,2022-11-01,2022,11,petroleo,provincia,Neuquén,promedio_diario,47185.6650828333,Producción de petróleo promedio diaria por provincia
2022-11,2022-11-01,2022,11,petroleo,provincia,Rio Negro,promedio_diario,3395.8897,Producción de petróleo promedio diaria por provincia
2022-11,2022-11-01,2022,11,petroleo,provincia,Salta,promedio_diario,617.21841739723,Producción de petróleo promedio diaria por provincia
2022-11,2022-11-01,2022,11,petroleo,provincia,Santa Cruz,promedio_diario,11069.5018992333,Producción de petróleo promedio diaria por provincia
2022-11,2022-11-01,2022,11,petroleo,provincia,Tierra del Fuego,promedio_diario,745.249666666667,Producción de petróleo promedio diaria por provincia
2022-12,2022-12-01,2022,12,petroleo,provincia,Chubut,promedio_diario,22324.4789741935,Producción de petróleo promedio diaria por provincia
2022-12,2022-12-01,2022,12,petroleo,provincia,Estado Nacional,promedio_diario,443.759741935484,Producción de petróleo promedio diaria por provincia
2022-12,2022-12-01,2022,12,petroleo,provincia,Formosa,promedio_diario,144.448387096774,Producción de petróleo promedio diaria por provincia
2022-12,2022-12-01,2022,12,petroleo,provincia,Jujuy,promedio_diario,27.4233870967742,Producción de petróleo promedio diaria por provincia
2022-12,2022-12-01,2022,12,petroleo,provincia,La Pampa,promedio_diario,2314.70051612903,Producción de petróleo promedio diaria por provincia
2022-12,2022-12-01,2022,12,petroleo,provincia,Mendoza,promedio_diario,8691.34436451613,Producción de petróleo promedio diaria por provincia
2022-12,2022-12-01,2022,12,petroleo,provincia,Neuquén,promedio_diario,47710.2575630645,Producción de petróleo promedio diaria por provincia
2022-12,2022-12-01,2022,12,petroleo,provincia,Rio Negro,promedio_diario,3348.28808387097,Producción de petróleo promedio diaria por provincia
2022-12,2022-12-01,2022,12,petroleo,provincia,Salta,promedio_diario,613.785177066587,Producción de petróleo promedio diaria por provincia
2022-12,2022-12-01,2022,12,petroleo,provincia,Santa Cruz,promedio_diario,10938.8152865484,Producción de petróleo promedio diaria por provincia
2022-12,2022-12-01,2022,12,petroleo,provincia,Tierra del Fuego,promedio_diario,664.480258064516,Producción de petróleo promedio diaria por provincia
2023-01,2023-01-01,2023,1,petroleo,provincia,Chubut,promedio_diario,22282.4152483871,Producción de petróleo promedio diaria por provincia
2023-01,2023-01-01,2023,1,petroleo,provincia,Estado Nacional,promedio_diario,434.311967741936,Producción de petróleo promedio diaria por provincia
2023-01,2023-01-01,2023,1,petroleo,provincia,Formosa,promedio_diario,148.470677419355,Producción de petróleo promedio diaria por provincia
2023-01,2023-01-01,2023,1,petroleo,provincia,Jujuy,promedio_diario,28.0265806451613,Producción de petróleo promedio diaria por provincia
2023-01,2023-01-01,2023,1,petroleo,provincia,La Pampa,promedio_diario,2274.45577419355,Producción de petróleo promedio diaria por provincia
2023-01,2023-01-01,2023,1,petroleo,provincia,Mendoza,promedio_diario,8424.60125806452,Producción de petróleo promedio diaria por provincia
2023-01,2023-01-01,2023,1,petroleo,provincia,Neuquén,promedio_diario,48849.8603060968,Producción de petróleo promedio diaria por provincia
2023-01,2023-01-01,2023,1,petroleo,provincia,Rio Negro,promedio_diario,3295.99226774194,Producción de petróleo promedio diaria por provincia
2023-01,2023-01-01,2023,1,petroleo,provincia,Salta,promedio_diario,638.169287096774,Producción de petróleo promedio diaria por provincia
2023-01,2023-01-01,2023,1,petroleo,provincia,Santa Cruz,promedio_diario,10903.9644719032,Producción de petróleo promedio diaria por provincia
2023-01,2023-01-01,2023,1,petroleo,provincia,Tierra del Fuego,promedio_diario,653.130387096774,Producción de petróleo promedio diaria por provincia
2023-02,2023-02-01,2023,2,petroleo,provincia,Chubut,promedio_diario,22045.3868392857,Producción de petróleo promedio diaria por provincia
2023-02,2023-02-01,2023,2,petroleo,provincia,Estado Nacional,promedio_diario,437.051428571429,Producción de petróleo promedio diaria por provincia
2023-02,2023-02-01,2023,2,petroleo,provincia,Formosa,promedio_diario,139.2,Producción de petróleo promedio diaria por provincia
2023-02,2023-02-01,2023,2,petroleo,provincia,Jujuy,promedio_diario,29.1224642857143,Producción de petróleo promedio diaria por provincia
2023-02,2023-02-01,2023,2,petroleo,provincia,La Pampa,promedio_diario,2396.90610714286,Producción de petróleo promedio diaria por provincia
2023-02,2023-02-01,2023,2,petroleo,provincia,Mendoza,promedio_diario,8799.76614285714,Producción de petróleo promedio diaria por provincia
2023-02,2023-02-01,2023,2,petroleo,provincia,Neuquén,promedio_diario,50292.4910074643,Producción de petróleo promedio diaria por provincia
2023-02,2023-02-01,2023,2,petroleo,provincia,Rio Negro,promedio_diario,3318.79126071429,Producción de petróleo promedio diaria por provincia
2023-02,2023-02-01,2023,2,petroleo,provincia,Salta,promedio_diario,614.795342894318,Producción de petróleo promedio diaria por provincia
2023-02,2023-02-01,2023,2,petroleo,provincia,Santa Cruz,promedio_diario,10983.5940313571,Producción de petróleo promedio diaria por provincia
2023-02,2023-02-01,2023,2,petroleo,provincia,Tierra del Fuego,promedio_diario,666.938892857143,Producción de petróleo promedio diaria por provincia
2023-03,2023-03-01,2023,3,petroleo,provincia,Chubut,promedio_diario,21732.6169096774,Producción de petróleo promedio diaria por provincia
2023-03,2023-03-01,2023,3,petroleo,provincia,Estado Nacional,promedio_diario,432.488225806452,Producción de petróleo promedio diaria por provincia
2023-03,2023-03-01,2023,3,petroleo,provincia,Formosa,promedio_diario,131.924516129032,Producción de petróleo promedio diaria por provincia
2023-03,2023-03-01,2023,3,petroleo,provincia,Jujuy,promedio_diario,29.4821935483871,Producción de petróleo promedio diaria por provincia
2023-03,2023-03-01,2023,3,petroleo,provincia,La Pampa,promedio_diario,2323.48880645161,Producción de petróleo promedio diaria por provincia
2023-03,2023-03-01,2023,3,petroleo,provincia,Mendoza,promedio_diario,8834.49667741935,Producción de petróleo promedio diaria por provincia
2023-03,2023-03-01,2023,3,petroleo,provincia,Neuquén,promedio_diario,51562.2508745806,Producción de petróleo promedio diaria por provincia
2023-03,2023-03-01,2023,3,petroleo,provincia,Rio Negro,promedio_diario,3246.62930184083,Producción de petróleo promedio diaria por provincia
2023-03,2023-03-01,2023,3,petroleo,provincia,Salta,promedio_diario,612.108832258065,Producción de petróleo promedio diaria por provincia
2023-03,2023-03-01,2023,3,petroleo,provincia,Santa Cruz,promedio_diario,10719.8127415484,Producción de petróleo promedio diaria por provincia
2023-03,2023-03-01,2023,3,petroleo,provincia,Tierra del Fuego,promedio_diario,716.427870967742,Producción de petróleo promedio diaria por provincia
2023-04,2023-04-01,2023,4,petroleo,provincia,Chubut,promedio_diario,21880.88835,Producción de petróleo promedio diaria por provincia
2023-04,2023-04-01,2023,4,petroleo,provincia,Estado Nacional,promedio_diario,389.720566666667,Producción de petróleo promedio diaria por provincia
2023-04,2023-04-01,2023,4,petroleo,provincia,Formosa,promedio_diario,124.202666666667,Producción de petróleo promedio diaria por provincia
2023-04,2023-04-01,2023,4,petroleo,provincia,Jujuy,promedio_diario,28.5212666666667,Producción de petróleo promedio diaria por provincia
2023-04,2023-04-01,2023,4,petroleo,provincia,La Pampa,promedio_diario,2340.1112,Producción de petróleo promedio diaria por provincia
2023-04,2023-04-01,2023,4,petroleo,provincia,Mendoza,promedio_diario,8816.67816666667,Producción de petróleo promedio diaria por provincia
2023-04,2023-04-01,2023,4,petroleo,provincia,Neuquén,promedio_diario,50935.8079757667,Producción de petróleo promedio diaria por provincia
2023-04,2023-04-01,2023,4,petroleo,provincia,Rio Negro,promedio_diario,3286.61195377923,Producción de petróleo promedio diaria por provincia
2023-04,2023-04-01,2023,4,petroleo,provincia,Salta,promedio_diario,615.280901714133,Producción de petróleo promedio diaria por provincia
2023-04,2023-04-01,2023,4,petroleo,provincia,Santa Cruz,promedio_diario,10702.793775578,Producción de petróleo promedio diaria por provincia
2023-04,2023-04-01,2023,4,petroleo,provincia,Tierra del Fuego,promedio_diario,698.262966666667,Producción de petróleo promedio diaria por provincia
2023-05,2023-05-01,2023,5,petroleo,provincia,Chubut,promedio_diario,21787.4476225806,Producción de petróleo promedio diaria por provincia
2023-05,2023-05-01,2023,5,petroleo,provincia,Estado Nacional,promedio_diario,466.279580645161,Producción de petróleo promedio diaria por provincia
2023-05,2023-05-01,2023,5,petroleo,provincia,Formosa,promedio_diario,130.033548387097,Producción de petróleo promedio diaria por provincia
2023-05,2023-05-01,2023,5,petroleo,provincia,Jujuy,promedio_diario,28.1138709677419,Producción de petróleo promedio diaria por provincia
2023-05,2023-05-01,2023,5,petroleo,provincia,La Pampa,promedio_diario,2323.35416129032,Producción de petróleo promedio diaria por provincia
2023-05,2023-05-01,2023,5,petroleo,provincia,Mendoza,promedio_diario,8738.79358064516,Producción de petróleo promedio diaria por provincia
2023-05,2023-05-01,2023,5,petroleo,provincia,Neuquén,promedio_diario,51035.9315747419,Producción de petróleo promedio diaria por provincia
2023-05,2023-05-01,2023,5,petroleo,provincia,Rio Negro,promedio_diario,3314.21345677419,Producción de petróleo promedio diaria por provincia
2023-05,2023-05-01,2023,5,petroleo,provincia,Salta,promedio_diario,605.039573118597,Producción de petróleo promedio diaria por provincia
2023-05,2023-05-01,2023,5,petroleo,provincia,Santa Cruz,promedio_diario,10764.9657134584,Producción de petróleo promedio diaria por provincia
2023-05,2023-05-01,2023,5,petroleo,provincia,Tierra del Fuego,promedio_diario,648.642741935484,Producción de petróleo promedio diaria por provincia
2023-06,2023-06-01,2023,6,petroleo,provincia,Chubut,promedio_diario,21721.77302,Producción de petróleo promedio diaria por provincia
2023-06,2023-06-01,2023,6,petroleo,provincia,Estado Nacional,promedio_diario,474.896533333333,Producción de petróleo promedio diaria por provincia
2023-06,2023-06-01,2023,6,petroleo,provincia,Formosa,promedio_diario,128.64,Producción de petróleo promedio diaria por provincia
2023-06,2023-06-01,2023,6,petroleo,provincia,Jujuy,promedio_diario,26.2856,Producción de petróleo promedio diaria por provincia
2023-06,2023-06-01,2023,6,petroleo,provincia,La Pampa,promedio_diario,2325.8474,Producción de petróleo promedio diaria por provincia
2023-06,2023-06-01,2023,6,petroleo,provincia,Mendoza,promedio_diario,8796.59736666667,Producción de petróleo promedio diaria por provincia
2023-06,2023-06-01,2023,6,petroleo,provincia,Neuquén,promedio_diario,49966.8727369667,Producción de petróleo promedio diaria por provincia
2023-06,2023-06-01,2023,6,petroleo,provincia,Rio Negro,promedio_diario,3197.72995,Producción de petróleo promedio diaria por provincia
2023-06,2023-06-01,2023,6,petroleo,provincia,Salta,promedio_diario,600.589712189677,Producción de petróleo promedio diaria por provincia
2023-06,2023-06-01,2023,6,petroleo,provincia,Santa Cruz,promedio_diario,10760.93792593,Producción de petróleo promedio diaria por provincia
2023-06,2023-06-01,2023,6,petroleo,provincia,Tierra del Fuego,promedio_diario,616.090633333333,Producción de petróleo promedio diaria por provincia
2023-07,2023-07-01,2023,7,petroleo,provincia,Chubut,promedio_diario,21415.8923451613,Producción de petróleo promedio diaria por provincia
2023-07,2023-07-01,2023,7,petroleo,provincia,Estado Nacional,promedio_diario,488.521741935484,Producción de petróleo promedio diaria por provincia
2023-07,2023-07-01,2023,7,petroleo,provincia,Formosa,promedio_diario,121.255483870968,Producción de petróleo promedio diaria por provincia
2023-07,2023-07-01,2023,7,petroleo,provincia,Jujuy,promedio_diario,27.6713225806452,Producción de petróleo promedio diaria por provincia
2023-07,2023-07-01,2023,7,petroleo,provincia,La Pampa,promedio_diario,2241.48819354839,Producción de petróleo promedio diaria por provincia
2023-07,2023-07-01,2023,7,petroleo,provincia,Mendoza,promedio_diario,8620.78722580645,Producción de petróleo promedio diaria por provincia
2023-07,2023-07-01,2023,7,petroleo,provincia,Neuquén,promedio_diario,50048.8737383548,Producción de petróleo promedio diaria por provincia
2023-07,2023-07-01,2023,7,petroleo,provincia,Rio Negro,promedio_diario,3236.44262580645,Producción de petróleo promedio diaria por provincia
2023-07,2023-07-01,2023,7,petroleo,provincia,Salta,promedio_diario,585.205416129032,Producción de petróleo promedio diaria por provincia
2023-07,2023-07-01,2023,7,petroleo,provincia,Santa Cruz,promedio_diario,10683.70104036,Producción de petróleo promedio diaria por provincia
2023-07,2023-07-01,2023,7,petroleo,provincia,Tierra del Fuego,promedio_diario,604.116032258065,Producción de petróleo promedio diaria por provincia
2023-08,2023-08-01,2023,8,petroleo,provincia,Chubut,promedio_diario,21067.9796709677,Producción de petróleo promedio diaria por provincia
2023-08,2023-08-01,2023,8,petroleo,provincia,Estado Nacional,promedio_diario,492.583387096774,Producción de petróleo promedio diaria por provincia
2023-08,2023-08-01,2023,8,petroleo,provincia,Formosa,promedio_diario,111.712580645161,Producción de petróleo promedio diaria por provincia
2023-08,2023-08-01,2023,8,petroleo,provincia,Jujuy,promedio_diario,27.653,Producción de petróleo promedio diaria por provincia
2023-08,2023-08-01,2023,8,petroleo,provincia,La Pampa,promedio_diario,2306.10877419355,Producción de petróleo promedio diaria por provincia
2023-08,2023-08-01,2023,8,petroleo,provincia,Mendoza,promedio_diario,8701.89993548387,Producción de petróleo promedio diaria por provincia
2023-08,2023-08-01,2023,8,petroleo,provincia,Neuquén,promedio_diario,51115.3819963548,Producción de petróleo promedio diaria por provincia
2023-08,2023-08-01,2023,8,petroleo,provincia,Rio Negro,promedio_diario,3221.8938483871,Producción de petróleo promedio diaria por provincia
2023-08,2023-08-01,2023,8,petroleo,provincia,Salta,promedio_diario,581.569870967742,Producción de petróleo promedio diaria por provincia
2023-08,2023-08-01,2023,8,petroleo,provincia,Santa Cruz,promedio_diario,10634.8833647032,Producción de petróleo promedio diaria por provincia
2023-08,2023-08-01,2023,8,petroleo,provincia,Tierra del Fuego,promedio_diario,638.840806451613,Producción de petróleo promedio diaria por provincia
2023-09,2023-09-01,2023,9,petroleo,provincia,Chubut,promedio_diario,21650.3276766667,Producción de petróleo promedio diaria por provincia
2023-09,2023-09-01,2023,9,petroleo,provincia,Estado Nacional,promedio_diario,497.557333333333,Producción de petróleo promedio diaria por provincia
2023-09,2023-09-01,2023,9,petroleo,provincia,Formosa,promedio_diario,110.019666666667,Producción de petróleo promedio diaria por provincia
2023-09,2023-09-01,2023,9,petroleo,provincia,Jujuy,promedio_diario,27.7502,Producción de petróleo promedio diaria por provincia
2023-09,2023-09-01,2023,9,petroleo,provincia,La Pampa,promedio_diario,2207.94543333333,Producción de petróleo promedio diaria por provincia
2023-09,2023-09-01,2023,9,petroleo,provincia,Mendoza,promedio_diario,8917.16723333333,Producción de petróleo promedio diaria por provincia
2023-09,2023-09-01,2023,9,petroleo,provincia,Neuquén,promedio_diario,52441.3280754333,Producción de petróleo promedio diaria por provincia
2023-09,2023-09-01,2023,9,petroleo,provincia,Rio Negro,promedio_diario,3185.88217333333,Producción de petróleo promedio diaria por provincia
2023-09,2023-09-01,2023,9,petroleo,provincia,Salta,promedio_diario,576.007864812527,Producción de petróleo promedio diaria por provincia
2023-09,2023-09-01,2023,9,petroleo,provincia,Santa Cruz,promedio_diario,10941.29010164,Producción de petróleo promedio diaria por provincia
2023-09,2023-09-01,2023,9,petroleo,provincia,Tierra del Fuego,promedio_diario,695.136066666667,Producción de petróleo promedio diaria por provincia
2023-10,2023-10-01,2023,10,petroleo,provincia,Chubut,promedio_diario,21687.4677032258,Producción de petróleo promedio diaria por provincia
2023-10,2023-10-01,2023,10,petroleo,provincia,Estado Nacional,promedio_diario,499.21235483871,Producción de petróleo promedio diaria por provincia
2023-10,2023-10-01,2023,10,petroleo,provincia,Formosa,promedio_diario,108.167741935484,Producción de petróleo promedio diaria por provincia
2023-10,2023-10-01,2023,10,petroleo,provincia,Jujuy,promedio_diario,27.2625806451613,Producción de petróleo promedio diaria por provincia
2023-10,2023-10-01,2023,10,petroleo,provincia,La Pampa,promedio_diario,2203.0274516129,Producción de petróleo promedio diaria por provincia
2023-10,2023-10-01,2023,10,petroleo,provincia,Mendoza,promedio_diario,8679.65851612903,Producción de petróleo promedio diaria por provincia
2023-10,2023-10-01,2023,10,petroleo,provincia,Neuquén,promedio_diario,55365.2703178064,Producción de petróleo promedio diaria por provincia
2023-10,2023-10-01,2023,10,petroleo,provincia,Rio Negro,promedio_diario,3173.04153225806,Producción de petróleo promedio diaria por provincia
2023-10,2023-10-01,2023,10,petroleo,provincia,Salta,promedio_diario,512.325333334729,Producción de petróleo promedio diaria por provincia
2023-10,2023-10-01,2023,10,petroleo,provincia,Santa Cruz,promedio_diario,10956.4913497039,Producción de petróleo promedio diaria por provincia
2023-10,2023-10-01,2023,10,petroleo,provincia,Tierra del Fuego,promedio_diario,695.438290322581,Producción de petróleo promedio diaria por provincia
2023-11,2023-11-01,2023,11,petroleo,provincia,Chubut,promedio_diario,21563.5848333333,Producción de petróleo promedio diaria por provincia
2023-11,2023-11-01,2023,11,petroleo,provincia,Estado Nacional,promedio_diario,482.0961,Producción de petróleo promedio diaria por provincia
2023-11,2023-11-01,2023,11,petroleo,provincia,Formosa,promedio_diario,107.04,Producción de petróleo promedio diaria por provincia
2023-11,2023-11-01,2023,11,petroleo,provincia,Jujuy,promedio_diario,26.9781,Producción de petróleo promedio diaria por provincia
2023-11,2023-11-01,2023,11,petroleo,provincia,La Pampa,promedio_diario,2140.9576,Producción de petróleo promedio diaria por provincia
2023-11,2023-11-01,2023,11,petroleo,provincia,Mendoza,promedio_diario,8747.64283333333,Producción de petróleo promedio diaria por provincia
2023-11,2023-11-01,2023,11,petroleo,provincia,Neuquén,promedio_diario,57612.7098696,Producción de petróleo promedio diaria por provincia
2023-11,2023-11-01,2023,11,petroleo,provincia,Rio Negro,promedio_diario,3125.56166666667,Producción de petróleo promedio diaria por provincia
2023-11,2023-11-01,2023,11,petroleo,provincia,Salta,promedio_diario,552.269462742883,Producción de petróleo promedio diaria por provincia
2023-11,2023-11-01,2023,11,petroleo,provincia,Santa Cruz,promedio_diario,10972.2537039747,Producción de petróleo promedio diaria por provincia
2023-11,2023-11-01,2023,11,petroleo,provincia,Tierra del Fuego,promedio_diario,634.071733333333,Producción de petróleo promedio diaria por provincia
2023-12,2023-12-01,2023,12,petroleo,provincia,Chubut,promedio_diario,21389.7585419355,Producción de petróleo promedio diaria por provincia
2023-12,2023-12-01,2023,12,petroleo,provincia,Estado Nacional,promedio_diario,454.364967741936,Producción de petróleo promedio diaria por provincia
2023-12,2023-12-01,2023,12,petroleo,provincia,Formosa,promedio_diario,104.803225806452,Producción de petróleo promedio diaria por provincia
2023-12,2023-12-01,2023,12,petroleo,provincia,Jujuy,promedio_diario,27.3878709677419,Producción de petróleo promedio diaria por provincia
2023-12,2023-12-01,2023,12,petroleo,provincia,La Pampa,promedio_diario,2090.21435483871,Producción de petróleo promedio diaria por provincia
2023-12,2023-12-01,2023,12,petroleo,provincia,Mendoza,promedio_diario,8826.8544516129,Producción de petróleo promedio diaria por provincia
2023-12,2023-12-01,2023,12,petroleo,provincia,Neuquén,promedio_diario,59499.1051469355,Producción de petróleo promedio diaria por provincia
2023-12,2023-12-01,2023,12,petroleo,provincia,Rio Negro,promedio_diario,3167.3552516129,Producción de petróleo promedio diaria por provincia
2023-12,2023-12-01,2023,12,petroleo,provincia,Salta,promedio_diario,517.159946704681,Producción de petróleo promedio diaria por provincia
2023-12,2023-12-01,2023,12,petroleo,provincia,Santa Cruz,promedio_diario,11015.655662629,Producción de petróleo promedio diaria por provincia
2023-12,2023-12-01,2023,12,petroleo,provincia,Tierra del Fuego,promedio_diario,560.494870967742,Producción de petróleo promedio diaria por provincia
2024-01,2024-01-01,2024,1,petroleo,provincia,Chubut,promedio_diario,21415.5348387097,Producción de petróleo promedio diaria por provincia
2024-01,2024-01-01,2024,1,petroleo,provincia,Estado Nacional,promedio_diario,482.339580645161,Producción de petróleo promedio diaria por provincia
2024-01,2024-01-01,2024,1,petroleo,provincia,Formosa,promedio_diario,108.912903225806,Producción de petróleo promedio diaria por provincia
2024-01,2024-01-01,2024,1,petroleo,provincia,Jujuy,promedio_diario,27.000064516129,Producción de petróleo promedio diaria por provincia
2024-01,2024-01-01,2024,1,petroleo,provincia,La Pampa,promedio_diario,2008.88367741935,Producción de petróleo promedio diaria por provincia
2024-01,2024-01-01,2024,1,petroleo,provincia,Mendoza,promedio_diario,8823.64106451613,Producción de petróleo promedio diaria por provincia
2024-01,2024-01-01,2024,1,petroleo,provincia,Neuquén,promedio_diario,58402.7742887419,Producción de petróleo promedio diaria por provincia
2024-01,2024-01-01,2024,1,petroleo,provincia,Rio Negro,promedio_diario,3124.87718709677,Producción de petróleo promedio diaria por provincia
2024-01,2024-01-01,2024,1,petroleo,provincia,Salta,promedio_diario,470.475764670706,Producción de petróleo promedio diaria por provincia
2024-01,2024-01-01,2024,1,petroleo,provincia,Santa Cruz,promedio_diario,11040.6157148884,Producción de petróleo promedio diaria por provincia
2024-01,2024-01-01,2024,1,petroleo,provincia,Tierra del Fuego,promedio_diario,554.741096774193,Producción de petróleo promedio diaria por provincia
2024-02,2024-02-01,2024,2,petroleo,provincia,Chubut,promedio_diario,21194.1257931034,Producción de petróleo promedio diaria por provincia
2024-02,2024-02-01,2024,2,petroleo,provincia,Estado Nacional,promedio_diario,476.947103448276,Producción de petróleo promedio diaria por provincia
2024-02,2024-02-01,2024,2,petroleo,provincia,Formosa,promedio_diario,107.934827586207,Producción de petróleo promedio diaria por provincia
2024-02,2024-02-01,2024,2,petroleo,provincia,Jujuy,promedio_diario,26.9589655172414,Producción de petróleo promedio diaria por provincia
2024-02,2024-02-01,2024,2,petroleo,provincia,La Pampa,promedio_diario,2005.80265517241,Producción de petróleo promedio diaria por provincia
2024-02,2024-02-01,2024,2,petroleo,provincia,Mendoza,promedio_diario,8467.30762413793,Producción de petróleo promedio diaria por provincia
2024-02,2024-02-01,2024,2,petroleo,provincia,Neuquén,promedio_diario,59469.003015931,Producción de petróleo promedio diaria por provincia
2024-02,2024-02-01,2024,2,petroleo,provincia,Rio Negro,promedio_diario,3040.99802068965,Producción de petróleo promedio diaria por provincia
2024-02,2024-02-01,2024,2,petroleo,provincia,Salta,promedio_diario,371.84957317931,Producción de petróleo promedio diaria por provincia
2024-02,2024-02-01,2024,2,petroleo,provincia,Santa Cruz,promedio_diario,10859.5663387434,Producción de petróleo promedio diaria por provincia
2024-02,2024-02-01,2024,2,petroleo,provincia,Tierra del Fuego,promedio_diario,573.939827586207,Producción de petróleo promedio diaria por provincia
2024-03,2024-03-01,2024,3,petroleo,provincia,Chubut,promedio_diario,21025.9415,Producción de petróleo promedio diaria por provincia
2024-03,2024-03-01,2024,3,petroleo,provincia,Estado Nacional,promedio_diario,455.026387096774,Producción de petróleo promedio diaria por provincia
2024-03,2024-03-01,2024,3,petroleo,provincia,Formosa,promedio_diario,113.38064516129,Producción de petróleo promedio diaria por provincia
2024-03,2024-03-01,2024,3,petroleo,provincia,Jujuy,promedio_diario,27.1574516129032,Producción de petróleo promedio diaria por provincia
2024-03,2024-03-01,2024,3,petroleo,provincia,La Pampa,promedio_diario,2018.56093548387,Producción de petróleo promedio diaria por provincia
2024-03,2024-03-01,2024,3,petroleo,provincia,Mendoza,promedio_diario,8729.47603225806,Producción de petróleo promedio diaria por provincia
2024-03,2024-03-01,2024,3,petroleo,provincia,Neuquén,promedio_diario,60302.2309760645,Producción de petróleo promedio diaria por provincia
2024-03,2024-03-01,2024,3,petroleo,provincia,Rio Negro,promedio_diario,3157.70171612903,Producción de petróleo promedio diaria por provincia
2024-03,2024-03-01,2024,3,petroleo,provincia,Salta,promedio_diario,415.058927034945,Producción de petróleo promedio diaria por provincia
2024-03,2024-03-01,2024,3,petroleo,provincia,Santa Cruz,promedio_diario,10891.9319255487,Producción de petróleo promedio diaria por provincia
2024-03,2024-03-01,2024,3,petroleo,provincia,Tierra del Fuego,promedio_diario,610.861419354839,Producción de petróleo promedio diaria por provincia
2024-04,2024-04-01,2024,4,petroleo,provincia,Chubut,promedio_diario,20975.32461,Producción de petróleo promedio diaria por provincia
2024-04,2024-04-01,2024,4,petroleo,provincia,Estado Nacional,promedio_diario,454.620733333333,Producción de petróleo promedio diaria por provincia
2024-04,2024-04-01,2024,4,petroleo,provincia,Formosa,promedio_diario,101.686666666667,Producción de petróleo promedio diaria por provincia
2024-04,2024-04-01,2024,4,petroleo,provincia,Jujuy,promedio_diario,27.1588333333333,Producción de petróleo promedio diaria por provincia
2024-04,2024-04-01,2024,4,petroleo,provincia,La Pampa,promedio_diario,1957.58673333333,Producción de petróleo promedio diaria por provincia
2024-04,2024-04-01,2024,4,petroleo,provincia,Mendoza,promedio_diario,8898.4824,Producción de petróleo promedio diaria por provincia
2024-04,2024-04-01,2024,4,petroleo,provincia,Neuquén,promedio_diario,60706.2069673,Producción de petróleo promedio diaria por provincia
2024-04,2024-04-01,2024,4,petroleo,provincia,Rio Negro,promedio_diario,3113.39143666667,Producción de petróleo promedio diaria por provincia
2024-04,2024-04-01,2024,4,petroleo,provincia,Salta,promedio_diario,459.99024211972,Producción de petróleo promedio diaria por provincia
2024-04,2024-04-01,2024,4,petroleo,provincia,Santa Cruz,promedio_diario,10901.7383794487,Producción de petróleo promedio diaria por provincia
2024-04,2024-04-01,2024,4,petroleo,provincia,Tierra del Fuego,promedio_diario,593.042066666667,Producción de petróleo promedio diaria por provincia
2024-05,2024-05-01,2024,5,petroleo,provincia,Chubut,promedio_diario,20971.4113225806,Producción de petróleo promedio diaria por provincia
2024-05,2024-05-01,2024,5,petroleo,provincia,Estado Nacional,promedio_diario,462.130129032258,Producción de petróleo promedio diaria por provincia
2024-05,2024-05-01,2024,5,petroleo,provincia,Formosa,promedio_diario,95.3870967741936,Producción de petróleo promedio diaria por provincia
2024-05,2024-05-01,2024,5,petroleo,provincia,Jujuy,promedio_diario,27.0469032258064,Producción de petróleo promedio diaria por provincia
2024-05,2024-05-01,2024,5,petroleo,provincia,La Pampa,promedio_diario,2007.35648387097,Producción de petróleo promedio diaria por provincia
2024-05,2024-05-01,2024,5,petroleo,provincia,Mendoza,promedio_diario,8926.90080645161,Producción de petróleo promedio diaria por provincia
2024-05,2024-05-01,2024,5,petroleo,provincia,Neuquén,promedio_diario,61489.8987443548,Producción de petróleo promedio diaria por provincia
2024-05,2024-05-01,2024,5,petroleo,provincia,Rio Negro,promedio_diario,2904.94801935484,Producción de petróleo promedio diaria por provincia
2024-05,2024-05-01,2024,5,petroleo,provincia,Salta,promedio_diario,437.689067474194,Producción de petróleo promedio diaria por provincia
2024-05,2024-05-01,2024,5,petroleo,provincia,Santa Cruz,promedio_diario,10716.4681555181,Producción de petróleo promedio diaria por provincia
2024-05,2024-05-01,2024,5,petroleo,provincia,Tierra del Fuego,promedio_diario,628.537870967742,Producción de petróleo promedio diaria por provincia
2024-06,2024-06-01,2024,6,petroleo,provincia,Chubut,promedio_diario,17182.6664166667,Producción de petróleo promedio diaria por provincia
2024-06,2024-06-01,2024,6,petroleo,provincia,Estado Nacional,promedio_diario,468.165033333333,Producción de petróleo promedio diaria por provincia
2024-06,2024-06-01,2024,6,petroleo,provincia,Formosa,promedio_diario,92.5733333333333,Producción de petróleo promedio diaria por provincia
2024-06,2024-06-01,2024,6,petroleo,provincia,Jujuy,promedio_diario,27.1188333333333,Producción de petróleo promedio diaria por provincia
2024-06,2024-06-01,2024,6,petroleo,provincia,La Pampa,promedio_diario,1971.41076666667,Producción de petróleo promedio diaria por provincia
2024-06,2024-06-01,2024,6,petroleo,provincia,Mendoza,promedio_diario,9020.75106666667,Producción de petróleo promedio diaria por provincia
2024-06,2024-06-01,2024,6,petroleo,provincia,Neuquén,promedio_diario,62624.9109529667,Producción de petróleo promedio diaria por provincia
2024-06,2024-06-01,2024,6,petroleo,provincia,Rio Negro,promedio_diario,2858.07997333333,Producción de petróleo promedio diaria por provincia
2024-06,2024-06-01,2024,6,petroleo,provincia,Salta,promedio_diario,406.138320073333,Producción de petróleo promedio diaria por provincia
2024-06,2024-06-01,2024,6,petroleo,provincia,Santa Cruz,promedio_diario,9851.127519444,Producción de petróleo promedio diaria por provincia
2024-06,2024-06-01,2024,6,petroleo,provincia,Tierra del Fuego,promedio_diario,578.9959,Producción de petróleo promedio diaria por provincia
2024-07,2024-07-01,2024,7,petroleo,provincia,Chubut,promedio_diario,18363.5258612903,Producción de petróleo promedio diaria por provincia
2024-07,2024-07-01,2024,7,petroleo,provincia,Estado Nacional,promedio_diario,481.308612903226,Producción de petróleo promedio diaria por provincia
2024-07,2024-07-01,2024,7,petroleo,provincia,Formosa,promedio_diario,88.4870967741935,Producción de petróleo promedio diaria por provincia
2024-07,2024-07-01,2024,7,petroleo,provincia,Jujuy,promedio_diario,26.7023225806452,Producción de petróleo promedio diaria por provincia
2024-07,2024-07-01,2024,7,petroleo,provincia,La Pampa,promedio_diario,1905.84367741935,Producción de petróleo promedio diaria por provincia
2024-07,2024-07-01,2024,7,petroleo,provincia,Mendoza,promedio_diario,8959.60164516129,Producción de petróleo promedio diaria por provincia
2024-07,2024-07-01,2024,7,petroleo,provincia,Neuquén,promedio_diario,64717.1408273871,Producción de petróleo promedio diaria por provincia
2024-07,2024-07-01,2024,7,petroleo,provincia,Rio Negro,promedio_diario,2818.03138709677,Producción de petróleo promedio diaria por provincia
2024-07,2024-07-01,2024,7,petroleo,provincia,Salta,promedio_diario,411.048994403226,Producción de petróleo promedio diaria por provincia
2024-07,2024-07-01,2024,7,petroleo,provincia,Santa Cruz,promedio_diario,9123.00416445065,Producción de petróleo promedio diaria por provincia
2024-07,2024-07-01,2024,7,petroleo,provincia,Tierra del Fuego,promedio_diario,612.41964516129,Producción de petróleo promedio diaria por provincia
2024-08,2024-08-01,2024,8,petroleo,provincia,Chubut,promedio_diario,20057.3275967742,Producción de petróleo promedio diaria por provincia
2024-08,2024-08-01,2024,8,petroleo,provincia,Estado Nacional,promedio_diario,492.482709677419,Producción de petróleo promedio diaria por provincia
2024-08,2024-08-01,2024,8,petroleo,provincia,Formosa,promedio_diario,89.2806451612903,Producción de petróleo promedio diaria por provincia
2024-08,2024-08-01,2024,8,petroleo,provincia,Jujuy,promedio_diario,27.1103225806452,Producción de petróleo promedio diaria por provincia
2024-08,2024-08-01,2024,8,petroleo,provincia,La Pampa,promedio_diario,1997.36374193548,Producción de petróleo promedio diaria por provincia
2024-08,2024-08-01,2024,8,petroleo,provincia,Mendoza,promedio_diario,8941.81529032258,Producción de petróleo promedio diaria por provincia
2024-08,2024-08-01,2024,8,petroleo,provincia,Neuquén,promedio_diario,67572.5377342581,Producción de petróleo promedio diaria por provincia
2024-08,2024-08-01,2024,8,petroleo,provincia,Rio Negro,promedio_diario,2930.81390322581,Producción de petróleo promedio diaria por provincia
2024-08,2024-08-01,2024,8,petroleo,provincia,Salta,promedio_diario,396.222004601574,Producción de petróleo promedio diaria por provincia
2024-08,2024-08-01,2024,8,petroleo,provincia,Santa Cruz,promedio_diario,10033.3631723958,Producción de petróleo promedio diaria por provincia
2024-08,2024-08-01,2024,8,petroleo,provincia,Tierra del Fuego,promedio_diario,556.660967741936,Producción de petróleo promedio diaria por provincia
2024-09,2024-09-01,2024,9,petroleo,provincia,Chubut,promedio_diario,20415.19495,Producción de petróleo promedio diaria por provincia
2024-09,2024-09-01,2024,9,petroleo,provincia,Estado Nacional,promedio_diario,495.1478,Producción de petróleo promedio diaria por provincia
2024-09,2024-09-01,2024,9,petroleo,provincia,Formosa,promedio_diario,84.0066666666667,Producción de petróleo promedio diaria por provincia
2024-09,2024-09-01,2024,9,petroleo,provincia,Jujuy,promedio_diario,26.1867666666667,Producción de petróleo promedio diaria por provincia
2024-09,2024-09-01,2024,9,petroleo,provincia,La Pampa,promedio_diario,2004.21703333333,Producción de petróleo promedio diaria por provincia
2024-09,2024-09-01,2024,9,petroleo,provincia,Mendoza,promedio_diario,8899.1823,Producción de petróleo promedio diaria por provincia
2024-09,2024-09-01,2024,9,petroleo,provincia,Neuquén,promedio_diario,70170.7151340667,Producción de petróleo promedio diaria por provincia
2024-09,2024-09-01,2024,9,petroleo,provincia,Rio Negro,promedio_diario,2939.56776666667,Producción de petróleo promedio diaria por provincia
2024-09,2024-09-01,2024,9,petroleo,provincia,Salta,promedio_diario,398.81453675722,Producción de petróleo promedio diaria por provincia
2024-09,2024-09-01,2024,9,petroleo,provincia,Santa Cruz,promedio_diario,10531.1354170227,Producción de petróleo promedio diaria por provincia
2024-09,2024-09-01,2024,9,petroleo,provincia,Tierra del Fuego,promedio_diario,606.1771,Producción de petróleo promedio diaria por provincia
2024-10,2024-10-01,2024,10,petroleo,provincia,Chubut,promedio_diario,20609.6574354839,Producción de petróleo promedio diaria por provincia
2024-10,2024-10-01,2024,10,petroleo,provincia,Estado Nacional,promedio_diario,618.663419354839,Producción de petróleo promedio diaria por provincia
2024-10,2024-10-01,2024,10,petroleo,provincia,Formosa,promedio_diario,81.098064516129,Producción de petróleo promedio diaria por provincia
2024-10,2024-10-01,2024,10,petroleo,provincia,Jujuy,promedio_diario,27.247064516129,Producción de petróleo promedio diaria por provincia
2024-10,2024-10-01,2024,10,petroleo,provincia,La Pampa,promedio_diario,2032.25661290323,Producción de petróleo promedio diaria por provincia
2024-10,2024-10-01,2024,10,petroleo,provincia,Mendoza,promedio_diario,8790.11990322581,Producción de petróleo promedio diaria por provincia
2024-10,2024-10-01,2024,10,petroleo,provincia,Neuquén,promedio_diario,70197.1553253548,Producción de petróleo promedio diaria por provincia
2024-10,2024-10-01,2024,10,petroleo,provincia,Rio Negro,promedio_diario,3013.09367741935,Producción de petróleo promedio diaria por provincia
2024-10,2024-10-01,2024,10,petroleo,provincia,Salta,promedio_diario,385.140690960213,Producción de petróleo promedio diaria por provincia
2024-10,2024-10-01,2024,10,petroleo,provincia,Santa Cruz,promedio_diario,10610.5159974768,Producción de petróleo promedio diaria por provincia
2024-10,2024-10-01,2024,10,petroleo,provincia,Tierra del Fuego,promedio_diario,557.020193548387,Producción de petróleo promedio diaria por provincia
2024-11,2024-11-01,2024,11,petroleo,provincia,Chubut,promedio_diario,20700.62428,Producción de petróleo promedio diaria por provincia
2024-11,2024-11-01,2024,11,petroleo,provincia,Estado Nacional,promedio_diario,512.084966666667,Producción de petróleo promedio diaria por provincia
2024-11,2024-11-01,2024,11,petroleo,provincia,Formosa,promedio_diario,94.9233333333333,Producción de petróleo promedio diaria por provincia
2024-11,2024-11-01,2024,11,petroleo,provincia,Jujuy,promedio_diario,27.2351333333333,Producción de petróleo promedio diaria por provincia
2024-11,2024-11-01,2024,11,petroleo,provincia,La Pampa,promedio_diario,1977.79546666667,Producción de petróleo promedio diaria por provincia
2024-11,2024-11-01,2024,11,petroleo,provincia,Mendoza,promedio_diario,8815.4704,Producción de petróleo promedio diaria por provincia
2024-11,2024-11-01,2024,11,petroleo,provincia,Neuquén,promedio_diario,72050.1999814,Producción de petróleo promedio diaria por provincia
2024-11,2024-11-01,2024,11,petroleo,provincia,Rio Negro,promedio_diario,3539.8658,Producción de petróleo promedio diaria por provincia
2024-11,2024-11-01,2024,11,petroleo,provincia,Salta,promedio_diario,388.02424518531,Producción de petróleo promedio diaria por provincia
2024-11,2024-11-01,2024,11,petroleo,provincia,Santa Cruz,promedio_diario,10864.975984756,Producción de petróleo promedio diaria por provincia
2024-11,2024-11-01,2024,11,petroleo,provincia,Tierra del Fuego,promedio_diario,487.879,Producción de petróleo promedio diaria por provincia
2024-12,2024-12-01,2024,12,petroleo,provincia,Chubut,promedio_diario,20602.2168870968,Producción de petróleo promedio diaria por provincia
2024-12,2024-12-01,2024,12,petroleo,provincia,Estado Nacional,promedio_diario,497.572967741935,Producción de petróleo promedio diaria por provincia
2024-12,2024-12-01,2024,12,petroleo,provincia,Formosa,promedio_diario,94.2645161290323,Producción de petróleo promedio diaria por provincia
2024-12,2024-12-01,2024,12,petroleo,provincia,Jujuy,promedio_diario,27.0347419354839,Producción de petróleo promedio diaria por provincia
2024-12,2024-12-01,2024,12,petroleo,provincia,La Pampa,promedio_diario,1976.5325483871,Producción de petróleo promedio diaria por provincia
2024-12,2024-12-01,2024,12,petroleo,provincia,Mendoza,promedio_diario,8714.87270967742,Producción de petróleo promedio diaria por provincia
2024-12,2024-12-01,2024,12,petroleo,provincia,Neuquén,promedio_diario,73431.5591386452,Producción de petróleo promedio diaria por provincia
2024-12,2024-12-01,2024,12,petroleo,provincia,Rio Negro,promedio_diario,3553.35658064516,Producción de petróleo promedio diaria por provincia
2024-12,2024-12-01,2024,12,petroleo,provincia,Salta,promedio_diario,382.720504462903,Producción de petróleo promedio diaria por provincia
2024-12,2024-12-01,2024,12,petroleo,provincia,Santa Cruz,promedio_diario,10735.8056757606,Producción de petróleo promedio diaria por provincia
2024-12,2024-12-01,2024,12,petroleo,provincia,Tierra del Fuego,promedio_diario,492.028161290323,Producción de petróleo promedio diaria por provincia
2025-01,2025-01-01,2025,1,petroleo,provincia,Chubut,promedio_diario,20259.3216225806,Producción de petróleo promedio diaria por provincia
2025-01,2025-01-01,2025,1,petroleo,provincia,Estado Nacional,promedio_diario,663.903677419355,Producción de petróleo promedio diaria por provincia
2025-01,2025-01-01,2025,1,petroleo,provincia,Formosa,promedio_diario,92.241935483871,Producción de petróleo promedio diaria por provincia
2025-01,2025-01-01,2025,1,petroleo,provincia,Jujuy,promedio_diario,26.8949032258065,Producción de petróleo promedio diaria por provincia
2025-01,2025-01-01,2025,1,petroleo,provincia,La Pampa,promedio_diario,1954.48258064516,Producción de petróleo promedio diaria por provincia
2025-01,2025-01-01,2025,1,petroleo,provincia,Mendoza,promedio_diario,8683.48135483871,Producción de petróleo promedio diaria por provincia
2025-01,2025-01-01,2025,1,petroleo,provincia,Neuquén,promedio_diario,72408.7300497742,Producción de petróleo promedio diaria por provincia
2025-01,2025-01-01,2025,1,petroleo,provincia,Rio Negro,promedio_diario,3463.50190322581,Producción de petróleo promedio diaria por provincia
2025-01,2025-01-01,2025,1,petroleo,provincia,Salta,promedio_diario,369.469538650537,Producción de petróleo promedio diaria por provincia
2025-01,2025-01-01,2025,1,petroleo,provincia,Santa Cruz,promedio_diario,10487.7551925077,Producción de petróleo promedio diaria por provincia
2025-01,2025-01-01,2025,1,petroleo,provincia,Tierra del Fuego,promedio_diario,451.125129032258,Producción de petróleo promedio diaria por provincia
2025-02,2025-02-01,2025,2,petroleo,provincia,Chubut,promedio_diario,20184.0912857143,Producción de petróleo promedio diaria por provincia
2025-02,2025-02-01,2025,2,petroleo,provincia,Estado Nacional,promedio_diario,730.142428571429,Producción de petróleo promedio diaria por provincia
2025-02,2025-02-01,2025,2,petroleo,provincia,Formosa,promedio_diario,90.0792857142857,Producción de petróleo promedio diaria por provincia
2025-02,2025-02-01,2025,2,petroleo,provincia,Jujuy,promedio_diario,27.2167142857143,Producción de petróleo promedio diaria por provincia
2025-02,2025-02-01,2025,2,petroleo,provincia,La Pampa,promedio_diario,1894.46860714286,Producción de petróleo promedio diaria por provincia
2025-02,2025-02-01,2025,2,petroleo,provincia,Mendoza,promedio_diario,8627.94917857143,Producción de petróleo promedio diaria por provincia
2025-02,2025-02-01,2025,2,petroleo,provincia,Neuquén,promedio_diario,72493.8231309286,Producción de petróleo promedio diaria por provincia
2025-02,2025-02-01,2025,2,petroleo,provincia,Rio Negro,promedio_diario,3427.18246428571,Producción de petróleo promedio diaria por provincia
2025-02,2025-02-01,2025,2,petroleo,provincia,Salta,promedio_diario,360.993536332143,Producción de petróleo promedio diaria por provincia
2025-02,2025-02-01,2025,2,petroleo,provincia,Santa Cruz,promedio_diario,10257.4576451364,Producción de petróleo promedio diaria por provincia
2025-02,2025-02-01,2025,2,petroleo,provincia,Tierra del Fuego,promedio_diario,487.042535714286,Producción de petróleo promedio diaria por provincia
2025-03,2025-03-01,2025,3,petroleo,provincia,Chubut,promedio_diario,20352.0175806452,Producción de petróleo promedio diaria por provincia
2025-03,2025-03-01,2025,3,petroleo,provincia,Estado Nacional,promedio_diario,668.566967741936,Producción de petróleo promedio diaria por provincia
2025-03,2025-03-01,2025,3,petroleo,provincia,Formosa,promedio_diario,91.8029038612903,Producción de petróleo promedio diaria por provincia
2025-03,2025-03-01,2025,3,petroleo,provincia,Jujuy,promedio_diario,27.2247096774194,Producción de petróleo promedio diaria por provincia
2025-03,2025-03-01,2025,3,petroleo,provincia,La Pampa,promedio_diario,1855.31158064516,Producción de petróleo promedio diaria por provincia
2025-03,2025-03-01,2025,3,petroleo,provincia,Mendoza,promedio_diario,8643.13290322581,Producción de petróleo promedio diaria por provincia
2025-03,2025-03-01,2025,3,petroleo,provincia,Neuquén,promedio_diario,72868.5334890323,Producción de petróleo promedio diaria por provincia
2025-03,2025-03-01,2025,3,petroleo,provincia,Rio Negro,promedio_diario,3451.00309677419,Producción de petróleo promedio diaria por provincia
2025-03,2025-03-01,2025,3,petroleo,provincia,Salta,promedio_diario,358.655475762903,Producción de petróleo promedio diaria por provincia
2025-03,2025-03-01,2025,3,petroleo,provincia,Santa Cruz,promedio_diario,10176.1341264323,Producción de petróleo promedio diaria por provincia
2025-03,2025-03-01,2025,3,petroleo,provincia,Tierra del Fuego,promedio_diario,515.815258064516,Producción de petróleo promedio diaria por provincia
2025-04,2025-04-01,2025,4,petroleo,provincia,Chubut,promedio_diario,20149.1995333333,Producción de petróleo promedio diaria por provincia
2025-04,2025-04-01,2025,4,petroleo,provincia,Estado Nacional,promedio_diario,681.650233333333,Producción de petróleo promedio diaria por provincia
2025-04,2025-04-01,2025,4,petroleo,provincia,Formosa,promedio_diario,94.766,Producción de petróleo promedio diaria por provincia
2025-04,2025-04-01,2025,4,petroleo,provincia,Jujuy,promedio_diario,27.1083333333333,Producción de petróleo promedio diaria por provincia
2025-04,2025-04-01,2025,4,petroleo,provincia,La Pampa,promedio_diario,1828.61506666667,Producción de petróleo promedio diaria por provincia
2025-04,2025-04-01,2025,4,petroleo,provincia,Mendoza,promedio_diario,8616.61093333333,Producción de petróleo promedio diaria por provincia
2025-04,2025-04-01,2025,4,petroleo,provincia,Neuquén,promedio_diario,72255.9928477667,Producción de petróleo promedio diaria por provincia
2025-04,2025-04-01,2025,4,petroleo,provincia,Rio Negro,promedio_diario,3436.64921333333,Producción de petróleo promedio diaria por provincia
2025-04,2025-04-01,2025,4,petroleo,provincia,Salta,promedio_diario,360.424013236667,Producción de petróleo promedio diaria por provincia
2025-04,2025-04-01,2025,4,petroleo,provincia,Santa Cruz,promedio_diario,10068.2947660343,Producción de petróleo promedio diaria por provincia
2025-04,2025-04-01,2025,4,petroleo,provincia,Tierra del Fuego,promedio_diario,467.810933333333,Producción de petróleo promedio diaria por provincia
2025-05,2025-05-01,2025,5,petroleo,provincia,Chubut,promedio_diario,19980.3353870968,Producción de petróleo promedio diaria por provincia
2025-05,2025-05-01,2025,5,petroleo,provincia,Estado Nacional,promedio_diario,733.873161290323,Producción de petróleo promedio diaria por provincia
2025-05,2025-05-01,2025,5,petroleo,provincia,Formosa,promedio_diario,85.5529032258064,Producción de petróleo promedio diaria por provincia
2025-05,2025-05-01,2025,5,petroleo,provincia,Jujuy,promedio_diario,27.240064516129,Producción de petróleo promedio diaria por provincia
2025-05,2025-05-01,2025,5,petroleo,provincia,La Pampa,promedio_diario,1795.899,Producción de petróleo promedio diaria por provincia
2025-05,2025-05-01,2025,5,petroleo,provincia,Mendoza,promedio_diario,8554.67709677419,Producción de petróleo promedio diaria por provincia
2025-05,2025-05-01,2025,5,petroleo,provincia,Neuquén,promedio_diario,73516.3210260323,Producción de petróleo promedio diaria por provincia
2025-05,2025-05-01,2025,5,petroleo,provincia,Rio Negro,promedio_diario,3299.35809677419,Producción de petróleo promedio diaria por provincia
2025-05,2025-05-01,2025,5,petroleo,provincia,Salta,promedio_diario,339.313657858065,Producción de petróleo promedio diaria por provincia
2025-05,2025-05-01,2025,5,petroleo,provincia,Santa Cruz,promedio_diario,10064.0695171252,Producción de petróleo promedio diaria por provincia
2025-05,2025-05-01,2025,5,petroleo,provincia,Tierra del Fuego,promedio_diario,498.515516129032,Producción de petróleo promedio diaria por provincia
2025-06,2025-06-01,2025,6,petroleo,provincia,Chubut,promedio_diario,19873.55684,Producción de petróleo promedio diaria por provincia
2025-06,2025-06-01,2025,6,petroleo,provincia,Estado Nacional,promedio_diario,794.939466666667,Producción de petróleo promedio diaria por provincia
2025-06,2025-06-01,2025,6,petroleo,provincia,Formosa,promedio_diario,84.3363333333333,Producción de petróleo promedio diaria por provincia
2025-06,2025-06-01,2025,6,petroleo,provincia,Jujuy,promedio_diario,27.2415,Producción de petróleo promedio diaria por provincia
2025-06,2025-06-01,2025,6,petroleo,provincia,La Pampa,promedio_diario,1780.10966666667,Producción de petróleo promedio diaria por provincia
2025-06,2025-06-01,2025,6,petroleo,provincia,Mendoza,promedio_diario,8493.44516666667,Producción de petróleo promedio diaria por provincia
2025-06,2025-06-01,2025,6,petroleo,provincia,Neuquén,promedio_diario,78249.8852657,Producción de petróleo promedio diaria por provincia
2025-06,2025-06-01,2025,6,petroleo,provincia,Rio Negro,promedio_diario,3266.98426666667,Producción de petróleo promedio diaria por provincia
2025-06,2025-06-01,2025,6,petroleo,provincia,Salta,promedio_diario,270.646451919444,Producción de petróleo promedio diaria por provincia
2025-06,2025-06-01,2025,6,petroleo,provincia,Santa Cruz,promedio_diario,9878.06923346667,Producción de petróleo promedio diaria por provincia
2025-06,2025-06-01,2025,6,petroleo,provincia,Tierra del Fuego,promedio_diario,514.4013,Producción de petróleo promedio diaria por provincia
2025-07,2025-07-01,2025,7,petroleo,provincia,Chubut,promedio_diario,19619.2492258065,Producción de petróleo promedio diaria por provincia
2025-07,2025-07-01,2025,7,petroleo,provincia,Estado Nacional,promedio_diario,793.008258064516,Producción de petróleo promedio diaria por provincia
2025-07,2025-07-01,2025,7,petroleo,provincia,Formosa,promedio_diario,85.0087096774194,Producción de petróleo promedio diaria por provincia
2025-07,2025-07-01,2025,7,petroleo,provincia,Jujuy,promedio_diario,27.1533548387097,Producción de petróleo promedio diaria por provincia
2025-07,2025-07-01,2025,7,petroleo,provincia,La Pampa,promedio_diario,1756.06477419355,Producción de petróleo promedio diaria por provincia
2025-07,2025-07-01,2025,7,petroleo,provincia,Mendoza,promedio_diario,8360.69470013086,Producción de petróleo promedio diaria por provincia
2025-07,2025-07-01,2025,7,petroleo,provincia,Neuquén,promedio_diario,83480.0459573934,Producción de petróleo promedio diaria por provincia
2025-07,2025-07-01,2025,7,petroleo,provincia,Rio Negro,promedio_diario,3232.23341935484,Producción de petróleo promedio diaria por provincia
2025-07,2025-07-01,2025,7,petroleo,provincia,Salta,promedio_diario,264.232811640323,Producción de petróleo promedio diaria por provincia
2025-07,2025-07-01,2025,7,petroleo,provincia,Santa Cruz,promedio_diario,9909.37341722581,Producción de petróleo promedio diaria por provincia
2025-07,2025-07-01,2025,7,petroleo,provincia,Tierra del Fuego,promedio_diario,513.935419354839,Producción de petróleo promedio diaria por provincia
2025-08,2025-08-01,2025,8,petroleo,provincia,Chubut,promedio_diario,19557.8312645161,Producción de petróleo promedio diaria por provincia
2025-08,2025-08-01,2025,8,petroleo,provincia,Estado Nacional,promedio_diario,790.650387096774,Producción de petróleo promedio diaria por provincia
2025-08,2025-08-01,2025,8,petroleo,provincia,Formosa,promedio_diario,80.0706451612903,Producción de petróleo promedio diaria por provincia
2025-08,2025-08-01,2025,8,petroleo,provincia,Jujuy,promedio_diario,26.8382903225806,Producción de petróleo promedio diaria por provincia
2025-08,2025-08-01,2025,8,petroleo,provincia,La Pampa,promedio_diario,1731.20651612903,Producción de petróleo promedio diaria por provincia
2025-08,2025-08-01,2025,8,petroleo,provincia,Mendoza,promedio_diario,8205.94352099525,Producción de petróleo promedio diaria por provincia
2025-08,2025-08-01,2025,8,petroleo,provincia,Neuquén,promedio_diario,86129.5114652305,Producción de petróleo promedio diaria por provincia
2025-08,2025-08-01,2025,8,petroleo,provincia,Rio Negro,promedio_diario,2940.17777419355,Producción de petróleo promedio diaria por provincia
2025-08,2025-08-01,2025,8,petroleo,provincia,Salta,promedio_diario,237.031224696774,Producción de petróleo promedio diaria por provincia
2025-08,2025-08-01,2025,8,petroleo,provincia,Santa Cruz,promedio_diario,9735.64809801613,Producción de petróleo promedio diaria por provincia
2025-08,2025-08-01,2025,8,petroleo,provincia,Tierra del Fuego,promedio_diario,501.446806451613,Producción de petróleo promedio diaria por provincia
2025-09,2025-09-01,2025,9,petroleo,provincia,Chubut,promedio_diario,19509.6079333333,Producción de petróleo promedio diaria por provincia
2025-09,2025-09-01,2025,9,petroleo,provincia,Estado Nacional,promedio_diario,761.983733333333,Producción de petróleo promedio diaria por provincia
2025-09,2025-09-01,2025,9,petroleo,provincia,Formosa,promedio_diario,80.8366666666667,Producción de petróleo promedio diaria por provincia
2025-09,2025-09-01,2025,9,petroleo,provincia,Jujuy,promedio_diario,27.2441666666667,Producción de petróleo promedio diaria por provincia
2025-09,2025-09-01,2025,9,petroleo,provincia,La Pampa,promedio_diario,1723.1277,Producción de petróleo promedio diaria por provincia
2025-09,2025-09-01,2025,9,petroleo,provincia,Mendoza,promedio_diario,8292.52634971008,Producción de petróleo promedio diaria por provincia
2025-09,2025-09-01,2025,9,petroleo,provincia,Neuquén,promedio_diario,89088.1161588755,Producción de petróleo promedio diaria por provincia
2025-09,2025-09-01,2025,9,petroleo,provincia,Rio Negro,promedio_diario,2925.9731,Producción de petróleo promedio diaria por provincia
2025-09,2025-09-01,2025,9,petroleo,provincia,Salta,promedio_diario,227.225335119444,Producción de petróleo promedio diaria por provincia
2025-09,2025-09-01,2025,9,petroleo,provincia,Santa Cruz,promedio_diario,9511.84299871667,Producción de petróleo promedio diaria por provincia
2025-09,2025-09-01,2025,9,petroleo,provincia,Tierra del Fuego,promedio_diario,427.110933333333,Producción de petróleo promedio diaria por provincia
2025-10,2025-10-01,2025,10,petroleo,provincia,Chubut,promedio_diario,19399.8963064516,Producción de petróleo promedio diaria por provincia
2025-10,2025-10-01,2025,10,petroleo,provincia,Estado Nacional,promedio_diario,687.116580645161,Producción de petróleo promedio diaria por provincia
2025-10,2025-10-01,2025,10,petroleo,provincia,Formosa,promedio_diario,80.3609677419355,Producción de petróleo promedio diaria por provincia
2025-10,2025-10-01,2025,10,petroleo,provincia,Jujuy,promedio_diario,28.3176129032258,Producción de petróleo promedio diaria por provincia
2025-10,2025-10-01,2025,10,petroleo,provincia,La Pampa,promedio_diario,1748.26177419355,Producción de petróleo promedio diaria por provincia
2025-10,2025-10-01,2025,10,petroleo,provincia,Mendoza,promedio_diario,8218.87134845532,Producción de petróleo promedio diaria por provincia
2025-10,2025-10-01,2025,10,petroleo,provincia,Neuquén,promedio_diario,92280.0648156278,Producción de petróleo promedio diaria por provincia
2025-10,2025-10-01,2025,10,petroleo,provincia,Rio Negro,promedio_diario,2843.29290322581,Producción de petróleo promedio diaria por provincia
2025-10,2025-10-01,2025,10,petroleo,provincia,Salta,promedio_diario,218.920935483871,Producción de petróleo promedio diaria por provincia
2025-10,2025-10-01,2025,10,petroleo,provincia,Santa Cruz,promedio_diario,9346.06461247742,Producción de petróleo promedio diaria por provincia
2025-10,2025-10-01,2025,10,petroleo,provincia,Tierra del Fuego,promedio_diario,423.875290322581,Producción de petróleo promedio diaria por provincia
2025-11,2025-11-01,2025,11,petroleo,provincia,Chubut,promedio_diario,18392.0097866667,Producción de petróleo promedio diaria por provincia
2025-11,2025-11-01,2025,11,petroleo,provincia,Estado Nacional,promedio_diario,691.389066666667,Producción de petróleo promedio diaria por provincia
2025-11,2025-11-01,2025,11,petroleo,provincia,Formosa,promedio_diario,74.57,Producción de petróleo promedio diaria por provincia
2025-11,2025-11-01,2025,11,petroleo,provincia,Jujuy,promedio_diario,28.5488,Producción de petróleo promedio diaria por provincia
2025-11,2025-11-01,2025,11,petroleo,provincia,La Pampa,promedio_diario,1721.49406666667,Producción de petróleo promedio diaria por provincia
2025-11,2025-11-01,2025,11,petroleo,provincia,Mendoza,promedio_diario,8172.45274264249,Producción de petróleo promedio diaria por provincia
2025-11,2025-11-01,2025,11,petroleo,provincia,Neuquén,promedio_diario,92532.9494471861,Producción de petróleo promedio diaria por provincia
2025-11,2025-11-01,2025,11,petroleo,provincia,Rio Negro,promedio_diario,3375.77123333333,Producción de petróleo promedio diaria por provincia
2025-11,2025-11-01,2025,11,petroleo,provincia,Salta,promedio_diario,217.017533333333,Producción de petróleo promedio diaria por provincia
2025-11,2025-11-01,2025,11,petroleo,provincia,Santa Cruz,promedio_diario,9264.56290043,Producción de petróleo promedio diaria por provincia
2025-11,2025-11-01,2025,11,petroleo,provincia,Tierra del Fuego,promedio_diario,406.792733333333,Producción de petróleo promedio diaria por provincia
2025-12,2025-12-01,2025,12,petroleo,provincia,Chubut,promedio_diario,19146.4367741935,Producción de petróleo promedio diaria por provincia
2025-12,2025-12-01,2025,12,petroleo,provincia,Estado Nacional,promedio_diario,673.942322580645,Producción de petróleo promedio diaria por provincia
2025-12,2025-12-01,2025,12,petroleo,provincia,Formosa,promedio_diario,74.8612903225806,Producción de petróleo promedio diaria por provincia
2025-12,2025-12-01,2025,12,petroleo,provincia,Jujuy,promedio_diario,27.8845161290323,Producción de petróleo promedio diaria por provincia
2025-12,2025-12-01,2025,12,petroleo,provincia,La Pampa,promedio_diario,1685.27525806452,Producción de petróleo promedio diaria por provincia
2025-12,2025-12-01,2025,12,petroleo,provincia,Mendoza,promedio_diario,8182.09895301423,Producción de petróleo promedio diaria por provincia
2025-12,2025-12-01,2025,12,petroleo,provincia,Neuquén,promedio_diario,94633.5588492116,Producción de petróleo promedio diaria por provincia
2025-12,2025-12-01,2025,12,petroleo,provincia,Rio Negro,promedio_diario,3677.40203225806,Producción de petróleo promedio diaria por provincia
2025-12,2025-12-01,2025,12,petroleo,provincia,Salta,promedio_diario,217.687774474194,Producción de petróleo promedio diaria por provincia
2025-12,2025-12-01,2025,12,petroleo,provincia,Santa Cruz,promedio_diario,8181.51120895123,Producción de petróleo promedio diaria por provincia
2025-12,2025-12-01,2025,12,petroleo,provincia,Tierra del Fuego,promedio_diario,447.815903225806,Producción de petróleo promedio diaria por provincia
