anio,mes,indice_tiempo,empresa,produccion_gas_promedio_dia_mm3
2009,1,2009-01,ALIANZA PETROLERA ARGENTINA S.A.,0
2009,1,2009-01,APACHE ENERGIA ARGENTINA S.R.L.,3809.52903225806
2009,1,2009-01,APACHE PETROLERA ARGENTINA S.A.,24.2516129032258
2009,1,2009-01,APCO ARGENTINA INC.,0
2009,1,2009-01,ARGENTA ENERGIA S.A.,0
2009,1,2009-01,CAPEX S.A.,2009.04129032258
2009,1,2009-01,CENTRAL INTERNATIONAL CORPORATION (SUCURSAL ARGENTINA),20.3225806451613
2009,1,2009-01,CHAÑARES ENERGIA S.A.,25.4764838709677
2009,1,2009-01,CHEVRON ARGENTINA S.R.L.,2286.88838709677
2009,1,2009-01,CLEAR S.R.L.,15.8738064516129
2009,1,2009-01,COLHUE HUAPI S.A.,16.5677419354839
2009,1,2009-01,COMPAÑÍA GENERAL DE COMBUSTIBLES S.A.,37.8948387096774
2009,1,2009-01,COMPAÑÍAS ASOCIADAS PETROLERAS S.A.,72.6248387096774
2009,1,2009-01,"CRI HOLDING, INC.",1.26870967741935
2009,1,2009-01,DAPETROL S.A.,0
2009,1,2009-01,EHRENCAP S.A.,0
2009,1,2009-01,ENAP SIPETROL ARGENTINA S.A.,2206.37387096774
2009,1,2009-01,ENARSA ENERGIA ARGENTINA S.A.,0
2009,1,2009-01,EPSUR S.A.,11.2544193548387
2009,1,2009-01,EZ HOLDINGS S.A.,0
2009,1,2009-01,GEOPARK ARGENTINA LTD. (SUCURSAL ARGENTINA),3.81129032258065
2009,1,2009-01,GRECOIL y CIA. S.R.L.,0.580322580645161
2009,1,2009-01,INGENIERIA ALPA S.A.,2.93903225806452
2009,1,2009-01,INTERENERGY ARGENTINA S.A.,0
2009,1,2009-01,MADALENA ENERGY ARGENTINA SRL ,12.1516129032258
2009,1,2009-01,MADALENA PETROLEUM (AMERICAS) LTD. (SUCURSAL ARGENTINA),220.229193548387
2009,1,2009-01,MEDANITO S.A.,285.414129032258
2009,1,2009-01,MISAHAR ARGENTINA S.A.,0.48641935483871
2009,1,2009-01,NECON S.A.,0
2009,1,2009-01,"OCCIDENTAL ARGENTINA EXPLORATION AND PRODUCTION, INC.",1694.85568741935
2009,1,2009-01,OIL M&S S.A.,0
2009,1,2009-01,PAN AMERICAN ENERGY (SUCURSAL ARGENTINA) LLC,17186.5390322581
2009,1,2009-01,PETRO ANDINA RESOURCES LTD.,126.595806451613
2009,1,2009-01,PETROBRAS ARGENTINA S.A.,13184.2712903226
2009,1,2009-01,PETROFARO S.A.,0
2009,1,2009-01,PETROLEOS SUDAMERICANOS S.A.,28.8258064516129
2009,1,2009-01,PETROLERA EL TREBOL S.A.,7.2858064516129
2009,1,2009-01,PETROLERA ENTRE LOMAS S.A.,965.445161290323
2009,1,2009-01,PETROLERA LF COMPANY S.R.L.,4739.24516129032
2009,1,2009-01,PETROLERA PATAGONIA S.R.L.,0
2009,1,2009-01,PETROLERA PIEDRA DEL AGUILA S.A.,41.6673225806452
2009,1,2009-01,PETROLERA SAN JOSE S.R.L.,8.51193548387097
2009,1,2009-01,PETROMINERA CHUBUT S.E.,0
2009,1,2009-01,PETROQUIMICA COMODORO RIVADAVIA S.A.,371.575161290323
2009,1,2009-01,PLUSPETROL ENERGY S.A.,5628.58225806452
2009,1,2009-01,PLUSPETROL S.A.,4178.12635483871
2009,1,2009-01,ROCH S.A.,664.518903225806
2009,1,2009-01,SIMA ENERGY S.A.,12.6517741935484
2009,1,2009-01,TECPETROL S.A.,5084.03029032258
2009,1,2009-01,TOTAL AUSTRAL S.A.,31868.3314516129
2009,1,2009-01,YPF S.A.,34368.9720036452
2009,2,2009-02,ALIANZA PETROLERA ARGENTINA S.A.,0
2009,2,2009-02,APACHE ENERGIA ARGENTINA S.R.L.,3813.95357142857
2009,2,2009-02,APACHE PETROLERA ARGENTINA S.A.,22.3892857142857
2009,2,2009-02,APCO ARGENTINA INC.,0
2009,2,2009-02,ARGENTA ENERGIA S.A.,0
2009,2,2009-02,CAPEX S.A.,2047.51892857143
2009,2,2009-02,CENTRAL INTERNATIONAL CORPORATION (SUCURSAL ARGENTINA),20.1071428571429
2009,2,2009-02,CHAÑARES ENERGIA S.A.,23.22975
2009,2,2009-02,CHEVRON ARGENTINA S.R.L.,2181.87571428571
2009,2,2009-02,CLEAR S.R.L.,16.8025714285714
2009,2,2009-02,COLHUE HUAPI S.A.,16.6428571428571
2009,2,2009-02,COMPAÑÍA GENERAL DE COMBUSTIBLES S.A.,39.7917857142857
2009,2,2009-02,COMPAÑÍAS ASOCIADAS PETROLERAS S.A.,82.5946428571429
2009,2,2009-02,"CRI HOLDING, INC.",1.10553571428571
2009,2,2009-02,DAPETROL S.A.,0
2009,2,2009-02,EHRENCAP S.A.,0
2009,2,2009-02,ENAP SIPETROL ARGENTINA S.A.,2190.65464285714
2009,2,2009-02,ENARSA ENERGIA ARGENTINA S.A.,0
2009,2,2009-02,ENERGIAL S.A.,0
2009,2,2009-02,EPSUR S.A.,9.65521428571429
2009,2,2009-02,EZ HOLDINGS S.A.,0
2009,2,2009-02,GEOPARK ARGENTINA LTD. (SUCURSAL ARGENTINA),3.45678571428571
2009,2,2009-02,GRECOIL y CIA. S.R.L.,0.9175
2009,2,2009-02,INGENIERIA ALPA S.A.,2.96103571428571
2009,2,2009-02,INTERENERGY ARGENTINA S.A.,0.107142857142857
2009,2,2009-02,MADALENA ENERGY ARGENTINA SRL ,11.2285714285714
2009,2,2009-02,MADALENA PETROLEUM (AMERICAS) LTD. (SUCURSAL ARGENTINA),239.835964285714
2009,2,2009-02,MEDANITO S.A.,292.466571428571
2009,2,2009-02,MISAHAR ARGENTINA S.A.,0.505142857142857
2009,2,2009-02,NECON S.A.,0
2009,2,2009-02,"OCCIDENTAL ARGENTINA EXPLORATION AND PRODUCTION, INC.",1786.58128214286
2009,2,2009-02,OIL M&S S.A.,0
2009,2,2009-02,PAN AMERICAN ENERGY (SUCURSAL ARGENTINA) LLC,17668.3082142857
2009,2,2009-02,PETRO ANDINA RESOURCES LTD.,157.458214285714
2009,2,2009-02,PETROBRAS ARGENTINA S.A.,13746.5696428571
2009,2,2009-02,PETROFARO S.A.,0
2009,2,2009-02,PETROLEOS SUDAMERICANOS S.A.,29.8760714285714
2009,2,2009-02,PETROLERA EL TREBOL S.A.,6.92557142857143
2009,2,2009-02,PETROLERA ENTRE LOMAS S.A.,975.385714285714
2009,2,2009-02,PETROLERA LF COMPANY S.R.L.,4437.15714285714
2009,2,2009-02,PETROLERA PATAGONIA S.R.L.,0
2009,2,2009-02,PETROLERA PIEDRA DEL AGUILA S.A.,37.0708928571429
2009,2,2009-02,PETROLERA SAN JOSE S.R.L.,8.10928571428571
2009,2,2009-02,PETROMINERA CHUBUT S.E.,0
2009,2,2009-02,PETROQUIMICA COMODORO RIVADAVIA S.A.,570.402142857143
2009,2,2009-02,PLUSPETROL ENERGY S.A.,5563.49042857143
2009,2,2009-02,PLUSPETROL S.A.,3877.76321428571
2009,2,2009-02,ROCH S.A.,835.576785714286
2009,2,2009-02,SIMA ENERGY S.A.,11.4759642857143
2009,2,2009-02,TECPETROL S.A.,5360.97625
2009,2,2009-02,TOTAL AUSTRAL S.A.,31811.6875357143
2009,2,2009-02,YPF S.A.,34930.6536001429
2009,3,2009-03,ALIANZA PETROLERA ARGENTINA S.A.,0
2009,3,2009-03,APACHE ENERGIA ARGENTINA S.R.L.,3942.95161290323
2009,3,2009-03,APACHE PETROLERA ARGENTINA S.A.,22.0774193548387
2009,3,2009-03,APCO ARGENTINA INC.,0
2009,3,2009-03,ARGENTA ENERGIA S.A.,0
2009,3,2009-03,CAPEX S.A.,2039.86806451613
2009,3,2009-03,CENTRAL INTERNATIONAL CORPORATION (SUCURSAL ARGENTINA),20.5
2009,3,2009-03,CHAÑARES ENERGIA S.A.,23.1501290322581
2009,3,2009-03,CHEVRON ARGENTINA S.R.L.,2079.96419354839
2009,3,2009-03,CLEAR S.R.L.,17.5377096774194
2009,3,2009-03,COLHUE HUAPI S.A.,16.658064516129
2009,3,2009-03,COMPAÑÍA GENERAL DE COMBUSTIBLES S.A.,40.6151612903226
2009,3,2009-03,COMPAÑÍAS ASOCIADAS PETROLERAS S.A.,89.7787096774194
2009,3,2009-03,"CRI HOLDING, INC.",1.19032258064516
2009,3,2009-03,DAPETROL S.A.,0
2009,3,2009-03,EHRENCAP S.A.,0
2009,3,2009-03,ENAP SIPETROL ARGENTINA S.A.,1599.62870967742
2009,3,2009-03,ENARSA ENERGIA ARGENTINA S.A.,0
2009,3,2009-03,ENERGIAL S.A.,0
2009,3,2009-03,EPSUR S.A.,9.644
2009,3,2009-03,EZ HOLDINGS S.A.,0
2009,3,2009-03,GEOPARK ARGENTINA LTD. (SUCURSAL ARGENTINA),3.53903225806452
2009,3,2009-03,GRECOIL y CIA. S.R.L.,0.878387096774194
2009,3,2009-03,INGENIERIA ALPA S.A.,2.33558064516129
2009,3,2009-03,INTERENERGY ARGENTINA S.A.,0.0645161290322581
2009,3,2009-03,MADALENA ENERGY ARGENTINA SRL ,12.5967741935484
2009,3,2009-03,MADALENA PETROLEUM (AMERICAS) LTD. (SUCURSAL ARGENTINA),229.405903225806
2009,3,2009-03,MEDANITO S.A.,292.200258064516
2009,3,2009-03,MISAHAR ARGENTINA S.A.,0.342645161290323
2009,3,2009-03,NECON S.A.,0
2009,3,2009-03,"OCCIDENTAL ARGENTINA EXPLORATION AND PRODUCTION, INC.",2024.20273548387
2009,3,2009-03,OIL M&S S.A.,0
2009,3,2009-03,PAN AMERICAN ENERGY (SUCURSAL ARGENTINA) LLC,17516.7219354839
2009,3,2009-03,PETRO ANDINA RESOURCES LTD.,156.288064516129
2009,3,2009-03,PETROBRAS ARGENTINA S.A.,13750.7109677419
2009,3,2009-03,PETROFARO S.A.,0
2009,3,2009-03,PETROLEOS SUDAMERICANOS S.A.,29.5325806451613
2009,3,2009-03,PETROLERA EL TREBOL S.A.,7.1068064516129
2009,3,2009-03,PETROLERA ENTRE LOMAS S.A.,979.845161290323
2009,3,2009-03,PETROLERA LF COMPANY S.R.L.,4634.10322580645
2009,3,2009-03,PETROLERA PATAGONIA S.R.L.,0
2009,3,2009-03,PETROLERA PIEDRA DEL AGUILA S.A.,42.5275806451613
2009,3,2009-03,PETROLERA SAN JOSE S.R.L.,7.82032258064516
2009,3,2009-03,PETROMINERA CHUBUT S.E.,0
2009,3,2009-03,PETROQUIMICA COMODORO RIVADAVIA S.A.,624.584193548387
2009,3,2009-03,PLUSPETROL ENERGY S.A.,5411.80538709677
2009,3,2009-03,PLUSPETROL S.A.,4164.06016129032
2009,3,2009-03,ROCH S.A.,800.652258064516
2009,3,2009-03,SAN JORGE PETROLEUM S.A.,10.6111290322581
2009,3,2009-03,TECPETROL S.A.,5199.14367741935
2009,3,2009-03,TOTAL AUSTRAL S.A.,33464.6268064516
2009,3,2009-03,YPF S.A.,36091.9345967742
2009,4,2009-04,ALIANZA PETROLERA ARGENTINA S.A.,0
2009,4,2009-04,APACHE ENERGIA ARGENTINA S.R.L.,3845.81
2009,4,2009-04,APACHE PETROLERA ARGENTINA S.A.,19.6966666666667
2009,4,2009-04,APCO ARGENTINA INC.,0
2009,4,2009-04,ARGENTA ENERGIA S.A.,0
2009,4,2009-04,CAPEX S.A.,2011.29566666667
2009,4,2009-04,CENTRAL INTERNATIONAL CORPORATION (SUCURSAL ARGENTINA),20.5
2009,4,2009-04,CHAÑARES ENERGIA S.A.,21.3034333333333
2009,4,2009-04,CHEVRON ARGENTINA S.R.L.,2057.19633333333
2009,4,2009-04,CLEAR S.R.L.,17.4158
2009,4,2009-04,COLHUE HUAPI S.A.,16.6166666666667
2009,4,2009-04,COMPAÑÍA GENERAL DE COMBUSTIBLES S.A.,41.2584666666667
2009,4,2009-04,COMPAÑÍAS ASOCIADAS PETROLERAS S.A.,68.2483333333333
2009,4,2009-04,"CRI HOLDING, INC.",1.19543333333333
2009,4,2009-04,DAPETROL S.A.,0
2009,4,2009-04,EHRENCAP S.A.,0
2009,4,2009-04,ENAP SIPETROL ARGENTINA S.A.,2069.85333333333
2009,4,2009-04,ENARSA ENERGIA ARGENTINA S.A.,0
2009,4,2009-04,ENERGIAL S.A.,0
2009,4,2009-04,EPSUR S.A.,10.5798666666667
2009,4,2009-04,EZ HOLDINGS S.A.,0
2009,4,2009-04,GEOPARK ARGENTINA LTD. (SUCURSAL ARGENTINA),3.983
2009,4,2009-04,GRECOIL y CIA. S.R.L.,0.809333333333333
2009,4,2009-04,INGENIERIA ALPA S.A.,2.72956666666667
2009,4,2009-04,INTERENERGY ARGENTINA S.A.,0.06
2009,4,2009-04,MADALENA ENERGY ARGENTINA SRL ,11.5133333333333
2009,4,2009-04,MADALENA PETROLEUM (AMERICAS) LTD. (SUCURSAL ARGENTINA),233.0278
2009,4,2009-04,MEDANITO S.A.,289.206966666667
2009,4,2009-04,MISAHAR ARGENTINA S.A.,0.429033333333333
2009,4,2009-04,NECON S.A.,0
2009,4,2009-04,"OCCIDENTAL ARGENTINA EXPLORATION AND PRODUCTION, INC.",2047.96367
2009,4,2009-04,OIL M&S S.A.,0
2009,4,2009-04,PAN AMERICAN ENERGY (SUCURSAL ARGENTINA) LLC,16755.482
2009,4,2009-04,PETRO ANDINA RESOURCES LTD.,153.855666666667
2009,4,2009-04,PETROBRAS ARGENTINA S.A.,13870.4186666667
2009,4,2009-04,PETROFARO S.A.,2.061
2009,4,2009-04,PETROLEOS SUDAMERICANOS S.A.,29.4213333333333
2009,4,2009-04,PETROLERA EL TREBOL S.A.,7.19346666666667
2009,4,2009-04,PETROLERA ENTRE LOMAS S.A.,987.026666666667
2009,4,2009-04,PETROLERA LF COMPANY S.R.L.,4577.06
2009,4,2009-04,PETROLERA PATAGONIA S.R.L.,0
2009,4,2009-04,PETROLERA PIEDRA DEL AGUILA S.A.,36.3643666666667
2009,4,2009-04,PETROLERA SAN JOSE S.R.L.,7.495
2009,4,2009-04,PETROMINERA CHUBUT S.E.,0
2009,4,2009-04,PETROQUIMICA COMODORO RIVADAVIA S.A.,659.361666666667
2009,4,2009-04,PLUSPETROL ENERGY S.A.,4968.94686666667
2009,4,2009-04,PLUSPETROL S.A.,4141.5584
2009,4,2009-04,ROCH S.A.,873.755366666667
2009,4,2009-04,SAN JORGE PETROLEUM S.A.,9.04306666666667
2009,4,2009-04,TECPETROL S.A.,5034.98956666667
2009,4,2009-04,TOTAL AUSTRAL S.A.,34627.1236
2009,4,2009-04,YPF S.A.,35961.3967476667
2009,5,2009-05,ALIANZA PETROLERA ARGENTINA S.A.,0
2009,5,2009-05,APACHE ENERGIA ARGENTINA S.R.L.,3804.36451612903
2009,5,2009-05,APACHE PETROLERA ARGENTINA S.A.,20.1096774193548
2009,5,2009-05,APCO ARGENTINA INC.,0
2009,5,2009-05,ARGENTA ENERGIA S.A.,0
2009,5,2009-05,CAPEX S.A.,1910.51
2009,5,2009-05,CENTRAL INTERNATIONAL CORPORATION (SUCURSAL ARGENTINA),20.3870967741935
2009,5,2009-05,CHAÑARES ENERGIA S.A.,20.1975161290323
2009,5,2009-05,CHEVRON ARGENTINA S.R.L.,1826.53290322581
2009,5,2009-05,CLEAR S.R.L.,19.8833870967742
2009,5,2009-05,COLHUE HUAPI S.A.,16.6709677419355
2009,5,2009-05,COMPAÑÍA GENERAL DE COMBUSTIBLES S.A.,39.9867741935484
2009,5,2009-05,COMPAÑÍAS ASOCIADAS PETROLERAS S.A.,76.2464516129032
2009,5,2009-05,"CRI HOLDING, INC.",1.19745161290323
2009,5,2009-05,DAPETROL S.A.,0
2009,5,2009-05,EHRENCAP S.A.,0
2009,5,2009-05,ENAP SIPETROL ARGENTINA S.A.,1907.06709677419
2009,5,2009-05,ENARSA ENERGIA ARGENTINA S.A.,0
2009,5,2009-05,ENERGIAL S.A.,0
2009,5,2009-05,EPSUR S.A.,10.6201290322581
2009,5,2009-05,EZ HOLDINGS S.A.,0
2009,5,2009-05,GEOPARK ARGENTINA LTD. (SUCURSAL ARGENTINA),4.29741935483871
2009,5,2009-05,GRECOIL y CIA. S.R.L.,0.470967741935484
2009,5,2009-05,INGENIERIA ALPA S.A.,2.7291935483871
2009,5,2009-05,INTERENERGY ARGENTINA S.A.,0.0645161290322581
2009,5,2009-05,MADALENA ENERGY ARGENTINA SRL ,12.0225806451613
2009,5,2009-05,MADALENA PETROLEUM (AMERICAS) LTD. (SUCURSAL ARGENTINA),229.217225806452
2009,5,2009-05,MEDANITO S.A.,326
2009,5,2009-05,MISAHAR ARGENTINA S.A.,0.222483870967742
2009,5,2009-05,NECON S.A.,0
2009,5,2009-05,"OCCIDENTAL ARGENTINA EXPLORATION AND PRODUCTION, INC.",2009.18896774194
2009,5,2009-05,OIL M&S S.A.,0
2009,5,2009-05,PAN AMERICAN ENERGY (SUCURSAL ARGENTINA) LLC,17455.0506451613
2009,5,2009-05,PETRO ANDINA RESOURCES LTD.,131.649677419355
2009,5,2009-05,PETROBRAS ARGENTINA S.A.,12544.8291290323
2009,5,2009-05,PETROFARO S.A.,1.45548387096774
2009,5,2009-05,PETROLEOS SUDAMERICANOS S.A.,28.901935483871
2009,5,2009-05,PETROLERA EL TREBOL S.A.,7.02987096774194
2009,5,2009-05,PETROLERA ENTRE LOMAS S.A.,999.725483870968
2009,5,2009-05,PETROLERA LF COMPANY S.R.L.,4454.59032258065
2009,5,2009-05,PETROLERA PATAGONIA S.R.L.,0
2009,5,2009-05,PETROLERA PIEDRA DEL AGUILA S.A.,31.8411290322581
2009,5,2009-05,PETROLERA SAN JOSE S.R.L.,8.02483870967742
2009,5,2009-05,PETROMINERA CHUBUT S.E.,0
2009,5,2009-05,PETROQUIMICA COMODORO RIVADAVIA S.A.,673.806451612903
2009,5,2009-05,PLUSPETROL ENERGY S.A.,5816.55764516129
2009,5,2009-05,PLUSPETROL S.A.,4291.48987096774
2009,5,2009-05,ROCH S.A.,863.767419354839
2009,5,2009-05,SAN JORGE PETROLEUM S.A.,9.61777419354839
2009,5,2009-05,TECPETROL S.A.,5016.96351612903
2009,5,2009-05,TOTAL AUSTRAL S.A.,35824.9864193548
2009,5,2009-05,YPF S.A.,34956.1580177419
2009,6,2009-06,ALIANZA PETROLERA ARGENTINA S.A.,0
2009,6,2009-06,APACHE ENERGIA ARGENTINA S.R.L.,3816.23333333333
2009,6,2009-06,APACHE PETROLERA ARGENTINA S.A.,22.73
2009,6,2009-06,APCO ARGENTINA INC.,0
2009,6,2009-06,ARGENTA ENERGIA S.A.,0
2009,6,2009-06,CAPEX S.A.,1885.691
2009,6,2009-06,CENTRAL INTERNATIONAL CORPORATION (SUCURSAL ARGENTINA),19.8
2009,6,2009-06,CHAÑARES ENERGIA S.A.,18.0537
2009,6,2009-06,CHEVRON ARGENTINA S.R.L.,1910.64733333333
2009,6,2009-06,CLEAR S.R.L.,19.0849333333333
2009,6,2009-06,COLHUE HUAPI S.A.,16.6966666666667
2009,6,2009-06,COMPAÑÍA GENERAL DE COMBUSTIBLES S.A.,39.7946666666667
2009,6,2009-06,COMPAÑÍAS ASOCIADAS PETROLERAS S.A.,84.8666666666667
2009,6,2009-06,"CRI HOLDING, INC.",1.1748
2009,6,2009-06,DAPETROL S.A.,0
2009,6,2009-06,EHRENCAP S.A.,0
2009,6,2009-06,ENAP SIPETROL ARGENTINA S.A.,2107.509
2009,6,2009-06,ENARSA ENERGIA ARGENTINA S.A.,0
2009,6,2009-06,ENERGIAL S.A.,0
2009,6,2009-06,EPSUR S.A.,10.6637666666667
2009,6,2009-06,EZ HOLDINGS S.A.,0
2009,6,2009-06,GEOPARK ARGENTINA LTD. (SUCURSAL ARGENTINA),4.22233333333333
2009,6,2009-06,GRECOIL y CIA. S.R.L.,0.667333333333333
2009,6,2009-06,INGENIERIA ALPA S.A.,28.4153333333333
2009,6,2009-06,INTERENERGY ARGENTINA S.A.,0.05
2009,6,2009-06,MADALENA ENERGY ARGENTINA SRL ,6.46666666666667
2009,6,2009-06,MADALENA PETROLEUM (AMERICAS) LTD. (SUCURSAL ARGENTINA),207.711266666667
2009,6,2009-06,MEDANITO S.A.,356.066666666667
2009,6,2009-06,MISAHAR ARGENTINA S.A.,0
2009,6,2009-06,NECON S.A.,0
2009,6,2009-06,"OCCIDENTAL ARGENTINA EXPLORATION AND PRODUCTION, INC.",1735.33988666667
2009,6,2009-06,OIL M&S S.A.,0
2009,6,2009-06,PAN AMERICAN ENERGY (SUCURSAL ARGENTINA) LLC,17514.874
2009,6,2009-06,PETRO ANDINA RESOURCES LTD.,148.485666666667
2009,6,2009-06,PETROBRAS ARGENTINA S.A.,13339.8774
2009,6,2009-06,PETROFARO S.A.,0
2009,6,2009-06,PETROLEOS SUDAMERICANOS S.A.,28.5633333333333
2009,6,2009-06,PETROLERA EL TREBOL S.A.,7.2242
2009,6,2009-06,PETROLERA ENTRE LOMAS S.A.,998.545333333333
2009,6,2009-06,PETROLERA LF COMPANY S.R.L.,5039.76666666667
2009,6,2009-06,PETROLERA PATAGONIA S.R.L.,0
2009,6,2009-06,PETROLERA PIEDRA DEL AGUILA S.A.,29.7537
2009,6,2009-06,PETROLERA SAN JOSE S.R.L.,7.82766666666667
2009,6,2009-06,PETROMINERA CHUBUT S.E.,0
2009,6,2009-06,PETROQUIMICA COMODORO RIVADAVIA S.A.,690.516
2009,6,2009-06,PLUSPETROL ENERGY S.A.,6084.86546666667
2009,6,2009-06,PLUSPETROL S.A.,4195.73886666667
2009,6,2009-06,ROCH S.A.,969.657066666667
2009,6,2009-06,SAN JORGE PETROLEUM S.A.,7.82216666666667
2009,6,2009-06,TECPETROL S.A.,4972.48666666667
2009,6,2009-06,TOTAL AUSTRAL S.A.,36381.6182666667
2009,6,2009-06,YPF S.A.,36215.4957313333
2009,7,2009-07,ALIANZA PETROLERA ARGENTINA S.A.,0
2009,7,2009-07,APACHE ENERGIA ARGENTINA S.R.L.,3553.93225806452
2009,7,2009-07,APACHE PETROLERA ARGENTINA S.A.,18.6838709677419
2009,7,2009-07,APCO ARGENTINA INC.,0
2009,7,2009-07,ARGENTA ENERGIA S.A.,0
2009,7,2009-07,CAPEX S.A.,1913.43419354839
2009,7,2009-07,CENTRAL INTERNATIONAL CORPORATION (SUCURSAL ARGENTINA),20.6451612903226
2009,7,2009-07,CHAÑARES ENERGIA S.A.,17.0883225806452
2009,7,2009-07,CHEVRON ARGENTINA S.R.L.,1965.9935483871
2009,7,2009-07,CLEAR S.R.L.,18.5996451612903
2009,7,2009-07,COLHUE HUAPI S.A.,16.7516129032258
2009,7,2009-07,COMPAÑÍA GENERAL DE COMBUSTIBLES S.A.,39.4312903225806
2009,7,2009-07,COMPAÑÍAS ASOCIADAS PETROLERAS S.A.,92.3935483870968
2009,7,2009-07,"CRI HOLDING, INC.",1.16825806451613
2009,7,2009-07,DAPETROL S.A.,0
2009,7,2009-07,EHRENCAP S.A.,0
2009,7,2009-07,ENAP SIPETROL ARGENTINA S.A.,2164.24903225806
2009,7,2009-07,ENARSA ENERGIA ARGENTINA S.A.,0
2009,7,2009-07,ENERGIAL S.A.,0
2009,7,2009-07,EPSUR S.A.,8.92567741935484
2009,7,2009-07,EZ HOLDINGS S.A.,0
2009,7,2009-07,GEOPARK ARGENTINA LTD. (SUCURSAL ARGENTINA),4.38354838709677
2009,7,2009-07,GRECOIL y CIA. S.R.L.,0.431935483870968
2009,7,2009-07,HIGH LUCK GROUP LTD. - SUCURSAL ARGENTINA,0
2009,7,2009-07,INGENIERIA ALPA S.A.,3.02087096774194
2009,7,2009-07,INTERENERGY ARGENTINA S.A.,0.0387096774193548
2009,7,2009-07,MADALENA ENERGY ARGENTINA SRL ,8.06774193548387
2009,7,2009-07,MADALENA PETROLEUM (AMERICAS) LTD. (SUCURSAL ARGENTINA),166.006774193548
2009,7,2009-07,MEDANITO S.A.,328.258064516129
2009,7,2009-07,MISAHAR ARGENTINA S.A.,0
2009,7,2009-07,NECON S.A.,0
2009,7,2009-07,"OCCIDENTAL ARGENTINA EXPLORATION AND PRODUCTION, INC.",1951.39593548387
2009,7,2009-07,OIL M&S S.A.,0
2009,7,2009-07,PAN AMERICAN ENERGY (SUCURSAL ARGENTINA) LLC,17459.0219354839
2009,7,2009-07,PETRO ANDINA RESOURCES LTD.,145.576451612903
2009,7,2009-07,PETROBRAS ARGENTINA S.A.,12681.6412903226
2009,7,2009-07,PETROLEOS SUDAMERICANOS S.A.,30.6361290322581
2009,7,2009-07,PETROLERA EL TREBOL S.A.,7.0918064516129
2009,7,2009-07,PETROLERA ENTRE LOMAS S.A.,991.225806451613
2009,7,2009-07,PETROLERA LF COMPANY S.R.L.,4873.6935483871
2009,7,2009-07,PETROLERA PATAGONIA S.R.L.,0
2009,7,2009-07,PETROLERA PIEDRA DEL AGUILA S.A.,27.6620322580645
2009,7,2009-07,PETROLERA SAN JOSE S.R.L.,7.77483870967742
2009,7,2009-07,PETROMINERA CHUBUT S.E.,0
2009,7,2009-07,PETROQUIMICA COMODORO RIVADAVIA S.A.,676.698064516129
2009,7,2009-07,PLUSPETROL ENERGY S.A.,6007.67706451613
2009,7,2009-07,PLUSPETROL S.A.,4452.82861290323
2009,7,2009-07,ROCH S.A.,1058.61619354839
2009,7,2009-07,SAN JORGE PETROLEUM S.A.,7.06970967741935
2009,7,2009-07,TECPETROL S.A.,4872.8504516129
2009,7,2009-07,TOTAL AUSTRAL S.A.,36380.5778387097
2009,7,2009-07,YPF S.A.,36229.1689709677
2009,8,2009-08,ALIANZA PETROLERA ARGENTINA S.A.,0
2009,8,2009-08,APACHE ENERGIA ARGENTINA S.R.L.,3574.17419354839
2009,8,2009-08,APACHE PETROLERA ARGENTINA S.A.,21.9387096774194
2009,8,2009-08,APCO ARGENTINA INC.,0
2009,8,2009-08,ARGENTA ENERGIA S.A.,0
2009,8,2009-08,CAPEX S.A.,1934.18225806452
2009,8,2009-08,CENTRAL INTERNATIONAL CORPORATION (SUCURSAL ARGENTINA),20.3870967741935
2009,8,2009-08,CHAÑARES ENERGIA S.A.,18.1479032258065
2009,8,2009-08,CHEVRON ARGENTINA S.R.L.,1443.10838709677
2009,8,2009-08,CLEAR S.R.L.,18.332935483871
2009,8,2009-08,COLHUE HUAPI S.A.,16.6225806451613
2009,8,2009-08,COMPAÑÍA GENERAL DE COMBUSTIBLES S.A.,40.5009677419355
2009,8,2009-08,COMPAÑÍAS ASOCIADAS PETROLERAS S.A.,93.6916129032258
2009,8,2009-08,"CRI HOLDING, INC.",1.105
2009,8,2009-08,DAPETROL S.A.,0
2009,8,2009-08,EHRENCAP S.A.,0
2009,8,2009-08,ENAP SIPETROL ARGENTINA S.A.,797.219
2009,8,2009-08,ENARSA ENERGIA ARGENTINA S.A.,0
2009,8,2009-08,ENERGIAL S.A.,0
2009,8,2009-08,EPSUR S.A.,8.29545161290322
2009,8,2009-08,EZ HOLDINGS S.A.,0
2009,8,2009-08,GEOPARK ARGENTINA LTD. (SUCURSAL ARGENTINA),4.16903225806452
2009,8,2009-08,GRECOIL y CIA. S.R.L.,0.719354838709677
2009,8,2009-08,HIGH LUCK GROUP LTD. - SUCURSAL ARGENTINA,0
2009,8,2009-08,INGENIERIA ALPA S.A.,1.59548387096774
2009,8,2009-08,INTERENERGY ARGENTINA S.A.,0.0387096774193548
2009,8,2009-08,MADALENA ENERGY ARGENTINA SRL ,15.1
2009,8,2009-08,MADALENA PETROLEUM (AMERICAS) LTD. (SUCURSAL ARGENTINA),165.880322580645
2009,8,2009-08,MEDANITO S.A.,332.967741935484
2009,8,2009-08,MISAHAR ARGENTINA S.A.,0
2009,8,2009-08,NECON S.A.,0
2009,8,2009-08,"OCCIDENTAL ARGENTINA EXPLORATION AND PRODUCTION, INC.",721.753735483871
2009,8,2009-08,OIL M&S S.A.,0
2009,8,2009-08,PAN AMERICAN ENERGY (SUCURSAL ARGENTINA) LLC,17626.2580645161
2009,8,2009-08,PETRO ANDINA RESOURCES LTD.,143.043225806452
2009,8,2009-08,PETROBRAS ARGENTINA S.A.,10069.5124516129
2009,8,2009-08,PETROFARO S.A.,0.22741935483871
2009,8,2009-08,PETROLEOS SUDAMERICANOS S.A.,28.3364516129032
2009,8,2009-08,PETROLERA EL TREBOL S.A.,7.0008064516129
2009,8,2009-08,PETROLERA ENTRE LOMAS S.A.,993.316129032258
2009,8,2009-08,PETROLERA LF COMPANY S.R.L.,4792.68064516129
2009,8,2009-08,PETROLERA PATAGONIA S.R.L.,0
2009,8,2009-08,PETROLERA PIEDRA DEL AGUILA S.A.,25.3130322580645
2009,8,2009-08,PETROLERA SAN JOSE S.R.L.,7.56129032258065
2009,8,2009-08,PETROMINERA CHUBUT S.E.,0
2009,8,2009-08,PETROQUIMICA COMODORO RIVADAVIA S.A.,733.770322580645
2009,8,2009-08,PLUSPETROL ENERGY S.A.,6002.33158064516
2009,8,2009-08,PLUSPETROL S.A.,4277.24109677419
2009,8,2009-08,ROCH S.A.,1089.51925806452
2009,8,2009-08,SAN JORGE PETROLEUM S.A.,6.65806451612903
2009,8,2009-08,TECPETROL S.A.,4790.10732258064
2009,8,2009-08,TOTAL AUSTRAL S.A.,36373.7670645161
2009,8,2009-08,YPF S.A.,33387.7972570968
2009,9,2009-09,ALIANZA PETROLERA ARGENTINA S.A.,0
2009,9,2009-09,APACHE ENERGIA ARGENTINA S.R.L.,3611.82333333333
2009,9,2009-09,APACHE PETROLERA ARGENTINA S.A.,26.6166666666667
2009,9,2009-09,APCO ARGENTINA INC.,0
2009,9,2009-09,ARGENTA ENERGIA S.A.,0
2009,9,2009-09,CAPEX S.A.,1885.10433333333
2009,9,2009-09,CENTRAL INTERNATIONAL CORPORATION (SUCURSAL ARGENTINA),20.3333333333333
2009,9,2009-09,CHAÑARES ENERGIA S.A.,18.5462333333333
2009,9,2009-09,CHEVRON ARGENTINA S.R.L.,1971.491
2009,9,2009-09,CLEAR S.R.L.,19.1423333333333
2009,9,2009-09,COLHUE HUAPI S.A.,16.62
2009,9,2009-09,COMPAÑÍA GENERAL DE COMBUSTIBLES S.A.,40.8473333333333
2009,9,2009-09,COMPAÑÍAS ASOCIADAS PETROLERAS S.A.,84.8986666666667
2009,9,2009-09,"CRI HOLDING, INC.",1.7327
2009,9,2009-09,DAPETROL S.A.,0
2009,9,2009-09,EHRENCAP S.A.,0
2009,9,2009-09,ENAP SIPETROL ARGENTINA S.A.,2804.21666666667
2009,9,2009-09,ENARSA ENERGIA ARGENTINA S.A.,0
2009,9,2009-09,ENERGIAL S.A.,0
2009,9,2009-09,EPSUR S.A.,9.33993333333333
2009,9,2009-09,EZ HOLDINGS S.A.,0
2009,9,2009-09,GEOPARK ARGENTINA LTD. (SUCURSAL ARGENTINA),3.692
2009,9,2009-09,GRECOIL y CIA. S.R.L.,0.48
2009,9,2009-09,HIGH LUCK GROUP LTD. - SUCURSAL ARGENTINA,0
2009,9,2009-09,INGENIERIA ALPA S.A.,3.106
2009,9,2009-09,INTERENERGY ARGENTINA S.A.,0.04
2009,9,2009-09,MADALENA ENERGY ARGENTINA SRL ,14.9733333333333
2009,9,2009-09,MADALENA PETROLEUM (AMERICAS) LTD. (SUCURSAL ARGENTINA),151.557
2009,9,2009-09,MEDANITO S.A.,313.866666666667
2009,9,2009-09,MISAHAR ARGENTINA S.A.,0.262566666666667
2009,9,2009-09,NECON S.A.,0
2009,9,2009-09,"OCCIDENTAL ARGENTINA EXPLORATION AND PRODUCTION, INC.",1861.60809
2009,9,2009-09,OIL M&S S.A.,0
2009,9,2009-09,PAN AMERICAN ENERGY (SUCURSAL ARGENTINA) LLC,17424.9243333333
2009,9,2009-09,PETRO ANDINA RESOURCES LTD.,143.818
2009,9,2009-09,PETROBRAS ARGENTINA S.A.,12656.9180333333
2009,9,2009-09,PETROFARO S.A.,1.32466666666667
2009,9,2009-09,PETROLEOS SUDAMERICANOS S.A.,26.9726666666667
2009,9,2009-09,PETROLERA EL TREBOL S.A.,7.0003
2009,9,2009-09,PETROLERA ENTRE LOMAS S.A.,978.786666666667
2009,9,2009-09,PETROLERA LF COMPANY S.R.L.,4239.44
2009,9,2009-09,PETROLERA PATAGONIA S.R.L.,0
2009,9,2009-09,PETROLERA PIEDRA DEL AGUILA S.A.,24.1380333333333
2009,9,2009-09,PETROLERA SAN JOSE S.R.L.,7.163
2009,9,2009-09,PETROMINERA CHUBUT S.E.,0
2009,9,2009-09,PETROQUIMICA COMODORO RIVADAVIA S.A.,690.920666666667
2009,9,2009-09,PLUSPETROL ENERGY S.A.,5997.82996666667
2009,9,2009-09,PLUSPETROL S.A.,4159.6611
2009,9,2009-09,ROCH S.A.,1084.77076666667
2009,9,2009-09,SAN JORGE PETROLEUM S.A.,6.6715
2009,9,2009-09,TECPETROL S.A.,4711.9725
2009,9,2009-09,TOTAL AUSTRAL S.A.,35054.5117
2009,9,2009-09,YPF S.A.,33070.4458166667
2009,10,2009-10,ALIANZA PETROLERA ARGENTINA S.A.,0
2009,10,2009-10,APACHE ENERGIA ARGENTINA S.R.L.,3752.23870967742
2009,10,2009-10,APACHE PETROLERA ARGENTINA S.A.,26.041935483871
2009,10,2009-10,APCO ARGENTINA INC.,0
2009,10,2009-10,ARGENTA ENERGIA S.A.,0
2009,10,2009-10,CAPEX S.A.,1901.3635483871
2009,10,2009-10,CENTRAL INTERNATIONAL CORPORATION (SUCURSAL ARGENTINA),20.8064516129032
2009,10,2009-10,CHAÑARES ENERGIA S.A.,19.619
2009,10,2009-10,CHEVRON ARGENTINA S.R.L.,1112.20612903226
2009,10,2009-10,CLEAR S.R.L.,41.9561612903226
2009,10,2009-10,COLHUE HUAPI S.A.,16.6225806451613
2009,10,2009-10,COMPAÑÍA GENERAL DE COMBUSTIBLES S.A.,40.7770967741935
2009,10,2009-10,COMPAÑÍAS ASOCIADAS PETROLERAS S.A.,87.0545161290323
2009,10,2009-10,"CRI HOLDING, INC.",0.770967741935484
2009,10,2009-10,DAPETROL S.A.,0
2009,10,2009-10,EHRENCAP S.A.,0
2009,10,2009-10,ENAP SIPETROL ARGENTINA S.A.,2482.21262096774
2009,10,2009-10,ENARSA ENERGIA ARGENTINA S.A.,0
2009,10,2009-10,ENERGIAL S.A.,0
2009,10,2009-10,EPSUR S.A.,9.27606451612903
2009,10,2009-10,EZ HOLDINGS S.A.,0
2009,10,2009-10,GEOPARK ARGENTINA LTD. (SUCURSAL ARGENTINA),4.09451612903226
2009,10,2009-10,GRECOIL y CIA. S.R.L.,0.763225806451613
2009,10,2009-10,HIGH LUCK GROUP LTD. - SUCURSAL ARGENTINA,0
2009,10,2009-10,INGENIERIA ALPA S.A.,2.76787096774194
2009,10,2009-10,INTERENERGY ARGENTINA S.A.,0.0387096774193548
2009,10,2009-10,MADALENA ENERGY ARGENTINA SRL ,12.7258064516129
2009,10,2009-10,MADALENA PETROLEUM (AMERICAS) LTD. (SUCURSAL ARGENTINA),152.686129032258
2009,10,2009-10,MEDANITO S.A.,277
2009,10,2009-10,MISAHAR ARGENTINA S.A.,2.111
2009,10,2009-10,NECON S.A.,0
2009,10,2009-10,"OCCIDENTAL ARGENTINA EXPLORATION AND PRODUCTION, INC.",1965.35956451613
2009,10,2009-10,OIL M&S S.A.,0
2009,10,2009-10,PAN AMERICAN ENERGY (SUCURSAL ARGENTINA) LLC,17535.1435483871
2009,10,2009-10,PETRO ANDINA RESOURCES LTD.,143.511612903226
2009,10,2009-10,PETROBRAS ARGENTINA S.A.,13030.9612258065
2009,10,2009-10,PETROFARO S.A.,31.8896774193548
2009,10,2009-10,PETROLEOS SUDAMERICANOS S.A.,28.3129032258065
2009,10,2009-10,PETROLERA EL TREBOL S.A.,6.99551612903226
2009,10,2009-10,PETROLERA ENTRE LOMAS S.A.,1008.78064516129
2009,10,2009-10,PETROLERA LF COMPANY S.R.L.,4227.85483870968
2009,10,2009-10,PETROLERA PATAGONIA S.R.L.,0
2009,10,2009-10,PETROLERA PIEDRA DEL AGUILA S.A.,20.8951935483871
2009,10,2009-10,PETROLERA SAN JOSE S.R.L.,7.17903225806452
2009,10,2009-10,PETROMINERA CHUBUT S.E.,0
2009,10,2009-10,PETROQUIMICA COMODORO RIVADAVIA S.A.,687.826451612903
2009,10,2009-10,PLUSPETROL ENERGY S.A.,5916.56941935484
2009,10,2009-10,PLUSPETROL S.A.,4480.92409677419
2009,10,2009-10,ROCH S.A.,2060.01287096774
2009,10,2009-10,SAN JORGE PETROLEUM S.A.,6.74096774193548
2009,10,2009-10,TECPETROL S.A.,4703.14674193548
2009,10,2009-10,TOTAL AUSTRAL S.A.,34547.185516129
2009,10,2009-10,YPF S.A.,32428.297693871
2009,11,2009-11,ALIANZA PETROLERA ARGENTINA S.A.,0
2009,11,2009-11,APACHE ENERGIA ARGENTINA S.R.L.,3606.88666666667
2009,11,2009-11,APACHE PETROLERA ARGENTINA S.A.,25.5233333333333
2009,11,2009-11,APCO ARGENTINA INC.,0
2009,11,2009-11,ARGENTA ENERGIA S.A.,1.22463333333333
2009,11,2009-11,CAPEX S.A.,1505.02233333333
2009,11,2009-11,CENTRAL INTERNATIONAL CORPORATION (SUCURSAL ARGENTINA),20.8
2009,11,2009-11,CHAÑARES ENERGIA S.A.,21.1238333333333
2009,11,2009-11,CHEVRON ARGENTINA S.R.L.,1051.33866666667
2009,11,2009-11,CLEAR S.R.L.,19.4559
2009,11,2009-11,COLHUE HUAPI S.A.,16.75
2009,11,2009-11,COMPAÑÍA GENERAL DE COMBUSTIBLES S.A.,54.5666666666667
2009,11,2009-11,COMPAÑÍAS ASOCIADAS PETROLERAS S.A.,85.8683333333333
2009,11,2009-11,"CRI HOLDING, INC.",1.00033333333333
2009,11,2009-11,DAPETROL S.A.,0
2009,11,2009-11,ENAP SIPETROL ARGENTINA S.A.,2282.418
2009,11,2009-11,ENARSA ENERGIA ARGENTINA S.A.,0
2009,11,2009-11,ENERGIAL S.A.,0
2009,11,2009-11,EPSUR S.A.,8.14766666666667
2009,11,2009-11,EZ HOLDINGS S.A.,0
2009,11,2009-11,GEOPARK ARGENTINA LTD. (SUCURSAL ARGENTINA),4.39366666666667
2009,11,2009-11,GRECOIL y CIA. S.R.L.,0.891
2009,11,2009-11,HIGH LUCK GROUP LTD. - SUCURSAL ARGENTINA,0
2009,11,2009-11,INGENIERIA ALPA S.A.,2.98833333333333
2009,11,2009-11,INTERENERGY ARGENTINA S.A.,0.0383333333333333
2009,11,2009-11,MADALENA ENERGY ARGENTINA SRL ,9.85
2009,11,2009-11,MADALENA PETROLEUM (AMERICAS) LTD. (SUCURSAL ARGENTINA),156.581
2009,11,2009-11,MEDANITO S.A.,277.966666666667
2009,11,2009-11,MISAHAR ARGENTINA S.A.,2.96133333333333
2009,11,2009-11,NECON S.A.,0
2009,11,2009-11,"OCCIDENTAL ARGENTINA EXPLORATION AND PRODUCTION, INC.",1875.2144
2009,11,2009-11,OIL M&S S.A.,0
2009,11,2009-11,PAN AMERICAN ENERGY (SUCURSAL ARGENTINA) LLC,17357.5883333333
2009,11,2009-11,PETRO ANDINA RESOURCES LTD.,147.541333333333
2009,11,2009-11,PETROBRAS ARGENTINA S.A.,12769.4822
2009,11,2009-11,PETROFARO S.A.,59.6686666666667
2009,11,2009-11,PETROLEOS SUDAMERICANOS S.A.,29.0376666666667
2009,11,2009-11,PETROLERA EL TREBOL S.A.,6.78683333333333
2009,11,2009-11,PETROLERA ENTRE LOMAS S.A.,1026.70366666667
2009,11,2009-11,PETROLERA LF COMPANY S.R.L.,4264.9
2009,11,2009-11,PETROLERA PATAGONIA S.R.L.,0
2009,11,2009-11,PETROLERA PIEDRA DEL AGUILA S.A.,32.9800333333333
2009,11,2009-11,PETROLERA SAN JOSE S.R.L.,7.124
2009,11,2009-11,PETROMINERA CHUBUT S.E.,0
2009,11,2009-11,PETROQUIMICA COMODORO RIVADAVIA S.A.,612.925666666667
2009,11,2009-11,PLUSPETROL ENERGY S.A.,5732.70376666667
2009,11,2009-11,PLUSPETROL S.A.,4387.13633333333
2009,11,2009-11,ROCH S.A.,2070.96113333333
2009,11,2009-11,SAN JORGE PETROLEUM S.A.,4.58333333333333
2009,11,2009-11,TECPETROL S.A.,4526.49966666667
2009,11,2009-11,TOTAL AUSTRAL S.A.,31510.7689333333
2009,11,2009-11,YPF S.A.,28752.3163496667
2009,12,2009-12,ALIANZA PETROLERA ARGENTINA S.A.,0
2009,12,2009-12,APACHE ENERGIA ARGENTINA S.R.L.,3480.02903225806
2009,12,2009-12,APACHE PETROLERA ARGENTINA S.A.,25.4129032258064
2009,12,2009-12,APCO ARGENTINA INC.,0
2009,12,2009-12,ARGENTA ENERGIA S.A.,0
2009,12,2009-12,CAPEX S.A.,1144.89161290323
2009,12,2009-12,CENTRAL INTERNATIONAL CORPORATION (SUCURSAL ARGENTINA),19.8064516129032
2009,12,2009-12,CHAÑARES ENERGIA S.A.,24.5701935483871
2009,12,2009-12,CHEVRON ARGENTINA S.R.L.,1055.22677419355
2009,12,2009-12,CLEAR S.R.L.,13.8474193548387
2009,12,2009-12,COLHUE HUAPI S.A.,16.7096774193548
2009,12,2009-12,COMPAÑÍA GENERAL DE COMBUSTIBLES S.A.,53.59
2009,12,2009-12,COMPAÑÍAS ASOCIADAS PETROLERAS S.A.,77.1203225806452
2009,12,2009-12,"CRI HOLDING, INC.",0.554838709677419
2009,12,2009-12,DAPETROL S.A.,0
2009,12,2009-12,ENAP SIPETROL ARGENTINA S.A.,2234.68451612903
2009,12,2009-12,ENARSA ENERGIA ARGENTINA S.A.,0
2009,12,2009-12,ENERGIAL S.A.,0
2009,12,2009-12,EPSUR S.A.,6.60761290322581
2009,12,2009-12,EZ HOLDINGS S.A.,0
2009,12,2009-12,GEOPARK ARGENTINA LTD. (SUCURSAL ARGENTINA),4.21354838709677
2009,12,2009-12,GRECOIL y CIA. S.R.L.,0.88
2009,12,2009-12,HIGH LUCK GROUP LTD. - SUCURSAL ARGENTINA,0
2009,12,2009-12,INGENIERIA ALPA S.A.,3.41709677419355
2009,12,2009-12,INTERENERGY ARGENTINA S.A.,0.0370967741935484
2009,12,2009-12,MADALENA ENERGY ARGENTINA SRL ,5.32903225806452
2009,12,2009-12,MADALENA PETROLEUM (AMERICAS) LTD. (SUCURSAL ARGENTINA),147.308806451613
2009,12,2009-12,MEDANITO S.A.,251.683612903226
2009,12,2009-12,MISAHAR ARGENTINA S.A.,4.70329032258064
2009,12,2009-12,NECON S.A.,0
2009,12,2009-12,"OCCIDENTAL ARGENTINA EXPLORATION AND PRODUCTION, INC.",1784.90853548387
2009,12,2009-12,OIL M&S S.A.,0
2009,12,2009-12,PAN AMERICAN ENERGY (SUCURSAL ARGENTINA) LLC,17163.6241935484
2009,12,2009-12,PETRO ANDINA RESOURCES LTD.,164.925161290323
2009,12,2009-12,PETROBRAS ARGENTINA S.A.,12214.2258387097
2009,12,2009-12,PETROFARO S.A.,66.9318709677419
2009,12,2009-12,PETROLEOS SUDAMERICANOS S.A.,28.8038709677419
2009,12,2009-12,PETROLERA EL TREBOL S.A.,7.13383870967742
2009,12,2009-12,PETROLERA ENTRE LOMAS S.A.,961.461290322581
2009,12,2009-12,PETROLERA LF COMPANY S.R.L.,4073.39677419355
2009,12,2009-12,PETROLERA PATAGONIA S.R.L.,0
2009,12,2009-12,PETROLERA PIEDRA DEL AGUILA S.A.,32.623
2009,12,2009-12,PETROLERA SAN JOSE S.R.L.,7.22548387096774
2009,12,2009-12,PETROMINERA CHUBUT S.E.,0
2009,12,2009-12,PETROQUIMICA COMODORO RIVADAVIA S.A.,529.176451612903
2009,12,2009-12,PLUSPETROL ENERGY S.A.,5635.35793548387
2009,12,2009-12,PLUSPETROL S.A.,4227.7574516129
2009,12,2009-12,ROCH S.A.,1981.22377419355
2009,12,2009-12,SAN JORGE PETROLEUM S.A.,4.78064516129032
2009,12,2009-12,TECPETROL S.A.,4378.13377419355
2009,12,2009-12,TOTAL AUSTRAL S.A.,33892.7633548387
2009,12,2009-12,YPF S.A.,28922.7235970968
2010,1,2010-01,APACHE ENERGIA ARGENTINA S.R.L.,3473.44516129032
2010,1,2010-01,APACHE PETROLERA ARGENTINA S.A.,23.6806451612903
2010,1,2010-01,APCO ARGENTINA INC.,0
2010,1,2010-01,ARGENTA ENERGIA S.A.,1.05709677419355
2010,1,2010-01,CAPEX S.A.,1856.46548387097
2010,1,2010-01,CENTRAL INTERNATIONAL CORPORATION (SUCURSAL ARGENTINA),19.3548387096774
2010,1,2010-01,CHAÑARES ENERGIA S.A.,23.4947096774194
2010,1,2010-01,CHEVRON ARGENTINA S.R.L.,792.358064516129
2010,1,2010-01,CLEAR S.R.L.,12.9654838709677
2010,1,2010-01,COLHUE HUAPI S.A.,16.6612903225806
2010,1,2010-01,COMPAÑÍA GENERAL DE COMBUSTIBLES S.A.,58.6935483870968
2010,1,2010-01,COMPAÑÍAS ASOCIADAS PETROLERAS S.A.,83.2741935483871
2010,1,2010-01,"CRI HOLDING, INC.",0.871838709677419
2010,1,2010-01,DAPETROL S.A.,0
2010,1,2010-01,ENAP SIPETROL ARGENTINA S.A.,2377.94741935484
2010,1,2010-01,ENARSA ENERGIA ARGENTINA S.A.,0
2010,1,2010-01,ENERGIAL S.A.,0
2010,1,2010-01,EPSUR S.A.,5.43451612903226
2010,1,2010-01,EZ HOLDINGS S.A.,0
2010,1,2010-01,GEOPARK ARGENTINA LTD. (SUCURSAL ARGENTINA),4.25354838709677
2010,1,2010-01,GRECOIL y CIA. S.R.L.,0.78
2010,1,2010-01,HIGH LUCK GROUP LTD. - SUCURSAL ARGENTINA,0
2010,1,2010-01,INGENIERIA ALPA S.A.,2.51032258064516
2010,1,2010-01,INTERENERGY ARGENTINA S.A.,0.0370967741935484
2010,1,2010-01,MADALENA ENERGY ARGENTINA SRL ,24.2806451612903
2010,1,2010-01,MADALENA PETROLEUM (AMERICAS) LTD. (SUCURSAL ARGENTINA),139.584290322581
2010,1,2010-01,MEDANITO S.A.,250.129032258065
2010,1,2010-01,MISAHAR ARGENTINA S.A.,3.27806451612903
2010,1,2010-01,NECON S.A.,0
2010,1,2010-01,"OCCIDENTAL ARGENTINA EXPLORATION AND PRODUCTION, INC.",1917.7637
2010,1,2010-01,OIL M&S S.A.,0
2010,1,2010-01,PAN AMERICAN ENERGY (SUCURSAL ARGENTINA) LLC,16729.3474193548
2010,1,2010-01,PETRO ANDINA RESOURCES LTD.,165.712580645161
2010,1,2010-01,PETROBRAS ARGENTINA S.A.,12499.1787096774
2010,1,2010-01,PETROFARO S.A.,49.6912903225806
2010,1,2010-01,PETROLEOS SUDAMERICANOS S.A.,28.6722580645161
2010,1,2010-01,PETROLERA EL TREBOL S.A.,7.0131935483871
2010,1,2010-01,PETROLERA ENTRE LOMAS S.A.,916.629032258065
2010,1,2010-01,PETROLERA LF COMPANY S.R.L.,4105.46129032258
2010,1,2010-01,PETROLERA PATAGONIA S.R.L.,0
2010,1,2010-01,PETROLERA PIEDRA DEL AGUILA S.A.,36.5820322580645
2010,1,2010-01,PETROLERA SAN JOSE S.R.L.,7.21612903225806
2010,1,2010-01,PETROMINERA CHUBUT S.E.,0
2010,1,2010-01,PETROQUIMICA COMODORO RIVADAVIA S.A.,501.392258064516
2010,1,2010-01,PLUSPETROL ENERGY S.A.,5445.24893548387
2010,1,2010-01,PLUSPETROL S.A.,4141.16103225806
2010,1,2010-01,ROCH S.A.,2004.90712903226
2010,1,2010-01,SAN JORGE PETROLEUM S.A.,256.08064516129
2010,1,2010-01,TECPETROL S.A.,4209.24374193548
2010,1,2010-01,TOTAL AUSTRAL S.A.,32461.8230645161
2010,1,2010-01,YPF S.A.,30638.3068680645
2010,2,2010-02,APACHE ENERGIA ARGENTINA S.R.L.,3367.04285714286
2010,2,2010-02,APACHE PETROLERA ARGENTINA S.A.,23.0535714285714
2010,2,2010-02,APCO ARGENTINA INC.,0
2010,2,2010-02,ARGENTA ENERGIA S.A.,0
2010,2,2010-02,CAPEX S.A.,1992.00785714286
2010,2,2010-02,CENTRAL INTERNATIONAL CORPORATION (SUCURSAL ARGENTINA),19.3571428571429
2010,2,2010-02,CHAÑARES ENERGIA S.A.,22.6156428571429
2010,2,2010-02,CHEVRON ARGENTINA S.R.L.,774.846428571429
2010,2,2010-02,CLEAR S.R.L.,25.4080714285714
2010,2,2010-02,COLHUE HUAPI S.A.,15.9392857142857
2010,2,2010-02,COMPAÑÍA GENERAL DE COMBUSTIBLES S.A.,42.9017857142857
2010,2,2010-02,COMPAÑÍAS ASOCIADAS PETROLERAS S.A.,81.3182142857143
2010,2,2010-02,"CRI HOLDING, INC.",0.923464285714286
2010,2,2010-02,DAPETROL S.A.,0
2010,2,2010-02,ENAP SIPETROL ARGENTINA S.A.,2616.85964285714
2010,2,2010-02,ENARSA ENERGIA ARGENTINA S.A.,0.442857142857143
2010,2,2010-02,ENERGIAL S.A.,0
2010,2,2010-02,EPSUR S.A.,5.27392857142857
2010,2,2010-02,EZ HOLDINGS S.A.,0
2010,2,2010-02,GEOPARK ARGENTINA LTD. (SUCURSAL ARGENTINA),3.87142857142857
2010,2,2010-02,GRECOIL y CIA. S.R.L.,0.837857142857143
2010,2,2010-02,HIGH LUCK GROUP LTD. - SUCURSAL ARGENTINA,0
2010,2,2010-02,INGENIERIA ALPA S.A.,2.56021428571429
2010,2,2010-02,INTERENERGY ARGENTINA S.A.,0.0410714285714286
2010,2,2010-02,MADALENA ENERGY ARGENTINA SRL ,25.8864285714286
2010,2,2010-02,MADALENA PETROLEUM (AMERICAS) LTD. (SUCURSAL ARGENTINA),145.747142857143
2010,2,2010-02,MEDANITO S.A.,260.678571428571
2010,2,2010-02,MISAHAR ARGENTINA S.A.,0.235714285714286
2010,2,2010-02,NECON S.A.,0
2010,2,2010-02,"OCCIDENTAL ARGENTINA EXPLORATION AND PRODUCTION, INC.",1874.03454285714
2010,2,2010-02,OIL M&S S.A.,0
2010,2,2010-02,PAN AMERICAN ENERGY (SUCURSAL ARGENTINA) LLC,16780.0378571429
2010,2,2010-02,PETRO ANDINA RESOURCES LTD.,175.733928571429
2010,2,2010-02,PETROBRAS ARGENTINA S.A.,12675.7000357143
2010,2,2010-02,PETROFARO S.A.,62.7697857142857
2010,2,2010-02,PETROLEOS SUDAMERICANOS S.A.,28.0639285714286
2010,2,2010-02,PETROLERA EL TREBOL S.A.,8.46339285714286
2010,2,2010-02,PETROLERA ENTRE LOMAS S.A.,952.617857142857
2010,2,2010-02,PETROLERA LF COMPANY S.R.L.,4058.02142857143
2010,2,2010-02,PETROLERA PATAGONIA S.R.L.,0
2010,2,2010-02,PETROLERA PIEDRA DEL AGUILA S.A.,38.6286071428571
2010,2,2010-02,PETROLERA SAN JOSE S.R.L.,7.7125
2010,2,2010-02,PETROMINERA CHUBUT S.E.,0
2010,2,2010-02,PETROQUIMICA COMODORO RIVADAVIA S.A.,680.181785714286
2010,2,2010-02,PETRO TERRA CORPORATION,0
2010,2,2010-02,PLUSPETROL ENERGY S.A.,5302.812
2010,2,2010-02,PLUSPETROL S.A.,4301.12921428571
2010,2,2010-02,ROCH S.A.,1947.07721428571
2010,2,2010-02,SAN JORGE PETROLEUM S.A.,254.154357142857
2010,2,2010-02,TECPETROL S.A.,4172.63682142857
2010,2,2010-02,TOTAL AUSTRAL S.A.,34862.7995
2010,2,2010-02,YPF S.A.,31744.7809717857
2010,3,2010-03,APACHE ENERGIA ARGENTINA S.R.L.,3280.80967741936
2010,3,2010-03,APACHE PETROLERA ARGENTINA S.A.,29.741935483871
2010,3,2010-03,APCO ARGENTINA INC.,0
2010,3,2010-03,ARGENTA ENERGIA S.A.,0
2010,3,2010-03,CAPEX S.A.,1960.88322580645
2010,3,2010-03,CENTRAL INTERNATIONAL CORPORATION (SUCURSAL ARGENTINA),19.4838709677419
2010,3,2010-03,CHAÑARES ENERGIA S.A.,23.3172903225806
2010,3,2010-03,CHEVRON ARGENTINA S.R.L.,796.185483870968
2010,3,2010-03,CLEAR S.R.L.,37.831
2010,3,2010-03,COLHUE HUAPI S.A.,16.6612903225806
2010,3,2010-03,COMPAÑÍA GENERAL DE COMBUSTIBLES S.A.,41.8993548387097
2010,3,2010-03,COMPAÑÍAS ASOCIADAS PETROLERAS S.A.,67.4545161290323
2010,3,2010-03,"CRI HOLDING, INC.",0.635806451612903
2010,3,2010-03,DAPETROL S.A.,0
2010,3,2010-03,ENAP SIPETROL ARGENTINA S.A.,1917.01419354839
2010,3,2010-03,ENARSA ENERGIA ARGENTINA S.A.,0.0477096774193548
2010,3,2010-03,ENERGIAL S.A.,0
2010,3,2010-03,EPSUR S.A.,8.92283870967742
2010,3,2010-03,EZ HOLDINGS S.A.,0
2010,3,2010-03,GEOPARK ARGENTINA LTD. (SUCURSAL ARGENTINA),3.72709677419355
2010,3,2010-03,GRECOIL y CIA. S.R.L.,0.842903225806452
2010,3,2010-03,HIGH LUCK GROUP LTD. - SUCURSAL ARGENTINA,0
2010,3,2010-03,INGENIERIA ALPA S.A.,2.49209677419355
2010,3,2010-03,INTERENERGY ARGENTINA S.A.,0.0370967741935484
2010,3,2010-03,MADALENA ENERGY ARGENTINA SRL ,23.6354838709677
2010,3,2010-03,MADALENA PETROLEUM (AMERICAS) LTD. (SUCURSAL ARGENTINA),149.767741935484
2010,3,2010-03,MEDANITO S.A.,307.451612903226
2010,3,2010-03,MISAHAR ARGENTINA S.A.,2.00935483870968
2010,3,2010-03,NECON S.A.,0
2010,3,2010-03,"OCCIDENTAL ARGENTINA EXPLORATION AND PRODUCTION, INC.",1897.86978387097
2010,3,2010-03,OIL M&S S.A.,0
2010,3,2010-03,PAN AMERICAN ENERGY (SUCURSAL ARGENTINA) LLC,16344.5283870968
2010,3,2010-03,PETRO ANDINA RESOURCES LTD.,171.846451612903
2010,3,2010-03,PETROBRAS ARGENTINA S.A.,12558.7093548387
2010,3,2010-03,PETROFARO S.A.,67.584
2010,3,2010-03,PETROLEOS SUDAMERICANOS S.A.,29.1293548387097
2010,3,2010-03,PETROLERA EL TREBOL S.A.,8.30816129032258
2010,3,2010-03,PETROLERA ENTRE LOMAS S.A.,951.224516129032
2010,3,2010-03,PETROLERA LF COMPANY S.R.L.,3807.40322580645
2010,3,2010-03,PETROLERA PATAGONIA S.R.L.,0
2010,3,2010-03,PETROLERA PIEDRA DEL AGUILA S.A.,36.6725483870968
2010,3,2010-03,PETROLERA SAN JOSE S.R.L.,7.20161290322581
2010,3,2010-03,PETROMINERA CHUBUT S.E.,0
2010,3,2010-03,PETROQUIMICA COMODORO RIVADAVIA S.A.,684.438709677419
2010,3,2010-03,PETRO TERRA CORPORATION,0
2010,3,2010-03,PLUSPETROL ENERGY S.A.,4716.61532258065
2010,3,2010-03,PLUSPETROL S.A.,4317.46029032258
2010,3,2010-03,ROCH S.A.,1970.79712903226
2010,3,2010-03,SAN JORGE PETROLEUM S.A.,254.956129032258
2010,3,2010-03,TECPETROL S.A.,4188.75935483871
2010,3,2010-03,TOTAL AUSTRAL S.A.,34065.6066129032
2010,3,2010-03,YPF S.A.,32428.8898096774
2010,4,2010-04,APACHE ENERGIA ARGENTINA S.R.L.,3427.72666666667
2010,4,2010-04,APACHE PETROLERA ARGENTINA S.A.,26.6066666666667
2010,4,2010-04,APCO ARGENTINA INC.,0
2010,4,2010-04,ARGENTA ENERGIA S.A.,0
2010,4,2010-04,CAPEX S.A.,1945.68333333333
2010,4,2010-04,CENTRAL INTERNATIONAL CORPORATION (SUCURSAL ARGENTINA),19.4
2010,4,2010-04,CHAÑARES ENERGIA S.A.,21.3640333333333
2010,4,2010-04,CHEVRON ARGENTINA S.R.L.,754.426
2010,4,2010-04,COLHUE HUAPI S.A.,16.6466666666667
2010,4,2010-04,COMPAÑÍA GENERAL DE COMBUSTIBLES S.A.,40.5033333333333
2010,4,2010-04,COMPAÑÍAS ASOCIADAS PETROLERAS S.A.,69.6943333333333
2010,4,2010-04,"CRI HOLDING, INC.",0.678366666666667
2010,4,2010-04,DAPETROL S.A.,0
2010,4,2010-04,ENAP SIPETROL ARGENTINA S.A.,2108.438
2010,4,2010-04,ENARSA ENERGIA ARGENTINA S.A.,0.0436666666666667
2010,4,2010-04,ENERGIAL S.A.,0
2010,4,2010-04,EPSUR S.A.,1.48666666666667
2010,4,2010-04,EZ HOLDINGS S.A.,0
2010,4,2010-04,GEOPARK ARGENTINA LTD. (SUCURSAL ARGENTINA),3.18733333333333
2010,4,2010-04,GRECOIL y CIA. S.R.L.,0.841666666666667
2010,4,2010-04,HIGH LUCK GROUP LTD. - SUCURSAL ARGENTINA,0
2010,4,2010-04,INGENIERIA ALPA S.A.,2.90933333333333
2010,4,2010-04,INTERENERGY ARGENTINA S.A.,0.0383333333333333
2010,4,2010-04,MADALENA ENERGY ARGENTINA SRL ,24.1733333333333
2010,4,2010-04,MADALENA PETROLEUM (AMERICAS) LTD. (SUCURSAL ARGENTINA),137.222333333333
2010,4,2010-04,MEDANITO S.A.,332.433333333333
2010,4,2010-04,MISAHAR ARGENTINA S.A.,0.681
2010,4,2010-04,NECON S.A.,0
2010,4,2010-04,"OCCIDENTAL ARGENTINA EXPLORATION AND PRODUCTION, INC.",1829.31101
2010,4,2010-04,OIL M&S S.A.,0
2010,4,2010-04,PAN AMERICAN ENERGY (SUCURSAL ARGENTINA) LLC,16021.7576666667
2010,4,2010-04,PETRO ANDINA RESOURCES LTD.,165.416
2010,4,2010-04,PETROBRAS ARGENTINA S.A.,11340.8262
2010,4,2010-04,PETROFARO S.A.,66.3649666666667
2010,4,2010-04,PETROLEOS SUDAMERICANOS S.A.,29.2066666666667
2010,4,2010-04,PETROLERA CERRO NEGRO S.A.,34.7323333333333
2010,4,2010-04,PETROLERA EL TREBOL S.A.,7.67686666666667
2010,4,2010-04,PETROLERA ENTRE LOMAS S.A.,951.756666666667
2010,4,2010-04,PETROLERA LF COMPANY S.R.L.,4027.85
2010,4,2010-04,PETROLERA PATAGONIA S.R.L.,0
2010,4,2010-04,PETROLERA PIEDRA DEL AGUILA S.A.,39.2629
2010,4,2010-04,PETROLERA SAN JOSE S.R.L.,7.297
2010,4,2010-04,PETROMINERA CHUBUT S.E.,0
2010,4,2010-04,PETROQUIMICA COMODORO RIVADAVIA S.A.,690.883666666667
2010,4,2010-04,PETRO TERRA CORPORATION,0
2010,4,2010-04,PLUSPETROL ENERGY S.A.,5260.68636666667
2010,4,2010-04,PLUSPETROL S.A.,3882.9588
2010,4,2010-04,ROCH S.A.,1962.9026
2010,4,2010-04,SAN JORGE PETROLEUM S.A.,254.9368
2010,4,2010-04,TECPETROL S.A.,4266.76893333333
2010,4,2010-04,TOTAL AUSTRAL S.A.,34374.7280333333
2010,4,2010-04,YPF S.A.,33005.8903853333
2010,5,2010-05,APACHE ENERGIA ARGENTINA S.R.L.,3679.23548387097
2010,5,2010-05,APACHE PETROLERA ARGENTINA S.A.,23.7129032258065
2010,5,2010-05,APCO ARGENTINA INC.,0
2010,5,2010-05,ARGENTA ENERGIA S.A.,0
2010,5,2010-05,CAPEX S.A.,1982.20225806452
2010,5,2010-05,CENTRAL INTERNATIONAL CORPORATION (SUCURSAL ARGENTINA),19
2010,5,2010-05,CHAÑARES ENERGIA S.A.,21.1396774193548
2010,5,2010-05,CHEVRON ARGENTINA S.R.L.,737.966129032258
2010,5,2010-05,COLHUE HUAPI S.A.,16.6387096774194
2010,5,2010-05,COMPAÑÍA GENERAL DE COMBUSTIBLES S.A.,46.2135483870968
2010,5,2010-05,COMPAÑÍAS ASOCIADAS PETROLERAS S.A.,71.9109677419355
2010,5,2010-05,"CRI HOLDING, INC.",0.626354838709677
2010,5,2010-05,DAPETROL S.A.,0
2010,5,2010-05,ENAP SIPETROL ARGENTINA S.A.,2335.86612903226
2010,5,2010-05,ENARSA ENERGIA ARGENTINA S.A.,1.94032258064516
2010,5,2010-05,ENERGIAL S.A.,0
2010,5,2010-05,EPSUR S.A.,7.06193548387097
2010,5,2010-05,EZ HOLDINGS S.A.,0
2010,5,2010-05,GEOPARK ARGENTINA LTD. (SUCURSAL ARGENTINA),2.90870967741935
2010,5,2010-05,GRECOIL y CIA. S.R.L.,0.858064516129032
2010,5,2010-05,HIGH LUCK GROUP LTD. - SUCURSAL ARGENTINA,0
2010,5,2010-05,INGENIERIA ALPA S.A.,2.76451612903226
2010,5,2010-05,INTERENERGY ARGENTINA S.A.,0.0370967741935484
2010,5,2010-05,MADALENA ENERGY ARGENTINA SRL ,23.0548387096774
2010,5,2010-05,MADALENA PETROLEUM (AMERICAS) LTD. (SUCURSAL ARGENTINA),142.273
2010,5,2010-05,MEDANITO S.A.,357.935483870968
2010,5,2010-05,MISAHAR ARGENTINA S.A.,0
2010,5,2010-05,NECON S.A.,0
2010,5,2010-05,"OCCIDENTAL ARGENTINA EXPLORATION AND PRODUCTION, INC.",1984.41409354839
2010,5,2010-05,OIL M&S S.A.,0
2010,5,2010-05,PAN AMERICAN ENERGY (SUCURSAL ARGENTINA) LLC,16500.4374193548
2010,5,2010-05,PETRO ANDINA RESOURCES LTD.,174.613548387097
2010,5,2010-05,PETROBRAS ARGENTINA S.A.,11616.9233548387
2010,5,2010-05,PETROFARO S.A.,58.1471290322581
2010,5,2010-05,PETROLEOS SUDAMERICANOS S.A.,29.2622580645161
2010,5,2010-05,PETROLERA CERRO NEGRO S.A.,36.2477419354839
2010,5,2010-05,PETROLERA EL TREBOL S.A.,9.03977419354839
2010,5,2010-05,PETROLERA ENTRE LOMAS S.A.,989.038709677419
2010,5,2010-05,PETROLERA LF COMPANY S.R.L.,4575.47096774194
2010,5,2010-05,PETROLERA PATAGONIA S.R.L.,0
2010,5,2010-05,PETROLERA PIEDRA DEL AGUILA S.A.,34.7369677419355
2010,5,2010-05,PETROLERA SAN JOSE S.R.L.,7.02
2010,5,2010-05,PETROMINERA CHUBUT S.E.,0
2010,5,2010-05,PETROQUIMICA COMODORO RIVADAVIA S.A.,740.404838709677
2010,5,2010-05,PETRO TERRA CORPORATION,0
2010,5,2010-05,PLUSPETROL ENERGY S.A.,5597.69058064516
2010,5,2010-05,PLUSPETROL S.A.,4087.39574193548
2010,5,2010-05,ROCH S.A.,1930.44235483871
2010,5,2010-05,SAN JORGE PETROLEUM S.A.,239.062258064516
2010,5,2010-05,TECPETROL S.A.,4216.87596774194
2010,5,2010-05,TOTAL AUSTRAL S.A.,37271.2347096774
2010,5,2010-05,YPF S.A.,32918.051583871
2010,6,2010-06,APACHE ENERGIA ARGENTINA S.R.L.,3769.2
2010,6,2010-06,APACHE PETROLERA ARGENTINA S.A.,26.2233333333333
2010,6,2010-06,APCO ARGENTINA INC.,0
2010,6,2010-06,ARGENTA ENERGIA S.A.,0
2010,6,2010-06,CAPEX S.A.,1898.18166666667
2010,6,2010-06,CENTRAL INTERNATIONAL CORPORATION (SUCURSAL ARGENTINA),19
2010,6,2010-06,CHAÑARES ENERGIA S.A.,21.7563666666667
2010,6,2010-06,CHEVRON ARGENTINA S.R.L.,756.754
2010,6,2010-06,COLHUE HUAPI S.A.,16.7033333333333
2010,6,2010-06,COMPAÑÍA GENERAL DE COMBUSTIBLES S.A.,39.367
2010,6,2010-06,COMPAÑÍAS ASOCIADAS PETROLERAS S.A.,57.143
2010,6,2010-06,"CRI HOLDING, INC.",0.555066666666667
2010,6,2010-06,DAPETROL S.A.,0
2010,6,2010-06,ENAP SIPETROL ARGENTINA S.A.,2452.67766666667
2010,6,2010-06,ENARSA ENERGIA ARGENTINA S.A.,2.14066666666667
2010,6,2010-06,ENERGIAL S.A.,0
2010,6,2010-06,EPSUR S.A.,8.796
2010,6,2010-06,EZ HOLDINGS S.A.,0
2010,6,2010-06,GEOPARK ARGENTINA LTD. (SUCURSAL ARGENTINA),3.41533333333333
2010,6,2010-06,GRECOIL y CIA. S.R.L.,0.875333333333333
2010,6,2010-06,HIGH LUCK GROUP LTD. - SUCURSAL ARGENTINA,0
2010,6,2010-06,INGENIERIA ALPA S.A.,2.57846666666667
2010,6,2010-06,INTERENERGY ARGENTINA S.A.,0.0383333333333333
2010,6,2010-06,MADALENA ENERGY ARGENTINA SRL ,22.2433333333333
2010,6,2010-06,MADALENA PETROLEUM (AMERICAS) LTD. (SUCURSAL ARGENTINA),141.140333333333
2010,6,2010-06,MEDANITO S.A.,369
2010,6,2010-06,MISAHAR ARGENTINA S.A.,0.179666666666667
2010,6,2010-06,NECON S.A.,0
2010,6,2010-06,"OCCIDENTAL ARGENTINA EXPLORATION AND PRODUCTION, INC.",2024.56360166667
2010,6,2010-06,OIL M&S S.A.,0
2010,6,2010-06,PAN AMERICAN ENERGY (SUCURSAL ARGENTINA) LLC,16887.061
2010,6,2010-06,PETRO ANDINA RESOURCES LTD.,155.646666666667
2010,6,2010-06,PETROBRAS ARGENTINA S.A.,11187.5824666667
2010,6,2010-06,PETROFARO S.A.,66.1478666666667
2010,6,2010-06,PETROLEOS SUDAMERICANOS S.A.,29.6323333333333
2010,6,2010-06,PETROLERA CERRO NEGRO S.A.,30.2736666666667
2010,6,2010-06,PETROLERA EL TREBOL S.A.,8.43836666666667
2010,6,2010-06,PETROLERA ENTRE LOMAS S.A.,1026.93733333333
2010,6,2010-06,PETROLERA LF COMPANY S.R.L.,4647.86666666667
2010,6,2010-06,PETROLERA PATAGONIA S.R.L.,0
2010,6,2010-06,PETROLERA PIEDRA DEL AGUILA S.A.,33.9067333333333
2010,6,2010-06,PETROLERA SAN JOSE S.R.L.,6.73966666666667
2010,6,2010-06,PETROMINERA CHUBUT S.E.,0
2010,6,2010-06,PETROQUIMICA COMODORO RIVADAVIA S.A.,722.241666666667
2010,6,2010-06,PETRO TERRA CORPORATION,0
2010,6,2010-06,PLUSPETROL ENERGY S.A.,5454.76473333333
2010,6,2010-06,PLUSPETROL S.A.,4085.13903333333
2010,6,2010-06,ROCH S.A.,1984.56386666667
2010,6,2010-06,SAN JORGE PETROLEUM S.A.,175.4885
2010,6,2010-06,TECPETROL S.A.,4143.0558
2010,6,2010-06,TOTAL AUSTRAL S.A.,38318.5113666667
2010,6,2010-06,YPF S.A.,32829.329232
2010,7,2010-07,APACHE ENERGIA ARGENTINA S.R.L.,3790.85161290323
2010,7,2010-07,APACHE PETROLERA ARGENTINA S.A.,27.6903225806452
2010,7,2010-07,APCO ARGENTINA INC.,0
2010,7,2010-07,ARGENTA ENERGIA S.A.,0
2010,7,2010-07,CAPEX S.A.,1938.29322580645
2010,7,2010-07,CENTRAL INTERNATIONAL CORPORATION (SUCURSAL ARGENTINA),34.5145161290323
2010,7,2010-07,CHAÑARES ENERGIA S.A.,21.9258709677419
2010,7,2010-07,CHEVRON ARGENTINA S.R.L.,765.685806451613
2010,7,2010-07,COLHUE HUAPI S.A.,16.6516129032258
2010,7,2010-07,COMPAÑÍA GENERAL DE COMBUSTIBLES S.A.,38.7683870967742
2010,7,2010-07,COMPAÑÍAS ASOCIADAS PETROLERAS S.A.,63.9706451612903
2010,7,2010-07,"CRI HOLDING, INC.",0.393258064516129
2010,7,2010-07,DAPETROL S.A.,0
2010,7,2010-07,ENAP SIPETROL ARGENTINA S.A.,2663.91258064516
2010,7,2010-07,ENARSA ENERGIA ARGENTINA S.A.,0.875806451612903
2010,7,2010-07,ENERGIAL S.A.,0
2010,7,2010-07,EPSUR S.A.,9.35290322580645
2010,7,2010-07,EZ HOLDINGS S.A.,0
2010,7,2010-07,GEOPARK ARGENTINA LTD. (SUCURSAL ARGENTINA),4.35161290322581
2010,7,2010-07,GRECOIL y CIA. S.R.L.,0.880967741935484
2010,7,2010-07,HIGH LUCK GROUP LTD. - SUCURSAL ARGENTINA,0
2010,7,2010-07,INGENIERIA ALPA S.A.,2.31670967741935
2010,7,2010-07,INTERENERGY ARGENTINA S.A.,0.0258064516129032
2010,7,2010-07,MADALENA ENERGY ARGENTINA SRL ,22.0903225806452
2010,7,2010-07,MADALENA PETROLEUM (AMERICAS) LTD. (SUCURSAL ARGENTINA),150.151935483871
2010,7,2010-07,MEDANITO S.A.,352.838709677419
2010,7,2010-07,MISAHAR ARGENTINA S.A.,0.293225806451613
2010,7,2010-07,NECON S.A.,0
2010,7,2010-07,"OCCIDENTAL ARGENTINA EXPLORATION AND PRODUCTION, INC.",1993.26767225806
2010,7,2010-07,OIL M&S S.A.,0
2010,7,2010-07,PAN AMERICAN ENERGY (SUCURSAL ARGENTINA) LLC,16599.7567741935
2010,7,2010-07,PETRO ANDINA RESOURCES LTD.,160.916129032258
2010,7,2010-07,PETROBRAS ARGENTINA S.A.,11514.4615806452
2010,7,2010-07,PETROFARO S.A.,66.2420967741936
2010,7,2010-07,PETROLEOS SUDAMERICANOS S.A.,28.9090322580645
2010,7,2010-07,PETROLERA CERRO NEGRO S.A.,31.0744516129032
2010,7,2010-07,PETROLERA EL TREBOL S.A.,7.26296774193548
2010,7,2010-07,PETROLERA ENTRE LOMAS S.A.,984.416774193548
2010,7,2010-07,PETROLERA LF COMPANY S.R.L.,4755.73225806452
2010,7,2010-07,PETROLERA PATAGONIA S.R.L.,0
2010,7,2010-07,PETROLERA PIEDRA DEL AGUILA S.A.,31.5809677419355
2010,7,2010-07,PETROLERA SAN JOSE S.R.L.,6.56741935483871
2010,7,2010-07,PETROMINERA CHUBUT S.E.,0
2010,7,2010-07,PETROQUIMICA COMODORO RIVADAVIA S.A.,623.157419354839
2010,7,2010-07,PETRO TERRA CORPORATION,0
2010,7,2010-07,PLUSPETROL ENERGY S.A.,5364.92987096774
2010,7,2010-07,PLUSPETROL S.A.,4092.52441935484
2010,7,2010-07,ROCH S.A.,2000.40203225806
2010,7,2010-07,SAN JORGE PETROLEUM S.A.,174.99935483871
2010,7,2010-07,TECPETROL S.A.,4027.51235483871
2010,7,2010-07,TOTAL AUSTRAL S.A.,38913.9868064516
2010,7,2010-07,YPF S.A.,32921.4588416129
2010,8,2010-08,APACHE ENERGIA ARGENTINA S.R.L.,3875.7064516129
2010,8,2010-08,APACHE PETROLERA ARGENTINA S.A.,26.2838709677419
2010,8,2010-08,APCO ARGENTINA INC.,0
2010,8,2010-08,ARGENTA ENERGIA S.A.,9.76054838709677
2010,8,2010-08,CAPEX S.A.,1921.50096774194
2010,8,2010-08,CENTRAL INTERNATIONAL CORPORATION (SUCURSAL ARGENTINA),32.8251612903226
2010,8,2010-08,CHAÑARES ENERGIA S.A.,21.9725483870968
2010,8,2010-08,CHEVRON ARGENTINA S.R.L.,752.901935483871
2010,8,2010-08,COLHUE HUAPI S.A.,16.6451612903226
2010,8,2010-08,COMPAÑÍA GENERAL DE COMBUSTIBLES S.A.,36.2974193548387
2010,8,2010-08,COMPAÑÍAS ASOCIADAS PETROLERAS S.A.,60.4951612903226
2010,8,2010-08,"CRI HOLDING, INC.",0.395032258064516
2010,8,2010-08,DAPETROL S.A.,0
2010,8,2010-08,ENAP SIPETROL ARGENTINA S.A.,2183.61838709677
2010,8,2010-08,ENERGIAL S.A.,0
2010,8,2010-08,EPSUR S.A.,7.07354838709677
2010,8,2010-08,EZ HOLDINGS S.A.,0
2010,8,2010-08,GEOPARK ARGENTINA LTD. (SUCURSAL ARGENTINA),2.54677419354839
2010,8,2010-08,GRECOIL y CIA. S.R.L.,0.850967741935484
2010,8,2010-08,HIGH LUCK GROUP LTD. - SUCURSAL ARGENTINA,0
2010,8,2010-08,INGENIERIA ALPA S.A.,2.19561290322581
2010,8,2010-08,INTERENERGY ARGENTINA S.A.,0.0193548387096774
2010,8,2010-08,MADALENA ENERGY ARGENTINA SRL ,23.0396774193548
2010,8,2010-08,MADALENA PETROLEUM (AMERICAS) LTD. (SUCURSAL ARGENTINA),169.065806451613
2010,8,2010-08,MEDANITO S.A.,397.032258064516
2010,8,2010-08,MISAHAR ARGENTINA S.A.,0.358064516129032
2010,8,2010-08,NECON S.A.,0
2010,8,2010-08,"OCCIDENTAL ARGENTINA EXPLORATION AND PRODUCTION, INC.",1944.73253193548
2010,8,2010-08,OIL M&S S.A.,0
2010,8,2010-08,PAN AMERICAN ENERGY (SUCURSAL ARGENTINA) LLC,16429.6616129032
2010,8,2010-08,PETRO ANDINA RESOURCES LTD.,193.322580645161
2010,8,2010-08,PETROBRAS ARGENTINA S.A.,11526.7928387097
2010,8,2010-08,PETROFARO S.A.,57.0965161290323
2010,8,2010-08,PETROLEOS SUDAMERICANOS S.A.,28.3177419354839
2010,8,2010-08,PETROLERA CERRO NEGRO S.A.,38.7502580645161
2010,8,2010-08,PETROLERA EL TREBOL S.A.,7.28112903225806
2010,8,2010-08,PETROLERA ENTRE LOMAS S.A.,1033.58322580645
2010,8,2010-08,PETROLERA LF COMPANY S.R.L.,4698.40967741935
2010,8,2010-08,PETROLERA PATAGONIA S.R.L.,0
2010,8,2010-08,PETROLERA PIEDRA DEL AGUILA S.A.,28.3581290322581
2010,8,2010-08,PETROLERA SAN JOSE S.R.L.,6.44903225806452
2010,8,2010-08,PETROMINERA CHUBUT S.E.,0
2010,8,2010-08,PETROQUIMICA COMODORO RIVADAVIA S.A.,703.40935483871
2010,8,2010-08,PLUSPETROL ENERGY S.A.,5085.74274193548
2010,8,2010-08,PLUSPETROL S.A.,4254.18341935484
2010,8,2010-08,ROCH S.A.,1802.00683870968
2010,8,2010-08,SAN JORGE PETROLEUM S.A.,169.80235483871
2010,8,2010-08,TECPETROL S.A.,3944.29077419355
2010,8,2010-08,TOTAL AUSTRAL S.A.,39653.0491612903
2010,8,2010-08,YPF S.A.,32799.8227032581
2010,9,2010-09,APACHE ENERGIA ARGENTINA S.R.L.,3863.54666666667
2010,9,2010-09,APACHE PETROLERA ARGENTINA S.A.,27.1666666666667
2010,9,2010-09,APCO ARGENTINA INC.,0
2010,9,2010-09,ARGENTA ENERGIA S.A.,15.0342333333333
2010,9,2010-09,CAPEX S.A.,1940.604
2010,9,2010-09,CENTRAL INTERNATIONAL CORPORATION (SUCURSAL ARGENTINA),30.5
2010,9,2010-09,CHAÑARES ENERGIA S.A.,20.672
2010,9,2010-09,CHEVRON ARGENTINA S.R.L.,761.643666666667
2010,9,2010-09,COLHUE HUAPI S.A.,16.6366666666667
2010,9,2010-09,COMPAÑÍA GENERAL DE COMBUSTIBLES S.A.,39.1966666666667
2010,9,2010-09,COMPAÑÍAS ASOCIADAS PETROLERAS S.A.,63.7483333333333
2010,9,2010-09,"CRI HOLDING, INC.",0.508133333333333
2010,9,2010-09,DAPETROL S.A.,0
2010,9,2010-09,ENAP SIPETROL ARGENTINA S.A.,779.493
2010,9,2010-09,ENARSA ENERGIA ARGENTINA S.A.,0
2010,9,2010-09,ENERGIAL S.A.,0
2010,9,2010-09,EPSUR S.A.,8.28966666666667
2010,9,2010-09,EZ HOLDINGS S.A.,0
2010,9,2010-09,GEOPARK ARGENTINA LTD. (SUCURSAL ARGENTINA),2.97666666666667
2010,9,2010-09,GRECOIL y CIA. S.R.L.,0.974333333333333
2010,9,2010-09,HIGH LUCK GROUP LTD. - SUCURSAL ARGENTINA,0
2010,9,2010-09,INGENIERIA ALPA S.A.,2.45866666666667
2010,9,2010-09,INTERENERGY ARGENTINA S.A.,0.0133333333333333
2010,9,2010-09,MADALENA AUSTRAL S.A.,0
2010,9,2010-09,MADALENA ENERGY ARGENTINA SRL ,22.008
2010,9,2010-09,MADALENA PETROLEUM (AMERICAS) LTD. (SUCURSAL ARGENTINA),162.931633333333
2010,9,2010-09,MEDANITO S.A.,386.433333333333
2010,9,2010-09,MISAHAR ARGENTINA S.A.,0.120666666666667
2010,9,2010-09,NECON S.A.,0
2010,9,2010-09,"OCCIDENTAL ARGENTINA EXPLORATION AND PRODUCTION, INC.",2106.15776133333
2010,9,2010-09,OIL M&S S.A.,0
2010,9,2010-09,PAN AMERICAN ENERGY (SUCURSAL ARGENTINA) LLC,16195.1313333333
2010,9,2010-09,PETRO ANDINA RESOURCES LTD.,197
2010,9,2010-09,PETROBRAS ARGENTINA S.A.,11502.7416666667
2010,9,2010-09,PETROFARO S.A.,61.1095666666667
2010,9,2010-09,PETROLEOS SUDAMERICANOS S.A.,31.3523333333333
2010,9,2010-09,PETROLERA CERRO NEGRO S.A.,37.7445666666667
2010,9,2010-09,PETROLERA EL TREBOL S.A.,6.6575
2010,9,2010-09,PETROLERA ENTRE LOMAS S.A.,1047.62833333333
2010,9,2010-09,PETROLERA LF COMPANY S.R.L.,4676.98333333333
2010,9,2010-09,PETROLERA PATAGONIA S.R.L.,0
2010,9,2010-09,PETROLERA PIEDRA DEL AGUILA S.A.,31.6429
2010,9,2010-09,PETROLERA SAN JOSE S.R.L.,6.20066666666667
2010,9,2010-09,PETROMINERA CHUBUT S.E.,0
2010,9,2010-09,PETROQUIMICA COMODORO RIVADAVIA S.A.,689.344666666667
2010,9,2010-09,PLUSPETROL ENERGY S.A.,4902.92183333333
2010,9,2010-09,PLUSPETROL S.A.,4306.34806666667
2010,9,2010-09,ROCH S.A.,1963.68773333333
2010,9,2010-09,SAN JORGE PETROLEUM S.A.,162.800833333333
2010,9,2010-09,TECPETROL S.A.,3901.16406666667
2010,9,2010-09,TOTAL AUSTRAL S.A.,38741.1833333333
2010,9,2010-09,YPF S.A.,32580.500975
2010,10,2010-10,APACHE ENERGIA ARGENTINA S.R.L.,3925.7064516129
2010,10,2010-10,APACHE PETROLERA ARGENTINA S.A.,28.3064516129032
2010,10,2010-10,APCO ARGENTINA INC.,0
2010,10,2010-10,ARGENTA ENERGIA S.A.,0
2010,10,2010-10,CAPEX S.A.,1946.14903225806
2010,10,2010-10,CENTRAL INTERNATIONAL CORPORATION (SUCURSAL ARGENTINA),31.3258064516129
2010,10,2010-10,CHAÑARES ENERGIA S.A.,21.4443870967742
2010,10,2010-10,CHEVRON ARGENTINA S.R.L.,748.345806451613
2010,10,2010-10,COLHUE HUAPI S.A.,16.6129032258065
2010,10,2010-10,COMPAÑÍA GENERAL DE COMBUSTIBLES S.A.,39.5790322580645
2010,10,2010-10,COMPAÑÍAS ASOCIADAS PETROLERAS S.A.,66.3703225806452
2010,10,2010-10,"CRI HOLDING, INC.",0.419032258064516
2010,10,2010-10,DAPETROL S.A.,0
2010,10,2010-10,ENAP SIPETROL ARGENTINA S.A.,146.589677419355
2010,10,2010-10,ENARSA ENERGIA ARGENTINA S.A.,0
2010,10,2010-10,ENERGIAL S.A.,0
2010,10,2010-10,EPSUR S.A.,7.82677419354839
2010,10,2010-10,EZ HOLDINGS S.A.,0
2010,10,2010-10,GEOPARK ARGENTINA LTD. (SUCURSAL ARGENTINA),2.76129032258065
2010,10,2010-10,GRECOIL y CIA. S.R.L.,0.954838709677419
2010,10,2010-10,HIGH LUCK GROUP LTD. - SUCURSAL ARGENTINA,0
2010,10,2010-10,INGENIERIA ALPA S.A.,2.23158064516129
2010,10,2010-10,INTERENERGY ARGENTINA S.A.,0.00645161290322581
2010,10,2010-10,MADALENA AUSTRAL S.A.,0
2010,10,2010-10,MADALENA ENERGY ARGENTINA SRL ,20.3
2010,10,2010-10,MADALENA PETROLEUM (AMERICAS) LTD. (SUCURSAL ARGENTINA),148.022193548387
2010,10,2010-10,MEDANITO S.A.,426.387096774194
2010,10,2010-10,MISAHAR ARGENTINA S.A.,0
2010,10,2010-10,NECON S.A.,0
2010,10,2010-10,"OCCIDENTAL ARGENTINA EXPLORATION AND PRODUCTION, INC.",2186.78028225806
2010,10,2010-10,OIL M&S S.A.,0
2010,10,2010-10,PAN AMERICAN ENERGY (SUCURSAL ARGENTINA) LLC,16091.1577419355
2010,10,2010-10,PETRO ANDINA RESOURCES LTD.,193.516129032258
2010,10,2010-10,PETROBRAS ARGENTINA S.A.,11632.6282903226
2010,10,2010-10,PETROFARO S.A.,66.9356129032258
2010,10,2010-10,PETROLEOS SUDAMERICANOS S.A.,29.1770967741935
2010,10,2010-10,PETROLERA CERRO NEGRO S.A.,37.0707741935484
2010,10,2010-10,PETROLERA EL TREBOL S.A.,9.26051612903226
2010,10,2010-10,PETROLERA ENTRE LOMAS S.A.,1044.12580645161
2010,10,2010-10,PETROLERA LF COMPANY S.R.L.,4494.25806451613
2010,10,2010-10,PETROLERA PATAGONIA S.R.L.,0
2010,10,2010-10,PETROLERA PIEDRA DEL AGUILA S.A.,29.6487741935484
2010,10,2010-10,PETROLERA SAN JOSE S.R.L.,6.32935483870968
2010,10,2010-10,PETROMINERA CHUBUT S.E.,0
2010,10,2010-10,PETROQUIMICA COMODORO RIVADAVIA S.A.,639.08064516129
2010,10,2010-10,PLUSPETROL ENERGY S.A.,4906.37909677419
2010,10,2010-10,PLUSPETROL S.A.,4256.90567741936
2010,10,2010-10,ROCH S.A.,1892.54167741935
2010,10,2010-10,SAN JORGE PETROLEUM S.A.,166.469
2010,10,2010-10,TECPETROL S.A.,3737.96009677419
2010,10,2010-10,TOTAL AUSTRAL S.A.,36707.2653225806
2010,10,2010-10,YPF S.A.,32137.9316367742
2010,11,2010-11,APACHE ENERGIA ARGENTINA S.R.L.,3789.07333333333
2010,11,2010-11,APACHE PETROLERA ARGENTINA S.A.,30.86
2010,11,2010-11,APCO ARGENTINA INC.,0
2010,11,2010-11,ARGENTA ENERGIA S.A.,0
2010,11,2010-11,CAPEX S.A.,1986.44566666667
2010,11,2010-11,CENTRAL INTERNATIONAL CORPORATION (SUCURSAL ARGENTINA),33.8626666666667
2010,11,2010-11,CHAÑARES ENERGIA S.A.,20.6715666666667
2010,11,2010-11,CHEVRON ARGENTINA S.R.L.,720.020333333333
2010,11,2010-11,COLHUE HUAPI S.A.,16.6433333333333
2010,11,2010-11,COMPAÑÍA GENERAL DE COMBUSTIBLES S.A.,40.0716666666667
2010,11,2010-11,COMPAÑÍAS ASOCIADAS PETROLERAS S.A.,64.116
2010,11,2010-11,"CRI HOLDING, INC.",0.3033
2010,11,2010-11,DAPETROL S.A.,0
2010,11,2010-11,ENAP SIPETROL ARGENTINA S.A.,149.827
2010,11,2010-11,ENARSA ENERGIA ARGENTINA S.A.,0
2010,11,2010-11,ENERGIAL S.A.,0
2010,11,2010-11,EPSUR S.A.,8.16466666666667
2010,11,2010-11,EZ HOLDINGS S.A.,0
2010,11,2010-11,GEOPARK ARGENTINA LTD. (SUCURSAL ARGENTINA),2.447
2010,11,2010-11,GRECOIL y CIA. S.R.L.,0.963333333333333
2010,11,2010-11,HIGH LUCK GROUP LTD. - SUCURSAL ARGENTINA,0
2010,11,2010-11,INGENIERIA ALPA S.A.,2.53433333333333
2010,11,2010-11,INTERENERGY ARGENTINA S.A.,0.00333333333333333
2010,11,2010-11,MADALENA AUSTRAL S.A.,0
2010,11,2010-11,MADALENA ENERGY ARGENTINA SRL ,19.5666666666667
2010,11,2010-11,MADALENA PETROLEUM (AMERICAS) LTD. (SUCURSAL ARGENTINA),135.898
2010,11,2010-11,MEDANITO S.A.,452.72
2010,11,2010-11,MISAHAR ARGENTINA S.A.,0
2010,11,2010-11,NECON S.A.,0
2010,11,2010-11,"OCCIDENTAL ARGENTINA EXPLORATION AND PRODUCTION, INC.",2248.06883266667
2010,11,2010-11,OIL M&S S.A.,0
2010,11,2010-11,PAN AMERICAN ENERGY (SUCURSAL ARGENTINA) LLC,15589.097
2010,11,2010-11,PETRO ANDINA RESOURCES LTD.,188.066666666667
2010,11,2010-11,PETROBRAS ARGENTINA S.A.,11211.4359
2010,11,2010-11,PETROFARO S.A.,60.8255666666667
2010,11,2010-11,PETROLEOS SUDAMERICANOS S.A.,29.1966666666667
2010,11,2010-11,PETROLERA CERRO NEGRO S.A.,41.9918666666667
2010,11,2010-11,PETROLERA EL TREBOL S.A.,10.3231333333333
2010,11,2010-11,PETROLERA ENTRE LOMAS S.A.,1112.98666666667
2010,11,2010-11,PETROLERA LF COMPANY S.R.L.,4283.14
2010,11,2010-11,PETROLERA PATAGONIA S.R.L.,0
2010,11,2010-11,PETROLERA PIEDRA DEL AGUILA S.A.,26.8783333333333
2010,11,2010-11,PETROLERA SAN JOSE S.R.L.,5.94666666666667
2010,11,2010-11,PETROMINERA CHUBUT S.E.,0
2010,11,2010-11,PETROQUIMICA COMODORO RIVADAVIA S.A.,707.899666666667
2010,11,2010-11,PLUSPETROL ENERGY S.A.,4803.63126666667
2010,11,2010-11,PLUSPETROL S.A.,4017.66373333333
2010,11,2010-11,ROCH S.A.,1949.35606666667
2010,11,2010-11,SAN JORGE PETROLEUM S.A.,151.874533333333
2010,11,2010-11,TECPETROL S.A.,3792.23706666667
2010,11,2010-11,TOTAL AUSTRAL S.A.,34262.5253666667
2010,11,2010-11,YPF S.A.,31766.656206
2010,12,2010-12,APACHE ENERGIA ARGENTINA S.R.L.,3787.5064516129
2010,12,2010-12,APACHE PETROLERA ARGENTINA S.A.,27.458064516129
2010,12,2010-12,APCO ARGENTINA INC.,0
2010,12,2010-12,ARGENTA ENERGIA S.A.,0
2010,12,2010-12,CAPEX S.A.,1975.38580645161
2010,12,2010-12,CENTRAL INTERNATIONAL CORPORATION (SUCURSAL ARGENTINA),26.8316129032258
2010,12,2010-12,CHAÑARES ENERGIA S.A.,19.8210322580645
2010,12,2010-12,CHEVRON ARGENTINA S.R.L.,695.717741935484
2010,12,2010-12,COLHUE HUAPI S.A.,16.558064516129
2010,12,2010-12,COMPAÑÍA GENERAL DE COMBUSTIBLES S.A.,47.8645161290323
2010,12,2010-12,COMPAÑÍAS ASOCIADAS PETROLERAS S.A.,65.8022580645161
2010,12,2010-12,"CRI HOLDING, INC.",0.250129032258064
2010,12,2010-12,DAPETROL S.A.,0
2010,12,2010-12,ENAP SIPETROL ARGENTINA S.A.,186.57
2010,12,2010-12,ENARSA ENERGIA ARGENTINA S.A.,0.603774193548387
2010,12,2010-12,ENERGIAL S.A.,0
2010,12,2010-12,EPSUR S.A.,9.33838709677419
2010,12,2010-12,EZ HOLDINGS S.A.,0
2010,12,2010-12,GEOPARK ARGENTINA LTD. (SUCURSAL ARGENTINA),2.42709677419355
2010,12,2010-12,GRECOIL y CIA. S.R.L.,0.919677419354839
2010,12,2010-12,HIGH LUCK GROUP LTD. - SUCURSAL ARGENTINA,0
2010,12,2010-12,INGENIERIA ALPA S.A.,0.52258064516129
2010,12,2010-12,INTERENERGY ARGENTINA S.A.,0.0032258064516129
2010,12,2010-12,MADALENA AUSTRAL S.A.,0
2010,12,2010-12,MADALENA ENERGY ARGENTINA SRL ,18.8645161290323
2010,12,2010-12,MADALENA PETROLEUM (AMERICAS) LTD. (SUCURSAL ARGENTINA),144.115419354839
2010,12,2010-12,MEDANITO S.A.,455.548387096774
2010,12,2010-12,MISAHAR ARGENTINA S.A.,0
2010,12,2010-12,NECON S.A.,0
2010,12,2010-12,"OCCIDENTAL ARGENTINA EXPLORATION AND PRODUCTION, INC.",1624.94692516129
2010,12,2010-12,OIL M&S S.A.,0
2010,12,2010-12,PAN AMERICAN ENERGY (SUCURSAL ARGENTINA) LLC,15539.9951612903
2010,12,2010-12,PETRO ANDINA RESOURCES LTD.,193.161290322581
2010,12,2010-12,PETROBRAS ARGENTINA S.A.,11244.8523870968
2010,12,2010-12,PETROFARO S.A.,58.0074193548387
2010,12,2010-12,PETROLEOS SUDAMERICANOS S.A.,28.3
2010,12,2010-12,PETROLERA CERRO NEGRO S.A.,35.3661935483871
2010,12,2010-12,PETROLERA EL TREBOL S.A.,8.02387096774194
2010,12,2010-12,PETROLERA ENTRE LOMAS S.A.,1219.6
2010,12,2010-12,PETROLERA LF COMPANY S.R.L.,4293.08387096774
2010,12,2010-12,PETROLERA PATAGONIA S.R.L.,0
2010,12,2010-12,PETROLERA PIEDRA DEL AGUILA S.A.,26.3101935483871
2010,12,2010-12,PETROLERA SAN JOSE S.R.L.,5.57129032258065
2010,12,2010-12,PETROMINERA CHUBUT S.E.,0
2010,12,2010-12,PETROQUIMICA COMODORO RIVADAVIA S.A.,561.745806451613
2010,12,2010-12,PLUSPETROL ENERGY S.A.,4726.99532258065
2010,12,2010-12,PLUSPETROL S.A.,4218.66338709677
2010,12,2010-12,ROCH S.A.,1904.99077419355
2010,12,2010-12,SAN JORGE PETROLEUM S.A.,164.774193548387
2010,12,2010-12,TECPETROL S.A.,3799.39151612903
2010,12,2010-12,TOTAL AUSTRAL S.A.,35889.9779354839
2010,12,2010-12,YPF S.A.,29784.5735174194
2011,1,2011-01,APACHE ENERGIA ARGENTINA S.R.L.,3927.55483870968
2011,1,2011-01,APACHE PETROLERA ARGENTINA S.A.,41.4064516129032
2011,1,2011-01,APCO ARGENTINA INC.,0
2011,1,2011-01,ARGENTA ENERGIA S.A.,0
2011,1,2011-01,CAPEX S.A.,1919.43161290323
2011,1,2011-01,CENTRAL INTERNATIONAL CORPORATION (SUCURSAL ARGENTINA),30.2812903225806
2011,1,2011-01,CHAÑARES ENERGIA S.A.,20.1508709677419
2011,1,2011-01,CHEVRON ARGENTINA S.R.L.,720.500967741935
2011,1,2011-01,COLHUE HUAPI S.A.,16.5483870967742
2011,1,2011-01,COMPAÑÍA GENERAL DE COMBUSTIBLES S.A.,64.8825806451613
2011,1,2011-01,COMPAÑÍAS ASOCIADAS PETROLERAS S.A.,67.0338709677419
2011,1,2011-01,"CRI HOLDING, INC.",0.249225806451613
2011,1,2011-01,DAPETROL S.A.,0
2011,1,2011-01,ENAP SIPETROL ARGENTINA S.A.,801.106129032258
2011,1,2011-01,ENARSA ENERGIA ARGENTINA S.A.,4.78096774193548
2011,1,2011-01,ENERGIAL S.A.,0
2011,1,2011-01,EPSUR S.A.,8.50903225806452
2011,1,2011-01,EXXONMOBIL EXPLORATION ARGENTINA S.R.L.,0
2011,1,2011-01,EZ HOLDINGS S.A.,0
2011,1,2011-01,GEOPARK ARGENTINA LTD. (SUCURSAL ARGENTINA),2.12032258064516
2011,1,2011-01,GOLDEN OIL CORPORATION Suc. Arg.,3.9341935483871
2011,1,2011-01,GRECOIL y CIA. S.R.L.,0.913548387096774
2011,1,2011-01,HIGH LUCK GROUP LTD. - SUCURSAL ARGENTINA,0
2011,1,2011-01,INGENIERIA ALPA S.A.,10.8829032258065
2011,1,2011-01,INTERENERGY ARGENTINA S.A.,0.0032258064516129
2011,1,2011-01,MADALENA AUSTRAL S.A.,0
2011,1,2011-01,MADALENA ENERGY ARGENTINA SRL ,18.9064516129032
2011,1,2011-01,MADALENA PETROLEUM (AMERICAS) LTD. (SUCURSAL ARGENTINA),145.106935483871
2011,1,2011-01,MEDANITO S.A.,432.741935483871
2011,1,2011-01,MISAHAR ARGENTINA S.A.,0
2011,1,2011-01,NECON S.A.,0
2011,1,2011-01,"OCCIDENTAL ARGENTINA EXPLORATION AND PRODUCTION, INC.",1997.17731096774
2011,1,2011-01,OIL M&S S.A.,0
2011,1,2011-01,PAN AMERICAN ENERGY (SUCURSAL ARGENTINA) LLC,15575.8319354839
2011,1,2011-01,PETRO ANDINA RESOURCES LTD.,199.709677419355
2011,1,2011-01,PETROBRAS ARGENTINA S.A.,11462.7094193548
2011,1,2011-01,PETROFARO S.A.,57.8861612903226
2011,1,2011-01,PETROLEOS SUDAMERICANOS S.A.,28.1803225806452
2011,1,2011-01,PETROLERA CERRO NEGRO S.A.,44.6862580645161
2011,1,2011-01,PETROLERA EL TREBOL S.A.,9.21274193548387
2011,1,2011-01,PETROLERA ENTRE LOMAS S.A.,1200.63548387097
2011,1,2011-01,PETROLERA LF COMPANY S.R.L.,3801.08709677419
2011,1,2011-01,PETROLERA PATAGONIA S.R.L.,0
2011,1,2011-01,PETROLERA PIEDRA DEL AGUILA S.A.,23.3727419354839
2011,1,2011-01,PETROLERA SAN JOSE S.R.L.,5.25161290322581
2011,1,2011-01,PETROMINERA CHUBUT S.E.,0
2011,1,2011-01,PETROQUIMICA COMODORO RIVADAVIA S.A.,699.745161290323
2011,1,2011-01,PLUSPETROL ENERGY S.A.,4624.79935483871
2011,1,2011-01,PLUSPETROL S.A.,4073.211
2011,1,2011-01,ROCH S.A.,1723.33977419355
2011,1,2011-01,SAN JORGE PETROLEUM S.A.,167.870967741935
2011,1,2011-01,TECPETROL S.A.,3795.36780645161
2011,1,2011-01,TOTAL AUSTRAL S.A.,34516.2330322581
2011,1,2011-01,YPF S.A.,30884.2596774194
2011,2,2011-02,APACHE ENERGIA ARGENTINA S.R.L.,3912.16428571429
2011,2,2011-02,APACHE PETROLERA ARGENTINA S.A.,64.6107142857143
2011,2,2011-02,APCO ARGENTINA INC.,0
2011,2,2011-02,ARGENTA ENERGIA S.A.,0
2011,2,2011-02,CAPEX S.A.,1915.265
2011,2,2011-02,CENTRAL INTERNATIONAL CORPORATION (SUCURSAL ARGENTINA),18.1714285714286
2011,2,2011-02,CHAÑARES ENERGIA S.A.,20.7178928571429
2011,2,2011-02,CHEVRON ARGENTINA S.R.L.,726.221785714286
2011,2,2011-02,COLHUE HUAPI S.A.,16.7464285714286
2011,2,2011-02,COMPAÑÍA GENERAL DE COMBUSTIBLES S.A.,51.83925
2011,2,2011-02,COMPAÑÍAS ASOCIADAS PETROLERAS S.A.,69.6932142857143
2011,2,2011-02,"CRI HOLDING, INC.",0.240678571428571
2011,2,2011-02,DAPETROL S.A.,0
2011,2,2011-02,ENAP SIPETROL ARGENTINA S.A.,864.284285714286
2011,2,2011-02,ENARSA ENERGIA ARGENTINA S.A.,4.93214285714286
2011,2,2011-02,ENERGIAL S.A.,0
2011,2,2011-02,ENERGICON S.A.,0
2011,2,2011-02,EPSUR S.A.,9.72071428571429
2011,2,2011-02,EXXONMOBIL EXPLORATION ARGENTINA S.R.L.,0
2011,2,2011-02,EZ HOLDINGS S.A.,0
2011,2,2011-02,GEOPARK ARGENTINA LTD. (SUCURSAL ARGENTINA),2.23071428571429
2011,2,2011-02,GOLDEN OIL CORPORATION Suc. Arg.,2.135
2011,2,2011-02,GRECOIL y CIA. S.R.L.,0.843214285714286
2011,2,2011-02,HIGH LUCK GROUP LTD. - SUCURSAL ARGENTINA,0
2011,2,2011-02,INGENIERIA ALPA S.A.,9.92107142857143
2011,2,2011-02,INTERENERGY ARGENTINA S.A.,0.00357142857142857
2011,2,2011-02,MADALENA AUSTRAL S.A.,0
2011,2,2011-02,MADALENA ENERGY ARGENTINA SRL ,19.4678571428571
2011,2,2011-02,MADALENA PETROLEUM (AMERICAS) LTD. (SUCURSAL ARGENTINA),143.213892857143
2011,2,2011-02,MEDANITO S.A.,447.357142857143
2011,2,2011-02,MISAHAR ARGENTINA S.A.,3.61464285714286
2011,2,2011-02,NECON S.A.,0
2011,2,2011-02,"OCCIDENTAL ARGENTINA EXPLORATION AND PRODUCTION, INC.",1997.789085
2011,2,2011-02,OIL M&S S.A.,0
2011,2,2011-02,PAN AMERICAN ENERGY (SUCURSAL ARGENTINA) LLC,15437.2139285714
2011,2,2011-02,PETRO ANDINA RESOURCES LTD.,199.464285714286
2011,2,2011-02,PETROBRAS ARGENTINA S.A.,11069.8546071429
2011,2,2011-02,PETROFARO S.A.,58.3799285714286
2011,2,2011-02,PETROLEOS SUDAMERICANOS S.A.,27.3707142857143
2011,2,2011-02,PETROLERA CERRO NEGRO S.A.,18.64
2011,2,2011-02,PETROLERA EL TREBOL S.A.,9.381
2011,2,2011-02,PETROLERA ENTRE LOMAS S.A.,1208.99285714286
2011,2,2011-02,PETROLERA LF COMPANY S.R.L.,4088.72857142857
2011,2,2011-02,PETROLERA PATAGONIA S.R.L.,0
2011,2,2011-02,PETROLERA PIEDRA DEL AGUILA S.A.,22.0028571428571
2011,2,2011-02,PETROLERA SAN JOSE S.R.L.,5.77464285714286
2011,2,2011-02,PETROMINERA CHUBUT S.E.,0
2011,2,2011-02,PETROQUIMICA COMODORO RIVADAVIA S.A.,699.459642857143
2011,2,2011-02,PLUSPETROL ENERGY S.A.,4496.81103571429
2011,2,2011-02,PLUSPETROL S.A.,3944.20421428571
2011,2,2011-02,ROCH S.A.,1848.81028571429
2011,2,2011-02,SAN JORGE PETROLEUM S.A.,126.714285714286
2011,2,2011-02,TECPETROL S.A.,3940.53185714286
2011,2,2011-02,TOTAL AUSTRAL S.A.,35578.9703214286
2011,2,2011-02,YPF S.A.,30381.7878571429
2011,3,2011-03,APACHE ENERGIA ARGENTINA S.R.L.,4024.6064516129
2011,3,2011-03,APACHE PETROLERA ARGENTINA S.A.,42.8354838709677
2011,3,2011-03,APCO ARGENTINA INC.,0
2011,3,2011-03,ARGENTA ENERGIA S.A.,0
2011,3,2011-03,CAPEX S.A.,1887.90967741935
2011,3,2011-03,CENTRAL INTERNATIONAL CORPORATION (SUCURSAL ARGENTINA),16.9032258064516
2011,3,2011-03,CHAÑARES ENERGIA S.A.,19.6563548387097
2011,3,2011-03,CHEVRON ARGENTINA S.R.L.,747.674838709677
2011,3,2011-03,COLHUE HUAPI S.A.,16.8516129032258
2011,3,2011-03,COMPAÑÍA GENERAL DE COMBUSTIBLES S.A.,47.358
2011,3,2011-03,COMPAÑÍAS ASOCIADAS PETROLERAS S.A.,61.5074193548387
2011,3,2011-03,"CRI HOLDING, INC.",0.245967741935484
2011,3,2011-03,DAPETROL S.A.,0
2011,3,2011-03,ENAP SIPETROL ARGENTINA S.A.,818.909677419355
2011,3,2011-03,ENARSA ENERGIA ARGENTINA S.A.,4.71322580645161
2011,3,2011-03,ENERGIAL S.A.,0
2011,3,2011-03,ENERGICON S.A.,0
2011,3,2011-03,EPSUR S.A.,9.98322580645161
2011,3,2011-03,EXXONMOBIL EXPLORATION ARGENTINA S.R.L.,0
2011,3,2011-03,EZ HOLDINGS S.A.,0
2011,3,2011-03,GEOPARK ARGENTINA LTD. (SUCURSAL ARGENTINA),2.06806451612903
2011,3,2011-03,GOLDEN OIL CORPORATION Suc. Arg.,2.22709677419355
2011,3,2011-03,GRECOIL y CIA. S.R.L.,0.972903225806452
2011,3,2011-03,HIGH LUCK GROUP LTD. - SUCURSAL ARGENTINA,0
2011,3,2011-03,INGENIERIA ALPA S.A.,8.30096774193548
2011,3,2011-03,INTERENERGY ARGENTINA S.A.,0.0032258064516129
2011,3,2011-03,MADALENA AUSTRAL S.A.,0
2011,3,2011-03,MADALENA ENERGY ARGENTINA SRL ,18.6516129032258
2011,3,2011-03,MADALENA PETROLEUM (AMERICAS) LTD. (SUCURSAL ARGENTINA),130.566483870968
2011,3,2011-03,MEDANITO S.A.,453
2011,3,2011-03,MISAHAR ARGENTINA S.A.,0
2011,3,2011-03,NECON S.A.,0
2011,3,2011-03,OIL M&S S.A.,0
2011,3,2011-03,PAN AMERICAN ENERGY (SUCURSAL ARGENTINA) LLC,15289.0796774194
2011,3,2011-03,PETRO ANDINA RESOURCES LTD.,205.387096774194
2011,3,2011-03,PETROBRAS ARGENTINA S.A.,11178.4005806452
2011,3,2011-03,PETROFARO S.A.,69.1405161290323
2011,3,2011-03,PETROLEOS SUDAMERICANOS S.A.,28.1561290322581
2011,3,2011-03,PETROLERA CERRO NEGRO S.A.,18.64
2011,3,2011-03,PETROLERA EL TREBOL S.A.,9.40058064516129
2011,3,2011-03,PETROLERA ENTRE LOMAS S.A.,1200.10967741935
2011,3,2011-03,PETROLERA LF COMPANY S.R.L.,4358.00967741935
2011,3,2011-03,PETROLERA PATAGONIA S.R.L.,0
2011,3,2011-03,PETROLERA PIEDRA DEL AGUILA S.A.,13.639935483871
2011,3,2011-03,PETROLERA SAN JOSE S.R.L.,5.94258064516129
2011,3,2011-03,PETROMINERA CHUBUT S.E.,0
2011,3,2011-03,PETROQUIMICA COMODORO RIVADAVIA S.A.,669.608064516129
2011,3,2011-03,PLUSPETROL ENERGY S.A.,4386.10864516129
2011,3,2011-03,PLUSPETROL S.A.,3960.24425806452
2011,3,2011-03,ROCH S.A.,1797.57567741935
2011,3,2011-03,SAN JORGE PETROLEUM S.A.,118.548387096774
2011,3,2011-03,"SINOPEC ARGENTINA EXPLORATION AND PRODUCTION, INC.",1981.77152
2011,3,2011-03,TECPETROL S.A.,4001.95522580645
2011,3,2011-03,TOTAL AUSTRAL S.A.,33957.6526129032
2011,3,2011-03,UNITEC ENERGY S.A.,0.571870967741936
2011,3,2011-03,YPF S.A.,29987.4587096774
2011,4,2011-04,APACHE ENERGIA ARGENTINA S.R.L.,4177.73666666667
2011,4,2011-04,APACHE PETROLERA ARGENTINA S.A.,37.91
2011,4,2011-04,APCO ARGENTINA INC.,0
2011,4,2011-04,ARGENTA ENERGIA S.A.,0
2011,4,2011-04,CAPEX S.A.,1865.90766666667
2011,4,2011-04,CENTRAL INTERNATIONAL CORPORATION (SUCURSAL ARGENTINA),18.3566666666667
2011,4,2011-04,CHAÑARES ENERGIA S.A.,18.8705666666667
2011,4,2011-04,CHEVRON ARGENTINA S.R.L.,716.167666666667
2011,4,2011-04,COLHUE HUAPI S.A.,16.7666666666667
2011,4,2011-04,COMPAÑÍA GENERAL DE COMBUSTIBLES S.A.,48.2706
2011,4,2011-04,COMPAÑÍAS ASOCIADAS PETROLERAS S.A.,63.789
2011,4,2011-04,"CRI HOLDING, INC.",0.258033333333333
2011,4,2011-04,DAPETROL S.A.,0
2011,4,2011-04,ENAP SIPETROL ARGENTINA S.A.,826.203333333333
2011,4,2011-04,ENARSA ENERGIA ARGENTINA S.A.,4.47133333333333
2011,4,2011-04,ENERGIAL S.A.,0
2011,4,2011-04,ENERGICON S.A.,0
2011,4,2011-04,EPSUR S.A.,9.55333333333333
2011,4,2011-04,EXXONMOBIL EXPLORATION ARGENTINA S.R.L.,0
2011,4,2011-04,EZ HOLDINGS S.A.,0
2011,4,2011-04,GEOPARK ARGENTINA LTD. (SUCURSAL ARGENTINA),2.47033333333333
2011,4,2011-04,GOLDEN OIL CORPORATION Suc. Arg.,1.83066666666667
2011,4,2011-04,GRECOIL y CIA. S.R.L.,0.832333333333333
2011,4,2011-04,HIGH LUCK GROUP LTD. - SUCURSAL ARGENTINA,0
2011,4,2011-04,INGENIERIA ALPA S.A.,0.995666666666667
2011,4,2011-04,INTERENERGY ARGENTINA S.A.,0.00333333333333333
2011,4,2011-04,MADALENA AUSTRAL S.A.,0
2011,4,2011-04,MADALENA ENERGY ARGENTINA SRL ,18.37
2011,4,2011-04,MADALENA PETROLEUM (AMERICAS) LTD. (SUCURSAL ARGENTINA),130.424333333333
2011,4,2011-04,MEDANITO S.A.,462.233333333333
2011,4,2011-04,MISAHAR ARGENTINA S.A.,1.822
2011,4,2011-04,NECON S.A.,0
2011,4,2011-04,OIL M&S S.A.,0
2011,4,2011-04,PAN AMERICAN ENERGY (SUCURSAL ARGENTINA) LLC,14413.7366666667
2011,4,2011-04,PETRO ANDINA RESOURCES LTD.,203.333333333333
2011,4,2011-04,PETROBRAS ARGENTINA S.A.,10873.4429333333
2011,4,2011-04,PETROFARO S.A.,38.6153333333333
2011,4,2011-04,PETROLEOS SUDAMERICANOS S.A.,27.8053333333333
2011,4,2011-04,PETROLERA CERRO NEGRO S.A.,18.64
2011,4,2011-04,PETROLERA EL TREBOL S.A.,7.7875
2011,4,2011-04,PETROLERA ENTRE LOMAS S.A.,1187.34666666667
2011,4,2011-04,PETROLERA LF COMPANY S.R.L.,4376.20666666667
2011,4,2011-04,PETROLERA PATAGONIA S.R.L.,0
2011,4,2011-04,PETROLERA PIEDRA DEL AGUILA S.A.,0.2046
2011,4,2011-04,PETROLERA SAN JOSE S.R.L.,5.82
2011,4,2011-04,PETROMINERA CHUBUT S.E.,0
2011,4,2011-04,PETROQUIMICA COMODORO RIVADAVIA S.A.,696.186
2011,4,2011-04,PLUSPETROL ENERGY S.A.,4313.6289
2011,4,2011-04,PLUSPETROL S.A.,4125.18563333333
2011,4,2011-04,ROCH S.A.,1768.71476666667
2011,4,2011-04,SAN JORGE PETROLEUM S.A.,122.269266666667
2011,4,2011-04,"SINOPEC ARGENTINA EXPLORATION AND PRODUCTION, INC.",259.629955
2011,4,2011-04,TECPETROL S.A.,4001.80463333333
2011,4,2011-04,TOTAL AUSTRAL S.A.,37904.3929
2011,4,2011-04,UNITEC ENERGY S.A.,0.433333333333333
2011,4,2011-04,YPF S.A.,27655.6973333333
2011,5,2011-05,APACHE ENERGIA ARGENTINA S.R.L.,4512.66129032258
2011,5,2011-05,APACHE PETROLERA ARGENTINA S.A.,42.7967741935484
2011,5,2011-05,APCO ARGENTINA INC.,0
2011,5,2011-05,ARGENTA ENERGIA S.A.,0
2011,5,2011-05,CAPEX S.A.,1830.09258064516
2011,5,2011-05,CENTRAL INTERNATIONAL CORPORATION (SUCURSAL ARGENTINA),26.3822580645161
2011,5,2011-05,CHAÑARES ENERGIA S.A.,19.218064516129
2011,5,2011-05,CHEVRON ARGENTINA S.R.L.,698.041612903226
2011,5,2011-05,COLHUE HUAPI S.A.,16.7548387096774
2011,5,2011-05,COMPAÑÍA GENERAL DE COMBUSTIBLES S.A.,44.6320967741935
2011,5,2011-05,COMPAÑÍAS ASOCIADAS PETROLERAS S.A.,65.7445161290322
2011,5,2011-05,"CRI HOLDING, INC.",0.239290322580645
2011,5,2011-05,DAPETROL S.A.,0
2011,5,2011-05,ENAP SIPETROL ARGENTINA S.A.,882.742258064516
2011,5,2011-05,ENARSA ENERGIA ARGENTINA S.A.,4.35483870967742
2011,5,2011-05,ENERGIAL S.A.,0
2011,5,2011-05,ENERGICON S.A.,0
2011,5,2011-05,EPSUR S.A.,5.37451612903226
2011,5,2011-05,EXXONMOBIL EXPLORATION ARGENTINA S.R.L.,0
2011,5,2011-05,EZ HOLDINGS S.A.,0
2011,5,2011-05,GEOPARK ARGENTINA LTD. (SUCURSAL ARGENTINA),2.61
2011,5,2011-05,GOLDEN OIL CORPORATION Suc. Arg.,1.68129032258065
2011,5,2011-05,GRECOIL y CIA. S.R.L.,0.862903225806452
2011,5,2011-05,HIGH LUCK GROUP LTD. - SUCURSAL ARGENTINA,0
2011,5,2011-05,INGENIERIA ALPA S.A.,6.29461290322581
2011,5,2011-05,INTERENERGY ARGENTINA S.A.,0.0032258064516129
2011,5,2011-05,MADALENA AUSTRAL S.A.,0
2011,5,2011-05,MADALENA ENERGY ARGENTINA SRL ,18.5993548387097
2011,5,2011-05,MADALENA PETROLEUM (AMERICAS) LTD. (SUCURSAL ARGENTINA),140.595064516129
2011,5,2011-05,MEDANITO S.A.,496.612903225806
2011,5,2011-05,MISAHAR ARGENTINA S.A.,0.128387096774194
2011,5,2011-05,NECON S.A.,0
2011,5,2011-05,OIL M&S S.A.,0
2011,5,2011-05,OILSTONE ENERGIA S.A.,103.141935483871
2011,5,2011-05,PAN AMERICAN ENERGY (SUCURSAL ARGENTINA) LLC,15668.1880645161
2011,5,2011-05,PETRO ANDINA RESOURCES LTD.,200.516129032258
2011,5,2011-05,PETROBRAS ARGENTINA S.A.,11193.6879677419
2011,5,2011-05,PETROFARO S.A.,56.3030322580645
2011,5,2011-05,PETROLEOS SUDAMERICANOS S.A.,27.9761290322581
2011,5,2011-05,PETROLERA CERRO NEGRO S.A.,34.6799032258064
2011,5,2011-05,PETROLERA EL TREBOL S.A.,10.0917096774194
2011,5,2011-05,PETROLERA ENTRE LOMAS S.A.,1182.22258064516
2011,5,2011-05,PETROLERA LF COMPANY S.R.L.,4260.36451612903
2011,5,2011-05,PETROLERA PATAGONIA S.R.L.,0
2011,5,2011-05,PETROLERA PIEDRA DEL AGUILA S.A.,0.278451612903226
2011,5,2011-05,PETROLERA SAN JOSE S.R.L.,5.72483870967742
2011,5,2011-05,PETROMINERA CHUBUT S.E.,0
2011,5,2011-05,PETROQUIMICA COMODORO RIVADAVIA S.A.,738.238709677419
2011,5,2011-05,PLUSPETROL ENERGY S.A.,4271.10351612903
2011,5,2011-05,PLUSPETROL S.A.,4115.62732258065
2011,5,2011-05,ROCH S.A.,1803.52264516129
2011,5,2011-05,SAN JORGE PETROLEUM S.A.,118.225806451613
2011,5,2011-05,"SINOPEC ARGENTINA EXPLORATION AND PRODUCTION, INC.",1234.79969677419
2011,5,2011-05,TECPETROL S.A.,4186.91209677419
2011,5,2011-05,TOTAL AUSTRAL S.A.,38785.9298064516
2011,5,2011-05,UNITEC ENERGY S.A.,0.209677419354839
2011,5,2011-05,YPF S.A.,28169.0158064516
2011,6,2011-06,APACHE ENERGIA ARGENTINA S.R.L.,4676.75666666667
2011,6,2011-06,APACHE PETROLERA ARGENTINA S.A.,28.5333333333333
2011,6,2011-06,APCO ARGENTINA INC.,0
2011,6,2011-06,ARGENTA ENERGIA S.A.,0
2011,6,2011-06,CAPEX S.A.,1802.37366666667
2011,6,2011-06,CENTRAL INTERNATIONAL CORPORATION (SUCURSAL ARGENTINA),27.712
2011,6,2011-06,CHAÑARES ENERGIA S.A.,20.3619333333333
2011,6,2011-06,CHEVRON ARGENTINA S.R.L.,716.279
2011,6,2011-06,COLHUE HUAPI S.A.,16.7433333333333
2011,6,2011-06,COMPAÑÍA GENERAL DE COMBUSTIBLES S.A.,40.099
2011,6,2011-06,COMPAÑÍAS ASOCIADAS PETROLERAS S.A.,59.3013333333333
2011,6,2011-06,"CRI HOLDING, INC.",0.278233333333333
2011,6,2011-06,DAPETROL S.A.,0
2011,6,2011-06,ENAP SIPETROL ARGENTINA S.A.,869.354
2011,6,2011-06,ENARSA ENERGIA ARGENTINA S.A.,3.74433333333333
2011,6,2011-06,ENERGIAL S.A.,0
2011,6,2011-06,ENERGICON S.A.,0
2011,6,2011-06,EPSUR S.A.,5.09966666666667
2011,6,2011-06,EXXONMOBIL EXPLORATION ARGENTINA S.R.L.,0
2011,6,2011-06,EZ HOLDINGS S.A.,0
2011,6,2011-06,GEOPARK ARGENTINA LTD. (SUCURSAL ARGENTINA),2.838
2011,6,2011-06,GOLDEN OIL CORPORATION Suc. Arg.,1.86633333333333
2011,6,2011-06,GRECOIL y CIA. S.R.L.,0.876333333333333
2011,6,2011-06,HIGH LUCK GROUP LTD. - SUCURSAL ARGENTINA,0
2011,6,2011-06,INGENIERIA ALPA S.A.,29.9293
2011,6,2011-06,INTERENERGY ARGENTINA S.A.,0.00333333333333333
2011,6,2011-06,MADALENA AUSTRAL S.A.,0
2011,6,2011-06,MADALENA ENERGY ARGENTINA SRL ,17.5626666666667
2011,6,2011-06,MADALENA PETROLEUM (AMERICAS) LTD. (SUCURSAL ARGENTINA),157.177533333333
2011,6,2011-06,MEDANITO S.A.,515.266666666667
2011,6,2011-06,MISAHAR ARGENTINA S.A.,0.252
2011,6,2011-06,NECON S.A.,0
2011,6,2011-06,OIL M&S S.A.,0
2011,6,2011-06,OILSTONE ENERGIA S.A.,106.05
2011,6,2011-06,PAN AMERICAN ENERGY (SUCURSAL ARGENTINA) LLC,15860.0286666667
2011,6,2011-06,PETRO ANDINA RESOURCES LTD.,207.633333333333
2011,6,2011-06,PETROBRAS ARGENTINA S.A.,11655.9328
2011,6,2011-06,PETROFARO S.A.,47.8407666666667
2011,6,2011-06,PETROLEOS SUDAMERICANOS S.A.,28.7586666666667
2011,6,2011-06,PETROLERA CERRO NEGRO S.A.,34.6827333333333
2011,6,2011-06,PETROLERA EL TREBOL S.A.,11.1397333333333
2011,6,2011-06,PETROLERA ENTRE LOMAS S.A.,1134.88666666667
2011,6,2011-06,PETROLERA LF COMPANY S.R.L.,4604.44333333333
2011,6,2011-06,PETROLERA PATAGONIA S.R.L.,0
2011,6,2011-06,PETROLERA PIEDRA DEL AGUILA S.A.,0
2011,6,2011-06,PETROLERA SAN JOSE S.R.L.,5.63033333333333
2011,6,2011-06,PETROMINERA CHUBUT S.E.,0
2011,6,2011-06,PETROQUIMICA COMODORO RIVADAVIA S.A.,716.200666666667
2011,6,2011-06,PLUSPETROL ENERGY S.A.,4318.06206666667
2011,6,2011-06,PLUSPETROL S.A.,3923.61736666667
2011,6,2011-06,ROCH S.A.,1776.54186666667
2011,6,2011-06,SAN JORGE PETROLEUM S.A.,115.133333333333
2011,6,2011-06,"SINOPEC ARGENTINA EXPLORATION AND PRODUCTION, INC.",1292.330571
2011,6,2011-06,TECPETROL S.A.,4182.80306666667
2011,6,2011-06,TOTAL AUSTRAL S.A.,39605.5411333333
2011,6,2011-06,UNITEC ENERGY S.A.,0.766666666666667
2011,6,2011-06,YPF S.A.,28630.2643333333
2011,7,2011-07,APACHE ENERGIA ARGENTINA S.R.L.,4522.06451612903
2011,7,2011-07,APACHE PETROLERA ARGENTINA S.A.,36.2354838709677
2011,7,2011-07,APCO ARGENTINA INC.,0
2011,7,2011-07,ARGENTA ENERGIA S.A.,0
2011,7,2011-07,CAPEX S.A.,1771.18838709677
2011,7,2011-07,CENTRAL INTERNATIONAL CORPORATION (SUCURSAL ARGENTINA),26.3338709677419
2011,7,2011-07,CHAÑARES ENERGIA S.A.,22.8644838709677
2011,7,2011-07,CHEVRON ARGENTINA S.R.L.,710.741129032258
2011,7,2011-07,COLHUE HUAPI S.A.,16.8
2011,7,2011-07,COMPAÑÍA GENERAL DE COMBUSTIBLES S.A.,37.7301290322581
2011,7,2011-07,COMPAÑÍAS ASOCIADAS PETROLERAS S.A.,55.4809677419355
2011,7,2011-07,"CRI HOLDING, INC.",0.243806451612903
2011,7,2011-07,DAPETROL S.A.,0
2011,7,2011-07,ENAP SIPETROL ARGENTINA S.A.,411.727096774194
2011,7,2011-07,ENARSA ENERGIA ARGENTINA S.A.,2.79225806451613
2011,7,2011-07,ENERGIAL S.A.,0
2011,7,2011-07,ENERGICON S.A.,0
2011,7,2011-07,EPSUR S.A.,2.46033072485719
2011,7,2011-07,EXXONMOBIL EXPLORATION ARGENTINA S.R.L.,0
2011,7,2011-07,EZ HOLDINGS S.A.,0
2011,7,2011-07,GEOPARK ARGENTINA LTD. (SUCURSAL ARGENTINA),2.81032258064516
2011,7,2011-07,GOLDEN OIL CORPORATION Suc. Arg.,5.74
2011,7,2011-07,GRECOIL y CIA. S.R.L.,0.933870967741935
2011,7,2011-07,HIGH LUCK GROUP LTD. - SUCURSAL ARGENTINA,0
2011,7,2011-07,INGENIERIA ALPA S.A.,7.70903225806452
2011,7,2011-07,INTERENERGY ARGENTINA S.A.,0.0032258064516129
2011,7,2011-07,MADALENA AUSTRAL S.A.,0
2011,7,2011-07,MADALENA ENERGY ARGENTINA SRL ,17.7677419354839
2011,7,2011-07,MADALENA PETROLEUM (AMERICAS) LTD. (SUCURSAL ARGENTINA),190.670967741935
2011,7,2011-07,MEDANITO S.A.,533.548387096774
2011,7,2011-07,MISAHAR ARGENTINA S.A.,0.368671741935484
2011,7,2011-07,NECON S.A.,0
2011,7,2011-07,OIL M&S S.A.,0
2011,7,2011-07,OILSTONE ENERGIA S.A.,113.045483870968
2011,7,2011-07,PAN AMERICAN ENERGY (SUCURSAL ARGENTINA) LLC,15756.3987096774
2011,7,2011-07,PETROBRAS ARGENTINA S.A.,11823.1386129032
2011,7,2011-07,PETROFARO S.A.,51.4625806451613
2011,7,2011-07,PETROLEOS SUDAMERICANOS S.A.,29.1677419354839
2011,7,2011-07,PETROLERA CERRO NEGRO S.A.,32.0999677419355
2011,7,2011-07,PETROLERA EL TREBOL S.A.,11.1585806451613
2011,7,2011-07,PETROLERA ENTRE LOMAS S.A.,1112.51290322581
2011,7,2011-07,PETROLERA LF COMPANY S.R.L.,4478.85806451613
2011,7,2011-07,PETROLERA PATAGONIA S.R.L.,0
2011,7,2011-07,PETROLERA PIEDRA DEL AGUILA S.A.,0
2011,7,2011-07,PETROLERA SAN JOSE S.R.L.,5.19838709677419
2011,7,2011-07,PETROMINERA CHUBUT S.E.,0
2011,7,2011-07,PETROQUIMICA COMODORO RIVADAVIA S.A.,729.938709677419
2011,7,2011-07,PLUSPETROL ENERGY S.A.,4219.64396774194
2011,7,2011-07,PLUSPETROL S.A.,4094.17541935484
2011,7,2011-07,ROCH S.A.,1805.10970967742
2011,7,2011-07,SAN JORGE PETROLEUM S.A.,105.536322580645
2011,7,2011-07,"SINOPEC ARGENTINA EXPLORATION AND PRODUCTION, INC.",1678.38890483871
2011,7,2011-07,TECPETROL S.A.,4305.72280645161
2011,7,2011-07,TOTAL AUSTRAL S.A.,38867.4982258065
2011,7,2011-07,UNITEC ENERGY S.A.,1.06451612903226
2011,7,2011-07,YPF S.A.,28904.0680645161
2011,8,2011-08,APACHE ENERGIA ARGENTINA S.R.L.,4818.80322580645
2011,8,2011-08,APACHE PETROLERA ARGENTINA S.A.,34.5387096774194
2011,8,2011-08,APCO ARGENTINA INC.,0
2011,8,2011-08,ARGENTA ENERGIA S.A.,0
2011,8,2011-08,CAPEX S.A.,1809.9935483871
2011,8,2011-08,CENTRAL INTERNATIONAL CORPORATION (SUCURSAL ARGENTINA),26.42
2011,8,2011-08,CHAÑARES ENERGIA S.A.,23.208064516129
2011,8,2011-08,CHEVRON ARGENTINA S.R.L.,717.571612903226
2011,8,2011-08,COLHUE HUAPI S.A.,16.7096774193548
2011,8,2011-08,COMPAÑÍA GENERAL DE COMBUSTIBLES S.A.,36.5387096774194
2011,8,2011-08,COMPAÑÍAS ASOCIADAS PETROLERAS S.A.,63.1745161290323
2011,8,2011-08,"CRI HOLDING, INC.",0.251354838709677
2011,8,2011-08,DAPETROL S.A.,0
2011,8,2011-08,ENAP SIPETROL ARGENTINA S.A.,886.105483870968
2011,8,2011-08,ENARSA ENERGIA ARGENTINA S.A.,2.16161290322581
2011,8,2011-08,ENERGIAL S.A.,0
2011,8,2011-08,ENERGICON S.A.,0
2011,8,2011-08,EPSUR S.A.,3.55370967741935
2011,8,2011-08,EXXONMOBIL EXPLORATION ARGENTINA S.R.L.,0
2011,8,2011-08,EZ HOLDINGS S.A.,0
2011,8,2011-08,GAS Y PETROLEO DEL NEUQUEN S.A.,2.05641935483871
2011,8,2011-08,GEOPARK ARGENTINA LTD. (SUCURSAL ARGENTINA),2.72838709677419
2011,8,2011-08,GOLDEN OIL CORPORATION Suc. Arg.,6.38741935483871
2011,8,2011-08,GRECOIL y CIA. S.R.L.,0.881612903225806
2011,8,2011-08,HIGH LUCK GROUP LTD. - SUCURSAL ARGENTINA,0
2011,8,2011-08,INGENIERIA ALPA S.A.,8.44516129032258
2011,8,2011-08,INTERENERGY ARGENTINA S.A.,0.0032258064516129
2011,8,2011-08,MADALENA AUSTRAL S.A.,0
2011,8,2011-08,MADALENA ENERGY ARGENTINA SRL ,19.3332258064516
2011,8,2011-08,MADALENA PETROLEUM (AMERICAS) LTD. (SUCURSAL ARGENTINA),224.862806451613
2011,8,2011-08,MEDANITO S.A.,518.175290322581
2011,8,2011-08,MISAHAR ARGENTINA S.A.,0.228947612903223
2011,8,2011-08,NECON S.A.,0
2011,8,2011-08,OILSTONE ENERGIA S.A.,95.5683870967742
2011,8,2011-08,PAN AMERICAN ENERGY (SUCURSAL ARGENTINA) LLC,15898.2680645161
2011,8,2011-08,PETROBRAS ARGENTINA S.A.,11575.1840322581
2011,8,2011-08,PETROFARO S.A.,56.868064516129
2011,8,2011-08,PETROLEOS SUDAMERICANOS S.A.,28.4374193548387
2011,8,2011-08,PETROLERA CERRO NEGRO S.A.,27.7706451612903
2011,8,2011-08,PETROLERA EL TREBOL S.A.,9.09461290322581
2011,8,2011-08,PETROLERA ENTRE LOMAS S.A.,1126.26774193548
2011,8,2011-08,PETROLERA LF COMPANY S.R.L.,4410.18064516129
2011,8,2011-08,PETROLERA PATAGONIA S.R.L.,0
2011,8,2011-08,PETROLERA PIEDRA DEL AGUILA S.A.,0
2011,8,2011-08,PETROLERA SAN JOSE S.R.L.,4.98032258064516
2011,8,2011-08,PETROMINERA CHUBUT S.E.,0
2011,8,2011-08,PETROQUIMICA COMODORO RIVADAVIA S.A.,748.122903225806
2011,8,2011-08,PLUSPETROL ENERGY S.A.,4146.42032258065
2011,8,2011-08,PLUSPETROL S.A.,4014.17174193548
2011,8,2011-08,ROCH S.A.,1697.21616129032
2011,8,2011-08,SAN JORGE PETROLEUM S.A.,106.695225806452
2011,8,2011-08,"SINOPEC ARGENTINA EXPLORATION AND PRODUCTION, INC.",1749.28413935484
2011,8,2011-08,TECPETROL S.A.,4403.93906451613
2011,8,2011-08,TOTAL AUSTRAL S.A.,39205.4356451613
2011,8,2011-08,UNITEC ENERGY S.A.,0.258064516129032
2011,8,2011-08,YPF S.A.,29208.2358064516
2011,9,2011-09,APACHE ENERGIA ARGENTINA S.R.L.,4844.51
2011,9,2011-09,APACHE PETROLERA ARGENTINA S.A.,49.5133333333333
2011,9,2011-09,APCO ARGENTINA INC.,0
2011,9,2011-09,ARGENTA ENERGIA S.A.,0
2011,9,2011-09,CAPEX S.A.,1806.984
2011,9,2011-09,CENTRAL INTERNATIONAL CORPORATION (SUCURSAL ARGENTINA),24.844
2011,9,2011-09,CHAÑARES ENERGIA S.A.,23.1902666666667
2011,9,2011-09,CHEVRON ARGENTINA S.R.L.,717.845666666667
2011,9,2011-09,COLHUE HUAPI S.A.,16.85
2011,9,2011-09,COMPAÑÍA GENERAL DE COMBUSTIBLES S.A.,37.4383333333333
2011,9,2011-09,COMPAÑÍAS ASOCIADAS PETROLERAS S.A.,78.3156666666667
2011,9,2011-09,COPESA CIA CONSTRUCTORA PETROLERA SA,0
2011,9,2011-09,"CRI HOLDING, INC.",0.259733333333333
2011,9,2011-09,DAPETROL S.A.,0
2011,9,2011-09,ENAP SIPETROL ARGENTINA S.A.,909.438333333333
2011,9,2011-09,ENARSA ENERGIA ARGENTINA S.A.,2.02833333333333
2011,9,2011-09,ENERGIAL S.A.,0
2011,9,2011-09,ENERGICON S.A.,0
2011,9,2011-09,EPSUR S.A.,7.19471366563333
2011,9,2011-09,EXXONMOBIL EXPLORATION ARGENTINA S.R.L.,0
2011,9,2011-09,EZ HOLDINGS S.A.,0
2011,9,2011-09,GAS Y PETROLEO DEL NEUQUEN S.A.,2.17533333333333
2011,9,2011-09,GEOPARK ARGENTINA LTD. (SUCURSAL ARGENTINA),2.68533333333333
2011,9,2011-09,GOLDEN OIL CORPORATION Suc. Arg.,4.61066666666667
2011,9,2011-09,GRECOIL y CIA. S.R.L.,0.899666666666667
2011,9,2011-09,HIGH LUCK GROUP LTD. - SUCURSAL ARGENTINA,0
2011,9,2011-09,INGENIERIA ALPA S.A.,9.964
2011,9,2011-09,INTERENERGY ARGENTINA S.A.,0.00333333333333333
2011,9,2011-09,MADALENA AUSTRAL S.A.,0
2011,9,2011-09,MADALENA ENERGY ARGENTINA SRL ,20.121
2011,9,2011-09,MADALENA PETROLEUM (AMERICAS) LTD. (SUCURSAL ARGENTINA),195.230666666667
2011,9,2011-09,MEDANITO S.A.,492
2011,9,2011-09,MISAHAR ARGENTINA S.A.,1.83416595933333
2011,9,2011-09,NECON S.A.,0
2011,9,2011-09,OIL M&S S.A.,0
2011,9,2011-09,OILSTONE ENERGIA S.A.,102.566666666667
2011,9,2011-09,PAN AMERICAN ENERGY (SUCURSAL ARGENTINA) LLC,15987.279
2011,9,2011-09,PETROBRAS ARGENTINA S.A.,11225.7348333333
2011,9,2011-09,PETROFARO S.A.,50.5367333333333
2011,9,2011-09,PETROLEOS SUDAMERICANOS S.A.,28.7036666666667
2011,9,2011-09,PETROLERA CERRO NEGRO S.A.,26.884
2011,9,2011-09,PETROLERA EL TREBOL S.A.,8.45366666666667
2011,9,2011-09,PETROLERA ENTRE LOMAS S.A.,1143.83333333333
2011,9,2011-09,PETROLERA LF COMPANY S.R.L.,4399.52
2011,9,2011-09,PETROLERA PATAGONIA S.R.L.,0
2011,9,2011-09,PETROLERA PIEDRA DEL AGUILA S.A.,0
2011,9,2011-09,PETROLERA SAN JOSE S.R.L.,4.79966666666667
2011,9,2011-09,PETROMINERA CHUBUT S.E.,0
2011,9,2011-09,PETROQUIMICA COMODORO RIVADAVIA S.A.,755.589
2011,9,2011-09,PLUSPETROL ENERGY S.A.,4099.3798
2011,9,2011-09,PLUSPETROL S.A.,4005.1968
2011,9,2011-09,ROCH S.A.,1813.9995
2011,9,2011-09,SAN JORGE PETROLEUM S.A.,106.2
2011,9,2011-09,"SINOPEC ARGENTINA EXPLORATION AND PRODUCTION, INC.",1724.086307
2011,9,2011-09,TECPETROL S.A.,4355.5426
2011,9,2011-09,TOTAL AUSTRAL S.A.,39391.8146333333
2011,9,2011-09,UNITEC ENERGY S.A.,0.0666666666666667
2011,9,2011-09,YPF S.A.,28789.8363333333
2011,10,2011-10,APACHE ENERGIA ARGENTINA S.R.L.,4557.28064516129
2011,10,2011-10,APACHE PETROLERA ARGENTINA S.A.,38.5483870967742
2011,10,2011-10,APCO ARGENTINA INC.,0
2011,10,2011-10,ARGENTA ENERGIA S.A.,0
2011,10,2011-10,CAPEX S.A.,1751.51774193548
2011,10,2011-10,CENTRAL INTERNATIONAL CORPORATION (SUCURSAL ARGENTINA),27.5077419354839
2011,10,2011-10,CHAÑARES ENERGIA S.A.,22.1936451612903
2011,10,2011-10,CHEVRON ARGENTINA S.R.L.,715.846451612903
2011,10,2011-10,COLHUE HUAPI S.A.,16.8451612903226
2011,10,2011-10,COMPAÑÍA GENERAL DE COMBUSTIBLES S.A.,35.2903225806452
2011,10,2011-10,COMPAÑÍAS ASOCIADAS PETROLERAS S.A.,66.4290322580645
2011,10,2011-10,COPESA CIA CONSTRUCTORA PETROLERA SA,0
2011,10,2011-10,"CRI HOLDING, INC.",0.285
2011,10,2011-10,DAPETROL S.A.,0
2011,10,2011-10,ENAP SIPETROL ARGENTINA S.A.,892.442258064516
2011,10,2011-10,ENARSA ENERGIA ARGENTINA S.A.,2.26290322580645
2011,10,2011-10,ENERGIAL S.A.,0
2011,10,2011-10,ENERGICON S.A.,0
2011,10,2011-10,EPSUR S.A.,8.71464516129032
2011,10,2011-10,EXXONMOBIL EXPLORATION ARGENTINA S.R.L.,0
2011,10,2011-10,EZ HOLDINGS S.A.,0
2011,10,2011-10,GAS Y PETROLEO DEL NEUQUEN S.A.,2.37709677419355
2011,10,2011-10,GEOPARK ARGENTINA LTD. (SUCURSAL ARGENTINA),2.58161290322581
2011,10,2011-10,GOLDEN OIL CORPORATION Suc. Arg.,6.92548387096774
2011,10,2011-10,GRECOIL y CIA. S.R.L.,0.888387096774193
2011,10,2011-10,HIGH LUCK GROUP LTD. - SUCURSAL ARGENTINA,0
2011,10,2011-10,INGENIERIA ALPA S.A.,9.35129032258065
2011,10,2011-10,INTERENERGY ARGENTINA S.A.,0.0032258064516129
2011,10,2011-10,MADALENA AUSTRAL S.A.,0
2011,10,2011-10,MADALENA ENERGY ARGENTINA SRL ,18.4322580645161
2011,10,2011-10,MADALENA PETROLEUM (AMERICAS) LTD. (SUCURSAL ARGENTINA),180.270032258065
2011,10,2011-10,MEDANITO S.A.,486.645161290323
2011,10,2011-10,MISAHAR ARGENTINA S.A.,5.82125806451613
2011,10,2011-10,NECON S.A.,0
2011,10,2011-10,OIL M&S S.A.,0
2011,10,2011-10,OILSTONE ENERGIA S.A.,105.354193548387
2011,10,2011-10,PAN AMERICAN ENERGY (SUCURSAL ARGENTINA) LLC,15863.6948387097
2011,10,2011-10,PETROBRAS ARGENTINA S.A.,11968.9476451613
2011,10,2011-10,PETROFARO S.A.,50.3542903225806
2011,10,2011-10,PETROLEOS SUDAMERICANOS S.A.,29.3209677419355
2011,10,2011-10,PETROLERA CERRO NEGRO S.A.,27.0498709677419
2011,10,2011-10,PETROLERA EL TREBOL S.A.,8.42596774193548
2011,10,2011-10,PETROLERA ENTRE LOMAS S.A.,1154.01612903226
2011,10,2011-10,PETROLERA LF COMPANY S.R.L.,4291.60967741935
2011,10,2011-10,PETROLERA PATAGONIA S.R.L.,0
2011,10,2011-10,PETROLERA PIEDRA DEL AGUILA S.A.,0
2011,10,2011-10,PETROLERA SAN JOSE S.R.L.,4.83129032258065
2011,10,2011-10,PETROMINERA CHUBUT S.E.,0
2011,10,2011-10,PETROQUIMICA COMODORO RIVADAVIA S.A.,743.985483870968
2011,10,2011-10,PLUSPETROL ENERGY S.A.,3954.52187096774
2011,10,2011-10,PLUSPETROL S.A.,3852.61329032258
2011,10,2011-10,ROCH S.A.,1768.69487096774
2011,10,2011-10,SAN JORGE PETROLEUM S.A.,107.322580645161
2011,10,2011-10,"SINOPEC ARGENTINA EXPLORATION AND PRODUCTION, INC.",1921.90030645161
2011,10,2011-10,TECPETROL S.A.,4257.01141935484
2011,10,2011-10,TOTAL AUSTRAL S.A.,38430.8576129032
2011,10,2011-10,UNITEC ENERGY S.A.,0.354838709677419
2011,10,2011-10,YPF S.A.,29104.884516129
2011,11,2011-11,APACHE ENERGIA ARGENTINA S.R.L.,4700.71333333333
2011,11,2011-11,APACHE PETROLERA ARGENTINA S.A.,33.2533333333333
2011,11,2011-11,ARGENTA ENERGIA S.A.,0
2011,11,2011-11,CAPEX S.A.,1799.048
2011,11,2011-11,CENTRAL INTERNATIONAL CORPORATION (SUCURSAL ARGENTINA),27.9356333333333
2011,11,2011-11,CHAÑARES ENERGIA S.A.,21.6774333333333
2011,11,2011-11,CHEVRON ARGENTINA S.R.L.,721.103
2011,11,2011-11,COLHUE HUAPI S.A.,16.87
2011,11,2011-11,COMPAÑÍA GENERAL DE COMBUSTIBLES S.A.,32.085
2011,11,2011-11,COMPAÑÍAS ASOCIADAS PETROLERAS S.A.,67.6243333333333
2011,11,2011-11,COPESA CIA CONSTRUCTORA PETROLERA SA,0
2011,11,2011-11,"CRI HOLDING, INC.",0.285133333333333
2011,11,2011-11,CROWN POINT OIL & GAS S.A.,0
2011,11,2011-11,DAPETROL S.A.,0
2011,11,2011-11,ENAP SIPETROL ARGENTINA S.A.,851.535
2011,11,2011-11,ENARSA ENERGIA ARGENTINA S.A.,2.937
2011,11,2011-11,ENERGIAL S.A.,0
2011,11,2011-11,ENERGICON S.A.,0
2011,11,2011-11,EPSUR S.A.,8.22454953226033
2011,11,2011-11,EXXONMOBIL EXPLORATION ARGENTINA S.R.L.,0
2011,11,2011-11,EZ HOLDINGS S.A.,0
2011,11,2011-11,GAS Y PETROLEO DEL NEUQUEN S.A.,1.11933333333333
2011,11,2011-11,GEOPARK ARGENTINA LTD. (SUCURSAL ARGENTINA),2.40733333333333
2011,11,2011-11,GOLDEN OIL CORPORATION Suc. Arg.,4.912
2011,11,2011-11,GRECOIL y CIA. S.R.L.,1.00633333333333
2011,11,2011-11,HIGH LUCK GROUP LTD. - SUCURSAL ARGENTINA,0
2011,11,2011-11,INGENIERIA ALPA S.A.,9.50966666666667
2011,11,2011-11,INTERENERGY ARGENTINA S.A.,0.00333333333333333
2011,11,2011-11,JHP INTERNATIONAL PETROLEUM ENGINEERING LTD,12.956
2011,11,2011-11,MADALENA AUSTRAL S.A.,0
2011,11,2011-11,MADALENA ENERGY ARGENTINA SRL ,18.7116666666667
2011,11,2011-11,MADALENA PETROLEUM (AMERICAS) LTD. (SUCURSAL ARGENTINA),192.736666666667
2011,11,2011-11,MEDANITO S.A.,472.366666666667
2011,11,2011-11,MISAHAR ARGENTINA S.A.,7.91668958804433
2011,11,2011-11,NECON S.A.,0
2011,11,2011-11,OIL M&S S.A.,0
2011,11,2011-11,OILSTONE ENERGIA S.A.,103.7544
2011,11,2011-11,PAN AMERICAN ENERGY (SUCURSAL ARGENTINA) LLC,15480.8673333333
2011,11,2011-11,PETROBRAS ARGENTINA S.A.,11937.9834
2011,11,2011-11,PETROFARO S.A.,46.8186666666667
2011,11,2011-11,PETROLEOS SUDAMERICANOS S.A.,29.5426666666667
2011,11,2011-11,PETROLERA CERRO NEGRO S.A.,26.1987
2011,11,2011-11,PETROLERA EL TREBOL S.A.,7.65663333333333
2011,11,2011-11,PETROLERA ENTRE LOMAS S.A.,1155.91
2011,11,2011-11,PETROLERA LF COMPANY S.R.L.,4187.7
2011,11,2011-11,PETROLERA PATAGONIA S.R.L.,0
2011,11,2011-11,PETROLERA PIEDRA DEL AGUILA S.A.,0
2011,11,2011-11,PETROLERA SAN JOSE S.R.L.,4.128
2011,11,2011-11,PETROMINERA CHUBUT S.E.,0
2011,11,2011-11,PETROQUIMICA COMODORO RIVADAVIA S.A.,746.747333333333
2011,11,2011-11,PLUSPETROL ENERGY S.A.,3889.67483333333
2011,11,2011-11,PLUSPETROL S.A.,3860.62323333333
2011,11,2011-11,ROCH S.A.,1874.1538
2011,11,2011-11,SAN JORGE PETROLEUM S.A.,97.2666666666667
2011,11,2011-11,"SINOPEC ARGENTINA EXPLORATION AND PRODUCTION, INC.",2070.313136
2011,11,2011-11,TECPETROL S.A.,4180.5948
2011,11,2011-11,TOTAL AUSTRAL S.A.,37358.4635
2011,11,2011-11,UNITEC ENERGY S.A.,1.48333333333333
2011,11,2011-11,YPF S.A.,28679.6703333333
2011,12,2011-12,APACHE ENERGIA ARGENTINA S.R.L.,4933.02258064516
2011,12,2011-12,APACHE PETROLERA ARGENTINA S.A.,28.9225806451613
2011,12,2011-12,ARGENTA ENERGIA S.A.,0
2011,12,2011-12,CAPEX S.A.,1803.49548387097
2011,12,2011-12,CENTRAL INTERNATIONAL CORPORATION (SUCURSAL ARGENTINA),28.9426774193548
2011,12,2011-12,CHAÑARES ENERGIA S.A.,21.5203870967742
2011,12,2011-12,CHEVRON ARGENTINA S.R.L.,699.723225806452
2011,12,2011-12,COLHUE HUAPI S.A.,16.8387096774194
2011,12,2011-12,COMPAÑÍA GENERAL DE COMBUSTIBLES S.A.,31.4541935483871
2011,12,2011-12,COMPAÑÍAS ASOCIADAS PETROLERAS S.A.,69.6029032258065
2011,12,2011-12,COPESA CIA CONSTRUCTORA PETROLERA SA,0
2011,12,2011-12,"CRI HOLDING, INC.",0.281935483870968
2011,12,2011-12,CROWN POINT OIL & GAS S.A.,0
2011,12,2011-12,DAPETROL S.A.,0
2011,12,2011-12,ENAP SIPETROL ARGENTINA S.A.,1333.83903225806
2011,12,2011-12,ENARSA ENERGIA ARGENTINA S.A.,3.68258064516129
2011,12,2011-12,ENERGIAL S.A.,0
2011,12,2011-12,EPSUR S.A.,6.99361290322581
2011,12,2011-12,EXXONMOBIL EXPLORATION ARGENTINA S.R.L.,0
2011,12,2011-12,EZ HOLDINGS S.A.,0
2011,12,2011-12,GAS Y PETROLEO DEL NEUQUEN S.A.,150.248709677419
2011,12,2011-12,GEOPARK ARGENTINA LTD. (SUCURSAL ARGENTINA),2.18
2011,12,2011-12,GOLDEN OIL CORPORATION Suc. Arg.,5.85283870967742
2011,12,2011-12,GRECOIL y CIA. S.R.L.,0.900322580645161
2011,12,2011-12,HIGH LUCK GROUP LTD. - SUCURSAL ARGENTINA,0
2011,12,2011-12,INGENIERIA ALPA S.A.,9.75516129032258
2011,12,2011-12,INTERENERGY ARGENTINA S.A.,0.0032258064516129
2011,12,2011-12,JHP INTERNATIONAL PETROLEUM ENGINEERING LTD,12.9941935483871
2011,12,2011-12,MADALENA AUSTRAL S.A.,0
2011,12,2011-12,MADALENA ENERGY ARGENTINA SRL ,18.2274193548387
2011,12,2011-12,MADALENA PETROLEUM (AMERICAS) LTD. (SUCURSAL ARGENTINA),188.818193548387
2011,12,2011-12,MEDANITO S.A.,435.387096774194
2011,12,2011-12,MISAHAR ARGENTINA S.A.,1.61574193548387
2011,12,2011-12,NECON S.A.,0
2011,12,2011-12,OIL M&S S.A.,0
2011,12,2011-12,OILSTONE ENERGIA S.A.,105.110225806452
2011,12,2011-12,PAN AMERICAN ENERGY (SUCURSAL ARGENTINA) LLC,15675.8383870968
2011,12,2011-12,PETROBRAS ARGENTINA S.A.,11667.2923225806
2011,12,2011-12,PETROFARO S.A.,54.2844838709677
2011,12,2011-12,PETROLEOS SUDAMERICANOS S.A.,30.2732258064516
2011,12,2011-12,PETROLERA CERRO NEGRO S.A.,25.3075483870968
2011,12,2011-12,PETROLERA EL TREBOL S.A.,6.39590322580645
2011,12,2011-12,PETROLERA ENTRE LOMAS S.A.,1172.88387096774
2011,12,2011-12,PETROLERA LF COMPANY S.R.L.,3886.70322580645
2011,12,2011-12,PETROLERA PATAGONIA S.R.L.,0
2011,12,2011-12,PETROLERA PIEDRA DEL AGUILA S.A.,0
2011,12,2011-12,PETROLERA SAN JOSE S.R.L.,3.34193548387097
2011,12,2011-12,PETROMINERA CHUBUT S.E.,0
2011,12,2011-12,PETROQUIMICA COMODORO RIVADAVIA S.A.,724.083225806452
2011,12,2011-12,PLUSPETROL ENERGY S.A.,3843.84503225806
2011,12,2011-12,PLUSPETROL S.A.,3732.46758064516
2011,12,2011-12,ROCH S.A.,1890.95687096774
2011,12,2011-12,SAN JORGE PETROLEUM S.A.,101.225806451613
2011,12,2011-12,"SINOPEC ARGENTINA EXPLORATION AND PRODUCTION, INC.",2080.31831806452
2011,12,2011-12,TECPETROL S.A.,4133.49490322581
2011,12,2011-12,TOTAL AUSTRAL S.A.,35919.3962903226
2011,12,2011-12,UNITEC ENERGY S.A.,1.70967741935484
2011,12,2011-12,YPF S.A.,28292.8590322581
2012,1,2012-01,APACHE ENERGIA ARGENTINA S.R.L.,4675.32258064516
2012,1,2012-01,APACHE PETROLERA ARGENTINA S.A.,30.5096774193548
2012,1,2012-01,ARGENTA ENERGIA S.A.,0
2012,1,2012-01,CAPEX S.A.,1784.27
2012,1,2012-01,CENTRAL INTERNATIONAL CORPORATION (SUCURSAL ARGENTINA),27.8487096774194
2012,1,2012-01,CHAÑARES ENERGIA S.A.,20.0042580645161
2012,1,2012-01,CHEVRON ARGENTINA S.R.L.,681.782258064516
2012,1,2012-01,COLHUE HUAPI S.A.,16.6967741935484
2012,1,2012-01,COMPAÑÍA GENERAL DE COMBUSTIBLES S.A.,30.8442580645161
2012,1,2012-01,COMPAÑÍAS ASOCIADAS PETROLERAS S.A.,68.5293548387097
2012,1,2012-01,COPESA CIA CONSTRUCTORA PETROLERA SA,0
2012,1,2012-01,"CRI HOLDING, INC.",0.264709677419355
2012,1,2012-01,CROWN POINT OIL & GAS S.A.,0
2012,1,2012-01,DAPETROL S.A.,0
2012,1,2012-01,ENAP SIPETROL ARGENTINA S.A.,1903.94903225806
2012,1,2012-01,ENARSA ENERGIA ARGENTINA S.A.,4.72161290322581
2012,1,2012-01,ENERGIAL S.A.,0
2012,1,2012-01,EPSUR S.A.,8.34557180836581
2012,1,2012-01,EXXONMOBIL EXPLORATION ARGENTINA S.R.L.,0
2012,1,2012-01,EZ HOLDINGS S.A.,0
2012,1,2012-01,GAS Y PETROLEO DEL NEUQUEN S.A.,0.838064516129032
2012,1,2012-01,GEOPARK ARGENTINA LTD. (SUCURSAL ARGENTINA),2.22483870967742
2012,1,2012-01,GOLDEN OIL CORPORATION Suc. Arg.,5.86
2012,1,2012-01,GRECOIL y CIA. S.R.L.,0.876129032258064
2012,1,2012-01,HIGH LUCK GROUP LTD. - SUCURSAL ARGENTINA,0
2012,1,2012-01,INGENIERIA ALPA S.A.,9.34935483870968
2012,1,2012-01,INTERENERGY ARGENTINA S.A.,0.0032258064516129
2012,1,2012-01,JHP INTERNATIONAL PETROLEUM ENGINEERING LTD,13.0332258064516
2012,1,2012-01,MADALENA AUSTRAL S.A.,0
2012,1,2012-01,MADALENA ENERGY ARGENTINA SRL ,17.951935483871
2012,1,2012-01,MADALENA PETROLEUM (AMERICAS) LTD. (SUCURSAL ARGENTINA),183.388709677419
2012,1,2012-01,MEDANITO S.A.,404.741935483871
2012,1,2012-01,MISAHAR ARGENTINA S.A.,1.51651612903226
2012,1,2012-01,NECON S.A.,0
2012,1,2012-01,OIL M&S S.A.,0
2012,1,2012-01,OILSTONE ENERGIA S.A.,105.829483870968
2012,1,2012-01,PAN AMERICAN ENERGY (SUCURSAL ARGENTINA) LLC,15402.4383870968
2012,1,2012-01,PETROBRAS ARGENTINA S.A.,11638.4367741935
2012,1,2012-01,PETROFARO S.A.,53.3276451612903
2012,1,2012-01,PETROLEOS SUDAMERICANOS S.A.,30.1109677419355
2012,1,2012-01,PETROLERA CERRO NEGRO S.A.,35.5764838709677
2012,1,2012-01,PETROLERA EL TREBOL S.A.,7.26461290322581
2012,1,2012-01,PETROLERA ENTRE LOMAS S.A.,1183.38064516129
2012,1,2012-01,PETROLERA LF COMPANY S.R.L.,3523.11290322581
2012,1,2012-01,PETROLERA PATAGONIA S.R.L.,0
2012,1,2012-01,PETROLERA PIEDRA DEL AGUILA S.A.,0
2012,1,2012-01,PETROLERA SAN JOSE S.R.L.,3.52870967741935
2012,1,2012-01,PETROMINERA CHUBUT S.E.,0
2012,1,2012-01,PETROQUIMICA COMODORO RIVADAVIA S.A.,731.232903225806
2012,1,2012-01,PLUSPETROL ENERGY S.A.,3774.57935483871
2012,1,2012-01,PLUSPETROL S.A.,3556.73432258064
2012,1,2012-01,ROCH S.A.,1817.29880645161
2012,1,2012-01,SAN JORGE PETROLEUM S.A.,105.225806451613
2012,1,2012-01,"SINOPEC ARGENTINA EXPLORATION AND PRODUCTION, INC.",2083.07094580645
2012,1,2012-01,TECPETROL S.A.,3916.21512903226
2012,1,2012-01,TOTAL AUSTRAL S.A.,36814.6052258065
2012,1,2012-01,UNITEC ENERGY S.A.,1.06451612903226
2012,1,2012-01,YPF S.A.,28358.7080645161
2012,2,2012-02,APACHE ENERGIA ARGENTINA S.R.L.,4733.06206896552
2012,2,2012-02,APACHE PETROLERA ARGENTINA S.A.,28.3068965517241
2012,2,2012-02,ARGENTA ENERGIA S.A.,0
2012,2,2012-02,CAPEX S.A.,1780.08827586207
2012,2,2012-02,CENTRAL INTERNATIONAL CORPORATION (SUCURSAL ARGENTINA),24.551724137931
2012,2,2012-02,CHAÑARES ENERGIA S.A.,19.7701034482759
2012,2,2012-02,CHEVRON ARGENTINA S.R.L.,717.501206896552
2012,2,2012-02,COLHUE HUAPI S.A.,16.8068965517241
2012,2,2012-02,COMPAÑÍA GENERAL DE COMBUSTIBLES S.A.,30.9388965517241
2012,2,2012-02,COMPAÑÍAS ASOCIADAS PETROLERAS S.A.,62.7431034482759
2012,2,2012-02,COPESA CIA CONSTRUCTORA PETROLERA SA,0
2012,2,2012-02,"CRI HOLDING, INC.",0.253689655172414
2012,2,2012-02,CROWN POINT OIL & GAS S.A.,0
2012,2,2012-02,DAPETROL S.A.,0
2012,2,2012-02,ENAP SIPETROL ARGENTINA S.A.,1968.20068965517
2012,2,2012-02,ENARSA ENERGIA ARGENTINA S.A.,6.07275862068966
2012,2,2012-02,ENERGIAL S.A.,0
2012,2,2012-02,EPSUR S.A.,9.48068965517241
2012,2,2012-02,EXXONMOBIL EXPLORATION ARGENTINA S.R.L.,0
2012,2,2012-02,EZ HOLDINGS S.A.,0
2012,2,2012-02,GAS Y PETROLEO DEL NEUQUEN S.A.,2.4351724137931
2012,2,2012-02,GEOPARK ARGENTINA LTD. (SUCURSAL ARGENTINA),2.32758620689655
2012,2,2012-02,GOLDEN OIL CORPORATION Suc. Arg.,5.01724137931035
2012,2,2012-02,GRECOIL y CIA. S.R.L.,0.882068965517241
2012,2,2012-02,HIGH LUCK GROUP LTD. - SUCURSAL ARGENTINA,0
2012,2,2012-02,INGENIERIA ALPA S.A.,7.58827586206897
2012,2,2012-02,INTERENERGY ARGENTINA S.A.,0.00344827586206897
2012,2,2012-02,JHP INTERNATIONAL PETROLEUM ENGINEERING LTD,13.2344827586207
2012,2,2012-02,MADALENA AUSTRAL S.A.,0
2012,2,2012-02,MADALENA ENERGY ARGENTINA SRL ,20.2755172413793
2012,2,2012-02,MADALENA PETROLEUM (AMERICAS) LTD. (SUCURSAL ARGENTINA),170.640689655172
2012,2,2012-02,MEDANITO S.A.,432.620689655172
2012,2,2012-02,MISAHAR ARGENTINA S.A.,0.777931034482759
2012,2,2012-02,NECON S.A.,0
2012,2,2012-02,OIL M&S S.A.,0
2012,2,2012-02,OILSTONE ENERGIA S.A.,109.728931034483
2012,2,2012-02,PAN AMERICAN ENERGY (SUCURSAL ARGENTINA) LLC,15002.4103448276
2012,2,2012-02,PETROBRAS ARGENTINA S.A.,11147.21
2012,2,2012-02,PETROFARO S.A.,34.7078620689655
2012,2,2012-02,PETROLEOS SUDAMERICANOS S.A.,27.6996551724138
2012,2,2012-02,PETROLERA CERRO NEGRO S.A.,43.3825172413793
2012,2,2012-02,PETROLERA EL TREBOL S.A.,9.75913793103448
2012,2,2012-02,PETROLERA ENTRE LOMAS S.A.,1198.31724137931
2012,2,2012-02,PETROLERA LF COMPANY S.R.L.,4044.67586206897
2012,2,2012-02,PETROLERA PATAGONIA S.R.L.,0
2012,2,2012-02,PETROLERA PIEDRA DEL AGUILA S.A.,0
2012,2,2012-02,PETROLERA SAN JOSE S.R.L.,3.56
2012,2,2012-02,PETROMINERA CHUBUT S.E.,0
2012,2,2012-02,PETROQUIMICA COMODORO RIVADAVIA S.A.,731.503793103448
2012,2,2012-02,PLUSPETROL ENERGY S.A.,3733.92824137931
2012,2,2012-02,PLUSPETROL S.A.,3437.51724137931
2012,2,2012-02,ROCH S.A.,1816.33865517241
2012,2,2012-02,SAN JORGE PETROLEUM S.A.,99.8275862068966
2012,2,2012-02,"SINOPEC ARGENTINA EXPLORATION AND PRODUCTION, INC.",2093.82709241379
2012,2,2012-02,TECPETROL S.A.,4042.40693103448
2012,2,2012-02,TOTAL AUSTRAL S.A.,33458.546137931
2012,2,2012-02,UNITEC ENERGY S.A.,1
2012,2,2012-02,YPF S.A.,28435.8079310345
2012,3,2012-03,APACHE ENERGIA ARGENTINA S.R.L.,4865.54193548387
2012,3,2012-03,APACHE PETROLERA ARGENTINA S.A.,35.5548387096774
2012,3,2012-03,ARGENTA ENERGIA S.A.,0
2012,3,2012-03,CAPEX S.A.,1746.85419354839
2012,3,2012-03,CENTRAL INTERNATIONAL CORPORATION (SUCURSAL ARGENTINA),21.5483870967742
2012,3,2012-03,CHAÑARES ENERGIA S.A.,18.726935483871
2012,3,2012-03,CHEVRON ARGENTINA S.R.L.,725.114516129032
2012,3,2012-03,COLHUE HUAPI S.A.,16.7645161290323
2012,3,2012-03,COMPAÑÍA GENERAL DE COMBUSTIBLES S.A.,101.875258064516
2012,3,2012-03,COMPAÑÍAS ASOCIADAS PETROLERAS S.A.,64.2790322580645
2012,3,2012-03,COPESA CIA CONSTRUCTORA PETROLERA SA,0
2012,3,2012-03,"CRI HOLDING, INC.",0.211161290322581
2012,3,2012-03,CROWN POINT OIL & GAS S.A.,0
2012,3,2012-03,DAPETROL S.A.,0
2012,3,2012-03,ENAP SIPETROL ARGENTINA S.A.,1476.88612903226
2012,3,2012-03,ENARSA ENERGIA ARGENTINA S.A.,14.6322580645161
2012,3,2012-03,ENERGIAL S.A.,0
2012,3,2012-03,EPSUR S.A.,6.96806451612903
2012,3,2012-03,EXXONMOBIL EXPLORATION ARGENTINA S.R.L.,0
2012,3,2012-03,EZ HOLDINGS S.A.,0
2012,3,2012-03,GAS Y PETROLEO DEL NEUQUEN S.A.,2.36
2012,3,2012-03,GEOPARK ARGENTINA LTD. (SUCURSAL ARGENTINA),2.31838709677419
2012,3,2012-03,GOLDEN OIL CORPORATION Suc. Arg.,6.1858064516129
2012,3,2012-03,GRECOIL y CIA. S.R.L.,5.23354838709677
2012,3,2012-03,HIGH LUCK GROUP LTD. - SUCURSAL ARGENTINA,0
2012,3,2012-03,INGENIERIA ALPA S.A.,6.60483870967742
2012,3,2012-03,INTERENERGY ARGENTINA S.A.,0.0032258064516129
2012,3,2012-03,JHP INTERNATIONAL PETROLEUM ENGINEERING LTD,12.898064516129
2012,3,2012-03,MADALENA AUSTRAL S.A.,0
2012,3,2012-03,MADALENA ENERGY ARGENTINA SRL ,20.2967741935484
2012,3,2012-03,MADALENA PETROLEUM (AMERICAS) LTD. (SUCURSAL ARGENTINA),178.762903225806
2012,3,2012-03,MEDANITO S.A.,479.548387096774
2012,3,2012-03,MISAHAR ARGENTINA S.A.,0.477096774193548
2012,3,2012-03,NECON S.A.,0
2012,3,2012-03,OIL M&S S.A.,0
2012,3,2012-03,OILSTONE ENERGIA S.A.,109.621064516129
2012,3,2012-03,PAN AMERICAN ENERGY (SUCURSAL ARGENTINA) LLC,14943.3464516129
2012,3,2012-03,PETROBRAS ARGENTINA S.A.,11230.6816129032
2012,3,2012-03,PETROFARO S.A.,46.0051612903226
2012,3,2012-03,PETROLEOS SUDAMERICANOS S.A.,28.4667741935484
2012,3,2012-03,PETROLERA CERRO NEGRO S.A.,34.8662580645161
2012,3,2012-03,PETROLERA EL TREBOL S.A.,8.83258064516129
2012,3,2012-03,PETROLERA ENTRE LOMAS S.A.,1222.3064516129
2012,3,2012-03,PETROLERA LF COMPANY S.R.L.,4036.24516129032
2012,3,2012-03,PETROLERA PATAGONIA S.R.L.,0
2012,3,2012-03,PETROLERA PIEDRA DEL AGUILA S.A.,0
2012,3,2012-03,PETROLERA SAN JOSE S.R.L.,2.78870967741935
2012,3,2012-03,PETROMINERA CHUBUT S.E.,0
2012,3,2012-03,PETROQUIMICA COMODORO RIVADAVIA S.A.,591.444516129032
2012,3,2012-03,PLUSPETROL ENERGY S.A.,3682.88125806452
2012,3,2012-03,PLUSPETROL S.A.,3134.06690322581
2012,3,2012-03,ROCH S.A.,1805.36616129032
2012,3,2012-03,SAN JORGE PETROLEUM S.A.,103.032258064516
2012,3,2012-03,"SINOPEC ARGENTINA EXPLORATION AND PRODUCTION, INC.",2049.50491903226
2012,3,2012-03,TECPETROL S.A.,4063.96796774194
2012,3,2012-03,TOTAL AUSTRAL S.A.,35880.5177419355
2012,3,2012-03,UNITEC ENERGY S.A.,1
2012,3,2012-03,YPF S.A.,28267.2077419355
2012,4,2012-04,APACHE ENERGIA ARGENTINA S.R.L.,4778.75666666667
2012,4,2012-04,APACHE PETROLERA ARGENTINA S.A.,34.8133333333333
2012,4,2012-04,ARGENTA ENERGIA S.A.,1.61533333333333
2012,4,2012-04,CAPEX S.A.,1706.31433333333
2012,4,2012-04,CENTRAL INTERNATIONAL CORPORATION (SUCURSAL ARGENTINA),19.9666666666667
2012,4,2012-04,CHAÑARES ENERGIA S.A.,20.5365666666667
2012,4,2012-04,CHEVRON ARGENTINA S.R.L.,644.300666666667
2012,4,2012-04,COLHUE HUAPI S.A.,16.7566666666667
2012,4,2012-04,COMPAÑÍA GENERAL DE COMBUSTIBLES S.A.,30.582
2012,4,2012-04,COMPAÑÍAS ASOCIADAS PETROLERAS S.A.,72.4473333333333
2012,4,2012-04,COPESA CIA CONSTRUCTORA PETROLERA SA,0
2012,4,2012-04,"CRI HOLDING, INC.",0.199283333333333
2012,4,2012-04,CROWN POINT OIL & GAS S.A.,0
2012,4,2012-04,DAPETROL S.A.,0
2012,4,2012-04,ENAP SIPETROL ARGENTINA S.A.,1839.58
2012,4,2012-04,ENARSA ENERGIA ARGENTINA S.A.,15.5271666666667
2012,4,2012-04,ENERGIAL S.A.,0
2012,4,2012-04,EPSUR S.A.,9.872
2012,4,2012-04,EXXONMOBIL EXPLORATION ARGENTINA S.R.L.,0
2012,4,2012-04,EZ HOLDINGS S.A.,0
2012,4,2012-04,GAS Y PETROLEO DEL NEUQUEN S.A.,1.82133333333333
2012,4,2012-04,GEOPARK ARGENTINA LTD. (SUCURSAL ARGENTINA),2.44366666666667
2012,4,2012-04,GOLDEN OIL CORPORATION Suc. Arg.,2.879
2012,4,2012-04,GRECOIL y CIA. S.R.L.,5.25433333333333
2012,4,2012-04,HIGH LUCK GROUP LTD. - SUCURSAL ARGENTINA,0
2012,4,2012-04,INGENIERIA ALPA S.A.,6.13033333333333
2012,4,2012-04,INTERENERGY ARGENTINA S.A.,0.00333333333333333
2012,4,2012-04,JHP INTERNATIONAL PETROLEUM ENGINEERING LTD,13.3826666666667
2012,4,2012-04,MADALENA AUSTRAL S.A.,0
2012,4,2012-04,MADALENA ENERGY ARGENTINA SRL ,42.4093333333333
2012,4,2012-04,MADALENA PETROLEUM (AMERICAS) LTD. (SUCURSAL ARGENTINA),166.961
2012,4,2012-04,MEDANITO S.A.,531.4
2012,4,2012-04,MISAHAR ARGENTINA S.A.,0.588666666666667
2012,4,2012-04,NECON S.A.,0
2012,4,2012-04,OILSTONE ENERGIA S.A.,115.706266666667
2012,4,2012-04,PAN AMERICAN ENERGY (SUCURSAL ARGENTINA) LLC,14480.7956666667
2012,4,2012-04,PETROBRAS ARGENTINA S.A.,11034.166
2012,4,2012-04,PETROFARO S.A.,44.6050666666667
2012,4,2012-04,PETROLEOS SUDAMERICANOS S.A.,28.1856666666667
2012,4,2012-04,PETROLERA CERRO NEGRO S.A.,61.5159666666667
2012,4,2012-04,PETROLERA EL TREBOL S.A.,8.7313
2012,4,2012-04,PETROLERA ENTRE LOMAS S.A.,1199.77666666667
2012,4,2012-04,PETROLERA LF COMPANY S.R.L.,4083.72666666667
2012,4,2012-04,PETROLERA PATAGONIA S.R.L.,0
2012,4,2012-04,PETROLERA PIEDRA DEL AGUILA S.A.,0
2012,4,2012-04,PETROLERA SAN JOSE S.R.L.,2.28133333333333
2012,4,2012-04,PETROMINERA CHUBUT S.E.,0
2012,4,2012-04,PETROQUIMICA COMODORO RIVADAVIA S.A.,741.739666666667
2012,4,2012-04,PLUSPETROL ENERGY S.A.,3604.89856666667
2012,4,2012-04,PLUSPETROL S.A.,3510.93753333333
2012,4,2012-04,ROCH S.A.,1794.993
2012,4,2012-04,SAN JORGE PETROLEUM S.A.,100.465433333333
2012,4,2012-04,"SINOPEC ARGENTINA EXPLORATION AND PRODUCTION, INC.",2097.87140366667
2012,4,2012-04,TECPETROL S.A.,4124.17163333333
2012,4,2012-04,TOTAL AUSTRAL S.A.,37426.6970666667
2012,4,2012-04,UNITEC ENERGY S.A.,0.883333333333333
2012,4,2012-04,YPF S.A.,28016.8152333333
2012,5,2012-05,AMERICAS PETROGAS ARGENTINA S.A.,12.9548387096774
2012,5,2012-05,APACHE ENERGIA ARGENTINA S.R.L.,4782.11935483871
2012,5,2012-05,APACHE PETROLERA ARGENTINA S.A.,36.2096774193548
2012,5,2012-05,ARGENTA ENERGIA S.A.,0.0924838709677419
2012,5,2012-05,CAPEX S.A.,1709.61774193548
2012,5,2012-05,CENTRAL INTERNATIONAL CORPORATION (SUCURSAL ARGENTINA),22.0032580645161
2012,5,2012-05,CHAÑARES ENERGIA S.A.,20.9665161290323
2012,5,2012-05,CHEVRON ARGENTINA S.R.L.,703.556774193548
2012,5,2012-05,COLHUE HUAPI S.A.,16.8064516129032
2012,5,2012-05,COMPAÑÍA GENERAL DE COMBUSTIBLES S.A.,49.8385161290323
2012,5,2012-05,COMPAÑÍAS ASOCIADAS PETROLERAS S.A.,68.4477419354839
2012,5,2012-05,COPESA CIA CONSTRUCTORA PETROLERA SA,0
2012,5,2012-05,"CRI HOLDING, INC.",0.195697741935484
2012,5,2012-05,CROWN POINT OIL & GAS S.A.,0
2012,5,2012-05,DAPETROL S.A.,0
2012,5,2012-05,ENAP SIPETROL ARGENTINA S.A.,1971.50870967742
2012,5,2012-05,ENERGIAL S.A.,0
2012,5,2012-05,EPSUR S.A.,9.98458064516129
2012,5,2012-05,EXXONMOBIL EXPLORATION ARGENTINA S.R.L.,0
2012,5,2012-05,EZ HOLDINGS S.A.,0
2012,5,2012-05,GAS Y PETROLEO DEL NEUQUEN S.A.,1.88290322580645
2012,5,2012-05,GEOPARK ARGENTINA LTD. (SUCURSAL ARGENTINA),2.62967741935484
2012,5,2012-05,GOLDEN OIL CORPORATION Suc. Arg.,3.97096774193548
2012,5,2012-05,GRECOIL y CIA. S.R.L.,5.09161290322581
2012,5,2012-05,HIGH LUCK GROUP LTD. - SUCURSAL ARGENTINA,0
2012,5,2012-05,INGENIERIA ALPA S.A.,6.49258064516129
2012,5,2012-05,INTERENERGY ARGENTINA S.A.,0.0032258064516129
2012,5,2012-05,JHP INTERNATIONAL PETROLEUM ENGINEERING LTD,12.8825806451613
2012,5,2012-05,MADALENA AUSTRAL S.A.,0
2012,5,2012-05,MADALENA ENERGY ARGENTINA SRL ,43.7838709677419
2012,5,2012-05,MADALENA PETROLEUM (AMERICAS) LTD. (SUCURSAL ARGENTINA),159.148709677419
2012,5,2012-05,MEDANITO S.A.,577.784709677419
2012,5,2012-05,MISAHAR ARGENTINA S.A.,0.582354838709677
2012,5,2012-05,NECON S.A.,0
2012,5,2012-05,OIL M&S S.A.,0
2012,5,2012-05,OILSTONE ENERGIA S.A.,116.515935483871
2012,5,2012-05,PAN AMERICAN ENERGY (SUCURSAL ARGENTINA) LLC,14758.6832258065
2012,5,2012-05,PANAPETROLEO S.A.,0
2012,5,2012-05,PETROBRAS ARGENTINA S.A.,10919.7535483871
2012,5,2012-05,PETROFARO S.A.,43.8354193548387
2012,5,2012-05,PETROLEOS SUDAMERICANOS S.A.,28.1074193548387
2012,5,2012-05,PETROLERA CERRO NEGRO S.A.,59.3687419354839
2012,5,2012-05,PETROLERA EL TREBOL S.A.,9.61022580645161
2012,5,2012-05,PETROLERA ENTRE LOMAS S.A.,1197.85161290323
2012,5,2012-05,PETROLERA LF COMPANY S.R.L.,3978.55483870968
2012,5,2012-05,PETROLERA PATAGONIA S.R.L.,0
2012,5,2012-05,PETROLERA PIEDRA DEL AGUILA S.A.,0
2012,5,2012-05,PETROLERA SAN JOSE S.R.L.,9.28935483870968
2012,5,2012-05,PETROMINERA CHUBUT S.E.,0
2012,5,2012-05,PETROQUIMICA COMODORO RIVADAVIA S.A.,779.065806451613
2012,5,2012-05,PLUSPETROL ENERGY S.A.,3386.67767741935
2012,5,2012-05,PLUSPETROL S.A.,3475.51358064516
2012,5,2012-05,ROCH S.A.,1844.55777419355
2012,5,2012-05,SAN JORGE PETROLEUM S.A.,96.8064516129032
2012,5,2012-05,"SINOPEC ARGENTINA EXPLORATION AND PRODUCTION, INC.",2018.57986032258
2012,5,2012-05,TECPETROL S.A.,4098.18996774194
2012,5,2012-05,TOTAL AUSTRAL S.A.,37297.4998709677
2012,5,2012-05,UNITEC ENERGY S.A.,0.967741935483871
2012,5,2012-05,YPF S.A.,28125.8212903226
2012,6,2012-06,AMERICAS PETROGAS ARGENTINA S.A.,11.9133333333333
2012,6,2012-06,APACHE ENERGIA ARGENTINA S.R.L.,4773.78666666667
2012,6,2012-06,APACHE PETROLERA ARGENTINA S.A.,44.41
2012,6,2012-06,ARGENTA ENERGIA S.A.,0
2012,6,2012-06,CAPEX S.A.,1701.02966666667
2012,6,2012-06,CENTRAL INTERNATIONAL CORPORATION (SUCURSAL ARGENTINA),23.1333333333333
2012,6,2012-06,CHAÑARES ENERGIA S.A.,21.7028333333333
2012,6,2012-06,CHEVRON ARGENTINA S.R.L.,725.451
2012,6,2012-06,COLHUE HUAPI S.A.,13.3466666666667
2012,6,2012-06,COMPAÑÍA GENERAL DE COMBUSTIBLES S.A.,107.612133333333
2012,6,2012-06,COMPAÑÍAS ASOCIADAS PETROLERAS S.A.,78.3313333333333
2012,6,2012-06,COPESA CIA CONSTRUCTORA PETROLERA SA,0
2012,6,2012-06,"CRI HOLDING, INC.",0.25
2012,6,2012-06,CROWN POINT OIL & GAS S.A.,0
2012,6,2012-06,DAPETROL S.A.,0
2012,6,2012-06,ENAP SIPETROL ARGENTINA S.A.,1997.919
2012,6,2012-06,ENERGIAL S.A.,0
2012,6,2012-06,EPSUR S.A.,10.5477666666667
2012,6,2012-06,EXXONMOBIL EXPLORATION ARGENTINA S.R.L.,0
2012,6,2012-06,EZ HOLDINGS S.A.,0
2012,6,2012-06,GAS Y PETROLEO DEL NEUQUEN S.A.,2.54466666666667
2012,6,2012-06,GEOPARK ARGENTINA LTD. (SUCURSAL ARGENTINA),2.87933333333333
2012,6,2012-06,GOLDEN OIL CORPORATION Suc. Arg.,0.992666666666667
2012,6,2012-06,GRECOIL y CIA. S.R.L.,12.9663333333333
2012,6,2012-06,HIGH LUCK GROUP LTD. - SUCURSAL ARGENTINA,0
2012,6,2012-06,INGENIERIA ALPA S.A.,7.93966666666667
2012,6,2012-06,INTERENERGY ARGENTINA S.A.,0.00333333333333333
2012,6,2012-06,JHP INTERNATIONAL PETROLEUM ENGINEERING LTD,13.5676666666667
2012,6,2012-06,MADALENA AUSTRAL S.A.,0
2012,6,2012-06,MADALENA ENERGY ARGENTINA SRL ,41.9747666666667
2012,6,2012-06,MADALENA PETROLEUM (AMERICAS) LTD. (SUCURSAL ARGENTINA),168.059333333333
2012,6,2012-06,MEDANITO S.A.,508.3725
2012,6,2012-06,MISAHAR ARGENTINA S.A.,0.374
2012,6,2012-06,NECON S.A.,0
2012,6,2012-06,OIL M&S S.A.,0
2012,6,2012-06,OILSTONE ENERGIA S.A.,105.989466666667
2012,6,2012-06,PAN AMERICAN ENERGY (SUCURSAL ARGENTINA) LLC,14082.4066666667
2012,6,2012-06,PANAPETROLEO S.A.,0
2012,6,2012-06,PETROBRAS ARGENTINA S.A.,11090.8006666667
2012,6,2012-06,PETROFARO S.A.,38.9203
2012,6,2012-06,PETROLEOS SUDAMERICANOS S.A.,28.856
2012,6,2012-06,PETROLERA CERRO NEGRO S.A.,49.9916333333333
2012,6,2012-06,PETROLERA EL TREBOL S.A.,9.62153333333333
2012,6,2012-06,PETROLERA ENTRE LOMAS S.A.,1192.94333333333
2012,6,2012-06,PETROLERA LF COMPANY S.R.L.,3838.79333333333
2012,6,2012-06,PETROLERA PATAGONIA S.R.L.,0
2012,6,2012-06,PETROLERA PIEDRA DEL AGUILA S.A.,0
2012,6,2012-06,PETROLERA SAN JOSE S.R.L.,10.554
2012,6,2012-06,PETROMINERA CHUBUT S.E.,0
2012,6,2012-06,PETROQUIMICA COMODORO RIVADAVIA S.A.,751.909
2012,6,2012-06,PLUSPETROL ENERGY S.A.,3382.3202
2012,6,2012-06,PLUSPETROL S.A.,3472.00856666667
2012,6,2012-06,QUINTANA E&P ARGENTINA S.R.L.,0.259666666666667
2012,6,2012-06,ROCH S.A.,1869.92156666667
2012,6,2012-06,SAN JORGE PETROLEUM S.A.,85.4333333333333
2012,6,2012-06,"SINOPEC ARGENTINA EXPLORATION AND PRODUCTION, INC.",1924.54427466667
2012,6,2012-06,TECPETROL S.A.,4034.0535
2012,6,2012-06,TOTAL AUSTRAL S.A.,36830.8720666667
2012,6,2012-06,UNITEC ENERGY S.A.,0.666666666666667
2012,6,2012-06,YPF S.A.,28561.573
2012,7,2012-07,AMERICAS PETROGAS ARGENTINA S.A.,19.9483870967742
2012,7,2012-07,APACHE ENERGIA ARGENTINA S.R.L.,4614.35806451613
2012,7,2012-07,APACHE PETROLERA ARGENTINA S.A.,43.0451612903226
2012,7,2012-07,ARGENTA ENERGIA S.A.,0
2012,7,2012-07,CAPEX S.A.,1706.51709677419
2012,7,2012-07,CENTRAL INTERNATIONAL CORPORATION (SUCURSAL ARGENTINA),21.9387419354839
2012,7,2012-07,CHAÑARES ENERGIA S.A.,19.305064516129
2012,7,2012-07,CHEVRON ARGENTINA S.R.L.,694.40064516129
2012,7,2012-07,COLHUE HUAPI S.A.,5.04193548387097
2012,7,2012-07,COMPAÑÍA GENERAL DE COMBUSTIBLES S.A.,98.3432903225806
2012,7,2012-07,COMPAÑÍAS ASOCIADAS PETROLERAS S.A.,80.8229032258065
2012,7,2012-07,COPESA CIA CONSTRUCTORA PETROLERA SA,0
2012,7,2012-07,"CRI HOLDING, INC.",0.266451612903226
2012,7,2012-07,CROWN POINT OIL & GAS S.A.,0
2012,7,2012-07,DAPETROL S.A.,0
2012,7,2012-07,ENAP SIPETROL ARGENTINA S.A.,2184.82935483871
2012,7,2012-07,ENERGIAL S.A.,0
2012,7,2012-07,EPSUR S.A.,10.8078677419355
2012,7,2012-07,EXXONMOBIL EXPLORATION ARGENTINA S.R.L.,0
2012,7,2012-07,EZ HOLDINGS S.A.,0
2012,7,2012-07,GAS Y PETROLEO DEL NEUQUEN S.A.,2.85129032258064
2012,7,2012-07,GEOPARK ARGENTINA LTD. (SUCURSAL ARGENTINA),2.68967741935484
2012,7,2012-07,GOLDEN OIL CORPORATION Suc. Arg.,2.30193548387097
2012,7,2012-07,GRECOIL y CIA. S.R.L.,12.9641935483871
2012,7,2012-07,HIGH LUCK GROUP LTD. - SUCURSAL ARGENTINA,0
2012,7,2012-07,INGENIERIA ALPA S.A.,9.42548387096774
2012,7,2012-07,INTERENERGY ARGENTINA S.A.,0.0032258064516129
2012,7,2012-07,JHP INTERNATIONAL PETROLEUM ENGINEERING LTD,13.0664516129032
2012,7,2012-07,MADALENA AUSTRAL S.A.,0
2012,7,2012-07,MADALENA ENERGY ARGENTINA SRL ,40.7109677419355
2012,7,2012-07,MADALENA PETROLEUM (AMERICAS) LTD. (SUCURSAL ARGENTINA),172.138064516129
2012,7,2012-07,MEDANITO S.A.,498.838709677419
2012,7,2012-07,MISAHAR ARGENTINA S.A.,0.372367741935484
2012,7,2012-07,NECON S.A.,0
2012,7,2012-07,OIL M&S S.A.,0
2012,7,2012-07,OILSTONE ENERGIA S.A.,104.289774193548
2012,7,2012-07,PAN AMERICAN ENERGY (SUCURSAL ARGENTINA) LLC,14252.7187096774
2012,7,2012-07,PANAPETROLEO S.A.,0
2012,7,2012-07,PETRO AP S.A.,0
2012,7,2012-07,PETROBRAS ARGENTINA S.A.,10782.6661290323
2012,7,2012-07,PETROFARO S.A.,44.419
2012,7,2012-07,PETROLEOS SUDAMERICANOS S.A.,29.8525806451613
2012,7,2012-07,PETROLERA CERRO NEGRO S.A.,39.4190967741935
2012,7,2012-07,PETROLERA EL TREBOL S.A.,8.80548387096774
2012,7,2012-07,PETROLERA ENTRE LOMAS S.A.,1163.24838709677
2012,7,2012-07,PETROLERA LF COMPANY S.R.L.,3730.65483870968
2012,7,2012-07,PETROLERA PIEDRA DEL AGUILA S.A.,0
2012,7,2012-07,PETROLERA SAN JOSE S.R.L.,7.46516129032258
2012,7,2012-07,PETROMINERA CHUBUT S.E.,0
2012,7,2012-07,PETROQUIMICA COMODORO RIVADAVIA S.A.,746.982903225806
2012,7,2012-07,PLUSPETROL ENERGY S.A.,3342.393
2012,7,2012-07,PLUSPETROL S.A.,3420.34067741935
2012,7,2012-07,QUINTANA E&P ARGENTINA S.R.L.,0.251290322580645
2012,7,2012-07,ROCH S.A.,1886.47583870968
2012,7,2012-07,SAN JORGE PETROLEUM S.A.,85.8709677419355
2012,7,2012-07,"SINOPEC ARGENTINA EXPLORATION AND PRODUCTION, INC.",1911.66047903226
2012,7,2012-07,TECPETROL S.A.,3972.96358064516
2012,7,2012-07,TOTAL AUSTRAL S.A.,37026.5928387097
2012,7,2012-07,UNITEC ENERGY S.A.,0.838709677419355
2012,7,2012-07,YPF S.A.,28637.1325806452
2012,8,2012-08,AMERICAS PETROGAS ARGENTINA S.A.,24.6387096774194
2012,8,2012-08,APACHE ENERGIA ARGENTINA S.R.L.,4736.06774193548
2012,8,2012-08,APACHE PETROLERA ARGENTINA S.A.,43.2258064516129
2012,8,2012-08,ARGENTA ENERGIA S.A.,0
2012,8,2012-08,CAPEX S.A.,1752.88096774194
2012,8,2012-08,CENTRAL INTERNATIONAL CORPORATION (SUCURSAL ARGENTINA),20.9163548387097
2012,8,2012-08,CHAÑARES ENERGIA S.A.,20.8986129032258
2012,8,2012-08,CHEVRON ARGENTINA S.R.L.,689.316129032258
2012,8,2012-08,COLHUE HUAPI S.A.,11.0354838709677
2012,8,2012-08,COMPAÑÍA GENERAL DE COMBUSTIBLES S.A.,98.8724838709677
2012,8,2012-08,COMPAÑÍAS ASOCIADAS PETROLERAS S.A.,74.0412903225807
2012,8,2012-08,COPESA CIA CONSTRUCTORA PETROLERA SA,0
2012,8,2012-08,"CRI HOLDING, INC.",0.278096774193548
2012,8,2012-08,CROWN POINT OIL & GAS S.A.,0
2012,8,2012-08,DAPETROL S.A.,0
2012,8,2012-08,ENAP SIPETROL ARGENTINA S.A.,2158.63741935484
2012,8,2012-08,ENERGIAL S.A.,0
2012,8,2012-08,EPSUR S.A.,9.92848387096774
2012,8,2012-08,EXXONMOBIL EXPLORATION ARGENTINA S.R.L.,0
2012,8,2012-08,EZ HOLDINGS S.A.,0
2012,8,2012-08,GAS Y PETROLEO DEL NEUQUEN S.A.,2.84870967741935
2012,8,2012-08,GEOPARK ARGENTINA LTD. (SUCURSAL ARGENTINA),2.60516129032258
2012,8,2012-08,GOLDEN OIL CORPORATION Suc. Arg.,2.0458064516129
2012,8,2012-08,GRECOIL y CIA. S.R.L.,12.8025806451613
2012,8,2012-08,HIGH LUCK GROUP LTD. - SUCURSAL ARGENTINA,0
2012,8,2012-08,INGENIERIA ALPA S.A.,10.028064516129
2012,8,2012-08,INTERENERGY ARGENTINA S.A.,0.0032258064516129
2012,8,2012-08,JHP INTERNATIONAL PETROLEUM ENGINEERING LTD,13.1961290322581
2012,8,2012-08,MADALENA AUSTRAL S.A.,0
2012,8,2012-08,MADALENA ENERGY ARGENTINA SRL ,39.5667741935484
2012,8,2012-08,MADALENA PETROLEUM (AMERICAS) LTD. (SUCURSAL ARGENTINA),168.153225806452
2012,8,2012-08,MEDANITO S.A.,513.548387096774
2012,8,2012-08,MISAHAR ARGENTINA S.A.,0.593148387096774
2012,8,2012-08,NECON S.A.,0
2012,8,2012-08,OIL M&S S.A.,0
2012,8,2012-08,OILSTONE ENERGIA S.A.,119.455258064516
2012,8,2012-08,PAN AMERICAN ENERGY (SUCURSAL ARGENTINA) LLC,14400.61
2012,8,2012-08,PANAPETROLEO S.A.,0
2012,8,2012-08,PETRO AP S.A.,0
2012,8,2012-08,PETROBRAS ARGENTINA S.A.,10836.5329032258
2012,8,2012-08,PETROFARO S.A.,40.7907096774194
2012,8,2012-08,PETROLEOS SUDAMERICANOS S.A.,29.9625806451613
2012,8,2012-08,PETROLERA CERRO NEGRO S.A.,71.1630322580645
2012,8,2012-08,PETROLERA EL TREBOL S.A.,10.373064516129
2012,8,2012-08,PETROLERA ENTRE LOMAS S.A.,1127.23870967742
2012,8,2012-08,PETROLERA LF COMPANY S.R.L.,3673.07096774194
2012,8,2012-08,PETROLERA PIEDRA DEL AGUILA S.A.,0
2012,8,2012-08,PETROLERA SAN JOSE S.R.L.,9.79322580645161
2012,8,2012-08,PETROMINERA CHUBUT S.E.,0
2012,8,2012-08,PETROQUIMICA COMODORO RIVADAVIA S.A.,762.317419354839
2012,8,2012-08,PLUSPETROL ENERGY S.A.,3290.66235483871
2012,8,2012-08,PLUSPETROL S.A.,3342.29312903226
2012,8,2012-08,QUINTANA E&P ARGENTINA S.R.L.,0.188387096774194
2012,8,2012-08,ROCH S.A.,1891.71861290323
2012,8,2012-08,SAN JORGE PETROLEUM S.A.,87.4039032258065
2012,8,2012-08,"SINOPEC ARGENTINA EXPLORATION AND PRODUCTION, INC.",2063.18239483871
2012,8,2012-08,TECPETROL S.A.,3887.88432258065
2012,8,2012-08,TOTAL AUSTRAL S.A.,36734.0246774194
2012,8,2012-08,UNITEC ENERGY S.A.,0.806451612903226
2012,8,2012-08,YPF S.A.,28644.1006451613
2012,9,2012-09,AMERICAS PETROGAS ARGENTINA S.A.,52.6354
2012,9,2012-09,APACHE ENERGIA ARGENTINA S.R.L.,4790.49666666667
2012,9,2012-09,APACHE PETROLERA ARGENTINA S.A.,45.1633333333333
2012,9,2012-09,ARGENTA ENERGIA S.A.,0
2012,9,2012-09,CAPEX S.A.,1714.349
2012,9,2012-09,CENTRAL INTERNATIONAL CORPORATION (SUCURSAL ARGENTINA),24.1260333333333
2012,9,2012-09,CHAÑARES ENERGIA S.A.,20.3576
2012,9,2012-09,CHEVRON ARGENTINA S.R.L.,682.661
2012,9,2012-09,COLHUE HUAPI S.A.,16.3866666666667
2012,9,2012-09,COMPAÑÍA GENERAL DE COMBUSTIBLES S.A.,87.6176666666667
2012,9,2012-09,COMPAÑÍAS ASOCIADAS PETROLERAS S.A.,71.2193333333333
2012,9,2012-09,COPESA CIA CONSTRUCTORA PETROLERA SA,0
2012,9,2012-09,"CRI HOLDING, INC.",0.242777
2012,9,2012-09,CROWN POINT OIL & GAS S.A.,0
2012,9,2012-09,DAPETROL S.A.,0
2012,9,2012-09,ENAP SIPETROL ARGENTINA S.A.,2227.19933333333
2012,9,2012-09,ENERGIAL S.A.,0
2012,9,2012-09,EPSUR S.A.,11.0235
2012,9,2012-09,EXXONMOBIL EXPLORATION ARGENTINA S.R.L.,0
2012,9,2012-09,EZ HOLDINGS S.A.,0
2012,9,2012-09,GAS Y PETROLEO DEL NEUQUEN S.A.,1.473
2012,9,2012-09,GEOPARK ARGENTINA LTD. (SUCURSAL ARGENTINA),2.517
2012,9,2012-09,GOLDEN OIL CORPORATION Suc. Arg.,1.93366666666667
2012,9,2012-09,GRECOIL y CIA. S.R.L.,12.1006666666667
2012,9,2012-09,HIGH LUCK GROUP LTD. - SUCURSAL ARGENTINA,0
2012,9,2012-09,INGENIERIA ALPA S.A.,9.90033333333333
2012,9,2012-09,INTERENERGY ARGENTINA S.A.,0.00333333333333333
2012,9,2012-09,JHP INTERNATIONAL PETROLEUM ENGINEERING LTD,12.586
2012,9,2012-09,MADALENA AUSTRAL S.A.,0
2012,9,2012-09,MADALENA ENERGY ARGENTINA SRL ,38.951
2012,9,2012-09,MADALENA PETROLEUM (AMERICAS) LTD. (SUCURSAL ARGENTINA),172.662466666667
2012,9,2012-09,MEDANITO S.A.,514.733333333333
2012,9,2012-09,MISAHAR ARGENTINA S.A.,0.484033333333333
2012,9,2012-09,NECON S.A.,0
2012,9,2012-09,OIL M&S S.A.,0
2012,9,2012-09,OILSTONE ENERGIA S.A.,115.280633333333
2012,9,2012-09,PAN AMERICAN ENERGY (SUCURSAL ARGENTINA) LLC,14304.8033333333
2012,9,2012-09,PANAPETROLEO S.A.,0
2012,9,2012-09,PETRO AP S.A.,0
2012,9,2012-09,PETROBRAS ARGENTINA S.A.,11072.2013333333
2012,9,2012-09,PETROFARO S.A.,29.9276333333333
2012,9,2012-09,PETROLEOS SUDAMERICANOS S.A.,29.332
2012,9,2012-09,PETROLERA CERRO NEGRO S.A.,78.6065666666667
2012,9,2012-09,PETROLERA EL TREBOL S.A.,8.75096666666667
2012,9,2012-09,PETROLERA ENTRE LOMAS S.A.,1080.55666666667
2012,9,2012-09,PETROLERA LF COMPANY S.R.L.,3625.68
2012,9,2012-09,PETROLERA PIEDRA DEL AGUILA S.A.,0
2012,9,2012-09,PETROLERA SAN JOSE S.R.L.,9.675
2012,9,2012-09,PETROMINERA CHUBUT S.E.,0
2012,9,2012-09,PETROQUIMICA COMODORO RIVADAVIA S.A.,736.056
2012,9,2012-09,PLUSPETROL ENERGY S.A.,3248.74573333333
2012,9,2012-09,PLUSPETROL S.A.,3468.07776666667
2012,9,2012-09,QUINTANA E&P ARGENTINA S.R.L.,0.259666666666667
2012,9,2012-09,ROCH S.A.,1847.7536
2012,9,2012-09,SAN JORGE PETROLEUM S.A.,113.5
2012,9,2012-09,"SINOPEC ARGENTINA EXPLORATION AND PRODUCTION, INC.",2047.329255
2012,9,2012-09,TECPETROL S.A.,3847.89046666667
2012,9,2012-09,TOTAL AUSTRAL S.A.,36477.1019
2012,9,2012-09,UNITEC ENERGY S.A.,2.9
2012,9,2012-09,YPF S.A.,28608.3
2012,10,2012-10,AMERICAS PETROGAS ARGENTINA S.A.,64.8393548387097
2012,10,2012-10,APACHE ENERGIA ARGENTINA S.R.L.,4587
2012,10,2012-10,APACHE PETROLERA ARGENTINA S.A.,46.258064516129
2012,10,2012-10,ARGENTA ENERGIA S.A.,0
2012,10,2012-10,CAPEX S.A.,1718.33612903226
2012,10,2012-10,CENTRAL INTERNATIONAL CORPORATION (SUCURSAL ARGENTINA),19.9581290322581
2012,10,2012-10,CHAÑARES ENERGIA S.A.,19.5528709677419
2012,10,2012-10,CHEVRON ARGENTINA S.R.L.,676.465483870968
2012,10,2012-10,COLHUE HUAPI S.A.,15.3548387096774
2012,10,2012-10,COMPAÑÍA GENERAL DE COMBUSTIBLES S.A.,81.6994516129032
2012,10,2012-10,COMPAÑÍAS ASOCIADAS PETROLERAS S.A.,69.2470967741935
2012,10,2012-10,COPESA CIA CONSTRUCTORA PETROLERA SA,0
2012,10,2012-10,"CRI HOLDING, INC.",0.306129032258065
2012,10,2012-10,CROWN POINT OIL & GAS S.A.,0
2012,10,2012-10,DAPETROL S.A.,0
2012,10,2012-10,ENAP SIPETROL ARGENTINA S.A.,2177.86096774194
2012,10,2012-10,ENERGIAL S.A.,0
2012,10,2012-10,EPSUR S.A.,9.77235483870968
2012,10,2012-10,EXXONMOBIL EXPLORATION ARGENTINA S.R.L.,0
2012,10,2012-10,EZ HOLDINGS S.A.,0
2012,10,2012-10,GAS Y PETROLEO DEL NEUQUEN S.A.,2.50516129032258
2012,10,2012-10,GEOPARK ARGENTINA LTD. (SUCURSAL ARGENTINA),2.3358064516129
2012,10,2012-10,GOLDEN OIL CORPORATION Suc. Arg.,1.24903225806452
2012,10,2012-10,GRECOIL y CIA. S.R.L.,11.8406451612903
2012,10,2012-10,HIGH LUCK GROUP LTD. - SUCURSAL ARGENTINA,0
2012,10,2012-10,INGENIERIA ALPA S.A.,8.69354838709677
2012,10,2012-10,INTERENERGY ARGENTINA S.A.,0.0032258064516129
2012,10,2012-10,JHP INTERNATIONAL PETROLEUM ENGINEERING LTD,12.3338709677419
2012,10,2012-10,MADALENA AUSTRAL S.A.,0
2012,10,2012-10,MADALENA ENERGY ARGENTINA SRL ,37.6922580645161
2012,10,2012-10,MADALENA PETROLEUM (AMERICAS) LTD. (SUCURSAL ARGENTINA),183.499032258065
2012,10,2012-10,MEDANITO S.A.,487.403225806452
2012,10,2012-10,MISAHAR ARGENTINA S.A.,0.469677419354839
2012,10,2012-10,NECON S.A.,0
2012,10,2012-10,OIL M&S S.A.,0
2012,10,2012-10,OILSTONE ENERGIA S.A.,107.375451612903
2012,10,2012-10,PAN AMERICAN ENERGY (SUCURSAL ARGENTINA) LLC,14147.65
2012,10,2012-10,PANAPETROLEO S.A.,0
2012,10,2012-10,PETRO AP S.A.,0
2012,10,2012-10,PETROBRAS ARGENTINA S.A.,10523.5512903226
2012,10,2012-10,PETROFARO S.A.,40.0372903225806
2012,10,2012-10,PETROLEOS SUDAMERICANOS S.A.,30.0329032258065
2012,10,2012-10,PETROLERA CERRO NEGRO S.A.,73.1038064516129
2012,10,2012-10,PETROLERA EL TREBOL S.A.,9.84270967741936
2012,10,2012-10,PETROLERA ENTRE LOMAS S.A.,1072.84193548387
2012,10,2012-10,PETROLERA LF COMPANY S.R.L.,3694.60322580645
2012,10,2012-10,PETROLERA PIEDRA DEL AGUILA S.A.,0
2012,10,2012-10,PETROLERA SAN JOSE S.R.L.,8.72516129032258
2012,10,2012-10,PETROMINERA CHUBUT S.E.,0
2012,10,2012-10,PETROQUIMICA COMODORO RIVADAVIA S.A.,728.02
2012,10,2012-10,PLUSPETROL ENERGY S.A.,3163.39258064516
2012,10,2012-10,PLUSPETROL S.A.,3451.20174193548
2012,10,2012-10,QUINTANA E&P ARGENTINA S.R.L.,0.188387096774194
2012,10,2012-10,ROCH S.A.,1831.14890322581
2012,10,2012-10,SAN JORGE PETROLEUM S.A.,134.483870967742
2012,10,2012-10,"SINOPEC ARGENTINA EXPLORATION AND PRODUCTION, INC.",2065.38379258065
2012,10,2012-10,TECPETROL S.A.,3885.48122580645
2012,10,2012-10,TOTAL AUSTRAL S.A.,36475.9312258065
2012,10,2012-10,UNITEC ENERGY S.A.,2.7741935483871
2012,10,2012-10,YPF S.A.,28063.5267741935
2012,11,2012-11,AMERICAS PETROGAS ARGENTINA S.A.,60.0621
2012,11,2012-11,APACHE ENERGIA ARGENTINA S.R.L.,4348.90666666667
2012,11,2012-11,APACHE PETROLERA ARGENTINA S.A.,41.9333333333333
2012,11,2012-11,ARGENTA ENERGIA S.A.,0
2012,11,2012-11,CAPEX S.A.,1685.61133333333
2012,11,2012-11,CENTRAL INTERNATIONAL CORPORATION (SUCURSAL ARGENTINA),18.7078666666667
2012,11,2012-11,CHAÑARES ENERGIA S.A.,20.053
2012,11,2012-11,CHEVRON ARGENTINA S.R.L.,590.106333333333
2012,11,2012-11,COLHUE HUAPI S.A.,15.3633333333333
2012,11,2012-11,COMPAÑÍA GENERAL DE COMBUSTIBLES S.A.,77.6763333333333
2012,11,2012-11,COMPAÑÍAS ASOCIADAS PETROLERAS S.A.,91.0283333333333
2012,11,2012-11,COPESA CIA CONSTRUCTORA PETROLERA SA,0
2012,11,2012-11,"CRI HOLDING, INC.",0.331533333333333
2012,11,2012-11,CROWN POINT OIL & GAS S.A.,0
2012,11,2012-11,DAPETROL S.A.,0
2012,11,2012-11,ENAP SIPETROL ARGENTINA S.A.,2137.49366666667
2012,11,2012-11,ENERGIAL S.A.,0
2012,11,2012-11,EPSUR S.A.,9.17886666666667
2012,11,2012-11,EXXONMOBIL EXPLORATION ARGENTINA S.R.L.,0
2012,11,2012-11,EZ HOLDINGS S.A.,0
2012,11,2012-11,GAS Y PETROLEO DEL NEUQUEN S.A.,2.473
2012,11,2012-11,GEOPARK ARGENTINA LTD. (SUCURSAL ARGENTINA),1.90666666666667
2012,11,2012-11,GOLDEN OIL CORPORATION Suc. Arg.,0.504
2012,11,2012-11,GRECOIL y CIA. S.R.L.,11.694
2012,11,2012-11,HIGH LUCK GROUP LTD. - SUCURSAL ARGENTINA,0
2012,11,2012-11,INGENIERIA ALPA S.A.,8.22366666666667
2012,11,2012-11,INTERENERGY ARGENTINA S.A.,0.00333333333333333
2012,11,2012-11,JHP INTERNATIONAL PETROLEUM ENGINEERING LTD,13.2166666666667
2012,11,2012-11,MADALENA AUSTRAL S.A.,0
2012,11,2012-11,MADALENA ENERGY ARGENTINA SRL ,36.2333333333333
2012,11,2012-11,MADALENA PETROLEUM (AMERICAS) LTD. (SUCURSAL ARGENTINA),169.712666666667
2012,11,2012-11,MEDANITO S.A.,446.146966666667
2012,11,2012-11,MISAHAR ARGENTINA S.A.,0.6754
2012,11,2012-11,NECON S.A.,0
2012,11,2012-11,OIL M&S S.A.,0
2012,11,2012-11,OILSTONE ENERGIA S.A.,108.5289
2012,11,2012-11,PAN AMERICAN ENERGY (SUCURSAL ARGENTINA) LLC,13815.012
2012,11,2012-11,PANAPETROLEO S.A.,0
2012,11,2012-11,PETRO AP S.A.,0
2012,11,2012-11,PETROBRAS ARGENTINA S.A.,10243.69
2012,11,2012-11,PETROFARO S.A.,42.0990333333333
2012,11,2012-11,PETROLEOS SUDAMERICANOS S.A.,27.9706666666667
2012,11,2012-11,PETROLERA CERRO NEGRO S.A.,86.5522666666667
2012,11,2012-11,PETROLERA EL TREBOL S.A.,9.20263333333333
2012,11,2012-11,PETROLERA ENTRE LOMAS S.A.,1021.42333333333
2012,11,2012-11,PETROLERA LF COMPANY S.R.L.,3503.61
2012,11,2012-11,PETROLERA PIEDRA DEL AGUILA S.A.,0
2012,11,2012-11,PETROLERA SAN JOSE S.R.L.,7.75266666666667
2012,11,2012-11,PETROMINERA CHUBUT S.E.,0
2012,11,2012-11,PETROQUIMICA COMODORO RIVADAVIA S.A.,614.971666666667
2012,11,2012-11,PLUSPETROL ENERGY S.A.,3086.18026666667
2012,11,2012-11,PLUSPETROL S.A.,3642.87806666667
2012,11,2012-11,PRESIDENT PETROLEUM S.A.,0
2012,11,2012-11,QUINTANA E&P ARGENTINA S.R.L.,0.207666666666667
2012,11,2012-11,ROCH S.A.,1771.32296666667
2012,11,2012-11,SAN JORGE PETROLEUM S.A.,158.666666666667
2012,11,2012-11,"SINOPEC ARGENTINA EXPLORATION AND PRODUCTION, INC.",2065.86286666667
2012,11,2012-11,TECPETROL S.A.,3915.68963333333
2012,11,2012-11,TOTAL AUSTRAL S.A.,35778.9002666667
2012,11,2012-11,UNITEC ENERGY S.A.,2.53333333333333
2012,11,2012-11,YPF S.A.,27507.053
2012,12,2012-12,AMERICAS PETROGAS ARGENTINA S.A.,52.4322580645161
2012,12,2012-12,APACHE ENERGIA ARGENTINA S.R.L.,4208.54838709677
2012,12,2012-12,APACHE PETROLERA ARGENTINA S.A.,43.7516129032258
2012,12,2012-12,ARGENTA ENERGIA S.A.,0
2012,12,2012-12,CAPEX S.A.,1644.0064516129
2012,12,2012-12,CENTRAL INTERNATIONAL CORPORATION (SUCURSAL ARGENTINA),16.897
2012,12,2012-12,CHAÑARES ENERGIA S.A.,19.6568064516129
2012,12,2012-12,CHEVRON ARGENTINA S.R.L.,641.843548387097
2012,12,2012-12,COLHUE HUAPI S.A.,15.4290322580645
2012,12,2012-12,COMPAÑÍA GENERAL DE COMBUSTIBLES S.A.,68.5852903225806
2012,12,2012-12,COMPAÑÍAS ASOCIADAS PETROLERAS S.A.,91.8193548387097
2012,12,2012-12,COPESA CIA CONSTRUCTORA PETROLERA SA,0
2012,12,2012-12,"CRI HOLDING, INC.",0.328870967741935
2012,12,2012-12,CROWN POINT OIL & GAS S.A.,0
2012,12,2012-12,DAPETROL S.A.,0
2012,12,2012-12,ENAP SIPETROL ARGENTINA S.A.,2102.01419354839
2012,12,2012-12,ENERGIAL S.A.,0
2012,12,2012-12,EPSUR S.A.,10.6588709677419
2012,12,2012-12,EXXONMOBIL EXPLORATION ARGENTINA S.R.L.,0
2012,12,2012-12,EZ HOLDINGS S.A.,0
2012,12,2012-12,GAS Y PETROLEO DEL NEUQUEN S.A.,0.556451612903226
2012,12,2012-12,GEOPARK ARGENTINA LTD. (SUCURSAL ARGENTINA),1.77193548387097
2012,12,2012-12,GOLDEN OIL CORPORATION Suc. Arg.,0.555806451612903
2012,12,2012-12,GRECOIL y CIA. S.R.L.,13.5009677419355
2012,12,2012-12,HIGH LUCK GROUP LTD. - SUCURSAL ARGENTINA,0
2012,12,2012-12,INGENIERIA ALPA S.A.,7.46354838709677
2012,12,2012-12,INTERENERGY ARGENTINA S.A.,0.0032258064516129
2012,12,2012-12,JHP INTERNATIONAL PETROLEUM ENGINEERING LTD,13.4103225806452
2012,12,2012-12,MADALENA AUSTRAL S.A.,0
2012,12,2012-12,MADALENA ENERGY ARGENTINA SRL ,38.8716129032258
2012,12,2012-12,MADALENA PETROLEUM (AMERICAS) LTD. (SUCURSAL ARGENTINA),161.551161290323
2012,12,2012-12,MEDANITO S.A.,448.967741935484
2012,12,2012-12,MISAHAR ARGENTINA S.A.,0.524677419354839
2012,12,2012-12,NECON S.A.,0
2012,12,2012-12,OIL M&S S.A.,0
2012,12,2012-12,OILSTONE ENERGIA S.A.,117.122387096774
2012,12,2012-12,PAN AMERICAN ENERGY (SUCURSAL ARGENTINA) LLC,13383.0832258065
2012,12,2012-12,PANAPETROLEO S.A.,0
2012,12,2012-12,PETRO AP S.A.,0
2012,12,2012-12,PETROBRAS ARGENTINA S.A.,10250.3525806452
2012,12,2012-12,PETROFARO S.A.,42.634
2012,12,2012-12,PETROLEOS SUDAMERICANOS S.A.,28.1074193548387
2012,12,2012-12,PETROLERA CERRO NEGRO S.A.,83.1511935483871
2012,12,2012-12,PETROLERA EL TREBOL S.A.,8.42567741935484
2012,12,2012-12,PETROLERA ENTRE LOMAS S.A.,1058.98709677419
2012,12,2012-12,PETROLERA LF COMPANY S.R.L.,3561.97419354839
2012,12,2012-12,PETROLERA PIEDRA DEL AGUILA S.A.,0
2012,12,2012-12,PETROLERA SAN JOSE S.R.L.,6.88193548387097
2012,12,2012-12,PETROMINERA CHUBUT S.E.,0
2012,12,2012-12,PETROQUIMICA COMODORO RIVADAVIA S.A.,595.796129032258
2012,12,2012-12,PLUSPETROL ENERGY S.A.,3098.34325806452
2012,12,2012-12,PLUSPETROL S.A.,3680.85503225806
2012,12,2012-12,PRESIDENT PETROLEUM S.A.,0
2012,12,2012-12,QUINTANA E&P ARGENTINA S.R.L.,0.251612903225806
2012,12,2012-12,ROCH S.A.,1795.35167741935
2012,12,2012-12,SAN JORGE PETROLEUM S.A.,145.016129032258
2012,12,2012-12,"SINOPEC ARGENTINA EXPLORATION AND PRODUCTION, INC.",2063.67002197839
2012,12,2012-12,TECPETROL S.A.,3984.00593548387
2012,12,2012-12,TOTAL AUSTRAL S.A.,34514.3603870968
2012,12,2012-12,UNITEC ENERGY S.A.,2.80645161290323
2012,12,2012-12,YPF S.A.,27362.0512903226
2013,1,2013-01,AMERICAS PETROGAS ARGENTINA S.A.,58.0448387096774
2013,1,2013-01,APACHE ENERGIA ARGENTINA S.R.L.,3981.78064516129
2013,1,2013-01,APACHE PETROLERA ARGENTINA S.A.,41.1612903225806
2013,1,2013-01,ARGENTA ENERGIA S.A.,0
2013,1,2013-01,CAPEX S.A.,1610.43516129032
2013,1,2013-01,CENTRAL INTERNATIONAL CORPORATION (SUCURSAL ARGENTINA),17.1383548387097
2013,1,2013-01,CHAÑARES ENERGIA S.A.,20.7033225806452
2013,1,2013-01,CHEVRON ARGENTINA S.R.L.,654.396774193548
2013,1,2013-01,COLHUE HUAPI S.A.,15.4838709677419
2013,1,2013-01,COMPAÑÍA GENERAL DE COMBUSTIBLES S.A.,67.1545483870968
2013,1,2013-01,COMPAÑÍAS ASOCIADAS PETROLERAS S.A.,76.2822580645161
2013,1,2013-01,COPESA CIA CONSTRUCTORA PETROLERA SA,0
2013,1,2013-01,"CRI HOLDING, INC.",0.331129032258065
2013,1,2013-01,CROWN POINT OIL & GAS S.A.,0
2013,1,2013-01,DAPETROL S.A.,0
2013,1,2013-01,ENAP SIPETROL ARGENTINA S.A.,2133.26935483871
2013,1,2013-01,ENERGIAL S.A.,0
2013,1,2013-01,EPSUR S.A.,9.6
2013,1,2013-01,EXXONMOBIL EXPLORATION ARGENTINA S.R.L.,0
2013,1,2013-01,EZ HOLDINGS S.A.,0
2013,1,2013-01,GAS Y PETROLEO DEL NEUQUEN S.A.,0
2013,1,2013-01,GEOPARK ARGENTINA LTD. (SUCURSAL ARGENTINA),1.75064516129032
2013,1,2013-01,GOLDEN OIL CORPORATION Suc. Arg.,0.426774193548387
2013,1,2013-01,GRECOIL y CIA. S.R.L.,16.9545161290323
2013,1,2013-01,HIGH LUCK GROUP LTD. - SUCURSAL ARGENTINA,0
2013,1,2013-01,INGENIERIA ALPA S.A.,6.3541935483871
2013,1,2013-01,INTERENERGY ARGENTINA S.A.,0.0032258064516129
2013,1,2013-01,JHP INTERNATIONAL PETROLEUM ENGINEERING LTD,13.4048387096774
2013,1,2013-01,MADALENA AUSTRAL S.A.,0
2013,1,2013-01,MADALENA ENERGY ARGENTINA SRL ,38.07
2013,1,2013-01,MADALENA PETROLEUM (AMERICAS) LTD. (SUCURSAL ARGENTINA),173.652258064516
2013,1,2013-01,MEDANITO S.A.,447.258064516129
2013,1,2013-01,MISAHAR ARGENTINA S.A.,0.308283870967742
2013,1,2013-01,NECON S.A.,0
2013,1,2013-01,OIL M&S S.A.,0
2013,1,2013-01,OILSTONE ENERGIA S.A.,105.670161290323
2013,1,2013-01,PAN AMERICAN ENERGY (SUCURSAL ARGENTINA) LLC,13291.8461290323
2013,1,2013-01,PANAPETROLEO S.A.,0
2013,1,2013-01,PETRO AP S.A.,0
2013,1,2013-01,PETROBRAS ARGENTINA S.A.,9825.05096774194
2013,1,2013-01,PETROFARO S.A.,42.6395483870968
2013,1,2013-01,PETROLEOS SUDAMERICANOS S.A.,28.9609677419355
2013,1,2013-01,PETROLERA CERRO NEGRO S.A.,72.1945483870968
2013,1,2013-01,PETROLERA EL TREBOL S.A.,10.0421935483871
2013,1,2013-01,PETROLERA ENTRE LOMAS S.A.,1035.7
2013,1,2013-01,PETROLERA LF COMPANY S.R.L.,3480.89032258065
2013,1,2013-01,PETROLERA PIEDRA DEL AGUILA S.A.,0
2013,1,2013-01,PETROLERA SAN JOSE S.R.L.,6.45835483870968
2013,1,2013-01,PETROMINERA CHUBUT S.E.,0
2013,1,2013-01,PETROQUIMICA COMODORO RIVADAVIA S.A.,473.062258064516
2013,1,2013-01,PLUSPETROL ENERGY S.A.,3271.08929032258
2013,1,2013-01,PLUSPETROL S.A.,3516.34080644871
2013,1,2013-01,PRESIDENT PETROLEUM S.A.,0
2013,1,2013-01,QUINTANA E&P ARGENTINA S.R.L.,0.190322580645161
2013,1,2013-01,ROCH S.A.,1784.73774193548
2013,1,2013-01,SAN JORGE PETROLEUM S.A.,150.689096774194
2013,1,2013-01,"SINOPEC ARGENTINA EXPLORATION AND PRODUCTION, INC.",2035.41073092903
2013,1,2013-01,TECPETROL S.A.,3875.57796774194
2013,1,2013-01,TOTAL AUSTRAL S.A.,34224.0849677419
2013,1,2013-01,UNITEC ENERGY S.A.,3
2013,1,2013-01,YPF S.A.,28019.5083870968
2013,2,2013-02,AMERICAS PETROGAS ARGENTINA S.A.,47.53
2013,2,2013-02,APACHE ENERGIA ARGENTINA S.R.L.,4029.33928571429
2013,2,2013-02,APACHE PETROLERA ARGENTINA S.A.,40.9607142857143
2013,2,2013-02,ARGENTA ENERGIA S.A.,0
2013,2,2013-02,CAPEX S.A.,1578.47428571429
2013,2,2013-02,CENTRAL INTERNATIONAL CORPORATION (SUCURSAL ARGENTINA),22.4224642857143
2013,2,2013-02,CHAÑARES ENERGIA S.A.,20.4565
2013,2,2013-02,CHEVRON ARGENTINA S.R.L.,711.793928571429
2013,2,2013-02,COLHUE HUAPI S.A.,15.3357142857143
2013,2,2013-02,COMPAÑÍA GENERAL DE COMBUSTIBLES S.A.,67.9832142857143
2013,2,2013-02,COMPAÑÍAS ASOCIADAS PETROLERAS S.A.,71.3792857142857
2013,2,2013-02,COPESA CIA CONSTRUCTORA PETROLERA SA,0
2013,2,2013-02,"CRI HOLDING, INC.",0.0147857142857143
2013,2,2013-02,CROWN POINT OIL & GAS S.A.,0
2013,2,2013-02,DAPETROL S.A.,0
2013,2,2013-02,ENAP SIPETROL ARGENTINA S.A.,2259.96607142857
2013,2,2013-02,ENERGIAL S.A.,0
2013,2,2013-02,EPSUR S.A.,10.7457857142857
2013,2,2013-02,EXXONMOBIL EXPLORATION ARGENTINA S.R.L.,0
2013,2,2013-02,EZ HOLDINGS S.A.,0
2013,2,2013-02,GAS Y PETROLEO DEL NEUQUEN S.A.,0
2013,2,2013-02,GEOPARK ARGENTINA LTD. (SUCURSAL ARGENTINA),1.79285714285714
2013,2,2013-02,GOLDEN OIL CORPORATION Suc. Arg.,0.426785714285714
2013,2,2013-02,GRECOIL y CIA. S.R.L.,8.10571428571429
2013,2,2013-02,HIGH LUCK GROUP LTD. - SUCURSAL ARGENTINA,0
2013,2,2013-02,INGENIERIA ALPA S.A.,5.96607142857143
2013,2,2013-02,INTERENERGY ARGENTINA S.A.,0.00357142857142857
2013,2,2013-02,JHP INTERNATIONAL PETROLEUM ENGINEERING LTD,13.1975
2013,2,2013-02,MADALENA AUSTRAL S.A.,0
2013,2,2013-02,MADALENA ENERGY ARGENTINA SRL ,35.2360714285714
2013,2,2013-02,MADALENA PETROLEUM (AMERICAS) LTD. (SUCURSAL ARGENTINA),168.01025
2013,2,2013-02,MEDANITO S.A.,470.035714285714
2013,2,2013-02,MISAHAR ARGENTINA S.A.,0.45525
2013,2,2013-02,NECON S.A.,0
2013,2,2013-02,OIL M&S S.A.,0
2013,2,2013-02,OILSTONE ENERGIA S.A.,112.087392857143
2013,2,2013-02,PAN AMERICAN ENERGY (SUCURSAL ARGENTINA) LLC,13015.9271428571
2013,2,2013-02,PANAPETROLEO S.A.,0
2013,2,2013-02,PETRO AP S.A.,0
2013,2,2013-02,PETROBRAS ARGENTINA S.A.,9650.82785714286
2013,2,2013-02,PETROFARO S.A.,33.3091785714286
2013,2,2013-02,PETROLEOS SUDAMERICANOS S.A.,28.0321428571429
2013,2,2013-02,PETROLERA CERRO NEGRO S.A.,73.0067857142857
2013,2,2013-02,PETROLERA EL TREBOL S.A.,9.48689285714286
2013,2,2013-02,PETROLERA ENTRE LOMAS S.A.,1015.28571428571
2013,2,2013-02,PETROLERA LF COMPANY S.R.L.,3458.85
2013,2,2013-02,PETROLERA PIEDRA DEL AGUILA S.A.,0
2013,2,2013-02,PETROLERA SAN JOSE S.R.L.,6.03514285714286
2013,2,2013-02,PETROMINERA CHUBUT S.E.,0
2013,2,2013-02,PETROQUIMICA COMODORO RIVADAVIA S.A.,578.140357142857
2013,2,2013-02,PLUSPETROL ENERGY S.A.,3182.82632142857
2013,2,2013-02,PLUSPETROL S.A.,3526.33996428571
2013,2,2013-02,PRESIDENT PETROLEUM S.A.,0
2013,2,2013-02,QUINTANA E&P ARGENTINA S.R.L.,0.208571428571429
2013,2,2013-02,ROCH S.A.,1783.59367857143
2013,2,2013-02,SAN JORGE PETROLEUM S.A.,117.835892857143
2013,2,2013-02,"SINOPEC ARGENTINA EXPLORATION AND PRODUCTION, INC.",2129.47092142857
2013,2,2013-02,TECPETROL S.A.,3786.36217857143
2013,2,2013-02,TOTAL AUSTRAL S.A.,34989.7047857143
2013,2,2013-02,UNITEC ENERGY S.A.,3
2013,2,2013-02,YPF S.A.,28190.3278571429
2013,3,2013-03,AMERICAS PETROGAS ARGENTINA S.A.,76.2709677419355
2013,3,2013-03,APACHE ENERGIA ARGENTINA S.R.L.,3970.50322580645
2013,3,2013-03,APACHE PETROLERA ARGENTINA S.A.,40.2935483870968
2013,3,2013-03,ARGENTA ENERGIA S.A.,0
2013,3,2013-03,CAPEX S.A.,1574.61516129032
2013,3,2013-03,CENTRAL INTERNATIONAL CORPORATION (SUCURSAL ARGENTINA),26.785064516129
2013,3,2013-03,CHAÑARES ENERGIA S.A.,21.5767741935484
2013,3,2013-03,CHEVRON ARGENTINA S.R.L.,707.65
2013,3,2013-03,COLHUE HUAPI S.A.,15.4064516129032
2013,3,2013-03,COMPAÑÍA GENERAL DE COMBUSTIBLES S.A.,67.4494838709678
2013,3,2013-03,COMPAÑÍAS ASOCIADAS PETROLERAS S.A.,64.9806451612903
2013,3,2013-03,COPESA CIA CONSTRUCTORA PETROLERA SA,0
2013,3,2013-03,"CRI HOLDING, INC.",0.00565983870967742
2013,3,2013-03,CROWN POINT OIL & GAS S.A.,0
2013,3,2013-03,DAPETROL S.A.,0
2013,3,2013-03,ENAP SIPETROL ARGENTINA S.A.,2046.29032258065
2013,3,2013-03,ENERGIAL S.A.,0
2013,3,2013-03,EPSUR S.A.,8.9398064516129
2013,3,2013-03,EXXONMOBIL EXPLORATION ARGENTINA S.R.L.,0
2013,3,2013-03,EZ HOLDINGS S.A.,0
2013,3,2013-03,GAS Y PETROLEO DEL NEUQUEN S.A.,0
2013,3,2013-03,GEOPARK ARGENTINA LTD. (SUCURSAL ARGENTINA),1.91225806451613
2013,3,2013-03,GOLDEN OIL CORPORATION Suc. Arg.,0.426645161290323
2013,3,2013-03,GRECOIL y CIA. S.R.L.,6.17967741935484
2013,3,2013-03,HIGH LUCK GROUP LTD. - SUCURSAL ARGENTINA,0
2013,3,2013-03,INGENIERIA ALPA S.A.,6.70451612903226
2013,3,2013-03,INTERENERGY ARGENTINA S.A.,0.0032258064516129
2013,3,2013-03,JHP INTERNATIONAL PETROLEUM ENGINEERING LTD,13.1535483870968
2013,3,2013-03,MADALENA AUSTRAL S.A.,0
2013,3,2013-03,MADALENA ENERGY ARGENTINA SRL ,32.1283870967742
2013,3,2013-03,MADALENA PETROLEUM (AMERICAS) LTD. (SUCURSAL ARGENTINA),162.088064516129
2013,3,2013-03,MEDANITO S.A.,449.064516129032
2013,3,2013-03,MISAHAR ARGENTINA S.A.,0.944290322580645
2013,3,2013-03,NECON S.A.,0
2013,3,2013-03,O&G DEVELOPMENTS LTD S.A.,1.71141935483871
2013,3,2013-03,OIL M&S S.A.,0
2013,3,2013-03,OILSTONE ENERGIA S.A.,110.884838709677
2013,3,2013-03,PAN AMERICAN ENERGY (SUCURSAL ARGENTINA) LLC,13337.1512903226
2013,3,2013-03,PANAPETROLEO S.A.,0
2013,3,2013-03,PETRO AP S.A.,0
2013,3,2013-03,PETROBRAS ARGENTINA S.A.,9585.46451612903
2013,3,2013-03,PETROFARO S.A.,37.5761935483871
2013,3,2013-03,PETROLEOS SUDAMERICANOS S.A.,28.6545161290323
2013,3,2013-03,PETROLERA CERRO NEGRO S.A.,80.5536129032258
2013,3,2013-03,PETROLERA EL TREBOL S.A.,10.6821935483871
2013,3,2013-03,PETROLERA ENTRE LOMAS S.A.,1006.61612903226
2013,3,2013-03,PETROLERA LF COMPANY S.R.L.,3422.97096774194
2013,3,2013-03,PETROLERA PIEDRA DEL AGUILA S.A.,0
2013,3,2013-03,PETROLERA SAN JOSE S.R.L.,5.59345161290323
2013,3,2013-03,PETROMINERA CHUBUT S.E.,0
2013,3,2013-03,PETROQUIMICA COMODORO RIVADAVIA S.A.,586.074516129032
2013,3,2013-03,PLUSPETROL ENERGY S.A.,3132.77419354839
2013,3,2013-03,PLUSPETROL S.A.,3530.28335483871
2013,3,2013-03,PRESIDENT PETROLEUM S.A.,0
2013,3,2013-03,QUINTANA E&P ARGENTINA S.R.L.,0.251612903225806
2013,3,2013-03,ROCH S.A.,1807.42096774194
2013,3,2013-03,SAN JORGE PETROLEUM S.A.,131.224709677419
2013,3,2013-03,"SINOPEC ARGENTINA EXPLORATION AND PRODUCTION, INC.",2045.0478816129
2013,3,2013-03,TECPETROL S.A.,3727.689
2013,3,2013-03,TOTAL AUSTRAL S.A.,31840.0184516129
2013,3,2013-03,UNITEC ENERGY S.A.,3
2013,3,2013-03,YPF S.A.,27879.5532258065
2013,4,2013-04,AMERICAS PETROGAS ARGENTINA S.A.,38.4233333333333
2013,4,2013-04,APACHE ENERGIA ARGENTINA S.R.L.,4010.03333333333
2013,4,2013-04,APACHE PETROLERA ARGENTINA S.A.,40.9466666666667
2013,4,2013-04,ARGENTA ENERGIA S.A.,0
2013,4,2013-04,CAPEX S.A.,1534.77866666667
2013,4,2013-04,CENTRAL INTERNATIONAL CORPORATION (SUCURSAL ARGENTINA),25.7532333333333
2013,4,2013-04,CHAÑARES ENERGIA S.A.,22.548
2013,4,2013-04,CHEVRON ARGENTINA S.R.L.,739.51
2013,4,2013-04,COLHUE HUAPI S.A.,15.4066666666667
2013,4,2013-04,COMPAÑÍA GENERAL DE COMBUSTIBLES S.A.,68.0232333333333
2013,4,2013-04,COMPAÑÍAS ASOCIADAS PETROLERAS S.A.,66.3563333333333
2013,4,2013-04,COPESA CIA CONSTRUCTORA PETROLERA SA,0
2013,4,2013-04,"CRI HOLDING, INC.",0.052767
2013,4,2013-04,CROWN POINT OIL & GAS S.A.,0
2013,4,2013-04,DAPETROL S.A.,0
2013,4,2013-04,ENAP SIPETROL ARGENTINA S.A.,1824.47133333333
2013,4,2013-04,ENERGIAL S.A.,0
2013,4,2013-04,EPSUR S.A.,9.73366666666667
2013,4,2013-04,EXXONMOBIL EXPLORATION ARGENTINA S.R.L.,0
2013,4,2013-04,EZ HOLDINGS S.A.,0
2013,4,2013-04,GAS Y PETROLEO DEL NEUQUEN S.A.,0
2013,4,2013-04,GEOPARK ARGENTINA LTD. (SUCURSAL ARGENTINA),2.036
2013,4,2013-04,GOLDEN OIL CORPORATION Suc. Arg.,0.426666666666667
2013,4,2013-04,GRECOIL y CIA. S.R.L.,5.99033333333333
2013,4,2013-04,HIGH LUCK GROUP LTD. - SUCURSAL ARGENTINA,0
2013,4,2013-04,INGENIERIA ALPA S.A.,6.683
2013,4,2013-04,INTERENERGY ARGENTINA S.A.,0.00333333333333333
2013,4,2013-04,JHP INTERNATIONAL PETROLEUM ENGINEERING LTD,12.6996666666667
2013,4,2013-04,MADALENA AUSTRAL S.A.,0
2013,4,2013-04,MADALENA ENERGY ARGENTINA SRL ,34.4876666666667
2013,4,2013-04,MADALENA PETROLEUM (AMERICAS) LTD. (SUCURSAL ARGENTINA),158.759
2013,4,2013-04,MEDANITO S.A.,455.033333333333
2013,4,2013-04,MISAHAR ARGENTINA S.A.,0
2013,4,2013-04,NECON S.A.,0
2013,4,2013-04,O&G DEVELOPMENTS LTD S.A.,2.7991
2013,4,2013-04,OIL M&S S.A.,0
2013,4,2013-04,OILSTONE ENERGIA S.A.,115.566766666667
2013,4,2013-04,PAN AMERICAN ENERGY (SUCURSAL ARGENTINA) LLC,13114.9873333333
2013,4,2013-04,PANAPETROLEO S.A.,0
2013,4,2013-04,PETRO AP S.A.,0
2013,4,2013-04,PETROBRAS ARGENTINA S.A.,9808.59
2013,4,2013-04,PETROFARO S.A.,40.3117
2013,4,2013-04,PETROLEOS SUDAMERICANOS S.A.,27.025
2013,4,2013-04,PETROLERA CERRO NEGRO S.A.,81.3256666666667
2013,4,2013-04,PETROLERA EL TREBOL S.A.,10.3821666666667
2013,4,2013-04,PETROLERA ENTRE LOMAS S.A.,1028.96
2013,4,2013-04,PETROLERA LF COMPANY S.R.L.,3372.02333333333
2013,4,2013-04,PETROLERA PIEDRA DEL AGUILA S.A.,0
2013,4,2013-04,PETROLERA SAN JOSE S.R.L.,5.23093333333333
2013,4,2013-04,PETROMINERA CHUBUT S.E.,0
2013,4,2013-04,PETROQUIMICA COMODORO RIVADAVIA S.A.,613.663
2013,4,2013-04,PLUSPETROL ENERGY S.A.,3078.0784
2013,4,2013-04,PLUSPETROL S.A.,3465.93106666667
2013,4,2013-04,QUINTANA E&P ARGENTINA S.R.L.,0.193333333333333
2013,4,2013-04,ROCH S.A.,1801.77473333333
2013,4,2013-04,SAN JORGE PETROLEUM S.A.,151.796866666667
2013,4,2013-04,"SINOPEC ARGENTINA EXPLORATION AND PRODUCTION, INC.",2016.53312133333
2013,4,2013-04,TECPETROL S.A.,3666.38496666667
2013,4,2013-04,TOTAL AUSTRAL S.A.,33591.0507
2013,4,2013-04,UNITEC ENERGY S.A.,2.9
2013,4,2013-04,YPF S.A.,27446.6463333333
2013,5,2013-05,AMERICAS PETROGAS ARGENTINA S.A.,74.4387096774194
2013,5,2013-05,APACHE ENERGIA ARGENTINA S.R.L.,3971.17096774194
2013,5,2013-05,APACHE PETROLERA ARGENTINA S.A.,41.8645161290323
2013,5,2013-05,ARGENTA ENERGIA S.A.,0
2013,5,2013-05,CAPEX S.A.,1476.21870967742
2013,5,2013-05,CENTRAL INTERNATIONAL CORPORATION (SUCURSAL ARGENTINA),24.6709677419355
2013,5,2013-05,CHAÑARES ENERGIA S.A.,20.6788387096774
2013,5,2013-05,CHEVRON ARGENTINA S.R.L.,770.523548387097
2013,5,2013-05,COLHUE HUAPI S.A.,15.4064516129032
2013,5,2013-05,COMPAÑÍA GENERAL DE COMBUSTIBLES S.A.,69.104
2013,5,2013-05,COMPAÑÍAS ASOCIADAS PETROLERAS S.A.,78.8751612903226
2013,5,2013-05,COPESA CIA CONSTRUCTORA PETROLERA SA,0
2013,5,2013-05,"CRI HOLDING, INC.",0.0536958559354839
2013,5,2013-05,CROWN POINT OIL & GAS S.A.,0
2013,5,2013-05,DAPETROL S.A.,0
2013,5,2013-05,ENAP SIPETROL ARGENTINA S.A.,1791.98290322581
2013,5,2013-05,ENERGIAL S.A.,0
2013,5,2013-05,EPSUR S.A.,9.89796774193548
2013,5,2013-05,EXXONMOBIL EXPLORATION ARGENTINA S.R.L.,0
2013,5,2013-05,EZ HOLDINGS S.A.,0
2013,5,2013-05,GAS Y PETROLEO DEL NEUQUEN S.A.,0
2013,5,2013-05,GEOPARK ARGENTINA LTD. (SUCURSAL ARGENTINA),2.40774193548387
2013,5,2013-05,GOLDEN OIL CORPORATION Suc. Arg.,0.426774193548387
2013,5,2013-05,GRECOIL y CIA. S.R.L.,5.20322580645161
2013,5,2013-05,HIGH LUCK GROUP LTD. - SUCURSAL ARGENTINA,0
2013,5,2013-05,INGENIERIA ALPA S.A.,5.6441935483871
2013,5,2013-05,INTERENERGY ARGENTINA S.A.,0.0032258064516129
2013,5,2013-05,JHP INTERNATIONAL PETROLEUM ENGINEERING LTD,12.4638709677419
2013,5,2013-05,MADALENA AUSTRAL S.A.,0
2013,5,2013-05,MADALENA ENERGY ARGENTINA SRL ,34.2364193548387
2013,5,2013-05,MADALENA PETROLEUM (AMERICAS) LTD. (SUCURSAL ARGENTINA),159.937483870968
2013,5,2013-05,MEDANITO S.A.,450.129032258065
2013,5,2013-05,MISAHAR ARGENTINA S.A.,0
2013,5,2013-05,NECON S.A.,0
2013,5,2013-05,O&G DEVELOPMENTS LTD S.A.,5.18064516129032
2013,5,2013-05,OIL M&S S.A.,0
2013,5,2013-05,OILSTONE ENERGIA S.A.,144.915290322581
2013,5,2013-05,PAN AMERICAN ENERGY (SUCURSAL ARGENTINA) LLC,13517.7980645161
2013,5,2013-05,PANAPETROLEO S.A.,0
2013,5,2013-05,PETRO AP S.A.,0
2013,5,2013-05,PETROBRAS ARGENTINA S.A.,9710.74612903226
2013,5,2013-05,PETROFARO S.A.,39.4259032258065
2013,5,2013-05,PETROLEOS SUDAMERICANOS S.A.,27.5035483870968
2013,5,2013-05,PETROLERA CERRO NEGRO S.A.,78.8507741935484
2013,5,2013-05,PETROLERA EL TREBOL S.A.,10.3043870967742
2013,5,2013-05,PETROLERA ENTRE LOMAS S.A.,1089.71935483871
2013,5,2013-05,PETROLERA LF COMPANY S.R.L.,3152.75483870968
2013,5,2013-05,PETROLERA PIEDRA DEL AGUILA S.A.,0
2013,5,2013-05,PETROLERA SAN JOSE S.R.L.,5.00222580645161
2013,5,2013-05,PETROMINERA CHUBUT S.E.,0
2013,5,2013-05,PETROQUIMICA COMODORO RIVADAVIA S.A.,737.264838709677
2013,5,2013-05,PLUSPETROL ENERGY S.A.,3056.88558064516
2013,5,2013-05,PLUSPETROL S.A.,3509.57074193548
2013,5,2013-05,QUINTANA E&P ARGENTINA S.R.L.,0.254838709677419
2013,5,2013-05,ROCH S.A.,1684.6054516129
2013,5,2013-05,SAN JORGE PETROLEUM S.A.,159.594096774194
2013,5,2013-05,"SINOPEC ARGENTINA EXPLORATION AND PRODUCTION, INC.",2148.31533387097
2013,5,2013-05,TECPETROL S.A.,3552.99032258065
2013,5,2013-05,TOTAL AUSTRAL S.A.,34456.8630322581
2013,5,2013-05,UNITEC ENERGY S.A.,4
2013,5,2013-05,YPF S.A.,28339.048483871
2013,6,2013-06,AMERICAS PETROGAS ARGENTINA S.A.,48.3066666666667
2013,6,2013-06,APACHE ENERGIA ARGENTINA S.R.L.,3854.08666666667
2013,6,2013-06,APACHE PETROLERA ARGENTINA S.A.,41.23
2013,6,2013-06,ARGENTA ENERGIA S.A.,0
2013,6,2013-06,CAPEX S.A.,1507.20966666667
2013,6,2013-06,CENTRAL INTERNATIONAL CORPORATION (SUCURSAL ARGENTINA),25.0876666666667
2013,6,2013-06,CHAÑARES ENERGIA S.A.,20.7578
2013,6,2013-06,CHEVRON ARGENTINA S.R.L.,765.024666666667
2013,6,2013-06,COLHUE HUAPI S.A.,15.43
2013,6,2013-06,COMPAÑÍA GENERAL DE COMBUSTIBLES S.A.,62.8132333333333
2013,6,2013-06,COMPAÑÍAS ASOCIADAS PETROLERAS S.A.,80.9523333333333
2013,6,2013-06,COPESA CIA CONSTRUCTORA PETROLERA SA,0
2013,6,2013-06,"CRI HOLDING, INC.",0.0520988470666667
2013,6,2013-06,CROWN POINT OIL & GAS S.A.,0
2013,6,2013-06,DAPETROL S.A.,0
2013,6,2013-06,ENAP SIPETROL ARGENTINA S.A.,2318.137
2013,6,2013-06,ENERGIAL S.A.,0
2013,6,2013-06,EPSUR S.A.,9.70163333333333
2013,6,2013-06,EXXONMOBIL EXPLORATION ARGENTINA S.R.L.,0
2013,6,2013-06,EZ HOLDINGS S.A.,0
2013,6,2013-06,GAS Y PETROLEO DEL NEUQUEN S.A.,0.0633333333333333
2013,6,2013-06,GEOPARK ARGENTINA LTD. (SUCURSAL ARGENTINA),2.48733333333333
2013,6,2013-06,GOLDEN OIL CORPORATION Suc. Arg.,0.426633333333333
2013,6,2013-06,GRECOIL y CIA. S.R.L.,15.978
2013,6,2013-06,HIGH LUCK GROUP LTD. - SUCURSAL ARGENTINA,0
2013,6,2013-06,INGENIERIA ALPA S.A.,5.976
2013,6,2013-06,INTERENERGY ARGENTINA S.A.,0.00333333333333333
2013,6,2013-06,JHP INTERNATIONAL PETROLEUM ENGINEERING LTD,11.9246666666667
2013,6,2013-06,MADALENA AUSTRAL S.A.,0
2013,6,2013-06,MADALENA ENERGY ARGENTINA SRL ,33.621
2013,6,2013-06,MADALENA PETROLEUM (AMERICAS) LTD. (SUCURSAL ARGENTINA),152.158666666667
2013,6,2013-06,MEDANITO S.A.,468.9
2013,6,2013-06,MISAHAR ARGENTINA S.A.,0.611833333333333
2013,6,2013-06,NECON S.A.,0
2013,6,2013-06,O&G DEVELOPMENTS LTD S.A.,3.76333333333333
2013,6,2013-06,OIL M&S S.A.,0
2013,6,2013-06,OILSTONE ENERGIA S.A.,152.1697
2013,6,2013-06,PAN AMERICAN ENERGY (SUCURSAL ARGENTINA) LLC,12994.6063333333
2013,6,2013-06,PANAPETROLEO S.A.,0
2013,6,2013-06,PETRO AP S.A.,0
2013,6,2013-06,PETROBRAS ARGENTINA S.A.,9594.98666666667
2013,6,2013-06,PETROFARO S.A.,40.7594333333333
2013,6,2013-06,PETROLEOS SUDAMERICANOS S.A.,27.762
2013,6,2013-06,PETROLERA CERRO NEGRO S.A.,67.8695
2013,6,2013-06,PETROLERA EL TREBOL S.A.,10.2708
2013,6,2013-06,PETROLERA ENTRE LOMAS S.A.,1148.27
2013,6,2013-06,PETROLERA LF COMPANY S.R.L.,3278.43
2013,6,2013-06,PETROLERA PIEDRA DEL AGUILA S.A.,0
2013,6,2013-06,PETROLERA SAN JOSE S.R.L.,4.56533333333333
2013,6,2013-06,PETROMINERA CHUBUT S.E.,0
2013,6,2013-06,PETROQUIMICA COMODORO RIVADAVIA S.A.,757.854666666667
2013,6,2013-06,PLUSPETROL ENERGY S.A.,3011.7226
2013,6,2013-06,PLUSPETROL S.A.,3412.79089999967
2013,6,2013-06,QUINTANA E&P ARGENTINA S.R.L.,0.26
2013,6,2013-06,ROCH S.A.,1781.94166666667
2013,6,2013-06,SAN JORGE PETROLEUM S.A.,161.5893
2013,6,2013-06,"SINOPEC ARGENTINA EXPLORATION AND PRODUCTION, INC.",2193.048368
2013,6,2013-06,TECPETROL S.A.,3539.27693333333
2013,6,2013-06,TOTAL AUSTRAL S.A.,34733.4840333333
2013,6,2013-06,UNITEC ENERGY S.A.,3.4
2013,6,2013-06,YPF S.A.,28682.7483333333
2013,7,2013-07,AMERICAS PETROGAS ARGENTINA S.A.,61.1677419354839
2013,7,2013-07,APACHE ENERGIA ARGENTINA S.R.L.,3844.5935483871
2013,7,2013-07,APACHE PETROLERA ARGENTINA S.A.,37.7129032258064
2013,7,2013-07,ARGENTA ENERGIA S.A.,0
2013,7,2013-07,CAPEX S.A.,1437.60096774194
2013,7,2013-07,CENTRAL INTERNATIONAL CORPORATION (SUCURSAL ARGENTINA),22.728935483871
2013,7,2013-07,CHAÑARES ENERGIA S.A.,19.703935483871
2013,7,2013-07,CHEVRON ARGENTINA S.R.L.,684.972580645161
2013,7,2013-07,COLHUE HUAPI S.A.,15.4516129032258
2013,7,2013-07,COMPAÑÍA GENERAL DE COMBUSTIBLES S.A.,58.0403548387097
2013,7,2013-07,COMPAÑÍAS ASOCIADAS PETROLERAS S.A.,95.6641935483871
2013,7,2013-07,COPESA CIA CONSTRUCTORA PETROLERA SA,0
2013,7,2013-07,"CRI HOLDING, INC.",0.0537575840645161
2013,7,2013-07,CROWN POINT OIL & GAS S.A.,0
2013,7,2013-07,DAPETROL S.A.,0
2013,7,2013-07,ENAP SIPETROL ARGENTINA S.A.,2394.13741935484
2013,7,2013-07,ENERGIAL S.A.,0
2013,7,2013-07,EPSUR S.A.,10.2538387096774
2013,7,2013-07,EXXONMOBIL EXPLORATION ARGENTINA S.R.L.,0
2013,7,2013-07,EZ HOLDINGS S.A.,0
2013,7,2013-07,GAS Y PETROLEO DEL NEUQUEN S.A.,0.0612903225806452
2013,7,2013-07,GEOPARK ARGENTINA LTD. (SUCURSAL ARGENTINA),2.77290322580645
2013,7,2013-07,GRECOIL y CIA. S.R.L.,7.44516129032258
2013,7,2013-07,HIGH LUCK GROUP LTD. - SUCURSAL ARGENTINA,0
2013,7,2013-07,INGENIERIA ALPA S.A.,5.51161290322581
2013,7,2013-07,INTERENERGY ARGENTINA S.A.,0.0032258064516129
2013,7,2013-07,JHP INTERNATIONAL PETROLEUM ENGINEERING LTD,11.2722580645161
2013,7,2013-07,KILWER S.A.,0
2013,7,2013-07,MADALENA AUSTRAL S.A.,0
2013,7,2013-07,MADALENA ENERGY ARGENTINA SRL ,30.9555161290323
2013,7,2013-07,MADALENA PETROLEUM (AMERICAS) LTD. (SUCURSAL ARGENTINA),140.532451612903
2013,7,2013-07,MEDANITO S.A.,456.290322580645
2013,7,2013-07,MISAHAR ARGENTINA S.A.,0.385548387096774
2013,7,2013-07,NECON S.A.,0
2013,7,2013-07,O&G DEVELOPMENTS LTD S.A.,2.43548387096774
2013,7,2013-07,OIL M&S S.A.,0
2013,7,2013-07,OILSTONE ENERGIA S.A.,154.859580645161
2013,7,2013-07,PAN AMERICAN ENERGY (SUCURSAL ARGENTINA) LLC,12681.7880645161
2013,7,2013-07,PANAPETROLEO S.A.,0
2013,7,2013-07,PETRO AP S.A.,0
2013,7,2013-07,PETROBRAS ARGENTINA S.A.,9853.29870967742
2013,7,2013-07,PETROFARO S.A.,35.080935483871
2013,7,2013-07,PETROLEOS SUDAMERICANOS S.A.,27.6064516129032
2013,7,2013-07,PETROLERA CERRO NEGRO S.A.,62.080064516129
2013,7,2013-07,PETROLERA EL TREBOL S.A.,8.80883870967742
2013,7,2013-07,PETROLERA ENTRE LOMAS S.A.,1126.90322580645
2013,7,2013-07,PETROLERA LF COMPANY S.R.L.,3253.1
2013,7,2013-07,PETROLERA PIEDRA DEL AGUILA S.A.,0
2013,7,2013-07,PETROLERA SAN JOSE S.R.L.,10.9420967741935
2013,7,2013-07,PETROMINERA CHUBUT S.E.,0
2013,7,2013-07,PETROQUIMICA COMODORO RIVADAVIA S.A.,708.40935483871
2013,7,2013-07,PLUSPETROL ENERGY S.A.,2963.68451612903
2013,7,2013-07,PLUSPETROL S.A.,3365.56154838677
2013,7,2013-07,QUINTANA E&P ARGENTINA S.R.L.,0.241935483870968
2013,7,2013-07,ROCH S.A.,1766.56106451613
2013,7,2013-07,SAN JORGE PETROLEUM S.A.,162.800935483871
2013,7,2013-07,"SINOPEC ARGENTINA EXPLORATION AND PRODUCTION, INC.",2195.83341258065
2013,7,2013-07,TECPETROL S.A.,3517.19541935484
2013,7,2013-07,TOTAL AUSTRAL S.A.,34535.3366451613
2013,7,2013-07,UNITEC ENERGY S.A.,3.41935483870968
2013,7,2013-07,YPF S.A.,28692.2606451613
2013,8,2013-08,AMERICAS PETROGAS ARGENTINA S.A.,78.6161290322581
2013,8,2013-08,APACHE ENERGIA ARGENTINA S.R.L.,4038.47741935484
2013,8,2013-08,APACHE PETROLERA ARGENTINA S.A.,36.6032258064516
2013,8,2013-08,ARGENTA ENERGIA S.A.,0
2013,8,2013-08,CAPEX S.A.,1391.67580645161
2013,8,2013-08,CENTRAL INTERNATIONAL CORPORATION (SUCURSAL ARGENTINA),23.1593548387097
2013,8,2013-08,CHAÑARES ENERGIA S.A.,19.1848064516129
2013,8,2013-08,CHEVRON ARGENTINA S.R.L.,707.960967741936
2013,8,2013-08,COLHUE HUAPI S.A.,15.2774193548387
2013,8,2013-08,COMPAÑÍA GENERAL DE COMBUSTIBLES S.A.,49.0091935483871
2013,8,2013-08,COMPAÑÍAS ASOCIADAS PETROLERAS S.A.,94.131935483871
2013,8,2013-08,COPESA CIA CONSTRUCTORA PETROLERA SA,0
2013,8,2013-08,"CRI HOLDING, INC.",0.0539354170322581
2013,8,2013-08,CROWN POINT OIL & GAS S.A.,0
2013,8,2013-08,DAPETROL S.A.,0
2013,8,2013-08,ENAP SIPETROL ARGENTINA S.A.,2379.77064516129
2013,8,2013-08,ENERGIAL S.A.,0
2013,8,2013-08,EPSUR S.A.,10.2726129032258
2013,8,2013-08,EXXONMOBIL EXPLORATION ARGENTINA S.R.L.,0
2013,8,2013-08,EZ HOLDINGS S.A.,0
2013,8,2013-08,GEOPARK ARGENTINA LTD. (SUCURSAL ARGENTINA),2.91870967741936
2013,8,2013-08,GRECOIL y CIA. S.R.L.,7.0441935483871
2013,8,2013-08,HIGH LUCK GROUP LTD. - SUCURSAL ARGENTINA,0
2013,8,2013-08,INGENIERIA ALPA S.A.,5.34193548387097
2013,8,2013-08,INTERENERGY ARGENTINA S.A.,0.0032258064516129
2013,8,2013-08,JHP INTERNATIONAL PETROLEUM ENGINEERING LTD,11.2225806451613
2013,8,2013-08,KILWER S.A.,0
2013,8,2013-08,MADALENA AUSTRAL S.A.,0
2013,8,2013-08,MADALENA ENERGY ARGENTINA SRL ,29.4906451612903
2013,8,2013-08,MADALENA PETROLEUM (AMERICAS) LTD. (SUCURSAL ARGENTINA),161.076290322581
2013,8,2013-08,MEDANITO S.A.,442.225806451613
2013,8,2013-08,MISAHAR ARGENTINA S.A.,0.401109677419355
2013,8,2013-08,NECON S.A.,0
2013,8,2013-08,O&G DEVELOPMENTS LTD S.A.,3.56483870967742
2013,8,2013-08,OIL M&S S.A.,0
2013,8,2013-08,OILSTONE ENERGIA S.A.,162.413032258065
2013,8,2013-08,PAN AMERICAN ENERGY (SUCURSAL ARGENTINA) LLC,12632.4193548387
2013,8,2013-08,PANAPETROLEO S.A.,0
2013,8,2013-08,PETRO AP S.A.,0
2013,8,2013-08,PETROBRAS ARGENTINA S.A.,9984.57322580645
2013,8,2013-08,PETROFARO S.A.,29.8526774193548
2013,8,2013-08,PETROLEOS SUDAMERICANOS S.A.,29.3309677419355
2013,8,2013-08,PETROLERA CERRO NEGRO S.A.,65.4169032258065
2013,8,2013-08,PETROLERA EL TREBOL S.A.,8.86403225806452
2013,8,2013-08,PETROLERA ENTRE LOMAS S.A.,1181.66774193548
2013,8,2013-08,PETROLERA LF COMPANY S.R.L.,3176.67096774194
2013,8,2013-08,PETROLERA PIEDRA DEL AGUILA S.A.,0
2013,8,2013-08,PETROLERA SAN JOSE S.R.L.,10.6033548387097
2013,8,2013-08,PETROMINERA CHUBUT S.E.,0
2013,8,2013-08,PETROQUIMICA COMODORO RIVADAVIA S.A.,717.765806451613
2013,8,2013-08,PLUSPETROL ENERGY S.A.,2918.5484516129
2013,8,2013-08,PLUSPETROL S.A.,3394.58448387097
2013,8,2013-08,QUINTANA E&P ARGENTINA S.R.L.,0.187096774193548
2013,8,2013-08,ROCH S.A.,1719.04638709677
2013,8,2013-08,SAN JORGE PETROLEUM S.A.,153.945612903226
2013,8,2013-08,"SINOPEC ARGENTINA EXPLORATION AND PRODUCTION, INC.",2185.67712483871
2013,8,2013-08,TECPETROL S.A.,3585.67467741935
2013,8,2013-08,TOTAL AUSTRAL S.A.,34485.0957741935
2013,8,2013-08,UNITEC ENERGY S.A.,3
2013,8,2013-08,YPF S.A.,29317.9606451613
2013,9,2013-09,AMERICAS PETROGAS ARGENTINA S.A.,76.7425666666667
2013,9,2013-09,APACHE ENERGIA ARGENTINA S.R.L.,4211.73333333333
2013,9,2013-09,APACHE PETROLERA ARGENTINA S.A.,41.3033333333333
2013,9,2013-09,ARGENTA ENERGIA S.A.,0
2013,9,2013-09,CAPEX S.A.,1415.737
2013,9,2013-09,CENTRAL INTERNATIONAL CORPORATION (SUCURSAL ARGENTINA),24.351
2013,9,2013-09,CHAÑARES ENERGIA S.A.,18.9263
2013,9,2013-09,CHEVRON ARGENTINA S.R.L.,723.505333333333
2013,9,2013-09,COLHUE HUAPI S.A.,15.4766666666667
2013,9,2013-09,COMPAÑÍA GENERAL DE COMBUSTIBLES S.A.,22.5144333333333
2013,9,2013-09,COMPAÑÍAS ASOCIADAS PETROLERAS S.A.,103.125333333333
2013,9,2013-09,COPESA CIA CONSTRUCTORA PETROLERA SA,0
2013,9,2013-09,"CRI HOLDING, INC.",0.0519662570333333
2013,9,2013-09,CROWN POINT OIL & GAS S.A.,0
2013,9,2013-09,DAPETROL S.A.,0
2013,9,2013-09,ENAP SIPETROL ARGENTINA S.A.,2496.84633333333
2013,9,2013-09,ENERGIAL S.A.,0
2013,9,2013-09,EPSUR S.A.,9.68523333333333
2013,9,2013-09,EXXONMOBIL EXPLORATION ARGENTINA S.R.L.,0
2013,9,2013-09,EZ HOLDINGS S.A.,0
2013,9,2013-09,GAS Y PETROLEO DEL NEUQUEN S.A.,1.28333333333333
2013,9,2013-09,GEOPARK ARGENTINA LTD. (SUCURSAL ARGENTINA),2.85733333333333
2013,9,2013-09,GRECOIL y CIA. S.R.L.,5.37666666666667
2013,9,2013-09,HIGH LUCK GROUP LTD. - SUCURSAL ARGENTINA,0
2013,9,2013-09,INGENIERIA ALPA S.A.,5.399
2013,9,2013-09,INGENIERIA SIMA S.A.,0
2013,9,2013-09,INTERENERGY ARGENTINA S.A.,0.00333333333333333
2013,9,2013-09,JHP INTERNATIONAL PETROLEUM ENGINEERING LTD,10.9963333333333
2013,9,2013-09,KILWER S.A.,0
2013,9,2013-09,MADALENA AUSTRAL S.A.,0
2013,9,2013-09,MADALENA ENERGY ARGENTINA SRL ,32.4393333333333
2013,9,2013-09,MADALENA PETROLEUM (AMERICAS) LTD. (SUCURSAL ARGENTINA),154.581666666667
2013,9,2013-09,MEDANITO S.A.,478.107333333333
2013,9,2013-09,MISAHAR ARGENTINA S.A.,1.27346666666667
2013,9,2013-09,NECON S.A.,0
2013,9,2013-09,O&G DEVELOPMENTS LTD S.A.,8.72
2013,9,2013-09,OIL M&S S.A.,0
2013,9,2013-09,OILSTONE ENERGIA S.A.,153.019766666667
2013,9,2013-09,PAN AMERICAN ENERGY (SUCURSAL ARGENTINA) LLC,12910.6186666667
2013,9,2013-09,PANAPETROLEO S.A.,0
2013,9,2013-09,PETRO AP S.A.,0
2013,9,2013-09,PETROBRAS ARGENTINA S.A.,9684.46366666667
2013,9,2013-09,PETROFARO S.A.,29.9258333333333
2013,9,2013-09,PETROLEOS SUDAMERICANOS S.A.,29.2353333333333
2013,9,2013-09,PETROLERA CERRO NEGRO S.A.,65.9174
2013,9,2013-09,PETROLERA DEL COMAHUE S.A.,0
2013,9,2013-09,PETROLERA EL TREBOL S.A.,7.89016666666667
2013,9,2013-09,PETROLERA ENTRE LOMAS S.A.,1189.19
2013,9,2013-09,PETROLERA LF COMPANY S.R.L.,3160.78666666667
2013,9,2013-09,PETROLERA PAMPA S.A. ,0
2013,9,2013-09,PETROLERA PATAGONIA S.R.L.,0
2013,9,2013-09,PETROLERA PIEDRA DEL AGUILA S.A.,0
2013,9,2013-09,PETROLERA SAN JOSE S.R.L.,17.0314
2013,9,2013-09,PETROMINERA CHUBUT S.E.,0
2013,9,2013-09,PETROQUIMICA COMODORO RIVADAVIA S.A.,803.444
2013,9,2013-09,PLUSPETROL ENERGY S.A.,2857.4907
2013,9,2013-09,PLUSPETROL S.A.,3524.75298333333
2013,9,2013-09,QUINTANA E&P ARGENTINA S.R.L.,0.25
2013,9,2013-09,ROCH S.A.,1662.39323333333
2013,9,2013-09,SAN JORGE PETROLEUM S.A.,148.306866666667
2013,9,2013-09,"SINOPEC ARGENTINA EXPLORATION AND PRODUCTION, INC.",2175.38278666667
2013,9,2013-09,TECPETROL S.A.,3729.2667
2013,9,2013-09,TOTAL AUSTRAL S.A.,33720.9415333333
2013,9,2013-09,UNITEC ENERGY S.A.,3.96666666666667
2013,9,2013-09,YPF S.A.,29646.5873333333
2013,10,2013-10,AMERICAS PETROGAS ARGENTINA S.A.,69.8516129032258
2013,10,2013-10,APACHE ENERGIA ARGENTINA S.R.L.,4239.39032258065
2013,10,2013-10,APACHE PETROLERA ARGENTINA S.A.,39.8451612903226
2013,10,2013-10,ARGENTA ENERGIA S.A.,0
2013,10,2013-10,CAPEX S.A.,1398.61709677419
2013,10,2013-10,CENTRAL INTERNATIONAL CORPORATION (SUCURSAL ARGENTINA),22.8745161290323
2013,10,2013-10,CHAÑARES ENERGIA S.A.,18.2283548387097
2013,10,2013-10,CHEVRON ARGENTINA S.R.L.,706.961935483871
2013,10,2013-10,COLHUE HUAPI S.A.,15.4516129032258
2013,10,2013-10,COMPAÑÍA GENERAL DE COMBUSTIBLES S.A.,20.430264516129
2013,10,2013-10,COMPAÑÍAS ASOCIADAS PETROLERAS S.A.,94.3890322580645
2013,10,2013-10,COPESA CIA CONSTRUCTORA PETROLERA SA,0
2013,10,2013-10,"CRI HOLDING, INC.",0.0474739481290323
2013,10,2013-10,CROWN POINT ENERGIA S.A.,0
2013,10,2013-10,CROWN POINT OIL & GAS S.A.,0
2013,10,2013-10,DAPETROL S.A.,0
2013,10,2013-10,ENAP SIPETROL ARGENTINA S.A.,2311.46483870968
2013,10,2013-10,ENERGIAL S.A.,0
2013,10,2013-10,EPSUR S.A.,11.1516129032258
2013,10,2013-10,EXXONMOBIL EXPLORATION ARGENTINA S.R.L.,0
2013,10,2013-10,EZ HOLDINGS S.A.,0
2013,10,2013-10,GAS Y PETROLEO DEL NEUQUEN S.A.,1.64890322580645
2013,10,2013-10,GEOPARK ARGENTINA LTD. (SUCURSAL ARGENTINA),2.63741935483871
2013,10,2013-10,GRECOIL y CIA. S.R.L.,7.73032258064516
2013,10,2013-10,HIGH LUCK GROUP LTD. - SUCURSAL ARGENTINA,0
2013,10,2013-10,INGENIERIA ALPA S.A.,4.96225806451613
2013,10,2013-10,INGENIERIA SIMA S.A.,0
2013,10,2013-10,INTERENERGY ARGENTINA S.A.,0.0032258064516129
2013,10,2013-10,JHP INTERNATIONAL PETROLEUM ENGINEERING LTD,11.2954838709677
2013,10,2013-10,KILWER S.A.,0
2013,10,2013-10,MADALENA AUSTRAL S.A.,0
2013,10,2013-10,MADALENA ENERGY ARGENTINA SRL ,24.3238709677419
2013,10,2013-10,MADALENA PETROLEUM (AMERICAS) LTD. (SUCURSAL ARGENTINA),204.837741935484
2013,10,2013-10,MEDANITO S.A.,520.58064516129
2013,10,2013-10,MISAHAR ARGENTINA S.A.,0.455193548387097
2013,10,2013-10,NECON S.A.,0
2013,10,2013-10,O&G DEVELOPMENTS LTD S.A.,13.5548387096774
2013,10,2013-10,OIL M&S S.A.,0
2013,10,2013-10,OILSTONE ENERGIA S.A.,150.557258064516
2013,10,2013-10,PAN AMERICAN ENERGY (SUCURSAL ARGENTINA) LLC,12898.2674193548
2013,10,2013-10,PANAPETROLEO S.A.,0
2013,10,2013-10,PETRO AP S.A.,0
2013,10,2013-10,PETROBRAS ARGENTINA S.A.,9746.30741935484
2013,10,2013-10,PETROFARO S.A.,29.5848709677419
2013,10,2013-10,PETROLEOS SUDAMERICANOS S.A.,29.3377419354839
2013,10,2013-10,PETROLERA CERRO NEGRO S.A.,71.3321612903226
2013,10,2013-10,PETROLERA DEL COMAHUE S.A.,0
2013,10,2013-10,PETROLERA EL TREBOL S.A.,8.33245161290323
2013,10,2013-10,PETROLERA ENTRE LOMAS S.A.,1178.42903225806
2013,10,2013-10,PETROLERA LF COMPANY S.R.L.,3099.41612903226
2013,10,2013-10,PETROLERA PAMPA S.A. ,0
2013,10,2013-10,PETROLERA PATAGONIA S.R.L.,0
2013,10,2013-10,PETROLERA PIEDRA DEL AGUILA S.A.,0
2013,10,2013-10,PETROLERA SAN JOSE S.R.L.,13.0792580645161
2013,10,2013-10,PETROMINERA CHUBUT S.E.,0
2013,10,2013-10,PETROQUIMICA COMODORO RIVADAVIA S.A.,802.285483870968
2013,10,2013-10,PLUSPETROL ENERGY S.A.,2821.52264516129
2013,10,2013-10,PLUSPETROL S.A.,3413.61648387129
2013,10,2013-10,QUINTANA E&P ARGENTINA S.R.L.,0.241935483870968
2013,10,2013-10,ROCH S.A.,1781.22358064516
2013,10,2013-10,SAN JORGE PETROLEUM S.A.,156.140161290323
2013,10,2013-10,"SINOPEC ARGENTINA EXPLORATION AND PRODUCTION, INC.",2141.12954451613
2013,10,2013-10,TECPETROL S.A.,3678.59867741935
2013,10,2013-10,TOTAL AUSTRAL S.A.,33247.6516451613
2013,10,2013-10,UNITEC ENERGY S.A.,4
2013,10,2013-10,YPF S.A.,29563.015483871
2013,11,2013-11,AMERICAS PETROGAS ARGENTINA S.A.,52.28
2013,11,2013-11,APACHE ENERGIA ARGENTINA S.R.L.,4191.43333333333
2013,11,2013-11,APACHE PETROLERA ARGENTINA S.A.,39.1833333333333
2013,11,2013-11,ARGENTA ENERGIA S.A.,0
2013,11,2013-11,CAPEX S.A.,1368.41
2013,11,2013-11,CENTRAL INTERNATIONAL CORPORATION (SUCURSAL ARGENTINA),20.5221
2013,11,2013-11,CHAÑARES ENERGIA S.A.,18.0510333333333
2013,11,2013-11,CHEVRON ARGENTINA S.R.L.,713.734
2013,11,2013-11,COLHUE HUAPI S.A.,15.3633333333333
2013,11,2013-11,COMPAÑÍA GENERAL DE COMBUSTIBLES S.A.,19.5036666666667
2013,11,2013-11,COMPAÑÍAS ASOCIADAS PETROLERAS S.A.,87.4713333333333
2013,11,2013-11,COPESA CIA CONSTRUCTORA PETROLERA SA,0
2013,11,2013-11,"CRI HOLDING, INC.",0.0509101872666667
2013,11,2013-11,CROWN POINT ENERGIA S.A.,0
2013,11,2013-11,CROWN POINT OIL & GAS S.A.,0
2013,11,2013-11,DAPETROL S.A.,0
2013,11,2013-11,ENAP SIPETROL ARGENTINA S.A.,2374.67166666667
2013,11,2013-11,ENERGIAL S.A.,0
2013,11,2013-11,EPSUR S.A.,9.97393333333333
2013,11,2013-11,EXXONMOBIL EXPLORATION ARGENTINA S.R.L.,0
2013,11,2013-11,EZ HOLDINGS S.A.,0
2013,11,2013-11,GAS Y PETROLEO DEL NEUQUEN S.A.,2.34643333333333
2013,11,2013-11,GEOPARK ARGENTINA LTD. (SUCURSAL ARGENTINA),2.449
2013,11,2013-11,GRECOIL y CIA. S.R.L.,5.94366666666667
2013,11,2013-11,HIGH LUCK GROUP LTD. - SUCURSAL ARGENTINA,0
2013,11,2013-11,INGENIERIA ALPA S.A.,4.77466666666667
2013,11,2013-11,INGENIERIA SIMA S.A.,0
2013,11,2013-11,INTERENERGY ARGENTINA S.A.,0.00333333333333333
2013,11,2013-11,JHP INTERNATIONAL PETROLEUM ENGINEERING LTD,11.8493333333333
2013,11,2013-11,KILWER S.A.,0
2013,11,2013-11,MADALENA AUSTRAL S.A.,0
2013,11,2013-11,MADALENA ENERGY ARGENTINA SRL ,24.1743333333333
2013,11,2013-11,MADALENA PETROLEUM (AMERICAS) LTD. (SUCURSAL ARGENTINA),190.291333333333
2013,11,2013-11,MEDANITO S.A.,517.6
2013,11,2013-11,MISAHAR ARGENTINA S.A.,1.70243333333333
2013,11,2013-11,NECON S.A.,0
2013,11,2013-11,O&G DEVELOPMENTS LTD S.A.,11.7133333333333
2013,11,2013-11,OIL M&S S.A.,0
2013,11,2013-11,OILSTONE ENERGIA S.A.,151.133066666667
2013,11,2013-11,PAN AMERICAN ENERGY (SUCURSAL ARGENTINA) LLC,12896.5683333333
2013,11,2013-11,PANAPETROLEO S.A.,0
2013,11,2013-11,PETRO AP S.A.,0
2013,11,2013-11,PETROBRAS ARGENTINA S.A.,9831.85133333333
2013,11,2013-11,PETROFARO S.A.,29.7590333333333
2013,11,2013-11,PETROLEOS SUDAMERICANOS S.A.,29.4463333333333
2013,11,2013-11,PETROLERA CERRO NEGRO S.A.,70.7944
2013,11,2013-11,PETROLERA DEL COMAHUE S.A.,0
2013,11,2013-11,PETROLERA EL TREBOL S.A.,8.2876
2013,11,2013-11,PETROLERA ENTRE LOMAS S.A.,1179.73
2013,11,2013-11,PETROLERA LF COMPANY S.R.L.,3134.29
2013,11,2013-11,PETROLERA PAMPA S.A. ,0
2013,11,2013-11,PETROLERA PATAGONIA S.R.L.,0
2013,11,2013-11,PETROLERA PIEDRA DEL AGUILA S.A.,0
2013,11,2013-11,PETROLERA SAN JOSE S.R.L.,11.1628666666667
2013,11,2013-11,PETROMINERA CHUBUT S.E.,0
2013,11,2013-11,PETROQUIMICA COMODORO RIVADAVIA S.A.,772.928666666667
2013,11,2013-11,PLUSPETROL ENERGY S.A.,2808.81366666667
2013,11,2013-11,PLUSPETROL S.A.,3313.4133
2013,11,2013-11,QUINTANA E&P ARGENTINA S.R.L.,0.193333333333333
2013,11,2013-11,ROCH S.A.,1781.03073333333
2013,11,2013-11,SAN JORGE PETROLEUM S.A.,150.042766666667
2013,11,2013-11,"SINOPEC ARGENTINA EXPLORATION AND PRODUCTION, INC.",2118.19306333333
2013,11,2013-11,TECPETROL S.A.,3701.43313333333
2013,11,2013-11,TOTAL AUSTRAL S.A.,32999.9232666667
2013,11,2013-11,UNITEC ENERGY S.A.,3.53333333333333
2013,11,2013-11,YPF S.A.,30013.6613333333
2013,12,2013-12,AMERICAS PETROGAS ARGENTINA S.A.,69.4322580645161
2013,12,2013-12,APACHE ENERGIA ARGENTINA S.R.L.,4101.08709677419
2013,12,2013-12,APACHE PETROLERA ARGENTINA S.A.,39.7225806451613
2013,12,2013-12,ARGENTA ENERGIA S.A.,0
2013,12,2013-12,CAPEX S.A.,1333.89483870968
2013,12,2013-12,CENTRAL INTERNATIONAL CORPORATION (SUCURSAL ARGENTINA),23.3135483870968
2013,12,2013-12,CHAÑARES ENERGIA S.A.,16.935064516129
2013,12,2013-12,CHEVRON ARGENTINA S.R.L.,666.664193548387
2013,12,2013-12,COLHUE HUAPI S.A.,15.4258064516129
2013,12,2013-12,COMPAÑÍA GENERAL DE COMBUSTIBLES S.A.,19.6970322580645
2013,12,2013-12,COMPAÑÍAS ASOCIADAS PETROLERAS S.A.,107.681935483871
2013,12,2013-12,COPESA CIA CONSTRUCTORA PETROLERA SA,0
2013,12,2013-12,"CRI HOLDING, INC.",0.0421221977096774
2013,12,2013-12,CROWN POINT ENERGIA S.A.,0
2013,12,2013-12,CROWN POINT OIL & GAS S.A.,0
2013,12,2013-12,DAPETROL S.A.,0
2013,12,2013-12,ENAP SIPETROL ARGENTINA S.A.,2330.67612903226
2013,12,2013-12,ENERGIAL S.A.,0
2013,12,2013-12,EPSUR S.A.,9.10941935483871
2013,12,2013-12,EXXONMOBIL EXPLORATION ARGENTINA S.R.L.,0
2013,12,2013-12,EZ HOLDINGS S.A.,0
2013,12,2013-12,GAS Y PETROLEO DEL NEUQUEN S.A.,3.23509677419355
2013,12,2013-12,GEOPARK ARGENTINA LTD. (SUCURSAL ARGENTINA),2.40548387096774
2013,12,2013-12,GRECOIL y CIA. S.R.L.,6.29548387096774
2013,12,2013-12,HIGH LUCK GROUP LTD. - SUCURSAL ARGENTINA,0
2013,12,2013-12,INGENIERIA ALPA S.A.,4.48612903225806
2013,12,2013-12,INGENIERIA SIMA S.A.,0
2013,12,2013-12,INTERENERGY ARGENTINA S.A.,0.0032258064516129
2013,12,2013-12,JHP INTERNATIONAL PETROLEUM ENGINEERING LTD,11.57
2013,12,2013-12,KILWER S.A.,0
2013,12,2013-12,MADALENA AUSTRAL S.A.,0
2013,12,2013-12,MADALENA ENERGY ARGENTINA SRL ,23.0722580645161
2013,12,2013-12,MADALENA PETROLEUM (AMERICAS) LTD. (SUCURSAL ARGENTINA),198.702258064516
2013,12,2013-12,MEDANITO S.A.,496.225806451613
2013,12,2013-12,MISAHAR ARGENTINA S.A.,1.64751612903226
2013,12,2013-12,NECON S.A.,0
2013,12,2013-12,O&G DEVELOPMENTS LTD S.A.,12.7
2013,12,2013-12,OIL M&S S.A.,0
2013,12,2013-12,OILSTONE ENERGIA S.A.,151.559774193548
2013,12,2013-12,PAN AMERICAN ENERGY (SUCURSAL ARGENTINA) LLC,12787.3961290323
2013,12,2013-12,PETRO AP S.A.,0
2013,12,2013-12,PETROBRAS ARGENTINA S.A.,9359.78
2013,12,2013-12,PETROFARO S.A.,24.9143870967742
2013,12,2013-12,PETROLEOS SUDAMERICANOS S.A.,29.7332258064516
2013,12,2013-12,PETROLERA CERRO NEGRO S.A.,71.896935483871
2013,12,2013-12,PETROLERA DEL COMAHUE S.A.,0
2013,12,2013-12,PETROLERA EL TREBOL S.A.,8.36593548387097
2013,12,2013-12,PETROLERA ENTRE LOMAS S.A.,1185.1064516129
2013,12,2013-12,PETROLERA LF COMPANY S.R.L.,3104.55806451613
2013,12,2013-12,PETROLERA PAMPA S.A. ,0
2013,12,2013-12,PETROLERA PATAGONIA S.R.L.,0
2013,12,2013-12,PETROLERA PIEDRA DEL AGUILA S.A.,0
2013,12,2013-12,PETROLERA SAN JOSE S.R.L.,11.0888709677419
2013,12,2013-12,PETROMINERA CHUBUT S.E.,0
2013,12,2013-12,PETROQUIMICA COMODORO RIVADAVIA S.A.,780.118709677419
2013,12,2013-12,PLUSPETROL ENERGY S.A.,2744.89735483871
2013,12,2013-12,PLUSPETROL S.A.,3105.59712903258
2013,12,2013-12,QUINTANA E&P ARGENTINA S.R.L.,0.548387096774194
2013,12,2013-12,ROCH S.A.,1658.78870967742
2013,12,2013-12,SAN JORGE PETROLEUM S.A.,160.041225806452
2013,12,2013-12,"SINOPEC ARGENTINA EXPLORATION AND PRODUCTION, INC.",2063.57122645161
2013,12,2013-12,TECPETROL S.A.,3576.34587096774
2013,12,2013-12,TOTAL AUSTRAL S.A.,32638.0052580645
2013,12,2013-12,UNITEC ENERGY S.A.,4
2013,12,2013-12,YPF S.A.,30487.424516129
2014,1,2014-01,AMERICAS PETROGAS ARGENTINA S.A.,65.958064516129
2014,1,2014-01,APACHE ENERGIA ARGENTINA S.R.L.,4064.7064516129
2014,1,2014-01,APACHE PETROLERA ARGENTINA S.A.,39.3129032258065
2014,1,2014-01,ARGENTA ENERGIA S.A.,0.128032258064516
2014,1,2014-01,CAPEX S.A.,1317.78903225806
2014,1,2014-01,CENTRAL INTERNATIONAL CORPORATION (SUCURSAL ARGENTINA),22.3954838709677
2014,1,2014-01,CHAÑARES ENERGIA S.A.,17.0172903225806
2014,1,2014-01,CHEVRON ARGENTINA S.R.L.,702.411935483871
2014,1,2014-01,COLHUE HUAPI S.A.,15.1258064516129
2014,1,2014-01,COMPAÑÍA GENERAL DE COMBUSTIBLES S.A.,20.2644096774194
2014,1,2014-01,COMPAÑÍAS ASOCIADAS PETROLERAS S.A.,120.088709677419
2014,1,2014-01,COPESA CIA CONSTRUCTORA PETROLERA SA,0
2014,1,2014-01,"CRI HOLDING, INC.",0.0534956341935484
2014,1,2014-01,CROWN POINT ENERGIA S.A.,0
2014,1,2014-01,CROWN POINT OIL & GAS S.A.,0
2014,1,2014-01,DAPETROL S.A.,0
2014,1,2014-01,ENAP SIPETROL ARGENTINA S.A.,2246.34580645161
2014,1,2014-01,ENERGIAL S.A.,0
2014,1,2014-01,EPSUR S.A.,9.79367741935484
2014,1,2014-01,EXXONMOBIL EXPLORATION ARGENTINA S.R.L.,0
2014,1,2014-01,EZ HOLDINGS S.A.,0
2014,1,2014-01,GAS Y PETROLEO DEL NEUQUEN S.A.,0.769870967741935
2014,1,2014-01,GEOPARK ARGENTINA LTD. (SUCURSAL ARGENTINA),2.39161290322581
2014,1,2014-01,GRECOIL y CIA. S.R.L.,5.88032258064516
2014,1,2014-01,HIGH LUCK GROUP LTD. - SUCURSAL ARGENTINA,0
2014,1,2014-01,INGENIERIA ALPA S.A.,4.58225806451613
2014,1,2014-01,INGENIERIA SIMA S.A.,0
2014,1,2014-01,INTERENERGY ARGENTINA S.A.,0.0032258064516129
2014,1,2014-01,JHP INTERNATIONAL PETROLEUM ENGINEERING LTD,11.6661290322581
2014,1,2014-01,KILWER S.A.,0
2014,1,2014-01,MADALENA AUSTRAL S.A.,0
2014,1,2014-01,MADALENA ENERGY ARGENTINA SRL ,20.2497096774194
2014,1,2014-01,MADALENA PETROLEUM (AMERICAS) LTD. (SUCURSAL ARGENTINA),229.962903225806
2014,1,2014-01,MEDANITO S.A.,426.677419354839
2014,1,2014-01,MISAHAR ARGENTINA S.A.,0.621870967741935
2014,1,2014-01,NECON S.A.,0
2014,1,2014-01,O&G DEVELOPMENTS LTD S.A.,12.5548387096774
2014,1,2014-01,OIL M&S S.A.,0
2014,1,2014-01,OILSTONE ENERGIA S.A.,150.902225806452
2014,1,2014-01,PAN AMERICAN ENERGY (SUCURSAL ARGENTINA) LLC,12681.25
2014,1,2014-01,PETRO AP S.A.,0
2014,1,2014-01,PETROBRAS ARGENTINA S.A.,9471.83612903226
2014,1,2014-01,PETROFARO S.A.,40.5407096774194
2014,1,2014-01,PETROLEOS SUDAMERICANOS S.A.,29.4816129032258
2014,1,2014-01,PETROLERA CERRO NEGRO S.A.,70.5864193548387
2014,1,2014-01,PETROLERA DEL COMAHUE S.A.,0
2014,1,2014-01,PETROLERA EL TREBOL S.A.,8.02525806451613
2014,1,2014-01,PETROLERA ENTRE LOMAS S.A.,1227.52903225806
2014,1,2014-01,PETROLERA LF COMPANY S.R.L.,2932.89677419355
2014,1,2014-01,PETROLERA PAMPA S.A. ,0
2014,1,2014-01,PETROLERA PATAGONIA S.R.L.,0
2014,1,2014-01,PETROLERA PIEDRA DEL AGUILA S.A.,0
2014,1,2014-01,PETROLERA SAN JOSE S.R.L.,10.1273870967742
2014,1,2014-01,PETROMINERA CHUBUT S.E.,0
2014,1,2014-01,PETROQUIMICA COMODORO RIVADAVIA S.A.,694.475483870968
2014,1,2014-01,PLUSPETROL ENERGY S.A.,2729.79022580645
2014,1,2014-01,PLUSPETROL S.A.,3233.4475483871
2014,1,2014-01,QUINTANA E&P ARGENTINA S.R.L.,0.82258064516129
2014,1,2014-01,ROCH S.A.,1789.44890322581
2014,1,2014-01,SAN JORGE PETROLEUM S.A.,159.692290322581
2014,1,2014-01,"SINOPEC ARGENTINA EXPLORATION AND PRODUCTION, INC.",1964.48413516129
2014,1,2014-01,TECPETROL S.A.,3490.9
2014,1,2014-01,TOTAL AUSTRAL S.A.,33558.8999354839
2014,1,2014-01,UNITEC ENERGY S.A.,4
2014,1,2014-01,WINTERSHALL ENERGIA S.A.,1.93548387096774
2014,1,2014-01,YPF S.A.,30591.914516129
2014,2,2014-02,AMERICAS PETROGAS ARGENTINA S.A.,54.1928571428571
2014,2,2014-02,APACHE ENERGIA ARGENTINA S.R.L.,3976.30357142857
2014,2,2014-02,APACHE PETROLERA ARGENTINA S.A.,37.3321428571429
2014,2,2014-02,ARGENTA ENERGIA S.A.,1.42585714285714
2014,2,2014-02,CAPEX S.A.,1305.08892857143
2014,2,2014-02,CENTRAL INTERNATIONAL CORPORATION (SUCURSAL ARGENTINA),22.5225
2014,2,2014-02,CHAÑARES ENERGIA S.A.,18.2732142857143
2014,2,2014-02,CHEVRON ARGENTINA S.R.L.,734.605357142857
2014,2,2014-02,COLHUE HUAPI S.A.,14.5607142857143
2014,2,2014-02,COMPAÑÍA GENERAL DE COMBUSTIBLES S.A.,19.38275
2014,2,2014-02,COMPAÑÍAS ASOCIADAS PETROLERAS S.A.,101.454285714286
2014,2,2014-02,COPESA CIA CONSTRUCTORA PETROLERA SA,0
2014,2,2014-02,"CRI HOLDING, INC.",0.0565477561428571
2014,2,2014-02,CROWN POINT ENERGIA S.A.,0
2014,2,2014-02,CROWN POINT OIL & GAS S.A.,0
2014,2,2014-02,DAPETROL S.A.,0
2014,2,2014-02,ENAP SIPETROL ARGENTINA S.A.,2255.13821428571
2014,2,2014-02,ENERGIAL S.A.,0
2014,2,2014-02,EPSUR S.A.,9.40071428571429
2014,2,2014-02,EXXONMOBIL EXPLORATION ARGENTINA S.R.L.,0
2014,2,2014-02,EZ HOLDINGS S.A.,0
2014,2,2014-02,GAS Y PETROLEO DEL NEUQUEN S.A.,0.586071428571429
2014,2,2014-02,GEOPARK ARGENTINA LTD. (SUCURSAL ARGENTINA),2.29
2014,2,2014-02,GRECOIL y CIA. S.R.L.,5.06785714285714
2014,2,2014-02,HIGH LUCK GROUP LTD. - SUCURSAL ARGENTINA,53.9464285714286
2014,2,2014-02,INGENIERIA ALPA S.A.,4.38321428571429
2014,2,2014-02,INGENIERIA SIMA S.A.,0
2014,2,2014-02,INTERENERGY ARGENTINA S.A.,0.00357142857142857
2014,2,2014-02,JHP INTERNATIONAL PETROLEUM ENGINEERING LTD,11.6139285714286
2014,2,2014-02,KILWER S.A.,0
2014,2,2014-02,MADALENA AUSTRAL S.A.,0
2014,2,2014-02,MADALENA ENERGY ARGENTINA SRL ,22.9714285714286
2014,2,2014-02,MADALENA PETROLEUM (AMERICAS) LTD. (SUCURSAL ARGENTINA),205.593571428571
2014,2,2014-02,MEDANITO S.A.,427.392857142857
2014,2,2014-02,MISAHAR ARGENTINA S.A.,0
2014,2,2014-02,NECON S.A.,0
2014,2,2014-02,O&G DEVELOPMENTS LTD S.A.,6.82142857142857
2014,2,2014-02,OIL M&S S.A.,0
2014,2,2014-02,OILSTONE ENERGIA S.A.,152.473321428571
2014,2,2014-02,PAN AMERICAN ENERGY (SUCURSAL ARGENTINA) LLC,12839.6403571429
2014,2,2014-02,PETRO AP S.A.,0
2014,2,2014-02,PETROBRAS ARGENTINA S.A.,9399.63071428571
2014,2,2014-02,PETROFARO S.A.,42.0907142857143
2014,2,2014-02,PETROLEOS SUDAMERICANOS S.A.,28.6967857142857
2014,2,2014-02,PETROLERA CERRO NEGRO S.A.,68.2904642857143
2014,2,2014-02,PETROLERA DEL COMAHUE S.A.,0
2014,2,2014-02,PETROLERA EL TREBOL S.A.,8.84667857142857
2014,2,2014-02,PETROLERA ENTRE LOMAS S.A.,1239.66071428571
2014,2,2014-02,PETROLERA LF COMPANY S.R.L.,2909.9
2014,2,2014-02,PETROLERA PAMPA S.A. ,0
2014,2,2014-02,PETROLERA PATAGONIA S.R.L.,0
2014,2,2014-02,PETROLERA PIEDRA DEL AGUILA S.A.,0
2014,2,2014-02,PETROLERA SAN JOSE S.R.L.,9.15971428571429
2014,2,2014-02,PETROMINERA CHUBUT S.E.,0
2014,2,2014-02,PETROQUIMICA COMODORO RIVADAVIA S.A.,739.515357142857
2014,2,2014-02,PLUSPETROL ENERGY S.A.,2691.92878571429
2014,2,2014-02,PLUSPETROL S.A.,3055.10028571393
2014,2,2014-02,QUINTANA E&P ARGENTINA S.R.L.,1.5155
2014,2,2014-02,ROCH S.A.,1730.33678571429
2014,2,2014-02,SAN JORGE PETROLEUM S.A.,150.811535714286
2014,2,2014-02,"SINOPEC ARGENTINA EXPLORATION AND PRODUCTION, INC.",1994.74268428571
2014,2,2014-02,TECPETROL S.A.,3445.11871428571
2014,2,2014-02,TOTAL AUSTRAL S.A.,33317.3149642857
2014,2,2014-02,UNITEC ENERGY S.A.,4
2014,2,2014-02,WINTERSHALL ENERGIA S.A.,1.45914285714286
2014,2,2014-02,YPF S.A.,30867.1967857143
2014,3,2014-03,AMERICAS PETROGAS ARGENTINA S.A.,49.9722580645161
2014,3,2014-03,APACHE ENERGIA ARGENTINA S.R.L.,3942.90967741935
2014,3,2014-03,APACHE PETROLERA ARGENTINA S.A.,38.1677419354839
2014,3,2014-03,ARGENTA ENERGIA S.A.,0.430548387096774
2014,3,2014-03,CAPEX S.A.,1348.03451612903
2014,3,2014-03,CENTRAL INTERNATIONAL CORPORATION (SUCURSAL ARGENTINA),23.018064516129
2014,3,2014-03,CHAÑARES ENERGIA S.A.,19.3225806451613
2014,3,2014-03,CHEVRON ARGENTINA S.R.L.,735.103225806452
2014,3,2014-03,COLHUE HUAPI S.A.,14.7290322580645
2014,3,2014-03,COMPAÑÍA GENERAL DE COMBUSTIBLES S.A.,17.9876451612903
2014,3,2014-03,COMPAÑÍAS ASOCIADAS PETROLERAS S.A.,108.94935483871
2014,3,2014-03,COPESA CIA CONSTRUCTORA PETROLERA SA,0
2014,3,2014-03,"CRI HOLDING, INC.",0.0548363161612903
2014,3,2014-03,CROWN POINT ENERGIA S.A.,0
2014,3,2014-03,CROWN POINT OIL & GAS S.A.,0
2014,3,2014-03,DAPETROL S.A.,0
2014,3,2014-03,ENAP SIPETROL ARGENTINA S.A.,2321.82193548387
2014,3,2014-03,ENERGIAL S.A.,0
2014,3,2014-03,EPSUR S.A.,9.51164516129032
2014,3,2014-03,EXXONMOBIL EXPLORATION ARGENTINA S.R.L.,0
2014,3,2014-03,EZ HOLDINGS S.A.,0
2014,3,2014-03,GAS Y PETROLEO DEL NEUQUEN S.A.,0.577096774193548
2014,3,2014-03,GEOPARK ARGENTINA LTD. (SUCURSAL ARGENTINA),2.44387096774194
2014,3,2014-03,GRECOIL y CIA. S.R.L.,4.34
2014,3,2014-03,HIGH LUCK GROUP LTD. - SUCURSAL ARGENTINA,52.4741935483871
2014,3,2014-03,INGENIERIA ALPA S.A.,3.93516129032258
2014,3,2014-03,INGENIERIA SIMA S.A.,0
2014,3,2014-03,INTERENERGY ARGENTINA S.A.,0.0032258064516129
2014,3,2014-03,JHP INTERNATIONAL PETROLEUM ENGINEERING LTD,11.4974193548387
2014,3,2014-03,KILWER S.A.,0
2014,3,2014-03,MADALENA AUSTRAL S.A.,0
2014,3,2014-03,MADALENA ENERGY ARGENTINA SRL ,19.4009677419355
2014,3,2014-03,MADALENA PETROLEUM (AMERICAS) LTD. (SUCURSAL ARGENTINA),182.657419354839
2014,3,2014-03,MEDANITO S.A.,431.645161290323
2014,3,2014-03,MISAHAR ARGENTINA S.A.,0
2014,3,2014-03,NECON S.A.,0
2014,3,2014-03,O&G DEVELOPMENTS LTD S.A.,5.40645161290323
2014,3,2014-03,OIL M&S S.A.,0
2014,3,2014-03,OILSTONE ENERGIA S.A.,150.671580645161
2014,3,2014-03,PAN AMERICAN ENERGY (SUCURSAL ARGENTINA) LLC,12941.0935483871
2014,3,2014-03,PETRO AP S.A.,0
2014,3,2014-03,PETROBRAS ARGENTINA S.A.,9246.13290322581
2014,3,2014-03,PETROFARO S.A.,40.2693870967742
2014,3,2014-03,PETROLEOS SUDAMERICANOS S.A.,27.9703225806452
2014,3,2014-03,PETROLERA CERRO NEGRO S.A.,76.0998709677419
2014,3,2014-03,PETROLERA DEL COMAHUE S.A.,0
2014,3,2014-03,PETROLERA EL TREBOL S.A.,7.43093548387097
2014,3,2014-03,PETROLERA ENTRE LOMAS S.A.,1269.02258064516
2014,3,2014-03,PETROLERA LF COMPANY S.R.L.,2859.75483870968
2014,3,2014-03,PETROLERA PAMPA S.A. ,0
2014,3,2014-03,PETROLERA PATAGONIA S.R.L.,0
2014,3,2014-03,PETROLERA PIEDRA DEL AGUILA S.A.,0
2014,3,2014-03,PETROLERA SAN JOSE S.R.L.,8.94177419354839
2014,3,2014-03,PETROMINERA CHUBUT S.E.,0
2014,3,2014-03,PETROQUIMICA COMODORO RIVADAVIA S.A.,788.248387096774
2014,3,2014-03,PLUSPETROL ENERGY S.A.,2658.07990322581
2014,3,2014-03,PLUSPETROL S.A.,3088.10512903226
2014,3,2014-03,QUINTANA E&P ARGENTINA S.R.L.,1.45435483870968
2014,3,2014-03,ROCH S.A.,1588.98306451613
2014,3,2014-03,SAN JORGE PETROLEUM S.A.,134.590258064516
2014,3,2014-03,"SINOPEC ARGENTINA EXPLORATION AND PRODUCTION, INC.",2075.19447645161
2014,3,2014-03,TECPETROL S.A.,3379.13825806452
2014,3,2014-03,TOTAL AUSTRAL S.A.,31334.0603548387
2014,3,2014-03,UNITEC ENERGY S.A.,3.60225806451613
2014,3,2014-03,WINTERSHALL ENERGIA S.A.,0.997258064516129
2014,3,2014-03,YPF S.A.,31167.2929032258
2014,4,2014-04,AMERICAS PETROGAS ARGENTINA S.A.,61.4633333333333
2014,4,2014-04,APACHE ENERGIA ARGENTINA S.R.L.,3916.86
2014,4,2014-04,APACHE PETROLERA ARGENTINA S.A.,30.1433333333333
2014,4,2014-04,ARGENTA ENERGIA S.A.,0
2014,4,2014-04,CAPEX S.A.,1278.99333333333
2014,4,2014-04,CENTRAL INTERNATIONAL CORPORATION (SUCURSAL ARGENTINA),21.4765
2014,4,2014-04,CHAÑARES ENERGIA S.A.,17.0454
2014,4,2014-04,CHEVRON ARGENTINA S.R.L.,717.835
2014,4,2014-04,COLHUE HUAPI S.A.,14.5633333333333
2014,4,2014-04,COMPAÑÍA GENERAL DE COMBUSTIBLES S.A.,17.6769
2014,4,2014-04,COMPAÑÍAS ASOCIADAS PETROLERAS S.A.,111.779
2014,4,2014-04,COPESA CIA CONSTRUCTORA PETROLERA SA,0
2014,4,2014-04,"CRI HOLDING, INC.",0.0523559313666667
2014,4,2014-04,CROWN POINT ENERGIA S.A.,0
2014,4,2014-04,CROWN POINT OIL & GAS S.A.,0
2014,4,2014-04,DAPETROL S.A.,0
2014,4,2014-04,ENAP SIPETROL ARGENTINA S.A.,2299.38266666667
2014,4,2014-04,ENERGIAL S.A.,0
2014,4,2014-04,EPSUR S.A.,9.93766666666667
2014,4,2014-04,EXXONMOBIL EXPLORATION ARGENTINA S.R.L.,13.428
2014,4,2014-04,EZ HOLDINGS S.A.,0
2014,4,2014-04,GAS Y PETROLEO DEL NEUQUEN S.A.,0.5424
2014,4,2014-04,GEOPARK ARGENTINA LTD. (SUCURSAL ARGENTINA),2.72133333333333
2014,4,2014-04,GRECOIL y CIA. S.R.L.,4.345
2014,4,2014-04,HIGH LUCK GROUP LTD. - SUCURSAL ARGENTINA,53.9666666666667
2014,4,2014-04,INGENIERIA ALPA S.A.,3.74266666666667
2014,4,2014-04,INGENIERIA SIMA S.A.,0
2014,4,2014-04,INTERENERGY ARGENTINA S.A.,0.00333333333333333
2014,4,2014-04,JHP INTERNATIONAL PETROLEUM ENGINEERING LTD,11.948
2014,4,2014-04,KILWER S.A.,0
2014,4,2014-04,MADALENA AUSTRAL S.A.,0
2014,4,2014-04,MADALENA ENERGY ARGENTINA SRL ,16.325
2014,4,2014-04,MADALENA PETROLEUM (AMERICAS) LTD. (SUCURSAL ARGENTINA),172.273
2014,4,2014-04,MEDANITO S.A.,417.233333333333
2014,4,2014-04,MISAHAR ARGENTINA S.A.,0
2014,4,2014-04,NECON S.A.,0
2014,4,2014-04,O&G DEVELOPMENTS LTD S.A.,15.7866666666667
2014,4,2014-04,OIL M&S S.A.,0
2014,4,2014-04,OILSTONE ENERGIA S.A.,157.365666666667
2014,4,2014-04,PAN AMERICAN ENERGY (SUCURSAL ARGENTINA) LLC,12746.3633333333
2014,4,2014-04,PETRO AP S.A.,0
2014,4,2014-04,PETROBRAS ARGENTINA S.A.,8941.48166666667
2014,4,2014-04,PETROFARO S.A.,33.8263333333333
2014,4,2014-04,PETROLEOS SUDAMERICANOS S.A.,28.8556666666667
2014,4,2014-04,PETROLERA CERRO NEGRO S.A.,93.3594666666667
2014,4,2014-04,PETROLERA DEL COMAHUE S.A.,0
2014,4,2014-04,PETROLERA EL TREBOL S.A.,8.05763333333333
2014,4,2014-04,PETROLERA ENTRE LOMAS S.A.,1214.35333333333
2014,4,2014-04,PETROLERA LF COMPANY S.R.L.,2873.1
2014,4,2014-04,PETROLERA PAMPA S.A. ,0
2014,4,2014-04,PETROLERA PATAGONIA S.R.L.,0
2014,4,2014-04,PETROLERA PIEDRA DEL AGUILA S.A.,0
2014,4,2014-04,PETROLERA SAN JOSE S.R.L.,8.3352
2014,4,2014-04,PETROMINERA CHUBUT S.E.,0
2014,4,2014-04,PETROQUIMICA COMODORO RIVADAVIA S.A.,804.448666666667
2014,4,2014-04,PLUSPETROL ENERGY S.A.,2618.6844
2014,4,2014-04,PLUSPETROL S.A.,2856.09383333333
2014,4,2014-04,QUINTANA E&P ARGENTINA S.R.L.,1.35753333333333
2014,4,2014-04,ROCH S.A.,1641.19376666667
2014,4,2014-04,SAN JORGE PETROLEUM S.A.,149.1499
2014,4,2014-04,"SINOPEC ARGENTINA EXPLORATION AND PRODUCTION, INC.",2067.98004566667
2014,4,2014-04,TECPETROL S.A.,3341.9204
2014,4,2014-04,TOTAL AUSTRAL S.A.,29664.1541666667
2014,4,2014-04,UNITEC ENERGY S.A.,3.86666666666667
2014,4,2014-04,WINTERSHALL ENERGIA S.A.,0.2804
2014,4,2014-04,YPF S.A.,30070.817
2014,5,2014-05,AMERICAS PETROGAS ARGENTINA S.A.,54.1709677419355
2014,5,2014-05,APACHE ENERGIA ARGENTINA S.R.L.,3894.82580645161
2014,5,2014-05,APACHE PETROLERA ARGENTINA S.A.,34.3193548387097
2014,5,2014-05,ARGENTA ENERGIA S.A.,0
2014,5,2014-05,CAPEX S.A.,1435.69419354839
2014,5,2014-05,CENTRAL INTERNATIONAL CORPORATION (SUCURSAL ARGENTINA),21.1783870967742
2014,5,2014-05,CHAÑARES ENERGIA S.A.,17.3801612903226
2014,5,2014-05,CHEVRON ARGENTINA S.R.L.,704.314838709677
2014,5,2014-05,COLHUE HUAPI S.A.,14.6193548387097
2014,5,2014-05,COMPAÑÍA GENERAL DE COMBUSTIBLES S.A.,17.321064516129
2014,5,2014-05,COMPAÑÍAS ASOCIADAS PETROLERAS S.A.,107.852903225806
2014,5,2014-05,COPESA CIA CONSTRUCTORA PETROLERA SA,0
2014,5,2014-05,"CRI HOLDING, INC.",0.0496067307096774
2014,5,2014-05,CROWN POINT ENERGIA S.A.,0
2014,5,2014-05,CROWN POINT OIL & GAS S.A.,0
2014,5,2014-05,DAPETROL S.A.,0
2014,5,2014-05,ENAP SIPETROL ARGENTINA S.A.,2314.2535483871
2014,5,2014-05,ENERGIAL S.A.,0
2014,5,2014-05,EPSUR S.A.,8.84348387096774
2014,5,2014-05,EXXONMOBIL EXPLORATION ARGENTINA S.R.L.,34.7922580645161
2014,5,2014-05,EZ HOLDINGS S.A.,0
2014,5,2014-05,GAS Y PETROLEO DEL NEUQUEN S.A.,0.475097419354839
2014,5,2014-05,GEOPARK ARGENTINA LTD. (SUCURSAL ARGENTINA),2.63225806451613
2014,5,2014-05,GRECOIL y CIA. S.R.L.,6.76709677419355
2014,5,2014-05,HIGH LUCK GROUP LTD. - SUCURSAL ARGENTINA,53.7096774193548
2014,5,2014-05,INGENIERIA ALPA S.A.,3.69548387096774
2014,5,2014-05,INGENIERIA SIMA S.A.,0
2014,5,2014-05,INTERENERGY ARGENTINA S.A.,0.0032258064516129
2014,5,2014-05,JHP INTERNATIONAL PETROLEUM ENGINEERING LTD,12.1829032258065
2014,5,2014-05,KILWER S.A.,0
2014,5,2014-05,MADALENA AUSTRAL S.A.,0
2014,5,2014-05,MADALENA ENERGY ARGENTINA SRL ,15.9908709677419
2014,5,2014-05,MADALENA PETROLEUM (AMERICAS) LTD. (SUCURSAL ARGENTINA),160.194838709677
2014,5,2014-05,MEDANITO S.A.,423.677419354839
2014,5,2014-05,MISAHAR ARGENTINA S.A.,0
2014,5,2014-05,NECON S.A.,0
2014,5,2014-05,O&G DEVELOPMENTS LTD S.A.,9.13870967741935
2014,5,2014-05,OIL M&S S.A.,0
2014,5,2014-05,OILSTONE ENERGIA S.A.,159.937741935484
2014,5,2014-05,PAN AMERICAN ENERGY (SUCURSAL ARGENTINA) LLC,12743.1625806452
2014,5,2014-05,PETRO AP S.A.,0
2014,5,2014-05,PETROBRAS ARGENTINA S.A.,9036.21709677419
2014,5,2014-05,PETROFARO S.A.,38.1258064516129
2014,5,2014-05,PETROLEOS SUDAMERICANOS S.A.,20.168064516129
2014,5,2014-05,PETROLERA CERRO NEGRO S.A.,104.765419354839
2014,5,2014-05,PETROLERA DEL COMAHUE S.A.,0
2014,5,2014-05,PETROLERA EL TREBOL S.A.,7.66
2014,5,2014-05,PETROLERA ENTRE LOMAS S.A.,1298.83870967742
2014,5,2014-05,PETROLERA LF COMPANY S.R.L.,2939.12903225806
2014,5,2014-05,PETROLERA PAMPA S.A. ,0
2014,5,2014-05,PETROLERA PATAGONIA S.R.L.,0
2014,5,2014-05,PETROLERA PIEDRA DEL AGUILA S.A.,0
2014,5,2014-05,PETROLERA SAN JOSE S.R.L.,7.96916129032258
2014,5,2014-05,PETROMINERA CHUBUT S.E.,0
2014,5,2014-05,PETROQUIMICA COMODORO RIVADAVIA S.A.,781.144193548387
2014,5,2014-05,PLUSPETROL ENERGY S.A.,2586.93867741935
2014,5,2014-05,PLUSPETROL S.A.,2975.56229032258
2014,5,2014-05,QUINTANA E&P ARGENTINA S.R.L.,1.35138709677419
2014,5,2014-05,ROCH S.A.,1695.84493548387
2014,5,2014-05,SAN JORGE PETROLEUM S.A.,146.48764516129
2014,5,2014-05,"SINOPEC ARGENTINA EXPLORATION AND PRODUCTION, INC.",1979.79734193548
2014,5,2014-05,TECPETROL S.A.,3457.05625806452
2014,5,2014-05,TOTAL AUSTRAL S.A.,33346.6926129032
2014,5,2014-05,UNITEC ENERGY S.A.,4
2014,5,2014-05,WINTERSHALL ENERGIA S.A.,1.45116129032258
2014,5,2014-05,YPF S.A.,31641.6380645161
2014,6,2014-06,AMERICAS PETROGAS ARGENTINA S.A.,76.12
2014,6,2014-06,APACHE ENERGIA ARGENTINA S.R.L.,3831.92333333333
2014,6,2014-06,APACHE PETROLERA ARGENTINA S.A.,35.3766666666667
2014,6,2014-06,ARGENTA ENERGIA S.A.,0
2014,6,2014-06,CAPEX S.A.,1454.55566666667
2014,6,2014-06,CENTRAL INTERNATIONAL CORPORATION (SUCURSAL ARGENTINA),23.9856666666667
2014,6,2014-06,CHAÑARES ENERGIA S.A.,17.3788666666667
2014,6,2014-06,CHEVRON ARGENTINA S.R.L.,653.966666666667
2014,6,2014-06,COLHUE HUAPI S.A.,14.63
2014,6,2014-06,COMPAÑÍA GENERAL DE COMBUSTIBLES S.A.,17.1749666666667
2014,6,2014-06,COMPAÑÍAS ASOCIADAS PETROLERAS S.A.,104.29
2014,6,2014-06,COPESA CIA CONSTRUCTORA PETROLERA SA,0
2014,6,2014-06,"CRI HOLDING, INC.",0.0439665478666667
2014,6,2014-06,CROWN POINT ENERGIA S.A.,0
2014,6,2014-06,CROWN POINT OIL & GAS S.A.,0
2014,6,2014-06,DAPETROL S.A.,0
2014,6,2014-06,ENAP SIPETROL ARGENTINA S.A.,2393.64466666667
2014,6,2014-06,ENERGIAL S.A.,0
2014,6,2014-06,EPSUR S.A.,5.20273333333333
2014,6,2014-06,EXXONMOBIL EXPLORATION ARGENTINA S.R.L.,28.4795333333333
2014,6,2014-06,EZ HOLDINGS S.A.,0
2014,6,2014-06,GAS Y PETROLEO DEL NEUQUEN S.A.,0.312226333333333
2014,6,2014-06,GEOPARK ARGENTINA LTD. (SUCURSAL ARGENTINA),2.78366666666667
2014,6,2014-06,GRECOIL y CIA. S.R.L.,7.36566666666667
2014,6,2014-06,HIGH LUCK GROUP LTD. - SUCURSAL ARGENTINA,51.6
2014,6,2014-06,INGENIERIA ALPA S.A.,3.21866666666667
2014,6,2014-06,INGENIERIA SIMA S.A.,0
2014,6,2014-06,INTERENERGY ARGENTINA S.A.,0.00333333333333333
2014,6,2014-06,JHP INTERNATIONAL PETROLEUM ENGINEERING LTD,12.2893333333333
2014,6,2014-06,KILWER S.A.,0
2014,6,2014-06,MADALENA AUSTRAL S.A.,0
2014,6,2014-06,MADALENA ENERGY ARGENTINA SRL ,16.333
2014,6,2014-06,MADALENA PETROLEUM (AMERICAS) LTD. (SUCURSAL ARGENTINA),158.776
2014,6,2014-06,MEDANITO S.A.,445.133333333333
2014,6,2014-06,MISAHAR ARGENTINA S.A.,0
2014,6,2014-06,NECON S.A.,0
2014,6,2014-06,O&G DEVELOPMENTS LTD S.A.,10.9533333333333
2014,6,2014-06,OIL M&S S.A.,0
2014,6,2014-06,OILSTONE ENERGIA S.A.,149.495633333333
2014,6,2014-06,PAN AMERICAN ENERGY (SUCURSAL ARGENTINA) LLC,12783.3373333333
2014,6,2014-06,PETRO AP S.A.,0
2014,6,2014-06,PETROBRAS ARGENTINA S.A.,9021.297
2014,6,2014-06,PETROFARO S.A.,39.0761
2014,6,2014-06,PETROLEOS SUDAMERICANOS S.A.,15.8693333333333
2014,6,2014-06,PETROLERA CERRO NEGRO S.A.,108.382733333333
2014,6,2014-06,PETROLERA DEL COMAHUE S.A.,0
2014,6,2014-06,PETROLERA EL TREBOL S.A.,7.70923333333333
2014,6,2014-06,PETROLERA ENTRE LOMAS S.A.,1296.44333333333
2014,6,2014-06,PETROLERA LF COMPANY S.R.L.,3064.64666666667
2014,6,2014-06,PETROLERA PAMPA S.A. ,0
2014,6,2014-06,PETROLERA PATAGONIA S.R.L.,0
2014,6,2014-06,PETROLERA PIEDRA DEL AGUILA S.A.,0
2014,6,2014-06,PETROLERA SAN JOSE S.R.L.,7.46283333333333
2014,6,2014-06,PETROMINERA CHUBUT S.E.,0
2014,6,2014-06,PETROQUIMICA COMODORO RIVADAVIA S.A.,859.064666666667
2014,6,2014-06,PLUSPETROL ENERGY S.A.,2537.13616666667
2014,6,2014-06,PLUSPETROL S.A.,2911.09913333367
2014,6,2014-06,QUINTANA E&P ARGENTINA S.R.L.,1.42933333333333
2014,6,2014-06,ROCH S.A.,1653.18013333333
2014,6,2014-06,SAN JORGE PETROLEUM S.A.,139.847366666667
2014,6,2014-06,"SINOPEC ARGENTINA EXPLORATION AND PRODUCTION, INC.",2117.21654666667
2014,6,2014-06,TECPETROL S.A.,3468.79426666667
2014,6,2014-06,TOTAL AUSTRAL S.A.,32826.2201333333
2014,6,2014-06,UNITEC ENERGY S.A.,4
2014,6,2014-06,WINTERSHALL ENERGIA S.A.,1.4569
2014,6,2014-06,YPF S.A.,32104.6783333333
2014,7,2014-07,AMERICAS PETROGAS ARGENTINA S.A.,90.9773548387097
2014,7,2014-07,APACHE ENERGIA ARGENTINA S.R.L.,3768.33225806452
2014,7,2014-07,APACHE PETROLERA ARGENTINA S.A.,31.8516129032258
2014,7,2014-07,ARGENTA ENERGIA S.A.,0
2014,7,2014-07,CAPEX S.A.,1447.75677419355
2014,7,2014-07,CENTRAL INTERNATIONAL CORPORATION (SUCURSAL ARGENTINA),22.6522580645161
2014,7,2014-07,CHAÑARES ENERGIA S.A.,17.6321612903226
2014,7,2014-07,CHEVRON ARGENTINA S.R.L.,618.356129032258
2014,7,2014-07,COLHUE HUAPI S.A.,14.6129032258065
2014,7,2014-07,COMPAÑÍA GENERAL DE COMBUSTIBLES S.A.,16.9127419354839
2014,7,2014-07,COMPAÑÍAS ASOCIADAS PETROLERAS S.A.,96.4683870967742
2014,7,2014-07,COPESA CIA CONSTRUCTORA PETROLERA SA,0
2014,7,2014-07,"CRI HOLDING, INC.",0.036191154
2014,7,2014-07,CROWN POINT ENERGIA S.A.,0
2014,7,2014-07,CROWN POINT OIL & GAS S.A.,0
2014,7,2014-07,DAPETROL S.A.,0
2014,7,2014-07,ENAP SIPETROL ARGENTINA S.A.,2373.40612903226
2014,7,2014-07,ENERGIAL S.A.,0
2014,7,2014-07,EPSUR S.A.,0.376935483870968
2014,7,2014-07,EXXONMOBIL EXPLORATION ARGENTINA S.R.L.,0
2014,7,2014-07,EZ HOLDINGS S.A.,0
2014,7,2014-07,GAS Y PETROLEO DEL NEUQUEN S.A.,0.282843870967742
2014,7,2014-07,GEOPARK ARGENTINA LTD. (SUCURSAL ARGENTINA),2.62451612903226
2014,7,2014-07,GRECOIL y CIA. S.R.L.,6.40129032258065
2014,7,2014-07,HIGH LUCK GROUP LTD. - SUCURSAL ARGENTINA,54.2096774193548
2014,7,2014-07,INGENIERIA ALPA S.A.,2.89193548387097
2014,7,2014-07,INGENIERIA SIMA S.A.,0
2014,7,2014-07,INTERENERGY ARGENTINA S.A.,0.0032258064516129
2014,7,2014-07,JHP INTERNATIONAL PETROLEUM ENGINEERING LTD,11.7545161290323
2014,7,2014-07,KILWER S.A.,0
2014,7,2014-07,MADALENA AUSTRAL S.A.,0
2014,7,2014-07,MADALENA ENERGY ARGENTINA SRL ,16.5648709677419
2014,7,2014-07,MADALENA PETROLEUM (AMERICAS) LTD. (SUCURSAL ARGENTINA),159.888387096774
2014,7,2014-07,MEDANITO S.A.,466.064516129032
2014,7,2014-07,MISAHAR ARGENTINA S.A.,0
2014,7,2014-07,NECON S.A.,0
2014,7,2014-07,O&G DEVELOPMENTS LTD S.A.,13.7516129032258
2014,7,2014-07,OIL M&S S.A.,0
2014,7,2014-07,OILSTONE ENERGIA S.A.,150.786290322581
2014,7,2014-07,PAN AMERICAN ENERGY (SUCURSAL ARGENTINA) LLC,13175.6490322581
2014,7,2014-07,PETRO AP S.A.,0
2014,7,2014-07,PETROBRAS ARGENTINA S.A.,8908.48580645161
2014,7,2014-07,PETROFARO S.A.,42.3674193548387
2014,7,2014-07,PETROLEOS SUDAMERICANOS S.A.,19.7038709677419
2014,7,2014-07,PETROLERA CERRO NEGRO S.A.,111.930290322581
2014,7,2014-07,PETROLERA DEL COMAHUE S.A.,0
2014,7,2014-07,PETROLERA EL TREBOL S.A.,7.81706451612903
2014,7,2014-07,PETROLERA ENTRE LOMAS S.A.,1289.12580645161
2014,7,2014-07,PETROLERA LF COMPANY S.R.L.,3078.49677419355
2014,7,2014-07,PETROLERA PAMPA S.A. ,0
2014,7,2014-07,PETROLERA PATAGONIA S.R.L.,0
2014,7,2014-07,PETROLERA PIEDRA DEL AGUILA S.A.,0
2014,7,2014-07,PETROLERA SAN JOSE S.R.L.,7.294
2014,7,2014-07,PETROMINERA CHUBUT S.E.,0
2014,7,2014-07,PETROQUIMICA COMODORO RIVADAVIA S.A.,888.337741935484
2014,7,2014-07,PLUSPETROL ENERGY S.A.,2498.08106451613
2014,7,2014-07,PLUSPETROL S.A.,2923.20348387129
2014,7,2014-07,QUINTANA E&P ARGENTINA S.R.L.,1.35290322580645
2014,7,2014-07,ROCH S.A.,1603.3274516129
2014,7,2014-07,SAN JORGE PETROLEUM S.A.,135.263612903226
2014,7,2014-07,"SINOPEC ARGENTINA EXPLORATION AND PRODUCTION, INC.",2042.70083032258
2014,7,2014-07,TECPETROL S.A.,3263.96125806452
2014,7,2014-07,TOTAL AUSTRAL S.A.,32860.5661935484
2014,7,2014-07,UNITEC ENERGY S.A.,4
2014,7,2014-07,WINTERSHALL ENERGIA S.A.,54.9677419354839
2014,7,2014-07,YPF S.A.,33001.1793548387
2014,8,2014-08,AMERICAS PETROGAS ARGENTINA S.A.,83.6608387096774
2014,8,2014-08,APACHE ENERGIA ARGENTINA S.R.L.,3757.81935483871
2014,8,2014-08,APACHE PETROLERA ARGENTINA S.A.,47.2322580645161
2014,8,2014-08,ARGENTA ENERGIA S.A.,0
2014,8,2014-08,CAPEX S.A.,1421.68612903226
2014,8,2014-08,CENTRAL INTERNATIONAL CORPORATION (SUCURSAL ARGENTINA),21.6967741935484
2014,8,2014-08,CHAÑARES ENERGIA S.A.,17.1725806451613
2014,8,2014-08,CHEVRON ARGENTINA S.R.L.,610.36935483871
2014,8,2014-08,COLHUE HUAPI S.A.,14.6645161290323
2014,8,2014-08,COMPAÑÍA GENERAL DE COMBUSTIBLES S.A.,50.658
2014,8,2014-08,COMPAÑÍAS ASOCIADAS PETROLERAS S.A.,103.636129032258
2014,8,2014-08,COPESA CIA CONSTRUCTORA PETROLERA SA,0
2014,8,2014-08,"CRI HOLDING, INC.",0.0393029978064516
2014,8,2014-08,CROWN POINT ENERGIA S.A.,0
2014,8,2014-08,CROWN POINT OIL & GAS S.A.,0
2014,8,2014-08,DAPETROL S.A.,0
2014,8,2014-08,ENAP SIPETROL ARGENTINA S.A.,2263.95741935484
2014,8,2014-08,ENERGIAL S.A.,0
2014,8,2014-08,EPSUR S.A.,0.140277419354839
2014,8,2014-08,EXXONMOBIL EXPLORATION ARGENTINA S.R.L.,20.5925806451613
2014,8,2014-08,EZ HOLDINGS S.A.,0
2014,8,2014-08,GAS Y PETROLEO DEL NEUQUEN S.A.,0.319604516129032
2014,8,2014-08,GEOPARK ARGENTINA LTD. (SUCURSAL ARGENTINA),2.27322580645161
2014,8,2014-08,GRECOIL y CIA. S.R.L.,6.68903225806452
2014,8,2014-08,HIGH LUCK GROUP LTD. - SUCURSAL ARGENTINA,58.4451612903226
2014,8,2014-08,INGENIERIA ALPA S.A.,3.01064516129032
2014,8,2014-08,INGENIERIA SIMA S.A.,0
2014,8,2014-08,INTERENERGY ARGENTINA S.A.,0.0032258064516129
2014,8,2014-08,JHP INTERNATIONAL PETROLEUM ENGINEERING LTD,12.3022580645161
2014,8,2014-08,KILWER S.A.,0
2014,8,2014-08,MADALENA AUSTRAL S.A.,0
2014,8,2014-08,MADALENA ENERGY ARGENTINA SRL ,16.0881612903226
2014,8,2014-08,MADALENA PETROLEUM (AMERICAS) LTD. (SUCURSAL ARGENTINA),155.133935483871
2014,8,2014-08,MEDANITO S.A.,419.387096774194
2014,8,2014-08,MISAHAR ARGENTINA S.A.,0
2014,8,2014-08,NECON S.A.,0
2014,8,2014-08,O&G DEVELOPMENTS LTD S.A.,11.4387096774194
2014,8,2014-08,OIL M&S S.A.,0
2014,8,2014-08,OILSTONE ENERGIA S.A.,151.45064516129
2014,8,2014-08,PAN AMERICAN ENERGY (SUCURSAL ARGENTINA) LLC,13337.174516129
2014,8,2014-08,PETRO AP S.A.,0
2014,8,2014-08,PETROBRAS ARGENTINA S.A.,9125.88290322581
2014,8,2014-08,PETROFARO S.A.,38.6703225806452
2014,8,2014-08,PETROLEOS SUDAMERICANOS S.A.,20.5854838709677
2014,8,2014-08,PETROLERA CERRO NEGRO S.A.,109.76084483871
2014,8,2014-08,PETROLERA DEL COMAHUE S.A.,0
2014,8,2014-08,PETROLERA EL TREBOL S.A.,8.23383870967742
2014,8,2014-08,PETROLERA ENTRE LOMAS S.A.,1349.63225806452
2014,8,2014-08,PETROLERA LF COMPANY S.R.L.,3001.24193548387
2014,8,2014-08,PETROLERA PAMPA S.A. ,0
2014,8,2014-08,PETROLERA PATAGONIA S.R.L.,0
2014,8,2014-08,PETROLERA PIEDRA DEL AGUILA S.A.,0
2014,8,2014-08,PETROLERA SAN JOSE S.R.L.,7.2371935483871
2014,8,2014-08,PETROMINERA CHUBUT S.E.,0
2014,8,2014-08,PETROQUIMICA COMODORO RIVADAVIA S.A.,847.722903225806
2014,8,2014-08,PLUSPETROL ENERGY S.A.,2505.91464516129
2014,8,2014-08,PLUSPETROL S.A.,2936.6024516129
2014,8,2014-08,QUINTANA E&P ARGENTINA S.R.L.,1.34287096774194
2014,8,2014-08,ROCH S.A.,1497.38964516129
2014,8,2014-08,SAN JORGE PETROLEUM S.A.,103.769903225806
2014,8,2014-08,"SINOPEC ARGENTINA EXPLORATION AND PRODUCTION, INC.",1599.9734516129
2014,8,2014-08,TECPETROL S.A.,3196.54506451613
2014,8,2014-08,TOTAL AUSTRAL S.A.,32277.0215483871
2014,8,2014-08,UNITEC ENERGY S.A.,3.61290322580645
2014,8,2014-08,WINTERSHALL ENERGIA S.A.,0
2014,8,2014-08,YPF S.A.,33584.294516129
2014,9,2014-09,AMERICAS PETROGAS ARGENTINA S.A.,84.5036333333333
2014,9,2014-09,APACHE ENERGIA ARGENTINA S.R.L.,3697.60333333333
2014,9,2014-09,APACHE PETROLERA ARGENTINA S.A.,32.69
2014,9,2014-09,ARGENTA ENERGIA S.A.,0
2014,9,2014-09,CAPEX S.A.,1397.627
2014,9,2014-09,CENTRAL INTERNATIONAL CORPORATION (SUCURSAL ARGENTINA),19.6688333333333
2014,9,2014-09,CHAÑARES ENERGIA S.A.,16.9754666666667
2014,9,2014-09,CHEVRON ARGENTINA S.R.L.,604.895666666667
2014,9,2014-09,COLHUE HUAPI S.A.,14.5233333333333
2014,9,2014-09,COMPAÑÍA GENERAL DE COMBUSTIBLES S.A.,81.2955666666667
2014,9,2014-09,COMPAÑÍAS ASOCIADAS PETROLERAS S.A.,100.958333333333
2014,9,2014-09,COPESA CIA CONSTRUCTORA PETROLERA SA,0
2014,9,2014-09,"CRI HOLDING, INC.",0.0376568639666667
2014,9,2014-09,CROWN POINT ENERGIA S.A.,0
2014,9,2014-09,CROWN POINT OIL & GAS S.A.,0
2014,9,2014-09,DAPETROL S.A.,0
2014,9,2014-09,ENAP SIPETROL ARGENTINA S.A.,2324.493
2014,9,2014-09,ENERGIAL S.A.,0
2014,9,2014-09,EPSUR S.A.,0.0696966666666667
2014,9,2014-09,EXXONMOBIL EXPLORATION ARGENTINA S.R.L.,22.4806666666667
2014,9,2014-09,EZ HOLDINGS S.A.,0
2014,9,2014-09,GAS Y PETROLEO DEL NEUQUEN S.A.,43.3104666666667
2014,9,2014-09,GEOPARK ARGENTINA LTD. (SUCURSAL ARGENTINA),2.37666666666667
2014,9,2014-09,GRECOIL y CIA. S.R.L.,5.97466666666667
2014,9,2014-09,HIGH LUCK GROUP LTD. - SUCURSAL ARGENTINA,64.41
2014,9,2014-09,INGENIERIA ALPA S.A.,3.086
2014,9,2014-09,INGENIERIA SIMA S.A.,0
2014,9,2014-09,INTERENERGY ARGENTINA S.A.,0.00333333333333333
2014,9,2014-09,JHP INTERNATIONAL PETROLEUM ENGINEERING LTD,12.0653333333333
2014,9,2014-09,KILWER S.A.,0
2014,9,2014-09,MADALENA AUSTRAL S.A.,0
2014,9,2014-09,MADALENA ENERGY ARGENTINA SRL ,27.0302666666667
2014,9,2014-09,MADALENA PETROLEUM (AMERICAS) LTD. (SUCURSAL ARGENTINA),157.922
2014,9,2014-09,MEDANITO S.A.,446.933333333333
2014,9,2014-09,MISAHAR ARGENTINA S.A.,0
2014,9,2014-09,NECON S.A.,0
2014,9,2014-09,O&G DEVELOPMENTS LTD S.A.,15.8433333333333
2014,9,2014-09,OIL M&S S.A.,0
2014,9,2014-09,OILSTONE ENERGIA S.A.,130.641933333333
2014,9,2014-09,PAN AMERICAN ENERGY (SUCURSAL ARGENTINA) LLC,13378.462
2014,9,2014-09,PETRO AP S.A.,0
2014,9,2014-09,PETROBRAS ARGENTINA S.A.,9081.477
2014,9,2014-09,PETROFARO S.A.,38.753
2014,9,2014-09,PETROLEOS SUDAMERICANOS S.A.,19.7226666666667
2014,9,2014-09,PETROLERA CERRO NEGRO S.A.,110.007
2014,9,2014-09,PETROLERA DEL COMAHUE S.A.,0
2014,9,2014-09,PETROLERA EL TREBOL S.A.,7.98793333333333
2014,9,2014-09,PETROLERA ENTRE LOMAS S.A.,1383.13
2014,9,2014-09,PETROLERA LF COMPANY S.R.L.,3023.90666666667
2014,9,2014-09,PETROLERA PAMPA S.A. ,0
2014,9,2014-09,PETROLERA PATAGONIA S.R.L.,0
2014,9,2014-09,PETROLERA PIEDRA DEL AGUILA S.A.,0
2014,9,2014-09,PETROLERA SAN JOSE S.R.L.,6.95996666666667
2014,9,2014-09,PETROMINERA CHUBUT S.E.,0
2014,9,2014-09,PETROQUIMICA COMODORO RIVADAVIA S.A.,856.5954
2014,9,2014-09,PLUSPETROL ENERGY S.A.,2466.29993333333
2014,9,2014-09,PLUSPETROL S.A.,2911.67323333333
2014,9,2014-09,QUINTANA E&P ARGENTINA S.R.L.,1.335
2014,9,2014-09,ROCH S.A.,1545.97123333333
2014,9,2014-09,SAN JORGE PETROLEUM S.A.,71.2142
2014,9,2014-09,"SINOPEC ARGENTINA EXPLORATION AND PRODUCTION, INC.",1881.200015
2014,9,2014-09,TECPETROL S.A.,3307.6408
2014,9,2014-09,TOTAL AUSTRAL S.A.,32144.9346666667
2014,9,2014-09,UNITEC ENERGY S.A.,3.5
2014,9,2014-09,WINTERSHALL ENERGIA S.A.,0
2014,9,2014-09,YPF S.A.,33639.5243333333
2014,10,2014-10,AMERICAS PETROGAS ARGENTINA S.A.,92.421935483871
2014,10,2014-10,APACHE ENERGIA ARGENTINA S.R.L.,3664.74838709677
2014,10,2014-10,APACHE PETROLERA ARGENTINA S.A.,32.5290322580645
2014,10,2014-10,ARGENTA ENERGIA S.A.,0
2014,10,2014-10,CAPEX S.A.,1359.32129032258
2014,10,2014-10,CENTRAL INTERNATIONAL CORPORATION (SUCURSAL ARGENTINA),22.7406451612903
2014,10,2014-10,CHAÑARES ENERGIA S.A.,16.6007096774194
2014,10,2014-10,CHEVRON ARGENTINA S.R.L.,584.560967741935
2014,10,2014-10,COLHUE HUAPI S.A.,14.5354838709677
2014,10,2014-10,COMPAÑÍA GENERAL DE COMBUSTIBLES S.A.,68.0463870967742
2014,10,2014-10,COMPAÑÍAS ASOCIADAS PETROLERAS S.A.,91.0551612903226
2014,10,2014-10,COPESA CIA CONSTRUCTORA PETROLERA SA,0
2014,10,2014-10,"CRI HOLDING, INC.",0.0357604616075968
2014,10,2014-10,CROWN POINT ENERGIA S.A.,0
2014,10,2014-10,CROWN POINT OIL & GAS S.A.,0
2014,10,2014-10,DAPETROL S.A.,0
2014,10,2014-10,ENAP SIPETROL ARGENTINA S.A.,2350.75161290323
2014,10,2014-10,ENERGIAL S.A.,0
2014,10,2014-10,EXXONMOBIL EXPLORATION ARGENTINA S.R.L.,44.7735483870968
2014,10,2014-10,EZ HOLDINGS S.A.,0
2014,10,2014-10,GAS Y PETROLEO DEL NEUQUEN S.A.,7.03344193548387
2014,10,2014-10,GEOPARK ARGENTINA LTD. (SUCURSAL ARGENTINA),2.36935483870968
2014,10,2014-10,GRECOIL y CIA. S.R.L.,6.08225806451613
2014,10,2014-10,HIGH LUCK GROUP LTD. - SUCURSAL ARGENTINA,65.3935483870968
2014,10,2014-10,INGENIERIA ALPA S.A.,3.09483870967742
2014,10,2014-10,INGENIERIA SIMA S.A.,0
2014,10,2014-10,INTERENERGY ARGENTINA S.A.,0.0032258064516129
2014,10,2014-10,JHP INTERNATIONAL PETROLEUM ENGINEERING LTD,11.3806451612903
2014,10,2014-10,KILWER S.A.,0
2014,10,2014-10,MADALENA AUSTRAL S.A.,0
2014,10,2014-10,MADALENA ENERGY ARGENTINA SRL ,24.4399032258065
2014,10,2014-10,MADALENA PETROLEUM (AMERICAS) LTD. (SUCURSAL ARGENTINA),167.545806451613
2014,10,2014-10,MEDANITO S.A.,440.258064516129
2014,10,2014-10,NECON S.A.,0
2014,10,2014-10,O&G DEVELOPMENTS LTD S.A.,17.0774193548387
2014,10,2014-10,OIL M&S S.A.,0
2014,10,2014-10,OILSTONE ENERGIA S.A.,168.811290322581
2014,10,2014-10,PAN AMERICAN ENERGY (SUCURSAL ARGENTINA) LLC,13234.5009677419
2014,10,2014-10,PETRO AP S.A.,0
2014,10,2014-10,PETROBRAS ARGENTINA S.A.,9129.3735483871
2014,10,2014-10,PETROFARO S.A.,40.4151612903226
2014,10,2014-10,PETROLEOS SUDAMERICANOS S.A.,20.8306451612903
2014,10,2014-10,PETROLERA CERRO NEGRO S.A.,99.7403870967742
2014,10,2014-10,PETROLERA DEL COMAHUE S.A.,0
2014,10,2014-10,PETROLERA EL TREBOL S.A.,7.21090322580645
2014,10,2014-10,PETROLERA ENTRE LOMAS S.A.,1379.30967741935
2014,10,2014-10,PETROLERA LF COMPANY S.R.L.,3000.67419354839
2014,10,2014-10,PETROLERA PAMPA S.A. ,0
2014,10,2014-10,PETROLERA PATAGONIA S.R.L.,0
2014,10,2014-10,PETROLERA PIEDRA DEL AGUILA S.A.,0
2014,10,2014-10,PETROLERA SAN JOSE S.R.L.,5.87025806451613
2014,10,2014-10,PETROMINERA CHUBUT S.E.,0
2014,10,2014-10,PETROQUIMICA COMODORO RIVADAVIA S.A.,838.741612903226
2014,10,2014-10,PLUSPETROL ENERGY S.A.,2421.41112903226
2014,10,2014-10,PLUSPETROL S.A.,2960.9704516129
2014,10,2014-10,QUINTANA E&P ARGENTINA S.R.L.,2.13225806451613
2014,10,2014-10,ROCH S.A.,1521.10935483871
2014,10,2014-10,SAN JORGE PETROLEUM S.A.,59.848064516129
2014,10,2014-10,"SINOPEC ARGENTINA EXPLORATION AND PRODUCTION, INC.",1874.69326870968
2014,10,2014-10,TECPETROL S.A.,3400.5415483871
2014,10,2014-10,TOTAL AUSTRAL S.A.,29007.8096774194
2014,10,2014-10,UNITEC ENERGY S.A.,3.38709677419355
2014,10,2014-10,WINTERSHALL ENERGIA S.A.,0
2014,10,2014-10,YPF S.A.,34068.6780645161
2014,11,2014-11,AMERICAS PETROGAS ARGENTINA S.A.,82.5494
2014,11,2014-11,APACHE ENERGIA ARGENTINA S.R.L.,3557.78333333333
2014,11,2014-11,APACHE PETROLERA ARGENTINA S.A.,37.8166666666667
2014,11,2014-11,ARGENTA ENERGIA S.A.,0
2014,11,2014-11,CAPEX S.A.,1386.80066666667
2014,11,2014-11,CENTRAL INTERNATIONAL CORPORATION (SUCURSAL ARGENTINA),23.4603333333333
2014,11,2014-11,CHAÑARES ENERGIA S.A.,15.9196666666667
2014,11,2014-11,CHEVRON ARGENTINA S.R.L.,591.557
2014,11,2014-11,COLHUE HUAPI S.A.,14.17
2014,11,2014-11,COMPAÑÍA GENERAL DE COMBUSTIBLES S.A.,61.1026666666667
2014,11,2014-11,COMPAÑÍAS ASOCIADAS PETROLERAS S.A.,89.037
2014,11,2014-11,COPESA CIA CONSTRUCTORA PETROLERA SA,0
2014,11,2014-11,"CRI HOLDING, INC.",0.0374950392
2014,11,2014-11,CROWN POINT ENERGIA S.A.,0
2014,11,2014-11,CROWN POINT OIL & GAS S.A.,0
2014,11,2014-11,DAPETROL S.A.,0
2014,11,2014-11,ENAP SIPETROL ARGENTINA S.A.,2136.65366666667
2014,11,2014-11,ENERGIAL S.A.,0
2014,11,2014-11,EXXONMOBIL EXPLORATION ARGENTINA S.R.L.,42.928
2014,11,2014-11,EZ HOLDINGS S.A.,0
2014,11,2014-11,GAS Y PETROLEO DEL NEUQUEN S.A.,5.66028333333333
2014,11,2014-11,GEOPARK ARGENTINA LTD. (SUCURSAL ARGENTINA),2.43966666666667
2014,11,2014-11,GRECOIL y CIA. S.R.L.,4.44066666666667
2014,11,2014-11,HIGH LUCK GROUP LTD. - SUCURSAL ARGENTINA,59.5633333333333
2014,11,2014-11,INGENIERIA ALPA S.A.,3.096
2014,11,2014-11,INGENIERIA SIMA S.A.,0
2014,11,2014-11,INTERENERGY ARGENTINA S.A.,0.00333333333333333
2014,11,2014-11,JHP INTERNATIONAL PETROLEUM ENGINEERING LTD,12.5423333333333
2014,11,2014-11,KILWER S.A.,0
2014,11,2014-11,MADALENA AUSTRAL S.A.,0
2014,11,2014-11,MADALENA ENERGY ARGENTINA SRL ,25.8593333333333
2014,11,2014-11,MADALENA PETROLEUM (AMERICAS) LTD. (SUCURSAL ARGENTINA),153.182233333333
2014,11,2014-11,MEDANITO S.A.,435.733333333333
2014,11,2014-11,NECON S.A.,0
2014,11,2014-11,O&G DEVELOPMENTS LTD S.A.,14.9666666666667
2014,11,2014-11,OIL M&S S.A.,0
2014,11,2014-11,OILSTONE ENERGIA S.A.,161.3387
2014,11,2014-11,PAN AMERICAN ENERGY (SUCURSAL ARGENTINA) LLC,13055.444
2014,11,2014-11,PETRO AP S.A.,0
2014,11,2014-11,PETROBRAS ARGENTINA S.A.,8752.997
2014,11,2014-11,PETROFARO S.A.,40.974
2014,11,2014-11,PETROLEOS SUDAMERICANOS S.A.,20.5056666666667
2014,11,2014-11,PETROLERA CERRO NEGRO S.A.,94.2643333333333
2014,11,2014-11,PETROLERA DEL COMAHUE S.A.,0
2014,11,2014-11,PETROLERA EL TREBOL S.A.,6.8694
2014,11,2014-11,PETROLERA ENTRE LOMAS S.A.,1399.36666666667
2014,11,2014-11,PETROLERA LF COMPANY S.R.L.,3021.55333333333
2014,11,2014-11,PETROLERA PAMPA S.A. ,0
2014,11,2014-11,PETROLERA PATAGONIA S.R.L.,0
2014,11,2014-11,PETROLERA PIEDRA DEL AGUILA S.A.,0
2014,11,2014-11,PETROMINERA CHUBUT S.E.,0
2014,11,2014-11,PETROQUIMICA COMODORO RIVADAVIA S.A.,828.516666666667
2014,11,2014-11,PLUSPETROL ENERGY S.A.,2430.1397
2014,11,2014-11,PLUSPETROL S.A.,3156.858966667
2014,11,2014-11,PRESIDENT PETROLEUM S.A.,5.5133
2014,11,2014-11,QUINTANA E&P ARGENTINA S.R.L.,2.24666666666667
2014,11,2014-11,ROCH S.A.,1572.03336666667
2014,11,2014-11,SAN JORGE PETROLEUM S.A.,64.1446
2014,11,2014-11,"SINOPEC ARGENTINA EXPLORATION AND PRODUCTION, INC.",1987.56365366667
2014,11,2014-11,TECPETROL S.A.,3299.3404
2014,11,2014-11,TOTAL AUSTRAL S.A.,31216.0975333333
2014,11,2014-11,UNITEC ENERGY S.A.,3.66666666666667
2014,11,2014-11,WINTERSHALL ENERGIA S.A.,0
2014,11,2014-11,YPF S.A.,34104.4546666667
2014,12,2014-12,AMERICAS PETROGAS ARGENTINA S.A.,60.2836451612903
2014,12,2014-12,APACHE ENERGIA ARGENTINA S.R.L.,3574.83548387097
2014,12,2014-12,APACHE PETROLERA ARGENTINA S.A.,60.2032258064516
2014,12,2014-12,ARGENTA ENERGIA S.A.,0
2014,12,2014-12,CAPEX S.A.,1395.70451612903
2014,12,2014-12,CENTRAL INTERNATIONAL CORPORATION (SUCURSAL ARGENTINA),22.7758064516129
2014,12,2014-12,CHAÑARES ENERGIA S.A.,16.9654838709677
2014,12,2014-12,CHEVRON ARGENTINA S.R.L.,576.805161290323
2014,12,2014-12,COLHUE HUAPI S.A.,13.7451612903226
2014,12,2014-12,COMPAÑÍA GENERAL DE COMBUSTIBLES S.A.,56.9275483870968
2014,12,2014-12,COMPAÑÍAS ASOCIADAS PETROLERAS S.A.,84.6887096774194
2014,12,2014-12,COPESA CIA CONSTRUCTORA PETROLERA SA,0
2014,12,2014-12,"CRI HOLDING, INC.",0.0374778325483871
2014,12,2014-12,CROWN POINT ENERGIA S.A.,0
2014,12,2014-12,CROWN POINT OIL & GAS S.A.,0
2014,12,2014-12,DAPETROL S.A.,0
2014,12,2014-12,ENAP SIPETROL ARGENTINA S.A.,1817.92516129032
2014,12,2014-12,ENERGIAL S.A.,0
2014,12,2014-12,EXXONMOBIL EXPLORATION ARGENTINA S.R.L.,19.3358064516129
2014,12,2014-12,GAS Y PETROLEO DEL NEUQUEN S.A.,2.41876451612903
2014,12,2014-12,GEOPARK ARGENTINA LTD. (SUCURSAL ARGENTINA),2.12161290322581
2014,12,2014-12,GRECOIL y CIA. S.R.L.,5.31548387096774
2014,12,2014-12,HIGH LUCK GROUP LTD. - SUCURSAL ARGENTINA,50.4483870967742
2014,12,2014-12,INGENIERIA ALPA S.A.,3.02387096774194
2014,12,2014-12,INGENIERIA SIMA S.A.,0
2014,12,2014-12,INTERENERGY ARGENTINA S.A.,0.0032258064516129
2014,12,2014-12,JHP INTERNATIONAL PETROLEUM ENGINEERING LTD,11.8974193548387
2014,12,2014-12,KILWER S.A.,0
2014,12,2014-12,MADALENA AUSTRAL S.A.,0
2014,12,2014-12,MADALENA ENERGY ARGENTINA SRL ,25.0438709677419
2014,12,2014-12,MADALENA PETROLEUM (AMERICAS) LTD. (SUCURSAL ARGENTINA),156.358709677419
2014,12,2014-12,MEDANITO S.A.,384.129032258065
2014,12,2014-12,NECON S.A.,0
2014,12,2014-12,O&G DEVELOPMENTS LTD S.A.,19.0345161290323
2014,12,2014-12,OIL M&S S.A.,0
2014,12,2014-12,OILSTONE ENERGIA S.A.,158.433387096774
2014,12,2014-12,PAN AMERICAN ENERGY (SUCURSAL ARGENTINA) LLC,13653.2529032258
2014,12,2014-12,PETRO AP S.A.,0
2014,12,2014-12,PETROBRAS ARGENTINA S.A.,8780.43064516129
2014,12,2014-12,PETROFARO S.A.,12.6341935483871
2014,12,2014-12,PETROLEOS SUDAMERICANOS S.A.,20.7915161290323
2014,12,2014-12,PETROLERA CERRO NEGRO S.A.,88.3936451612903
2014,12,2014-12,PETROLERA DEL COMAHUE S.A.,0
2014,12,2014-12,PETROLERA EL TREBOL S.A.,6.39877419354839
2014,12,2014-12,PETROLERA ENTRE LOMAS S.A.,1428.43548387097
2014,12,2014-12,PETROLERA LF COMPANY S.R.L.,2904.94838709677
2014,12,2014-12,PETROLERA PAMPA S.A. ,0
2014,12,2014-12,PETROLERA PATAGONIA S.R.L.,0
2014,12,2014-12,PETROLERA PIEDRA DEL AGUILA S.A.,0
2014,12,2014-12,PETROMINERA CHUBUT S.E.,0
2014,12,2014-12,PETROQUIMICA COMODORO RIVADAVIA S.A.,780.79064516129
2014,12,2014-12,PLUSPETROL ENERGY S.A.,2386.83074193548
2014,12,2014-12,PLUSPETROL S.A.,3103.65164516129
2014,12,2014-12,PRESIDENT PETROLEUM S.A.,5.22906451612903
2014,12,2014-12,QUINTANA E&P ARGENTINA S.R.L.,2.35148387096774
2014,12,2014-12,ROCH S.A.,1679.71635483871
2014,12,2014-12,SAN JORGE PETROLEUM S.A.,59.9328064516129
2014,12,2014-12,"SINOPEC ARGENTINA EXPLORATION AND PRODUCTION, INC.",1989.01869290323
2014,12,2014-12,TECPETROL S.A.,3265.35735483871
2014,12,2014-12,TOTAL AUSTRAL S.A.,31035.5305806452
2014,12,2014-12,UNITEC ENERGY S.A.,3.54838709677419
2014,12,2014-12,WINTERSHALL ENERGIA S.A.,0
2014,12,2014-12,YPF S.A.,34760.6803225807
2015,1,2015-01,AMERICAS PETROGAS ARGENTINA S.A.,72.7427419354839
2015,1,2015-01,APACHE PETROLERA ARGENTINA S.A.,47.0354838709677
2015,1,2015-01,ARGENTA ENERGIA S.A.,0
2015,1,2015-01,CAPEX S.A.,1459.29193548387
2015,1,2015-01,CENTRAL INTERNATIONAL CORPORATION (SUCURSAL ARGENTINA),23.1648387096774
2015,1,2015-01,CHAÑARES ENERGIA S.A.,15.6967096774194
2015,1,2015-01,CHEVRON ARGENTINA S.R.L.,592.767741935484
2015,1,2015-01,COLHUE HUAPI S.A.,14.1258064516129
2015,1,2015-01,COMPAÑÍA GENERAL DE COMBUSTIBLES S.A.,52.4009677419355
2015,1,2015-01,COMPAÑÍAS ASOCIADAS PETROLERAS S.A.,83.0261290322581
2015,1,2015-01,COPESA CIA CONSTRUCTORA PETROLERA SA,0
2015,1,2015-01,"CRI HOLDING, INC.",0.0323518849354839
2015,1,2015-01,CROWN POINT ENERGIA S.A.,0
2015,1,2015-01,CROWN POINT OIL & GAS S.A.,0
2015,1,2015-01,DAPETROL S.A.,0
2015,1,2015-01,ENAP SIPETROL ARGENTINA S.A.,2497.20548387097
2015,1,2015-01,ENERGIAL S.A.,0
2015,1,2015-01,EXXONMOBIL EXPLORATION ARGENTINA S.R.L.,18.7522580645161
2015,1,2015-01,GAS Y PETROLEO DEL NEUQUEN S.A.,535.249987096774
2015,1,2015-01,GEOPARK ARGENTINA LTD. (SUCURSAL ARGENTINA),2.12161290322581
2015,1,2015-01,GRECOIL y CIA. S.R.L.,5.00903225806452
2015,1,2015-01,HIGH LUCK GROUP LTD. - SUCURSAL ARGENTINA,52.5258064516129
2015,1,2015-01,INGENIERIA ALPA S.A.,3.19645161290323
2015,1,2015-01,INGENIERIA SIMA S.A.,0
2015,1,2015-01,INTERENERGY ARGENTINA S.A.,0.0032258064516129
2015,1,2015-01,JHP INTERNATIONAL PETROLEUM ENGINEERING LTD,0
2015,1,2015-01,KILWER S.A.,0
2015,1,2015-01,MADALENA AUSTRAL S.A.,0
2015,1,2015-01,MADALENA ENERGY ARGENTINA SRL ,23.7487096774194
2015,1,2015-01,MADALENA PETROLEUM (AMERICAS) LTD. (SUCURSAL ARGENTINA),149.297612903226
2015,1,2015-01,MEDANITO S.A.,376.935483870968
2015,1,2015-01,NECON S.A.,0
2015,1,2015-01,O&G DEVELOPMENTS LTD S.A.,15.6225806451613
2015,1,2015-01,OIL M&S S.A.,0
2015,1,2015-01,OILSTONE ENERGIA S.A.,150.133967741935
2015,1,2015-01,PAN AMERICAN ENERGY (SUCURSAL ARGENTINA) LLC,14173.9061290323
2015,1,2015-01,PETRO AP S.A.,11.9464516129032
2015,1,2015-01,PETROBRAS ARGENTINA S.A.,9103.80741935484
2015,1,2015-01,PETROFARO S.A.,28.1341935483871
2015,1,2015-01,PETROLEOS SUDAMERICANOS S.A.,20.7745161290323
2015,1,2015-01,PETROLERA CERRO NEGRO S.A.,83.0375483870968
2015,1,2015-01,PETROLERA DEL COMAHUE S.A.,0
2015,1,2015-01,PETROLERA EL TREBOL S.A.,5.78645161290323
2015,1,2015-01,PETROLERA ENTRE LOMAS S.A.,1417.74193548387
2015,1,2015-01,PETROLERA LF COMPANY S.R.L.,2803.63870967742
2015,1,2015-01,PETROLERA PAMPA S.A. ,0
2015,1,2015-01,PETROLERA PATAGONIA S.R.L.,0
2015,1,2015-01,PETROLERA PIEDRA DEL AGUILA S.A.,0
2015,1,2015-01,PETROMINERA CHUBUT S.E.,0
2015,1,2015-01,PETROQUIMICA COMODORO RIVADAVIA S.A.,814.428387096774
2015,1,2015-01,PLUSPETROL ENERGY S.A.,2334.76193548387
2015,1,2015-01,PLUSPETROL S.A.,3155.97577419355
2015,1,2015-01,PRESIDENT PETROLEUM S.A.,4.803
2015,1,2015-01,QUINTANA E&P ARGENTINA S.R.L.,2.67354838709677
2015,1,2015-01,ROCH S.A.,1703.80896774194
2015,1,2015-01,SAN JORGE PETROLEUM S.A.,54.3629032258064
2015,1,2015-01,"SINOPEC ARGENTINA EXPLORATION AND PRODUCTION, INC.",2005.40827967742
2015,1,2015-01,TECPETROL S.A.,3272.22596774194
2015,1,2015-01,TOTAL AUSTRAL S.A.,30619.6096774194
2015,1,2015-01,UNITEC ENERGY S.A.,4
2015,1,2015-01,WINTERSHALL ENERGIA S.A.,0
2015,1,2015-01,YPF S.A.,34953.3483870968
2015,1,2015-01,YSUR ENERGÍA ARGENTINA S.R.L.,3216.6064516129
2015,2,2015-02,AMERICAS PETROGAS ARGENTINA S.A.,80.0608928571429
2015,2,2015-02,APACHE PETROLERA ARGENTINA S.A.,44.1607142857143
2015,2,2015-02,ARGENTA ENERGIA S.A.,0
2015,2,2015-02,CAPEX S.A.,1463.61535714286
2015,2,2015-02,CENTRAL INTERNATIONAL CORPORATION (SUCURSAL ARGENTINA),23.6817857142857
2015,2,2015-02,CHAÑARES ENERGIA S.A.,16.6351785714286
2015,2,2015-02,CHEVRON ARGENTINA S.R.L.,631.576785714286
2015,2,2015-02,COLHUE HUAPI S.A.,13.8321428571429
2015,2,2015-02,COMPAÑÍA GENERAL DE COMBUSTIBLES S.A.,48.0163214285714
2015,2,2015-02,COMPAÑÍAS ASOCIADAS PETROLERAS S.A.,92.0642857142857
2015,2,2015-02,COPESA CIA CONSTRUCTORA PETROLERA SA,0
2015,2,2015-02,"CRI HOLDING, INC.",0.0196918674285714
2015,2,2015-02,CROWN POINT ENERGIA S.A.,0
2015,2,2015-02,CROWN POINT OIL & GAS S.A.,0
2015,2,2015-02,DAPETROL S.A.,0
2015,2,2015-02,ENAP SIPETROL ARGENTINA S.A.,2478.26285714286
2015,2,2015-02,ENERGIAL S.A.,0
2015,2,2015-02,EXXONMOBIL EXPLORATION ARGENTINA S.R.L.,32.3846428571429
2015,2,2015-02,GAS Y PETROLEO DEL NEUQUEN S.A.,524.307939285714
2015,2,2015-02,GEOPARK ARGENTINA LTD. (SUCURSAL ARGENTINA),0.466071428571429
2015,2,2015-02,GRECOIL y CIA. S.R.L.,5.4275
2015,2,2015-02,HIGH LUCK GROUP LTD. - SUCURSAL ARGENTINA,55.3428571428571
2015,2,2015-02,INGENIERIA ALPA S.A.,3.39785714285714
2015,2,2015-02,INGENIERIA SIMA S.A.,0
2015,2,2015-02,INTERENERGY ARGENTINA S.A.,0.00357142857142857
2015,2,2015-02,JHP INTERNATIONAL PETROLEUM ENGINEERING LTD,0
2015,2,2015-02,KILWER S.A.,0
2015,2,2015-02,MADALENA AUSTRAL S.A.,0
2015,2,2015-02,MADALENA ENERGY ARGENTINA SRL ,23.2713214285714
2015,2,2015-02,MADALENA PETROLEUM (AMERICAS) LTD. (SUCURSAL ARGENTINA),137.478642857143
2015,2,2015-02,MEDANITO S.A.,409.714285714286
2015,2,2015-02,NECON S.A.,0
2015,2,2015-02,O&G DEVELOPMENTS LTD S.A.,13.5464285714286
2015,2,2015-02,OIL M&S S.A.,0
2015,2,2015-02,OILSTONE ENERGIA S.A.,150.030857142857
2015,2,2015-02,PAN AMERICAN ENERGY (SUCURSAL ARGENTINA) LLC,14363.4775
2015,2,2015-02,PETRO AP S.A.,12.2546428571429
2015,2,2015-02,PETROBRAS ARGENTINA S.A.,9062.22785714286
2015,2,2015-02,PETROFARO S.A.,33.1453571428571
2015,2,2015-02,PETROLEOS SUDAMERICANOS S.A.,20.6995357142857
2015,2,2015-02,PETROLERA CERRO NEGRO S.A.,87.2658214285714
2015,2,2015-02,PETROLERA DEL COMAHUE S.A.,0
2015,2,2015-02,PETROLERA EL TREBOL S.A.,5.90992857142857
2015,2,2015-02,PETROLERA ENTRE LOMAS S.A.,1379.26428571429
2015,2,2015-02,PETROLERA LF COMPANY S.R.L.,2793.31785714286
2015,2,2015-02,PETROLERA PAMPA S.A. ,0
2015,2,2015-02,PETROLERA PATAGONIA S.R.L.,0
2015,2,2015-02,PETROLERA PIEDRA DEL AGUILA S.A.,0
2015,2,2015-02,PETROMINERA CHUBUT S.E.,5.86053571428571
2015,2,2015-02,PETROQUIMICA COMODORO RIVADAVIA S.A.,847.81
2015,2,2015-02,PLUSPETROL ENERGY S.A.,2310.46071428571
2015,2,2015-02,PLUSPETROL S.A.,3279.08014285714
2015,2,2015-02,PRESIDENT PETROLEUM S.A.,4.92675
2015,2,2015-02,QUINTANA E&P ARGENTINA S.R.L.,2.71275
2015,2,2015-02,ROCH S.A.,1658.11617857143
2015,2,2015-02,SAN JORGE PETROLEUM S.A.,49.8649285714286
2015,2,2015-02,"SINOPEC ARGENTINA EXPLORATION AND PRODUCTION, INC.",1920.83721642857
2015,2,2015-02,TECPETROL S.A.,3280.59753571429
2015,2,2015-02,TOTAL AUSTRAL S.A.,29586.6514285714
2015,2,2015-02,UNITEC ENERGY S.A.,3
2015,2,2015-02,WINTERSHALL ENERGIA S.A.,0
2015,2,2015-02,YPF S.A.,35130.4939285714
2015,2,2015-02,YSUR ENERGÍA ARGENTINA S.R.L.,3249.50357142857
2015,3,2015-03,AMERICAS PETROGAS ARGENTINA S.A.,90.4878709677419
2015,3,2015-03,APACHE PETROLERA ARGENTINA S.A.,34.6096774193548
2015,3,2015-03,ARGENTA ENERGIA S.A.,0
2015,3,2015-03,CAPEX S.A.,1451.6764516129
2015,3,2015-03,CENTRAL INTERNATIONAL CORPORATION (SUCURSAL ARGENTINA),21.4848387096774
2015,3,2015-03,CHAÑARES ENERGIA S.A.,15.4115483870968
2015,3,2015-03,CHEVRON ARGENTINA S.R.L.,645.55064516129
2015,3,2015-03,COLHUE HUAPI S.A.,13.0741935483871
2015,3,2015-03,COMPAÑÍA GENERAL DE COMBUSTIBLES S.A.,46.3612903225806
2015,3,2015-03,COMPAÑÍAS ASOCIADAS PETROLERAS S.A.,93.4512903225806
2015,3,2015-03,COPESA CIA CONSTRUCTORA PETROLERA SA,0
2015,3,2015-03,"CRI HOLDING, INC.",0.0199962054516129
2015,3,2015-03,CROWN POINT ENERGIA S.A.,0
2015,3,2015-03,CROWN POINT OIL & GAS S.A.,0
2015,3,2015-03,DAPETROL S.A.,0
2015,3,2015-03,ENAP SIPETROL ARGENTINA S.A.,2460.62419354839
2015,3,2015-03,ENERGIAL S.A.,0
2015,3,2015-03,EXXONMOBIL EXPLORATION ARGENTINA S.R.L.,29.1161290322581
2015,3,2015-03,GAS Y PETROLEO DEL NEUQUEN S.A.,513.5675
2015,3,2015-03,GEOPARK ARGENTINA LTD. (SUCURSAL ARGENTINA),0
2015,3,2015-03,GRECOIL y CIA. S.R.L.,5.19709677419355
2015,3,2015-03,HIGH LUCK GROUP LTD. - SUCURSAL ARGENTINA,55.5129032258065
2015,3,2015-03,INGENIERIA ALPA S.A.,3.14483870967742
2015,3,2015-03,INGENIERIA SIMA S.A.,0
2015,3,2015-03,INTERENERGY ARGENTINA S.A.,0.0032258064516129
2015,3,2015-03,JHP INTERNATIONAL PETROLEUM ENGINEERING LTD,0
2015,3,2015-03,KILWER S.A.,0
2015,3,2015-03,MADALENA AUSTRAL S.A.,0
2015,3,2015-03,MADALENA ENERGY ARGENTINA SRL ,25.3037096774194
2015,3,2015-03,MADALENA PETROLEUM (AMERICAS) LTD. (SUCURSAL ARGENTINA),138.92964516129
2015,3,2015-03,MEDANITO S.A.,425.838709677419
2015,3,2015-03,NECON S.A.,0
2015,3,2015-03,O&G DEVELOPMENTS LTD S.A.,14.7354838709677
2015,3,2015-03,OIL M&S S.A.,0
2015,3,2015-03,OILSTONE ENERGIA S.A.,149.446032258065
2015,3,2015-03,PAN AMERICAN ENERGY (SUCURSAL ARGENTINA) LLC,14704.8938709677
2015,3,2015-03,PETRO AP S.A.,11.8706451612903
2015,3,2015-03,PETROBRAS ARGENTINA S.A.,8997.68870967742
2015,3,2015-03,PETROFARO S.A.,33.6532258064516
2015,3,2015-03,PETROLEOS SUDAMERICANOS S.A.,20.5933870967742
2015,3,2015-03,PETROLERA CERRO NEGRO S.A.,89.5411290322581
2015,3,2015-03,PETROLERA DEL COMAHUE S.A.,0
2015,3,2015-03,PETROLERA EL TREBOL S.A.,5.84593548387097
2015,3,2015-03,PETROLERA ENTRE LOMAS S.A.,1369.79677419355
2015,3,2015-03,PETROLERA LF COMPANY S.R.L.,2722.65806451613
2015,3,2015-03,PETROLERA PAMPA S.A. ,0
2015,3,2015-03,PETROLERA PATAGONIA S.R.L.,0
2015,3,2015-03,PETROLERA PIEDRA DEL AGUILA S.A.,0
2015,3,2015-03,PETROMINERA CHUBUT S.E.,9.41129032258065
2015,3,2015-03,PETROQUIMICA COMODORO RIVADAVIA S.A.,844.35064516129
2015,3,2015-03,PLUSPETROL ENERGY S.A.,2276.9375483871
2015,3,2015-03,PLUSPETROL S.A.,3254.43754838742
2015,3,2015-03,PRESIDENT PETROLEUM S.A.,4.52029032258065
2015,3,2015-03,QUINTANA E&P ARGENTINA S.R.L.,2.70606451612903
2015,3,2015-03,ROCH S.A.,1601.14425806452
2015,3,2015-03,SAN JORGE PETROLEUM S.A.,44.4633225806452
2015,3,2015-03,"SINOPEC ARGENTINA EXPLORATION AND PRODUCTION, INC.",1910.38140622097
2015,3,2015-03,TECPETROL S.A.,3242.5695483871
2015,3,2015-03,TOTAL AUSTRAL S.A.,30400.923516129
2015,3,2015-03,UNITEC ENERGY S.A.,3.87096774193548
2015,3,2015-03,WINTERSHALL ENERGIA S.A.,0
2015,3,2015-03,YPF S.A.,35462.0167741936
2015,3,2015-03,YSUR ENERGÍA ARGENTINA S.R.L.,3275.11612903226
2015,4,2015-04,AMERICAS PETROGAS ARGENTINA S.A.,90.2974666666667
2015,4,2015-04,APACHE PETROLERA ARGENTINA S.A.,40.06
2015,4,2015-04,ARGENTA ENERGIA S.A.,0
2015,4,2015-04,CAPEX S.A.,1430.433
2015,4,2015-04,CENTRAL INTERNATIONAL CORPORATION (SUCURSAL ARGENTINA),21.828
2015,4,2015-04,CHAÑARES ENERGIA S.A.,15.9741666666667
2015,4,2015-04,CHEVRON ARGENTINA S.R.L.,637.176333333333
2015,4,2015-04,COLHUE HUAPI S.A.,13.5533333333333
2015,4,2015-04,COMPAÑÍA GENERAL DE COMBUSTIBLES S.A.,2854.3715
2015,4,2015-04,COMPAÑÍAS ASOCIADAS PETROLERAS S.A.,105.941666666667
2015,4,2015-04,COPESA CIA CONSTRUCTORA PETROLERA SA,0
2015,4,2015-04,"CRI HOLDING, INC.",0.0211052659333333
2015,4,2015-04,CROWN POINT ENERGIA S.A.,0
2015,4,2015-04,CROWN POINT OIL & GAS S.A.,0
2015,4,2015-04,DAPETROL S.A.,0
2015,4,2015-04,ENAP SIPETROL ARGENTINA S.A.,2472.549
2015,4,2015-04,ENERGIAL S.A.,0
2015,4,2015-04,EXXONMOBIL EXPLORATION ARGENTINA S.R.L.,25.0393333333333
2015,4,2015-04,GAS Y PETROLEO DEL NEUQUEN S.A.,490.895983333333
2015,4,2015-04,GEOPARK ARGENTINA LTD. (SUCURSAL ARGENTINA),0
2015,4,2015-04,GRECOIL y CIA. S.R.L.,5.104
2015,4,2015-04,HIGH LUCK GROUP LTD. - SUCURSAL ARGENTINA,58.0466666666667
2015,4,2015-04,INGENIERIA ALPA S.A.,2.863
2015,4,2015-04,INGENIERIA SIMA S.A.,0
2015,4,2015-04,INTERENERGY ARGENTINA S.A.,0.00333333333333333
2015,4,2015-04,JHP INTERNATIONAL PETROLEUM ENGINEERING LTD,0
2015,4,2015-04,KILWER S.A.,0
2015,4,2015-04,MADALENA AUSTRAL S.A.,0
2015,4,2015-04,MADALENA ENERGY ARGENTINA SRL ,25.6386666666667
2015,4,2015-04,MADALENA PETROLEUM (AMERICAS) LTD. (SUCURSAL ARGENTINA),152.9984
2015,4,2015-04,MEDANITO S.A.,422.366666666667
2015,4,2015-04,NECON S.A.,0
2015,4,2015-04,O&G DEVELOPMENTS LTD S.A.,13.27
2015,4,2015-04,OIL M&S S.A.,0
2015,4,2015-04,OILSTONE ENERGIA S.A.,146.783533333333
2015,4,2015-04,PAN AMERICAN ENERGY (SUCURSAL ARGENTINA) LLC,14806.3853333333
2015,4,2015-04,PETRO AP S.A.,11.7786666666667
2015,4,2015-04,PETROBRAS ARGENTINA S.A.,6341.74133333333
2015,4,2015-04,PETROFARO S.A.,36.5952
2015,4,2015-04,PETROLEOS SUDAMERICANOS S.A.,20.8716666666667
2015,4,2015-04,PETROLERA CERRO NEGRO S.A.,80.3256413333333
2015,4,2015-04,PETROLERA DEL COMAHUE S.A.,0
2015,4,2015-04,PETROLERA EL TREBOL S.A.,5.6424
2015,4,2015-04,PETROLERA ENTRE LOMAS S.A.,1394.70333333333
2015,4,2015-04,PETROLERA LF COMPANY S.R.L.,2608.25
2015,4,2015-04,PETROLERA PAMPA S.A. ,0
2015,4,2015-04,PETROLERA PATAGONIA S.R.L.,0
2015,4,2015-04,PETROLERA PIEDRA DEL AGUILA S.A.,0
2015,4,2015-04,PETROMINERA CHUBUT S.E.,7.44653333333333
2015,4,2015-04,PETROQUIMICA COMODORO RIVADAVIA S.A.,866.431666666667
2015,4,2015-04,PLUSPETROL ENERGY S.A.,2245.52536666667
2015,4,2015-04,PLUSPETROL S.A.,3053.6788
2015,4,2015-04,PRESIDENT PETROLEUM S.A.,4.59363333333333
2015,4,2015-04,QUINTANA E&P ARGENTINA S.R.L.,2.76726666666667
2015,4,2015-04,ROCH S.A.,1622.99416666667
2015,4,2015-04,SAN JORGE PETROLEUM S.A.,41.6418666666667
2015,4,2015-04,"SINOPEC ARGENTINA EXPLORATION AND PRODUCTION, INC.",1961.20136766667
2015,4,2015-04,TECPETROL S.A.,3447.29323333333
2015,4,2015-04,TOTAL AUSTRAL S.A.,30710.8580333333
2015,4,2015-04,UNITEC ENERGY S.A.,3.96666666666667
2015,4,2015-04,WINTERSHALL ENERGIA S.A.,0
2015,4,2015-04,YPF S.A.,35611.2013333333
2015,4,2015-04,YSUR ENERGÍA ARGENTINA S.R.L.,3277.08666666667
2015,5,2015-05,AMERICAS PETROGAS ARGENTINA S.A.,81.3689677419355
2015,5,2015-05,APACHE PETROLERA ARGENTINA S.A.,48.3387096774194
2015,5,2015-05,ARGENTA ENERGIA S.A.,0
2015,5,2015-05,CAPEX S.A.,1418.80580645161
2015,5,2015-05,CENTRAL INTERNATIONAL CORPORATION (SUCURSAL ARGENTINA),21.5254838709677
2015,5,2015-05,CHAÑARES ENERGIA S.A.,15.5659214516129
2015,5,2015-05,CHEVRON ARGENTINA S.R.L.,607.487419354839
2015,5,2015-05,COLHUE HUAPI S.A.,12.9225806451613
2015,5,2015-05,COMPAÑÍA GENERAL DE COMBUSTIBLES S.A.,2731.08225806452
2015,5,2015-05,COMPAÑÍAS ASOCIADAS PETROLERAS S.A.,106.102903225806
2015,5,2015-05,COPESA CIA CONSTRUCTORA PETROLERA SA,0
2015,5,2015-05,"CRI HOLDING, INC.",0.0211712492258065
2015,5,2015-05,CROWN POINT ENERGIA S.A.,0
2015,5,2015-05,CROWN POINT OIL & GAS S.A.,0
2015,5,2015-05,DAPETROL S.A.,0
2015,5,2015-05,ENAP SIPETROL ARGENTINA S.A.,2438.00806451613
2015,5,2015-05,ENERGIAL S.A.,0
2015,5,2015-05,EXXONMOBIL EXPLORATION ARGENTINA S.R.L.,11.6226451612903
2015,5,2015-05,GAS Y PETROLEO DEL NEUQUEN S.A.,496.551031774194
2015,5,2015-05,GEOPARK ARGENTINA LTD. (SUCURSAL ARGENTINA),0
2015,5,2015-05,GRECOIL y CIA. S.R.L.,5.26193548387097
2015,5,2015-05,HIGH LUCK GROUP LTD. - SUCURSAL ARGENTINA,57.3903225806452
2015,5,2015-05,INGENIERIA ALPA S.A.,3.1
2015,5,2015-05,INGENIERIA SIMA S.A.,0
2015,5,2015-05,INTERENERGY ARGENTINA S.A.,0.0032258064516129
2015,5,2015-05,JHP INTERNATIONAL PETROLEUM ENGINEERING LTD,0
2015,5,2015-05,KILWER S.A.,0
2015,5,2015-05,MADALENA AUSTRAL S.A.,0
2015,5,2015-05,MADALENA ENERGY ARGENTINA SRL ,25.6454838709677
2015,5,2015-05,MADALENA PETROLEUM (AMERICAS) LTD. (SUCURSAL ARGENTINA),150.181677419355
2015,5,2015-05,MEDANITO S.A.,438.548387096774
2015,5,2015-05,NECON S.A.,0
2015,5,2015-05,O&G DEVELOPMENTS LTD S.A.,9.85483870967742
2015,5,2015-05,OIL M&S S.A.,0
2015,5,2015-05,OILSTONE ENERGIA S.A.,148.915483870968
2015,5,2015-05,PAN AMERICAN ENERGY (SUCURSAL ARGENTINA) LLC,14972.5483870968
2015,5,2015-05,PETRO AP S.A.,11.5635483870968
2015,5,2015-05,PETROBRAS ARGENTINA S.A.,6360.16935483871
2015,5,2015-05,PETROFARO S.A.,36.5298709677419
2015,5,2015-05,PETROLEOS SUDAMERICANOS S.A.,20.5032258064516
2015,5,2015-05,PETROLERA CERRO NEGRO S.A.,68.6637419354839
2015,5,2015-05,PETROLERA DEL COMAHUE S.A.,0
2015,5,2015-05,PETROLERA EL TREBOL S.A.,5.6168064516129
2015,5,2015-05,PETROLERA ENTRE LOMAS S.A.,1387.96774193548
2015,5,2015-05,PETROLERA LF COMPANY S.R.L.,2568.14193548387
2015,5,2015-05,PETROLERA PAMPA S.A. ,0
2015,5,2015-05,PETROLERA PATAGONIA S.R.L.,0
2015,5,2015-05,PETROLERA PIEDRA DEL AGUILA S.A.,0
2015,5,2015-05,PETROMINERA CHUBUT S.E.,9.84251612903226
2015,5,2015-05,PETROQUIMICA COMODORO RIVADAVIA S.A.,888.063225806452
2015,5,2015-05,PLUSPETROL ENERGY S.A.,2210.60025806452
2015,5,2015-05,PLUSPETROL S.A.,3030.44148387129
2015,5,2015-05,PRESIDENT PETROLEUM S.A.,4.64438709677419
2015,5,2015-05,QUINTANA E&P ARGENTINA S.R.L.,2.94741935483871
2015,5,2015-05,ROCH S.A.,1632.57732258065
2015,5,2015-05,SAN JORGE PETROLEUM S.A.,44.9726451612903
2015,5,2015-05,"SINOPEC ARGENTINA EXPLORATION AND PRODUCTION, INC.",1969.40100806452
2015,5,2015-05,TECPETROL S.A.,3595.1304516129
2015,5,2015-05,TOTAL AUSTRAL S.A.,31482.7548064516
2015,5,2015-05,UNITEC ENERGY S.A.,3.87096774193548
2015,5,2015-05,WINTERSHALL ENERGIA S.A.,0
2015,5,2015-05,YPF S.A.,35846.5238709677
2015,5,2015-05,YSUR ENERGÍA ARGENTINA S.R.L.,3402.14193548387
2015,6,2015-06,AMERICAS PETROGAS ARGENTINA S.A.,81.6798
2015,6,2015-06,APACHE PETROLERA ARGENTINA S.A.,95.14
2015,6,2015-06,ARGENTA ENERGIA S.A.,0
2015,6,2015-06,CAPEX S.A.,1413.283
2015,6,2015-06,CENTRAL INTERNATIONAL CORPORATION (SUCURSAL ARGENTINA),22.6536666666667
2015,6,2015-06,CHAÑARES ENERGIA S.A.,14.6494333333333
2015,6,2015-06,CHEVRON ARGENTINA S.R.L.,636.508
2015,6,2015-06,COLHUE HUAPI S.A.,13.04
2015,6,2015-06,COMPAÑÍA GENERAL DE COMBUSTIBLES S.A.,2655.1887
2015,6,2015-06,COMPAÑÍAS ASOCIADAS PETROLERAS S.A.,106.446666666667
2015,6,2015-06,COPESA CIA CONSTRUCTORA PETROLERA SA,0
2015,6,2015-06,"CRI HOLDING, INC.",0.0193209512333333
2015,6,2015-06,CROWN POINT ENERGIA S.A.,0
2015,6,2015-06,CROWN POINT OIL & GAS S.A.,0
2015,6,2015-06,DAPETROL S.A.,0
2015,6,2015-06,ENAP SIPETROL ARGENTINA S.A.,2262.30066666667
2015,6,2015-06,ENERGIAL S.A.,0
2015,6,2015-06,EXXONMOBIL EXPLORATION ARGENTINA S.R.L.,7.43266666666667
2015,6,2015-06,GAS Y PETROLEO DEL NEUQUEN S.A.,471.689433333333
2015,6,2015-06,GEOPARK ARGENTINA LTD. (SUCURSAL ARGENTINA),0
2015,6,2015-06,GRECOIL y CIA. S.R.L.,5.24766666666667
2015,6,2015-06,HIGH LUCK GROUP LTD. - SUCURSAL ARGENTINA,52.9766666666667
2015,6,2015-06,INGENIERIA ALPA S.A.,3.25266666666667
2015,6,2015-06,INGENIERIA SIMA S.A.,0
2015,6,2015-06,INTERENERGY ARGENTINA S.A.,0.00333333333333333
2015,6,2015-06,JHP INTERNATIONAL PETROLEUM ENGINEERING LTD,0
2015,6,2015-06,KILWER S.A.,0
2015,6,2015-06,MADALENA AUSTRAL S.A.,0
2015,6,2015-06,MADALENA ENERGY ARGENTINA SRL ,23.209
2015,6,2015-06,MADALENA PETROLEUM (AMERICAS) LTD. (SUCURSAL ARGENTINA),155.873966666667
2015,6,2015-06,MEDANITO S.A.,402.133333333333
2015,6,2015-06,NECON S.A.,0
2015,6,2015-06,O&G DEVELOPMENTS LTD S.A.,17.3233333333333
2015,6,2015-06,OIL M&S S.A.,0
2015,6,2015-06,OILSTONE ENERGIA S.A.,149.740666666667
2015,6,2015-06,PAN AMERICAN ENERGY (SUCURSAL ARGENTINA) LLC,15057.3016666667
2015,6,2015-06,PETRO AP S.A.,10.7133333333333
2015,6,2015-06,PETROBRAS ARGENTINA S.A.,6399.02133333333
2015,6,2015-06,PETROFARO S.A.,34.5613333333333
2015,6,2015-06,PETROLEOS SUDAMERICANOS S.A.,21.9016666666667
2015,6,2015-06,PETROLERA CERRO NEGRO S.A.,61.7568333333333
2015,6,2015-06,PETROLERA DEL COMAHUE S.A.,0
2015,6,2015-06,PETROLERA EL TREBOL S.A.,10.7147333333333
2015,6,2015-06,PETROLERA ENTRE LOMAS S.A.,1363.98333333333
2015,6,2015-06,PETROLERA LF COMPANY S.R.L.,2560.85
2015,6,2015-06,PETROLERA PAMPA S.A. ,11.1537666666667
2015,6,2015-06,PETROLERA PATAGONIA S.R.L.,0
2015,6,2015-06,PETROLERA PIEDRA DEL AGUILA S.A.,0
2015,6,2015-06,PETROMINERA CHUBUT S.E.,7.27093333333333
2015,6,2015-06,PETROQUIMICA COMODORO RIVADAVIA S.A.,865.438333333333
2015,6,2015-06,PLUSPETROL ENERGY S.A.,2168.54266666667
2015,6,2015-06,PLUSPETROL S.A.,3094.92136666667
2015,6,2015-06,PRESIDENT PETROLEUM S.A.,7.8851
2015,6,2015-06,QUINTANA E&P ARGENTINA S.R.L.,2.8391
2015,6,2015-06,ROCH S.A.,1648.44796666667
2015,6,2015-06,SAN JORGE PETROLEUM S.A.,62.3921
2015,6,2015-06,"SINOPEC ARGENTINA EXPLORATION AND PRODUCTION, INC.",2153.99209133333
2015,6,2015-06,TECPETROL S.A.,3682.7897
2015,6,2015-06,TOTAL AUSTRAL S.A.,31097.6236333333
2015,6,2015-06,UNITEC ENERGY S.A.,3.56666666666667
2015,6,2015-06,WINTERSHALL ENERGIA S.A.,0
2015,6,2015-06,YPF S.A.,35778.6506666667
2015,6,2015-06,YSUR ENERGÍA ARGENTINA S.R.L.,3307.21333333333
2015,7,2015-07,AMERICAS PETROGAS ARGENTINA S.A.,72.3656129032258
2015,7,2015-07,APACHE PETROLERA ARGENTINA S.A.,111.077419354839
2015,7,2015-07,ARGENTA ENERGIA S.A.,0
2015,7,2015-07,CAPEX S.A.,1426.9964516129
2015,7,2015-07,CENTRAL INTERNATIONAL CORPORATION (SUCURSAL ARGENTINA),21.3190322580645
2015,7,2015-07,CHAÑARES ENERGIA S.A.,15.824935483871
2015,7,2015-07,CHEVRON ARGENTINA S.R.L.,645.076129032258
2015,7,2015-07,COLHUE HUAPI S.A.,12.4774193548387
2015,7,2015-07,COMPAÑÍA GENERAL DE COMBUSTIBLES S.A.,2540.63732258065
2015,7,2015-07,COMPAÑÍAS ASOCIADAS PETROLERAS S.A.,101.093225806452
2015,7,2015-07,COPESA CIA CONSTRUCTORA PETROLERA SA,0
2015,7,2015-07,"CRI HOLDING, INC.",0.0194998099677419
2015,7,2015-07,CROWN POINT ENERGIA S.A.,0
2015,7,2015-07,CROWN POINT OIL & GAS S.A.,0
2015,7,2015-07,DAPETROL S.A.,0
2015,7,2015-07,ENAP SIPETROL ARGENTINA S.A.,2274.31387096774
2015,7,2015-07,ENERGIAL S.A.,0
2015,7,2015-07,EXXONMOBIL EXPLORATION ARGENTINA S.R.L.,9.86516129032258
2015,7,2015-07,GAS Y PETROLEO DEL NEUQUEN S.A.,543.718064516129
2015,7,2015-07,GEOPARK ARGENTINA LTD. (SUCURSAL ARGENTINA),0
2015,7,2015-07,GRECOIL y CIA. S.R.L.,5.32225806451613
2015,7,2015-07,HIGH LUCK GROUP LTD. - SUCURSAL ARGENTINA,80.1258064516129
2015,7,2015-07,INGENIERIA ALPA S.A.,3.12129032258065
2015,7,2015-07,INGENIERIA SIMA S.A.,0
2015,7,2015-07,INTERENERGY ARGENTINA S.A.,0.0032258064516129
2015,7,2015-07,JHP INTERNATIONAL PETROLEUM ENGINEERING LTD,0
2015,7,2015-07,KILWER S.A.,0
2015,7,2015-07,MADALENA AUSTRAL S.A.,0
2015,7,2015-07,MADALENA ENERGY ARGENTINA SRL ,21.3408064516129
2015,7,2015-07,MADALENA PETROLEUM (AMERICAS) LTD. (SUCURSAL ARGENTINA),149.549225806452
2015,7,2015-07,MEDANITO S.A.,433.516129032258
2015,7,2015-07,NECON S.A.,0
2015,7,2015-07,O&G DEVELOPMENTS LTD S.A.,31.2935483870968
2015,7,2015-07,OIL M&S S.A.,0
2015,7,2015-07,OILSTONE ENERGIA S.A.,151.021290322581
2015,7,2015-07,PAN AMERICAN ENERGY (SUCURSAL ARGENTINA) LLC,15073.1551612903
2015,7,2015-07,PETRO AP S.A.,11.5248387096774
2015,7,2015-07,PETROBRAS ARGENTINA S.A.,6436.46419354839
2015,7,2015-07,PETROFARO S.A.,33.4548387096774
2015,7,2015-07,PETROLEOS SUDAMERICANOS S.A.,20.6754838709677
2015,7,2015-07,PETROLERA CERRO NEGRO S.A.,58.3802903225806
2015,7,2015-07,PETROLERA DEL COMAHUE S.A.,0
2015,7,2015-07,PETROLERA EL TREBOL S.A.,10.6273548387097
2015,7,2015-07,PETROLERA ENTRE LOMAS S.A.,1426.19677419355
2015,7,2015-07,PETROLERA LF COMPANY S.R.L.,2415.00967741935
2015,7,2015-07,PETROLERA PAMPA S.A. ,39.360064516129
2015,7,2015-07,PETROLERA PATAGONIA S.R.L.,0
2015,7,2015-07,PETROLERA PIEDRA DEL AGUILA S.A.,0
2015,7,2015-07,PETROMINERA CHUBUT S.E.,6.89706451612903
2015,7,2015-07,PETROQUIMICA COMODORO RIVADAVIA S.A.,861.121612903226
2015,7,2015-07,PLUSPETROL ENERGY S.A.,2140.94358064516
2015,7,2015-07,PLUSPETROL S.A.,3040.95874193484
2015,7,2015-07,PRESIDENT PETROLEUM S.A.,8.36890322580645
2015,7,2015-07,QUINTANA E&P ARGENTINA S.R.L.,2.77303225806452
2015,7,2015-07,ROCH S.A.,1694.41932258065
2015,7,2015-07,SAN JORGE PETROLEUM S.A.,64.1402580645161
2015,7,2015-07,"SINOPEC ARGENTINA EXPLORATION AND PRODUCTION, INC.",2133.39678774194
2015,7,2015-07,TECPETROL S.A.,3491.00332258065
2015,7,2015-07,TOTAL AUSTRAL S.A.,30605.8786129032
2015,7,2015-07,UNITEC ENERGY S.A.,3.67741935483871
2015,7,2015-07,WINTERSHALL ENERGIA S.A.,0
2015,7,2015-07,YPF S.A.,35904.4070967742
2015,7,2015-07,YSUR ENERGÍA ARGENTINA S.R.L.,3192.39677419355
2015,8,2015-08,AMERICAS PETROGAS ARGENTINA S.A.,75.8283548387097
2015,8,2015-08,APACHE PETROLERA ARGENTINA S.A.,125.632258064516
2015,8,2015-08,ARGENTA ENERGIA S.A.,0
2015,8,2015-08,CAPEX S.A.,1418.28741935484
2015,8,2015-08,CENTRAL INTERNATIONAL CORPORATION (SUCURSAL ARGENTINA),21.2435483870968
2015,8,2015-08,CHAÑARES ENERGIA S.A.,16.1169032258065
2015,8,2015-08,CHEVRON ARGENTINA S.R.L.,643.64
2015,8,2015-08,COLHUE HUAPI S.A.,12.258064516129
2015,8,2015-08,COMPAÑÍA GENERAL DE COMBUSTIBLES S.A.,2597.28451612903
2015,8,2015-08,COMPAÑÍAS ASOCIADAS PETROLERAS S.A.,88.9290322580645
2015,8,2015-08,COPESA CIA CONSTRUCTORA PETROLERA SA,0
2015,8,2015-08,"CRI HOLDING, INC.",0.0178520158064516
2015,8,2015-08,CROWN POINT ENERGIA S.A.,0
2015,8,2015-08,CROWN POINT OIL & GAS S.A.,0
2015,8,2015-08,DAPETROL S.A.,0
2015,8,2015-08,ENAP SIPETROL ARGENTINA S.A.,1788.55548387097
2015,8,2015-08,ENERGIAL S.A.,0
2015,8,2015-08,EXXONMOBIL EXPLORATION ARGENTINA S.R.L.,8.32161290322581
2015,8,2015-08,GAS Y PETROLEO DEL NEUQUEN S.A.,731.309161290323
2015,8,2015-08,GEOPARK ARGENTINA LTD. (SUCURSAL ARGENTINA),0
2015,8,2015-08,GRECOIL y CIA. S.R.L.,4.55612903225806
2015,8,2015-08,HIGH LUCK GROUP LTD. - SUCURSAL ARGENTINA,121.748387096774
2015,8,2015-08,INGENIERIA ALPA S.A.,3.24
2015,8,2015-08,INGENIERIA SIMA S.A.,0
2015,8,2015-08,INTERENERGY ARGENTINA S.A.,0.0032258064516129
2015,8,2015-08,JHP INTERNATIONAL PETROLEUM ENGINEERING LTD,0
2015,8,2015-08,KILWER S.A.,0
2015,8,2015-08,MADALENA AUSTRAL S.A.,0
2015,8,2015-08,MADALENA ENERGY ARGENTINA SRL ,21.2371935483871
2015,8,2015-08,MADALENA PETROLEUM (AMERICAS) LTD. (SUCURSAL ARGENTINA),143.504064516129
2015,8,2015-08,MEDANITO S.A.,477.143548387097
2015,8,2015-08,NECON S.A.,0
2015,8,2015-08,O&G DEVELOPMENTS LTD S.A.,35.4129032258065
2015,8,2015-08,OIL M&S S.A.,0
2015,8,2015-08,OILSTONE ENERGIA S.A.,154.444838709677
2015,8,2015-08,PAN AMERICAN ENERGY (SUCURSAL ARGENTINA) LLC,15602.7998709677
2015,8,2015-08,PETRO AP S.A.,11.2035483870968
2015,8,2015-08,PETROBRAS ARGENTINA S.A.,6570.25290322581
2015,8,2015-08,PETROFARO S.A.,30.2324193548387
2015,8,2015-08,PETROLEOS SUDAMERICANOS S.A.,20.5929032258065
2015,8,2015-08,PETROLERA CERRO NEGRO S.A.,56.5654193548387
2015,8,2015-08,PETROLERA DEL COMAHUE S.A.,0
2015,8,2015-08,PETROLERA EL TREBOL S.A.,10.9911935483871
2015,8,2015-08,PETROLERA ENTRE LOMAS S.A.,1424.40064516129
2015,8,2015-08,PETROLERA LF COMPANY S.R.L.,2360.82580645161
2015,8,2015-08,PETROLERA PAMPA S.A. ,37.3634516129032
2015,8,2015-08,PETROLERA PATAGONIA S.R.L.,0
2015,8,2015-08,PETROLERA PIEDRA DEL AGUILA S.A.,0
2015,8,2015-08,PETROMINERA CHUBUT S.E.,6.53396774193548
2015,8,2015-08,PETROQUIMICA COMODORO RIVADAVIA S.A.,867.685161290323
2015,8,2015-08,PLUSPETROL ENERGY S.A.,2107.13019354839
2015,8,2015-08,PLUSPETROL S.A.,3160.25532258032
2015,8,2015-08,PRESIDENT PETROLEUM S.A.,7.38593548387097
2015,8,2015-08,QUINTANA E&P ARGENTINA S.R.L.,2.77341935483871
2015,8,2015-08,ROCH S.A.,1688.23032258065
2015,8,2015-08,SAN JORGE PETROLEUM S.A.,60.605935483871
2015,8,2015-08,"SINOPEC ARGENTINA EXPLORATION AND PRODUCTION, INC.",2213.93779548387
2015,8,2015-08,TECPETROL S.A.,3657.07770967742
2015,8,2015-08,TOTAL AUSTRAL S.A.,32389.8735483871
2015,8,2015-08,UNITEC ENERGY S.A.,3.7741935483871
2015,8,2015-08,WINTERSHALL ENERGIA S.A.,0
2015,8,2015-08,YPF S.A.,35867.1264516129
2015,8,2015-08,YSUR ENERGÍA ARGENTINA S.R.L.,3216.00967741935
2015,9,2015-09,AMERICAS PETROGAS ARGENTINA S.A.,75.3317333333333
2015,9,2015-09,APACHE PETROLERA ARGENTINA S.A.,131.497
2015,9,2015-09,ARGENTA ENERGIA S.A.,0
2015,9,2015-09,CAPEX S.A.,1407.30533333333
2015,9,2015-09,CENTRAL INTERNATIONAL CORPORATION (SUCURSAL ARGENTINA),22.22
2015,9,2015-09,CHAÑARES ENERGIA S.A.,15.9297333333333
2015,9,2015-09,CHEVRON ARGENTINA S.R.L.,638.980666666667
2015,9,2015-09,COLHUE HUAPI S.A.,12.2233333333333
2015,9,2015-09,COMPAÑÍA GENERAL DE COMBUSTIBLES S.A.,2645.39780793333
2015,9,2015-09,COMPAÑÍAS ASOCIADAS PETROLERAS S.A.,101.932
2015,9,2015-09,COPESA CIA CONSTRUCTORA PETROLERA SA,0
2015,9,2015-09,"CRI HOLDING, INC.",0.0227755596
2015,9,2015-09,CROWN POINT ENERGIA S.A.,0
2015,9,2015-09,CROWN POINT OIL & GAS S.A.,0
2015,9,2015-09,DAPETROL S.A.,0
2015,9,2015-09,ENAP SIPETROL ARGENTINA S.A.,1302.56666666667
2015,9,2015-09,ENERGIAL S.A.,0
2015,9,2015-09,EXXONMOBIL EXPLORATION ARGENTINA S.R.L.,7.65433333333333
2015,9,2015-09,GAS Y PETROLEO DEL NEUQUEN S.A.,710.051333333333
2015,9,2015-09,GEOPARK ARGENTINA LTD. (SUCURSAL ARGENTINA),0
2015,9,2015-09,GRECOIL y CIA. S.R.L.,6.26166666666667
2015,9,2015-09,HIGH LUCK GROUP LTD. - SUCURSAL ARGENTINA,113.87
2015,9,2015-09,INGENIERIA ALPA S.A.,3.41533333333333
2015,9,2015-09,INGENIERIA SIMA S.A.,0
2015,9,2015-09,INTERENERGY ARGENTINA S.A.,0.00333333333333333
2015,9,2015-09,JHP INTERNATIONAL PETROLEUM ENGINEERING LTD,0
2015,9,2015-09,KILWER S.A.,0
2015,9,2015-09,MADALENA AUSTRAL S.A.,0
2015,9,2015-09,MADALENA ENERGY ARGENTINA SRL ,18.5823333333333
2015,9,2015-09,MADALENA PETROLEUM (AMERICAS) LTD. (SUCURSAL ARGENTINA),128.264633333333
2015,9,2015-09,MEDANITO S.A.,440.933333333333
2015,9,2015-09,NECON S.A.,0
2015,9,2015-09,O&G DEVELOPMENTS LTD S.A.,28.8133333333333
2015,9,2015-09,OIL M&S S.A.,0
2015,9,2015-09,OILSTONE ENERGIA S.A.,155.332333333333
2015,9,2015-09,PAN AMERICAN ENERGY (SUCURSAL ARGENTINA) LLC,15735.3906666667
2015,9,2015-09,PETRO AP S.A.,10.7686666666667
2015,9,2015-09,PETROBRAS ARGENTINA S.A.,6628.247
2015,9,2015-09,PETROFARO S.A.,15.3623
2015,9,2015-09,PETROLEOS SUDAMERICANOS S.A.,20.0286666666667
2015,9,2015-09,PETROLERA CERRO NEGRO S.A.,55.2573333333333
2015,9,2015-09,PETROLERA DEL COMAHUE S.A.,0
2015,9,2015-09,PETROLERA EL TREBOL S.A.,10.7125
2015,9,2015-09,PETROLERA ENTRE LOMAS S.A.,1413.17
2015,9,2015-09,PETROLERA LF COMPANY S.R.L.,2315.36966666667
2015,9,2015-09,PETROLERA PAMPA S.A. ,37.8704333333333
2015,9,2015-09,PETROLERA PATAGONIA S.R.L.,0
2015,9,2015-09,PETROLERA PIEDRA DEL AGUILA S.A.,0
2015,9,2015-09,PETROMINERA CHUBUT S.E.,8.34693333333333
2015,9,2015-09,PETROQUIMICA COMODORO RIVADAVIA S.A.,873.327666666667
2015,9,2015-09,PLUSPETROL ENERGY S.A.,2015.3162
2015,9,2015-09,PLUSPETROL S.A.,3250.539866667
2015,9,2015-09,PRESIDENT PETROLEUM S.A.,7.11183333333333
2015,9,2015-09,QUINTANA E&P ARGENTINA S.R.L.,2.3384
2015,9,2015-09,ROCH S.A.,1640.08163015907
2015,9,2015-09,SAN JORGE PETROLEUM S.A.,55.3575666666667
2015,9,2015-09,"SINOPEC ARGENTINA EXPLORATION AND PRODUCTION, INC.",2187.47646733333
2015,9,2015-09,TECPETROL S.A.,3606.02266666667
2015,9,2015-09,TOTAL AUSTRAL S.A.,30768.0213333333
2015,9,2015-09,UNITEC ENERGY S.A.,4
2015,9,2015-09,WINTERSHALL ENERGIA S.A.,0
2015,9,2015-09,YPF S.A.,35931.205
2015,9,2015-09,YSUR ENERGÍA ARGENTINA S.R.L.,3287.76866666667
2015,9,2015-09,YSUR PETROLERA ARGENTINA S.A.,131.497
2015,10,2015-10,AMERICAS PETROGAS ARGENTINA S.A.,70.2442903225806
2015,10,2015-10,ARGENTA ENERGIA S.A.,0
2015,10,2015-10,CAPEX S.A.,1412.91322580645
2015,10,2015-10,CENTRAL INTERNATIONAL CORPORATION (SUCURSAL ARGENTINA),25.6787096774194
2015,10,2015-10,CHAÑARES ENERGIA S.A.,17.5636774193548
2015,10,2015-10,CHEVRON ARGENTINA S.R.L.,654.910322580645
2015,10,2015-10,COLHUE HUAPI S.A.,12.2290322580645
2015,10,2015-10,COMPAÑÍA GENERAL DE COMBUSTIBLES S.A.,2649.34195906452
2015,10,2015-10,COMPAÑÍAS ASOCIADAS PETROLERAS S.A.,104.444838709677
2015,10,2015-10,COPESA CIA CONSTRUCTORA PETROLERA SA,0
2015,10,2015-10,"CRI HOLDING, INC.",0.0228266693548387
2015,10,2015-10,CROWN POINT ENERGIA S.A.,0
2015,10,2015-10,CROWN POINT OIL & GAS S.A.,0
2015,10,2015-10,DAPETROL S.A.,0
2015,10,2015-10,ENAP SIPETROL ARGENTINA S.A.,2431.82419354839
2015,10,2015-10,ENERGIAL S.A.,0
2015,10,2015-10,EXXONMOBIL EXPLORATION ARGENTINA S.R.L.,7.01774193548387
2015,10,2015-10,GAS Y PETROLEO DEL NEUQUEN S.A.,303.599515903226
2015,10,2015-10,GEOPARK ARGENTINA LTD. (SUCURSAL ARGENTINA),0
2015,10,2015-10,GRECOIL y CIA. S.R.L.,4.94516129032258
2015,10,2015-10,HIGH LUCK GROUP LTD. - SUCURSAL ARGENTINA,113.274193548387
2015,10,2015-10,INGENIERIA ALPA S.A.,3.21193548387097
2015,10,2015-10,INGENIERIA SIMA S.A.,0
2015,10,2015-10,INTERENERGY ARGENTINA S.A.,0.0032258064516129
2015,10,2015-10,JHP INTERNATIONAL PETROLEUM ENGINEERING LTD,0
2015,10,2015-10,KILWER S.A.,0
2015,10,2015-10,MADALENA AUSTRAL S.A.,0
2015,10,2015-10,MADALENA ENERGY ARGENTINA SRL ,18.9862580645161
2015,10,2015-10,MADALENA PETROLEUM (AMERICAS) LTD. (SUCURSAL ARGENTINA),124.019225806452
2015,10,2015-10,MEDANITO S.A.,412.193548387097
2015,10,2015-10,NECON S.A.,0
2015,10,2015-10,O&G DEVELOPMENTS LTD S.A.,15.1806451612903
2015,10,2015-10,OIL M&S S.A.,0
2015,10,2015-10,OILSTONE ENERGIA S.A.,571.172580645161
2015,10,2015-10,PAN AMERICAN ENERGY (SUCURSAL ARGENTINA) LLC,15632.1070967742
2015,10,2015-10,PETRO AP S.A.,11.0122580645161
2015,10,2015-10,PETROBRAS ARGENTINA S.A.,7166.35196774194
2015,10,2015-10,PETROFARO S.A.,41.7374193548387
2015,10,2015-10,PETROLEOS SUDAMERICANOS S.A.,20.3958064516129
2015,10,2015-10,PETROLERA CERRO NEGRO S.A.,55.2802580645161
2015,10,2015-10,PETROLERA DEL COMAHUE S.A.,0
2015,10,2015-10,PETROLERA EL TREBOL S.A.,10.7205483870968
2015,10,2015-10,PETROLERA ENTRE LOMAS S.A.,1422.90967741935
2015,10,2015-10,PETROLERA LF COMPANY S.R.L.,2326.33096774194
2015,10,2015-10,PETROLERA PAMPA S.A. ,36.663
2015,10,2015-10,PETROLERA PATAGONIA S.R.L.,0
2015,10,2015-10,PETROLERA PIEDRA DEL AGUILA S.A.,0
2015,10,2015-10,PETROMINERA CHUBUT S.E.,7.89338709677419
2015,10,2015-10,PETROQUIMICA COMODORO RIVADAVIA S.A.,809.642258064516
2015,10,2015-10,PLUSPETROL ENERGY S.A.,1992.52164516129
2015,10,2015-10,PLUSPETROL S.A.,3275.00738709742
2015,10,2015-10,PRESIDENT PETROLEUM S.A.,7.10351612903226
2015,10,2015-10,QUINTANA E&P ARGENTINA S.R.L.,2.18570967741935
2015,10,2015-10,ROCH S.A.,1607.76654536019
2015,10,2015-10,SAN JORGE PETROLEUM S.A.,46.2278709677419
2015,10,2015-10,"SINOPEC ARGENTINA EXPLORATION AND PRODUCTION, INC.",2165.60740387097
2015,10,2015-10,TECPETROL S.A.,3736.41693548387
2015,10,2015-10,TOTAL AUSTRAL S.A.,30953.1422258065
2015,10,2015-10,UNITEC ENERGY S.A.,4
2015,10,2015-10,WINTERSHALL ENERGIA S.A.,3.24806451612903
2015,10,2015-10,YPF S.A.,36132.9019354839
2015,10,2015-10,YSUR ENERGÍA ARGENTINA S.R.L.,3011.82290322581
2015,10,2015-10,YSUR PETROLERA ARGENTINA S.A.,135.596129032258
2015,11,2015-11,AMERICAS PETROGAS ARGENTINA S.A.,63.3458333333333
2015,11,2015-11,ARGENTA ENERGIA S.A.,0
2015,11,2015-11,CAPEX S.A.,1397.45733333333
2015,11,2015-11,CENTRAL INTERNATIONAL CORPORATION (SUCURSAL ARGENTINA),25.925
2015,11,2015-11,CHAÑARES ENERGIA S.A.,17.2054333333333
2015,11,2015-11,CHEVRON ARGENTINA S.R.L.,652.318
2015,11,2015-11,COLHUE HUAPI S.A.,11.6233333333333
2015,11,2015-11,COMPAÑÍA GENERAL DE COMBUSTIBLES S.A.,2802.4078896
2015,11,2015-11,COMPAÑÍAS ASOCIADAS PETROLERAS S.A.,99.1623333333333
2015,11,2015-11,COPESA CIA CONSTRUCTORA PETROLERA SA,0
2015,11,2015-11,"CRI HOLDING, INC.",0.0226244401333333
2015,11,2015-11,CROWN POINT ENERGIA S.A.,0
2015,11,2015-11,CROWN POINT OIL & GAS S.A.,0
2015,11,2015-11,DAPETROL S.A.,0
2015,11,2015-11,ENAP SIPETROL ARGENTINA S.A.,1781.05133333333
2015,11,2015-11,ENERGIAL S.A.,0
2015,11,2015-11,EXXONMOBIL EXPLORATION ARGENTINA S.R.L.,4.871
2015,11,2015-11,GAS Y PETROLEO DEL NEUQUEN S.A.,84.3606666666667
2015,11,2015-11,GEOPARK ARGENTINA LTD. (SUCURSAL ARGENTINA),0
2015,11,2015-11,GRECOIL y CIA. S.R.L.,3.59666666666667
2015,11,2015-11,HIGH LUCK GROUP LTD. - SUCURSAL ARGENTINA,111.583333333333
2015,11,2015-11,INGENIERIA ALPA S.A.,3.27333333333333
2015,11,2015-11,INGENIERIA SIMA S.A.,0
2015,11,2015-11,INTERENERGY ARGENTINA S.A.,0.00333333333333333
2015,11,2015-11,JHP INTERNATIONAL PETROLEUM ENGINEERING LTD,0
2015,11,2015-11,KILWER S.A.,0
2015,11,2015-11,MADALENA AUSTRAL S.A.,0
2015,11,2015-11,MADALENA ENERGY ARGENTINA SRL ,23.5386333333333
2015,11,2015-11,MADALENA PETROLEUM (AMERICAS) LTD. (SUCURSAL ARGENTINA),118.9784
2015,11,2015-11,MEDANITO S.A.,390.1
2015,11,2015-11,NECON S.A.,0
2015,11,2015-11,O&G DEVELOPMENTS LTD S.A.,13.66
2015,11,2015-11,OIL M&S S.A.,0
2015,11,2015-11,OILSTONE ENERGIA S.A.,579.373
2015,11,2015-11,PAN AMERICAN ENERGY (SUCURSAL ARGENTINA) LLC,15518.6846666667
2015,11,2015-11,PETRO AP S.A.,11.411
2015,11,2015-11,PETROBRAS ARGENTINA S.A.,7103.32626666667
2015,11,2015-11,PETROFARO S.A.,46.5254666666667
2015,11,2015-11,PETROLEOS SUDAMERICANOS S.A.,20.131
2015,11,2015-11,PETROLERA CERRO NEGRO S.A.,54.3737666666667
2015,11,2015-11,PETROLERA DEL COMAHUE S.A.,0
2015,11,2015-11,PETROLERA EL TREBOL S.A.,11.1953
2015,11,2015-11,PETROLERA ENTRE LOMAS S.A.,1425.68666666667
2015,11,2015-11,PETROLERA LF COMPANY S.R.L.,2287.34666666667
2015,11,2015-11,PETROLERA PAMPA S.A. ,28.4864333333333
2015,11,2015-11,PETROLERA PATAGONIA S.R.L.,0
2015,11,2015-11,PETROLERA PIEDRA DEL AGUILA S.A.,0
2015,11,2015-11,PETROMINERA CHUBUT S.E.,7.96066666666667
2015,11,2015-11,PETROQUIMICA COMODORO RIVADAVIA S.A.,810.463
2015,11,2015-11,PLUSPETROL ENERGY S.A.,2014.26523333333
2015,11,2015-11,PLUSPETROL S.A.,3149.7231
2015,11,2015-11,PRESIDENT PETROLEUM S.A.,6.09103333333333
2015,11,2015-11,QUINTANA E&P ARGENTINA S.R.L.,2.42183333333333
2015,11,2015-11,ROCH S.A.,1592.18922493653
2015,11,2015-11,SAN JORGE PETROLEUM S.A.,36.5612333333333
2015,11,2015-11,"SINOPEC ARGENTINA EXPLORATION AND PRODUCTION, INC.",2221.63035633333
2015,11,2015-11,TECPETROL S.A.,3646.68196666667
2015,11,2015-11,TOTAL AUSTRAL S.A.,30910.2427333333
2015,11,2015-11,UNITEC ENERGY S.A.,3.86666666666667
2015,11,2015-11,WINTERSHALL ENERGIA S.A.,1.1234
2015,11,2015-11,YPF S.A.,36186.2546666667
2015,11,2015-11,YSUR ENERGÍA ARGENTINA S.R.L.,3136.78166666667
2015,11,2015-11,YSUR PETROLERA ARGENTINA S.A.,146.294
2015,12,2015-12,AMERICAS PETROGAS ARGENTINA S.A.,47.785935483871
2015,12,2015-12,ARGENTA ENERGIA S.A.,0
2015,12,2015-12,CAPEX S.A.,1446.33935483871
2015,12,2015-12,CENTRAL INTERNATIONAL CORPORATION (SUCURSAL ARGENTINA),23.0303225806452
2015,12,2015-12,CHAÑARES ENERGIA S.A.,16.9614838709677
2015,12,2015-12,CHEVRON ARGENTINA S.R.L.,673.216774193548
2015,12,2015-12,COLHUE HUAPI S.A.,11.541935483871
2015,12,2015-12,COMPAÑÍA GENERAL DE COMBUSTIBLES S.A.,2809.12786454839
2015,12,2015-12,COMPAÑÍAS ASOCIADAS PETROLERAS S.A.,101.75935483871
2015,12,2015-12,COPESA CIA CONSTRUCTORA PETROLERA SA,0
2015,12,2015-12,"CRI HOLDING, INC.",0.0204778827096774
2015,12,2015-12,CROWN POINT ENERGIA S.A.,0
2015,12,2015-12,CROWN POINT OIL & GAS S.A.,0
2015,12,2015-12,DAPETROL S.A.,0
2015,12,2015-12,ENAP SIPETROL ARGENTINA S.A.,2222.72483870968
2015,12,2015-12,ENERGIAL S.A.,0
2015,12,2015-12,EXXONMOBIL EXPLORATION ARGENTINA S.R.L.,0
2015,12,2015-12,GAS Y PETROLEO DEL NEUQUEN S.A.,189.723870967742
2015,12,2015-12,GEOPARK ARGENTINA LTD. (SUCURSAL ARGENTINA),0
2015,12,2015-12,GRECOIL y CIA. S.R.L.,4.51064516129032
2015,12,2015-12,HIGH LUCK GROUP LTD. - SUCURSAL ARGENTINA,84.8967741935484
2015,12,2015-12,INGENIERIA ALPA S.A.,2.29967741935484
2015,12,2015-12,INGENIERIA SIMA S.A.,0
2015,12,2015-12,INTERENERGY ARGENTINA S.A.,0.0032258064516129
2015,12,2015-12,JHP INTERNATIONAL PETROLEUM ENGINEERING LTD,0
2015,12,2015-12,KILWER S.A.,0
2015,12,2015-12,MADALENA AUSTRAL S.A.,0
2015,12,2015-12,MADALENA ENERGY ARGENTINA SRL ,22.9234516129032
2015,12,2015-12,MADALENA PETROLEUM (AMERICAS) LTD. (SUCURSAL ARGENTINA),119.593
2015,12,2015-12,MEDANITO S.A.,380.935483870968
2015,12,2015-12,O&G DEVELOPMENTS LTD S.A.,14.7674193548387
2015,12,2015-12,OIL M&S S.A.,0
2015,12,2015-12,OILSTONE ENERGIA S.A.,591.510967741935
2015,12,2015-12,PAN AMERICAN ENERGY (SUCURSAL ARGENTINA) LLC,15845.7832258065
2015,12,2015-12,PETRO AP S.A.,11.1274193548387
2015,12,2015-12,PETROBRAS ARGENTINA S.A.,7323.87648387097
2015,12,2015-12,PETROFARO S.A.,46.9156774193548
2015,12,2015-12,PETROLEOS SUDAMERICANOS S.A.,20.1322580645161
2015,12,2015-12,PETROLERA CERRO NEGRO S.A.,52.6545483870968
2015,12,2015-12,PETROLERA DEL COMAHUE S.A.,0
2015,12,2015-12,PETROLERA EL TREBOL S.A.,11.1546129032258
2015,12,2015-12,PETROLERA ENTRE LOMAS S.A.,1402.56129032258
2015,12,2015-12,PETROLERA LF COMPANY S.R.L.,2290.55741935484
2015,12,2015-12,PETROLERA PAMPA S.A. ,22.2207741935484
2015,12,2015-12,PETROLERA PATAGONIA S.R.L.,0
2015,12,2015-12,PETROLERA PIEDRA DEL AGUILA S.A.,0
2015,12,2015-12,PETROMINERA CHUBUT S.E.,2.04532258064516
2015,12,2015-12,PETROQUIMICA COMODORO RIVADAVIA S.A.,770.463548387097
2015,12,2015-12,PLUSPETROL ENERGY S.A.,1987.59880645161
2015,12,2015-12,PLUSPETROL S.A.,3091.65303225774
2015,12,2015-12,PRESIDENT PETROLEUM S.A.,7.08441935483871
2015,12,2015-12,QUINTANA E&P ARGENTINA S.R.L.,2.48041935483871
2015,12,2015-12,ROCH S.A.,1609.868643492
2015,12,2015-12,SAN JORGE PETROLEUM S.A.,43.9095161290323
2015,12,2015-12,"SINOPEC ARGENTINA EXPLORATION AND PRODUCTION, INC.",2139.35725516129
2015,12,2015-12,TECPETROL S.A.,3727.41964516129
2015,12,2015-12,TOTAL AUSTRAL S.A.,26615.0830322581
2015,12,2015-12,UNITEC ENERGY S.A.,4
2015,12,2015-12,WINTERSHALL ENERGIA S.A.,1.40251612903226
2015,12,2015-12,YPF S.A.,36473.0280645161
2015,12,2015-12,YSUR ENERGÍA ARGENTINA S.R.L.,3301.06870967742
2015,12,2015-12,YSUR PETROLERA ARGENTINA S.A.,151.116774193548
2016,1,2016-01,AMERICAS PETROGAS ARGENTINA S.A.,39.4771290322581
2016,1,2016-01,ARGENTA ENERGIA S.A.,0
2016,1,2016-01,CAPEX S.A.,1442.52322580645
2016,1,2016-01,CENTRAL INTERNATIONAL CORPORATION (SUCURSAL ARGENTINA),23.4464516129032
2016,1,2016-01,CHAÑARES ENERGIA S.A.,17.7274838709677
2016,1,2016-01,CHEVRON ARGENTINA S.R.L.,645.573225806452
2016,1,2016-01,COLHUE HUAPI S.A.,11.5387096774194
2016,1,2016-01,COMPAÑÍA GENERAL DE COMBUSTIBLES S.A.,2769.21526080645
2016,1,2016-01,COMPAÑÍAS ASOCIADAS PETROLERAS S.A.,110.022580645161
2016,1,2016-01,COPESA CIA CONSTRUCTORA PETROLERA SA,0
2016,1,2016-01,"CRI HOLDING, INC.",0.0242678639677419
2016,1,2016-01,CROWN POINT ENERGIA S.A.,0
2016,1,2016-01,CROWN POINT OIL & GAS S.A.,0
2016,1,2016-01,DAPETROL S.A.,0
2016,1,2016-01,ENAP SIPETROL ARGENTINA S.A.,2315.47548387097
2016,1,2016-01,ENERGIAL S.A.,0
2016,1,2016-01,ENERGICON S.A.,0
2016,1,2016-01,EXXONMOBIL EXPLORATION ARGENTINA S.R.L.,0
2016,1,2016-01,GAS Y PETROLEO DEL NEUQUEN S.A.,98.7735161290322
2016,1,2016-01,GEOPARK ARGENTINA LTD. (SUCURSAL ARGENTINA),0.19
2016,1,2016-01,GRECOIL y CIA. S.R.L.,8.57161290322581
2016,1,2016-01,HIGH LUCK GROUP LTD. - SUCURSAL ARGENTINA,87.9516129032258
2016,1,2016-01,INGENIERIA ALPA S.A.,3.19451612903226
2016,1,2016-01,INGENIERIA SIMA S.A.,0
2016,1,2016-01,INTERENERGY ARGENTINA S.A.,0.0032258064516129
2016,1,2016-01,JHP INTERNATIONAL PETROLEUM ENGINEERING LTD,0
2016,1,2016-01,KILWER S.A.,0
2016,1,2016-01,MADALENA AUSTRAL S.A.,0
2016,1,2016-01,MADALENA ENERGY ARGENTINA SRL ,19.9227419354839
2016,1,2016-01,MADALENA PETROLEUM (AMERICAS) LTD. (SUCURSAL ARGENTINA),116.832451612903
2016,1,2016-01,MEDANITO S.A.,370.080258064516
2016,1,2016-01,O&G DEVELOPMENTS LTD S.A.,14.5716129032258
2016,1,2016-01,OIL M&S S.A.,0
2016,1,2016-01,OILSTONE ENERGIA S.A.,585.098709677419
2016,1,2016-01,PAN AMERICAN ENERGY (SUCURSAL ARGENTINA) LLC,15568.3067741935
2016,1,2016-01,PETRO AP S.A.,10.2867741935484
2016,1,2016-01,PETROBRAS ARGENTINA S.A.,7354.71777419355
2016,1,2016-01,PETROFARO S.A.,46.7554193548387
2016,1,2016-01,PETROLEOS SUDAMERICANOS S.A.,18.9196774193548
2016,1,2016-01,PETROLERA CERRO NEGRO S.A.,52.3709677419355
2016,1,2016-01,PETROLERA DEL COMAHUE S.A.,0
2016,1,2016-01,PETROLERA EL TREBOL S.A.,11.2494193548387
2016,1,2016-01,PETROLERA ENTRE LOMAS S.A.,1391.70322580645
2016,1,2016-01,PETROLERA LF COMPANY S.R.L.,2212.45774193548
2016,1,2016-01,PETROLERA PAMPA S.A. ,17.9462903225806
2016,1,2016-01,PETROLERA PATAGONIA S.R.L.,0
2016,1,2016-01,PETROLERA PIEDRA DEL AGUILA S.A.,0
2016,1,2016-01,PETROMINERA CHUBUT S.E.,6.55606451612903
2016,1,2016-01,PETROQUIMICA COMODORO RIVADAVIA S.A.,782.203612903226
2016,1,2016-01,PLUSPETROL ENERGY S.A.,1954.64912903226
2016,1,2016-01,PLUSPETROL S.A.,3100.51535483839
2016,1,2016-01,PRESIDENT PETROLEUM S.A.,6.67354838709677
2016,1,2016-01,QUINTANA E&P ARGENTINA S.R.L.,2.45954838709677
2016,1,2016-01,ROCH S.A.,1617.08538234603
2016,1,2016-01,SAN JORGE PETROLEUM S.A.,36.581
2016,1,2016-01,"SINOPEC ARGENTINA EXPLORATION AND PRODUCTION, INC.",2166.86614365774
2016,1,2016-01,TECPETROL S.A.,3609.02064516129
2016,1,2016-01,TOTAL AUSTRAL S.A.,30938.108483871
2016,1,2016-01,UNITEC ENERGY S.A.,4
2016,1,2016-01,WINTERSHALL ENERGIA S.A.,5.67677419354839
2016,1,2016-01,YPF S.A.,36702.5370967742
2016,1,2016-01,YSUR ENERGÍA ARGENTINA S.R.L.,3300.09548387097
2016,1,2016-01,YSUR PETROLERA ARGENTINA S.A.,124.996774193548
2016,2,2016-02,AMERICAS PETROGAS ARGENTINA S.A.,41.8324482758621
2016,2,2016-02,ARGENTA ENERGIA S.A.,0
2016,2,2016-02,CAPEX S.A.,1448.25
2016,2,2016-02,CENTRAL INTERNATIONAL CORPORATION (SUCURSAL ARGENTINA),23.8875862068966
2016,2,2016-02,CHAÑARES ENERGIA S.A.,17.3764137931034
2016,2,2016-02,CHEVRON ARGENTINA S.R.L.,658.541379310345
2016,2,2016-02,COLHUE HUAPI S.A.,11.3551724137931
2016,2,2016-02,COMPAÑÍA GENERAL DE COMBUSTIBLES S.A.,2945.8904002069
2016,2,2016-02,COMPAÑÍAS ASOCIADAS PETROLERAS S.A.,108.374827586207
2016,2,2016-02,COPESA CIA CONSTRUCTORA PETROLERA SA,0
2016,2,2016-02,"CRI HOLDING, INC.",0.0256669365517241
2016,2,2016-02,CROWN POINT ENERGIA S.A.,0
2016,2,2016-02,CROWN POINT OIL & GAS S.A.,0
2016,2,2016-02,DAPETROL S.A.,0
2016,2,2016-02,ENAP SIPETROL ARGENTINA S.A.,2120.14965517241
2016,2,2016-02,ENERGIAL S.A.,0
2016,2,2016-02,ENERGICON S.A.,0
2016,2,2016-02,EXXONMOBIL EXPLORATION ARGENTINA S.R.L.,0
2016,2,2016-02,GAS Y PETROLEO DEL NEUQUEN S.A.,0
2016,2,2016-02,GEOPARK ARGENTINA LTD. (SUCURSAL ARGENTINA),3.82689655172414
2016,2,2016-02,GRECOIL y CIA. S.R.L.,9.26172413793103
2016,2,2016-02,HIGH LUCK GROUP LTD. - SUCURSAL ARGENTINA,78.5931034482759
2016,2,2016-02,INGENIERIA ALPA S.A.,3.03344827586207
2016,2,2016-02,INGENIERIA SIMA S.A.,0
2016,2,2016-02,INTERENERGY ARGENTINA S.A.,0.00344827586206897
2016,2,2016-02,JHP INTERNATIONAL PETROLEUM ENGINEERING LTD,0
2016,2,2016-02,KILWER S.A.,0
2016,2,2016-02,MADALENA AUSTRAL S.A.,3.72406896551724
2016,2,2016-02,MADALENA ENERGY ARGENTINA SRL ,20.9063103448276
2016,2,2016-02,MADALENA PETROLEUM (AMERICAS) LTD. (SUCURSAL ARGENTINA),110.218448275862
2016,2,2016-02,MEDANITO S.A.,371.472379310345
2016,2,2016-02,O&G DEVELOPMENTS LTD S.A.,17.0451724137931
2016,2,2016-02,OIL M&S S.A.,0
2016,2,2016-02,OILSTONE ENERGIA S.A.,572.425517241379
2016,2,2016-02,PAN AMERICAN ENERGY (SUCURSAL ARGENTINA) LLC,15734.4875862069
2016,2,2016-02,PETRO AP S.A.,9.58431034482759
2016,2,2016-02,PETROBRAS ARGENTINA S.A.,7513.50517241379
2016,2,2016-02,PETROFARO S.A.,46.3927586206897
2016,2,2016-02,PETROLEOS SUDAMERICANOS S.A.,19.86
2016,2,2016-02,PETROLERA CERRO NEGRO S.A.,51.0821724137931
2016,2,2016-02,PETROLERA DEL COMAHUE S.A.,0
2016,2,2016-02,PETROLERA EL TREBOL S.A.,11.3339310344828
2016,2,2016-02,PETROLERA ENTRE LOMAS S.A.,1386.95862068966
2016,2,2016-02,PETROLERA LF COMPANY S.R.L.,2082.36413793103
2016,2,2016-02,PETROLERA PAMPA S.A. ,17.8762068965517
2016,2,2016-02,PETROLERA PATAGONIA S.R.L.,0
2016,2,2016-02,PETROLERA PIEDRA DEL AGUILA S.A.,0
2016,2,2016-02,PETROMINERA CHUBUT S.E.,5.21951724137931
2016,2,2016-02,PETROQUIMICA COMODORO RIVADAVIA S.A.,849.12724137931
2016,2,2016-02,PLUSPETROL ENERGY S.A.,1924.41855172414
2016,2,2016-02,PLUSPETROL S.A.,3183.25362068966
2016,2,2016-02,PRESIDENT PETROLEUM S.A.,6.66265517241379
2016,2,2016-02,QUINTANA E&P ARGENTINA S.R.L.,2.35837931034483
2016,2,2016-02,ROCH S.A.,1601.26497652052
2016,2,2016-02,SAN JORGE PETROLEUM S.A.,28.1717586206897
2016,2,2016-02,"SINOPEC ARGENTINA EXPLORATION AND PRODUCTION, INC.",2060.33652413793
2016,2,2016-02,TECPETROL S.A.,3485.9274137931
2016,2,2016-02,TOTAL AUSTRAL S.A.,31375.6913793103
2016,2,2016-02,UNITEC ENERGY S.A.,3.89655172413793
2016,2,2016-02,WINTERSHALL ENERGIA S.A.,3.01758620689655
2016,2,2016-02,YPF S.A.,36773.8162068965
2016,2,2016-02,YSUR ENERGÍA ARGENTINA S.R.L.,3231.91379310345
2016,2,2016-02,YSUR PETROLERA ARGENTINA S.A.,145.845862068966
2016,3,2016-03,AMERICAS PETROGAS ARGENTINA S.A.,39.5816774193548
2016,3,2016-03,ARGENTA ENERGIA S.A.,0
2016,3,2016-03,CAPEX S.A.,1436.17870967742
2016,3,2016-03,CENTRAL INTERNATIONAL CORPORATION (SUCURSAL ARGENTINA),22.3790322580645
2016,3,2016-03,CHAÑARES ENERGIA S.A.,17.2342258064516
2016,3,2016-03,CHEVRON ARGENTINA S.R.L.,652.344193548387
2016,3,2016-03,COLHUE HUAPI S.A.,10.8806451612903
2016,3,2016-03,COMPAÑÍA GENERAL DE COMBUSTIBLES S.A.,2854.44445370968
2016,3,2016-03,COMPAÑÍAS ASOCIADAS PETROLERAS S.A.,110.901612903226
2016,3,2016-03,COPESA CIA CONSTRUCTORA PETROLERA SA,0
2016,3,2016-03,"CRI HOLDING, INC.",0.0224935605483871
2016,3,2016-03,CROWN POINT ENERGIA S.A.,0
2016,3,2016-03,CROWN POINT OIL & GAS S.A.,0
2016,3,2016-03,DAPETROL S.A.,0
2016,3,2016-03,ENAP SIPETROL ARGENTINA S.A.,2252.51709677419
2016,3,2016-03,ENERGIAL S.A.,0
2016,3,2016-03,ENERGICON S.A.,0
2016,3,2016-03,EXXONMOBIL EXPLORATION ARGENTINA S.R.L.,0
2016,3,2016-03,GAS Y PETROLEO DEL NEUQUEN S.A.,163.767903225806
2016,3,2016-03,GEOPARK ARGENTINA LTD. (SUCURSAL ARGENTINA),2.22645161290323
2016,3,2016-03,GRECOIL y CIA. S.R.L.,7.72806451612903
2016,3,2016-03,HIGH LUCK GROUP LTD. - SUCURSAL ARGENTINA,78.3161290322581
2016,3,2016-03,INGENIERIA ALPA S.A.,2.97096774193548
2016,3,2016-03,INGENIERIA SIMA S.A.,0
2016,3,2016-03,INTERENERGY ARGENTINA S.A.,0.0032258064516129
2016,3,2016-03,JHP INTERNATIONAL PETROLEUM ENGINEERING LTD,0
2016,3,2016-03,KILWER S.A.,0
2016,3,2016-03,MADALENA AUSTRAL S.A.,1.63554838709677
2016,3,2016-03,MADALENA ENERGY ARGENTINA SRL ,18.8873548387097
2016,3,2016-03,MADALENA PETROLEUM (AMERICAS) LTD. (SUCURSAL ARGENTINA),100.315064516129
2016,3,2016-03,MEDANITO S.A.,375.81
2016,3,2016-03,O&G DEVELOPMENTS LTD S.A.,10.0374193548387
2016,3,2016-03,OIL M&S S.A.,0
2016,3,2016-03,OILSTONE ENERGIA S.A.,573.032580645161
2016,3,2016-03,PAN AMERICAN ENERGY (SUCURSAL ARGENTINA) LLC,15673.7277419355
2016,3,2016-03,PETRO AP S.A.,10.2235483870968
2016,3,2016-03,PETROBRAS ARGENTINA S.A.,7590.23164516129
2016,3,2016-03,PETROFARO S.A.,44.9501290322581
2016,3,2016-03,PETROLEOS SUDAMERICANOS S.A.,20.8032258064516
2016,3,2016-03,PETROLERA CERRO NEGRO S.A.,49.7242903225806
2016,3,2016-03,PETROLERA DEL COMAHUE S.A.,0
2016,3,2016-03,PETROLERA EL TREBOL S.A.,11.0752903225806
2016,3,2016-03,PETROLERA ENTRE LOMAS S.A.,1462.16774193548
2016,3,2016-03,PETROLERA LF COMPANY S.R.L.,2044.61580645161
2016,3,2016-03,PETROLERA PAMPA S.A. ,13.6874193548387
2016,3,2016-03,PETROLERA PATAGONIA S.R.L.,0
2016,3,2016-03,PETROLERA PIEDRA DEL AGUILA S.A.,0
2016,3,2016-03,PETROMINERA CHUBUT S.E.,8.79993548387097
2016,3,2016-03,PETROQUIMICA COMODORO RIVADAVIA S.A.,897.778709677419
2016,3,2016-03,PLUSPETROL ENERGY S.A.,1859.12896774194
2016,3,2016-03,PLUSPETROL S.A.,3177.1786129029
2016,3,2016-03,PRESIDENT PETROLEUM S.A.,6.68645161290323
2016,3,2016-03,QUINTANA E&P ARGENTINA S.R.L.,2.29977419354839
2016,3,2016-03,ROCH S.A.,1544.69046109745
2016,3,2016-03,SAN JORGE PETROLEUM S.A.,25.3047419354839
2016,3,2016-03,"SINOPEC ARGENTINA EXPLORATION AND PRODUCTION, INC.",2118.25417064516
2016,3,2016-03,TECPETROL S.A.,3427.84716129032
2016,3,2016-03,TOTAL AUSTRAL S.A.,32945.0731935484
2016,3,2016-03,UNITEC ENERGY S.A.,3.80645161290323
2016,3,2016-03,WINTERSHALL ENERGIA S.A.,2.07903225806452
2016,3,2016-03,YPF S.A.,36940.6903225806
2016,3,2016-03,YSUR ENERGÍA ARGENTINA S.R.L.,3248.66161290323
2016,3,2016-03,YSUR PETROLERA ARGENTINA S.A.,140.041290322581
2016,4,2016-04,AMERICAS PETROGAS ARGENTINA S.A.,30.7015333333333
2016,4,2016-04,ARGENTA ENERGIA S.A.,0.23
2016,4,2016-04,CAPEX S.A.,1351.09
2016,4,2016-04,CENTRAL INTERNATIONAL CORPORATION (SUCURSAL ARGENTINA),23.9003333333333
2016,4,2016-04,CHAÑARES ENERGIA S.A.,17.0438
2016,4,2016-04,CHEVRON ARGENTINA S.R.L.,644.642666666667
2016,4,2016-04,COLHUE HUAPI S.A.,10.9133333333333
2016,4,2016-04,COMPAÑÍA GENERAL DE COMBUSTIBLES S.A.,2856.22671466667
2016,4,2016-04,COMPAÑÍAS ASOCIADAS PETROLERAS S.A.,112.989
2016,4,2016-04,COPESA CIA CONSTRUCTORA PETROLERA SA,0
2016,4,2016-04,"CRI HOLDING, INC.",0.0125887483333333
2016,4,2016-04,CROWN POINT ENERGIA S.A.,0
2016,4,2016-04,CROWN POINT OIL & GAS S.A.,0
2016,4,2016-04,DAPETROL S.A.,0
2016,4,2016-04,ENAP SIPETROL ARGENTINA S.A.,2355.222
2016,4,2016-04,ENERGIAL S.A.,0
2016,4,2016-04,ENERGICON S.A.,0
2016,4,2016-04,EXXONMOBIL EXPLORATION ARGENTINA S.R.L.,0
2016,4,2016-04,GAS Y PETROLEO DEL NEUQUEN S.A.,199.233533333333
2016,4,2016-04,GEOPARK ARGENTINA LTD. (SUCURSAL ARGENTINA),2.30066666666667
2016,4,2016-04,GRECOIL y CIA. S.R.L.,5.12166666666667
2016,4,2016-04,HIGH LUCK GROUP LTD. - SUCURSAL ARGENTINA,75.7803333333333
2016,4,2016-04,INGENIERIA ALPA S.A.,2.877
2016,4,2016-04,INGENIERIA SIMA S.A.,0
2016,4,2016-04,INTERENERGY ARGENTINA S.A.,0.00333333333333333
2016,4,2016-04,JHP INTERNATIONAL PETROLEUM ENGINEERING LTD,0
2016,4,2016-04,KILWER S.A.,0
2016,4,2016-04,MADALENA AUSTRAL S.A.,1.1304
2016,4,2016-04,MADALENA ENERGY ARGENTINA SRL ,16.6358666666667
2016,4,2016-04,MADALENA PETROLEUM (AMERICAS) LTD. (SUCURSAL ARGENTINA),97.674
2016,4,2016-04,MEDANITO S.A.,353.433
2016,4,2016-04,O&G DEVELOPMENTS LTD S.A.,7.608
2016,4,2016-04,OIL M&S S.A.,0
2016,4,2016-04,OILSTONE ENERGIA S.A.,553.986333333333
2016,4,2016-04,PAN AMERICAN ENERGY (SUCURSAL ARGENTINA) LLC,15893.0876666667
2016,4,2016-04,PETRO AP S.A.,9.63433333333333
2016,4,2016-04,PETROBRAS ARGENTINA S.A.,7529.44933333333
2016,4,2016-04,PETROFARO S.A.,42.0205
2016,4,2016-04,PETROLEOS SUDAMERICANOS S.A.,20.9756666666667
2016,4,2016-04,PETROLERA CERRO NEGRO S.A.,47.2573666666667
2016,4,2016-04,PETROLERA DEL COMAHUE S.A.,0
2016,4,2016-04,PETROLERA EL TREBOL S.A.,11.2016666666667
2016,4,2016-04,PETROLERA ENTRE LOMAS S.A.,1483.30333333333
2016,4,2016-04,PETROLERA LF COMPANY S.R.L.,2019.88
2016,4,2016-04,PETROLERA PAMPA S.A. ,0
2016,4,2016-04,PETROLERA PATAGONIA S.R.L.,0
2016,4,2016-04,PETROLERA PIEDRA DEL AGUILA S.A.,0
2016,4,2016-04,PETROMINERA CHUBUT S.E.,8.9776
2016,4,2016-04,PETROQUIMICA COMODORO RIVADAVIA S.A.,851.936333333333
2016,4,2016-04,PLUSPETROL ENERGY S.A.,1818.5972
2016,4,2016-04,PLUSPETROL S.A.,3162.7593
2016,4,2016-04,PRESIDENT PETROLEUM S.A.,7.37806666666667
2016,4,2016-04,QUINTANA E&P ARGENTINA S.R.L.,2.56933333333333
2016,4,2016-04,ROCH S.A.,1597.25139938477
2016,4,2016-04,SAN JORGE PETROLEUM S.A.,36.6320666666667
2016,4,2016-04,"SINOPEC ARGENTINA EXPLORATION AND PRODUCTION, INC.",2119.22831866667
2016,4,2016-04,TECPETROL S.A.,3392.0843
2016,4,2016-04,TOTAL AUSTRAL S.A.,32488.7669333333
2016,4,2016-04,UNITEC ENERGY S.A.,4
2016,4,2016-04,WINTERSHALL ENERGIA S.A.,2.255
2016,4,2016-04,YPF S.A.,38238.808
2016,4,2016-04,YSUR ENERGÍA ARGENTINA S.R.L.,3302.661
2016,4,2016-04,YSUR PETROLERA ARGENTINA S.A.,110.525333333333
2016,5,2016-05,AMERICAS PETROGAS ARGENTINA S.A.,26.1901612903226
2016,5,2016-05,ARGENTA ENERGIA S.A.,0
2016,5,2016-05,CAPEX S.A.,1426.79548387097
2016,5,2016-05,CENTRAL INTERNATIONAL CORPORATION (SUCURSAL ARGENTINA),22.108064516129
2016,5,2016-05,CHAÑARES ENERGIA S.A.,15.8696129032258
2016,5,2016-05,CHEVRON ARGENTINA S.R.L.,562.584838709677
2016,5,2016-05,COLHUE HUAPI S.A.,10.8774193548387
2016,5,2016-05,COMPAÑÍA GENERAL DE COMBUSTIBLES S.A.,2858.0892983871
2016,5,2016-05,COMPAÑÍAS ASOCIADAS PETROLERAS S.A.,80.0267741935484
2016,5,2016-05,COPESA CIA CONSTRUCTORA PETROLERA SA,0
2016,5,2016-05,"CRI HOLDING, INC.",0.0130126537419355
2016,5,2016-05,CROWN POINT ENERGIA S.A.,0
2016,5,2016-05,CROWN POINT OIL & GAS S.A.,0
2016,5,2016-05,DAPETROL S.A.,0
2016,5,2016-05,ENAP SIPETROL ARGENTINA S.A.,2058.52516129032
2016,5,2016-05,ENERGIAL S.A.,0
2016,5,2016-05,ENERGICON S.A.,0
2016,5,2016-05,EXXONMOBIL EXPLORATION ARGENTINA S.R.L.,0
2016,5,2016-05,FOMICRUZ S.E.,0.0483870967741935
2016,5,2016-05,GAS Y PETROLEO DEL NEUQUEN S.A.,185.064516129032
2016,5,2016-05,GRECOIL y CIA. S.R.L.,5.88774193548387
2016,5,2016-05,HIGH LUCK GROUP LTD. - SUCURSAL ARGENTINA,66.2774193548387
2016,5,2016-05,INGENIERIA ALPA S.A.,2.81838709677419
2016,5,2016-05,INGENIERIA SIMA S.A.,0
2016,5,2016-05,INTERENERGY ARGENTINA S.A.,0.0032258064516129
2016,5,2016-05,JHP INTERNATIONAL PETROLEUM ENGINEERING LTD,0
2016,5,2016-05,KILWER S.A.,0
2016,5,2016-05,MADALENA AUSTRAL S.A.,35.2625483870968
2016,5,2016-05,MADALENA ENERGY ARGENTINA SRL ,16.1894516129032
2016,5,2016-05,MADALENA PETROLEUM (AMERICAS) LTD. (SUCURSAL ARGENTINA),102.036064516129
2016,5,2016-05,MEDANITO S.A.,328.817419354839
2016,5,2016-05,O&G DEVELOPMENTS LTD S.A.,0
2016,5,2016-05,OIL M&S S.A.,0
2016,5,2016-05,OILSTONE ENERGIA S.A.,569.376774193548
2016,5,2016-05,PAN AMERICAN ENERGY (SUCURSAL ARGENTINA) LLC,16243.3716129032
2016,5,2016-05,PETRO AP S.A.,10.8422580645161
2016,5,2016-05,PETROBRAS ARGENTINA S.A.,7578.01387096774
2016,5,2016-05,PETROFARO S.A.,108.342903225806
2016,5,2016-05,PETROLEOS SUDAMERICANOS S.A.,21.1509677419355
2016,5,2016-05,PETROLERA CERRO NEGRO S.A.,44.303064516129
2016,5,2016-05,PETROLERA DEL COMAHUE S.A.,0
2016,5,2016-05,PETROLERA EL TREBOL S.A.,11.1563548387097
2016,5,2016-05,PETROLERA ENTRE LOMAS S.A.,1449.08064516129
2016,5,2016-05,PETROLERA LF COMPANY S.R.L.,2026.76129032258
2016,5,2016-05,PETROLERA PAMPA S.A. ,0
2016,5,2016-05,PETROLERA PATAGONIA S.R.L.,0
2016,5,2016-05,PETROLERA PIEDRA DEL AGUILA S.A.,0
2016,5,2016-05,PETROMINERA CHUBUT S.E.,8.34058064516129
2016,5,2016-05,PETROQUIMICA COMODORO RIVADAVIA S.A.,810.695483870968
2016,5,2016-05,PLUSPETROL ENERGY S.A.,1830.71012903226
2016,5,2016-05,PLUSPETROL S.A.,3110.86651612871
2016,5,2016-05,PRESIDENT PETROLEUM S.A.,6.32351612903226
2016,5,2016-05,QUINTANA E&P ARGENTINA S.R.L.,2.10654838709677
2016,5,2016-05,ROCH S.A.,1561.12811529184
2016,5,2016-05,SAN JORGE PETROLEUM S.A.,33.2235483870968
2016,5,2016-05,"SINOPEC ARGENTINA EXPLORATION AND PRODUCTION, INC.",2239.09907387097
2016,5,2016-05,TECPETROL S.A.,3620.96151612903
2016,5,2016-05,TOTAL AUSTRAL S.A.,33937.7826451613
2016,5,2016-05,UNITEC ENERGY S.A.,3.64516129032258
2016,5,2016-05,WINTERSHALL ENERGIA S.A.,1.43838709677419
2016,5,2016-05,YPF S.A.,37641.0148387097
2016,5,2016-05,YSUR ENERGÍA ARGENTINA S.R.L.,3511.85
2016,5,2016-05,YSUR PETROLERA ARGENTINA S.A.,90.4909677419355
2016,6,2016-06,AMERICAS PETROGAS ARGENTINA S.A.,21.7178666666667
2016,6,2016-06,ARGENTA ENERGIA S.A.,0
2016,6,2016-06,CAPEX S.A.,1419.524
2016,6,2016-06,CENTRAL INTERNATIONAL CORPORATION (SUCURSAL ARGENTINA),21.2197666666667
2016,6,2016-06,CHAÑARES ENERGIA S.A.,13.5561666666667
2016,6,2016-06,CHEVRON ARGENTINA S.R.L.,585.382
2016,6,2016-06,COLHUE HUAPI S.A.,10.83
2016,6,2016-06,COMPAÑÍA GENERAL DE COMBUSTIBLES S.A.,2721.49271196667
2016,6,2016-06,COMPAÑÍAS ASOCIADAS PETROLERAS S.A.,90.8453333333333
2016,6,2016-06,COPESA CIA CONSTRUCTORA PETROLERA SA,0
2016,6,2016-06,"CRI HOLDING, INC.",0.0155637736
2016,6,2016-06,CROWN POINT ENERGIA S.A.,0
2016,6,2016-06,CROWN POINT OIL & GAS S.A.,0
2016,6,2016-06,DAPETROL S.A.,0
2016,6,2016-06,ENAP SIPETROL ARGENTINA S.A.,1861.94333333333
2016,6,2016-06,ENERGIAL S.A.,0
2016,6,2016-06,ENERGICON S.A.,0
2016,6,2016-06,EXXONMOBIL EXPLORATION ARGENTINA S.R.L.,0
2016,6,2016-06,FOMICRUZ S.E.,0.583333333333333
2016,6,2016-06,GAS Y PETROLEO DEL NEUQUEN S.A.,189.91953
2016,6,2016-06,GEOPARK ARGENTINA LTD. (SUCURSAL ARGENTINA),0
2016,6,2016-06,GRECOIL y CIA. S.R.L.,5.56
2016,6,2016-06,HIGH LUCK GROUP LTD. - SUCURSAL ARGENTINA,80.0168333333333
2016,6,2016-06,INGENIERIA ALPA S.A.,2.91866666666667
2016,6,2016-06,INGENIERIA SIMA S.A.,0
2016,6,2016-06,INTERENERGY ARGENTINA S.A.,0.00333333333333333
2016,6,2016-06,JHP INTERNATIONAL PETROLEUM ENGINEERING LTD,0
2016,6,2016-06,KILWER S.A.,0
2016,6,2016-06,MADALENA AUSTRAL S.A.,0.212733333333333
2016,6,2016-06,MADALENA ENERGY ARGENTINA SRL ,14.3609
2016,6,2016-06,MADALENA PETROLEUM (AMERICAS) LTD. (SUCURSAL ARGENTINA),93.2548666666667
2016,6,2016-06,MEDANITO S.A.,309.475
2016,6,2016-06,O&G DEVELOPMENTS LTD S.A.,5.07066666666667
2016,6,2016-06,OIL M&S S.A.,0
2016,6,2016-06,OILSTONE ENERGIA S.A.,541.056666666667
2016,6,2016-06,PAN AMERICAN ENERGY (SUCURSAL ARGENTINA) LLC,16130.4256666667
2016,6,2016-06,PETRO AP S.A.,10.504
2016,6,2016-06,PETROBRAS ARGENTINA S.A.,7565.68346666667
2016,6,2016-06,PETROFARO S.A.,84.0907666666667
2016,6,2016-06,PETROLEOS SUDAMERICANOS S.A.,17.9046666666667
2016,6,2016-06,PETROLERA CERRO NEGRO S.A.,42.0416333333333
2016,6,2016-06,PETROLERA DEL COMAHUE S.A.,0
2016,6,2016-06,PETROLERA EL TREBOL S.A.,11.1214666666667
2016,6,2016-06,PETROLERA ENTRE LOMAS S.A.,1381.41333333333
2016,6,2016-06,PETROLERA LF COMPANY S.R.L.,1973.889
2016,6,2016-06,PETROLERA PAMPA S.A. ,0
2016,6,2016-06,PETROLERA PATAGONIA S.R.L.,0
2016,6,2016-06,PETROLERA PIEDRA DEL AGUILA S.A.,0
2016,6,2016-06,PETROMINERA CHUBUT S.E.,4.9485
2016,6,2016-06,PETROQUIMICA COMODORO RIVADAVIA S.A.,761.427
2016,6,2016-06,PLUSPETROL ENERGY S.A.,1762.26643333333
2016,6,2016-06,PLUSPETROL S.A.,3133.646066666
2016,6,2016-06,PRESIDENT PETROLEUM S.A.,4.47636666666667
2016,6,2016-06,QUINTANA E&P ARGENTINA S.R.L.,2.33723333333333
2016,6,2016-06,ROCH S.A.,1521.14436666667
2016,6,2016-06,SAN JORGE PETROLEUM S.A.,28.3218333333333
2016,6,2016-06,"SINOPEC ARGENTINA EXPLORATION AND PRODUCTION, INC.",2184.36251766667
2016,6,2016-06,TECPETROL S.A.,3650.24043333333
2016,6,2016-06,TOTAL AUSTRAL S.A.,34580.5736
2016,6,2016-06,UNITEC ENERGY S.A.,3.6
2016,6,2016-06,WINTERSHALL ENERGIA S.A.,1.514
2016,6,2016-06,YPF S.A.,37512.6346666667
2016,6,2016-06,YSUR ENERGÍA ARGENTINA S.R.L.,3615.51066666667
2016,6,2016-06,YSUR PETROLERA ARGENTINA S.A.,78.2156666666667
2016,7,2016-07,AMERICAS PETROGAS ARGENTINA S.A.,22.972064516129
2016,7,2016-07,ARGENTA ENERGIA S.A.,0
2016,7,2016-07,CAPEX S.A.,1439.92709677419
2016,7,2016-07,CENTRAL INTERNATIONAL CORPORATION (SUCURSAL ARGENTINA),22.6406451612903
2016,7,2016-07,CHAÑARES ENERGIA S.A.,15.2423870967742
2016,7,2016-07,CHEVRON ARGENTINA S.R.L.,622.792580645161
2016,7,2016-07,COLHUE HUAPI S.A.,10.5225806451613
2016,7,2016-07,COMPAÑÍA GENERAL DE COMBUSTIBLES S.A.,2636.39280080645
2016,7,2016-07,COMPAÑÍAS ASOCIADAS PETROLERAS S.A.,97.2035483870968
2016,7,2016-07,COPESA CIA CONSTRUCTORA PETROLERA SA,0
2016,7,2016-07,"CRI HOLDING, INC.",0.0161350452580645
2016,7,2016-07,CROWN POINT ENERGIA S.A.,0
2016,7,2016-07,DAPETROL S.A.,0
2016,7,2016-07,ENAP SIPETROL ARGENTINA S.A.,2467.81774193548
2016,7,2016-07,ENERGIAL S.A.,0
2016,7,2016-07,ENERGICON S.A.,0
2016,7,2016-07,EXXONMOBIL EXPLORATION ARGENTINA S.R.L.,0
2016,7,2016-07,FOMICRUZ S.E.,0.444838709677419
2016,7,2016-07,GAS Y PETROLEO DEL NEUQUEN S.A.,155.608
2016,7,2016-07,GEOPARK ARGENTINA LTD. (SUCURSAL ARGENTINA),0
2016,7,2016-07,GRECOIL y CIA. S.R.L.,5.84838709677419
2016,7,2016-07,HIGH LUCK GROUP LTD. - SUCURSAL ARGENTINA,68.5223870967742
2016,7,2016-07,INGENIERIA ALPA S.A.,2.97806451612903
2016,7,2016-07,INGENIERIA SIMA S.A.,0
2016,7,2016-07,INTERENERGY ARGENTINA S.A.,0.0032258064516129
2016,7,2016-07,JHP INTERNATIONAL PETROLEUM ENGINEERING LTD,0
2016,7,2016-07,KILWER S.A.,0
2016,7,2016-07,MADALENA AUSTRAL S.A.,0
2016,7,2016-07,MADALENA ENERGY ARGENTINA SRL ,13.5903225806452
2016,7,2016-07,MADALENA PETROLEUM (AMERICAS) LTD. (SUCURSAL ARGENTINA),98.9342903225807
2016,7,2016-07,MEDANITO S.A.,301.854193548387
2016,7,2016-07,O&G DEVELOPMENTS LTD S.A.,11.7248387096774
2016,7,2016-07,OIL M&S S.A.,0
2016,7,2016-07,OILSTONE ENERGIA S.A.,533.623870967742
2016,7,2016-07,PAN AMERICAN ENERGY (SUCURSAL ARGENTINA) LLC,16088.8503225806
2016,7,2016-07,PETRO AP S.A.,10.1135483870968
2016,7,2016-07,PETROBRAS ARGENTINA S.A.,7491.65935483871
2016,7,2016-07,PETROFARO S.A.,98.8739677419355
2016,7,2016-07,PETROLEOS SUDAMERICANOS S.A.,21.0041935483871
2016,7,2016-07,PETROLERA CERRO NEGRO S.A.,41.2960322580645
2016,7,2016-07,PETROLERA DEL COMAHUE S.A.,0
2016,7,2016-07,PETROLERA EL TREBOL S.A.,12.6817741935484
2016,7,2016-07,PETROLERA ENTRE LOMAS S.A.,1376.35483870968
2016,7,2016-07,PETROLERA LF COMPANY S.R.L.,1960.5
2016,7,2016-07,PETROLERA PAMPA S.A. ,0
2016,7,2016-07,PETROLERA PATAGONIA S.R.L.,0
2016,7,2016-07,PETROLERA PIEDRA DEL AGUILA S.A.,0
2016,7,2016-07,PETROMINERA CHUBUT S.E.,6.9551935483871
2016,7,2016-07,PETROQUIMICA COMODORO RIVADAVIA S.A.,808.765161290323
2016,7,2016-07,PLUSPETROL ENERGY S.A.,1761.08341935484
2016,7,2016-07,PLUSPETROL S.A.,3182.94377419355
2016,7,2016-07,PRESIDENT PETROLEUM S.A.,8.39693548387097
2016,7,2016-07,QUINTANA E&P ARGENTINA S.R.L.,2.3701935483871
2016,7,2016-07,ROCH S.A.,1533.35738709677
2016,7,2016-07,SAN JORGE PETROLEUM S.A.,28.6699677419355
2016,7,2016-07,"SINOPEC ARGENTINA EXPLORATION AND PRODUCTION, INC.",2280.08585483871
2016,7,2016-07,TECPETROL S.A.,3527.81922580645
2016,7,2016-07,TOTAL AUSTRAL S.A.,34650.035516129
2016,7,2016-07,UNITEC ENERGY S.A.,4
2016,7,2016-07,WINTERSHALL ENERGIA S.A.,2.09354838709677
2016,7,2016-07,YPF S.A.,38581.2238709677
2016,7,2016-07,YSUR ENERGÍA ARGENTINA S.R.L.,3543.14225806452
2016,7,2016-07,YSUR PETROLERA ARGENTINA S.A.,75.1777419354839
2016,8,2016-08,AMERICAS PETROGAS ARGENTINA S.A.,21.640064516129
2016,8,2016-08,ARGENTA ENERGIA S.A.,0
2016,8,2016-08,CAPEX S.A.,1435.7
2016,8,2016-08,CENTRAL INTERNATIONAL CORPORATION (SUCURSAL ARGENTINA),21.9992903225806
2016,8,2016-08,CHAÑARES ENERGIA S.A.,15.278064516129
2016,8,2016-08,CHEVRON ARGENTINA S.R.L.,601.23935483871
2016,8,2016-08,COLHUE HUAPI S.A.,9.8
2016,8,2016-08,COMPAÑÍA GENERAL DE COMBUSTIBLES S.A.,2606.76001041935
2016,8,2016-08,COMPAÑÍAS ASOCIADAS PETROLERAS S.A.,111.130322580645
2016,8,2016-08,COPESA CIA CONSTRUCTORA PETROLERA SA,0
2016,8,2016-08,"CRI HOLDING, INC.",0.0171600095806452
2016,8,2016-08,CROWN POINT ENERGIA S.A.,0
2016,8,2016-08,DAPETROL S.A.,0
2016,8,2016-08,ENAP SIPETROL ARGENTINA S.A.,2414.46774193548
2016,8,2016-08,ENERGICON S.A.,0
2016,8,2016-08,EXXONMOBIL EXPLORATION ARGENTINA S.R.L.,0
2016,8,2016-08,FOMICRUZ S.E.,0.641612903225806
2016,8,2016-08,GAS Y PETROLEO DEL NEUQUEN S.A.,162.823580645161
2016,8,2016-08,GEOPARK ARGENTINA LTD. (SUCURSAL ARGENTINA),0
2016,8,2016-08,GRECOIL y CIA. S.R.L.,5.04612903225806
2016,8,2016-08,HIGH LUCK GROUP LTD. - SUCURSAL ARGENTINA,63.7347096774194
2016,8,2016-08,INGENIERIA ALPA S.A.,2.57258064516129
2016,8,2016-08,INGENIERIA SIMA S.A.,0
2016,8,2016-08,INTERENERGY ARGENTINA S.A.,0.00267741935483871
2016,8,2016-08,JHP INTERNATIONAL PETROLEUM ENGINEERING LTD,0
2016,8,2016-08,KILWER S.A.,0
2016,8,2016-08,MADALENA AUSTRAL S.A.,0
2016,8,2016-08,MADALENA ENERGY ARGENTINA SRL ,11.5008709677419
2016,8,2016-08,MADALENA PETROLEUM (AMERICAS) LTD. (SUCURSAL ARGENTINA),96.8760322580645
2016,8,2016-08,MEDANITO S.A.,312.67935483871
2016,8,2016-08,O&G DEVELOPMENTS LTD S.A.,12.0570967741935
2016,8,2016-08,OIL M&S S.A.,0
2016,8,2016-08,OILSTONE ENERGIA S.A.,565.154516129032
2016,8,2016-08,PAN AMERICAN ENERGY (SUCURSAL ARGENTINA) LLC,15838.42
2016,8,2016-08,PETRO AP S.A.,10.5541935483871
2016,8,2016-08,PETROBRAS ARGENTINA S.A.,7478.04064516129
2016,8,2016-08,PETROFARO S.A.,41.0596774193548
2016,8,2016-08,PETROLEOS SUDAMERICANOS S.A.,21.2890322580645
2016,8,2016-08,PETROLERA CERRO NEGRO S.A.,41.7767419354839
2016,8,2016-08,PETROLERA DEL COMAHUE S.A.,0
2016,8,2016-08,PETROLERA EL TREBOL S.A.,13.7418387096774
2016,8,2016-08,PETROLERA ENTRE LOMAS S.A.,1371.93870967742
2016,8,2016-08,PETROLERA LF COMPANY S.R.L.,1963.67064516129
2016,8,2016-08,PETROLERA PAMPA S.A. ,0
2016,8,2016-08,PETROLERA PATAGONIA S.R.L.,0
2016,8,2016-08,PETROLERA PIEDRA DEL AGUILA S.A.,0
2016,8,2016-08,PETROMINERA CHUBUT S.E.,6.18764516129032
2016,8,2016-08,PETROQUIMICA COMODORO RIVADAVIA S.A.,760.096774193548
2016,8,2016-08,PLUSPETROL ENERGY S.A.,1749.63483870968
2016,8,2016-08,PLUSPETROL S.A.,3231.35509677387
2016,8,2016-08,PRESIDENT PETROLEUM S.A.,5.49061290322581
2016,8,2016-08,QUINTANA E&P ARGENTINA S.R.L.,2.03867741935484
2016,8,2016-08,ROCH S.A.,1533.46551612903
2016,8,2016-08,SAN JORGE PETROLEUM S.A.,25.5269032258064
2016,8,2016-08,"SINOPEC ARGENTINA EXPLORATION AND PRODUCTION, INC.",2218.95600967742
2016,8,2016-08,TECPETROL S.A.,3609.45177419355
2016,8,2016-08,TOTAL AUSTRAL S.A.,34618.7435483871
2016,8,2016-08,UNITEC ENERGY S.A.,4
2016,8,2016-08,WINTERSHALL ENERGIA S.A.,6.03709677419355
2016,8,2016-08,YPF S.A.,38177.1770967742
2016,8,2016-08,YSUR ENERGÍA ARGENTINA S.R.L.,3584.64
2016,8,2016-08,YSUR PETROLERA ARGENTINA S.A.,75.0903225806452
2016,9,2016-09,AMERICAS PETROGAS ARGENTINA S.A.,20.7052
2016,9,2016-09,ARGENTA ENERGIA S.A.,0
2016,9,2016-09,CAPEX S.A.,1462.767
2016,9,2016-09,CENTRAL INTERNATIONAL CORPORATION (SUCURSAL ARGENTINA),24.0166666666667
2016,9,2016-09,CHAÑARES ENERGIA S.A.,15.9376333333333
2016,9,2016-09,CHEVRON ARGENTINA S.R.L.,614.691
2016,9,2016-09,COLHUE HUAPI S.A.,9.57
2016,9,2016-09,COMPAÑÍA GENERAL DE COMBUSTIBLES S.A.,2548.0335527
2016,9,2016-09,COMPAÑÍAS ASOCIADAS PETROLERAS S.A.,114.042666666667
2016,9,2016-09,COPESA CIA CONSTRUCTORA PETROLERA SA,0
2016,9,2016-09,"CRI HOLDING, INC.",0.0206459305
2016,9,2016-09,CROWN POINT ENERGIA S.A.,0
2016,9,2016-09,DAPETROL S.A.,0
2016,9,2016-09,ENAP SIPETROL ARGENTINA S.A.,2226.39666666667
2016,9,2016-09,ENERGICON S.A.,0
2016,9,2016-09,EXXONMOBIL EXPLORATION ARGENTINA S.R.L.,0
2016,9,2016-09,FOMICRUZ S.E.,0.685333333333333
2016,9,2016-09,GAS Y PETROLEO DEL NEUQUEN S.A.,158.006666666667
2016,9,2016-09,GEOPARK ARGENTINA LTD. (SUCURSAL ARGENTINA),0
2016,9,2016-09,GRECOIL y CIA. S.R.L.,6.47333333333333
2016,9,2016-09,HIGH LUCK GROUP LTD. - SUCURSAL ARGENTINA,54.6372333333333
2016,9,2016-09,INGENIERIA ALPA S.A.,3.01433333333333
2016,9,2016-09,INGENIERIA SIMA S.A.,0
2016,9,2016-09,JHP INTERNATIONAL PETROLEUM ENGINEERING LTD,0
2016,9,2016-09,KILWER S.A.,0
2016,9,2016-09,MADALENA AUSTRAL S.A.,0
2016,9,2016-09,MADALENA ENERGY ARGENTINA SRL ,10.2823333333333
2016,9,2016-09,MADALENA PETROLEUM (AMERICAS) LTD. (SUCURSAL ARGENTINA),88.8547666666667
2016,9,2016-09,MEDANITO S.A.,303.162333333333
2016,9,2016-09,O&G DEVELOPMENTS LTD S.A.,4.294
2016,9,2016-09,OIL M&S S.A.,0
2016,9,2016-09,OILSTONE ENERGIA S.A.,589.551
2016,9,2016-09,PAN AMERICAN ENERGY (SUCURSAL ARGENTINA) LLC,15722.5246666667
2016,9,2016-09,PETRO AP S.A.,10.8943333333333
2016,9,2016-09,PETROBRAS ARGENTINA S.A.,7530.173
2016,9,2016-09,PETROFARO S.A.,41.5063666666667
2016,9,2016-09,PETROLEOS SUDAMERICANOS S.A.,21.2936666666667
2016,9,2016-09,PETROLERA CERRO NEGRO S.A.,41.8546666666667
2016,9,2016-09,PETROLERA DEL COMAHUE S.A.,0
2016,9,2016-09,PETROLERA EL TREBOL S.A.,13.7161333333333
2016,9,2016-09,PETROLERA ENTRE LOMAS S.A.,1339.03
2016,9,2016-09,PETROLERA LF COMPANY S.R.L.,1857.64066666667
2016,9,2016-09,PETROLERA PAMPA S.A. ,0
2016,9,2016-09,PETROLERA PATAGONIA S.R.L.,0
2016,9,2016-09,PETROLERA PIEDRA DEL AGUILA S.A.,0
2016,9,2016-09,PETROMINERA CHUBUT S.E.,2.84016666666667
2016,9,2016-09,PETROQUIMICA COMODORO RIVADAVIA S.A.,749.669666666667
2016,9,2016-09,PLUSPETROL ENERGY S.A.,1701.6111
2016,9,2016-09,PLUSPETROL S.A.,3188.034033333
2016,9,2016-09,PRESIDENT PETROLEUM S.A.,9.33463333333333
2016,9,2016-09,QUINTANA E&P ARGENTINA S.R.L.,2.5124
2016,9,2016-09,ROCH S.A.,1549.64813333333
2016,9,2016-09,SAN JORGE PETROLEUM S.A.,25.2369
2016,9,2016-09,"SINOPEC ARGENTINA EXPLORATION AND PRODUCTION, INC.",2162.16793533333
2016,9,2016-09,TECPETROL S.A.,3482.35513333333
2016,9,2016-09,TOTAL AUSTRAL S.A.,34504.7284333333
2016,9,2016-09,UNITEC ENERGY S.A.,3.96666666666667
2016,9,2016-09,WINTERSHALL ENERGIA S.A.,12.9051666666667
2016,9,2016-09,YPF S.A.,38033.1286666667
2016,9,2016-09,YSUR ENERGÍA ARGENTINA S.R.L.,3626.34466666667
2016,9,2016-09,YSUR PETROLERA ARGENTINA S.A.,106.566666666667
2016,10,2016-10,AMERICAS PETROGAS ARGENTINA S.A.,22.9154516129032
2016,10,2016-10,APCO OIL AND GAS INTERNATIONAL INC (SUCURSAL ARGENTINA),32.5059032258064
2016,10,2016-10,ARGENTA ENERGIA S.A.,0
2016,10,2016-10,CAPEX S.A.,1462.37225806452
2016,10,2016-10,CENTRAL INTERNATIONAL CORPORATION (SUCURSAL ARGENTINA),24.428064516129
2016,10,2016-10,CHAÑARES ENERGIA S.A.,14.6853225806452
2016,10,2016-10,CHEVRON ARGENTINA S.R.L.,555.176774193548
2016,10,2016-10,COLHUE HUAPI S.A.,9.61612903225807
2016,10,2016-10,COMPAÑÍA GENERAL DE COMBUSTIBLES S.A.,2523.51655870968
2016,10,2016-10,COMPAÑÍAS ASOCIADAS PETROLERAS S.A.,129.342580645161
2016,10,2016-10,COPESA CIA CONSTRUCTORA PETROLERA SA,0
2016,10,2016-10,"CRI HOLDING, INC.",0.0206251359677419
2016,10,2016-10,CROWN POINT ENERGIA S.A.,0
2016,10,2016-10,DAPETROL S.A.,0
2016,10,2016-10,ENAP SIPETROL ARGENTINA S.A.,2308.61
2016,10,2016-10,ENERGICON S.A.,0
2016,10,2016-10,EXXONMOBIL EXPLORATION ARGENTINA S.R.L.,0
2016,10,2016-10,FOMICRUZ S.E.,0.65258064516129
2016,10,2016-10,GAS Y PETROLEO DEL NEUQUEN S.A.,113.862451612903
2016,10,2016-10,GEOPARK ARGENTINA LTD. (SUCURSAL ARGENTINA),0
2016,10,2016-10,GRECOIL y CIA. S.R.L.,4.5741935483871
2016,10,2016-10,HIGH LUCK GROUP LTD. - SUCURSAL ARGENTINA,62.4914516129032
2016,10,2016-10,INGENIERIA ALPA S.A.,2.67903225806452
2016,10,2016-10,INGENIERIA SIMA S.A.,0
2016,10,2016-10,JHP INTERNATIONAL PETROLEUM ENGINEERING LTD,0
2016,10,2016-10,KILWER S.A.,0
2016,10,2016-10,MADALENA AUSTRAL S.A.,0.3
2016,10,2016-10,MADALENA ENERGY ARGENTINA SRL ,12.6740967741935
2016,10,2016-10,MADALENA PETROLEUM (AMERICAS) LTD. (SUCURSAL ARGENTINA),94.1306129032258
2016,10,2016-10,MEDANITO S.A.,298.992258064516
2016,10,2016-10,O&G DEVELOPMENTS LTD S.A.,0
2016,10,2016-10,OIL M&S S.A.,0
2016,10,2016-10,OILSTONE ENERGIA S.A.,583.212258064516
2016,10,2016-10,PAMPETROL S.A.P.E.M,0
2016,10,2016-10,PAN AMERICAN ENERGY (SUCURSAL ARGENTINA) LLC,15372.2412903226
2016,10,2016-10,PETRO AP S.A.,10.9506451612903
2016,10,2016-10,PETROBRAS ARGENTINA S.A.,7937.42677419355
2016,10,2016-10,PETROFARO S.A.,41.846
2016,10,2016-10,PETROLEOS SUDAMERICANOS S.A.,20.6551612903226
2016,10,2016-10,PETROLERA CERRO NEGRO S.A.,41.2393225806452
2016,10,2016-10,PETROLERA DEL COMAHUE S.A.,0
2016,10,2016-10,PETROLERA EL TREBOL S.A.,13.7537096774194
2016,10,2016-10,PETROLERA ENTRE LOMAS S.A.,1326.97741935484
2016,10,2016-10,PETROLERA LF COMPANY S.R.L.,1721.19322580645
2016,10,2016-10,PETROLERA PAMPA S.A. ,0
2016,10,2016-10,PETROLERA PATAGONIA S.R.L.,0
2016,10,2016-10,PETROLERA PIEDRA DEL AGUILA S.A.,0
2016,10,2016-10,PETROMINERA CHUBUT S.E.,2.88461290322581
2016,10,2016-10,PETROQUIMICA COMODORO RIVADAVIA S.A.,729.891935483871
2016,10,2016-10,PLUSPETROL ENERGY S.A.,1704.67609677419
2016,10,2016-10,PLUSPETROL S.A.,3133.18525806484
2016,10,2016-10,PRESIDENT PETROLEUM S.A.,8.2888064516129
2016,10,2016-10,QUINTANA E&P ARGENTINA S.R.L.,2.36429032258065
2016,10,2016-10,ROCH S.A.,1459.20583870968
2016,10,2016-10,SAN JORGE PETROLEUM S.A.,20.7116774193548
2016,10,2016-10,"SINOPEC ARGENTINA EXPLORATION AND PRODUCTION, INC.",2251.63009677419
2016,10,2016-10,TECPETROL S.A.,3511.66719354839
2016,10,2016-10,TOTAL AUSTRAL S.A.,34361.5998064516
2016,10,2016-10,UNITEC ENERGY S.A.,4
2016,10,2016-10,WINTERSHALL ENERGIA S.A.,8.00964516129032
2016,10,2016-10,YPF S.A.,38929.9861290323
2016,10,2016-10,YSUR ENERGÍA ARGENTINA S.R.L.,3616.60419354839
2016,10,2016-10,YSUR PETROLERA ARGENTINA S.A.,127.653870967742
2016,11,2016-11,AMERICAS PETROGAS ARGENTINA S.A.,23.394
2016,11,2016-11,APCO OIL AND GAS INTERNATIONAL INC (SUCURSAL ARGENTINA),30.5087333333333
2016,11,2016-11,ARGENTA ENERGIA S.A.,0
2016,11,2016-11,CAPEX S.A.,1483.80366666667
2016,11,2016-11,CENTRAL INTERNATIONAL CORPORATION (SUCURSAL ARGENTINA),22.4206666666667
2016,11,2016-11,CHAÑARES ENERGIA S.A.,14.7963
2016,11,2016-11,CHEVRON ARGENTINA S.R.L.,561.349666666667
2016,11,2016-11,COLHUE HUAPI S.A.,9.20666666666667
2016,11,2016-11,COMPAÑÍA GENERAL DE COMBUSTIBLES S.A.,2499.8649396
2016,11,2016-11,COMPAÑÍAS ASOCIADAS PETROLERAS S.A.,128.654
2016,11,2016-11,COPESA CIA CONSTRUCTORA PETROLERA SA,0
2016,11,2016-11,"CRI HOLDING, INC.",0.0139587756333333
2016,11,2016-11,CROWN POINT ENERGIA S.A.,0
2016,11,2016-11,DAPETROL S.A.,0
2016,11,2016-11,ENAP SIPETROL ARGENTINA S.A.,2093.91
2016,11,2016-11,ENERGICON S.A.,0
2016,11,2016-11,EXXONMOBIL EXPLORATION ARGENTINA S.R.L.,0
2016,11,2016-11,FOMICRUZ S.E.,0.106333333333333
2016,11,2016-11,GAS Y PETROLEO DEL NEUQUEN S.A.,114.396166666667
2016,11,2016-11,GEOPARK ARGENTINA LTD. (SUCURSAL ARGENTINA),0
2016,11,2016-11,GRECOIL y CIA. S.R.L.,6.09666666666667
2016,11,2016-11,HIGH LUCK GROUP LTD. - SUCURSAL ARGENTINA,56.9395
2016,11,2016-11,INGENIERIA ALPA S.A.,3.27333333333333
2016,11,2016-11,INGENIERIA SIMA S.A.,0
2016,11,2016-11,JHP INTERNATIONAL PETROLEUM ENGINEERING LTD,0
2016,11,2016-11,KILWER S.A.,0
2016,11,2016-11,MADALENA AUSTRAL S.A.,0
2016,11,2016-11,MADALENA ENERGY ARGENTINA SRL ,16.1829666666667
2016,11,2016-11,MADALENA PETROLEUM (AMERICAS) LTD. (SUCURSAL ARGENTINA),93.9474666666667
2016,11,2016-11,MEDANITO S.A.,264.885
2016,11,2016-11,O&G DEVELOPMENTS LTD S.A.,0.675666666666667
2016,11,2016-11,OIL M&S S.A.,0
2016,11,2016-11,OILSTONE ENERGIA S.A.,589.265
2016,11,2016-11,PAMPETROL S.A.P.E.M,0.7
2016,11,2016-11,PAN AMERICAN ENERGY (SUCURSAL ARGENTINA) LLC,15446.3373333333
2016,11,2016-11,PETRO AP S.A.,11.418
2016,11,2016-11,PETROBRAS ARGENTINA S.A.,4098.68583333333
2016,11,2016-11,PETROFARO S.A.,39.6006666666667
2016,11,2016-11,PETROLEOS SUDAMERICANOS S.A.,20.284
2016,11,2016-11,PETROLERA CERRO NEGRO S.A.,41.0485666666667
2016,11,2016-11,PETROLERA DEL COMAHUE S.A.,0
2016,11,2016-11,PETROLERA EL TREBOL S.A.,13.7808666666667
2016,11,2016-11,PETROLERA ENTRE LOMAS S.A.,1325.02666666667
2016,11,2016-11,PETROLERA LF COMPANY S.R.L.,1722.07533333333
2016,11,2016-11,PETROLERA PAMPA S.A. ,263.5157
2016,11,2016-11,PETROLERA PATAGONIA S.R.L.,0
2016,11,2016-11,PETROLERA PIEDRA DEL AGUILA S.A.,0
2016,11,2016-11,PETROMINERA CHUBUT S.E.,0
2016,11,2016-11,PETROQUIMICA COMODORO RIVADAVIA S.A.,760.386333333333
2016,11,2016-11,PLUSPETROL ENERGY S.A.,1711.07603333333
2016,11,2016-11,PLUSPETROL S.A.,3105.547333333
2016,11,2016-11,PRESIDENT PETROLEUM S.A.,6.7105
2016,11,2016-11,QUINTANA E&P ARGENTINA S.R.L.,1.73126666666667
2016,11,2016-11,ROCH S.A.,1480.88963333333
2016,11,2016-11,SAN JORGE PETROLEUM S.A.,21.5409666666667
2016,11,2016-11,"SINOPEC ARGENTINA EXPLORATION AND PRODUCTION, INC.",2255.62914242667
2016,11,2016-11,TECPETROL S.A.,3607.70186666667
2016,11,2016-11,TOTAL AUSTRAL S.A.,31718.2321
2016,11,2016-11,UNITEC ENERGY S.A.,3.4
2016,11,2016-11,WINTERSHALL ENERGIA S.A.,9.087
2016,11,2016-11,YPF S.A.,41932.157
2016,11,2016-11,YSUR ENERGÍA ARGENTINA S.R.L.,3503.24266666667
2016,11,2016-11,YSUR PETROLERA ARGENTINA S.A.,120.555666666667
2016,12,2016-12,AMERICAS PETROGAS ARGENTINA S.A.,22.7603548387097
2016,12,2016-12,APCO OIL AND GAS INTERNATIONAL INC (SUCURSAL ARGENTINA),29.2040967741935
2016,12,2016-12,ARGENTA ENERGIA S.A.,0
2016,12,2016-12,CAPEX S.A.,1473.39161290323
2016,12,2016-12,CENTRAL INTERNATIONAL CORPORATION (SUCURSAL ARGENTINA),22.555064516129
2016,12,2016-12,CHAÑARES ENERGIA S.A.,13.7852903225806
2016,12,2016-12,CHEVRON ARGENTINA S.R.L.,580.27064516129
2016,12,2016-12,COLHUE HUAPI S.A.,9.25483870967742
2016,12,2016-12,COMPAÑÍA GENERAL DE COMBUSTIBLES S.A.,2551.35502583871
2016,12,2016-12,COMPAÑÍAS ASOCIADAS PETROLERAS S.A.,131.042580645161
2016,12,2016-12,COPESA CIA CONSTRUCTORA PETROLERA SA,0
2016,12,2016-12,"CRI HOLDING, INC.",0.0092727335483871
2016,12,2016-12,CROWN POINT ENERGIA S.A.,0
2016,12,2016-12,DAPETROL S.A.,0
2016,12,2016-12,ENAP SIPETROL ARGENTINA S.A.,1621.88612903226
2016,12,2016-12,ENERGICON S.A.,0
2016,12,2016-12,EXXONMOBIL EXPLORATION ARGENTINA S.R.L.,0
2016,12,2016-12,FOMICRUZ S.E.,0.316774193548387
2016,12,2016-12,GAS Y PETROLEO DEL NEUQUEN S.A.,47.3512258064516
2016,12,2016-12,GEOPARK ARGENTINA LTD. (SUCURSAL ARGENTINA),0
2016,12,2016-12,GRECOIL y CIA. S.R.L.,5.16612903225806
2016,12,2016-12,HIGH LUCK GROUP LTD. - SUCURSAL ARGENTINA,58.4431935483871
2016,12,2016-12,INGENIERIA ALPA S.A.,3.3458064516129
2016,12,2016-12,INGENIERIA SIMA S.A.,0
2016,12,2016-12,JHP INTERNATIONAL PETROLEUM ENGINEERING LTD,0
2016,12,2016-12,KILWER S.A.,0
2016,12,2016-12,MADALENA AUSTRAL S.A.,0
2016,12,2016-12,MADALENA ENERGY ARGENTINA SRL ,17.396
2016,12,2016-12,MADALENA PETROLEUM (AMERICAS) LTD. (SUCURSAL ARGENTINA),85.2085161290323
2016,12,2016-12,MEDANITO S.A.,259.683870967742
2016,12,2016-12,O&G DEVELOPMENTS LTD S.A.,18.3977419354839
2016,12,2016-12,OIL M&S S.A.,0
2016,12,2016-12,OILSTONE ENERGIA S.A.,569.58064516129
2016,12,2016-12,PAMPETROL S.A.P.E.M,1
2016,12,2016-12,PAN AMERICAN ENERGY (SUCURSAL ARGENTINA) LLC,15211.7790322581
2016,12,2016-12,PETRO AP S.A.,11.2474193548387
2016,12,2016-12,PETROBRAS ARGENTINA S.A.,4248.37380645161
2016,12,2016-12,PETROFARO S.A.,13.8339677419355
2016,12,2016-12,PETROLEOS SUDAMERICANOS S.A.,19.5845161290323
2016,12,2016-12,PETROLERA CERRO NEGRO S.A.,40.8526129032258
2016,12,2016-12,PETROLERA DEL COMAHUE S.A.,0
2016,12,2016-12,PETROLERA EL TREBOL S.A.,13.6825806451613
2016,12,2016-12,PETROLERA ENTRE LOMAS S.A.,1264.2
2016,12,2016-12,PETROLERA LF COMPANY S.R.L.,1833.0435483871
2016,12,2016-12,PETROLERA PAMPA S.A. ,248.514387096774
2016,12,2016-12,PETROLERA PATAGONIA S.R.L.,0
2016,12,2016-12,PETROLERA PIEDRA DEL AGUILA S.A.,0
2016,12,2016-12,PETROMINERA CHUBUT S.E.,0
2016,12,2016-12,PETROQUIMICA COMODORO RIVADAVIA S.A.,752.569677419355
2016,12,2016-12,PLUSPETROL ENERGY S.A.,1687.68767741935
2016,12,2016-12,PLUSPETROL S.A.,3076.21703225839
2016,12,2016-12,PRESIDENT PETROLEUM S.A.,6.1398064516129
2016,12,2016-12,QUINTANA E&P ARGENTINA S.R.L.,1.55232258064516
2016,12,2016-12,ROCH S.A.,1473.77512903226
2016,12,2016-12,SAN JORGE PETROLEUM S.A.,15.6598709677419
2016,12,2016-12,"SINOPEC ARGENTINA EXPLORATION AND PRODUCTION, INC.",2182.88902516129
2016,12,2016-12,TECPETROL S.A.,3530.29587096774
2016,12,2016-12,TOTAL AUSTRAL S.A.,33359.6347419355
2016,12,2016-12,UNITEC ENERGY S.A.,4
2016,12,2016-12,WINTERSHALL ENERGIA S.A.,8.72458064516129
2016,12,2016-12,YPF S.A.,41122.6432258065
2016,12,2016-12,YSUR ENERGÍA ARGENTINA S.R.L.,3672.37870967742
2016,12,2016-12,YSUR PETROLERA ARGENTINA S.A.,109.222903225806
2017,1,2017-01,AMERICAS PETROGAS ARGENTINA S.A.,22.0258709677419
2017,1,2017-01,APCO OIL AND GAS INTERNATIONAL INC (SUCURSAL ARGENTINA),29.9107741935484
2017,1,2017-01,ARGENTA ENERGIA S.A.,0
2017,1,2017-01,CAPEX S.A.,1468.41
2017,1,2017-01,CENTRAL INTERNATIONAL CORPORATION (SUCURSAL ARGENTINA),22.6451612903226
2017,1,2017-01,CHAÑARES ENERGIA S.A.,14.0537419354839
2017,1,2017-01,CHEVRON ARGENTINA S.R.L.,574.824193548387
2017,1,2017-01,COLHUE HUAPI S.A.,9.6741935483871
2017,1,2017-01,COMPAÑÍA GENERAL DE COMBUSTIBLES S.A.,2606.80607116129
2017,1,2017-01,COMPAÑÍAS ASOCIADAS PETROLERAS S.A.,125.675483870968
2017,1,2017-01,COPESA CIA CONSTRUCTORA PETROLERA SA,0
2017,1,2017-01,"CRI HOLDING, INC.",0.0114383026774194
2017,1,2017-01,CROWN POINT ENERGIA S.A.,0
2017,1,2017-01,DAPETROL S.A.,0
2017,1,2017-01,ENAP SIPETROL ARGENTINA S.A.,2335.81096774194
2017,1,2017-01,ENERGICON S.A.,0
2017,1,2017-01,EXXONMOBIL EXPLORATION ARGENTINA S.R.L.,0
2017,1,2017-01,FOMICRUZ S.E.,0.554516129032258
2017,1,2017-01,GAS Y PETROLEO DEL NEUQUEN S.A.,32.1228387096774
2017,1,2017-01,GEOPARK ARGENTINA LTD. (SUCURSAL ARGENTINA),0
2017,1,2017-01,GRECOIL y CIA. S.R.L.,10.0709677419355
2017,1,2017-01,HIGH LUCK GROUP LTD. - SUCURSAL ARGENTINA,54.8734193548387
2017,1,2017-01,INGENIERIA ALPA S.A.,3.22548387096774
2017,1,2017-01,INGENIERIA SIMA S.A.,0
2017,1,2017-01,JHP INTERNATIONAL PETROLEUM ENGINEERING LTD,0
2017,1,2017-01,KILWER S.A.,0
2017,1,2017-01,MADALENA AUSTRAL S.A.,0
2017,1,2017-01,MADALENA ENERGY ARGENTINA SRL ,16.2207096774194
2017,1,2017-01,MADALENA PETROLEUM (AMERICAS) LTD. (SUCURSAL ARGENTINA),84.5387096774193
2017,1,2017-01,MEDANITO S.A.,275.082258064516
2017,1,2017-01,O&G DEVELOPMENTS LTD S.A.,27.3425806451613
2017,1,2017-01,OIL M&S S.A.,0
2017,1,2017-01,OILSTONE ENERGIA S.A.,584.926774193548
2017,1,2017-01,PAMPETROL S.A.P.E.M,0.709677419354839
2017,1,2017-01,PAN AMERICAN ENERGY (SUCURSAL ARGENTINA) LLC,15106.1332258065
2017,1,2017-01,PETRO AP S.A.,10.2712903225806
2017,1,2017-01,PETROBRAS ARGENTINA S.A.,4247.74090322581
2017,1,2017-01,PETROFARO S.A.,24.059064516129
2017,1,2017-01,PETROLEOS SUDAMERICANOS S.A.,19.07
2017,1,2017-01,PETROLERA CERRO NEGRO S.A.,40.0225483870968
2017,1,2017-01,PETROLERA DEL COMAHUE S.A.,0
2017,1,2017-01,PETROLERA EL TREBOL S.A.,13.546
2017,1,2017-01,PETROLERA ENTRE LOMAS S.A.,1288.01935483871
2017,1,2017-01,PETROLERA LF COMPANY S.R.L.,1842.05258064516
2017,1,2017-01,PETROLERA PAMPA S.A. ,242.063258064516
2017,1,2017-01,PETROLERA PATAGONIA S.R.L.,0
2017,1,2017-01,PETROLERA PIEDRA DEL AGUILA S.A.,0
2017,1,2017-01,PETROMINERA CHUBUT S.E.,0
2017,1,2017-01,PETROQUIMICA COMODORO RIVADAVIA S.A.,775.571612903226
2017,1,2017-01,PLUSPETROL ENERGY S.A.,1675.19912903226
2017,1,2017-01,PLUSPETROL S.A.,3034.24183870935
2017,1,2017-01,PRESIDENT PETROLEUM S.A.,6.31945161290323
2017,1,2017-01,QUINTANA E&P ARGENTINA S.R.L.,1.44783870967742
2017,1,2017-01,ROCH S.A.,1448.00787096774
2017,1,2017-01,SAN JORGE PETROLEUM S.A.,20.5598709677419
2017,1,2017-01,"SINOPEC ARGENTINA EXPLORATION AND PRODUCTION, INC.",2179.98553967742
2017,1,2017-01,TECPETROL S.A.,3562.76793548387
2017,1,2017-01,TOTAL AUSTRAL S.A.,33268.1093225806
2017,1,2017-01,UNITEC ENERGY S.A.,3.93548387096774
2017,1,2017-01,WINTERSHALL ENERGIA S.A.,9.66193548387097
2017,1,2017-01,YPF S.A.,42222.2803225806
2017,1,2017-01,YSUR ENERGÍA ARGENTINA S.R.L.,3650.83419354839
2017,1,2017-01,YSUR PETROLERA ARGENTINA S.A.,105.077096774194
2017,2,2017-02,AMERICAS PETROGAS ARGENTINA S.A.,35.7247142857143
2017,2,2017-02,APCO OIL AND GAS INTERNATIONAL INC (SUCURSAL ARGENTINA),30.2727857142857
2017,2,2017-02,ARGENTA ENERGIA S.A.,0
2017,2,2017-02,CAPEX S.A.,1463.39
2017,2,2017-02,CENTRAL INTERNATIONAL CORPORATION (SUCURSAL ARGENTINA),22.8419285714286
2017,2,2017-02,CHAÑARES ENERGIA S.A.,13.85675
2017,2,2017-02,CHEVRON ARGENTINA S.R.L.,546.839285714286
2017,2,2017-02,COLHUE HUAPI S.A.,9.85714285714286
2017,2,2017-02,COMPAÑÍA GENERAL DE COMBUSTIBLES S.A.,2539.27184721429
2017,2,2017-02,COMPAÑÍAS ASOCIADAS PETROLERAS S.A.,121.634642857143
2017,2,2017-02,COPESA CIA CONSTRUCTORA PETROLERA SA,0
2017,2,2017-02,"CRI HOLDING, INC.",0.0242483500714286
2017,2,2017-02,CROWN POINT ENERGIA S.A.,0
2017,2,2017-02,DAPETROL S.A.,0
2017,2,2017-02,ENAP SIPETROL ARGENTINA S.A.,2286.76857142857
2017,2,2017-02,ENERGICON S.A.,0
2017,2,2017-02,EXXONMOBIL EXPLORATION ARGENTINA S.R.L.,0
2017,2,2017-02,FOMICRUZ S.E.,0.513571428571429
2017,2,2017-02,GAS Y PETROLEO DEL NEUQUEN S.A.,44.3750714285714
2017,2,2017-02,GEOPARK ARGENTINA LTD. (SUCURSAL ARGENTINA),0
2017,2,2017-02,GRECOIL y CIA. S.R.L.,9.03285714285714
2017,2,2017-02,HIGH LUCK GROUP LTD. - SUCURSAL ARGENTINA,53.645
2017,2,2017-02,INGENIERIA ALPA S.A.,2.90357142857143
2017,2,2017-02,INGENIERIA SIMA S.A.,0
2017,2,2017-02,JHP INTERNATIONAL PETROLEUM ENGINEERING LTD,0
2017,2,2017-02,KILWER S.A.,0
2017,2,2017-02,MADALENA AUSTRAL S.A.,0
2017,2,2017-02,MADALENA ENERGY ARGENTINA SRL ,18.06175
2017,2,2017-02,MADALENA PETROLEUM (AMERICAS) LTD. (SUCURSAL ARGENTINA),81.6710714285714
2017,2,2017-02,MEDANITO S.A.,280.069285714286
2017,2,2017-02,O&G DEVELOPMENTS LTD S.A.,27.9535714285714
2017,2,2017-02,OIL M&S S.A.,0
2017,2,2017-02,OILSTONE ENERGIA S.A.,569.108571428572
2017,2,2017-02,PAMPETROL S.A.P.E.M,0.714285714285714
2017,2,2017-02,PAN AMERICAN ENERGY (SUCURSAL ARGENTINA) LLC,15326.2446428571
2017,2,2017-02,PETRO AP S.A.,10.4642857142857
2017,2,2017-02,PETROBRAS ARGENTINA S.A.,4397.32939285714
2017,2,2017-02,PETROFARO S.A.,25.8190714285714
2017,2,2017-02,PETROLEOS SUDAMERICANOS S.A.,19.2392857142857
2017,2,2017-02,PETROLERA CERRO NEGRO S.A.,39.6081785714286
2017,2,2017-02,PETROLERA DEL COMAHUE S.A.,0
2017,2,2017-02,PETROLERA EL TREBOL S.A.,13.9788928571429
2017,2,2017-02,PETROLERA ENTRE LOMAS S.A.,1347.26785714286
2017,2,2017-02,PETROLERA LF COMPANY S.R.L.,1821.49642857143
2017,2,2017-02,PETROLERA PAMPA S.A. ,232.807678571429
2017,2,2017-02,PETROLERA PATAGONIA S.R.L.,0
2017,2,2017-02,PETROLERA PIEDRA DEL AGUILA S.A.,0
2017,2,2017-02,PETROMINERA CHUBUT S.E.,0
2017,2,2017-02,PETROQUIMICA COMODORO RIVADAVIA S.A.,775.8075
2017,2,2017-02,PLUSPETROL ENERGY S.A.,1680.1415
2017,2,2017-02,PLUSPETROL S.A.,3087.01278571429
2017,2,2017-02,PRESIDENT PETROLEUM S.A.,6.35032142857143
2017,2,2017-02,QUINTANA E&P ARGENTINA S.R.L.,1.66789285714286
2017,2,2017-02,ROCH S.A.,1455.38035714286
2017,2,2017-02,SAN JORGE PETROLEUM S.A.,18.5353214285714
2017,2,2017-02,"SINOPEC ARGENTINA EXPLORATION AND PRODUCTION, INC.",2138.40885035714
2017,2,2017-02,TECPETROL S.A.,3550.62192857143
2017,2,2017-02,TOTAL AUSTRAL S.A.,27209.9375714286
2017,2,2017-02,UNITEC ENERGY S.A.,3.5
2017,2,2017-02,WINTERSHALL ENERGIA S.A.,9.185
2017,2,2017-02,YPF S.A.,41938.4021428571
2017,2,2017-02,YSUR ENERGÍA ARGENTINA S.R.L.,3558.64714285714
2017,2,2017-02,YSUR PETROLERA ARGENTINA S.A.,97.995
2017,3,2017-03,AMERICAS PETROGAS ARGENTINA S.A.,47.5716774193548
2017,3,2017-03,APCO OIL AND GAS INTERNATIONAL INC (SUCURSAL ARGENTINA),26.6375161290323
2017,3,2017-03,ARGENTA ENERGIA S.A.,0
2017,3,2017-03,CAPEX S.A.,1449.54677419355
2017,3,2017-03,CENTRAL INTERNATIONAL CORPORATION (SUCURSAL ARGENTINA),4.49496774193548
2017,3,2017-03,CHAÑARES ENERGIA S.A.,13.7408064516129
2017,3,2017-03,CHEVRON ARGENTINA S.R.L.,597.436774193548
2017,3,2017-03,COLHUE HUAPI S.A.,9.76774193548387
2017,3,2017-03,COMPAÑÍA GENERAL DE COMBUSTIBLES S.A.,2668.44024519355
2017,3,2017-03,COMPAÑÍAS ASOCIADAS PETROLERAS S.A.,112.137419354839
2017,3,2017-03,COPESA CIA CONSTRUCTORA PETROLERA SA,0
2017,3,2017-03,"CRI HOLDING, INC.",0.0150421787096774
2017,3,2017-03,CROWN POINT ENERGIA S.A.,0
2017,3,2017-03,DAPETROL S.A.,0
2017,3,2017-03,EDHIPSA,11.4038709677419
2017,3,2017-03,ENAP SIPETROL ARGENTINA S.A.,2225.42677419355
2017,3,2017-03,ENERGICON S.A.,0
2017,3,2017-03,EXXONMOBIL EXPLORATION ARGENTINA S.R.L.,0
2017,3,2017-03,FOMICRUZ S.E.,0.774193548387097
2017,3,2017-03,GAS Y PETROLEO DEL NEUQUEN S.A.,1.41161290322581
2017,3,2017-03,GEOPARK ARGENTINA LTD. (SUCURSAL ARGENTINA),0
2017,3,2017-03,GRECOIL y CIA. S.R.L.,5.92903225806452
2017,3,2017-03,HIGH LUCK GROUP LTD. - SUCURSAL ARGENTINA,53.2170967741935
2017,3,2017-03,INGENIERIA ALPA S.A.,2.8541935483871
2017,3,2017-03,INGENIERIA SIMA S.A.,0
2017,3,2017-03,JHP INTERNATIONAL PETROLEUM ENGINEERING LTD,0
2017,3,2017-03,KILWER S.A.,0
2017,3,2017-03,MADALENA AUSTRAL S.A.,0
2017,3,2017-03,MADALENA ENERGY ARGENTINA SRL ,17.8083870967742
2017,3,2017-03,MADALENA PETROLEUM (AMERICAS) LTD. (SUCURSAL ARGENTINA),81.5378709677419
2017,3,2017-03,MEDANITO S.A.,266.014193548387
2017,3,2017-03,O&G DEVELOPMENTS LTD S.A.,28.8729032258064
2017,3,2017-03,OIL M&S S.A.,0
2017,3,2017-03,OILSTONE ENERGIA S.A.,564.318064516129
2017,3,2017-03,PAMPETROL S.A.P.E.M,0.645
2017,3,2017-03,PAN AMERICAN ENERGY (SUCURSAL ARGENTINA) LLC,15207.7616129032
2017,3,2017-03,PETRO AP S.A.,9.73564516129032
2017,3,2017-03,PETROBRAS ARGENTINA S.A.,4485.58235483871
2017,3,2017-03,PETROFARO S.A.,11.8061290322581
2017,3,2017-03,PETROLEOS SUDAMERICANOS S.A.,19.3641935483871
2017,3,2017-03,PETROLERA CERRO NEGRO S.A.,38.6681612903226
2017,3,2017-03,PETROLERA DEL COMAHUE S.A.,0
2017,3,2017-03,PETROLERA EL TREBOL S.A.,16.1818387096774
2017,3,2017-03,PETROLERA ENTRE LOMAS S.A.,1363.1935483871
2017,3,2017-03,PETROLERA LF COMPANY S.R.L.,1794.59935483871
2017,3,2017-03,PETROLERA PAMPA S.A. ,238.148806451613
2017,3,2017-03,PETROLERA PATAGONIA S.R.L.,0
2017,3,2017-03,PETROLERA PIEDRA DEL AGUILA S.A.,0
2017,3,2017-03,PETROMINERA CHUBUT S.E.,0
2017,3,2017-03,PETROQUIMICA COMODORO RIVADAVIA S.A.,870.218387096774
2017,3,2017-03,PLUSPETROL ENERGY S.A.,1646.26470967742
2017,3,2017-03,PLUSPETROL S.A.,2981.54251612871
2017,3,2017-03,PRESIDENT PETROLEUM S.A.,9.39345161290323
2017,3,2017-03,QUINTANA E&P ARGENTINA S.R.L.,1.50635483870968
2017,3,2017-03,ROCH S.A.,1440.86048387097
2017,3,2017-03,SAN JORGE PETROLEUM S.A.,18.2834516129032
2017,3,2017-03,"SINOPEC ARGENTINA EXPLORATION AND PRODUCTION, INC.",1976.50396774194
2017,3,2017-03,TECPETROL S.A.,3865.77129032258
2017,3,2017-03,TOTAL AUSTRAL S.A.,31765.5012903226
2017,3,2017-03,UNITEC ENERGY S.A.,3.83870967741935
2017,3,2017-03,WINTERSHALL ENERGIA S.A.,5.63258064516129
2017,3,2017-03,YPF S.A.,42633.964516129
2017,3,2017-03,YSUR ENERGÍA ARGENTINA S.R.L.,3527.30677419355
2017,3,2017-03,YSUR PETROLERA ARGENTINA S.A.,98.2945161290323
2017,4,2017-04,AMERICAS PETROGAS ARGENTINA S.A.,78.4248333333333
2017,4,2017-04,APCO OIL AND GAS INTERNATIONAL INC (SUCURSAL ARGENTINA),21.9919333333333
2017,4,2017-04,ARGENTA ENERGIA S.A.,0
2017,4,2017-04,CAPEX S.A.,1432.139
2017,4,2017-04,CENTRAL INTERNATIONAL CORPORATION (SUCURSAL ARGENTINA),0
2017,4,2017-04,CHAÑARES ENERGIA S.A.,13.0068
2017,4,2017-04,CHEVRON ARGENTINA S.R.L.,582.914333333333
2017,4,2017-04,COLHUE HUAPI S.A.,4.53
2017,4,2017-04,COMPAÑÍA GENERAL DE COMBUSTIBLES S.A.,2694.99332126667
2017,4,2017-04,COMPAÑÍAS ASOCIADAS PETROLERAS S.A.,86.358
2017,4,2017-04,COPESA CIA CONSTRUCTORA PETROLERA SA,0
2017,4,2017-04,"CRI HOLDING, INC.",0.0057790391
2017,4,2017-04,CROWN POINT ENERGIA S.A.,0
2017,4,2017-04,DAPETROL S.A.,0
2017,4,2017-04,EDHIPSA,9.98666666666667
2017,4,2017-04,ENAP SIPETROL ARGENTINA S.A.,2230.519
2017,4,2017-04,ENERGICON S.A.,0
2017,4,2017-04,EXXONMOBIL EXPLORATION ARGENTINA S.R.L.,51.8516
2017,4,2017-04,FOMICRUZ S.E.,0.24
2017,4,2017-04,GAS Y PETROLEO DEL NEUQUEN S.A.,1.80866666666667
2017,4,2017-04,GEOPARK ARGENTINA LTD. (SUCURSAL ARGENTINA),0
2017,4,2017-04,GRECOIL y CIA. S.R.L.,7.14666666666667
2017,4,2017-04,HIGH LUCK GROUP LTD. - SUCURSAL ARGENTINA,54.6046666666667
2017,4,2017-04,INGENIERIA ALPA S.A.,2.239
2017,4,2017-04,INGENIERIA SIMA S.A.,0
2017,4,2017-04,JHP INTERNATIONAL PETROLEUM ENGINEERING LTD,0
2017,4,2017-04,KILWER S.A.,0
2017,4,2017-04,MADALENA AUSTRAL S.A.,0
2017,4,2017-04,MADALENA ENERGY ARGENTINA SRL ,16.1019666666667
2017,4,2017-04,MADALENA PETROLEUM (AMERICAS) LTD. (SUCURSAL ARGENTINA),84.4750333333333
2017,4,2017-04,MEDANITO S.A.,247.753333333333
2017,4,2017-04,O&G DEVELOPMENTS LTD S.A.,29.6666666666667
2017,4,2017-04,OIL M&S S.A.,0
2017,4,2017-04,OILSTONE ENERGIA S.A.,554.089666666667
2017,4,2017-04,PAMPETROL S.A.P.E.M,0.645
2017,4,2017-04,PAN AMERICAN ENERGY (SUCURSAL ARGENTINA) LLC,15201.911
2017,4,2017-04,PETRO AP S.A.,9.455
2017,4,2017-04,PETROBRAS ARGENTINA S.A.,4540.23473333333
2017,4,2017-04,PETROFARO S.A.,21.252
2017,4,2017-04,PETROLEOS SUDAMERICANOS S.A.,19.166
2017,4,2017-04,PETROLERA CERRO NEGRO S.A.,37.3912666666667
2017,4,2017-04,PETROLERA DEL COMAHUE S.A.,0
2017,4,2017-04,PETROLERA EL TREBOL S.A.,36.7103666666667
2017,4,2017-04,PETROLERA ENTRE LOMAS S.A.,1371.78
2017,4,2017-04,PETROLERA LF COMPANY S.R.L.,1756.24866666667
2017,4,2017-04,PETROLERA PAMPA S.A. ,222.380933333333
2017,4,2017-04,PETROLERA PATAGONIA S.R.L.,0
2017,4,2017-04,PETROLERA PIEDRA DEL AGUILA S.A.,0
2017,4,2017-04,PETROMINERA CHUBUT S.E.,0
2017,4,2017-04,PETROQUIMICA COMODORO RIVADAVIA S.A.,817.212
2017,4,2017-04,PLUSPETROL ENERGY S.A.,1624.77236666667
2017,4,2017-04,PLUSPETROL S.A.,3017.585966667
2017,4,2017-04,PRESIDENT PETROLEUM S.A.,16.0301
2017,4,2017-04,QUINTANA E&P ARGENTINA S.R.L.,1.7897
2017,4,2017-04,ROCH S.A.,1363.92306666667
2017,4,2017-04,SAN JORGE PETROLEUM S.A.,18.2787333333333
2017,4,2017-04,"SINOPEC ARGENTINA EXPLORATION AND PRODUCTION, INC.",1986.20551033333
2017,4,2017-04,TECPETROL S.A.,3998.6144
2017,4,2017-04,TOTAL AUSTRAL S.A.,33802.3111666667
2017,4,2017-04,UNITEC ENERGY S.A.,3.13333333333333
2017,4,2017-04,WINTERSHALL ENERGIA S.A.,9.56166666666667
2017,4,2017-04,YPF S.A.,41659.4406666667
2017,4,2017-04,YSUR ENERGÍA ARGENTINA S.R.L.,3451.52533333333
2017,4,2017-04,YSUR PETROLERA ARGENTINA S.A.,94.2283333333333
2017,5,2017-05,AMERICAS PETROGAS ARGENTINA S.A.,53.7957096774194
2017,5,2017-05,APCO OIL AND GAS INTERNATIONAL INC (SUCURSAL ARGENTINA),12.1533548387097
2017,5,2017-05,ARGENTA ENERGIA S.A.,0
2017,5,2017-05,CAPEX S.A.,1413.85677419355
2017,5,2017-05,CHAÑARES ENERGIA S.A.,12.5580967741935
2017,5,2017-05,CHEVRON ARGENTINA S.R.L.,520.968387096774
2017,5,2017-05,COLHUE HUAPI S.A.,8.68387096774194
2017,5,2017-05,COMPAÑÍA GENERAL DE COMBUSTIBLES S.A.,2775.05337245161
2017,5,2017-05,COMPAÑÍAS ASOCIADAS PETROLERAS S.A.,105.693870967742
2017,5,2017-05,COPESA CIA CONSTRUCTORA PETROLERA SA,0
2017,5,2017-05,"CRI HOLDING, INC.",0.0108203986451613
2017,5,2017-05,CROWN POINT ENERGIA S.A.,0
2017,5,2017-05,DAPETROL S.A.,0
2017,5,2017-05,EDHIPSA,4.82838709677419
2017,5,2017-05,ENAP SIPETROL ARGENTINA S.A.,2028.35709677419
2017,5,2017-05,ENERGICON S.A.,0
2017,5,2017-05,EXXONMOBIL EXPLORATION ARGENTINA S.R.L.,49.2859032258065
2017,5,2017-05,FOMICRUZ S.E.,0.682903225806452
2017,5,2017-05,GAS Y PETROLEO DEL NEUQUEN S.A.,2.56451612903226
2017,5,2017-05,GEOPARK ARGENTINA LTD. (SUCURSAL ARGENTINA),0
2017,5,2017-05,GRECOIL y CIA. S.R.L.,7.57096774193548
2017,5,2017-05,HIGH LUCK GROUP LTD. - SUCURSAL ARGENTINA,52.2421935483871
2017,5,2017-05,INGENIERIA ALPA S.A.,2.94322580645161
2017,5,2017-05,INGENIERIA SIMA S.A.,0
2017,5,2017-05,JHP INTERNATIONAL PETROLEUM ENGINEERING LTD,0
2017,5,2017-05,KILWER S.A.,0
2017,5,2017-05,MADALENA AUSTRAL S.A.,0
2017,5,2017-05,MADALENA ENERGY ARGENTINA SRL ,13.387935483871
2017,5,2017-05,MADALENA PETROLEUM (AMERICAS) LTD. (SUCURSAL ARGENTINA),86.6047096774194
2017,5,2017-05,MEDANITO S.A.,224.344193548387
2017,5,2017-05,O&G DEVELOPMENTS LTD S.A.,40.2903225806452
2017,5,2017-05,OIL M&S S.A.,0
2017,5,2017-05,OILSTONE ENERGIA S.A.,544.615806451613
2017,5,2017-05,PAMPETROL S.A.P.E.M,0.645161290322581
2017,5,2017-05,PAN AMERICAN ENERGY (SUCURSAL ARGENTINA) LLC,15245.0080645161
2017,5,2017-05,PETRO AP S.A.,11.3287096774194
2017,5,2017-05,PETROBRAS ARGENTINA S.A.,4533.4834516129
2017,5,2017-05,PETROFARO S.A.,22.0207096774194
2017,5,2017-05,PETROLEOS SUDAMERICANOS S.A.,19.2564516129032
2017,5,2017-05,PETROLERA CERRO NEGRO S.A.,35.8478064516129
2017,5,2017-05,PETROLERA DEL COMAHUE S.A.,0
2017,5,2017-05,PETROLERA EL TREBOL S.A.,37.6019032258065
2017,5,2017-05,PETROLERA ENTRE LOMAS S.A.,1342.99677419355
2017,5,2017-05,PETROLERA LF COMPANY S.R.L.,1817.93290322581
2017,5,2017-05,PETROLERA PAMPA S.A. ,214.094935483871
2017,5,2017-05,PETROLERA PATAGONIA S.R.L.,0
2017,5,2017-05,PETROLERA PIEDRA DEL AGUILA S.A.,0
2017,5,2017-05,PETROMINERA CHUBUT S.E.,0
2017,5,2017-05,PETROQUIMICA COMODORO RIVADAVIA S.A.,902.061612903226
2017,5,2017-05,PLUSPETROL ENERGY S.A.,1601.20309677419
2017,5,2017-05,PLUSPETROL S.A.,2988.48451612903
2017,5,2017-05,PRESIDENT PETROLEUM S.A.,14.069935483871
2017,5,2017-05,QUINTANA E&P ARGENTINA S.R.L.,1.69496774193548
2017,5,2017-05,ROCH S.A.,1398.60235483871
2017,5,2017-05,SAN JORGE PETROLEUM S.A.,16.1860322580645
2017,5,2017-05,"SINOPEC ARGENTINA EXPLORATION AND PRODUCTION, INC.",2112.69652699677
2017,5,2017-05,TECPETROL S.A.,4239.91087096774
2017,5,2017-05,TOTAL AUSTRAL S.A.,32368.5303548387
2017,5,2017-05,UNITEC ENERGY S.A.,3.83870967741935
2017,5,2017-05,WINTERSHALL ENERGIA S.A.,12.0158064516129
2017,5,2017-05,YPF S.A.,41721.1564516129
2017,5,2017-05,YSUR ENERGÍA ARGENTINA S.R.L.,3399.84870967742
2017,5,2017-05,YSUR PETROLERA ARGENTINA S.A.,88.8054838709677
2017,6,2017-06,AMERICAS PETROGAS ARGENTINA S.A.,29.3298666666667
2017,6,2017-06,APCO OIL AND GAS INTERNATIONAL INC (SUCURSAL ARGENTINA),11.4243666666667
2017,6,2017-06,ARGENTA ENERGIA S.A.,0
2017,6,2017-06,CAPEX S.A.,1387.06466666667
2017,6,2017-06,CHAÑARES ENERGIA S.A.,10.9561666666667
2017,6,2017-06,CHEVRON ARGENTINA S.R.L.,544.372
2017,6,2017-06,COLHUE HUAPI S.A.,8.31
2017,6,2017-06,COMPAÑÍA GENERAL DE COMBUSTIBLES S.A.,2638.75863136667
2017,6,2017-06,COMPAÑÍAS ASOCIADAS PETROLERAS S.A.,117.925
2017,6,2017-06,COPESA CIA CONSTRUCTORA PETROLERA SA,0
2017,6,2017-06,"CRI HOLDING, INC.",0.0120333137333333
2017,6,2017-06,CROWN POINT ENERGIA S.A.,0
2017,6,2017-06,DAPETROL S.A.,0
2017,6,2017-06,EDHIPSA,5.1
2017,6,2017-06,ENAP SIPETROL ARGENTINA S.A.,1966.94066666667
2017,6,2017-06,ENERGICON S.A.,0
2017,6,2017-06,EXXONMOBIL EXPLORATION ARGENTINA S.R.L.,72.6759666666667
2017,6,2017-06,FOMICRUZ S.E.,0.692666666666667
2017,6,2017-06,GAS Y PETROLEO DEL NEUQUEN S.A.,0
2017,6,2017-06,GEOPARK ARGENTINA LTD. (SUCURSAL ARGENTINA),0
2017,6,2017-06,GRECOIL y CIA. S.R.L.,7.25
2017,6,2017-06,HIGH LUCK GROUP LTD. - SUCURSAL ARGENTINA,50.753
2017,6,2017-06,INGENIERIA ALPA S.A.,2.67066666666667
2017,6,2017-06,INGENIERIA SIMA S.A.,0
2017,6,2017-06,JHP INTERNATIONAL PETROLEUM ENGINEERING LTD,0
2017,6,2017-06,KILWER S.A.,0
2017,6,2017-06,MADALENA AUSTRAL S.A.,0
2017,6,2017-06,MADALENA ENERGY ARGENTINA SRL ,14.9577666666667
2017,6,2017-06,MADALENA PETROLEUM (AMERICAS) LTD. (SUCURSAL ARGENTINA),84.0100666666667
2017,6,2017-06,MEDANITO S.A.,237.654
2017,6,2017-06,O&G DEVELOPMENTS LTD S.A.,44.03
2017,6,2017-06,OIL M&S S.A.,0
2017,6,2017-06,OILSTONE ENERGIA S.A.,531.630333333333
2017,6,2017-06,PAMPETROL S.A.P.E.M,0.645
2017,6,2017-06,PAN AMERICAN ENERGY (SUCURSAL ARGENTINA) LLC,15131.2346666667
2017,6,2017-06,PETRO AP S.A.,11.5896666666667
2017,6,2017-06,PETROBRAS ARGENTINA S.A.,4567.03923333333
2017,6,2017-06,PETROFARO S.A.,20.0587
2017,6,2017-06,PETROLEOS SUDAMERICANOS S.A.,22.077
2017,6,2017-06,PETROLERA CERRO NEGRO S.A.,33.8243666666667
2017,6,2017-06,PETROLERA DEL COMAHUE S.A.,0
2017,6,2017-06,PETROLERA EL TREBOL S.A.,37.4692666666667
2017,6,2017-06,PETROLERA ENTRE LOMAS S.A.,1321.95
2017,6,2017-06,PETROLERA LF COMPANY S.R.L.,1811.32566666667
2017,6,2017-06,PETROLERA PAMPA S.A. ,219.119866666667
2017,6,2017-06,PETROLERA PATAGONIA S.R.L.,0
2017,6,2017-06,PETROLERA PIEDRA DEL AGUILA S.A.,0
2017,6,2017-06,PETROMINERA CHUBUT S.E.,0
2017,6,2017-06,PETROQUIMICA COMODORO RIVADAVIA S.A.,839.718333333333
2017,6,2017-06,PLUSPETROL ENERGY S.A.,1545.23426666667
2017,6,2017-06,PLUSPETROL S.A.,3011.99386666733
2017,6,2017-06,PRESIDENT PETROLEUM S.A.,12.6908666666667
2017,6,2017-06,QUINTANA E&P ARGENTINA S.R.L.,1.52
2017,6,2017-06,ROCH S.A.,1360.677
2017,6,2017-06,SAN JORGE PETROLEUM S.A.,25.7816333333333
2017,6,2017-06,"SINOPEC ARGENTINA EXPLORATION AND PRODUCTION, INC.",2025.397793
2017,6,2017-06,TECPETROL S.A.,4304.76853333333
2017,6,2017-06,TOTAL AUSTRAL S.A.,33274.9767
2017,6,2017-06,UNITEC ENERGY S.A.,2.73333333333333
2017,6,2017-06,WINTERSHALL ENERGIA S.A.,25.231
2017,6,2017-06,YPF S.A.,41335.457
2017,6,2017-06,YSUR ENERGÍA ARGENTINA S.R.L.,3500.50833333333
2017,6,2017-06,YSUR PETROLERA ARGENTINA S.A.,82.44
2017,7,2017-07,AMERICAS PETROGAS ARGENTINA S.A.,25.9707096774194
2017,7,2017-07,APCO OIL AND GAS INTERNATIONAL INC (SUCURSAL ARGENTINA),10.8396129032258
2017,7,2017-07,ARGENTA ENERGIA S.A.,0
2017,7,2017-07,CAPEX S.A.,1361.32161290323
2017,7,2017-07,CHAÑARES ENERGIA S.A.,10.5615483870968
2017,7,2017-07,CHEVRON ARGENTINA S.R.L.,555.785806451613
2017,7,2017-07,COLHUE HUAPI S.A.,8.13225806451613
2017,7,2017-07,COMPAÑÍA GENERAL DE COMBUSTIBLES S.A.,2696.45436645161
2017,7,2017-07,COMPAÑÍAS ASOCIADAS PETROLERAS S.A.,123.908387096774
2017,7,2017-07,COPESA CIA CONSTRUCTORA PETROLERA SA,0
2017,7,2017-07,"CRI HOLDING, INC.",0.0145025503870968
2017,7,2017-07,CROWN POINT ENERGIA S.A.,0
2017,7,2017-07,DAPETROL S.A.,0
2017,7,2017-07,EDHIPSA,4.84387096774194
2017,7,2017-07,ENAP SIPETROL ARGENTINA S.A.,1919.11129032258
2017,7,2017-07,ENERGICON S.A.,0
2017,7,2017-07,EXXONMOBIL EXPLORATION ARGENTINA S.R.L.,48.8817096774194
2017,7,2017-07,FOMICRUZ S.E.,0.905161290322581
2017,7,2017-07,GAS Y PETROLEO DEL NEUQUEN S.A.,0
2017,7,2017-07,GEOPARK ARGENTINA LTD. (SUCURSAL ARGENTINA),0
2017,7,2017-07,GRECOIL y CIA. S.R.L.,7
2017,7,2017-07,HIGH LUCK GROUP LTD. - SUCURSAL ARGENTINA,50.6600967741935
2017,7,2017-07,INGENIERIA ALPA S.A.,2.13322580645161
2017,7,2017-07,INGENIERIA SIMA S.A.,0
2017,7,2017-07,INTERENERGY ARGENTINA S.A.,0
2017,7,2017-07,JHP INTERNATIONAL PETROLEUM ENGINEERING LTD,0
2017,7,2017-07,KILWER S.A.,0
2017,7,2017-07,MADALENA AUSTRAL S.A.,0
2017,7,2017-07,MADALENA ENERGY ARGENTINA SRL ,14.1621935483871
2017,7,2017-07,MADALENA PETROLEUM (AMERICAS) LTD. (SUCURSAL ARGENTINA),80.5942258064516
2017,7,2017-07,MEDANITO S.A.,252.455161290323
2017,7,2017-07,O&G DEVELOPMENTS LTD S.A.,44.5804193548387
2017,7,2017-07,OIL M&S S.A.,0
2017,7,2017-07,OILSTONE ENERGIA S.A.,539.257419354839
2017,7,2017-07,PAMPETROL S.A.P.E.M,0.645161290322581
2017,7,2017-07,PAN AMERICAN ENERGY (SUCURSAL ARGENTINA) LLC,14992.9193548387
2017,7,2017-07,PETRO AP S.A.,11.1674193548387
2017,7,2017-07,PETROBRAS ARGENTINA S.A.,4598.44929032258
2017,7,2017-07,PETROFARO S.A.,23.4119677419355
2017,7,2017-07,PETROLEOS SUDAMERICANOS S.A.,19.9329032258064
2017,7,2017-07,PETROLERA CERRO NEGRO S.A.,34.2136129032258
2017,7,2017-07,PETROLERA DEL COMAHUE S.A.,0
2017,7,2017-07,PETROLERA EL TREBOL S.A.,37.0886451612903
2017,7,2017-07,PETROLERA ENTRE LOMAS S.A.,1389.33225806452
2017,7,2017-07,PETROLERA LF COMPANY S.R.L.,1795.81161290323
2017,7,2017-07,PETROLERA PAMPA S.A. ,219.702451612903
2017,7,2017-07,PETROLERA PATAGONIA S.R.L.,0
2017,7,2017-07,PETROLERA PIEDRA DEL AGUILA S.A.,0
2017,7,2017-07,PETROMINERA CHUBUT S.E.,0
2017,7,2017-07,PETROQUIMICA COMODORO RIVADAVIA S.A.,763.625806451613
2017,7,2017-07,PLUSPETROL ENERGY S.A.,1556.00251612903
2017,7,2017-07,PLUSPETROL S.A.,2978.82548387161
2017,7,2017-07,PRESIDENT PETROLEUM S.A.,7.24545161290323
2017,7,2017-07,QUINTANA E&P ARGENTINA S.R.L.,1.6741935483871
2017,7,2017-07,ROCH S.A.,1380.32219354839
2017,7,2017-07,SAN JORGE PETROLEUM S.A.,19.0213548387097
2017,7,2017-07,"SINOPEC ARGENTINA EXPLORATION AND PRODUCTION, INC.",2009.92331612903
2017,7,2017-07,TECPETROL S.A.,4341.15716129032
2017,7,2017-07,TOTAL AUSTRAL S.A.,34301.6438387097
2017,7,2017-07,UNITEC ENERGY S.A.,3.45161290322581
2017,7,2017-07,WINTERSHALL ENERGIA S.A.,30.7777419354839
2017,7,2017-07,YPF S.A.,41408.564516129
2017,7,2017-07,YSUR ENERGÍA ARGENTINA S.R.L.,3630.08741935484
2017,7,2017-07,YSUR PETROLERA ARGENTINA S.A.,80.91
2017,8,2017-08,AMERICAS PETROGAS ARGENTINA S.A.,21.0518064516129
2017,8,2017-08,APCO OIL AND GAS INTERNATIONAL INC (SUCURSAL ARGENTINA),17.9464193548387
2017,8,2017-08,ARGENTA ENERGIA S.A.,0
2017,8,2017-08,CAPEX S.A.,1372.62451612903
2017,8,2017-08,CHAÑARES ENERGIA S.A.,10.4716774193548
2017,8,2017-08,CHEVRON ARGENTINA S.R.L.,557.053225806452
2017,8,2017-08,COLHUE HUAPI S.A.,8.76774193548387
2017,8,2017-08,COMPAÑÍA GENERAL DE COMBUSTIBLES S.A.,2810.54226306452
2017,8,2017-08,COMPAÑÍAS ASOCIADAS PETROLERAS S.A.,120.143548387097
2017,8,2017-08,COPESA CIA CONSTRUCTORA PETROLERA SA,0
2017,8,2017-08,"CRI HOLDING, INC.",0.00982824735483871
2017,8,2017-08,CROWN POINT ENERGIA S.A.,0
2017,8,2017-08,DAPETROL S.A.,0
2017,8,2017-08,EDHIPSA,4.64838709677419
2017,8,2017-08,ENAP SIPETROL ARGENTINA S.A.,2389.30548387097
2017,8,2017-08,ENERGICON S.A.,0
2017,8,2017-08,EXXONMOBIL EXPLORATION ARGENTINA S.R.L.,87.9613870967742
2017,8,2017-08,FOMICRUZ S.E.,1.21967741935484
2017,8,2017-08,GAS Y PETROLEO DEL NEUQUEN S.A.,0
2017,8,2017-08,GEOPARK ARGENTINA LTD. (SUCURSAL ARGENTINA),0
2017,8,2017-08,GRECOIL y CIA. S.R.L.,7.11
2017,8,2017-08,HIGH LUCK GROUP LTD. - SUCURSAL ARGENTINA,53.8486774193548
2017,8,2017-08,INGENIERIA ALPA S.A.,2.68516129032258
2017,8,2017-08,INGENIERIA SIMA S.A.,0
2017,8,2017-08,INTERENERGY ARGENTINA S.A.,0.104193548387097
2017,8,2017-08,JHP INTERNATIONAL PETROLEUM ENGINEERING LTD,0
2017,8,2017-08,KILWER S.A.,0
2017,8,2017-08,MADALENA AUSTRAL S.A.,0
2017,8,2017-08,MADALENA ENERGY ARGENTINA SRL ,13.1665161290323
2017,8,2017-08,MADALENA PETROLEUM (AMERICAS) LTD. (SUCURSAL ARGENTINA),75.0146451612903
2017,8,2017-08,MEDANITO S.A.,217.852612903226
2017,8,2017-08,O&G DEVELOPMENTS LTD S.A.,39.9953870967742
2017,8,2017-08,OIL M&S S.A.,0
2017,8,2017-08,OILSTONE ENERGIA S.A.,549.710322580645
2017,8,2017-08,PAMPETROL S.A.P.E.M,0.645161290322581
2017,8,2017-08,PAN AMERICAN ENERGY (SUCURSAL ARGENTINA) LLC,15445.3161290323
2017,8,2017-08,PETRO AP S.A.,10.4558064516129
2017,8,2017-08,PETROBRAS ARGENTINA S.A.,4665.97941935484
2017,8,2017-08,PETROFARO S.A.,2.803
2017,8,2017-08,PETROLEOS SUDAMERICANOS S.A.,20.7296774193548
2017,8,2017-08,PETROLERA CERRO NEGRO S.A.,25.9295483870968
2017,8,2017-08,PETROLERA DEL COMAHUE S.A.,0
2017,8,2017-08,PETROLERA EL TREBOL S.A.,37.5321935483871
2017,8,2017-08,PETROLERA ENTRE LOMAS S.A.,1391.49032258065
2017,8,2017-08,PETROLERA LF COMPANY S.R.L.,1777.16741935484
2017,8,2017-08,PETROLERA PAMPA S.A. ,227.279
2017,8,2017-08,PETROLERA PATAGONIA S.R.L.,0
2017,8,2017-08,PETROLERA PIEDRA DEL AGUILA S.A.,0
2017,8,2017-08,PETROMINERA CHUBUT S.E.,0
2017,8,2017-08,PETROQUIMICA COMODORO RIVADAVIA S.A.,743.818387096774
2017,8,2017-08,PLUSPETROL ENERGY S.A.,1514.74846674194
2017,8,2017-08,PLUSPETROL S.A.,3016.18016129097
2017,8,2017-08,PRESIDENT PETROLEUM S.A.,6.9191935483871
2017,8,2017-08,QUINTANA E&P ARGENTINA S.R.L.,1.62903225806452
2017,8,2017-08,ROCH S.A.,1371.07622580645
2017,8,2017-08,SAN JORGE PETROLEUM S.A.,17.7599032258065
2017,8,2017-08,"SINOPEC ARGENTINA EXPLORATION AND PRODUCTION, INC.",2091.75220193548
2017,8,2017-08,TECPETROL S.A.,4379.34532258065
2017,8,2017-08,TOTAL AUSTRAL S.A.,33613.2587741935
2017,8,2017-08,UNITEC ENERGY S.A.,3.80645161290323
2017,8,2017-08,WINTERSHALL ENERGIA S.A.,37.9477419354839
2017,8,2017-08,YPF S.A.,41293.2041935484
2017,8,2017-08,YSUR ENERGÍA ARGENTINA S.R.L.,3689.55516129032
2017,8,2017-08,YSUR PETROLERA ARGENTINA S.A.,74.9264516129032
2017,9,2017-09,AMERICAS PETROGAS ARGENTINA S.A.,19.7528333333333
2017,9,2017-09,APCO OIL AND GAS INTERNATIONAL INC (SUCURSAL ARGENTINA),18.1796666666667
2017,9,2017-09,ARGENTA ENERGIA S.A.,0
2017,9,2017-09,CAPEX S.A.,1406.689
2017,9,2017-09,CHAÑARES ENERGIA S.A.,10.3613333333333
2017,9,2017-09,CHEVRON ARGENTINA S.R.L.,563.681
2017,9,2017-09,COLHUE HUAPI S.A.,9.00333333333333
2017,9,2017-09,COMPAÑÍA GENERAL DE COMBUSTIBLES S.A.,3178.44579016667
2017,9,2017-09,COMPAÑÍAS ASOCIADAS PETROLERAS S.A.,119.727333333333
2017,9,2017-09,COPESA CIA CONSTRUCTORA PETROLERA SA,0
2017,9,2017-09,"CRI HOLDING, INC.",0.0127675133
2017,9,2017-09,CROWN POINT ENERGIA S.A.,0
2017,9,2017-09,DAPETROL S.A.,0
2017,9,2017-09,EDHIPSA,6.35333333333333
2017,9,2017-09,ENAP SIPETROL ARGENTINA S.A.,1173.60733333333
2017,9,2017-09,ENERGIA COMPAÑIA PETROLERA S.A.,0.824266666666667
2017,9,2017-09,ENERGICON S.A.,0
2017,9,2017-09,EXXONMOBIL EXPLORATION ARGENTINA S.R.L.,270.440233333333
2017,9,2017-09,FOMICRUZ S.E.,1.059
2017,9,2017-09,GAS Y PETROLEO DEL NEUQUEN S.A.,0
2017,9,2017-09,GEOPARK ARGENTINA LTD. (SUCURSAL ARGENTINA),0
2017,9,2017-09,GRECOIL y CIA. S.R.L.,7.62666666666667
2017,9,2017-09,HIGH LUCK GROUP LTD. - SUCURSAL ARGENTINA,51.9050333333333
2017,9,2017-09,INGENIERIA ALPA S.A.,2.68133333333333
2017,9,2017-09,INGENIERIA SIMA S.A.,0
2017,9,2017-09,INTERENERGY ARGENTINA S.A.,0.107666666666667
2017,9,2017-09,JHP INTERNATIONAL PETROLEUM ENGINEERING LTD,0
2017,9,2017-09,KILWER S.A.,0
2017,9,2017-09,MADALENA AUSTRAL S.A.,0
2017,9,2017-09,MADALENA ENERGY ARGENTINA SRL ,12.7456333333333
2017,9,2017-09,MADALENA PETROLEUM (AMERICAS) LTD. (SUCURSAL ARGENTINA),74.2939333333333
2017,9,2017-09,MEDANITO S.A.,203.9409
2017,9,2017-09,O&G DEVELOPMENTS LTD S.A.,34.555
2017,9,2017-09,OIL M&S S.A.,0
2017,9,2017-09,OILSTONE ENERGIA S.A.,553.743333333333
2017,9,2017-09,PAMPETROL S.A.P.E.M,0.645
2017,9,2017-09,PAN AMERICAN ENERGY (SUCURSAL ARGENTINA) LLC,15262.582
2017,9,2017-09,PETRO AP S.A.,9.97166666666667
2017,9,2017-09,PETROBRAS ARGENTINA S.A.,4699.3598
2017,9,2017-09,PETROFARO S.A.,0
2017,9,2017-09,PETROLEOS SUDAMERICANOS S.A.,22.3133333333333
2017,9,2017-09,PETROLERA CERRO NEGRO S.A.,31.7350333333333
2017,9,2017-09,PETROLERA DEL COMAHUE S.A.,0
2017,9,2017-09,PETROLERA EL TREBOL S.A.,37.4680333333333
2017,9,2017-09,PETROLERA ENTRE LOMAS S.A.,1486.9
2017,9,2017-09,PETROLERA LF COMPANY S.R.L.,1752.70333333333
2017,9,2017-09,PETROLERA PAMPA S.A. ,223.851966666667
2017,9,2017-09,PETROLERA PATAGONIA S.R.L.,0
2017,9,2017-09,PETROLERA PIEDRA DEL AGUILA S.A.,0
2017,9,2017-09,PETROMINERA CHUBUT S.E.,0
2017,9,2017-09,PETROQUIMICA COMODORO RIVADAVIA S.A.,795.144333333333
2017,9,2017-09,PLUSPETROL ENERGY S.A.,1503.15076666667
2017,9,2017-09,PLUSPETROL S.A.,3039.97843333333
2017,9,2017-09,PRESIDENT PETROLEUM S.A.,7.71183333333333
2017,9,2017-09,QUINTANA E&P ARGENTINA S.R.L.,1.70333333333333
2017,9,2017-09,ROCH S.A.,1400.42583333333
2017,9,2017-09,SAN JORGE PETROLEUM S.A.,19.8510333333333
2017,9,2017-09,"SINOPEC ARGENTINA EXPLORATION AND PRODUCTION, INC.",2138.97512333333
2017,9,2017-09,TECPETROL S.A.,4476.8975
2017,9,2017-09,TOTAL AUSTRAL S.A.,33861.4301333333
2017,9,2017-09,UNITEC ENERGY S.A.,3.66666666666667
2017,9,2017-09,WINTERSHALL ENERGIA S.A.,35.514
2017,9,2017-09,YPF S.A.,41166.0253333333
2017,9,2017-09,YSUR ENERGÍA ARGENTINA S.R.L.,3650.77733333333
2017,9,2017-09,YSUR PETROLERA ARGENTINA S.A.,69.9106666666667
2017,10,2017-10,AMERICAS PETROGAS ARGENTINA S.A.,18.5743548387097
2017,10,2017-10,APCO OIL AND GAS INTERNATIONAL INC (SUCURSAL ARGENTINA),18.6700967741935
2017,10,2017-10,ARGENTA ENERGIA S.A.,0
2017,10,2017-10,CAPEX S.A.,1413.57419354839
2017,10,2017-10,CHAÑARES ENERGIA S.A.,9.47164516129032
2017,10,2017-10,CHEVRON ARGENTINA S.R.L.,575.161290322581
2017,10,2017-10,COLHUE HUAPI S.A.,9.20322580645161
2017,10,2017-10,COMPAÑÍA GENERAL DE COMBUSTIBLES S.A.,3475.40374335484
2017,10,2017-10,COMPAÑÍAS ASOCIADAS PETROLERAS S.A.,117.031290322581
2017,10,2017-10,COPESA CIA CONSTRUCTORA PETROLERA SA,0
2017,10,2017-10,"CRI HOLDING, INC.",0.011135238
2017,10,2017-10,CROWN POINT ENERGIA S.A.,0
2017,10,2017-10,DAPETROL S.A.,0
2017,10,2017-10,EDHIPSA,5.37387096774194
2017,10,2017-10,ENAP SIPETROL ARGENTINA S.A.,2182.18806451613
2017,10,2017-10,ENERGIA COMPAÑIA PETROLERA S.A.,0.797677419354839
2017,10,2017-10,ENERGICON S.A.,0
2017,10,2017-10,EXXONMOBIL EXPLORATION ARGENTINA S.R.L.,327.697483870968
2017,10,2017-10,FOMICRUZ S.E.,0.915483870967742
2017,10,2017-10,GAS Y PETROLEO DEL NEUQUEN S.A.,0
2017,10,2017-10,GEOPARK ARGENTINA LTD. (SUCURSAL ARGENTINA),0
2017,10,2017-10,GRECOIL y CIA. S.R.L.,9.73225806451613
2017,10,2017-10,HIGH LUCK GROUP LTD. - SUCURSAL ARGENTINA,54.5038709677419
2017,10,2017-10,INGENIERIA ALPA S.A.,3.24096774193548
2017,10,2017-10,INGENIERIA SIMA S.A.,0
2017,10,2017-10,INTERENERGY ARGENTINA S.A.,0.113225806451613
2017,10,2017-10,JHP INTERNATIONAL PETROLEUM ENGINEERING LTD,0
2017,10,2017-10,KILWER S.A.,0
2017,10,2017-10,MADALENA AUSTRAL S.A.,0
2017,10,2017-10,MADALENA ENERGY ARGENTINA SRL ,10.8507096774194
2017,10,2017-10,MADALENA PETROLEUM (AMERICAS) LTD. (SUCURSAL ARGENTINA),73.164
2017,10,2017-10,MEDANITO S.A.,177.850741935484
2017,10,2017-10,O&G DEVELOPMENTS LTD S.A.,48.2145806451613
2017,10,2017-10,OIL M&S S.A.,0
2017,10,2017-10,OILSTONE ENERGIA S.A.,503.122903225806
2017,10,2017-10,PAMPETROL S.A.P.E.M,720.35
2017,10,2017-10,PAN AMERICAN ENERGY (SUCURSAL ARGENTINA) LLC,14864.3977419355
2017,10,2017-10,PETRO AP S.A.,9.78096774193548
2017,10,2017-10,PETROBRAS ARGENTINA S.A.,4463.19925806452
2017,10,2017-10,PETROFARO S.A.,1.74261290322581
2017,10,2017-10,PETROLEOS SUDAMERICANOS S.A.,24.9638709677419
2017,10,2017-10,PETROLERA CERRO NEGRO S.A.,35.8897419354839
2017,10,2017-10,PETROLERA DEL COMAHUE S.A.,0
2017,10,2017-10,PETROLERA EL TREBOL S.A.,37.5472580645161
2017,10,2017-10,PETROLERA ENTRE LOMAS S.A.,1557.99677419355
2017,10,2017-10,PETROLERA LF COMPANY S.R.L.,1717.35
2017,10,2017-10,PETROLERA PAMPA S.A. ,0
2017,10,2017-10,PETROLERA PATAGONIA S.R.L.,0
2017,10,2017-10,PETROLERA PIEDRA DEL AGUILA S.A.,0
2017,10,2017-10,PETROMINERA CHUBUT S.E.,0
2017,10,2017-10,PETROQUIMICA COMODORO RIVADAVIA S.A.,975.827741935484
2017,10,2017-10,PLUSPETROL ENERGY S.A.,1474.16438709677
2017,10,2017-10,PLUSPETROL S.A.,3038.4875483871
2017,10,2017-10,PRESIDENT PETROLEUM S.A.,13.6722258064516
2017,10,2017-10,QUINTANA E&P ARGENTINA S.R.L.,1.64516129032258
2017,10,2017-10,ROCH S.A.,1363.65435483871
2017,10,2017-10,SAN JORGE PETROLEUM S.A.,20.656
2017,10,2017-10,"SINOPEC ARGENTINA EXPLORATION AND PRODUCTION, INC.",2116.14253516129
2017,10,2017-10,TECPETROL S.A.,4805.15458064516
2017,10,2017-10,TOTAL AUSTRAL S.A.,33837.691
2017,10,2017-10,UNITEC ENERGY S.A.,3.70967741935484
2017,10,2017-10,WINTERSHALL ENERGIA S.A.,23.0845161290323
2017,10,2017-10,YPF S.A.,40784.3538709677
2017,10,2017-10,YSUR ENERGÍA ARGENTINA S.R.L.,3829.82193548387
2017,10,2017-10,YSUR PETROLERA ARGENTINA S.A.,65.6258064516129
2017,11,2017-11,AMERICAS PETROGAS ARGENTINA S.A.,17.7209333333333
2017,11,2017-11,APCO OIL AND GAS INTERNATIONAL INC (SUCURSAL ARGENTINA),21.493
2017,11,2017-11,ARGENTA ENERGIA S.A.,0
2017,11,2017-11,CAPEX S.A.,1372.03666666667
2017,11,2017-11,CHAÑARES ENERGIA S.A.,9.19373333333333
2017,11,2017-11,CHEVRON ARGENTINA S.R.L.,568.259333333333
2017,11,2017-11,COLHUE HUAPI S.A.,8.83666666666667
2017,11,2017-11,COMPAÑÍA GENERAL DE COMBUSTIBLES S.A.,3543.2708428
2017,11,2017-11,COMPAÑÍAS ASOCIADAS PETROLERAS S.A.,127.883666666667
2017,11,2017-11,COPESA CIA CONSTRUCTORA PETROLERA SA,0
2017,11,2017-11,"CRI HOLDING, INC.",0.00960907423333333
2017,11,2017-11,CROWN POINT ENERGIA S.A.,0
2017,11,2017-11,DAPETROL S.A.,0
2017,11,2017-11,EDHIPSA,5.055
2017,11,2017-11,ENAP SIPETROL ARGENTINA S.A.,2277.99166666667
2017,11,2017-11,ENERGIA COMPAÑIA PETROLERA S.A.,0.787733333333333
2017,11,2017-11,ENERGICON S.A.,0
2017,11,2017-11,EXXONMOBIL EXPLORATION ARGENTINA S.R.L.,271.849733333333
2017,11,2017-11,FOMICRUZ S.E.,1.85333333333333
2017,11,2017-11,GAS Y PETROLEO DEL NEUQUEN S.A.,0
2017,11,2017-11,GEOPARK ARGENTINA LTD. (SUCURSAL ARGENTINA),0
2017,11,2017-11,GRECOIL y CIA. S.R.L.,9.72
2017,11,2017-11,HIGH LUCK GROUP LTD. - SUCURSAL ARGENTINA,57.371
2017,11,2017-11,INGENIERIA ALPA S.A.,2.96866666666667
2017,11,2017-11,INGENIERIA SIMA S.A.,0
2017,11,2017-11,INTERENERGY ARGENTINA S.A.,0.116
2017,11,2017-11,JHP INTERNATIONAL PETROLEUM ENGINEERING LTD,0
2017,11,2017-11,KILWER S.A.,0
2017,11,2017-11,MADALENA AUSTRAL S.A.,0
2017,11,2017-11,MADALENA ENERGY ARGENTINA SRL ,11.4837666666667
2017,11,2017-11,MADALENA PETROLEUM (AMERICAS) LTD. (SUCURSAL ARGENTINA),72.4779333333333
2017,11,2017-11,MEDANITO S.A.,182.185833333333
2017,11,2017-11,O&G DEVELOPMENTS LTD S.A.,52.6171333333333
2017,11,2017-11,OIL M&S S.A.,0
2017,11,2017-11,OILSTONE ENERGIA S.A.,537.579
2017,11,2017-11,PAMPETROL S.A.P.E.M,648.676
2017,11,2017-11,PAN AMERICAN ENERGY (SUCURSAL ARGENTINA) LLC,14388.628
2017,11,2017-11,PETRO AP S.A.,9.15833333333333
2017,11,2017-11,PETROBRAS ARGENTINA S.A.,4686.5911
2017,11,2017-11,PETROFARO S.A.,17.1683666666667
2017,11,2017-11,PETROLEOS SUDAMERICANOS S.A.,26.1
2017,11,2017-11,PETROLERA CERRO NEGRO S.A.,34.6600666666667
2017,11,2017-11,PETROLERA DEL COMAHUE S.A.,0
2017,11,2017-11,PETROLERA EL TREBOL S.A.,37.5043333333333
2017,11,2017-11,PETROLERA ENTRE LOMAS S.A.,1540.84
2017,11,2017-11,PETROLERA LF COMPANY S.R.L.,1811.22666666667
2017,11,2017-11,PETROLERA PAMPA S.A. ,0
2017,11,2017-11,PETROLERA PATAGONIA S.R.L.,0
2017,11,2017-11,PETROLERA PIEDRA DEL AGUILA S.A.,0
2017,11,2017-11,PETROMINERA CHUBUT S.E.,0
2017,11,2017-11,PETROQUIMICA COMODORO RIVADAVIA S.A.,959.921
2017,11,2017-11,PLUSPETROL ENERGY S.A.,1490.99093333333
2017,11,2017-11,PLUSPETROL S.A.,3017.0504
2017,11,2017-11,PRESIDENT PETROLEUM S.A.,11.0005333333333
2017,11,2017-11,QUINTANA E&P ARGENTINA S.R.L.,1.59
2017,11,2017-11,ROCH S.A.,1331.8302
2017,11,2017-11,SAN JORGE PETROLEUM S.A.,18.2571666666667
2017,11,2017-11,"SINOPEC ARGENTINA EXPLORATION AND PRODUCTION, INC.",2104.19342933333
2017,11,2017-11,TECPETROL S.A.,4379.15166666667
2017,11,2017-11,TOTAL AUSTRAL S.A.,31569.8250666667
2017,11,2017-11,UNITEC ENERGY S.A.,3.43333333333333
2017,11,2017-11,WINTERSHALL ENERGIA S.A.,11.898
2017,11,2017-11,YPF S.A.,37866.82
2017,11,2017-11,YSUR ENERGÍA ARGENTINA S.R.L.,4014.38166666667
2017,11,2017-11,YSUR PETROLERA ARGENTINA S.A.,61.1413333333333
2017,12,2017-12,AMERICAS PETROGAS ARGENTINA S.A.,16.8246451612903
2017,12,2017-12,APCO OIL AND GAS INTERNATIONAL INC (SUCURSAL ARGENTINA),23.194064516129
2017,12,2017-12,ARGENTA ENERGIA S.A.,0
2017,12,2017-12,CAPETROL S.A.,0
2017,12,2017-12,CAPEX S.A.,1634.59580645161
2017,12,2017-12,CHAÑARES ENERGIA S.A.,10.9287741935484
2017,12,2017-12,CHEVRON ARGENTINA S.R.L.,346.616774193548
2017,12,2017-12,COLHUE HUAPI S.A.,8.10967741935484
2017,12,2017-12,COMPAÑÍA GENERAL DE COMBUSTIBLES S.A.,3637.2366463871
2017,12,2017-12,COMPAÑÍAS ASOCIADAS PETROLERAS S.A.,127.968064516129
2017,12,2017-12,COPESA CIA CONSTRUCTORA PETROLERA SA,0
2017,12,2017-12,"CRI HOLDING, INC.",0.00941700738709677
2017,12,2017-12,CROWN POINT ENERGIA S.A.,0
2017,12,2017-12,EDHIPSA,5.22032258064516
2017,12,2017-12,ENAP SIPETROL ARGENTINA S.A.,3383.35129032258
2017,12,2017-12,ENERGIA COMPAÑIA PETROLERA S.A.,0.762322580645161
2017,12,2017-12,ENERGICON S.A.,0
2017,12,2017-12,EXXONMOBIL EXPLORATION ARGENTINA S.R.L.,209.94064516129
2017,12,2017-12,FOMICRUZ S.E.,1.4541935483871
2017,12,2017-12,GAS Y PETROLEO DEL NEUQUEN S.A.,0
2017,12,2017-12,GEOPARK ARGENTINA LTD. (SUCURSAL ARGENTINA),0
2017,12,2017-12,GRECOIL y CIA. S.R.L.,9.09032258064516
2017,12,2017-12,HIGH LUCK GROUP LTD. - SUCURSAL ARGENTINA,53.7776774193548
2017,12,2017-12,INGENIERIA ALPA S.A.,3.12225806451613
2017,12,2017-12,INGENIERIA SIMA S.A.,0
2017,12,2017-12,INTERENERGY ARGENTINA S.A.,0.114193548387097
2017,12,2017-12,JHP INTERNATIONAL PETROLEUM ENGINEERING LTD,0
2017,12,2017-12,KILWER S.A.,0
2017,12,2017-12,MADALENA AUSTRAL S.A.,0
2017,12,2017-12,MADALENA ENERGY ARGENTINA SRL ,13.5328064516129
2017,12,2017-12,MADALENA PETROLEUM (AMERICAS) LTD. (SUCURSAL ARGENTINA),73.4016129032258
2017,12,2017-12,MEDANITO S.A.,180.737225806452
2017,12,2017-12,O&G DEVELOPMENTS LTD S.A.,48.5668709677419
2017,12,2017-12,OIL M&S S.A.,0
2017,12,2017-12,OILSTONE ENERGIA S.A.,524.338387096774
2017,12,2017-12,PAMPETROL S.A.P.E.M,621.257096774194
2017,12,2017-12,PAN AMERICAN ENERGY (SUCURSAL ARGENTINA) LLC,14592.7277419355
2017,12,2017-12,PETRO AP S.A.,8.64806451612903
2017,12,2017-12,PETROBRAS ARGENTINA S.A.,4918.99983870968
2017,12,2017-12,PETROFARO S.A.,20.0495483870968
2017,12,2017-12,PETROLEOS SUDAMERICANOS S.A.,22.5390322580645
2017,12,2017-12,PETROLERA CERRO NEGRO S.A.,34.5687419354839
2017,12,2017-12,PETROLERA DEL COMAHUE S.A.,0
2017,12,2017-12,PETROLERA EL TREBOL S.A.,37.5671612903226
2017,12,2017-12,PETROLERA ENTRE LOMAS S.A.,1492.62258064516
2017,12,2017-12,PETROLERA LF COMPANY S.R.L.,1734.70838709677
2017,12,2017-12,PETROLERA PAMPA S.A. ,0
2017,12,2017-12,PETROLERA PATAGONIA S.R.L.,0
2017,12,2017-12,PETROLERA PIEDRA DEL AGUILA S.A.,0
2017,12,2017-12,PETROMINERA CHUBUT S.E.,0
2017,12,2017-12,PETROQUIMICA COMODORO RIVADAVIA S.A.,941.603548387097
2017,12,2017-12,PLUSPETROL ENERGY S.A.,1507.34183870968
2017,12,2017-12,PLUSPETROL S.A.,2937.72838709677
2017,12,2017-12,PRESIDENT PETROLEUM S.A.,12.5773870967742
2017,12,2017-12,QUINTANA E&P ARGENTINA S.R.L.,1.56774193548387
2017,12,2017-12,ROCH S.A.,1323.88112903226
2017,12,2017-12,SAN JORGE PETROLEUM S.A.,16.584
2017,12,2017-12,"SINOPEC ARGENTINA EXPLORATION AND PRODUCTION, INC.",1902.41434354839
2017,12,2017-12,TECPETROL S.A.,4594.61951612903
2017,12,2017-12,TOTAL AUSTRAL S.A.,32149.1543548387
2017,12,2017-12,UNITEC ENERGY S.A.,3.58064516129032
2017,12,2017-12,WINTERSHALL ENERGIA S.A.,10.5932258064516
2017,12,2017-12,YPF S.A.,39537.9564516129
2017,12,2017-12,YSUR ENERGÍA ARGENTINA S.R.L.,4237.09322580645
2017,12,2017-12,YSUR PETROLERA ARGENTINA S.A.,57.9696774193548
2018,1,2018-01,AMERICAS PETROGAS ARGENTINA S.A.,14.2805161290323
2018,1,2018-01,APCO OIL AND GAS INTERNATIONAL INC (SUCURSAL ARGENTINA),20.3485806451613
2018,1,2018-01,ARGENTA ENERGIA S.A.,0
2018,1,2018-01,CAPETROL S.A.,0
2018,1,2018-01,CAPEX S.A.,1594.23838709677
2018,1,2018-01,CHAÑARES ENERGIA S.A.,9.66722580645161
2018,1,2018-01,CHEVRON ARGENTINA S.R.L.,349.152580645161
2018,1,2018-01,COLHUE HUAPI S.A.,7.85806451612903
2018,1,2018-01,COMPAÑÍA GENERAL DE COMBUSTIBLES S.A.,3578.8505016129
2018,1,2018-01,COMPAÑÍAS ASOCIADAS PETROLERAS S.A.,125.101612903226
2018,1,2018-01,COPESA CIA CONSTRUCTORA PETROLERA SA,0
2018,1,2018-01,"CRI HOLDING, INC.",0.00606545003225806
2018,1,2018-01,CROWN POINT ENERGIA S.A.,0
2018,1,2018-01,EDHIPSA,4.02741935483871
2018,1,2018-01,ENAP SIPETROL ARGENTINA S.A.,3248.67483870968
2018,1,2018-01,ENERGIA COMPAÑIA PETROLERA S.A.,0.0474193548387097
2018,1,2018-01,ENERGICON S.A.,0
2018,1,2018-01,EXXONMOBIL EXPLORATION ARGENTINA S.R.L.,151.578032258065
2018,1,2018-01,FOMICRUZ S.E.,1.24935483870968
2018,1,2018-01,GAS Y PETROLEO DEL NEUQUEN S.A.,0
2018,1,2018-01,GEOPARK ARGENTINA LTD. (SUCURSAL ARGENTINA),0
2018,1,2018-01,GRECOIL y CIA. S.R.L.,7.4
2018,1,2018-01,HIGH LUCK GROUP LTD. - SUCURSAL ARGENTINA,53.5126451612903
2018,1,2018-01,INGENIERIA ALPA S.A.,3.14064516129032
2018,1,2018-01,INGENIERIA SIMA S.A.,0
2018,1,2018-01,INTERENERGY ARGENTINA S.A.,0.114193548387097
2018,1,2018-01,JEMSE - JUJUY ENERGIA y MINERIA S. E.,9.62290322580645
2018,1,2018-01,JHP INTERNATIONAL PETROLEUM ENGINEERING LTD,0
2018,1,2018-01,KILWER S.A.,0
2018,1,2018-01,MADALENA AUSTRAL S.A.,0
2018,1,2018-01,MADALENA ENERGY ARGENTINA SRL ,12.814
2018,1,2018-01,MADALENA PETROLEUM (AMERICAS) LTD. (SUCURSAL ARGENTINA),77.2840322580645
2018,1,2018-01,MEDANITO S.A.,181.090225806452
2018,1,2018-01,O&G DEVELOPMENTS LTD S.A.,40.5667741935484
2018,1,2018-01,OIL M&S S.A.,0
2018,1,2018-01,OILSTONE ENERGIA S.A.,506.303870967742
2018,1,2018-01,PAMPETROL S.A.P.E.M,0.623870967741936
2018,1,2018-01,PAN AMERICAN ENERGY (SUCURSAL ARGENTINA) LLC,14536.845483871
2018,1,2018-01,PETROBRAS ARGENTINA S.A.,4957.3035483871
2018,1,2018-01,PETROFARO S.A.,6.29161290322581
2018,1,2018-01,PETROLEOS SUDAMERICANOS S.A.,22.6706451612903
2018,1,2018-01,PETROLERA CERRO NEGRO S.A.,34.664
2018,1,2018-01,PETROLERA DEL COMAHUE S.A.,0
2018,1,2018-01,PETROLERA EL TREBOL S.A.,36.5203548387097
2018,1,2018-01,PETROLERA ENTRE LOMAS S.A.,1472.28387096774
2018,1,2018-01,PETROLERA LF COMPANY S.R.L.,1760.51322580645
2018,1,2018-01,PETROLERA PAMPA S.A. ,0
2018,1,2018-01,PETROLERA PATAGONIA S.R.L.,0
2018,1,2018-01,PETROLERA PIEDRA DEL AGUILA S.A.,0
2018,1,2018-01,PETROMINERA CHUBUT S.E.,0
2018,1,2018-01,PETROQUIMICA COMODORO RIVADAVIA S.A.,955.274838709677
2018,1,2018-01,PLUSPETROL ENERGY S.A.,1472.2414516129
2018,1,2018-01,PLUSPETROL S.A.,2879.33425806419
2018,1,2018-01,PRESIDENT PETROLEUM S.A.,13.5168709677419
2018,1,2018-01,QUINTANA E&P ARGENTINA S.R.L.,1.51258064516129
2018,1,2018-01,ROCH S.A.,1316.14787096774
2018,1,2018-01,SAN JORGE PETROLEUM S.A.,16.0863225806452
2018,1,2018-01,"SINOPEC ARGENTINA EXPLORATION AND PRODUCTION, INC.",1921.24579741935
2018,1,2018-01,TECPETROL S.A.,4660.95816129032
2018,1,2018-01,TOTAL AUSTRAL S.A.,32698.2420322581
2018,1,2018-01,UNITEC ENERGY S.A.,3.61290322580645
2018,1,2018-01,WINTERSHALL ENERGIA S.A.,9.47267741935484
2018,1,2018-01,YPF S.A.,40882.2693548387
2018,1,2018-01,YSUR ENERGÍA ARGENTINA S.R.L.,4338.06677419355
2018,1,2018-01,YSUR PETROLERA ARGENTINA S.A.,52.2067741935484
2018,2,2018-02,AMERICAS PETROGAS ARGENTINA S.A.,12.0551785714286
2018,2,2018-02,APCO OIL AND GAS INTERNATIONAL INC (SUCURSAL ARGENTINA),17.31175
2018,2,2018-02,ARGENTA ENERGIA S.A.,0
2018,2,2018-02,CAPETROL S.A.,0
2018,2,2018-02,CAPEX S.A.,1592.71285714286
2018,2,2018-02,CHAÑARES ENERGIA S.A.,9.53735714285714
2018,2,2018-02,CHEVRON ARGENTINA S.R.L.,356.12
2018,2,2018-02,COLHUE HUAPI S.A.,7.67142857142857
2018,2,2018-02,COMPAÑÍA GENERAL DE COMBUSTIBLES S.A.,3651.72183542857
2018,2,2018-02,COMPAÑÍAS ASOCIADAS PETROLERAS S.A.,119.9575
2018,2,2018-02,COPESA CIA CONSTRUCTORA PETROLERA SA,0
2018,2,2018-02,"CRI HOLDING, INC.",0
2018,2,2018-02,CROWN POINT ENERGIA S.A.,0
2018,2,2018-02,EDHIPSA,4.52892857142857
2018,2,2018-02,ENAP SIPETROL ARGENTINA S.A.,2510.44392857143
2018,2,2018-02,ENERGIA COMPAÑIA PETROLERA S.A.,0.0519964285714286
2018,2,2018-02,ENERGICON S.A.,0
2018,2,2018-02,EXXONMOBIL EXPLORATION ARGENTINA S.R.L.,194.002214285714
2018,2,2018-02,FOMICRUZ S.E.,0.751428571428571
2018,2,2018-02,GAS Y PETROLEO DEL NEUQUEN S.A.,0
2018,2,2018-02,GEOPARK ARGENTINA LTD. (SUCURSAL ARGENTINA),0
2018,2,2018-02,GRECOIL y CIA. S.R.L.,3.68278571428571
2018,2,2018-02,HIGH LUCK GROUP LTD. - SUCURSAL ARGENTINA,53.36825
2018,2,2018-02,INGENIERIA ALPA S.A.,3.20892857142857
2018,2,2018-02,INGENIERIA SIMA S.A.,0
2018,2,2018-02,INTERENERGY ARGENTINA S.A.,0.126428571428571
2018,2,2018-02,JEMSE - JUJUY ENERGIA y MINERIA S. E.,10.6039285714286
2018,2,2018-02,KILWER S.A.,0
2018,2,2018-02,MADALENA AUSTRAL S.A.,0
2018,2,2018-02,MADALENA ENERGY ARGENTINA SRL ,12.4236428571429
2018,2,2018-02,MADALENA PETROLEUM (AMERICAS) LTD. (SUCURSAL ARGENTINA),72.5421071428571
2018,2,2018-02,MEDANITO S.A.,172.003964285714
2018,2,2018-02,O&G DEVELOPMENTS LTD S.A.,53.2157142857143
2018,2,2018-02,OIL M&S S.A.,0
2018,2,2018-02,OILSTONE ENERGIA S.A.,503.373928571429
2018,2,2018-02,PAMPETROL S.A.P.E.M,0.638214285714286
2018,2,2018-02,PAN AMERICAN ENERGY (SUCURSAL ARGENTINA) LLC,14046.0732142857
2018,2,2018-02,PETROBRAS ARGENTINA S.A.,4979.23082142857
2018,2,2018-02,PETROFARO S.A.,0.258785714285714
2018,2,2018-02,PETROLEOS SUDAMERICANOS S.A.,21.5039285714286
2018,2,2018-02,PETROLERA CERRO NEGRO S.A.,34.6626071428571
2018,2,2018-02,PETROLERA DEL COMAHUE S.A.,0
2018,2,2018-02,PETROLERA EL TREBOL S.A.,37.5803928571429
2018,2,2018-02,PETROLERA ENTRE LOMAS S.A.,1496.15357142857
2018,2,2018-02,PETROLERA LF COMPANY S.R.L.,1665.5925
2018,2,2018-02,PETROLERA PAMPA S.A. ,0
2018,2,2018-02,PETROLERA PATAGONIA S.R.L.,0
2018,2,2018-02,PETROLERA PIEDRA DEL AGUILA S.A.,0
2018,2,2018-02,PETROMINERA CHUBUT S.E.,0
2018,2,2018-02,PETROQUIMICA COMODORO RIVADAVIA S.A.,960.905714285714
2018,2,2018-02,PLUSPETROL ENERGY S.A.,1442.05014285714
2018,2,2018-02,PLUSPETROL S.A.,3092.91757142857
2018,2,2018-02,PRESIDENT PETROLEUM S.A.,12.1137142857143
2018,2,2018-02,QUINTANA E&P ARGENTINA S.R.L.,1.64585714285714
2018,2,2018-02,ROCH S.A.,1312.39735714286
2018,2,2018-02,SAN JORGE PETROLEUM S.A.,17.1353928571429
2018,2,2018-02,SELVA MARIA OIL S.A.,0
2018,2,2018-02,"SINOPEC ARGENTINA EXPLORATION AND PRODUCTION, INC.",1879.53892821429
2018,2,2018-02,TECPETROL S.A.,6164.59771428571
2018,2,2018-02,TOTAL AUSTRAL S.A.,32152.6386785714
2018,2,2018-02,UNITEC ENERGY S.A.,3.92857142857143
2018,2,2018-02,WINTERSHALL ENERGIA S.A.,16.2510714285714
2018,2,2018-02,YPF S.A.,41900.0917857143
2018,2,2018-02,YSUR ENERGÍA ARGENTINA S.R.L.,4192.36714285714
2018,2,2018-02,YSUR PETROLERA ARGENTINA S.A.,47.1371428571429
2018,3,2018-03,AMERICAS PETROGAS ARGENTINA S.A.,11.2768709677419
2018,3,2018-03,APCO OIL AND GAS INTERNATIONAL INC (SUCURSAL ARGENTINA),17.5363225806452
2018,3,2018-03,ARGENTA ENERGIA S.A.,0
2018,3,2018-03,CAPETROL S.A.,0
2018,3,2018-03,CAPEX S.A.,1586.82225806452
2018,3,2018-03,CHAÑARES ENERGIA S.A.,9.89425806451613
2018,3,2018-03,CHEVRON ARGENTINA S.R.L.,304.735161290323
2018,3,2018-03,COLHUE HUAPI S.A.,7.6741935483871
2018,3,2018-03,COMPAÑÍA GENERAL DE COMBUSTIBLES S.A.,3895.62284490323
2018,3,2018-03,COMPAÑÍAS ASOCIADAS PETROLERAS S.A.,109.088064516129
2018,3,2018-03,COPESA CIA CONSTRUCTORA PETROLERA SA,0
2018,3,2018-03,"CRI HOLDING, INC.",0
2018,3,2018-03,CROWN POINT ENERGIA S.A.,0
2018,3,2018-03,EDHIPSA,4.66
2018,3,2018-03,ENAP SIPETROL ARGENTINA S.A.,2881.17161290323
2018,3,2018-03,ENERGIA COMPAÑIA PETROLERA S.A.,0.0335483870967742
2018,3,2018-03,ENERGICON S.A.,0
2018,3,2018-03,EXXONMOBIL EXPLORATION ARGENTINA S.R.L.,180.728516129032
2018,3,2018-03,FOMICRUZ S.E.,0.754193548387097
2018,3,2018-03,GAS Y PETROLEO DEL NEUQUEN S.A.,0
2018,3,2018-03,GEOPARK ARGENTINA LTD. (SUCURSAL ARGENTINA),145.316129032258
2018,3,2018-03,GRECOIL y CIA. S.R.L.,2.27796774193548
2018,3,2018-03,HIGH LUCK GROUP LTD. - SUCURSAL ARGENTINA,48.1590322580645
2018,3,2018-03,INGENIERIA ALPA S.A.,3.42903225806452
2018,3,2018-03,INGENIERIA SIMA S.A.,0
2018,3,2018-03,INTERENERGY ARGENTINA S.A.,0.120322580645161
2018,3,2018-03,JEMSE - JUJUY ENERGIA y MINERIA S. E.,10.8245161290323
2018,3,2018-03,KILWER S.A.,0
2018,3,2018-03,MADALENA AUSTRAL S.A.,0
2018,3,2018-03,MADALENA ENERGY ARGENTINA SRL ,12.0324193548387
2018,3,2018-03,MADALENA PETROLEUM (AMERICAS) LTD. (SUCURSAL ARGENTINA),69.7173870967742
2018,3,2018-03,MEDANITO S.A.,182.436548387097
2018,3,2018-03,O&G DEVELOPMENTS LTD S.A.,66.1586774193548
2018,3,2018-03,OIL M&S S.A.,0
2018,3,2018-03,OILSTONE ENERGIA S.A.,494.794193548387
2018,3,2018-03,PAMPETROL S.A.P.E.M,0.612903225806452
2018,3,2018-03,PAN AMERICAN ENERGY (SUCURSAL ARGENTINA) LLC,14138.6293548387
2018,3,2018-03,PETROBRAS ARGENTINA S.A.,4795.29696774194
2018,3,2018-03,PETROFARO S.A.,10.7612903225806
2018,3,2018-03,PETROLEOS SUDAMERICANOS S.A.,35.5374193548387
2018,3,2018-03,PETROLERA CERRO NEGRO S.A.,33.9416129032258
2018,3,2018-03,PETROLERA DEL COMAHUE S.A.,0
2018,3,2018-03,PETROLERA EL TREBOL S.A.,37.4556129032258
2018,3,2018-03,PETROLERA ENTRE LOMAS S.A.,1500.38709677419
2018,3,2018-03,PETROLERA LF COMPANY S.R.L.,1674.34
2018,3,2018-03,PETROLERA PAMPA S.A. ,0
2018,3,2018-03,PETROLERA PATAGONIA S.R.L.,0
2018,3,2018-03,PETROLERA PIEDRA DEL AGUILA S.A.,0
2018,3,2018-03,PETROMINERA CHUBUT S.E.,0
2018,3,2018-03,PETROQUIMICA COMODORO RIVADAVIA S.A.,945.828387096774
2018,3,2018-03,PLUSPETROL ENERGY S.A.,1426.057
2018,3,2018-03,PLUSPETROL S.A.,3010.77370967742
2018,3,2018-03,PRESIDENT PETROLEUM S.A.,11.6787096774194
2018,3,2018-03,QUINTANA E&P ARGENTINA S.R.L.,1.48903225806452
2018,3,2018-03,ROCH S.A.,1258.29306451613
2018,3,2018-03,SAN JORGE PETROLEUM S.A.,15.5427096774194
2018,3,2018-03,SELVA MARIA OIL S.A.,0
2018,3,2018-03,"SINOPEC ARGENTINA EXPLORATION AND PRODUCTION, INC.",1828.00115129032
2018,3,2018-03,TECPETROL S.A.,7505.2754516129
2018,3,2018-03,TOTAL AUSTRAL S.A.,31519.0387096774
2018,3,2018-03,UNITEC ENERGY S.A.,3.83870967741935
2018,3,2018-03,WINTERSHALL ENERGIA S.A.,10.8783870967742
2018,3,2018-03,YPF S.A.,41701.484516129
2018,3,2018-03,YSUR ENERGÍA ARGENTINA S.R.L.,4308.15193548387
2018,3,2018-03,YSUR PETROLERA ARGENTINA S.A.,49.3338709677419
2018,4,2018-04,AMERICAS PETROGAS ARGENTINA S.A.,10.1996666666667
2018,4,2018-04,APCO OIL AND GAS INTERNATIONAL INC (SUCURSAL ARGENTINA),10.101
2018,4,2018-04,ARGENTA ENERGIA S.A.,0
2018,4,2018-04,CAPETROL S.A.,0
2018,4,2018-04,CAPEX S.A.,1577.704
2018,4,2018-04,CHAÑARES ENERGIA S.A.,10.2715666666667
2018,4,2018-04,CHEVRON ARGENTINA S.R.L.,291.211333333333
2018,4,2018-04,COLHUE HUAPI S.A.,7.62
2018,4,2018-04,COMPAÑÍA GENERAL DE COMBUSTIBLES S.A.,4250.32755263333
2018,4,2018-04,COMPAÑÍAS ASOCIADAS PETROLERAS S.A.,139.632333333333
2018,4,2018-04,COPESA CIA CONSTRUCTORA PETROLERA SA,0
2018,4,2018-04,"CRI HOLDING, INC.",0
2018,4,2018-04,CROWN POINT ENERGIA S.A.,0
2018,4,2018-04,EDHIPSA,4.55633333333333
2018,4,2018-04,ENAP SIPETROL ARGENTINA S.A.,2751.54133333333
2018,4,2018-04,ENERGIA COMPAÑIA PETROLERA S.A.,0.420666666666667
2018,4,2018-04,ENERGICON S.A.,0
2018,4,2018-04,EXXONMOBIL EXPLORATION ARGENTINA S.R.L.,334.213666666667
2018,4,2018-04,FOMICRUZ S.E.,1.05533333333333
2018,4,2018-04,GAS Y PETROLEO DEL NEUQUEN S.A.,0
2018,4,2018-04,GEOPARK ARGENTINA LTD. (SUCURSAL ARGENTINA),146.128133333333
2018,4,2018-04,GRECOIL y CIA. S.R.L.,1.6351
2018,4,2018-04,HIGH LUCK GROUP LTD. - SUCURSAL ARGENTINA,50.3796
2018,4,2018-04,INGENIERIA ALPA S.A.,2.68166666666667
2018,4,2018-04,INGENIERIA SIMA S.A.,0
2018,4,2018-04,INTERENERGY ARGENTINA S.A.,0.123
2018,4,2018-04,JEMSE - JUJUY ENERGIA y MINERIA S. E.,10.9883333333333
2018,4,2018-04,KILWER S.A.,0
2018,4,2018-04,MADALENA AUSTRAL S.A.,0
2018,4,2018-04,MADALENA ENERGY ARGENTINA SRL ,12.4073333333333
2018,4,2018-04,MADALENA PETROLEUM (AMERICAS) LTD. (SUCURSAL ARGENTINA),74.1960666666667
2018,4,2018-04,MEDANITO S.A.,181.680933333333
2018,4,2018-04,O&G DEVELOPMENTS LTD S.A.,61.6561333333333
2018,4,2018-04,OIL M&S S.A.,0
2018,4,2018-04,OILSTONE ENERGIA S.A.,486.753666666667
2018,4,2018-04,PAMPETROL S.A.P.E.M,0.604
2018,4,2018-04,PAN AMERICAN ENERGY (SUCURSAL ARGENTINA) LLC,14268.5463333333
2018,4,2018-04,PETROBRAS ARGENTINA S.A.,4689.89333333333
2018,4,2018-04,PETROFARO S.A.,17.8213333333333
2018,4,2018-04,PETROLEOS SUDAMERICANOS S.A.,69.6913333333333
2018,4,2018-04,PETROLERA CERRO NEGRO S.A.,33.7201333333333
2018,4,2018-04,PETROLERA DEL COMAHUE S.A.,0
2018,4,2018-04,PETROLERA EL TREBOL S.A.,37.4352
2018,4,2018-04,PETROLERA ENTRE LOMAS S.A.,1807.5716
2018,4,2018-04,PETROLERA LF COMPANY S.R.L.,1686.285
2018,4,2018-04,PETROLERA PAMPA S.A. ,0
2018,4,2018-04,PETROLERA PATAGONIA S.R.L.,0
2018,4,2018-04,PETROLERA PIEDRA DEL AGUILA S.A.,0
2018,4,2018-04,PETROMINERA CHUBUT S.E.,0
2018,4,2018-04,PETROQUIMICA COMODORO RIVADAVIA S.A.,889.192
2018,4,2018-04,PLUSPETROL ENERGY S.A.,1393.07413333333
2018,4,2018-04,PLUSPETROL S.A.,2921.93460000033
2018,4,2018-04,PRESIDENT PETROLEUM S.A.,11.5521
2018,4,2018-04,QUINTANA E&P ARGENTINA S.R.L.,1.40576666666667
2018,4,2018-04,ROCH S.A.,1287.40726666667
2018,4,2018-04,SAN JORGE PETROLEUM S.A.,14.6743
2018,4,2018-04,SELVA MARIA OIL S.A.,0
2018,4,2018-04,"SINOPEC ARGENTINA EXPLORATION AND PRODUCTION, INC.",1749.42192566667
2018,4,2018-04,TECPETROL S.A.,7920.50166666667
2018,4,2018-04,TOTAL AUSTRAL S.A.,33049.2633666667
2018,4,2018-04,UNITEC ENERGY S.A.,4
2018,4,2018-04,WINTERSHALL ENERGIA S.A.,6.95766666666667
2018,4,2018-04,YPF S.A.,42240.0016666667
2018,4,2018-04,YSUR ENERGÍA ARGENTINA S.R.L.,4680.49266666667
2018,4,2018-04,YSUR PETROLERA ARGENTINA S.A.,49.8963333333333
2018,5,2018-05,ALIANZA PETROLERA ARGENTINA S.A.,0.0178709677419355
2018,5,2018-05,AMERICAS PETROGAS ARGENTINA S.A.,9.364
2018,5,2018-05,APCO OIL AND GAS INTERNATIONAL INC (SUCURSAL ARGENTINA),21.0875806451613
2018,5,2018-05,ARGENTA ENERGIA S.A.,0
2018,5,2018-05,CAPETROL S.A.,0
2018,5,2018-05,CAPEX S.A.,1574.85870967742
2018,5,2018-05,CHAÑARES ENERGIA S.A.,10.5970322580645
2018,5,2018-05,CHEVRON ARGENTINA S.R.L.,299.423225806452
2018,5,2018-05,COLHUE HUAPI S.A.,7.40322580645161
2018,5,2018-05,COMPAÑÍA GENERAL DE COMBUSTIBLES S.A.,4461.06238429032
2018,5,2018-05,COMPAÑÍAS ASOCIADAS PETROLERAS S.A.,126.842903225806
2018,5,2018-05,COPESA CIA CONSTRUCTORA PETROLERA SA,0.0967741935483871
2018,5,2018-05,"CRI HOLDING, INC.",0
2018,5,2018-05,CROWN POINT ENERGIA S.A.,0
2018,5,2018-05,EDHIPSA,4.47709677419355
2018,5,2018-05,ENAP SIPETROL ARGENTINA S.A.,3035.62935483871
2018,5,2018-05,ENERGIA COMPAÑIA PETROLERA S.A.,0
2018,5,2018-05,ENERGICON S.A.,0
2018,5,2018-05,EXXONMOBIL EXPLORATION ARGENTINA S.R.L.,393.872903225806
2018,5,2018-05,FOMICRUZ S.E.,1.15483870967742
2018,5,2018-05,GAS Y PETROLEO DEL NEUQUEN S.A.,0
2018,5,2018-05,GEOPARK ARGENTINA LTD. (SUCURSAL ARGENTINA),145.926774193548
2018,5,2018-05,GRECOIL y CIA. S.R.L.,1.6188064516129
2018,5,2018-05,HIGH LUCK GROUP LTD. - SUCURSAL ARGENTINA,46.2723548387097
2018,5,2018-05,INGENIERIA ALPA S.A.,2.89612903225806
2018,5,2018-05,INGENIERIA SIMA S.A.,0
2018,5,2018-05,INTERENERGY ARGENTINA S.A.,0.117096774193548
2018,5,2018-05,JEMSE - JUJUY ENERGIA y MINERIA S. E.,9.56870967741935
2018,5,2018-05,KILWER S.A.,0
2018,5,2018-05,MADALENA AUSTRAL S.A.,0
2018,5,2018-05,MADALENA ENERGY ARGENTINA SRL ,14.5351612903226
2018,5,2018-05,MADALENA PETROLEUM (AMERICAS) LTD. (SUCURSAL ARGENTINA),71.3109677419355
2018,5,2018-05,MEDANITO S.A.,177.790483870968
2018,5,2018-05,O&G DEVELOPMENTS LTD S.A.,66.2731935483871
2018,5,2018-05,OIL M&S S.A.,0
2018,5,2018-05,OILSTONE ENERGIA S.A.,473.951612903226
2018,5,2018-05,PAMPA ENERGIA S.A.,4503.05387096774
2018,5,2018-05,PAMPETROL S.A.P.E.M,0.533548387096774
2018,5,2018-05,PAN AMERICAN ENERGY (SUCURSAL ARGENTINA) LLC,14231.42
2018,5,2018-05,PETROFARO S.A.,19.1245161290323
2018,5,2018-05,PETROLEOS SUDAMERICANOS S.A.,74.8235483870968
2018,5,2018-05,PETROLERA CERRO NEGRO S.A.,34.1185161290323
2018,5,2018-05,PETROLERA DEL COMAHUE S.A.,0
2018,5,2018-05,PETROLERA EL TREBOL S.A.,37.2522258064516
2018,5,2018-05,PETROLERA ENTRE LOMAS S.A.,1797.86129032258
2018,5,2018-05,PETROLERA LF COMPANY S.R.L.,1728.25032258065
2018,5,2018-05,PETROLERA PAMPA S.A. ,0
2018,5,2018-05,PETROLERA PATAGONIA S.R.L.,0
2018,5,2018-05,PETROLERA PIEDRA DEL AGUILA S.A.,0
2018,5,2018-05,PETROMINERA CHUBUT S.E.,0
2018,5,2018-05,PETROQUIMICA COMODORO RIVADAVIA S.A.,906.076129032258
2018,5,2018-05,PLUSPETROL ENERGY S.A.,1370.6984516129
2018,5,2018-05,PLUSPETROL S.A.,2925.61332258097
2018,5,2018-05,PRESIDENT PETROLEUM S.A.,12.1914193548387
2018,5,2018-05,QUINTANA E&P ARGENTINA S.R.L.,1.4108064516129
2018,5,2018-05,ROCH S.A.,1314.27293548387
2018,5,2018-05,SAN JORGE PETROLEUM S.A.,13.6453548387097
2018,5,2018-05,SELVA MARIA OIL S.A.,0
2018,5,2018-05,"SINOPEC ARGENTINA EXPLORATION AND PRODUCTION, INC.",1690.65066129032
2018,5,2018-05,TECPETROL S.A.,9328.26103225806
2018,5,2018-05,TOTAL AUSTRAL S.A.,32808.4938387097
2018,5,2018-05,UNITEC ENERGY S.A.,3.93548387096774
2018,5,2018-05,WINTERSHALL ENERGIA S.A.,11.4583870967742
2018,5,2018-05,YPF S.A.,38858.3764516129
2018,5,2018-05,YSUR ENERGÍA ARGENTINA S.R.L.,4595.16774193548
2018,5,2018-05,YSUR PETROLERA ARGENTINA S.A.,50.6829032258065
2018,6,2018-06,ALIANZA PETROLERA ARGENTINA S.A.,0.0279333333333333
2018,6,2018-06,AMERICAS PETROGAS ARGENTINA S.A.,8.80333333333333
2018,6,2018-06,APCO OIL AND GAS INTERNATIONAL INC (SUCURSAL ARGENTINA),21.0051666666667
2018,6,2018-06,ARGENTA ENERGIA S.A.,0
2018,6,2018-06,CAPETROL S.A.,0
2018,6,2018-06,CAPEX S.A.,1557.36066666667
2018,6,2018-06,CHAÑARES ENERGIA S.A.,10.6219666666667
2018,6,2018-06,CHEVRON ARGENTINA S.R.L.,290.774
2018,6,2018-06,COLHUE HUAPI S.A.,6.83
2018,6,2018-06,COMPAÑÍA GENERAL DE COMBUSTIBLES S.A.,4423.3901784
2018,6,2018-06,COMPAÑÍAS ASOCIADAS PETROLERAS S.A.,131.417666666667
2018,6,2018-06,COPESA CIA CONSTRUCTORA PETROLERA SA,0.0666666666666667
2018,6,2018-06,"CRI HOLDING, INC.",0
2018,6,2018-06,CROWN POINT ENERGIA S.A.,0
2018,6,2018-06,EDHIPSA,5.72066666666667
2018,6,2018-06,ENAP SIPETROL ARGENTINA S.A.,3538.25566666667
2018,6,2018-06,ENERGIA COMPAÑIA PETROLERA S.A.,0
2018,6,2018-06,ENERGICON S.A.,0
2018,6,2018-06,EXXONMOBIL EXPLORATION ARGENTINA S.R.L.,358.64
2018,6,2018-06,FOMICRUZ S.E.,0.71
2018,6,2018-06,GAS Y PETROLEO DEL NEUQUEN S.A.,0
2018,6,2018-06,GEOPARK ARGENTINA LTD. (SUCURSAL ARGENTINA),142.878666666667
2018,6,2018-06,GRECOIL y CIA. S.R.L.,2.816
2018,6,2018-06,HIGH LUCK GROUP LTD. - SUCURSAL ARGENTINA,46.5534333333333
2018,6,2018-06,INGENIERIA ALPA S.A.,3.559
2018,6,2018-06,INGENIERIA SIMA S.A.,0
2018,6,2018-06,INTERENERGY ARGENTINA S.A.,0.120666666666667
2018,6,2018-06,JEMSE - JUJUY ENERGIA y MINERIA S. E.,10.5413333333333
2018,6,2018-06,KILWER S.A.,0
2018,6,2018-06,MADALENA AUSTRAL S.A.,0
2018,6,2018-06,MADALENA ENERGY ARGENTINA SRL ,10.9233333333333
2018,6,2018-06,MADALENA PETROLEUM (AMERICAS) LTD. (SUCURSAL ARGENTINA),66.803
2018,6,2018-06,MEDANITO S.A.,150.139366666667
2018,6,2018-06,O&G DEVELOPMENTS LTD S.A.,85.7406666666667
2018,6,2018-06,OIL M&S S.A.,0
2018,6,2018-06,OILSTONE ENERGIA S.A.,449.430333333333
2018,6,2018-06,PAMPA ENERGIA S.A.,4556.96333333333
2018,6,2018-06,PAMPETROL S.A.P.E.M,0.535
2018,6,2018-06,PAN AMERICAN ENERGY (SUCURSAL ARGENTINA) LLC,14658.8013333333
2018,6,2018-06,PETROFARO S.A.,19.264
2018,6,2018-06,PETROLEOS SUDAMERICANOS S.A.,63.7403333333333
2018,6,2018-06,PETROLERA CERRO NEGRO S.A.,30.2027333333333
2018,6,2018-06,PETROLERA DEL COMAHUE S.A.,0
2018,6,2018-06,PETROLERA EL TREBOL S.A.,37.1831333333333
2018,6,2018-06,PETROLERA ENTRE LOMAS S.A.,1746.908
2018,6,2018-06,PETROLERA LF COMPANY S.R.L.,1754.77033333333
2018,6,2018-06,PETROLERA PAMPA S.A. ,0
2018,6,2018-06,PETROLERA PATAGONIA S.R.L.,0
2018,6,2018-06,PETROLERA PIEDRA DEL AGUILA S.A.,0
2018,6,2018-06,PETROMINERA CHUBUT S.E.,0
2018,6,2018-06,PETROQUIMICA COMODORO RIVADAVIA S.A.,903.112333333333
2018,6,2018-06,PLUSPETROL ENERGY S.A.,1392.24616666667
2018,6,2018-06,PLUSPETROL S.A.,3039.89756666667
2018,6,2018-06,PRESIDENT PETROLEUM S.A.,14.9450666666667
2018,6,2018-06,QUINTANA E&P ARGENTINA S.R.L.,1.33596666666667
2018,6,2018-06,ROCH S.A.,1270.21006666667
2018,6,2018-06,SAN JORGE PETROLEUM S.A.,13.2951666666667
2018,6,2018-06,SELVA MARIA OIL S.A.,0
2018,6,2018-06,"SINOPEC ARGENTINA EXPLORATION AND PRODUCTION, INC.",1630.62031066667
2018,6,2018-06,TECPETROL S.A.,10450.5633666667
2018,6,2018-06,TOTAL AUSTRAL S.A.,33261.7766666667
2018,6,2018-06,UNITEC ENERGY S.A.,3.26666666666667
2018,6,2018-06,WINTERSHALL ENERGIA S.A.,43.0483333333333
2018,6,2018-06,YPF S.A.,41330.5923333333
2018,6,2018-06,YSUR ENERGÍA ARGENTINA S.R.L.,4632.14333333333
2018,6,2018-06,YSUR PETROLERA ARGENTINA S.A.,50.802
2018,7,2018-07,ALIANZA PETROLERA ARGENTINA S.A.,0.0270967741935484
2018,7,2018-07,AMERICAS PETROGAS ARGENTINA S.A.,3.04561290322581
2018,7,2018-07,APCO OIL AND GAS INTERNATIONAL INC (SUCURSAL ARGENTINA),21.7130322580645
2018,7,2018-07,ARGENTA ENERGIA S.A.,0
2018,7,2018-07,CAPETROL S.A.,0
2018,7,2018-07,CAPEX S.A.,1661.92451612903
2018,7,2018-07,CHAÑARES ENERGIA S.A.,10.1308709677419
2018,7,2018-07,CHEVRON ARGENTINA S.R.L.,293.85064516129
2018,7,2018-07,COLHUE HUAPI S.A.,7.31612903225806
2018,7,2018-07,COMPAÑÍA GENERAL DE COMBUSTIBLES S.A.,4291.86107970968
2018,7,2018-07,COMPAÑÍAS ASOCIADAS PETROLERAS S.A.,137.995806451613
2018,7,2018-07,COPESA CIA CONSTRUCTORA PETROLERA SA,0.225806451612903
2018,7,2018-07,"CRI HOLDING, INC.",0
2018,7,2018-07,CROWN POINT ENERGIA S.A.,0
2018,7,2018-07,EDHIPSA,4.33645161290323
2018,7,2018-07,ENAP SIPETROL ARGENTINA S.A.,3970.75322580645
2018,7,2018-07,ENERGIA COMPAÑIA PETROLERA S.A.,0
2018,7,2018-07,ENERGICON S.A.,0
2018,7,2018-07,EXXONMOBIL EXPLORATION ARGENTINA S.R.L.,314.491129032258
2018,7,2018-07,FOMICRUZ S.E.,0.22258064516129
2018,7,2018-07,GAS Y PETROLEO DEL NEUQUEN S.A.,0
2018,7,2018-07,GEOPARK ARGENTINA LTD. (SUCURSAL ARGENTINA),141.53064516129
2018,7,2018-07,GRECOIL y CIA. S.R.L.,2.278
2018,7,2018-07,HIGH LUCK GROUP LTD. - SUCURSAL ARGENTINA,47.5918709677419
2018,7,2018-07,INGENIERIA ALPA S.A.,2.72741935483871
2018,7,2018-07,INGENIERIA SIMA S.A.,0
2018,7,2018-07,INTERENERGY ARGENTINA S.A.,0.120645161290323
2018,7,2018-07,JEMSE - JUJUY ENERGIA y MINERIA S. E.,9.59096774193548
2018,7,2018-07,KILWER S.A.,0
2018,7,2018-07,MADALENA AUSTRAL S.A.,0
2018,7,2018-07,MADALENA ENERGY ARGENTINA SRL ,10.6638387096774
2018,7,2018-07,MADALENA PETROLEUM (AMERICAS) LTD. (SUCURSAL ARGENTINA),63.3454838709677
2018,7,2018-07,MEDANITO S.A.,140.284774193548
2018,7,2018-07,O&G DEVELOPMENTS LTD S.A.,85.6935161290322
2018,7,2018-07,OIL M&S S.A.,0
2018,7,2018-07,OILSTONE ENERGIA S.A.,427.355483870968
2018,7,2018-07,PAMPA ENERGIA S.A.,4530.84903225806
2018,7,2018-07,PAMPETROL S.A.P.E.M,5.79516129032258
2018,7,2018-07,PAN AMERICAN ENERGY (SUCURSAL ARGENTINA) LLC,15255.2619354839
2018,7,2018-07,PETROFARO S.A.,9.11290322580645
2018,7,2018-07,PETROLEOS SUDAMERICANOS S.A.,59.6248387096774
2018,7,2018-07,PETROLERA CERRO NEGRO S.A.,24.7773225806452
2018,7,2018-07,PETROLERA DEL COMAHUE S.A.,0
2018,7,2018-07,PETROLERA EL TREBOL S.A.,37.3627741935484
2018,7,2018-07,PETROLERA LF COMPANY S.R.L.,1660.64096774194
2018,7,2018-07,PETROLERA PAMPA S.A. ,0
2018,7,2018-07,PETROLERA PATAGONIA S.R.L.,0
2018,7,2018-07,PETROLERA PIEDRA DEL AGUILA S.A.,0
2018,7,2018-07,PETROMINERA CHUBUT S.E.,0
2018,7,2018-07,PETROQUIMICA COMODORO RIVADAVIA S.A.,875.543548387097
2018,7,2018-07,PLUSPETROL ENERGY S.A.,1399.46590322581
2018,7,2018-07,PLUSPETROL S.A.,2974.47203225839
2018,7,2018-07,PRESIDENT PETROLEUM S.A.,24.1094193548387
2018,7,2018-07,QUINTANA E&P ARGENTINA S.R.L.,1.38309677419355
2018,7,2018-07,ROCH S.A.,1252.20703225806
2018,7,2018-07,SAN JORGE PETROLEUM S.A.,19.3313548387097
2018,7,2018-07,SELVA MARIA OIL S.A.,0
2018,7,2018-07,"SINOPEC ARGENTINA EXPLORATION AND PRODUCTION, INC.",1610.80432741935
2018,7,2018-07,TECPETROL S.A.,10713.2480322581
2018,7,2018-07,TOTAL AUSTRAL S.A.,33575.7406451613
2018,7,2018-07,UNITEC ENERGY S.A.,3.32258064516129
2018,7,2018-07,Vista Oil & Gas Argentina SA,1722.22161290323
2018,7,2018-07,WINTERSHALL ENERGIA S.A.,75.7122580645161
2018,7,2018-07,YPF S.A.,40114.2870967742
2018,7,2018-07,YSUR ENERGÍA ARGENTINA S.R.L.,4496.1364516129
2018,7,2018-07,YSUR PETROLERA ARGENTINA S.A.,50.1016129032258
2018,8,2018-08,ALIANZA PETROLERA ARGENTINA S.A.,0.018
2018,8,2018-08,APCO OIL AND GAS INTERNATIONAL INC (SUCURSAL ARGENTINA),26.5129032258065
2018,8,2018-08,ARGENTA ENERGIA S.A.,0
2018,8,2018-08,CAPETROL S.A.,0
2018,8,2018-08,CAPEX S.A.,1666.95032258065
2018,8,2018-08,CHAÑARES ENERGIA S.A.,9.15487096774194
2018,8,2018-08,CHEVRON ARGENTINA S.R.L.,287.625161290323
2018,8,2018-08,COLHUE HUAPI S.A.,7.40967741935484
2018,8,2018-08,COMPAÑÍA GENERAL DE COMBUSTIBLES S.A.,4474.5728063871
2018,8,2018-08,COMPAÑÍAS ASOCIADAS PETROLERAS S.A.,136.38064516129
2018,8,2018-08,COPESA CIA CONSTRUCTORA PETROLERA SA,0.0806451612903226
2018,8,2018-08,"CRI HOLDING, INC.",0
2018,8,2018-08,CROWN POINT ENERGIA S.A.,0
2018,8,2018-08,EDHIPSA,4.46516129032258
2018,8,2018-08,ENAP SIPETROL ARGENTINA S.A.,3944.43806451613
2018,8,2018-08,ENERGIA COMPAÑIA PETROLERA S.A.,0
2018,8,2018-08,ENERGICON S.A.,0
2018,8,2018-08,EXXONMOBIL EXPLORATION ARGENTINA S.R.L.,286.785161290323
2018,8,2018-08,FOMICRUZ S.E.,0.568387096774194
2018,8,2018-08,GAS Y PETROLEO DEL NEUQUEN S.A.,0
2018,8,2018-08,GEOPARK ARGENTINA LTD. (SUCURSAL ARGENTINA),137.484516129032
2018,8,2018-08,GRECOIL y CIA. S.R.L.,2.278
2018,8,2018-08,HIGH LUCK GROUP LTD. - SUCURSAL ARGENTINA,50.3581935483871
2018,8,2018-08,INGENIERIA ALPA S.A.,3.34548387096774
2018,8,2018-08,INGENIERIA SIMA S.A.,0
2018,8,2018-08,INTERENERGY ARGENTINA S.A.,0.121290322580645
2018,8,2018-08,JEMSE - JUJUY ENERGIA y MINERIA S. E.,10.0845161290323
2018,8,2018-08,KILWER S.A.,0
2018,8,2018-08,MADALENA ENERGY ARGENTINA SRL ,10.1832258064516
2018,8,2018-08,MADALENA PETROLEUM (AMERICAS) LTD. (SUCURSAL ARGENTINA),57.7293548387097
2018,8,2018-08,MEDANITO S.A.,136.977
2018,8,2018-08,O&G DEVELOPMENTS LTD S.A.,102.995612903226
2018,8,2018-08,OIL M&S S.A.,0
2018,8,2018-08,OILSTONE ENERGIA S.A.,459.037096774194
2018,8,2018-08,PAMPA ENERGIA S.A.,4557.58741935484
2018,8,2018-08,PAMPETROL S.A.P.E.M,6.01677419354839
2018,8,2018-08,PAN AMERICAN ENERGY (SUCURSAL ARGENTINA) LLC,15356.0935483871
2018,8,2018-08,PETROFARO S.A.,0
2018,8,2018-08,PETROLEOS SUDAMERICANOS S.A.,50.1225806451613
2018,8,2018-08,Petrolera Aconcagua Energia S.A.,1.59516129032258
2018,8,2018-08,PETROLERA CERRO NEGRO S.A.,25.4946451612903
2018,8,2018-08,PETROLERA DEL COMAHUE S.A.,0
2018,8,2018-08,PETROLERA EL TREBOL S.A.,42.3176451612903
2018,8,2018-08,PETROLERA PAMPA S.A. ,0
2018,8,2018-08,PETROLERA PATAGONIA S.R.L.,0
2018,8,2018-08,PETROLERA PIEDRA DEL AGUILA S.A.,0
2018,8,2018-08,PETROMINERA CHUBUT S.E.,0
2018,8,2018-08,PETROQUIMICA COMODORO RIVADAVIA S.A.,855.536129032258
2018,8,2018-08,PLUSPETROL ENERGY S.A.,1417.54567741935
2018,8,2018-08,PLUSPETROL S.A.,2940.83229032226
2018,8,2018-08,PRESIDENT PETROLEUM S.A.,46.8523870967742
2018,8,2018-08,QUINTANA E&P ARGENTINA S.R.L.,1.39738709677419
2018,8,2018-08,ROCH S.A.,1264.08435483871
2018,8,2018-08,SAN JORGE PETROLEUM S.A.,15.8039677419355
2018,8,2018-08,SELVA MARIA OIL S.A.,0
2018,8,2018-08,"SINOPEC ARGENTINA EXPLORATION AND PRODUCTION, INC.",1569.34228612903
2018,8,2018-08,TECPETROL S.A.,12233.5778064516
2018,8,2018-08,TOTAL AUSTRAL S.A.,34244.2993548387
2018,8,2018-08,UNITEC ENERGY S.A.,0
2018,8,2018-08,Vista Oil & Gas Argentina SA,1725.18806451613
2018,8,2018-08,WINTERSHALL ENERGIA S.A.,92.7230322580645
2018,8,2018-08,YPF S.A.,45543.5525806452
2018,9,2018-09,ALIANZA PETROLERA ARGENTINA S.A.,0.0186
2018,9,2018-09,APCO OIL AND GAS INTERNATIONAL INC (SUCURSAL ARGENTINA),23.2766666666667
2018,9,2018-09,ARGENTA ENERGIA S.A.,0
2018,9,2018-09,CAPETROL S.A.,0
2018,9,2018-09,CAPEX S.A.,1616.28566666667
2018,9,2018-09,CHAÑARES ENERGIA S.A.,8.43563333333333
2018,9,2018-09,CHEVRON ARGENTINA S.R.L.,283.453
2018,9,2018-09,COLHUE HUAPI S.A.,6.88
2018,9,2018-09,COMPAÑÍA GENERAL DE COMBUSTIBLES S.A.,4623.14506323333
2018,9,2018-09,COMPAÑÍAS ASOCIADAS PETROLERAS S.A.,127.821666666667
2018,9,2018-09,COPESA CIA CONSTRUCTORA PETROLERA SA,0
2018,9,2018-09,"CRI HOLDING, INC.",0
2018,9,2018-09,CROWN POINT ENERGIA S.A.,0
2018,9,2018-09,EDHIPSA,4.318
2018,9,2018-09,ENAP SIPETROL ARGENTINA S.A.,3856.204
2018,9,2018-09,ENERGIA COMPAÑIA PETROLERA S.A.,0
2018,9,2018-09,ENERGICON S.A.,0
2018,9,2018-09,EXXONMOBIL EXPLORATION ARGENTINA S.R.L.,167.008666666667
2018,9,2018-09,FOMICRUZ S.E.,0.937333333333333
2018,9,2018-09,GAS Y PETROLEO DEL NEUQUEN S.A.,0
2018,9,2018-09,GEOPARK ARGENTINA LTD. (SUCURSAL ARGENTINA),137.975333333333
2018,9,2018-09,GRECOIL y CIA. S.R.L.,2.278
2018,9,2018-09,HIGH LUCK GROUP LTD. - SUCURSAL ARGENTINA,44.2575333333333
2018,9,2018-09,INGENIERIA ALPA S.A.,2.949
2018,9,2018-09,INGENIERIA SIMA S.A.,0
2018,9,2018-09,INTERENERGY ARGENTINA S.A.,0.121
2018,9,2018-09,JEMSE - JUJUY ENERGIA y MINERIA S. E.,9.26533333333333
2018,9,2018-09,KILWER S.A.,0
2018,9,2018-09,MADALENA ENERGY ARGENTINA SRL ,10.0516666666667
2018,9,2018-09,MADALENA PETROLEUM (AMERICAS) LTD. (SUCURSAL ARGENTINA),65.7626666666667
2018,9,2018-09,MEDANITO S.A.,126.970833333333
2018,9,2018-09,O&G DEVELOPMENTS LTD S.A.,113.422666666667
2018,9,2018-09,OIL M&S S.A.,0
2018,9,2018-09,OILSTONE ENERGIA S.A.,458.996333333333
2018,9,2018-09,PAMPA ENERGIA S.A.,4427.977
2018,9,2018-09,PAMPETROL S.A.P.E.M,5.87966666666667
2018,9,2018-09,PAN AMERICAN ENERGY (SUCURSAL ARGENTINA) LLC,15452.6403333333
2018,9,2018-09,PETROFARO S.A.,0
2018,9,2018-09,PETROLEOS SUDAMERICANOS S.A.,49.4906666666667
2018,9,2018-09,Petrolera Aconcagua Energia S.A.,2.985
2018,9,2018-09,PETROLERA CERRO NEGRO S.A.,27.9020666666667
2018,9,2018-09,PETROLERA DEL COMAHUE S.A.,0
2018,9,2018-09,PETROLERA EL TREBOL S.A.,42.2951333333333
2018,9,2018-09,PETROLERA PAMPA S.A. ,0
2018,9,2018-09,PETROLERA PATAGONIA S.R.L.,0
2018,9,2018-09,PETROLERA PIEDRA DEL AGUILA S.A.,0
2018,9,2018-09,PETROMINERA CHUBUT S.E.,0
2018,9,2018-09,PETROQUIMICA COMODORO RIVADAVIA S.A.,875.560333333333
2018,9,2018-09,PLUSPETROL ENERGY S.A.,1351.72563333333
2018,9,2018-09,PLUSPETROL S.A.,2755.28103333333
2018,9,2018-09,PRESIDENT PETROLEUM S.A.,14.1112333333333
2018,9,2018-09,QUINTANA E&P ARGENTINA S.R.L.,1.3377
2018,9,2018-09,ROCH S.A.,1244.13196666667
2018,9,2018-09,SAN JORGE PETROLEUM S.A.,15.7249333333333
2018,9,2018-09,SELVA MARIA OIL S.A.,0
2018,9,2018-09,"SINOPEC ARGENTINA EXPLORATION AND PRODUCTION, INC.",1532.960109
2018,9,2018-09,TECPETROL S.A.,13496.0698
2018,9,2018-09,TOTAL AUSTRAL S.A.,33298.6946666667
2018,9,2018-09,UNITEC ENERGY S.A.,0
2018,9,2018-09,Vista Oil & Gas Argentina SA,1782.01866666667
2018,9,2018-09,WINTERSHALL ENERGIA S.A.,90.224
2018,9,2018-09,YPF S.A.,43643.3276666667
2018,10,2018-10,ALIANZA PETROLERA ARGENTINA S.A.,0.040741935483871
2018,10,2018-10,APCO OIL AND GAS INTERNATIONAL INC (SUCURSAL ARGENTINA),19.3645161290323
2018,10,2018-10,ARGENTA ENERGIA S.A.,0
2018,10,2018-10,CAPETROL S.A.,0
2018,10,2018-10,CAPEX S.A.,1633.18096774194
2018,10,2018-10,CHAÑARES ENERGIA S.A.,6.76851612903226
2018,10,2018-10,CHEVRON ARGENTINA S.R.L.,271.844838709677
2018,10,2018-10,COLHUE HUAPI S.A.,6.86129032258065
2018,10,2018-10,COMPAÑÍA GENERAL DE COMBUSTIBLES S.A.,4724.95885393548
2018,10,2018-10,COMPAÑÍAS ASOCIADAS PETROLERAS S.A.,112.769677419355
2018,10,2018-10,COPESA CIA CONSTRUCTORA PETROLERA SA,0.161290322580645
2018,10,2018-10,"CRI HOLDING, INC.",0
2018,10,2018-10,CROWN POINT ENERGIA S.A.,0
2018,10,2018-10,EDHIPSA,4.36032258064516
2018,10,2018-10,ENAP SIPETROL ARGENTINA S.A.,3876.58903225806
2018,10,2018-10,ENERGIA COMPAÑIA PETROLERA S.A.,0
2018,10,2018-10,ENERGICON S.A.,0
2018,10,2018-10,EXXONMOBIL EXPLORATION ARGENTINA S.R.L.,247.008064516129
2018,10,2018-10,FOMICRUZ S.E.,0.781612903225806
2018,10,2018-10,GAS Y PETROLEO DEL NEUQUEN S.A.,0
2018,10,2018-10,GEOPARK ARGENTINA LTD. (SUCURSAL ARGENTINA),135.171935483871
2018,10,2018-10,GRECOIL y CIA. S.R.L.,1.37390322580645
2018,10,2018-10,HIGH LUCK GROUP LTD. - SUCURSAL ARGENTINA,37.9318709677419
2018,10,2018-10,INGENIERIA ALPA S.A.,3.25645161290323
2018,10,2018-10,INGENIERIA SIMA S.A.,0
2018,10,2018-10,INTEGRACION ENERGETICA ARGENTINA S.A.,0
2018,10,2018-10,INTERENERGY ARGENTINA S.A.,0.12
2018,10,2018-10,JEMSE - JUJUY ENERGIA y MINERIA S. E.,9.53322580645161
2018,10,2018-10,KILWER S.A.,0
2018,10,2018-10,MADALENA ENERGY ARGENTINA SRL ,8.88935483870968
2018,10,2018-10,MADALENA PETROLEUM (AMERICAS) LTD. (SUCURSAL ARGENTINA),70.5825806451613
2018,10,2018-10,MEDANITO S.A.,129.378774193548
2018,10,2018-10,O&G DEVELOPMENTS LTD S.A.,115.74935483871
2018,10,2018-10,OIL M&S S.A.,0
2018,10,2018-10,OILSTONE ENERGIA S.A.,442.958387096774
2018,10,2018-10,PAMPA ENERGIA S.A.,4182.92612903226
2018,10,2018-10,PAMPETROL S.A.P.E.M,7.41745161290323
2018,10,2018-10,PAN AMERICAN ENERGY (SUCURSAL ARGENTINA) LLC,14967.2625806452
2018,10,2018-10,PETROFARO S.A.,7.80645161290323
2018,10,2018-10,PETROLEOS SUDAMERICANOS S.A.,37.8967741935484
2018,10,2018-10,Petrolera Aconcagua Energia S.A.,2.89161290322581
2018,10,2018-10,PETROLERA CERRO NEGRO S.A.,27.698884516129
2018,10,2018-10,PETROLERA DEL COMAHUE S.A.,0
2018,10,2018-10,PETROLERA EL TREBOL S.A.,42.2702258064516
2018,10,2018-10,PETROLERA PAMPA S.A. ,0
2018,10,2018-10,PETROLERA PATAGONIA S.R.L.,0
2018,10,2018-10,PETROLERA PIEDRA DEL AGUILA S.A.,0
2018,10,2018-10,PETROMINERA CHUBUT S.E.,0
2018,10,2018-10,PETROQUIMICA COMODORO RIVADAVIA S.A.,896.476774193548
2018,10,2018-10,PLUSPETROL ENERGY S.A.,1337.33422580645
2018,10,2018-10,PLUSPETROL S.A.,2849.4025483871
2018,10,2018-10,PRESIDENT PETROLEUM S.A.,14.8989677419355
2018,10,2018-10,QUINTANA E&P ARGENTINA S.R.L.,1.38974193548387
2018,10,2018-10,ROCH S.A.,1245.20309677419
2018,10,2018-10,SAN JORGE PETROLEUM S.A.,16.3602258064516
2018,10,2018-10,SELVA MARIA OIL S.A.,1.11696774193548
2018,10,2018-10,"SINOPEC ARGENTINA EXPLORATION AND PRODUCTION, INC.",1512.60467129032
2018,10,2018-10,TECPETROL S.A.,15094.9723225806
2018,10,2018-10,TOTAL AUSTRAL S.A.,34100.3564516129
2018,10,2018-10,UNITEC ENERGY S.A.,0
2018,10,2018-10,Vista Oil & Gas Argentina SA,1747.90558064516
2018,10,2018-10,WINTERSHALL ENERGIA S.A.,77.6331290322581
2018,10,2018-10,YPF S.A.,42333.3429032258
2018,11,2018-11,ALIANZA PETROLERA ARGENTINA S.A.,0.0330666666666667
2018,11,2018-11,APCO OIL AND GAS INTERNATIONAL INC (SUCURSAL ARGENTINA),17.4484
2018,11,2018-11,ARGENTA ENERGIA S.A.,0
2018,11,2018-11,CAPETROL S.A.,0
2018,11,2018-11,CAPEX S.A.,1642.665
2018,11,2018-11,CHAÑARES ENERGIA S.A.,6.99896666666667
2018,11,2018-11,CHEVRON ARGENTINA S.R.L.,269.103666666667
2018,11,2018-11,COLHUE HUAPI S.A.,6.32
2018,11,2018-11,COMPAÑÍA GENERAL DE COMBUSTIBLES S.A.,5084.67201276667
2018,11,2018-11,COMPAÑÍAS ASOCIADAS PETROLERAS S.A.,140.584
2018,11,2018-11,COPESA CIA CONSTRUCTORA PETROLERA SA,0.166666666666667
2018,11,2018-11,"CRI HOLDING, INC.",0
2018,11,2018-11,CROWN POINT ENERGIA S.A.,0
2018,11,2018-11,ENAP SIPETROL ARGENTINA S.A.,3081.02133333333
2018,11,2018-11,ENERGIA COMPAÑIA PETROLERA S.A.,0
2018,11,2018-11,ENERGICON S.A.,0
2018,11,2018-11,EXXONMOBIL EXPLORATION ARGENTINA S.R.L.,332.658666666667
2018,11,2018-11,FOMICRUZ S.E.,1.034
2018,11,2018-11,GEOPARK ARGENTINA LTD. (SUCURSAL ARGENTINA),132.996333333333
2018,11,2018-11,GRECOIL y CIA. S.R.L.,1.695
2018,11,2018-11,HIGH LUCK GROUP LTD. - SUCURSAL ARGENTINA,37.6479
2018,11,2018-11,INGENIERIA ALPA S.A.,2.90733333333333
2018,11,2018-11,INGENIERIA SIMA S.A.,0
2018,11,2018-11,INTEGRACION ENERGETICA ARGENTINA S.A.,0
2018,11,2018-11,INTERENERGY ARGENTINA S.A.,0.124
2018,11,2018-11,JEMSE - JUJUY ENERGIA y MINERIA S. E.,9.745
2018,11,2018-11,KILWER S.A.,0
2018,11,2018-11,MADALENA ENERGY ARGENTINA SRL ,9.095
2018,11,2018-11,MADALENA PETROLEUM (AMERICAS) LTD. (SUCURSAL ARGENTINA),74.449
2018,11,2018-11,MEDANITO S.A.,106.929033333333
2018,11,2018-11,O&G DEVELOPMENTS LTD S.A.,118.464866666667
2018,11,2018-11,OIL M&S S.A.,0
2018,11,2018-11,OILSTONE ENERGIA S.A.,431.640333333333
2018,11,2018-11,PAMPA ENERGIA S.A.,4219.08
2018,11,2018-11,PAMPETROL S.A.P.E.M,7.102
2018,11,2018-11,PAN AMERICAN ENERGY (SUCURSAL ARGENTINA) LLC,15049.509
2018,11,2018-11,PETROFARO S.A.,23.3186666666667
2018,11,2018-11,PETROLEOS SUDAMERICANOS S.A.,27.3916666666667
2018,11,2018-11,Petrolera Aconcagua Energia S.A.,8.68633333333333
2018,11,2018-11,PETROLERA CERRO NEGRO S.A.,27.4939
2018,11,2018-11,PETROLERA DEL COMAHUE S.A.,0
2018,11,2018-11,PETROLERA EL TREBOL S.A.,42.3803
2018,11,2018-11,PETROLERA PAMPA S.A. ,0
2018,11,2018-11,PETROLERA PATAGONIA S.R.L.,0
2018,11,2018-11,PETROLERA PIEDRA DEL AGUILA S.A.,0
2018,11,2018-11,PETROMINERA CHUBUT S.E.,0
2018,11,2018-11,PETROQUIMICA COMODORO RIVADAVIA S.A.,963.764333333333
2018,11,2018-11,PLUSPETROL ENERGY S.A.,1360.75816666667
2018,11,2018-11,PLUSPETROL S.A.,2808.230166667
2018,11,2018-11,PRESIDENT PETROLEUM S.A.,16.0798333333333
2018,11,2018-11,QUINTANA E&P ARGENTINA S.R.L.,1.29993333333333
2018,11,2018-11,ROCH S.A.,1310.72306666667
2018,11,2018-11,SAN JORGE PETROLEUM S.A.,14.3027
2018,11,2018-11,SELVA MARIA OIL S.A.,3.65653333333333
2018,11,2018-11,"SINOPEC ARGENTINA EXPLORATION AND PRODUCTION, INC.",1491.99126033333
2018,11,2018-11,TECPETROL S.A.,16789.452
2018,11,2018-11,TOTAL AUSTRAL S.A.,26427.9196666667
2018,11,2018-11,Vista Oil & Gas Argentina SA,1900.87706666667
2018,11,2018-11,WINTERSHALL ENERGIA S.A.,68.6206666666667
2018,11,2018-11,YPF S.A.,39158.4696666667
2018,12,2018-12,ALIANZA PETROLERA ARGENTINA S.A.,0.0270645161290323
2018,12,2018-12,APCO OIL AND GAS INTERNATIONAL INC (SUCURSAL ARGENTINA),21.898064516129
2018,12,2018-12,ARGENTA ENERGIA S.A.,0
2018,12,2018-12,CAPETROL S.A.,0
2018,12,2018-12,CAPEX S.A.,1678.51322580645
2018,12,2018-12,CHAÑARES ENERGIA S.A.,7.09054838709677
2018,12,2018-12,CHEVRON ARGENTINA S.R.L.,294.041935483871
2018,12,2018-12,COLHUE HUAPI S.A.,5.8741935483871
2018,12,2018-12,COMPAÑÍA GENERAL DE COMBUSTIBLES S.A.,5197.909905
2018,12,2018-12,COMPAÑÍAS ASOCIADAS PETROLERAS S.A.,130.785806451613
2018,12,2018-12,COPESA CIA CONSTRUCTORA PETROLERA SA,0.161290322580645
2018,12,2018-12,"CRI HOLDING, INC.",0
2018,12,2018-12,CROWN POINT ENERGIA S.A.,0
2018,12,2018-12,ENAP SIPETROL ARGENTINA S.A.,3966.95032258065
2018,12,2018-12,ENERGIA COMPAÑIA PETROLERA S.A.,0
2018,12,2018-12,ENERGICON S.A.,0
2018,12,2018-12,EXXONMOBIL EXPLORATION ARGENTINA S.R.L.,271.491612903226
2018,12,2018-12,FOMICRUZ S.E.,1.10967741935484
2018,12,2018-12,GEOPARK ARGENTINA LTD. (SUCURSAL ARGENTINA),133.034516129032
2018,12,2018-12,GRECOIL y CIA. S.R.L.,1.654
2018,12,2018-12,HIGH LUCK GROUP LTD. - SUCURSAL ARGENTINA,0
2018,12,2018-12,INGENIERIA ALPA S.A.,3.31516129032258
2018,12,2018-12,INGENIERIA SIMA S.A.,0
2018,12,2018-12,INTEGRACION ENERGETICA ARGENTINA S.A.,0
2018,12,2018-12,INTERENERGY ARGENTINA S.A.,0.126129032258065
2018,12,2018-12,JEMSE - JUJUY ENERGIA y MINERIA S. E.,8.84645161290323
2018,12,2018-12,KILWER S.A.,0
2018,12,2018-12,MADALENA ENERGY ARGENTINA SRL ,59.8125806451613
2018,12,2018-12,MADALENA PETROLEUM (AMERICAS) LTD. (SUCURSAL ARGENTINA),74.9429032258064
2018,12,2018-12,MEDANITO S.A.,97.0780967741935
2018,12,2018-12,O&G DEVELOPMENTS LTD S.A.,128.230967741935
2018,12,2018-12,OIL M&S S.A.,0
2018,12,2018-12,OILSTONE ENERGIA S.A.,477.354516129032
2018,12,2018-12,PAMPA ENERGIA S.A.,4864.21387096774
2018,12,2018-12,PAMPETROL S.A.P.E.M,8.40483870967742
2018,12,2018-12,PAN AMERICAN ENERGY (SUCURSAL ARGENTINA) LLC,15062.4712903226
2018,12,2018-12,PETROFARO S.A.,24.7983870967742
2018,12,2018-12,PETROLEOS SUDAMERICANOS S.A.,31.2212903225806
2018,12,2018-12,Petrolera Aconcagua Energia S.A.,7.69935483870968
2018,12,2018-12,PETROLERA CERRO NEGRO S.A.,23.0361935483871
2018,12,2018-12,PETROLERA DEL COMAHUE S.A.,0
2018,12,2018-12,PETROLERA EL TREBOL S.A.,50.5823225806452
2018,12,2018-12,PETROLERA PAMPA S.A. ,0
2018,12,2018-12,PETROLERA PATAGONIA S.R.L.,0
2018,12,2018-12,PETROLERA PIEDRA DEL AGUILA S.A.,0
2018,12,2018-12,PETROMINERA CHUBUT S.E.,0
2018,12,2018-12,PETROQUIMICA COMODORO RIVADAVIA S.A.,813.53935483871
2018,12,2018-12,PLUSPETROL ENERGY S.A.,1346.31909677419
2018,12,2018-12,PLUSPETROL S.A.,2832.61764516161
2018,12,2018-12,PRESIDENT PETROLEUM S.A.,16.5252903225806
2018,12,2018-12,QUINTANA E&P ARGENTINA S.R.L.,1.31474193548387
2018,12,2018-12,ROCH S.A.,1325.54477419355
2018,12,2018-12,SAN JORGE PETROLEUM S.A.,13.8826451612903
2018,12,2018-12,SELVA MARIA OIL S.A.,8.79096774193548
2018,12,2018-12,"SINOPEC ARGENTINA EXPLORATION AND PRODUCTION, INC.",1481.24951677419
2018,12,2018-12,TECPETROL S.A.,16953.3657096774
2018,12,2018-12,TOTAL AUSTRAL S.A.,31859.5903225806
2018,12,2018-12,Vista Oil & Gas Argentina SA,1902.189
2018,12,2018-12,WINTERSHALL ENERGIA S.A.,56.8058064516129
2018,12,2018-12,YPF S.A.,37477.7003225806
2019,1,2019-01,ALIANZA PETROLERA ARGENTINA S.A.,0.0176129032258065
2019,1,2019-01,APCO OIL AND GAS INTERNATIONAL INC (SUCURSAL ARGENTINA),20.9964838709677
2019,1,2019-01,ARGENTA ENERGIA S.A.,0
2019,1,2019-01,CAPETROL S.A.,0
2019,1,2019-01,CAPEX S.A.,1990.05967741935
2019,1,2019-01,CHAÑARES ENERGIA S.A.,6.30096774193548
2019,1,2019-01,CHEVRON ARGENTINA S.R.L.,279.292580645161
2019,1,2019-01,COLHUE HUAPI S.A.,5.92903225806452
2019,1,2019-01,COMPAÑÍA GENERAL DE COMBUSTIBLES S.A.,5083.40603206452
2019,1,2019-01,COMPAÑÍAS ASOCIADAS PETROLERAS S.A.,131.597096774194
2019,1,2019-01,COPESA CIA CONSTRUCTORA PETROLERA SA,0.0967741935483871
2019,1,2019-01,"CRI HOLDING, INC.",0
2019,1,2019-01,CROWN POINT ENERGIA S.A.,0
2019,1,2019-01,ENAP SIPETROL ARGENTINA S.A.,3696.67290322581
2019,1,2019-01,ENERGIA COMPAÑIA PETROLERA S.A.,4.699
2019,1,2019-01,ENERGICON S.A.,0
2019,1,2019-01,EXXONMOBIL EXPLORATION ARGENTINA S.R.L.,641.254193548387
2019,1,2019-01,FOMICRUZ S.E.,1.1058064516129
2019,1,2019-01,GEOPARK ARGENTINA LTD. (SUCURSAL ARGENTINA),131.065483870968
2019,1,2019-01,GRECOIL y CIA. S.R.L.,1.62096774193548
2019,1,2019-01,HATTRICK ENERGY SAS,0
2019,1,2019-01,HIGH LUCK GROUP LTD. - SUCURSAL ARGENTINA,0
2019,1,2019-01,INGENIERIA ALPA S.A.,3.20967741935484
2019,1,2019-01,INGENIERIA SIMA S.A.,0
2019,1,2019-01,INTEGRACION ENERGETICA ARGENTINA S.A.,0
2019,1,2019-01,INTERENERGY ARGENTINA S.A.,0.126129032258065
2019,1,2019-01,JEMSE - JUJUY ENERGIA y MINERIA S. E.,9.15548387096774
2019,1,2019-01,KILWER S.A.,0
2019,1,2019-01,MADALENA ENERGY ARGENTINA SRL ,62.6238709677419
2019,1,2019-01,MADALENA PETROLEUM (AMERICAS) LTD. (SUCURSAL ARGENTINA),73.1422580645161
2019,1,2019-01,MEDANITO S.A.,96.9792903225807
2019,1,2019-01,O&G DEVELOPMENTS LTD S.A.,120.565193548387
2019,1,2019-01,OIL M&S S.A.,0
2019,1,2019-01,OILSTONE ENERGIA S.A.,489.223870967742
2019,1,2019-01,PAMPA ENERGIA S.A.,5343.19322580645
2019,1,2019-01,PAMPETROL S.A.P.E.M,7.97967741935484
2019,1,2019-01,PAN AMERICAN ENERGY (SUCURSAL ARGENTINA) LLC,14615.6335483871
2019,1,2019-01,PETROFARO S.A.,25.7454838709677
2019,1,2019-01,PETROLEOS SUDAMERICANOS S.A.,160.374516129032
2019,1,2019-01,Petrolera Aconcagua Energia S.A.,7.65354838709677
2019,1,2019-01,PETROLERA CERRO NEGRO S.A.,5.31908709677419
2019,1,2019-01,PETROLERA DEL COMAHUE S.A.,0
2019,1,2019-01,PETROLERA EL TREBOL S.A.,50.4119032258065
2019,1,2019-01,PETROLERA PAMPA S.A. ,0
2019,1,2019-01,PETROLERA PATAGONIA S.R.L.,0
2019,1,2019-01,PETROLERA PIEDRA DEL AGUILA S.A.,0
2019,1,2019-01,PETROMINERA CHUBUT S.E.,0
2019,1,2019-01,PETROQUIMICA COMODORO RIVADAVIA S.A.,660.53935483871
2019,1,2019-01,PLUSPETROL ENERGY S.A.,1270.56896774194
2019,1,2019-01,PLUSPETROL S.A.,2770.13445161323
2019,1,2019-01,PRESIDENT PETROLEUM S.A.,25.0164838709677
2019,1,2019-01,QUINTANA E&P ARGENTINA S.R.L.,1.34622580645161
2019,1,2019-01,ROCH S.A.,1235.53716129032
2019,1,2019-01,SAN JORGE PETROLEUM S.A.,13.5477741935484
2019,1,2019-01,SELVA MARIA OIL S.A.,4.99354838709677
2019,1,2019-01,"SINOPEC ARGENTINA EXPLORATION AND PRODUCTION, INC.",1464.97407516129
2019,1,2019-01,TECPETROL S.A.,16527.4143225806
2019,1,2019-01,TOTAL AUSTRAL S.A.,31922.2122580645
2019,1,2019-01,Vista Oil & Gas Argentina SA,1925.26180645161
2019,1,2019-01,WINTERSHALL ENERGIA S.A.,51.7225806451613
2019,1,2019-01,YPF S.A.,38099.8103225806
2019,2,2019-02,ALIANZA PETROLERA ARGENTINA S.A.,0.0191071428571429
2019,2,2019-02,APCO OIL AND GAS INTERNATIONAL INC (SUCURSAL ARGENTINA),19.2432142857143
2019,2,2019-02,ARGENTA ENERGIA S.A.,0
2019,2,2019-02,CAPETROL S.A.,0
2019,2,2019-02,CAPEX S.A.,2048.21892857143
2019,2,2019-02,CHAÑARES ENERGIA S.A.,6.92114285714286
2019,2,2019-02,CHEVRON ARGENTINA S.R.L.,254.332142857143
2019,2,2019-02,COLHUE HUAPI S.A.,5.81785714285714
2019,2,2019-02,COMPAÑÍA GENERAL DE COMBUSTIBLES S.A.,4908.62817332143
2019,2,2019-02,COMPAÑÍAS ASOCIADAS PETROLERAS S.A.,85.8882142857143
2019,2,2019-02,COPESA CIA CONSTRUCTORA PETROLERA SA,0
2019,2,2019-02,"CRI HOLDING, INC.",0
2019,2,2019-02,CROWN POINT ENERGIA S.A.,0
2019,2,2019-02,ENAP SIPETROL ARGENTINA S.A.,3858.00535714286
2019,2,2019-02,ENERGIA COMPAÑIA PETROLERA S.A.,4.608
2019,2,2019-02,ENERGICON S.A.,0
2019,2,2019-02,EXXONMOBIL EXPLORATION ARGENTINA S.R.L.,663.121071428571
2019,2,2019-02,FOMICRUZ S.E.,1.36535714285714
2019,2,2019-02,GEOPARK ARGENTINA LTD. (SUCURSAL ARGENTINA),143.707142857143
2019,2,2019-02,GRECOIL y CIA. S.R.L.,1.695
2019,2,2019-02,HATTRICK ENERGY SAS,0
2019,2,2019-02,HIGH LUCK GROUP LTD. - SUCURSAL ARGENTINA,0.212714285714286
2019,2,2019-02,INGENIERIA ALPA S.A.,2.94928571428571
2019,2,2019-02,INGENIERIA SIMA S.A.,0
2019,2,2019-02,INTEGRACION ENERGETICA ARGENTINA S.A.,0
2019,2,2019-02,INTERENERGY ARGENTINA S.A.,0.125714285714286
2019,2,2019-02,JEMSE - JUJUY ENERGIA y MINERIA S. E.,9.27107142857143
2019,2,2019-02,KILWER S.A.,0
2019,2,2019-02,MADALENA ENERGY ARGENTINA SRL ,54.3660714285714
2019,2,2019-02,MADALENA PETROLEUM (AMERICAS) LTD. (SUCURSAL ARGENTINA),69.2042857142857
2019,2,2019-02,MEDANITO S.A.,115.47275
2019,2,2019-02,O&G DEVELOPMENTS LTD S.A.,108.346714285714
2019,2,2019-02,OIL M&S S.A.,0
2019,2,2019-02,OILSTONE ENERGIA S.A.,473.651428571429
2019,2,2019-02,PAMPA ENERGIA S.A.,5200.9075
2019,2,2019-02,PAMPETROL S.A.P.E.M,8.55464285714286
2019,2,2019-02,PAN AMERICAN ENERGY SL,15242.4160714286
2019,2,2019-02,PETROFARO S.A.,26.9682142857143
2019,2,2019-02,PETROLEOS SUDAMERICANOS S.A.,154.585071428571
2019,2,2019-02,Petrolera Aconcagua Energia S.A.,7.73892857142857
2019,2,2019-02,PETROLERA DEL COMAHUE S.A.,0
2019,2,2019-02,PETROLERA EL TREBOL S.A.,50.7465357142857
2019,2,2019-02,PETROLERA PAMPA S.A. ,0
2019,2,2019-02,PETROLERA PATAGONIA S.R.L.,0
2019,2,2019-02,PETROLERA PIEDRA DEL AGUILA S.A.,0
2019,2,2019-02,PETROLERA SAN MIGUEL S.A.,0
2019,2,2019-02,PETROMINERA CHUBUT S.E.,0
2019,2,2019-02,PETROQUIMICA COMODORO RIVADAVIA S.A.,757.188214285714
2019,2,2019-02,PLUSPETROL ENERGY S.A.,1245.58235714286
2019,2,2019-02,PLUSPETROL S.A.,2785.46296428643
2019,2,2019-02,PRESIDENT PETROLEUM S.A.,25.6237142857143
2019,2,2019-02,QUINTANA E&P ARGENTINA S.R.L.,1.38432142857143
2019,2,2019-02,ROCH S.A.,1219.20353571429
2019,2,2019-02,SAN JORGE PETROLEUM S.A.,11.4179285714286
2019,2,2019-02,SELVA MARIA OIL S.A.,6.09642857142857
2019,2,2019-02,"SINOPEC ARGENTINA EXPLORATION AND PRODUCTION, INC.",1478.48763392857
2019,2,2019-02,TECPETROL S.A.,18171.7975357143
2019,2,2019-02,TOTAL AUSTRAL S.A.,33586.6282142857
2019,2,2019-02,Vista Oil & Gas Argentina SA,1899.23182142857
2019,2,2019-02,WINTERSHALL ENERGIA S.A.,44.8985714285714
2019,2,2019-02,YPF S.A.,39903.4853571429
2019,3,2019-03,ALIANZA PETROLERA ARGENTINA S.A.,0.0185806451612903
2019,3,2019-03,APCO OIL AND GAS INTERNATIONAL INC (SUCURSAL ARGENTINA),18.7356451612903
2019,3,2019-03,ARGENTA ENERGIA S.A.,0
2019,3,2019-03,CAPETROL S.A.,0
2019,3,2019-03,CAPEX S.A.,2029.3564516129
2019,3,2019-03,CHAÑARES ENERGIA S.A.,6.95967741935484
2019,3,2019-03,CHEVRON ARGENTINA S.R.L.,255.502580645161
2019,3,2019-03,COLHUE HUAPI S.A.,5.64193548387097
2019,3,2019-03,COMPAÑÍA GENERAL DE COMBUSTIBLES S.A.,5163.55274167742
2019,3,2019-03,COMPAÑÍAS ASOCIADAS PETROLERAS S.A.,135.534193548387
2019,3,2019-03,COPESA CIA CONSTRUCTORA PETROLERA SA,0
2019,3,2019-03,"CRI HOLDING, INC.",0
2019,3,2019-03,CROWN POINT ENERGIA S.A.,0
2019,3,2019-03,ENAP SIPETROL ARGENTINA S.A.,4021.52451612903
2019,3,2019-03,ENERGIA COMPAÑIA PETROLERA S.A.,4.568
2019,3,2019-03,ENERGICON S.A.,0
2019,3,2019-03,EXXONMOBIL EXPLORATION ARGENTINA S.R.L.,703.065483870968
2019,3,2019-03,FOMICRUZ S.E.,0.675806451612903
2019,3,2019-03,GEOPARK ARGENTINA LTD. (SUCURSAL ARGENTINA),149.81935483871
2019,3,2019-03,GRECOIL y CIA. S.R.L.,1.68361290322581
2019,3,2019-03,HATTRICK ENERGY SAS,0
2019,3,2019-03,HIGH LUCK GROUP LTD. - SUCURSAL ARGENTINA,0.446774193548387
2019,3,2019-03,INGENIERIA ALPA S.A.,2.99741935483871
2019,3,2019-03,INGENIERIA SIMA S.A.,0
2019,3,2019-03,INTEGRACION ENERGETICA ARGENTINA S.A.,0
2019,3,2019-03,INTERENERGY ARGENTINA S.A.,0.0609677419354839
2019,3,2019-03,JEMSE - JUJUY ENERGIA y MINERIA S. E.,9.08887096774193
2019,3,2019-03,KILWER S.A.,0
2019,3,2019-03,MADALENA ENERGY ARGENTINA SRL ,62.341935483871
2019,3,2019-03,MADALENA PETROLEUM (AMERICAS) LTD. (SUCURSAL ARGENTINA),73.6145161290323
2019,3,2019-03,MEDANITO S.A.,115.357709677419
2019,3,2019-03,O&G DEVELOPMENTS LTD S.A.,95.4103225806452
2019,3,2019-03,OIL M&S S.A.,0
2019,3,2019-03,OILSTONE ENERGIA S.A.,443.744193548387
2019,3,2019-03,PAMPA ENERGIA S.A.,5735.40806451613
2019,3,2019-03,PAMPETROL S.A.P.E.M,8.50387096774194
2019,3,2019-03,PAN AMERICAN ENERGY SL,14742.8461290323
2019,3,2019-03,PETROFARO S.A.,27.4832258064516
2019,3,2019-03,PETROLEOS SUDAMERICANOS S.A.,167.97264516129
2019,3,2019-03,Petrolera Aconcagua Energia S.A.,7.35451612903226
2019,3,2019-03,PETROLERA DEL COMAHUE S.A.,0
2019,3,2019-03,PETROLERA EL TREBOL S.A.,50.6947419354839
2019,3,2019-03,PETROLERA PAMPA S.A. ,0
2019,3,2019-03,PETROLERA PATAGONIA S.R.L.,0
2019,3,2019-03,PETROLERA PIEDRA DEL AGUILA S.A.,0
2019,3,2019-03,PETROLERA SAN MIGUEL S.A.,0
2019,3,2019-03,PETROMINERA CHUBUT S.E.,0
2019,3,2019-03,PETROQUIMICA COMODORO RIVADAVIA S.A.,776.74935483871
2019,3,2019-03,PLUSPETROL ENERGY S.A.,1206.57422580645
2019,3,2019-03,PLUSPETROL S.A.,2845.58954838677
2019,3,2019-03,PRESIDENT PETROLEUM S.A.,26.5878064516129
2019,3,2019-03,QUINTANA E&P ARGENTINA S.R.L.,1.29967741935484
2019,3,2019-03,ROCH S.A.,1205.54941935484
2019,3,2019-03,SAN JORGE PETROLEUM S.A.,11.5475483870968
2019,3,2019-03,SELVA MARIA OIL S.A.,4.49193548387097
2019,3,2019-03,"SINOPEC ARGENTINA EXPLORATION AND PRODUCTION, INC.",1476.79269903226
2019,3,2019-03,TECPETROL S.A.,17921.0497419355
2019,3,2019-03,TOTAL AUSTRAL S.A.,32012.7574193548
2019,3,2019-03,Vista Oil & Gas Argentina SA,1921.8415483871
2019,3,2019-03,WINTERSHALL ENERGIA S.A.,28.7888709677419
2019,3,2019-03,YPF S.A.,36007.6516129032
2019,4,2019-04,ALIANZA PETROLERA ARGENTINA S.A.,0.0166666666666667
2019,4,2019-04,APCO OIL AND GAS INTERNATIONAL INC (SUCURSAL ARGENTINA),21.5317666666667
2019,4,2019-04,ARGENTA ENERGIA S.A.,0
2019,4,2019-04,CAPETROL S.A.,0
2019,4,2019-04,CAPEX S.A.,2033.879
2019,4,2019-04,CHAÑARES ENERGIA S.A.,6.83946666666667
2019,4,2019-04,CHEVRON ARGENTINA S.R.L.,216.890666666667
2019,4,2019-04,COLHUE HUAPI S.A.,5.38666666666667
2019,4,2019-04,COMPAÑÍA GENERAL DE COMBUSTIBLES S.A.,5337.91769336667
2019,4,2019-04,COMPAÑÍAS ASOCIADAS PETROLERAS S.A.,133.273333333333
2019,4,2019-04,COPESA CIA CONSTRUCTORA PETROLERA SA,0.133333333333333
2019,4,2019-04,"CRI HOLDING, INC.",0
2019,4,2019-04,CROWN POINT ENERGIA S.A.,0
2019,4,2019-04,ENAP SIPETROL ARGENTINA S.A.,4060.76566666667
2019,4,2019-04,ENERGIA COMPAÑIA PETROLERA S.A.,4.59
2019,4,2019-04,ENERGICON S.A.,0
2019,4,2019-04,EXXONMOBIL EXPLORATION ARGENTINA S.R.L.,787.659333333333
2019,4,2019-04,FOMICRUZ S.E.,1.14733333333333
2019,4,2019-04,GEOPARK ARGENTINA LTD. (SUCURSAL ARGENTINA),128.507333333333
2019,4,2019-04,GRECOIL y CIA. S.R.L.,1.695
2019,4,2019-04,HATTRICK ENERGY SAS,0
2019,4,2019-04,HIGH LUCK GROUP LTD. - SUCURSAL ARGENTINA,0
2019,4,2019-04,INGENIERIA ALPA S.A.,3.32833333333333
2019,4,2019-04,INGENIERIA SIMA S.A.,0
2019,4,2019-04,INTEGRACION ENERGETICA ARGENTINA S.A.,0
2019,4,2019-04,INTERENERGY ARGENTINA S.A.,0.037
2019,4,2019-04,JEMSE - JUJUY ENERGIA y MINERIA S. E.,9.20266666666667
2019,4,2019-04,KILWER S.A.,0
2019,4,2019-04,MADALENA ENERGY ARGENTINA SRL ,60.891
2019,4,2019-04,MADALENA PETROLEUM (AMERICAS) LTD. (SUCURSAL ARGENTINA),74.419
2019,4,2019-04,MEDANITO S.A.,116.240233333333
2019,4,2019-04,OIL M&S S.A.,0
2019,4,2019-04,OILSTONE ENERGIA S.A.,502.42
2019,4,2019-04,PAMPA ENERGIA S.A.,5234.92033333333
2019,4,2019-04,PAMPETROL S.A.P.E.M,8.424
2019,4,2019-04,PAN AMERICAN ENERGY SL,14572.2613333333
2019,4,2019-04,PETROFARO S.A.,27.5143333333333
2019,4,2019-04,PETROLEOS SUDAMERICANOS S.A.,171.023666666667
2019,4,2019-04,Petrolera Aconcagua Energia S.A.,6.49366666666667
2019,4,2019-04,PETROLERA DEL COMAHUE S.A.,0
2019,4,2019-04,PETROLERA EL TREBOL S.A.,50.6898666666667
2019,4,2019-04,PETROLERA PAMPA S.A. ,0
2019,4,2019-04,PETROLERA PATAGONIA S.R.L.,0
2019,4,2019-04,PETROLERA PIEDRA DEL AGUILA S.A.,0
2019,4,2019-04,PETROLERA SAN MIGUEL S.A.,0
2019,4,2019-04,PETROMINERA CHUBUT S.E.,0
2019,4,2019-04,PETROQUIMICA COMODORO RIVADAVIA S.A.,737.325666666667
2019,4,2019-04,PLUSPETROL ENERGY S.A.,1169.29046666667
2019,4,2019-04,PLUSPETROL S.A.,2784.82053333333
2019,4,2019-04,PRESIDENT PETROLEUM S.A.,24.3295
2019,4,2019-04,QUINTANA E&P ARGENTINA S.R.L.,1.21086666666667
2019,4,2019-04,ROCH S.A.,1167.3054
2019,4,2019-04,SAN JORGE PETROLEUM S.A.,12.9994
2019,4,2019-04,SELVA MARIA OIL S.A.,4.94
2019,4,2019-04,SHELL ARGENTINA S.A.,113.0774
2019,4,2019-04,"SINOPEC ARGENTINA EXPLORATION AND PRODUCTION, INC.",1498.276737
2019,4,2019-04,TECPETROL S.A.,16848.6019333333
2019,4,2019-04,TOTAL AUSTRAL S.A.,32442.3203333333
2019,4,2019-04,Vista Oil & Gas Argentina SA,1937.78883333333
2019,4,2019-04,WINTERSHALL ENERGIA S.A.,41.417
2019,4,2019-04,YPF S.A.,39265.948
2019,5,2019-05,ALIANZA PETROLERA ARGENTINA S.A.,0.0162903225806452
2019,5,2019-05,APCO OIL AND GAS INTERNATIONAL INC (SUCURSAL ARGENTINA),20.6705806451613
2019,5,2019-05,ARGENTA ENERGIA S.A.,0
2019,5,2019-05,CAPETROL S.A.,0
2019,5,2019-05,CAPEX S.A.,1968.6135483871
2019,5,2019-05,CHAÑARES ENERGIA S.A.,6.85983870967742
2019,5,2019-05,CHEVRON ARGENTINA S.R.L.,218.324193548387
2019,5,2019-05,COLHUE HUAPI S.A.,5.41612903225806
2019,5,2019-05,COMPAÑÍA GENERAL DE COMBUSTIBLES S.A.,5295.25573525807
2019,5,2019-05,COMPAÑÍAS ASOCIADAS PETROLERAS S.A.,131.649677419355
2019,5,2019-05,COPESA CIA CONSTRUCTORA PETROLERA SA,0.129032258064516
2019,5,2019-05,"CRI HOLDING, INC.",0
2019,5,2019-05,CROWN POINT ENERGIA S.A.,0
2019,5,2019-05,ENAP SIPETROL ARGENTINA S.A.,4101.58193548387
2019,5,2019-05,ENERGIA COMPAÑIA PETROLERA S.A.,4.58451612903226
2019,5,2019-05,ENERGICON S.A.,0
2019,5,2019-05,EXXONMOBIL EXPLORATION ARGENTINA S.R.L.,726.456451612903
2019,5,2019-05,FOMICRUZ S.E.,1.10290322580645
2019,5,2019-05,GEOPARK ARGENTINA LTD. (SUCURSAL ARGENTINA),125.580967741935
2019,5,2019-05,GRECOIL y CIA. S.R.L.,0.164451612903226
2019,5,2019-05,HATTRICK ENERGY SAS,0
2019,5,2019-05,HIGH LUCK GROUP LTD. - SUCURSAL ARGENTINA,0
2019,5,2019-05,INGENIERIA ALPA S.A.,3.03741935483871
2019,5,2019-05,INGENIERIA SIMA S.A.,0
2019,5,2019-05,INTEGRACION ENERGETICA ARGENTINA S.A.,0
2019,5,2019-05,INTERENERGY ARGENTINA S.A.,0.0374193548387097
2019,5,2019-05,JEMSE - JUJUY ENERGIA y MINERIA S. E.,8.75903225806452
2019,5,2019-05,KILWER S.A.,0
2019,5,2019-05,MADALENA ENERGY ARGENTINA SRL ,49.2096774193548
2019,5,2019-05,MADALENA PETROLEUM (AMERICAS) LTD. (SUCURSAL ARGENTINA),73.8290322580645
2019,5,2019-05,MEDANITO S.A.,125.243516129032
2019,5,2019-05,OIL M&S S.A.,0
2019,5,2019-05,OILSTONE ENERGIA S.A.,487.797419354839
2019,5,2019-05,PAMPA ENERGIA S.A.,5662.70193548387
2019,5,2019-05,PAMPETROL S.A.P.E.M,8.31935483870968
2019,5,2019-05,PAN AMERICAN ENERGY SL,14748.8748387097
2019,5,2019-05,PETROFARO S.A.,27.6096774193548
2019,5,2019-05,PETROLEOS SUDAMERICANOS S.A.,179.359387096774
2019,5,2019-05,Petrolera Aconcagua Energia S.A.,6.04903225806452
2019,5,2019-05,PETROLERA DEL COMAHUE S.A.,0
2019,5,2019-05,PETROLERA EL TREBOL S.A.,50.5193225806452
2019,5,2019-05,PETROLERA PAMPA S.A. ,0
2019,5,2019-05,PETROLERA PATAGONIA S.R.L.,0
2019,5,2019-05,PETROLERA PIEDRA DEL AGUILA S.A.,0
2019,5,2019-05,PETROLERA SAN MIGUEL S.A.,0
2019,5,2019-05,PETROMINERA CHUBUT S.E.,0
2019,5,2019-05,PETROQUIMICA COMODORO RIVADAVIA S.A.,909.684838709677
2019,5,2019-05,PLUSPETROL ENERGY S.A.,1208.75061290323
2019,5,2019-05,PLUSPETROL S.A.,2766.80499999968
2019,5,2019-05,PRESIDENT PETROLEUM S.A.,23.9146451612903
2019,5,2019-05,QUINTANA E&P ARGENTINA S.R.L.,1.20474193548387
2019,5,2019-05,ROCH S.A.,1163.50951612903
2019,5,2019-05,SAN JORGE PETROLEUM S.A.,19.0556451612903
2019,5,2019-05,SELVA MARIA OIL S.A.,3.83225806451613
2019,5,2019-05,SHELL ARGENTINA S.A.,92.6162903225806
2019,5,2019-05,"SINOPEC ARGENTINA EXPLORATION AND PRODUCTION, INC.",1439.71275769558
2019,5,2019-05,TECPETROL S.A.,16588.017
2019,5,2019-05,TOTAL AUSTRAL S.A.,34650.5293548387
2019,5,2019-05,Vista Oil & Gas Argentina SA,1878.2294516129
2019,5,2019-05,WINTERSHALL ENERGIA S.A.,36.8293548387097
2019,5,2019-05,YPF S.A.,42140.1738709677
2019,6,2019-06,ALIANZA PETROLERA ARGENTINA S.A.,0.0144
2019,6,2019-06,APCO OIL AND GAS INTERNATIONAL INC (SUCURSAL ARGENTINA),20.5149333333333
2019,6,2019-06,ARGENTA ENERGIA S.A.,0
2019,6,2019-06,CAPETROL S.A.,0
2019,6,2019-06,CAPEX S.A.,1917.098
2019,6,2019-06,CHAÑARES ENERGIA S.A.,6.74823333333333
2019,6,2019-06,CHEVRON ARGENTINA S.R.L.,220.141333333333
2019,6,2019-06,COLHUE HUAPI S.A.,6.42666666666667
2019,6,2019-06,COMPAÑÍA GENERAL DE COMBUSTIBLES S.A.,5169.4931035
2019,6,2019-06,COMPAÑÍAS ASOCIADAS PETROLERAS S.A.,147.688666666667
2019,6,2019-06,COPESA CIA CONSTRUCTORA PETROLERA SA,0
2019,6,2019-06,"CRI HOLDING, INC.",0
2019,6,2019-06,CROWN POINT ENERGIA S.A.,0
2019,6,2019-06,ENAP SIPETROL ARGENTINA S.A.,4175.66866666667
2019,6,2019-06,ENERGIA COMPAÑIA PETROLERA S.A.,4.505
2019,6,2019-06,ENERGICON S.A.,0
2019,6,2019-06,EXXONMOBIL EXPLORATION ARGENTINA S.R.L.,760.197333333333
2019,6,2019-06,FOMICRUZ S.E.,1.37533333333333
2019,6,2019-06,GEOPARK ARGENTINA LTD. (SUCURSAL ARGENTINA),140.056666666667
2019,6,2019-06,GRECOIL y CIA. S.R.L.,0.427066666666667
2019,6,2019-06,HATTRICK ENERGY SAS,0
2019,6,2019-06,HIGH LUCK GROUP LTD. - SUCURSAL ARGENTINA,0
2019,6,2019-06,INGENIERIA ALPA S.A.,3.327
2019,6,2019-06,INGENIERIA SIMA S.A.,0
2019,6,2019-06,INTERENERGY ARGENTINA S.A.,0.037
2019,6,2019-06,JEMSE - JUJUY ENERGIA y MINERIA S. E.,9.75616666666667
2019,6,2019-06,KILWER S.A.,0.375333333333333
2019,6,2019-06,MADALENA ENERGY ARGENTINA SRL ,61.7605666666667
2019,6,2019-06,MADALENA PETROLEUM (AMERICAS) LTD. (SUCURSAL ARGENTINA),72.4252333333333
2019,6,2019-06,MEDANITO S.A.,135.915066666667
2019,6,2019-06,OIL M&S S.A.,0
2019,6,2019-06,OILSTONE ENERGIA S.A.,487.888333333333
2019,6,2019-06,PAMPA ENERGIA S.A.,5833.764
2019,6,2019-06,PAMPETROL S.A.P.E.M,3.72753333333333
2019,6,2019-06,PAN AMERICAN ENERGY SL,14511.8773333333
2019,6,2019-06,PETROFARO S.A.,27.61
2019,6,2019-06,PETROLEOS SUDAMERICANOS S.A.,168.172833333333
2019,6,2019-06,Petrolera Aconcagua Energia S.A.,7.627
2019,6,2019-06,PETROLERA DEL COMAHUE S.A.,0
2019,6,2019-06,PETROLERA EL TREBOL S.A.,50.5665
2019,6,2019-06,PETROLERA PAMPA S.A. ,0
2019,6,2019-06,PETROLERA PATAGONIA S.R.L.,0
2019,6,2019-06,PETROLERA PIEDRA DEL AGUILA S.A.,0
2019,6,2019-06,PETROLERA SAN MIGUEL S.A.,0
2019,6,2019-06,PETROMINERA CHUBUT S.E.,0
2019,6,2019-06,PETROQUIMICA COMODORO RIVADAVIA S.A.,948.088666666667
2019,6,2019-06,PLUSPETROL ENERGY S.A.,1225.58426666667
2019,6,2019-06,PLUSPETROL S.A.,2594.91463333333
2019,6,2019-06,PRESIDENT PETROLEUM S.A.,21.4176666666667
2019,6,2019-06,QUINTANA E&P ARGENTINA S.R.L.,1.31133333333333
2019,6,2019-06,ROCH S.A.,1140.12156666667
2019,6,2019-06,SAN JORGE PETROLEUM S.A.,14.6289666666667
2019,6,2019-06,SELVA MARIA OIL S.A.,1.91526666666667
2019,6,2019-06,SHELL ARGENTINA S.A.,123.114666666667
2019,6,2019-06,"SINOPEC ARGENTINA EXPLORATION AND PRODUCTION, INC.",1414.09964066667
2019,6,2019-06,TECPETROL S.A.,18291.9718333333
2019,6,2019-06,TOTAL AUSTRAL S.A.,34585.0083333333
2019,6,2019-06,Vista Oil & Gas Argentina SA,1814.85696666667
2019,6,2019-06,WINTERSHALL ENERGIA S.A.,32.7693333333333
2019,6,2019-06,YPF S.A.,43840.6933333333
2019,7,2019-07,ALIANZA PETROLERA ARGENTINA S.A.,0.0139032258064516
2019,7,2019-07,ARGENTA ENERGIA S.A.,0
2019,7,2019-07,CAPETROL S.A.,0
2019,7,2019-07,CAPEX S.A.,1874.47193548387
2019,7,2019-07,CHAÑARES ENERGIA S.A.,7.50638709677419
2019,7,2019-07,CHEVRON ARGENTINA S.R.L.,238.754193548387
2019,7,2019-07,COLHUE HUAPI S.A.,5.74193548387097
2019,7,2019-07,COMPAÑÍA GENERAL DE COMBUSTIBLES S.A.,5271.02856822581
2019,7,2019-07,COMPAÑÍAS ASOCIADAS PETROLERAS S.A.,140.911612903226
2019,7,2019-07,COPESA CIA CONSTRUCTORA PETROLERA SA,0
2019,7,2019-07,"CRI HOLDING, INC.",0
2019,7,2019-07,CROWN POINT ENERGIA S.A.,0
2019,7,2019-07,ENAP SIPETROL ARGENTINA S.A.,4087.89612903226
2019,7,2019-07,ENERGIA COMPAÑIA PETROLERA S.A.,4.245
2019,7,2019-07,ENERGICON S.A.,0
2019,7,2019-07,EXXONMOBIL EXPLORATION ARGENTINA S.R.L.,1563.38322580645
2019,7,2019-07,FOMICRUZ S.E.,1.62806451612903
2019,7,2019-07,GEOPARK ARGENTINA LTD. (SUCURSAL ARGENTINA),152.183451612903
2019,7,2019-07,GRECOIL y CIA. S.R.L.,1.76403225806452
2019,7,2019-07,HATTRICK ENERGY SAS,0
2019,7,2019-07,HIGH LUCK GROUP LTD. - SUCURSAL ARGENTINA,0
2019,7,2019-07,INGENIERIA ALPA S.A.,2.90451612903226
2019,7,2019-07,INGENIERIA SIMA S.A.,0
2019,7,2019-07,INTERENERGY ARGENTINA S.A.,0.0374193548387097
2019,7,2019-07,JEMSE - JUJUY ENERGIA y MINERIA S. E.,9.64258064516129
2019,7,2019-07,KILWER S.A.,13.5
2019,7,2019-07,MADALENA ENERGY ARGENTINA SRL ,58.2216129032258
2019,7,2019-07,MADALENA PETROLEUM (AMERICAS) LTD. (SUCURSAL ARGENTINA),69.0067741935484
2019,7,2019-07,MEDANITO S.A.,145.947290322581
2019,7,2019-07,OIL M&S S.A.,0
2019,7,2019-07,OILSTONE ENERGIA S.A.,472.331612903226
2019,7,2019-07,PAMPA ENERGIA S.A.,5891.23032258065
2019,7,2019-07,PAMPETROL S.A.P.E.M,7.56129032258065
2019,7,2019-07,PAN AMERICAN ENERGY SL,14784.7912903226
2019,7,2019-07,PETROFARO S.A.,27.4812903225806
2019,7,2019-07,PETROLEOS SUDAMERICANOS S.A.,169.374903225806
2019,7,2019-07,Petrolera Aconcagua Energia S.A.,8.31741935483871
2019,7,2019-07,PETROLERA DEL COMAHUE S.A.,0
2019,7,2019-07,PETROLERA EL TREBOL S.A.,50.759064516129
2019,7,2019-07,PETROLERA PAMPA S.A. ,0
2019,7,2019-07,PETROLERA PATAGONIA S.R.L.,0
2019,7,2019-07,PETROLERA PIEDRA DEL AGUILA S.A.,0
2019,7,2019-07,PETROLERA SAN MIGUEL S.A.,0
2019,7,2019-07,PETROMINERA CHUBUT S.E.,0
2019,7,2019-07,PETROQUIMICA COMODORO RIVADAVIA S.A.,947.820322580645
2019,7,2019-07,PLUSPETROL ENERGY S.A.,1194.57074193548
2019,7,2019-07,PLUSPETROL S.A.,2518.70151612935
2019,7,2019-07,PRESIDENT PETROLEUM S.A.,23.3502903225806
2019,7,2019-07,QUINTANA E&P ARGENTINA S.R.L.,1.28122580645161
2019,7,2019-07,ROCH S.A.,1124.76912903226
2019,7,2019-07,SAN JORGE PETROLEUM S.A.,14.8220322580645
2019,7,2019-07,SELVA MARIA OIL S.A.,1.38096774193548
2019,7,2019-07,SHELL ARGENTINA S.A.,190.795483870968
2019,7,2019-07,"SINOPEC ARGENTINA EXPLORATION AND PRODUCTION, INC.",1446.31449870968
2019,7,2019-07,TECPETROL S.A.,18493.8080645161
2019,7,2019-07,TOTAL AUSTRAL S.A.,36458.9919354839
2019,7,2019-07,Vista Oil & Gas Argentina SA,1903.81177419355
2019,7,2019-07,WINTERSHALL ENERGIA S.A.,30.261935483871
2019,7,2019-07,YPF S.A.,45007.2109677419
2019,8,2019-08,ALIANZA PETROLERA ARGENTINA S.A.,0.0145483870967742
2019,8,2019-08,ARGENTA ENERGIA S.A.,0
2019,8,2019-08,CAPETROL S.A.,0
2019,8,2019-08,CAPEX S.A.,1891.51290322581
2019,8,2019-08,CHAÑARES ENERGIA S.A.,7.15387096774194
2019,8,2019-08,CHEVRON ARGENTINA S.R.L.,232.520967741935
2019,8,2019-08,COLHUE HUAPI S.A.,5.13548387096774
2019,8,2019-08,COMPAÑÍA GENERAL DE COMBUSTIBLES S.A.,5922.27658809677
2019,8,2019-08,COMPAÑÍAS ASOCIADAS PETROLERAS S.A.,135.896774193548
2019,8,2019-08,COPESA CIA CONSTRUCTORA PETROLERA SA,0
2019,8,2019-08,"CRI HOLDING, INC.",0.00995151267741935
2019,8,2019-08,CROWN POINT ENERGIA S.A.,0
2019,8,2019-08,ENAP SIPETROL ARGENTINA S.A.,4141.77806451613
2019,8,2019-08,ENERGIA COMPAÑIA PETROLERA S.A.,4.25
2019,8,2019-08,ENERGICON S.A.,0
2019,8,2019-08,EXXONMOBIL EXPLORATION ARGENTINA S.R.L.,1546.15548387097
2019,8,2019-08,FOMICRUZ S.E.,1.84258064516129
2019,8,2019-08,GEOPARK ARGENTINA LTD. (SUCURSAL ARGENTINA),133.956774193548
2019,8,2019-08,GRECOIL y CIA. S.R.L.,0.483483870967742
2019,8,2019-08,HATTRICK ENERGY SAS,0
2019,8,2019-08,HIGH LUCK GROUP LTD. - SUCURSAL ARGENTINA,0
2019,8,2019-08,INGENIERIA ALPA S.A.,3.06387096774194
2019,8,2019-08,INGENIERIA SIMA S.A.,0
2019,8,2019-08,INTERENERGY ARGENTINA S.A.,0.0374193548387097
2019,8,2019-08,JEMSE - JUJUY ENERGIA y MINERIA S. E.,9.85225806451613
2019,8,2019-08,KILWER S.A.,17.7952580645161
2019,8,2019-08,MADALENA ENERGY ARGENTINA SRL ,54.5258064516129
2019,8,2019-08,MADALENA PETROLEUM (AMERICAS) LTD. (SUCURSAL ARGENTINA),66.9587096774193
2019,8,2019-08,MEDANITO S.A.,156.691161290323
2019,8,2019-08,OIL M&S S.A.,0
2019,8,2019-08,OILSTONE ENERGIA S.A.,912.884005710727
2019,8,2019-08,PAMPA ENERGIA S.A.,5877.79548387097
2019,8,2019-08,PAMPETROL S.A.P.E.M,7.70493548387097
2019,8,2019-08,PAN AMERICAN ENERGY SL,14620.4896774194
2019,8,2019-08,PETROFARO S.A.,27.4051612903226
2019,8,2019-08,PETROLEOS SUDAMERICANOS S.A.,164.878096774194
2019,8,2019-08,Petrolera Aconcagua Energia S.A.,7.31161290322581
2019,8,2019-08,PETROLERA DEL COMAHUE S.A.,0
2019,8,2019-08,PETROLERA EL TREBOL S.A.,50.6486129032258
2019,8,2019-08,PETROLERA PAMPA S.A. ,0
2019,8,2019-08,PETROLERA PATAGONIA S.R.L.,0
2019,8,2019-08,PETROLERA PIEDRA DEL AGUILA S.A.,0
2019,8,2019-08,PETROLERA SAN MIGUEL S.A.,0
2019,8,2019-08,PETROMINERA CHUBUT S.E.,0
2019,8,2019-08,PETROQUIMICA COMODORO RIVADAVIA S.A.,987.307741935484
2019,8,2019-08,PLUSPETROL ENERGY S.A.,1174.81567741935
2019,8,2019-08,PLUSPETROL S.A.,2563.60080645161
2019,8,2019-08,PRESIDENT PETROLEUM S.A.,23.6344516129032
2019,8,2019-08,QUINTANA E&P ARGENTINA S.R.L.,1.22316129032258
2019,8,2019-08,ROCH S.A.,1133.90441935484
2019,8,2019-08,SAN JORGE PETROLEUM S.A.,16.6346129032258
2019,8,2019-08,SELVA MARIA OIL S.A.,4.72554838709677
2019,8,2019-08,SHELL ARGENTINA S.A.,179.92
2019,8,2019-08,"SINOPEC ARGENTINA EXPLORATION AND PRODUCTION, INC.",1460.84496483871
2019,8,2019-08,TECPETROL S.A.,18032.584
2019,8,2019-08,TOTAL AUSTRAL S.A.,35260.5074516129
2019,8,2019-08,VISTA OIL & GAS ARGENTINA SAU,2112.64483870968
2019,8,2019-08,WINTERSHALL ENERGIA S.A.,30.0253225806452
2019,8,2019-08,YPF S.A.,45439.4096774194
2019,9,2019-09,ALIANZA PETROLERA ARGENTINA S.A.,0.0147333333333333
2019,9,2019-09,ARGENTA ENERGIA S.A.,0
2019,9,2019-09,CAPETROL S.A.,0
2019,9,2019-09,CAPEX S.A.,1836.57366666667
2019,9,2019-09,CHAÑARES ENERGIA S.A.,6.9915
2019,9,2019-09,CHEVRON ARGENTINA S.R.L.,225.934333333333
2019,9,2019-09,COLHUE HUAPI S.A.,4.65333333333333
2019,9,2019-09,COMPAÑÍA GENERAL DE COMBUSTIBLES S.A.,6114.7790805
2019,9,2019-09,COMPAÑÍAS ASOCIADAS PETROLERAS S.A.,140.854
2019,9,2019-09,COPESA CIA CONSTRUCTORA PETROLERA SA,0
2019,9,2019-09,"CRI HOLDING, INC.",0.0102699571333333
2019,9,2019-09,CROWN POINT ENERGIA S.A.,0
2019,9,2019-09,ENAP SIPETROL ARGENTINA S.A.,4113.36633333333
2019,9,2019-09,ENERGIA COMPAÑIA PETROLERA S.A.,3.978
2019,9,2019-09,ENERGICON S.A.,0
2019,9,2019-09,EXXONMOBIL EXPLORATION ARGENTINA S.R.L.,1655.50966666667
2019,9,2019-09,FOMICRUZ S.E.,1.89233333333333
2019,9,2019-09,GEOPARK ARGENTINA LTD. (SUCURSAL ARGENTINA),137.802666666667
2019,9,2019-09,GRECOIL y CIA. S.R.L.,0.3498
2019,9,2019-09,HATTRICK ENERGY SAS,0
2019,9,2019-09,HIGH LUCK GROUP LTD. - SUCURSAL ARGENTINA,0
2019,9,2019-09,INGENIERIA ALPA S.A.,3.28333333333333
2019,9,2019-09,INGENIERIA SIMA S.A.,0
2019,9,2019-09,INTERENERGY ARGENTINA S.A.,0.0373333333333333
2019,9,2019-09,JEMSE - JUJUY ENERGIA y MINERIA S. E.,8.78166666666667
2019,9,2019-09,KILWER S.A.,10.1973666666667
2019,9,2019-09,MADALENA ENERGY ARGENTINA SRL ,55.9423333333333
2019,9,2019-09,MADALENA PETROLEUM (AMERICAS) LTD. (SUCURSAL ARGENTINA),65.4956666666667
2019,9,2019-09,MEDANITO S.A.,142.583933333333
2019,9,2019-09,OIL M&S S.A.,0
2019,9,2019-09,OILSTONE ENERGIA S.A.,944.203091654056
2019,9,2019-09,PAMPA ENERGIA S.A.,6204.082
2019,9,2019-09,PAMPETROL S.A.P.E.M,7.93433333333333
2019,9,2019-09,PAN AMERICAN ENERGY SL,13940.8553333333
2019,9,2019-09,PETROFARO S.A.,26.8803333333333
2019,9,2019-09,PETROLEOS SUDAMERICANOS S.A.,162.785066666667
2019,9,2019-09,Petrolera Aconcagua Energia S.A.,7.306
2019,9,2019-09,PETROLERA DEL COMAHUE S.A.,0
2019,9,2019-09,PETROLERA EL TREBOL S.A.,50.5634
2019,9,2019-09,PETROLERA PAMPA S.A. ,0
2019,9,2019-09,PETROLERA PATAGONIA S.R.L.,0
2019,9,2019-09,PETROLERA PIEDRA DEL AGUILA S.A.,0
2019,9,2019-09,PETROLERA SAN MIGUEL S.A.,0
2019,9,2019-09,PETROMINERA CHUBUT S.E.,0
2019,9,2019-09,PETROQUIMICA COMODORO RIVADAVIA S.A.,915.952666666667
2019,9,2019-09,PLUSPETROL ENERGY S.A.,1215.53156666667
2019,9,2019-09,PLUSPETROL S.A.,3013.91753333341
2019,9,2019-09,PRESIDENT PETROLEUM S.A.,20.9244333333333
2019,9,2019-09,QUINTANA E&P ARGENTINA S.R.L.,1.23626666666667
2019,9,2019-09,ROCH S.A.,1099.70683333333
2019,9,2019-09,SAN JORGE PETROLEUM S.A.,15.1689666666667
2019,9,2019-09,SELVA MARIA OIL S.A.,2.11666666666667
2019,9,2019-09,SHELL ARGENTINA S.A.,175.77
2019,9,2019-09,"SINOPEC ARGENTINA EXPLORATION AND PRODUCTION, INC.",1421.66314633333
2019,9,2019-09,TECPETROL S.A.,15661.2501
2019,9,2019-09,TOTAL AUSTRAL S.A.,32594.183
2019,9,2019-09,VISTA OIL & GAS ARGENTINA SAU,2148.85646666667
2019,9,2019-09,WINTERSHALL DEA ARGENTINA S.A,47.8386666666667
2019,9,2019-09,YPF S.A.,43735.4276666667
2019,10,2019-10,ALIANZA PETROLERA ARGENTINA S.A.,0.0138709677419355
2019,10,2019-10,ARGENTA ENERGIA S.A.,0
2019,10,2019-10,CAPETROL S.A.,0
2019,10,2019-10,CAPEX S.A.,1856.62225806452
2019,10,2019-10,CHAÑARES ENERGIA S.A.,5.98809677419355
2019,10,2019-10,CHEVRON ARGENTINA S.R.L.,225.027419354839
2019,10,2019-10,COLHUE HUAPI S.A.,4.74516129032258
2019,10,2019-10,COMPAÑÍA GENERAL DE COMBUSTIBLES S.A.,6036.55099867742
2019,10,2019-10,COMPAÑÍAS ASOCIADAS PETROLERAS S.A.,147.001612903226
2019,10,2019-10,COPESA CIA CONSTRUCTORA PETROLERA SA,0
2019,10,2019-10,"CRI HOLDING, INC.",0.0134970878064516
2019,10,2019-10,CROWN POINT ENERGIA S.A.,0
2019,10,2019-10,ENAP SIPETROL ARGENTINA S.A.,4026.24612903226
2019,10,2019-10,ENERGIA COMPAÑIA PETROLERA S.A.,4.16129032258065
2019,10,2019-10,ENERGICON S.A.,0
2019,10,2019-10,EXXONMOBIL EXPLORATION AND PRODUCTION OFFSHORE ARGENTINA S.R.L.,0
2019,10,2019-10,EXXONMOBIL EXPLORATION ARGENTINA S.R.L.,1111.30161290323
2019,10,2019-10,FOMICRUZ S.E.,2.53129032258065
2019,10,2019-10,GEOPARK ARGENTINA LTD. (SUCURSAL ARGENTINA),141.865483870968
2019,10,2019-10,GRECOIL y CIA. S.R.L.,0
2019,10,2019-10,HATTRICK ENERGY SAS,0
2019,10,2019-10,HIGH LUCK GROUP LTD. - SUCURSAL ARGENTINA,0
2019,10,2019-10,INGENIERIA ALPA S.A.,3.33548387096774
2019,10,2019-10,INGENIERIA SIMA S.A.,0
2019,10,2019-10,INTERENERGY ARGENTINA S.A.,0.0374193548387097
2019,10,2019-10,JEMSE - JUJUY ENERGIA y MINERIA S. E.,9.47354838709678
2019,10,2019-10,KILWER S.A.,9.2628064516129
2019,10,2019-10,MADALENA ENERGY ARGENTINA SRL ,58.0770967741935
2019,10,2019-10,MADALENA PETROLEUM (AMERICAS) LTD. (SUCURSAL ARGENTINA),65.4729032258064
2019,10,2019-10,MEDANITO S.A.,138.134516129032
2019,10,2019-10,OIL M&S S.A.,0
2019,10,2019-10,OILSTONE ENERGIA S.A.,933.253870967742
2019,10,2019-10,PAMPA ENERGIA S.A.,6192.78225806452
2019,10,2019-10,PAMPETROL S.A.P.E.M,8.15
2019,10,2019-10,PAN AMERICAN ENERGY SL,14071.5409677419
2019,10,2019-10,PETROFARO S.A.,44.5625806451613
2019,10,2019-10,PETROLEOS SUDAMERICANOS S.A.,152.789161290323
2019,10,2019-10,Petrolera Aconcagua Energia S.A.,7.39451612903226
2019,10,2019-10,PETROLERA DEL COMAHUE S.A.,0
2019,10,2019-10,PETROLERA EL TREBOL S.A.,50.5375161290323
2019,10,2019-10,PETROLERA PAMPA S.A. ,0
2019,10,2019-10,PETROLERA PATAGONIA S.R.L.,0
2019,10,2019-10,PETROLERA PIEDRA DEL AGUILA S.A.,0
2019,10,2019-10,PETROLERA SAN MIGUEL S.A.,0
2019,10,2019-10,PETROMINERA CHUBUT S.E.,0
2019,10,2019-10,PETROQUIMICA COMODORO RIVADAVIA S.A.,927.45064516129
2019,10,2019-10,PLUSPETROL ENERGY S.A.,1256.27309677419
2019,10,2019-10,PLUSPETROL S.A.,3561.31445161258
2019,10,2019-10,PRESIDENT PETROLEUM S.A.,21.505
2019,10,2019-10,QUINTANA E&P ARGENTINA S.R.L.,1.18129032258065
2019,10,2019-10,ROCH S.A.,1070.55925806452
2019,10,2019-10,SAN JORGE PETROLEUM S.A.,14.143064516129
2019,10,2019-10,SELVA MARIA OIL S.A.,1.94838709677419
2019,10,2019-10,SHELL ARGENTINA S.A.,132.850419354839
2019,10,2019-10,"SINOPEC ARGENTINA EXPLORATION AND PRODUCTION, INC.",1327.18049677419
2019,10,2019-10,TECPETROL S.A.,17592.2109032258
2019,10,2019-10,TOTAL AUSTRAL S.A.,34267.5425806452
2019,10,2019-10,VISTA OIL & GAS ARGENTINA SAU,2103.11603225806
2019,10,2019-10,WINTERSHALL DEA ARGENTINA S.A,53.0322580645161
2019,10,2019-10,YPF S.A.,42263.6735483871
2019,11,2019-11,ALIANZA PETROLERA ARGENTINA S.A.,0.0133
2019,11,2019-11,ARGENTA ENERGIA S.A.,0
2019,11,2019-11,CAPETROL ARGENTINA S.A.,0
2019,11,2019-11,CAPETROL S.A.,0
2019,11,2019-11,CAPEX S.A.,1852.988
2019,11,2019-11,CHAÑARES ENERGIA S.A.,5.77063333333333
2019,11,2019-11,CHEVRON ARGENTINA S.R.L.,230.330333333333
2019,11,2019-11,COLHUE HUAPI S.A.,4.69666666666667
2019,11,2019-11,COMPAÑÍA GENERAL DE COMBUSTIBLES S.A.,5731.2939428
2019,11,2019-11,COMPAÑÍAS ASOCIADAS PETROLERAS S.A.,132.381666666667
2019,11,2019-11,COPESA CIA CONSTRUCTORA PETROLERA SA,0
2019,11,2019-11,"CRI HOLDING, INC.",0.0095344033
2019,11,2019-11,CROWN POINT ENERGIA S.A.,0
2019,11,2019-11,ENAP SIPETROL ARGENTINA S.A.,4022.48433333333
2019,11,2019-11,ENERGIA COMPAÑIA PETROLERA S.A.,4.165
2019,11,2019-11,ENERGICON S.A.,0
2019,11,2019-11,EXXONMOBIL EXPLORATION AND PRODUCTION OFFSHORE ARGENTINA S.R.L.,0
2019,11,2019-11,EXXONMOBIL EXPLORATION ARGENTINA S.R.L.,1057.47733333333
2019,11,2019-11,FOMICRUZ S.E.,1.96333333333333
2019,11,2019-11,GEOPARK ARGENTINA LTD. (SUCURSAL ARGENTINA),121.543666666667
2019,11,2019-11,GRECOIL y CIA. S.R.L.,0
2019,11,2019-11,HATTRICK ENERGY SAS,0
2019,11,2019-11,HIGH LUCK GROUP LTD. - SUCURSAL ARGENTINA,0.499933333333333
2019,11,2019-11,INGENIERIA ALPA S.A.,3.06
2019,11,2019-11,INGENIERIA SIMA S.A.,0
2019,11,2019-11,INTERENERGY ARGENTINA S.A.,0.0376666666666667
2019,11,2019-11,JEMSE - JUJUY ENERGIA y MINERIA S. E.,9.38333333333333
2019,11,2019-11,KILWER S.A.,8.52116666666667
2019,11,2019-11,MADALENA ENERGY ARGENTINA SRL ,59.35
2019,11,2019-11,MADALENA PETROLEUM (AMERICAS) LTD. (SUCURSAL ARGENTINA),64.162
2019,11,2019-11,MEDANITO S.A.,100.976933333333
2019,11,2019-11,OIL M&S S.A.,0
2019,11,2019-11,OILSTONE ENERGIA S.A.,915.164550666667
2019,11,2019-11,PAMPA ENERGIA S.A.,6096.97066666667
2019,11,2019-11,PAMPETROL S.A.P.E.M,8.04366666666667
2019,11,2019-11,PAN AMERICAN ENERGY SL,13370.3483333333
2019,11,2019-11,PETROFARO S.A.,43.627
2019,11,2019-11,PETROLEOS SUDAMERICANOS S.A.,160.782533333333
2019,11,2019-11,Petrolera Aconcagua Energia S.A.,6.73666666666667
2019,11,2019-11,PETROLERA DEL COMAHUE S.A.,0
2019,11,2019-11,PETROLERA EL TREBOL S.A.,50.5997
2019,11,2019-11,PETROLERA PAMPA S.A. ,0
2019,11,2019-11,PETROLERA PIEDRA DEL AGUILA S.A.,0
2019,11,2019-11,PETROLERA SAN MIGUEL S.A.,0
2019,11,2019-11,PETROMINERA CHUBUT S.E.,0
2019,11,2019-11,PETROQUIMICA COMODORO RIVADAVIA S.A.,862.642666666667
2019,11,2019-11,PLUSPETROL ENERGY S.A.,1224.46983333333
2019,11,2019-11,PLUSPETROL S.A.,3894.55126666633
2019,11,2019-11,PRESIDENT PETROLEUM S.A.,49.6860666666667
2019,11,2019-11,QUINTANA E&P ARGENTINA S.R.L.,1.2079
2019,11,2019-11,ROCH S.A.,1056.9135
2019,11,2019-11,SAN JORGE PETROLEUM S.A.,7.04353333333333
2019,11,2019-11,SELVA MARIA OIL S.A.,2.40466666666667
2019,11,2019-11,SHELL ARGENTINA S.A.,196.517
2019,11,2019-11,"SINOPEC ARGENTINA EXPLORATION AND PRODUCTION, INC.",1275.242481
2019,11,2019-11,TECPETROL S.A.,11463.065
2019,11,2019-11,TOTAL AUSTRAL S.A.,31012.4716666667
2019,11,2019-11,VISTA OIL & GAS ARGENTINA SAU,1971.22553333333
2019,11,2019-11,WINTERSHALL DEA ARGENTINA S.A,49.2076666666667
2019,11,2019-11,YPF S.A.,39854.508
2019,12,2019-12,ALIANZA PETROLERA ARGENTINA S.A.,0.0107741935483871
2019,12,2019-12,ARGENTA ENERGIA S.A.,0
2019,12,2019-12,CAPETROL ARGENTINA S.A.,3.83870967741935
2019,12,2019-12,CAPETROL S.A.,0
2019,12,2019-12,CAPEX S.A.,1903.70258064516
2019,12,2019-12,CHAÑARES ENERGIA S.A.,5.96006451612903
2019,12,2019-12,CHEVRON ARGENTINA S.R.L.,231.871612903226
2019,12,2019-12,COLHUE HUAPI S.A.,4.79677419354839
2019,12,2019-12,COMPAÑÍA GENERAL DE COMBUSTIBLES S.A.,5774.23216667742
2019,12,2019-12,COMPAÑÍAS ASOCIADAS PETROLERAS S.A.,140.753225806452
2019,12,2019-12,COPESA CIA CONSTRUCTORA PETROLERA SA,0
2019,12,2019-12,"CRI HOLDING, INC.",0.00837436593548387
2019,12,2019-12,CROWN POINT ENERGIA S.A.,0
2019,12,2019-12,ENAP SIPETROL ARGENTINA S.A.,3966.02741935484
2019,12,2019-12,ENERGIA COMPAÑIA PETROLERA S.A.,3.92096774193548
2019,12,2019-12,ENERGICON S.A.,0
2019,12,2019-12,EXXONMOBIL EXPLORATION AND PRODUCTION OFFSHORE ARGENTINA S.R.L.,0
2019,12,2019-12,EXXONMOBIL EXPLORATION ARGENTINA S.R.L.,1195.23580645161
2019,12,2019-12,FOMICRUZ S.E.,1.51354838709677
2019,12,2019-12,GEOPARK ARGENTINA LTD. (SUCURSAL ARGENTINA),144.233548387097
2019,12,2019-12,GRECOIL y CIA. S.R.L.,0
2019,12,2019-12,HATTRICK ENERGY SAS,0
2019,12,2019-12,HIGH LUCK GROUP LTD. - SUCURSAL ARGENTINA,0.524161290322581
2019,12,2019-12,INGENIERIA ALPA S.A.,3.36483870967742
2019,12,2019-12,INGENIERIA SIMA S.A.,0
2019,12,2019-12,INTERENERGY ARGENTINA S.A.,0.0374193548387097
2019,12,2019-12,JEMSE - JUJUY ENERGIA y MINERIA S. E.,10.03
2019,12,2019-12,KILWER S.A.,7.54967741935484
2019,12,2019-12,MADALENA ENERGY ARGENTINA SRL ,57.5467741935484
2019,12,2019-12,MADALENA PETROLEUM (AMERICAS) LTD. (SUCURSAL ARGENTINA),59.8535483870968
2019,12,2019-12,MEDANITO S.A.,116.325903225806
2019,12,2019-12,OIL M&S S.A.,0
2019,12,2019-12,OILSTONE ENERGIA S.A.,933.382580645161
2019,12,2019-12,PAMPA ENERGIA S.A.,6105.26741935484
2019,12,2019-12,PAMPETROL S.A.P.E.M,8.28516129032258
2019,12,2019-12,PAN AMERICAN ENERGY SL,12569.4022580645
2019,12,2019-12,PETROFARO S.A.,41.9816129032258
2019,12,2019-12,PETROLEOS SUDAMERICANOS S.A.,159.512806451613
2019,12,2019-12,Petrolera Aconcagua Energia S.A.,6.21903225806452
2019,12,2019-12,PETROLERA DEL COMAHUE S.A.,0
2019,12,2019-12,PETROLERA EL TREBOL S.A.,50.6396774193548
2019,12,2019-12,PETROLERA PAMPA S.A. ,0
2019,12,2019-12,PETROLERA PIEDRA DEL AGUILA S.A.,0
2019,12,2019-12,PETROLERA SAN MIGUEL S.A.,0
2019,12,2019-12,PETROMINERA CHUBUT S.E.,0
2019,12,2019-12,PETROQUIMICA COMODORO RIVADAVIA S.A.,858.323870967742
2019,12,2019-12,PLUSPETROL ENERGY S.A.,1214.95809677419
2019,12,2019-12,PLUSPETROL S.A.,4443.74841935452
2019,12,2019-12,PRESIDENT PETROLEUM S.A.,73.1629032258065
2019,12,2019-12,QUINTANA E&P ARGENTINA S.R.L.,1.19161290322581
2019,12,2019-12,ROCH S.A.,1025.51338709677
2019,12,2019-12,SAN JORGE PETROLEUM S.A.,9.73712903225806
2019,12,2019-12,SELVA MARIA OIL S.A.,2.18645161290323
2019,12,2019-12,SHELL ARGENTINA S.A.,262.332258064516
2019,12,2019-12,"SINOPEC ARGENTINA EXPLORATION AND PRODUCTION, INC.",1241.90418
2019,12,2019-12,TECPETROL S.A.,12629.8419677419
2019,12,2019-12,TOTAL AUSTRAL S.A.,30618.8841935484
2019,12,2019-12,VISTA OIL & GAS ARGENTINA SAU,1969.43483870968
2019,12,2019-12,WINTERSHALL DEA ARGENTINA S.A,33.6558064516129
2019,12,2019-12,YPF S.A.,38974.7238709677
2020,1,2020-01,ALIANZA PETROLERA ARGENTINA S.A.,0.0162903225806452
2020,1,2020-01,ARGENTA ENERGIA S.A.,0
2020,1,2020-01,CAPETROL ARGENTINA S.A.,4.12903225806452
2020,1,2020-01,CAPETROL S.A.,0
2020,1,2020-01,CAPEX S.A.,1889.66967741935
2020,1,2020-01,CHAÑARES ENERGIA S.A.,6.25093548387097
2020,1,2020-01,CHEVRON ARGENTINA S.R.L.,223.93
2020,1,2020-01,COLHUE HUAPI S.A.,4.89032258064516
2020,1,2020-01,COMPAÑÍA GENERAL DE COMBUSTIBLES S.A.,5702.07717012903
2020,1,2020-01,COMPAÑÍAS ASOCIADAS PETROLERAS S.A.,145.202580645161
2020,1,2020-01,COPESA CIA CONSTRUCTORA PETROLERA SA,0
2020,1,2020-01,"CRI HOLDING, INC.",0.00683176009677419
2020,1,2020-01,CROWN POINT ENERGIA S.A.,0
2020,1,2020-01,ENAP SIPETROL ARGENTINA S.A.,3953.52709677419
2020,1,2020-01,ENERGIA COMPAÑIA PETROLERA S.A.,4.59548387096774
2020,1,2020-01,ENERGICON S.A.,0
2020,1,2020-01,EXXONMOBIL EXPLORATION AND PRODUCTION OFFSHORE ARGENTINA S.R.L.,0
2020,1,2020-01,EXXONMOBIL EXPLORATION ARGENTINA S.R.L.,1460.11483870968
2020,1,2020-01,FOMICRUZ S.E.,2.2
2020,1,2020-01,GEOPARK ARGENTINA LTD. (SUCURSAL ARGENTINA),176.283870967742
2020,1,2020-01,GRECOIL y CIA. S.R.L.,0
2020,1,2020-01,HATTRICK ENERGY SAS,0
2020,1,2020-01,HIGH LUCK GROUP LTD. - SUCURSAL ARGENTINA,0.542193548387097
2020,1,2020-01,INGENIERIA ALPA S.A.,3.53870967741935
2020,1,2020-01,INGENIERIA SIMA S.A.,0
2020,1,2020-01,INTERENERGY ARGENTINA S.A.,0.0512903225806452
2020,1,2020-01,JEMSE - JUJUY ENERGIA y MINERIA S. E.,9.14564516129032
2020,1,2020-01,KILWER S.A.,6.84048387096774
2020,1,2020-01,MADALENA ENERGY ARGENTINA SRL ,128.157096774194
2020,1,2020-01,MEDANITO S.A.,138.243870967742
2020,1,2020-01,OIL M&S S.A.,0
2020,1,2020-01,OILSTONE ENERGIA S.A.,922.955225806452
2020,1,2020-01,PAMPA ENERGIA S.A.,6054.40225806452
2020,1,2020-01,PAMPETROL S.A.P.E.M,8.13193548387097
2020,1,2020-01,PAN AMERICAN ENERGY SL,13241.7858064516
2020,1,2020-01,PETROFARO S.A.,41.8264516129032
2020,1,2020-01,PETROLEOS SUDAMERICANOS S.A.,150.14635483871
2020,1,2020-01,Petrolera Aconcagua Energia S.A.,6.2958064516129
2020,1,2020-01,PETROLERA DEL COMAHUE S.A.,0
2020,1,2020-01,PETROLERA EL TREBOL S.A.,50.9293870967742
2020,1,2020-01,PETROLERA PAMPA S.A. ,0
2020,1,2020-01,PETROLERA PIEDRA DEL AGUILA S.A.,0
2020,1,2020-01,PETROLERA SAN MIGUEL S.A.,0
2020,1,2020-01,PETROMINERA CHUBUT S.E.,0
2020,1,2020-01,PETROQUIMICA COMODORO RIVADAVIA S.A.,922.641612903226
2020,1,2020-01,PLUSPETROL ENERGY S.A.,1230.15887096774
2020,1,2020-01,PLUSPETROL S.A.,4563.86645161258
2020,1,2020-01,PRESIDENT PETROLEUM S.A.,74.5568709677419
2020,1,2020-01,QUINTANA E&P ARGENTINA S.R.L.,1.1918064516129
2020,1,2020-01,ROCH S.A.,1006.10570967742
2020,1,2020-01,SAN JORGE PETROLEUM S.A.,12.9753225806452
2020,1,2020-01,SELVA MARIA OIL S.A.,2.72870967741936
2020,1,2020-01,SHELL ARGENTINA S.A.,266.735161290323
2020,1,2020-01,"SINOPEC ARGENTINA EXPLORATION AND PRODUCTION, INC.",1233.47400935484
2020,1,2020-01,TECPETROL S.A.,15117.636483871
2020,1,2020-01,TOTAL AUSTRAL S.A.,30659.3674193548
2020,1,2020-01,VENOIL S.A.,0
2020,1,2020-01,VISTA OIL & GAS ARGENTINA SAU,1817.13748387097
2020,1,2020-01,WINTERSHALL DEA ARGENTINA S.A,26.2522580645161
2020,1,2020-01,YPF S.A.,38961.6283870968
2020,2,2020-02,ALIANZA PETROLERA ARGENTINA S.A.,0.0379310344827586
2020,2,2020-02,ARGENTA ENERGIA S.A.,0
2020,2,2020-02,CAPETROL ARGENTINA S.A.,4.41379310344828
2020,2,2020-02,CAPETROL S.A.,0
2020,2,2020-02,CAPEX S.A.,1942.76413793103
2020,2,2020-02,CHAÑARES ENERGIA S.A.,7.02634482758621
2020,2,2020-02,CHEVRON ARGENTINA S.R.L.,228.759655172414
2020,2,2020-02,COLHUE HUAPI S.A.,4.81379310344828
2020,2,2020-02,COMPAÑÍA GENERAL DE COMBUSTIBLES S.A.,5550.50710772414
2020,2,2020-02,COMPAÑÍAS ASOCIADAS PETROLERAS S.A.,145.758620689655
2020,2,2020-02,COPESA CIA CONSTRUCTORA PETROLERA SA,0
2020,2,2020-02,"CRI HOLDING, INC.",0.0108315740691931
2020,2,2020-02,CROWN POINT ENERGIA S.A.,0
2020,2,2020-02,ENAP SIPETROL ARGENTINA S.A.,3898.49551724138
2020,2,2020-02,ENERGIA COMPAÑIA PETROLERA S.A.,4.08
2020,2,2020-02,ENERGICON S.A.,0
2020,2,2020-02,EXXONMOBIL EXPLORATION AND PRODUCTION OFFSHORE ARGENTINA S.R.L.,0
2020,2,2020-02,EXXONMOBIL EXPLORATION ARGENTINA S.R.L.,1780.30344827586
2020,2,2020-02,FOMICRUZ S.E.,2.2
2020,2,2020-02,GEOPARK ARGENTINA LTD. (SUCURSAL ARGENTINA),169.963103448276
2020,2,2020-02,GRECOIL y CIA. S.R.L.,0
2020,2,2020-02,HATTRICK ENERGY SAS,0
2020,2,2020-02,HIGH LUCK GROUP LTD. - SUCURSAL ARGENTINA,0.476103448275862
2020,2,2020-02,INGENIERIA ALPA S.A.,3.42
2020,2,2020-02,INGENIERIA SIMA S.A.,0
2020,2,2020-02,JEMSE - JUJUY ENERGIA y MINERIA S. E.,9.07862068965517
2020,2,2020-02,KILWER S.A.,8.85944827586207
2020,2,2020-02,MADALENA ENERGY ARGENTINA SRL ,113.973793103448
2020,2,2020-02,MEDANITO S.A.,137.127862068966
2020,2,2020-02,OIL M&S S.A.,0
2020,2,2020-02,OILSTONE ENERGIA S.A.,897.397310344828
2020,2,2020-02,PAMPA ENERGIA S.A.,5715.9224137931
2020,2,2020-02,PAMPETROL S.A.P.E.M,8.1651724137931
2020,2,2020-02,PAN AMERICAN ENERGY SL,13435.3220689655
2020,2,2020-02,PETROFARO S.A.,39.4162068965517
2020,2,2020-02,PETROLEOS SUDAMERICANOS S.A.,165.149689655172
2020,2,2020-02,Petrolera Aconcagua Energia S.A.,5.26206896551724
2020,2,2020-02,PETROLERA DEL COMAHUE S.A.,0
2020,2,2020-02,PETROLERA EL TREBOL S.A.,50.358
2020,2,2020-02,PETROLERA PAMPA S.A. ,0
2020,2,2020-02,PETROLERA PIEDRA DEL AGUILA S.A.,0
2020,2,2020-02,PETROLERA SAN MIGUEL S.A.,0
2020,2,2020-02,PETROMINERA CHUBUT S.E.,0
2020,2,2020-02,PETROQUIMICA COMODORO RIVADAVIA S.A.,942.437586206897
2020,2,2020-02,PLUSPETROL ENERGY S.A.,1169.73993103448
2020,2,2020-02,PLUSPETROL S.A.,4242.33565517276
2020,2,2020-02,PRESIDENT PETROLEUM S.A.,73.8295172413793
2020,2,2020-02,QUINTANA E&P ARGENTINA S.R.L.,1.18134482758621
2020,2,2020-02,ROCH S.A.,990.611862068965
2020,2,2020-02,SAN JORGE PETROLEUM S.A.,13.661
2020,2,2020-02,SELVA MARIA OIL S.A.,2.41655172413793
2020,2,2020-02,SHELL ARGENTINA S.A.,426.138965517241
2020,2,2020-02,"SINOPEC ARGENTINA EXPLORATION AND PRODUCTION, INC.",1168.71809965517
2020,2,2020-02,TECPETROL S.A.,14414.5423448276
2020,2,2020-02,TOTAL AUSTRAL S.A.,30952.8027586207
2020,2,2020-02,VENOIL S.A.,0
2020,2,2020-02,VISTA OIL & GAS ARGENTINA SAU,1773.63531034483
2020,2,2020-02,WINTERSHALL DEA ARGENTINA S.A,23.7865517241379
2020,2,2020-02,YPF S.A.,37191.1389655172
2020,3,2020-03,ALIANZA PETROLERA ARGENTINA S.A.,0.0509354838709677
2020,3,2020-03,ARGENTA ENERGIA S.A.,0
2020,3,2020-03,CAPETROL ARGENTINA S.A.,4
2020,3,2020-03,CAPETROL S.A.,0
2020,3,2020-03,CAPEX S.A.,1936.07096774194
2020,3,2020-03,CHAÑARES ENERGIA S.A.,6.65529032258064
2020,3,2020-03,CHEVRON ARGENTINA S.R.L.,217.474193548387
2020,3,2020-03,COLHUE HUAPI S.A.,4.62258064516129
2020,3,2020-03,COMPAÑÍA GENERAL DE COMBUSTIBLES S.A.,5444.25549116129
2020,3,2020-03,COMPAÑÍAS ASOCIADAS PETROLERAS S.A.,143.866129032258
2020,3,2020-03,COPESA CIA CONSTRUCTORA PETROLERA SA,0
2020,3,2020-03,"CRI HOLDING, INC.",0.0121826596774194
2020,3,2020-03,CROWN POINT ENERGIA S.A.,0
2020,3,2020-03,ENAP SIPETROL ARGENTINA S.A.,3256.20774193548
2020,3,2020-03,ENERGIA COMPAÑIA PETROLERA S.A.,1.85
2020,3,2020-03,ENERGICON S.A.,0
2020,3,2020-03,EXXONMOBIL EXPLORATION AND PRODUCTION OFFSHORE ARGENTINA S.R.L.,0
2020,3,2020-03,EXXONMOBIL EXPLORATION ARGENTINA S.R.L.,1784.48709677419
2020,3,2020-03,FOMICRUZ S.E.,2.2
2020,3,2020-03,GEOPARK ARGENTINA LTD. (SUCURSAL ARGENTINA),172.329677419355
2020,3,2020-03,GRECOIL y CIA. S.R.L.,0
2020,3,2020-03,HATTRICK ENERGY SAS,0
2020,3,2020-03,HIGH LUCK GROUP LTD. - SUCURSAL ARGENTINA,0.440548387096774
2020,3,2020-03,INGENIERIA ALPA S.A.,3.55838709677419
2020,3,2020-03,INGENIERIA SIMA S.A.,0
2020,3,2020-03,JEMSE - JUJUY ENERGIA y MINERIA S. E.,9.25225806451613
2020,3,2020-03,KILWER S.A.,7.665
2020,3,2020-03,MADALENA ENERGY ARGENTINA SRL ,107.900967741935
2020,3,2020-03,MEDANITO S.A.,130.287419354839
2020,3,2020-03,OIL M&S S.A.,0
2020,3,2020-03,OILSTONE ENERGIA S.A.,878.902870967742
2020,3,2020-03,PAMPA ENERGIA S.A.,5936.97451612903
2020,3,2020-03,PAMPETROL S.A.P.E.M,8.19193548387097
2020,3,2020-03,PAN AMERICAN ENERGY SL,13472.2058064516
2020,3,2020-03,PETROFARO S.A.,39.0632258064516
2020,3,2020-03,PETROLEOS SUDAMERICANOS S.A.,147.212419354839
2020,3,2020-03,Petrolera Aconcagua Energia S.A.,5.6841935483871
2020,3,2020-03,PETROLERA DEL COMAHUE S.A.,0
2020,3,2020-03,PETROLERA EL TREBOL S.A.,50.2000322580645
2020,3,2020-03,PETROLERA PAMPA S.A. ,0
2020,3,2020-03,PETROLERA PIEDRA DEL AGUILA S.A.,0
2020,3,2020-03,PETROLERA SAN MIGUEL S.A.,0
2020,3,2020-03,PETROMINERA CHUBUT S.E.,0
2020,3,2020-03,PETROQUIMICA COMODORO RIVADAVIA S.A.,875.661612903226
2020,3,2020-03,PLUSPETROL ENERGY S.A.,1199.88938709677
2020,3,2020-03,PLUSPETROL S.A.,4915.86645161258
2020,3,2020-03,PRESIDENT PETROLEUM S.A.,145.015258064516
2020,3,2020-03,QUINTANA E&P ARGENTINA S.R.L.,1.19912903225806
2020,3,2020-03,ROCH S.A.,979.391161290323
2020,3,2020-03,SAN JORGE PETROLEUM S.A.,13.2998709677419
2020,3,2020-03,SELVA MARIA OIL S.A.,2.17903225806452
2020,3,2020-03,SHELL ARGENTINA S.A.,375.933870967742
2020,3,2020-03,"SINOPEC ARGENTINA EXPLORATION AND PRODUCTION, INC.",1194.5733083871
2020,3,2020-03,TECPETROL S.A.,12759.3691612903
2020,3,2020-03,TOTAL AUSTRAL S.A.,31796.8087096774
2020,3,2020-03,VENOIL S.A.,0
2020,3,2020-03,VISTA OIL & GAS ARGENTINA SAU,1653.13887096774
2020,3,2020-03,WINTERSHALL DEA ARGENTINA S.A,24.3251612903226
2020,3,2020-03,YPF S.A.,36912.9738709677
2020,4,2020-04,ALIANZA PETROLERA ARGENTINA S.A.,0.0373666666666667
2020,4,2020-04,ARGENTA ENERGIA S.A.,0
2020,4,2020-04,CAPETROL ARGENTINA S.A.,4
2020,4,2020-04,CAPETROL S.A.,0
2020,4,2020-04,CAPEX S.A.,1872.172
2020,4,2020-04,CHAÑARES ENERGIA S.A.,1.49466666666667
2020,4,2020-04,CHEVRON ARGENTINA S.R.L.,227.952666666667
2020,4,2020-04,COLHUE HUAPI S.A.,4.49333333333333
2020,4,2020-04,COMPAÑÍA GENERAL DE COMBUSTIBLES S.A.,5194.54940216667
2020,4,2020-04,COMPAÑÍAS ASOCIADAS PETROLERAS S.A.,142.923333333333
2020,4,2020-04,COPESA CIA CONSTRUCTORA PETROLERA SA,0
2020,4,2020-04,"CRI HOLDING, INC.",0.0184642820333333
2020,4,2020-04,CROWN POINT ENERGIA S.A.,0
2020,4,2020-04,ENAP SIPETROL ARGENTINA S.A.,3958.01966666667
2020,4,2020-04,ENERGIA COMPAÑIA PETROLERA S.A.,2.265
2020,4,2020-04,ENERGICON S.A.,0
2020,4,2020-04,EXXONMOBIL EXPLORATION AND PRODUCTION OFFSHORE ARGENTINA S.R.L.,0
2020,4,2020-04,EXXONMOBIL EXPLORATION ARGENTINA S.R.L.,1406.22933333333
2020,4,2020-04,FOMICRUZ S.E.,2.2
2020,4,2020-04,GEOPARK ARGENTINA LTD. (SUCURSAL ARGENTINA),120.323
2020,4,2020-04,GRECOIL y CIA. S.R.L.,0
2020,4,2020-04,HATTRICK ENERGY SAS,0
2020,4,2020-04,HIGH LUCK GROUP LTD. - SUCURSAL ARGENTINA,0.131633333333333
2020,4,2020-04,INGENIERIA ALPA S.A.,3.37866666666667
2020,4,2020-04,INGENIERIA SIMA S.A.,0
2020,4,2020-04,JEMSE - JUJUY ENERGIA y MINERIA S. E.,9.45433333333333
2020,4,2020-04,KILWER S.A.,3.6927
2020,4,2020-04,MADALENA ENERGY ARGENTINA SRL ,106.496333333333
2020,4,2020-04,MEDANITO S.A.,107.125333333333
2020,4,2020-04,OIL M&S S.A.,0
2020,4,2020-04,OILSTONE ENERGIA S.A.,887.756733333333
2020,4,2020-04,PAMPA ENERGIA S.A.,5849.548
2020,4,2020-04,PAMPETROL S.A.P.E.M,8.063
2020,4,2020-04,PAN AMERICAN ENERGY SL,13087.461
2020,4,2020-04,PETROFARO S.A.,39.308
2020,4,2020-04,PETROLEOS SUDAMERICANOS S.A.,151.291533333333
2020,4,2020-04,Petrolera Aconcagua Energia S.A.,6.649
2020,4,2020-04,PETROLERA DEL COMAHUE S.A.,0
2020,4,2020-04,PETROLERA EL TREBOL S.A.,18.4066666666667
2020,4,2020-04,PETROLERA PAMPA S.A. ,0
2020,4,2020-04,PETROLERA PIEDRA DEL AGUILA S.A.,0
2020,4,2020-04,PETROLERA SAN MIGUEL S.A.,0
2020,4,2020-04,PETROMINERA CHUBUT S.E.,0
2020,4,2020-04,PETROQUIMICA COMODORO RIVADAVIA S.A.,659.830666666667
2020,4,2020-04,PLUSPETROL ENERGY S.A.,1165.0772
2020,4,2020-04,PLUSPETROL S.A.,4788.07383333333
2020,4,2020-04,PRESIDENT PETROLEUM S.A.,148.158463333333
2020,4,2020-04,QUINTANA E&P ARGENTINA S.R.L.,1.21973333333333
2020,4,2020-04,ROCH S.A.,929.4245
2020,4,2020-04,SAN JORGE PETROLEUM S.A.,9.83486666666667
2020,4,2020-04,SELVA MARIA OIL S.A.,1.97266666666667
2020,4,2020-04,SHELL ARGENTINA S.A.,253.514666666667
2020,4,2020-04,"SINOPEC ARGENTINA EXPLORATION AND PRODUCTION, INC.",1135.981361
2020,4,2020-04,TECPETROL S.A.,11032.8440666667
2020,4,2020-04,TOTAL AUSTRAL S.A.,28159.7716666667
2020,4,2020-04,VENOIL S.A.,0
2020,4,2020-04,VISTA OIL & GAS ARGENTINA SAU,1486.67036666667
2020,4,2020-04,WINTERSHALL DEA ARGENTINA S.A,24.4626666666667
2020,4,2020-04,YPF S.A.,33727.946
2020,5,2020-05,ALIANZA PETROLERA ARGENTINA S.A.,0.0388064516129032
2020,5,2020-05,ARGENTA ENERGIA S.A.,0
2020,5,2020-05,CAPETROL ARGENTINA S.A.,4
2020,5,2020-05,CAPETROL S.A.,0
2020,5,2020-05,CAPEX S.A.,1817.49419354839
2020,5,2020-05,CHAÑARES ENERGIA S.A.,0
2020,5,2020-05,CHEVRON ARGENTINA S.R.L.,228.318709677419
2020,5,2020-05,COLHUE HUAPI S.A.,4.41612903225806
2020,5,2020-05,COMPAÑÍA GENERAL DE COMBUSTIBLES S.A.,5093.80327796774
2020,5,2020-05,COMPAÑÍAS ASOCIADAS PETROLERAS S.A.,124.304193548387
2020,5,2020-05,COPESA CIA CONSTRUCTORA PETROLERA SA,0
2020,5,2020-05,"CRI HOLDING, INC.",0.0171497262258065
2020,5,2020-05,CROWN POINT ENERGIA S.A.,0
2020,5,2020-05,ENAP SIPETROL ARGENTINA S.A.,3928.98903225806
2020,5,2020-05,ENERGIA COMPAÑIA PETROLERA S.A.,1.995
2020,5,2020-05,ENERGICON S.A.,0
2020,5,2020-05,EXXONMOBIL EXPLORATION AND PRODUCTION OFFSHORE ARGENTINA S.R.L.,0
2020,5,2020-05,EXXONMOBIL EXPLORATION ARGENTINA S.R.L.,1442.69774193548
2020,5,2020-05,FOMICRUZ S.E.,2.2
2020,5,2020-05,GEOPARK ARGENTINA LTD. (SUCURSAL ARGENTINA),139.673548387097
2020,5,2020-05,GRECOIL y CIA. S.R.L.,0
2020,5,2020-05,HATTRICK ENERGY SAS,0
2020,5,2020-05,HIGH LUCK GROUP LTD. - SUCURSAL ARGENTINA,0.00406451612903226
2020,5,2020-05,INGENIERIA ALPA S.A.,3.1958064516129
2020,5,2020-05,INGENIERIA SIMA S.A.,0
2020,5,2020-05,JEMSE - JUJUY ENERGIA y MINERIA S. E.,9.81741935483871
2020,5,2020-05,KILWER S.A.,0
2020,5,2020-05,MADALENA ENERGY ARGENTINA SRL ,100.594516129032
2020,5,2020-05,MEDANITO S.A.,134.061612903226
2020,5,2020-05,OIL M&S S.A.,0
2020,5,2020-05,OILSTONE ENERGIA S.A.,878.536870967742
2020,5,2020-05,PAMPA ENERGIA S.A.,6023.60709677419
2020,5,2020-05,PAMPETROL S.A.P.E.M,7.93870967741935
2020,5,2020-05,PAN AMERICAN ENERGY SL,13513.4270967742
2020,5,2020-05,PETROFARO S.A.,38.0035483870968
2020,5,2020-05,PETROLEOS SUDAMERICANOS S.A.,145.996741935484
2020,5,2020-05,Petrolera Aconcagua Energia S.A.,4.27161290322581
2020,5,2020-05,PETROLERA DEL COMAHUE S.A.,0
2020,5,2020-05,PETROLERA EL TREBOL S.A.,0
2020,5,2020-05,PETROLERA PAMPA S.A. ,0
2020,5,2020-05,PETROLERA PIEDRA DEL AGUILA S.A.,0
2020,5,2020-05,PETROLERA SAN MIGUEL S.A.,0
2020,5,2020-05,PETROMINERA CHUBUT S.E.,0
2020,5,2020-05,PETROQUIMICA COMODORO RIVADAVIA S.A.,820.208387096774
2020,5,2020-05,PLUSPETROL ENERGY S.A.,1171.95809677419
2020,5,2020-05,PLUSPETROL S.A.,4551.71809677452
2020,5,2020-05,PRESIDENT PETROLEUM S.A.,147.026796774194
2020,5,2020-05,QUINTANA E&P ARGENTINA S.R.L.,1.14945161290323
2020,5,2020-05,ROCH S.A.,486.343419354839
2020,5,2020-05,SAN JORGE PETROLEUM S.A.,8.27812903225806
2020,5,2020-05,SELVA MARIA OIL S.A.,426.804516129032
2020,5,2020-05,SHELL ARGENTINA S.A.,162.764516129032
2020,5,2020-05,"SINOPEC ARGENTINA EXPLORATION AND PRODUCTION, INC.",1025.95782419355
2020,5,2020-05,TECPETROL S.A.,13124.1853225806
2020,5,2020-05,TOTAL AUSTRAL S.A.,33399.5877419355
2020,5,2020-05,VENOIL S.A.,0
2020,5,2020-05,VISTA OIL & GAS ARGENTINA SAU,1447.59580645161
2020,5,2020-05,WINTERSHALL DEA ARGENTINA S.A,23.3087096774194
2020,5,2020-05,YPF S.A.,34026.8487096774
2020,6,2020-06,ALIANZA PETROLERA ARGENTINA S.A.,0.0360333333333333
2020,6,2020-06,ARGENTA ENERGIA S.A.,0
2020,6,2020-06,CAPETROL ARGENTINA S.A.,4
2020,6,2020-06,CAPETROL S.A.,0
2020,6,2020-06,CAPEX S.A.,1784.41633333333
2020,6,2020-06,CHAÑARES ENERGIA S.A.,0
2020,6,2020-06,CHEVRON ARGENTINA S.R.L.,209.883666666667
2020,6,2020-06,COLHUE HUAPI S.A.,4.38333333333333
2020,6,2020-06,COMPAÑÍA GENERAL DE COMBUSTIBLES S.A.,4752.37111013333
2020,6,2020-06,COMPAÑÍAS ASOCIADAS PETROLERAS S.A.,117.851333333333
2020,6,2020-06,COPESA CIA CONSTRUCTORA PETROLERA SA,0
2020,6,2020-06,"CRI HOLDING, INC.",0
2020,6,2020-06,CROWN POINT ENERGIA S.A.,0
2020,6,2020-06,ENAP SIPETROL ARGENTINA S.A.,4027.036
2020,6,2020-06,ENERGIA COMPAÑIA PETROLERA S.A.,2.087
2020,6,2020-06,ENERGICON S.A.,0
2020,6,2020-06,EXXONMOBIL EXPLORATION AND PRODUCTION OFFSHORE ARGENTINA S.R.L.,0
2020,6,2020-06,EXXONMOBIL EXPLORATION ARGENTINA S.R.L.,1447.789198
2020,6,2020-06,FOMICRUZ S.E.,2.2
2020,6,2020-06,GEOPARK ARGENTINA LTD. (SUCURSAL ARGENTINA),146.337666666667
2020,6,2020-06,GRECOIL y CIA. S.R.L.,0
2020,6,2020-06,HATTRICK ENERGY SAS,0
2020,6,2020-06,HIGH LUCK GROUP LTD. - SUCURSAL ARGENTINA,0
2020,6,2020-06,INGENIERIA ALPA S.A.,3.316
2020,6,2020-06,INGENIERIA SIMA S.A.,0
2020,6,2020-06,JEMSE - JUJUY ENERGIA y MINERIA S. E.,9.95166666666667
2020,6,2020-06,KILWER S.A.,0
2020,6,2020-06,MADALENA ENERGY ARGENTINA SRL ,99.2403333333333
2020,6,2020-06,MEDANITO S.A.,134.393666666667
2020,6,2020-06,OIL M&S S.A.,0
2020,6,2020-06,OILSTONE ENERGIA S.A.,806.3877
2020,6,2020-06,PAMPA ENERGIA S.A.,5721.756
2020,6,2020-06,PAMPETROL S.A.P.E.M,7.23366666666667
2020,6,2020-06,PAN AMERICAN ENERGY SL,13391.0183333333
2020,6,2020-06,PETROFARO S.A.,36.6963333333333
2020,6,2020-06,PETROLEOS SUDAMERICANOS S.A.,133.3921
2020,6,2020-06,Petrolera Aconcagua Energia S.A.,4.213
2020,6,2020-06,PETROLERA DEL COMAHUE S.A.,0
2020,6,2020-06,PETROLERA EL TREBOL S.A.,0
2020,6,2020-06,PETROLERA PAMPA S.A. ,0
2020,6,2020-06,PETROLERA PIEDRA DEL AGUILA S.A.,0
2020,6,2020-06,PETROLERA SAN MIGUEL S.A.,0
2020,6,2020-06,PETROMINERA CHUBUT S.E.,0
2020,6,2020-06,PETROQUIMICA COMODORO RIVADAVIA S.A.,781.213333333333
2020,6,2020-06,PLUSPETROL ENERGY S.A.,1162.2395
2020,6,2020-06,PLUSPETROL S.A.,4644.89649999967
2020,6,2020-06,PRESIDENT PETROLEUM S.A.,140.348446666667
2020,6,2020-06,QUINTANA E&P ARGENTINA S.R.L.,1.125
2020,6,2020-06,ROCH S.A.,466.493433333333
2020,6,2020-06,SAN JORGE PETROLEUM S.A.,8.2855
2020,6,2020-06,SELVA MARIA OIL S.A.,409.584666666667
2020,6,2020-06,SHELL ARGENTINA S.A.,163.805
2020,6,2020-06,"SINOPEC ARGENTINA EXPLORATION AND PRODUCTION, INC.",993.936374666667
2020,6,2020-06,TECPETROL S.A.,14953.9809
2020,6,2020-06,TOTAL AUSTRAL S.A.,34347.7253333333
2020,6,2020-06,VENOIL S.A.,0
2020,6,2020-06,VISTA OIL & GAS ARGENTINA SAU,1729.83573333333
2020,6,2020-06,WINTERSHALL DEA ARGENTINA S.A,21.5303333333333
2020,6,2020-06,YPF S.A.,33350.7586666667
2020,7,2020-07,ALIANZA PETROLERA ARGENTINA S.A.,0.0324516129032258
2020,7,2020-07,ARGENTA ENERGIA S.A.,0
2020,7,2020-07,CAPETROL ARGENTINA S.A.,3.93548387096774
2020,7,2020-07,CAPETROL S.A.,0
2020,7,2020-07,CAPEX S.A.,1746.17322580645
2020,7,2020-07,CHAÑARES ENERGIA S.A.,3.76032258064516
2020,7,2020-07,CHEVRON ARGENTINA S.R.L.,204.890967741935
2020,7,2020-07,COLHUE HUAPI S.A.,4.01290322580645
2020,7,2020-07,COMPAÑÍA GENERAL DE COMBUSTIBLES S.A.,4523.15752129032
2020,7,2020-07,COMPAÑÍAS ASOCIADAS PETROLERAS S.A.,112.539032258065
2020,7,2020-07,COPESA CIA CONSTRUCTORA PETROLERA SA,0
2020,7,2020-07,"CRI HOLDING, INC.",0
2020,7,2020-07,CROWN POINT ENERGIA S.A.,0
2020,7,2020-07,ENAP SIPETROL ARGENTINA S.A.,4015.08
2020,7,2020-07,ENERGIA COMPAÑIA PETROLERA S.A.,2.16451612903226
2020,7,2020-07,ENERGICON S.A.,0
2020,7,2020-07,EXXONMOBIL EXPLORATION AND PRODUCTION OFFSHORE ARGENTINA S.R.L.,0
2020,7,2020-07,EXXONMOBIL EXPLORATION ARGENTINA S.R.L.,1162.08441
2020,7,2020-07,FOMICRUZ S.E.,2.2
2020,7,2020-07,GEOPARK ARGENTINA LTD. (SUCURSAL ARGENTINA),177.655161290323
2020,7,2020-07,GRECOIL y CIA. S.R.L.,0
2020,7,2020-07,HATTRICK ENERGY SAS,0
2020,7,2020-07,HIGH LUCK GROUP LTD. - SUCURSAL ARGENTINA,0.129516129032258
2020,7,2020-07,INGENIERIA ALPA S.A.,3.30096774193548
2020,7,2020-07,INGENIERIA SIMA S.A.,0
2020,7,2020-07,JEMSE - JUJUY ENERGIA y MINERIA S. E.,9.28967741935484
2020,7,2020-07,KILWER S.A.,0
2020,7,2020-07,MADALENA ENERGY ARGENTINA SRL ,100.459677419355
2020,7,2020-07,MEDANITO S.A.,115.143193548387
2020,7,2020-07,OIL M&S S.A.,0
2020,7,2020-07,OILSTONE ENERGIA S.A.,795.883580645161
2020,7,2020-07,PAMPA ENERGIA S.A.,6400.15580645161
2020,7,2020-07,PAMPETROL S.A.P.E.M,6.91129032258065
2020,7,2020-07,PAN AMERICAN ENERGY SL,12966.2738709677
2020,7,2020-07,PETROFARO S.A.,37.1135483870968
2020,7,2020-07,PETROLEOS SUDAMERICANOS S.A.,131.758193548387
2020,7,2020-07,Petrolera Aconcagua Energia S.A.,4.4641935483871
2020,7,2020-07,PETROLERA DEL COMAHUE S.A.,0
2020,7,2020-07,PETROLERA EL TREBOL S.A.,2.25806451612903
2020,7,2020-07,PETROLERA PAMPA S.A. ,0
2020,7,2020-07,PETROLERA SAN MIGUEL S.A.,0
2020,7,2020-07,PETROMINERA CHUBUT S.E.,0
2020,7,2020-07,PETROQUIMICA COMODORO RIVADAVIA S.A.,774.665483870968
2020,7,2020-07,PLUSPETROL ENERGY S.A.,1197.22364516129
2020,7,2020-07,PLUSPETROL S.A.,4571.5376129029
2020,7,2020-07,PRESIDENT PETROLEUM S.A.,138.722229032258
2020,7,2020-07,QUINTANA E&P ARGENTINA S.R.L.,1.21603225806452
2020,7,2020-07,ROCH S.A.,445.984451612903
2020,7,2020-07,SAN JORGE PETROLEUM S.A.,10.5118064516129
2020,7,2020-07,SELVA MARIA OIL S.A.,394.491677419355
2020,7,2020-07,SHELL ARGENTINA S.A.,159.421935483871
2020,7,2020-07,"SINOPEC ARGENTINA EXPLORATION AND PRODUCTION, INC.",935.199305483871
2020,7,2020-07,TECPETROL S.A.,16554.0394516129
2020,7,2020-07,TOTAL AUSTRAL S.A.,34054.0351612903
2020,7,2020-07,VENOIL S.A.,0
2020,7,2020-07,VISTA OIL & GAS ARGENTINA SAU,1579.36980645161
2020,7,2020-07,WINTERSHALL DEA ARGENTINA S.A,15.2535483870968
2020,7,2020-07,YPF S.A.,33465.385483871
2020,8,2020-08,ALIANZA PETROLERA ARGENTINA S.A.,0.0246129032258065
2020,8,2020-08,ARGENTA ENERGIA S.A.,0
2020,8,2020-08,CAPETROL ARGENTINA S.A.,3.87096774193548
2020,8,2020-08,CAPETROL S.A.,0
2020,8,2020-08,CAPEX S.A.,1711.12064516129
2020,8,2020-08,CHAÑARES ENERGIA S.A.,4.82148387096774
2020,8,2020-08,CHEVRON ARGENTINA S.R.L.,215.855161290323
2020,8,2020-08,COLHUE HUAPI S.A.,3.60322580645161
2020,8,2020-08,COMPAÑÍA GENERAL DE COMBUSTIBLES S.A.,4546.01465664516
2020,8,2020-08,COMPAÑÍAS ASOCIADAS PETROLERAS S.A.,121.61064516129
2020,8,2020-08,COPESA CIA CONSTRUCTORA PETROLERA SA,0
2020,8,2020-08,"CRI HOLDING, INC.",0
2020,8,2020-08,CROWN POINT ENERGIA S.A.,0
2020,8,2020-08,ENAP SIPETROL ARGENTINA S.A.,3845.22193548387
2020,8,2020-08,ENERGIA COMPAÑIA PETROLERA S.A.,2.08774193548387
2020,8,2020-08,ENERGICON S.A.,0
2020,8,2020-08,EXXONMOBIL EXPLORATION AND PRODUCTION OFFSHORE ARGENTINA S.R.L.,0
2020,8,2020-08,EXXONMOBIL EXPLORATION ARGENTINA S.R.L.,1250.76362870968
2020,8,2020-08,FOMICRUZ S.E.,2.1
2020,8,2020-08,GEOPARK ARGENTINA LTD. (SUCURSAL ARGENTINA),179.272903225806
2020,8,2020-08,GRECOIL y CIA. S.R.L.,0
2020,8,2020-08,HATTRICK ENERGY SAS,0
2020,8,2020-08,HIGH LUCK GROUP LTD. - SUCURSAL ARGENTINA,0.335354838709677
2020,8,2020-08,INGENIERIA ALPA S.A.,2.83129032258064
2020,8,2020-08,INGENIERIA SIMA S.A.,0
2020,8,2020-08,JEMSE - JUJUY ENERGIA y MINERIA S. E.,9.13677419354839
2020,8,2020-08,JUJUY HIDROCARBUROS SAU,9.13677419354839
2020,8,2020-08,KILWER S.A.,0
2020,8,2020-08,MADALENA ENERGY ARGENTINA SRL ,97.6467741935484
2020,8,2020-08,MEDANITO S.A.,110.351967741935
2020,8,2020-08,OIL M&S S.A.,0
2020,8,2020-08,OILSTONE ENERGIA S.A.,805.452322580645
2020,8,2020-08,PAMPA ENERGIA S.A.,6473
2020,8,2020-08,PAMPETROL S.A.P.E.M,6.55645161290323
2020,8,2020-08,PAN AMERICAN ENERGY SL,12821.7480645161
2020,8,2020-08,PETROFARO S.A.,35.9112903225806
2020,8,2020-08,PETROLEOS SUDAMERICANOS S.A.,135.021225806452
2020,8,2020-08,Petrolera Aconcagua Energia S.A.,5.08516129032258
2020,8,2020-08,PETROLERA DEL COMAHUE S.A.,0
2020,8,2020-08,PETROLERA EL TREBOL S.A.,28.8693548387097
2020,8,2020-08,PETROLERA PAMPA S.A. ,0
2020,8,2020-08,PETROLERA SAN MIGUEL S.A.,0
2020,8,2020-08,PETROMINERA CHUBUT S.E.,11.9329677419355
2020,8,2020-08,PETROQUIMICA COMODORO RIVADAVIA S.A.,759.607096774194
2020,8,2020-08,PLUSPETROL ENERGY S.A.,1179.503
2020,8,2020-08,PLUSPETROL S.A.,4585.39725806452
2020,8,2020-08,PRESIDENT PETROLEUM S.A.,135.971470967742
2020,8,2020-08,QUINTANA E&P ARGENTINA S.R.L.,1.21948387096774
2020,8,2020-08,ROCH S.A.,441.619967741935
2020,8,2020-08,SAN JORGE PETROLEUM S.A.,11.6852258064516
2020,8,2020-08,SELVA MARIA OIL S.A.,399.736903225806
2020,8,2020-08,SHELL ARGENTINA S.A.,270.430322580645
2020,8,2020-08,"SINOPEC ARGENTINA EXPLORATION AND PRODUCTION, INC.",834.965921290323
2020,8,2020-08,TECPETROL S.A.,15820.3055483871
2020,8,2020-08,TOTAL AUSTRAL S.A.,34128.6251612903
2020,8,2020-08,VENOIL S.A.,23.4183870967742
2020,8,2020-08,VISTA OIL & GAS ARGENTINA SAU,1481.52206451613
2020,8,2020-08,WINTERSHALL DEA ARGENTINA S.A,20.3741935483871
2020,8,2020-08,YPF S.A.,33138.3774193548
2020,9,2020-09,ALIANZA PETROLERA ARGENTINA S.A.,0.027
2020,9,2020-09,ARGENTA ENERGIA S.A.,0
2020,9,2020-09,CAPETROL ARGENTINA S.A.,4
2020,9,2020-09,CAPETROL S.A.,0
2020,9,2020-09,CAPEX S.A.,1647.39166666667
2020,9,2020-09,CHAÑARES ENERGIA S.A.,4.9571
2020,9,2020-09,CHEVRON ARGENTINA S.R.L.,208.690333333333
2020,9,2020-09,COLHUE HUAPI S.A.,3.57333333333333
2020,9,2020-09,COMPAÑÍA GENERAL DE COMBUSTIBLES S.A.,4693.96986746667
2020,9,2020-09,COMPAÑÍAS ASOCIADAS PETROLERAS S.A.,114.658
2020,9,2020-09,COPESA CIA CONSTRUCTORA PETROLERA SA,0
2020,9,2020-09,"CRI HOLDING, INC.",0
2020,9,2020-09,CROWN POINT ENERGIA S.A.,0
2020,9,2020-09,ENAP SIPETROL ARGENTINA S.A.,3921.257
2020,9,2020-09,ENERGIA COMPAÑIA PETROLERA S.A.,2.107
2020,9,2020-09,ENERGICON S.A.,0
2020,9,2020-09,EXXONMOBIL EXPLORATION AND PRODUCTION OFFSHORE ARGENTINA S.R.L.,0
2020,9,2020-09,EXXONMOBIL EXPLORATION ARGENTINA S.R.L.,1210.73764133333
2020,9,2020-09,FOMICRUZ S.E.,2.1
2020,9,2020-09,GEOPARK ARGENTINA LTD. (SUCURSAL ARGENTINA),137.604
2020,9,2020-09,GRECOIL y CIA. S.R.L.,0
2020,9,2020-09,HATTRICK ENERGY SAS,0
2020,9,2020-09,HIGH LUCK GROUP LTD. - SUCURSAL ARGENTINA,0.4963
2020,9,2020-09,INGENIERIA ALPA S.A.,3.31
2020,9,2020-09,INGENIERIA SIMA S.A.,0
2020,9,2020-09,JEMSE - JUJUY ENERGIA y MINERIA S. E.,9.72066666666667
2020,9,2020-09,JUJUY HIDROCARBUROS SAU,9.72066666666667
2020,9,2020-09,KILWER S.A.,0
2020,9,2020-09,MADALENA ENERGY ARGENTINA SRL ,95.256
2020,9,2020-09,MEDANITO S.A.,104.828
2020,9,2020-09,OILSTONE ENERGIA S.A.,774.213133333333
2020,9,2020-09,PAMPA ENERGIA S.A.,6481.79933333333
2020,9,2020-09,PAMPETROL S.A.P.E.M,6.28
2020,9,2020-09,PAN AMERICAN ENERGY SL,13116.9753333333
2020,9,2020-09,PETROFARO S.A.,34.7543333333333
2020,9,2020-09,PETROLEOS SUDAMERICANOS S.A.,139.5602
2020,9,2020-09,Petrolera Aconcagua Energia S.A.,4.43033333333333
2020,9,2020-09,PETROLERA DEL COMAHUE S.A.,0
2020,9,2020-09,PETROLERA EL TREBOL S.A.,29
2020,9,2020-09,PETROLERA PAMPA S.A. ,0
2020,9,2020-09,PETROLERA SAN MIGUEL S.A.,0
2020,9,2020-09,PETROMINERA CHUBUT S.E.,7.71553333333333
2020,9,2020-09,PETROQUIMICA COMODORO RIVADAVIA S.A.,746.433666666667
2020,9,2020-09,PLUSPETROL ENERGY S.A.,1187.3659
2020,9,2020-09,PLUSPETROL S.A.,4516.895266667
2020,9,2020-09,PRESIDENT PETROLEUM S.A.,132.03849
2020,9,2020-09,QUINTANA E&P ARGENTINA S.R.L.,1.1353
2020,9,2020-09,ROCH S.A.,472.422533333333
2020,9,2020-09,SAN JORGE PETROLEUM S.A.,12.4436666666667
2020,9,2020-09,SELVA MARIA OIL S.A.,404.56
2020,9,2020-09,SHELL ARGENTINA S.A.,403.456333333333
2020,9,2020-09,"SINOPEC ARGENTINA EXPLORATION AND PRODUCTION, INC.",934.617959
2020,9,2020-09,TECPETROL S.A.,13351.5356666667
2020,9,2020-09,TOTAL AUSTRAL S.A.,33864.9479666667
2020,9,2020-09,VENOIL S.A.,11.4923333333333
2020,9,2020-09,VISTA OIL & GAS ARGENTINA SAU,1394.5502
2020,9,2020-09,WINTERSHALL DEA ARGENTINA S.A,21.073
2020,9,2020-09,YPF S.A.,32629.666
2020,10,2020-10,ALIANZA PETROLERA ARGENTINA S.A.,0.0258709677419355
2020,10,2020-10,ARGENTA ENERGIA S.A.,0
2020,10,2020-10,CAPETROL ARGENTINA S.A.,4
2020,10,2020-10,CAPETROL S.A.,0
2020,10,2020-10,CAPEX S.A.,1626.41806451613
2020,10,2020-10,CHAÑARES ENERGIA S.A.,5.35309677419355
2020,10,2020-10,CHEVRON ARGENTINA S.R.L.,216.831290322581
2020,10,2020-10,COLHUE HUAPI S.A.,3.45483870967742
2020,10,2020-10,COMPAÑÍA GENERAL DE COMBUSTIBLES S.A.,4927.82297741936
2020,10,2020-10,COMPAÑÍAS ASOCIADAS PETROLERAS S.A.,131.964838709677
2020,10,2020-10,COPESA CIA CONSTRUCTORA PETROLERA SA,0
2020,10,2020-10,"CRI HOLDING, INC.",0
2020,10,2020-10,CROWN POINT ENERGIA S.A.,0
2020,10,2020-10,ENAP SIPETROL ARGENTINA S.A.,3808.80838709677
2020,10,2020-10,ENERGIA COMPAÑIA PETROLERA S.A.,1.93548387096774
2020,10,2020-10,ENERGICON S.A.,0
2020,10,2020-10,EXXONMOBIL EXPLORATION AND PRODUCTION OFFSHORE ARGENTINA S.R.L.,0
2020,10,2020-10,EXXONMOBIL EXPLORATION ARGENTINA S.R.L.,1148.6486129
2020,10,2020-10,FOMICRUZ S.E.,2.1
2020,10,2020-10,GEOPARK ARGENTINA LTD. (SUCURSAL ARGENTINA),124.076774193548
2020,10,2020-10,GRECOIL y CIA. S.R.L.,0
2020,10,2020-10,HATTRICK ENERGY SAS,0
2020,10,2020-10,HIGH LUCK GROUP LTD. - SUCURSAL ARGENTINA,1.43138709677419
2020,10,2020-10,INGENIERIA ALPA S.A.,3.51129032258065
2020,10,2020-10,INGENIERIA SIMA S.A.,0
2020,10,2020-10,JEMSE - JUJUY ENERGIA y MINERIA S. E.,9.11032258064516
2020,10,2020-10,JUJUY HIDROCARBUROS SAU,9.11032258064516
2020,10,2020-10,KILWER S.A.,0
2020,10,2020-10,MADALENA ENERGY ARGENTINA SRL ,86.7196774193548
2020,10,2020-10,MEDANITO S.A.,90.1148064516129
2020,10,2020-10,OILSTONE ENERGIA S.A.,866.438322580645
2020,10,2020-10,PAMPA ENERGIA S.A.,6255.72741935484
2020,10,2020-10,PAMPETROL S.A.P.E.M,6.49516129032258
2020,10,2020-10,PAN AMERICAN ENERGY SL,12823.2806451613
2020,10,2020-10,PETROFARO S.A.,35.421935483871
2020,10,2020-10,PETROLEOS SUDAMERICANOS S.A.,156.698838709677
2020,10,2020-10,Petrolera Aconcagua Energia S.A.,4.93258064516129
2020,10,2020-10,PETROLERA DEL COMAHUE S.A.,0
2020,10,2020-10,PETROLERA EL TREBOL S.A.,27.7064516129032
2020,10,2020-10,PETROLERA PAMPA S.A. ,0
2020,10,2020-10,PETROLERA SAN MIGUEL S.A.,0
2020,10,2020-10,PETROMINERA CHUBUT S.E.,7.70987096774194
2020,10,2020-10,PETROQUIMICA COMODORO RIVADAVIA S.A.,708.25064516129
2020,10,2020-10,PLUSPETROL ENERGY S.A.,1164.53970967742
2020,10,2020-10,PLUSPETROL S.A.,4398.18783870935
2020,10,2020-10,PRESIDENT PETROLEUM S.A.,122.317670967742
2020,10,2020-10,QUINTANA E&P ARGENTINA S.R.L.,1.16996774193548
2020,10,2020-10,ROCH S.A.,481.792838709677
2020,10,2020-10,SAN JORGE PETROLEUM S.A.,11.5930967741935
2020,10,2020-10,SELVA MARIA OIL S.A.,396.420258064516
2020,10,2020-10,SHELL ARGENTINA S.A.,424.025483870968
2020,10,2020-10,"SINOPEC ARGENTINA EXPLORATION AND PRODUCTION, INC.",942.315648064516
2020,10,2020-10,TECPETROL S.A.,14240.6540645161
2020,10,2020-10,TOTAL AUSTRAL S.A.,33591.73
2020,10,2020-10,VENOIL S.A.,2.04322580645161
2020,10,2020-10,VISTA OIL & GAS ARGENTINA SAU,1465.11325806452
2020,10,2020-10,WINTERSHALL DEA ARGENTINA S.A,21.7358064516129
2020,10,2020-10,YPF S.A.,31523.4319354839
2020,11,2020-11,ALIANZA PETROLERA ARGENTINA S.A.,0.0265
2020,11,2020-11,ARGENTA ENERGIA S.A.,0
2020,11,2020-11,CAPETROL ARGENTINA S.A.,4
2020,11,2020-11,CAPETROL S.A.,0
2020,11,2020-11,CAPEX S.A.,1588.52766666667
2020,11,2020-11,CHAÑARES ENERGIA S.A.,4.9721
2020,11,2020-11,CHEVRON ARGENTINA S.R.L.,206.693333333333
2020,11,2020-11,COLHUE HUAPI S.A.,3.42
2020,11,2020-11,COMPAÑÍA GENERAL DE COMBUSTIBLES S.A.,4813.15720553333
2020,11,2020-11,COMPAÑÍAS ASOCIADAS PETROLERAS S.A.,104.164
2020,11,2020-11,COPESA CIA CONSTRUCTORA PETROLERA SA,0
2020,11,2020-11,"CRI HOLDING, INC.",0
2020,11,2020-11,CROWN POINT ENERGIA S.A.,0
2020,11,2020-11,ENAP SIPETROL ARGENTINA S.A.,3053.25866666667
2020,11,2020-11,ENERGIA COMPAÑIA PETROLERA S.A.,1.95666666666667
2020,11,2020-11,ENERGICON S.A.,0
2020,11,2020-11,EXXONMOBIL EXPLORATION AND PRODUCTION OFFSHORE ARGENTINA S.R.L.,0
2020,11,2020-11,EXXONMOBIL EXPLORATION ARGENTINA S.R.L.,1168.61159266667
2020,11,2020-11,FOMICRUZ S.E.,2.1
2020,11,2020-11,GEOPARK ARGENTINA LTD. (SUCURSAL ARGENTINA),163.599333333333
2020,11,2020-11,GRECOIL y CIA. S.R.L.,0
2020,11,2020-11,HATTRICK ENERGY SAS,0
2020,11,2020-11,HIGH LUCK GROUP LTD. - SUCURSAL ARGENTINA,1.4675
2020,11,2020-11,INGENIERIA ALPA S.A.,3.601
2020,11,2020-11,INGENIERIA SIMA S.A.,0
2020,11,2020-11,JEMSE - JUJUY ENERGIA y MINERIA S. E.,8.72406666666667
2020,11,2020-11,JUJUY HIDROCARBUROS SAU,8.72406666666667
2020,11,2020-11,KILWER S.A.,3.8812
2020,11,2020-11,MADALENA ENERGY ARGENTINA SRL ,64.5846666666667
2020,11,2020-11,MEDANITO S.A.,90.5885333333333
2020,11,2020-11,OILSTONE ENERGIA S.A.,968.2422
2020,11,2020-11,PAMPA ENERGIA S.A.,5777.65733333333
2020,11,2020-11,PAMPETROL S.A.P.E.M,6.40766666666667
2020,11,2020-11,PAN AMERICAN ENERGY SL,12801.009
2020,11,2020-11,PETROFARO S.A.,34.729
2020,11,2020-11,PETROLEOS SUDAMERICANOS S.A.,151.7026
2020,11,2020-11,Petrolera Aconcagua Energia S.A.,4.88833333333333
2020,11,2020-11,PETROLERA DEL COMAHUE S.A.,0
2020,11,2020-11,PETROLERA EL TREBOL S.A.,28.4033333333333
2020,11,2020-11,PETROLERA PAMPA S.A. ,0
2020,11,2020-11,PETROLERA SAN MIGUEL S.A.,0
2020,11,2020-11,PETROMINERA CHUBUT S.E.,7.3222
2020,11,2020-11,PETROQUIMICA COMODORO RIVADAVIA S.A.,717.834666666667
2020,11,2020-11,PLUSPETROL ENERGY S.A.,1102.08856666667
2020,11,2020-11,PLUSPETROL S.A.,4144.87986666633
2020,11,2020-11,PRESIDENT PETROLEUM S.A.,165.008486666667
2020,11,2020-11,QUINTANA E&P ARGENTINA S.R.L.,1.1408
2020,11,2020-11,ROCH S.A.,475.795533333333
2020,11,2020-11,SAN JORGE PETROLEUM S.A.,11.6694666666667
2020,11,2020-11,SELVA MARIA OIL S.A.,402.131433333333
2020,11,2020-11,SHELL ARGENTINA S.A.,448.640333333333
2020,11,2020-11,"SINOPEC ARGENTINA EXPLORATION AND PRODUCTION, INC.",929.213769656667
2020,11,2020-11,TECPETROL S.A.,11182.7961333333
2020,11,2020-11,TOTAL AUSTRAL S.A.,33566.3663333333
2020,11,2020-11,VENOIL S.A.,24.8883333333333
2020,11,2020-11,VISTA OIL & GAS ARGENTINA SAU,1453.80013333333
2020,11,2020-11,WINTERSHALL DEA ARGENTINA S.A,20.609
2020,11,2020-11,YPF S.A.,30004.3406666667
2020,12,2020-12,ALIANZA PETROLERA ARGENTINA S.A.,0.03
2020,12,2020-12,ARGENTA ENERGIA S.A.,0
2020,12,2020-12,CAPETROL ARGENTINA S.A.,4
2020,12,2020-12,CAPETROL S.A.,0
2020,12,2020-12,CAPEX S.A.,1539.86548387097
2020,12,2020-12,CHAÑARES ENERGIA S.A.,4.0721935483871
2020,12,2020-12,CHEVRON ARGENTINA S.R.L.,216.192903225806
2020,12,2020-12,COLHUE HUAPI S.A.,3.40322580645161
2020,12,2020-12,COMPAÑÍA GENERAL DE COMBUSTIBLES S.A.,4971.05474851613
2020,12,2020-12,COMPAÑÍAS ASOCIADAS PETROLERAS S.A.,107.93064516129
2020,12,2020-12,COPESA CIA CONSTRUCTORA PETROLERA SA,0
2020,12,2020-12,"CRI HOLDING, INC.",0
2020,12,2020-12,CROWN POINT ENERGIA S.A.,0
2020,12,2020-12,ENAP SIPETROL ARGENTINA S.A.,3730.6935483871
2020,12,2020-12,ENERGIA COMPAÑIA PETROLERA S.A.,1.83387096774194
2020,12,2020-12,ENERGICON S.A.,0
2020,12,2020-12,EXXONMOBIL EXPLORATION AND PRODUCTION OFFSHORE ARGENTINA S.R.L.,0
2020,12,2020-12,EXXONMOBIL EXPLORATION ARGENTINA S.R.L.,1191.02362387097
2020,12,2020-12,FOMICRUZ S.E.,2.1
2020,12,2020-12,GEOPARK ARGENTINA LTD. (SUCURSAL ARGENTINA),177.693548387097
2020,12,2020-12,GRECOIL y CIA. S.R.L.,0
2020,12,2020-12,HATTRICK ENERGY SAS,0
2020,12,2020-12,HIGH LUCK GROUP LTD. - SUCURSAL ARGENTINA,1.36464516129032
2020,12,2020-12,INGENIERIA ALPA S.A.,3.55935483870968
2020,12,2020-12,INGENIERIA SIMA S.A.,0
2020,12,2020-12,JEMSE - JUJUY ENERGIA y MINERIA S. E.,9.58296774193548
2020,12,2020-12,JUJUY HIDROCARBUROS SAU,9.58296774193548
2020,12,2020-12,KILWER S.A.,8.713
2020,12,2020-12,MADALENA ENERGY ARGENTINA SRL ,61.8354838709677
2020,12,2020-12,MEDANITO S.A.,97.1156451612903
2020,12,2020-12,OILSTONE ENERGIA S.A.,976.71364516129
2020,12,2020-12,PAMPA ENERGIA S.A.,5950.37258064516
2020,12,2020-12,PAMPETROL S.A.P.E.M,6.58225806451613
2020,12,2020-12,PAN AMERICAN ENERGY SL,12656.5719354839
2020,12,2020-12,PETROFARO S.A.,34.5532258064516
2020,12,2020-12,PETROLEOS SUDAMERICANOS S.A.,147.820516129032
2020,12,2020-12,Petrolera Aconcagua Energia S.A.,5.86935483870968
2020,12,2020-12,PETROLERA DEL COMAHUE S.A.,0
2020,12,2020-12,PETROLERA EL TREBOL S.A.,28.6129032258065
2020,12,2020-12,PETROLERA PAMPA S.A. ,0
2020,12,2020-12,PETROLERA SAN MIGUEL S.A.,0
2020,12,2020-12,PETROMINERA CHUBUT S.E.,7.18816129032258
2020,12,2020-12,PETROQUIMICA COMODORO RIVADAVIA S.A.,709.80935483871
2020,12,2020-12,PLUSPETROL ENERGY S.A.,1088.46703225806
2020,12,2020-12,PLUSPETROL S.A.,3971.56858064516
2020,12,2020-12,PRESIDENT PETROLEUM S.A.,244.131129032258
2020,12,2020-12,QUINTANA E&P ARGENTINA S.R.L.,1.10096774193548
2020,12,2020-12,ROCH S.A.,465.198935483871
2020,12,2020-12,SAN JORGE PETROLEUM S.A.,11.8478387096774
2020,12,2020-12,SELVA MARIA OIL S.A.,381.600290322581
2020,12,2020-12,SHELL ARGENTINA S.A.,376.661612903226
2020,12,2020-12,"SINOPEC ARGENTINA EXPLORATION AND PRODUCTION, INC.",916.255099677419
2020,12,2020-12,TECPETROL S.A.,11200.4047419355
2020,12,2020-12,TOTAL AUSTRAL S.A.,31461.3804516129
2020,12,2020-12,VENOIL S.A.,36.0987096774194
2020,12,2020-12,VISTA OIL & GAS ARGENTINA SAU,1401.624
2020,12,2020-12,WINTERSHALL DEA ARGENTINA S.A,19.9393548387097
2020,12,2020-12,YPF S.A.,29631.1861290323
2021,1,2021-01,ALIANZA PETROLERA ARGENTINA S.A.,0.0293225806451613
2021,1,2021-01,ARGENTA ENERGIA S.A.,0
2021,1,2021-01,CAPETROL ARGENTINA S.A.,4
2021,1,2021-01,CAPETROL S.A.,0
2021,1,2021-01,CAPEX S.A.,1500.58096774194
2021,1,2021-01,CHAÑARES ENERGIA S.A.,3.54667741935484
2021,1,2021-01,CHEVRON ARGENTINA S.R.L.,256.832580645161
2021,1,2021-01,COLHUE HUAPI S.A.,3.3741935483871
2021,1,2021-01,COMPAÑÍA GENERAL DE COMBUSTIBLES S.A.,5052.53718783871
2021,1,2021-01,COMPAÑÍAS ASOCIADAS PETROLERAS S.A.,115.547096774194
2021,1,2021-01,COPESA CIA CONSTRUCTORA PETROLERA SA,0
2021,1,2021-01,"CRI HOLDING, INC.",0
2021,1,2021-01,CROWN POINT ENERGIA S.A.,0
2021,1,2021-01,ENAP SIPETROL ARGENTINA S.A.,3448.17516129032
2021,1,2021-01,ENERGIA COMPAÑIA PETROLERA S.A.,1.84
2021,1,2021-01,ENERGICON S.A.,0
2021,1,2021-01,EXXONMOBIL EXPLORATION AND PRODUCTION OFFSHORE ARGENTINA S.R.L.,0
2021,1,2021-01,EXXONMOBIL EXPLORATION ARGENTINA S.R.L.,1148.4797616129
2021,1,2021-01,FOMICRUZ S.E.,2.1
2021,1,2021-01,GEOPARK ARGENTINA LTD. (SUCURSAL ARGENTINA),174.512903225806
2021,1,2021-01,GRECOIL y CIA. S.R.L.,1.10322580645161
2021,1,2021-01,HATTRICK ENERGY SAS,0
2021,1,2021-01,HIGH LUCK GROUP LTD. - SUCURSAL ARGENTINA,0
2021,1,2021-01,INGENIERIA ALPA S.A.,3.30548387096774
2021,1,2021-01,INGENIERIA SIMA S.A.,0
2021,1,2021-01,JEMSE - JUJUY ENERGIA y MINERIA S. E.,9.37096774193548
2021,1,2021-01,JUJUY HIDROCARBUROS SAU,9.37096774193548
2021,1,2021-01,KILWER S.A.,7.55003225806452
2021,1,2021-01,MADALENA ENERGY ARGENTINA SRL ,47.0890322580645
2021,1,2021-01,MEDANITO S.A.,87.7441612903226
2021,1,2021-01,OILSTONE ENERGIA S.A.,972.724967741935
2021,1,2021-01,PAMPA ENERGIA S.A.,5930.02741935484
2021,1,2021-01,PAMPETROL S.A.P.E.M,6.49290322580645
2021,1,2021-01,PAN AMERICAN ENERGY SL,12558.1590322581
2021,1,2021-01,PETROFARO S.A.,33.9667741935484
2021,1,2021-01,PETROLEOS SUDAMERICANOS S.A.,144.443387096774
2021,1,2021-01,Petrolera Aconcagua Energia S.A.,6.48870967741936
2021,1,2021-01,PETROLERA DEL COMAHUE S.A.,0
2021,1,2021-01,PETROLERA EL TREBOL S.A.,28.5903225806452
2021,1,2021-01,PETROLERA PAMPA S.A. ,0
2021,1,2021-01,PETROLERA SAN MIGUEL S.A.,0
2021,1,2021-01,PETROMINERA CHUBUT S.E.,6.90251612903226
2021,1,2021-01,PETROQUIMICA COMODORO RIVADAVIA S.A.,708.989032258065
2021,1,2021-01,PLUSPETROL ENERGY S.A.,1118.2244516129
2021,1,2021-01,PLUSPETROL S.A.,3839.45803225839
2021,1,2021-01,PRESIDENT PETROLEUM S.A.,168.612261290323
2021,1,2021-01,QUINTANA E&P ARGENTINA S.R.L.,1.12925806451613
2021,1,2021-01,RECURSOS Y ENERGIA FORMOSA S.A.,17.8420193548387
2021,1,2021-01,ROCH S.A.,454.744741935484
2021,1,2021-01,SAN JORGE PETROLEUM S.A.,10.5658064516129
2021,1,2021-01,SELVA MARIA OIL S.A.,362.231774193548
2021,1,2021-01,SHELL ARGENTINA S.A.,376.05935483871
2021,1,2021-01,"SINOPEC ARGENTINA EXPLORATION AND PRODUCTION, INC.",933.529519354839
2021,1,2021-01,TECPETROL S.A.,13077.0761290323
2021,1,2021-01,TOTAL AUSTRAL S.A.,32575.7453548387
2021,1,2021-01,VENOIL S.A.,39.0758064516129
2021,1,2021-01,VISTA OIL & GAS ARGENTINA SAU,1364.58425806452
2021,1,2021-01,WINTERSHALL DEA ARGENTINA S.A,19.611935483871
2021,1,2021-01,YPF S.A.,29382.4890322581
2021,2,2021-02,ALIANZA PETROLERA ARGENTINA S.A.,0.0293571428571429
2021,2,2021-02,ARGENTA ENERGIA S.A.,0
2021,2,2021-02,CAPETROL ARGENTINA S.A.,4
2021,2,2021-02,CAPETROL S.A.,0
2021,2,2021-02,CAPEX S.A.,1485.30964285714
2021,2,2021-02,CHEVRON ARGENTINA S.R.L.,222.175714285714
2021,2,2021-02,COLHUE HUAPI S.A.,3.33214285714286
2021,2,2021-02,COMPAÑÍA GENERAL DE COMBUSTIBLES S.A.,4845.80457153571
2021,2,2021-02,COMPAÑÍAS ASOCIADAS PETROLERAS S.A.,118.558928571429
2021,2,2021-02,COPESA CIA CONSTRUCTORA PETROLERA SA,0
2021,2,2021-02,"CRI HOLDING, INC.",0
2021,2,2021-02,CROWN POINT ENERGIA S.A.,0
2021,2,2021-02,ENAP SIPETROL ARGENTINA S.A.,3494.59785714286
2021,2,2021-02,ENERGIA COMPAÑIA PETROLERA S.A.,1.87
2021,2,2021-02,ENERGICON S.A.,0
2021,2,2021-02,EXXONMOBIL EXPLORATION AND PRODUCTION OFFSHORE ARGENTINA S.R.L.,0
2021,2,2021-02,EXXONMOBIL EXPLORATION ARGENTINA S.R.L.,1029.225
2021,2,2021-02,FOMICRUZ S.E.,2.1
2021,2,2021-02,GEOPARK ARGENTINA LTD. (SUCURSAL ARGENTINA),133.574285714286
2021,2,2021-02,GRECOIL y CIA. S.R.L.,1.9
2021,2,2021-02,HATTRICK ENERGY SAS,0
2021,2,2021-02,HIGH LUCK GROUP LTD. - SUCURSAL ARGENTINA,0.426821428571429
2021,2,2021-02,INGENIERIA ALPA S.A.,3.53571428571429
2021,2,2021-02,INGENIERIA SIMA S.A.,0
2021,2,2021-02,JEMSE - JUJUY ENERGIA y MINERIA S. E.,9.68410714285714
2021,2,2021-02,JUJUY HIDROCARBUROS SAU,9.68410714285714
2021,2,2021-02,KILWER S.A.,7.06985714285714
2021,2,2021-02,MADALENA ENERGY ARGENTINA SRL ,46.8428571428571
2021,2,2021-02,MEDANITO S.A.,87.5810714285714
2021,2,2021-02,OILSTONE ENERGIA S.A.,992.128
2021,2,2021-02,PAMPA ENERGIA S.A.,6197.15285714286
2021,2,2021-02,PAMPETROL S.A.P.E.M,7.10178571428571
2021,2,2021-02,PAN AMERICAN ENERGY SL,12210.3960714286
2021,2,2021-02,PETROFARO S.A.,34.3607142857143
2021,2,2021-02,PETROLEOS SUDAMERICANOS S.A.,147.423464285714
2021,2,2021-02,Petrolera Aconcagua Energia S.A.,5.60464285714286
2021,2,2021-02,PETROLERA DEL COMAHUE S.A.,0
2021,2,2021-02,PETROLERA EL TREBOL S.A.,28.45
2021,2,2021-02,PETROLERA PAMPA S.A. ,0
2021,2,2021-02,PETROLERA SAN MIGUEL S.A.,0
2021,2,2021-02,PETROMINERA CHUBUT S.E.,6.65710714285714
2021,2,2021-02,PETROQUIMICA COMODORO RIVADAVIA S.A.,691.858214285714
2021,2,2021-02,PLUSPETROL ENERGY S.A.,1113.59978571429
2021,2,2021-02,PLUSPETROL S.A.,4064.79757142857
2021,2,2021-02,PRESIDENT PETROLEUM S.A.,168.794325
2021,2,2021-02,QUINTANA E&P ARGENTINA S.R.L.,1.09392857142857
2021,2,2021-02,RECURSOS Y ENERGIA FORMOSA S.A.,28.9142857142857
2021,2,2021-02,ROCH S.A.,456.402464285714
2021,2,2021-02,SAN JORGE PETROLEUM S.A.,11.2303928571429
2021,2,2021-02,SELVA MARIA OIL S.A.,360.388428571429
2021,2,2021-02,SHELL ARGENTINA S.A.,536.163214285714
2021,2,2021-02,"SINOPEC ARGENTINA EXPLORATION AND PRODUCTION, INC.",915.982779642857
2021,2,2021-02,TECPETROL S.A.,12591.863
2021,2,2021-02,TOTAL AUSTRAL S.A.,32035.8905
2021,2,2021-02,VENOIL S.A.,9.94107142857143
2021,2,2021-02,VISTA OIL & GAS ARGENTINA SAU,1345.90032142857
2021,2,2021-02,WINTERSHALL DEA ARGENTINA S.A,18.47
2021,2,2021-02,YPF S.A.,29091.3585714286
2021,3,2021-03,ALIANZA PETROLERA ARGENTINA S.A.,0.030258064516129
2021,3,2021-03,ARGENTA ENERGIA S.A.,0
2021,3,2021-03,CAPETROL ARGENTINA S.A.,4
2021,3,2021-03,CAPETROL S.A.,0
2021,3,2021-03,CAPEX S.A.,1476.15483870968
2021,3,2021-03,CHEVRON ARGENTINA S.R.L.,243.597096774194
2021,3,2021-03,COLHUE HUAPI S.A.,3.40967741935484
2021,3,2021-03,COMPAÑÍA GENERAL DE COMBUSTIBLES S.A.,4843.62959732258
2021,3,2021-03,COMPAÑÍAS ASOCIADAS PETROLERAS S.A.,120.466774193548
2021,3,2021-03,COPESA CIA CONSTRUCTORA PETROLERA SA,0
2021,3,2021-03,"CRI HOLDING, INC.",0
2021,3,2021-03,CROWN POINT ENERGIA S.A.,0
2021,3,2021-03,ENAP SIPETROL ARGENTINA S.A.,3214.53709677419
2021,3,2021-03,ENERGIA COMPAÑIA PETROLERA S.A.,1.97774193548387
2021,3,2021-03,ENERGICON S.A.,0
2021,3,2021-03,EXXONMOBIL EXPLORATION AND PRODUCTION OFFSHORE ARGENTINA S.R.L.,0
2021,3,2021-03,EXXONMOBIL EXPLORATION ARGENTINA S.R.L.,1019.47341870968
2021,3,2021-03,FOMICRUZ S.E.,2.03225806451613
2021,3,2021-03,GEOPARK ARGENTINA LTD. (SUCURSAL ARGENTINA),148.434838709677
2021,3,2021-03,GRECOIL y CIA. S.R.L.,1.9
2021,3,2021-03,HATTRICK ENERGY SAS,0
2021,3,2021-03,HIGH LUCK GROUP LTD. - SUCURSAL ARGENTINA,0.564290322580645
2021,3,2021-03,INGENIERIA ALPA S.A.,3.5858064516129
2021,3,2021-03,INGENIERIA SIMA S.A.,0
2021,3,2021-03,JEMSE - JUJUY ENERGIA y MINERIA S. E.,9.71741935483871
2021,3,2021-03,JUJUY HIDROCARBUROS SAU,9.71741935483871
2021,3,2021-03,KILWER S.A.,5.99516129032258
2021,3,2021-03,MADALENA ENERGY ARGENTINA SRL ,48.8196774193548
2021,3,2021-03,MEDANITO S.A.,93.2514516129032
2021,3,2021-03,OILSTONE ENERGIA S.A.,964.342258064516
2021,3,2021-03,PAMPA ENERGIA S.A.,6173.47193548387
2021,3,2021-03,PAMPETROL S.A.P.E.M,7.93483870967742
2021,3,2021-03,PAN AMERICAN ENERGY SL,12725.3719354839
2021,3,2021-03,PETROFARO S.A.,33.6316129032258
2021,3,2021-03,PETROLEOS SUDAMERICANOS S.A.,143.951096774194
2021,3,2021-03,Petrolera Aconcagua Energia S.A.,8.34903225806452
2021,3,2021-03,PETROLERA DEL COMAHUE S.A.,0
2021,3,2021-03,PETROLERA EL TREBOL S.A.,33.0416129032258
2021,3,2021-03,PETROLERA PAMPA S.A. ,0
2021,3,2021-03,PETROLERA SAN MIGUEL S.A.,0
2021,3,2021-03,PETROMINERA CHUBUT S.E.,6.44493548387097
2021,3,2021-03,PETROQUIMICA COMODORO RIVADAVIA S.A.,698.160322580645
2021,3,2021-03,PLUSPETROL ENERGY S.A.,1132.51916129032
2021,3,2021-03,PLUSPETROL S.A.,3970.88138709613
2021,3,2021-03,PRESIDENT PETROLEUM S.A.,123.915122580645
2021,3,2021-03,QUINTANA E&P ARGENTINA S.R.L.,1.14945161290323
2021,3,2021-03,RECURSOS Y ENERGIA FORMOSA S.A.,22.9664516129032
2021,3,2021-03,ROCH S.A.,468.141129032258
2021,3,2021-03,SAN JORGE PETROLEUM S.A.,12.3340322580645
2021,3,2021-03,SELVA MARIA OIL S.A.,374.092258064516
2021,3,2021-03,SHELL ARGENTINA S.A.,526.716451612903
2021,3,2021-03,"SINOPEC ARGENTINA EXPLORATION AND PRODUCTION, INC.",868.337763548387
2021,3,2021-03,TECPETROL S.A.,13107.7837096774
2021,3,2021-03,TOTAL AUSTRAL S.A.,30647.8424193548
2021,3,2021-03,VENOIL S.A.,23.7103225806452
2021,3,2021-03,VISTA OIL & GAS ARGENTINA SAU,1397.94712903226
2021,3,2021-03,WINTERSHALL DEA ARGENTINA S.A,15.7167741935484
2021,3,2021-03,YPF S.A.,29783.8974193548
2021,4,2021-04,ALIANZA PETROLERA ARGENTINA S.A.,0.0277666666666667
2021,4,2021-04,ARGENTA ENERGIA S.A.,0
2021,4,2021-04,CAPETROL ARGENTINA S.A.,4.06666666666667
2021,4,2021-04,CAPETROL S.A.,0
2021,4,2021-04,CAPEX S.A.,1467.68433333333
2021,4,2021-04,CHEVRON ARGENTINA S.R.L.,211.880666666667
2021,4,2021-04,COLHUE HUAPI S.A.,3.30333333333333
2021,4,2021-04,COMPAÑÍA GENERAL DE COMBUSTIBLES S.A.,4761.93723416667
2021,4,2021-04,COMPAÑÍAS ASOCIADAS PETROLERAS S.A.,123.549666666667
2021,4,2021-04,COPESA CIA CONSTRUCTORA PETROLERA SA,0
2021,4,2021-04,"CRI HOLDING, INC.",0
2021,4,2021-04,CROWN POINT ENERGIA S.A.,0
2021,4,2021-04,ENAP SIPETROL ARGENTINA S.A.,3457.49166666667
2021,4,2021-04,ENERGIA COMPAÑIA PETROLERA S.A.,1.763
2021,4,2021-04,ENERGICON S.A.,0
2021,4,2021-04,EXXONMOBIL EXPLORATION AND PRODUCTION OFFSHORE ARGENTINA S.R.L.,0
2021,4,2021-04,EXXONMOBIL EXPLORATION ARGENTINA S.R.L.,599.936141333333
2021,4,2021-04,FOMICRUZ S.E.,2.1
2021,4,2021-04,GEOPARK ARGENTINA LTD. (SUCURSAL ARGENTINA),146.887
2021,4,2021-04,GRECOIL y CIA. S.R.L.,1.9
2021,4,2021-04,HATTRICK ENERGY SAS,0
2021,4,2021-04,HIGH LUCK GROUP LTD. - SUCURSAL ARGENTINA,0.554466666666667
2021,4,2021-04,INGENIERIA ALPA S.A.,3.611
2021,4,2021-04,INGENIERIA SIMA S.A.,0
2021,4,2021-04,JEMSE - JUJUY ENERGIA y MINERIA S. E.,9.10033333333333
2021,4,2021-04,JUJUY HIDROCARBUROS SAU,9.10033333333333
2021,4,2021-04,KILWER S.A.,5.1928
2021,4,2021-04,MADALENA ENERGY ARGENTINA SRL ,48.4613333333333
2021,4,2021-04,MEDANITO S.A.,104.324333333333
2021,4,2021-04,OILSTONE ENERGIA S.A.,969.122333333333
2021,4,2021-04,PAMPA ENERGIA S.A.,6017.36566666667
2021,4,2021-04,PAMPETROL S.A.P.E.M,7.829
2021,4,2021-04,PAN AMERICAN ENERGY SL,13283.7786666667
2021,4,2021-04,PETROFARO S.A.,33.4403333333333
2021,4,2021-04,PETROLEOS SUDAMERICANOS S.A.,140.8548
2021,4,2021-04,Petrolera Aconcagua Energia S.A.,10.247
2021,4,2021-04,PETROLERA DEL COMAHUE S.A.,0
2021,4,2021-04,PETROLERA EL TREBOL S.A.,37.3866666666667
2021,4,2021-04,PETROLERA PAMPA S.A. ,0
2021,4,2021-04,PETROLERA SAN MIGUEL S.A.,0
2021,4,2021-04,PETROMINERA CHUBUT S.E.,6.2708
2021,4,2021-04,PETROQUIMICA COMODORO RIVADAVIA S.A.,681.545666666667
2021,4,2021-04,PLUSPETROL ENERGY S.A.,1093.3187
2021,4,2021-04,PLUSPETROL S.A.,3727.61203600033
2021,4,2021-04,PRESIDENT PETROLEUM S.A.,138.653626666667
2021,4,2021-04,QUINTANA E&P ARGENTINA S.R.L.,1.11316666666667
2021,4,2021-04,RECURSOS Y ENERGIA FORMOSA S.A.,19.1233333333333
2021,4,2021-04,ROCH S.A.,442.739333333333
2021,4,2021-04,SAN JORGE PETROLEUM S.A.,11.4986666666667
2021,4,2021-04,SELVA MARIA OIL S.A.,364.455533333333
2021,4,2021-04,SHELL ARGENTINA S.A.,442.983333333333
2021,4,2021-04,"SINOPEC ARGENTINA EXPLORATION AND PRODUCTION, INC.",858.541666666667
2021,4,2021-04,TECPETROL S.A.,12116.8818
2021,4,2021-04,TOTAL AUSTRAL S.A.,31390.9457333333
2021,4,2021-04,VENOIL S.A.,32.9033333333333
2021,4,2021-04,VISTA OIL & GAS ARGENTINA SAU,1458.98426666667
2021,4,2021-04,WINTERSHALL DEA ARGENTINA S.A,14.3926666666667
2021,4,2021-04,YPF S.A.,29975.052
2021,5,2021-05,ALIANZA PETROLERA ARGENTINA S.A.,0.0272903225806452
2021,5,2021-05,ARGENTA ENERGIA S.A.,0
2021,5,2021-05,CAPETROL ARGENTINA S.A.,4
2021,5,2021-05,CAPETROL S.A.,0
2021,5,2021-05,CAPEX S.A.,1535.38838709677
2021,5,2021-05,CHEVRON ARGENTINA S.R.L.,330.741290322581
2021,5,2021-05,COLHUE HUAPI S.A.,3.14838709677419
2021,5,2021-05,COMPAÑÍA GENERAL DE COMBUSTIBLES S.A.,4645.22375651613
2021,5,2021-05,COMPAÑÍAS ASOCIADAS PETROLERAS S.A.,133.803548387097
2021,5,2021-05,COPESA CIA CONSTRUCTORA PETROLERA SA,0
2021,5,2021-05,"CRI HOLDING, INC.",0
2021,5,2021-05,CROWN POINT ENERGIA S.A.,0
2021,5,2021-05,ENAP SIPETROL ARGENTINA S.A.,3288.18677419355
2021,5,2021-05,ENERGIA COMPAÑIA PETROLERA S.A.,1.74354838709677
2021,5,2021-05,ENERGICON S.A.,0
2021,5,2021-05,EXXONMOBIL EXPLORATION AND PRODUCTION OFFSHORE ARGENTINA S.R.L.,0
2021,5,2021-05,EXXONMOBIL EXPLORATION ARGENTINA S.R.L.,1032.8663483871
2021,5,2021-05,FOMICRUZ S.E.,2.1
2021,5,2021-05,GEOPARK ARGENTINA LTD. (SUCURSAL ARGENTINA),164.171290322581
2021,5,2021-05,GRECOIL y CIA. S.R.L.,1.9
2021,5,2021-05,HATTRICK ENERGY SAS,0
2021,5,2021-05,HIGH LUCK GROUP LTD. - SUCURSAL ARGENTINA,0.521935483870968
2021,5,2021-05,INGENIERIA ALPA S.A.,4.11258064516129
2021,5,2021-05,INGENIERIA SIMA S.A.,0
2021,5,2021-05,JEMSE - JUJUY ENERGIA y MINERIA S. E.,9.25903225806452
2021,5,2021-05,JUJUY HIDROCARBUROS SAU,9.25903225806452
2021,5,2021-05,KILWER S.A.,4.94193548387097
2021,5,2021-05,MADALENA ENERGY ARGENTINA SRL ,46.4567741935484
2021,5,2021-05,MEDANITO S.A.,126.088483870968
2021,5,2021-05,OILSTONE ENERGIA S.A.,966.447419354839
2021,5,2021-05,PAMPA ENERGIA S.A.,6513.09419354839
2021,5,2021-05,PAMPETROL S.A.P.E.M,7.5741935483871
2021,5,2021-05,PAN AMERICAN ENERGY SL,13419.1003225806
2021,5,2021-05,PETROFARO S.A.,32.6074193548387
2021,5,2021-05,PETROLEOS SUDAMERICANOS S.A.,144.124
2021,5,2021-05,Petrolera Aconcagua Energia S.A.,11.0670967741935
2021,5,2021-05,PETROLERA DEL COMAHUE S.A.,0
2021,5,2021-05,PETROLERA EL TREBOL S.A.,36.1402677419355
2021,5,2021-05,PETROLERA PAMPA S.A. ,0
2021,5,2021-05,PETROLERA SAN MIGUEL S.A.,0
2021,5,2021-05,PETROMINERA CHUBUT S.E.,0
2021,5,2021-05,PETROQUIMICA COMODORO RIVADAVIA S.A.,735.959677419355
2021,5,2021-05,Pilgrim Energy S.A.,7.63522580645161
2021,5,2021-05,PLUSPETROL ENERGY S.A.,1094.251
2021,5,2021-05,PLUSPETROL S.A.,4061.22829032258
2021,5,2021-05,PRESIDENT PETROLEUM S.A.,196.995174193548
2021,5,2021-05,QUINTANA E&P ARGENTINA S.R.L.,1.10958064516129
2021,5,2021-05,RECURSOS Y ENERGIA FORMOSA S.A.,12.454181192
2021,5,2021-05,ROCH S.A.,428.935064516129
2021,5,2021-05,SAN JORGE PETROLEUM S.A.,10.7315806451613
2021,5,2021-05,SELVA MARIA OIL S.A.,353.211290322581
2021,5,2021-05,SHELL ARGENTINA S.A.,562.184838709677
2021,5,2021-05,"SINOPEC ARGENTINA EXPLORATION AND PRODUCTION, INC.",917.77
2021,5,2021-05,TECPETROL S.A.,14041.2463870968
2021,5,2021-05,TOTAL AUSTRAL S.A.,31685.6891935484
2021,5,2021-05,VENOIL S.A.,44.7803225806452
2021,5,2021-05,VISTA OIL & GAS ARGENTINA SAU,1435.923
2021,5,2021-05,WINTERSHALL DEA ARGENTINA S.A,16.5264516129032
2021,5,2021-05,YPF S.A.,33205.9067741936
2021,6,2021-06,ALIANZA PETROLERA ARGENTINA S.A.,0.0219666666666667
2021,6,2021-06,ARGENTA ENERGIA S.A.,0
2021,6,2021-06,CAPETROL ARGENTINA S.A.,4
2021,6,2021-06,CAPETROL S.A.,0
2021,6,2021-06,CAPEX S.A.,1843.62633333333
2021,6,2021-06,CHEVRON ARGENTINA S.R.L.,317.593
2021,6,2021-06,COLHUE HUAPI S.A.,3.24
2021,6,2021-06,COMPAÑÍA GENERAL DE COMBUSTIBLES S.A.,4535.1511228
2021,6,2021-06,COMPAÑÍAS ASOCIADAS PETROLERAS S.A.,113.006666666667
2021,6,2021-06,COPESA CIA CONSTRUCTORA PETROLERA SA,0
2021,6,2021-06,"CRI HOLDING, INC.",0
2021,6,2021-06,CROWN POINT ENERGIA S.A.,0
2021,6,2021-06,ENAP SIPETROL ARGENTINA S.A.,3270.727
2021,6,2021-06,ENERGIA COMPAÑIA PETROLERA S.A.,1.7
2021,6,2021-06,ENERGICON S.A.,0
2021,6,2021-06,EXXONMOBIL EXPLORATION AND PRODUCTION OFFSHORE ARGENTINA S.R.L.,0
2021,6,2021-06,EXXONMOBIL EXPLORATION ARGENTINA S.R.L.,947.619533666667
2021,6,2021-06,FOMICRUZ S.E.,2.1
2021,6,2021-06,GEOPARK ARGENTINA LTD. (SUCURSAL ARGENTINA),166.721
2021,6,2021-06,GRECOIL y CIA. S.R.L.,1.9
2021,6,2021-06,HATTRICK ENERGY SAS,0
2021,6,2021-06,HIGH LUCK GROUP LTD. - SUCURSAL ARGENTINA,0.508066666666667
2021,6,2021-06,INGENIERIA ALPA S.A.,3.29066666666667
2021,6,2021-06,INGENIERIA SIMA S.A.,0
2021,6,2021-06,JUJUY HIDROCARBUROS SAU,9.14166666666667
2021,6,2021-06,KILWER S.A.,4.5491
2021,6,2021-06,MADALENA ENERGY ARGENTINA SRL ,49.576
2021,6,2021-06,MEDANITO S.A.,120.4888
2021,6,2021-06,OILSTONE ENERGIA S.A.,914.3527
2021,6,2021-06,PAMPA ENERGIA S.A.,6841.11733333333
2021,6,2021-06,PAMPETROL S.A.P.E.M,7.28
2021,6,2021-06,PAN AMERICAN ENERGY SL,13974.6403333333
2021,6,2021-06,PETROFARO S.A.,31.683
2021,6,2021-06,PETROLEOS SUDAMERICANOS S.A.,141.9494
2021,6,2021-06,Petrolera Aconcagua Energia S.A.,12.3243333333333
2021,6,2021-06,PETROLERA DEL COMAHUE S.A.,0
2021,6,2021-06,PETROLERA EL TREBOL S.A.,36.2869666666667
2021,6,2021-06,PETROLERA PAMPA S.A. ,0
2021,6,2021-06,PETROLERA SAN MIGUEL S.A.,0
2021,6,2021-06,PETROMINERA CHUBUT S.E.,0
2021,6,2021-06,PETROQUIMICA COMODORO RIVADAVIA S.A.,715.725333333333
2021,6,2021-06,Pilgrim Energy S.A.,17.84971
2021,6,2021-06,PLUSPETROL ENERGY S.A.,1113.78566666667
2021,6,2021-06,PLUSPETROL S.A.,5042.26840000067
2021,6,2021-06,PRESIDENT PETROLEUM S.A.,199.088596666667
2021,6,2021-06,QUINTANA E&P ARGENTINA S.R.L.,1.10363333333333
2021,6,2021-06,RECURSOS Y ENERGIA FORMOSA S.A.,6.586
2021,6,2021-06,ROCH S.A.,432.0396
2021,6,2021-06,SAN JORGE PETROLEUM S.A.,10.9333666666667
2021,6,2021-06,SELVA MARIA OIL S.A.,347.602766666667
2021,6,2021-06,SHELL ARGENTINA S.A.,603.207666666667
2021,6,2021-06,"SINOPEC ARGENTINA EXPLORATION AND PRODUCTION, INC.",892.585666666667
2021,6,2021-06,TECPETROL S.A.,16374.7875666667
2021,6,2021-06,TOTAL AUSTRAL S.A.,30683.9137666667
2021,6,2021-06,VENOIL S.A.,38.3843333333333
2021,6,2021-06,VISTA OIL & GAS ARGENTINA SAU,1449.0935
2021,6,2021-06,WINTERSHALL DEA ARGENTINA S.A,15.8796666666667
2021,6,2021-06,YPF S.A.,35723.461
2021,7,2021-07,ALIANZA PETROLERA ARGENTINA S.A.,0.0192258064516129
2021,7,2021-07,ARGENTA ENERGIA S.A.,0
2021,7,2021-07,CAPETROL ARGENTINA S.A.,12
2021,7,2021-07,CAPETROL S.A.,0
2021,7,2021-07,CAPEX S.A.,1862.82806451613
2021,7,2021-07,CHEVRON ARGENTINA S.R.L.,344.700322580645
2021,7,2021-07,COLHUE HUAPI S.A.,3.23225806451613
2021,7,2021-07,COMPAÑÍA GENERAL DE COMBUSTIBLES S.A.,4604.02512245161
2021,7,2021-07,COMPAÑÍAS ASOCIADAS PETROLERAS S.A.,111.145161290323
2021,7,2021-07,COPESA CIA CONSTRUCTORA PETROLERA SA,0
2021,7,2021-07,"CRI HOLDING, INC.",0
2021,7,2021-07,CROWN POINT ENERGIA S.A.,0
2021,7,2021-07,ENAP SIPETROL ARGENTINA S.A.,3195.47967741935
2021,7,2021-07,ENERGIA COMPAÑIA PETROLERA S.A.,1.60774193548387
2021,7,2021-07,ENERGICON S.A.,0
2021,7,2021-07,EXXONMOBIL EXPLORATION AND PRODUCTION OFFSHORE ARGENTINA S.R.L.,0
2021,7,2021-07,EXXONMOBIL EXPLORATION ARGENTINA S.R.L.,887.529722580645
2021,7,2021-07,FOMICRUZ S.E.,2.1
2021,7,2021-07,GEOPARK ARGENTINA LTD. (SUCURSAL ARGENTINA),155.007096774194
2021,7,2021-07,GRECOIL y CIA. S.R.L.,1.9
2021,7,2021-07,HATTRICK ENERGY SAS,0
2021,7,2021-07,HIGH LUCK GROUP LTD. - SUCURSAL ARGENTINA,0.524322580645161
2021,7,2021-07,INGENIERIA ALPA S.A.,3.03709677419355
2021,7,2021-07,INGENIERIA SIMA S.A.,0
2021,7,2021-07,JUJUY HIDROCARBUROS SAU,8.1241935483871
2021,7,2021-07,KILWER S.A.,4.429
2021,7,2021-07,MADALENA ENERGY ARGENTINA SRL ,47.1154838709677
2021,7,2021-07,MEDANITO S.A.,105.017709677419
2021,7,2021-07,OILSTONE ENERGIA S.A.,905.308
2021,7,2021-07,PAMPA ENERGIA S.A.,7590.40709677419
2021,7,2021-07,PAMPETROL S.A.P.E.M,7.38709677419355
2021,7,2021-07,PAN AMERICAN ENERGY SL,13616.2461290323
2021,7,2021-07,PETROFARO S.A.,31.2212903225806
2021,7,2021-07,PETROLEOS SUDAMERICANOS S.A.,146.660096774194
2021,7,2021-07,Petrolera Aconcagua Energia S.A.,11.7412903225806
2021,7,2021-07,PETROLERA DEL COMAHUE S.A.,0
2021,7,2021-07,PETROLERA EL TREBOL S.A.,33.1128709677419
2021,7,2021-07,PETROLERA PAMPA S.A. ,0
2021,7,2021-07,PETROLERA SAN MIGUEL S.A.,0
2021,7,2021-07,PETROMINERA CHUBUT S.E.,0
2021,7,2021-07,PETROQUIMICA COMODORO RIVADAVIA S.A.,708.923870967742
2021,7,2021-07,Pilgrim Energy S.A.,11.8986129032258
2021,7,2021-07,PLUSPETROL ENERGY S.A.,1108.90809677419
2021,7,2021-07,PLUSPETROL S.A.,5333.71616129645
2021,7,2021-07,PRESIDENT PETROLEUM S.A.,170.544516129032
2021,7,2021-07,QUINTANA E&P ARGENTINA S.R.L.,1.13877419354839
2021,7,2021-07,RECURSOS Y ENERGIA FORMOSA S.A.,11.3141935483871
2021,7,2021-07,ROCH S.A.,434.369258064516
2021,7,2021-07,SAN JORGE PETROLEUM S.A.,10.3811290322581
2021,7,2021-07,SELVA MARIA OIL S.A.,302.780032258065
2021,7,2021-07,SHELL ARGENTINA S.A.,572.747741935484
2021,7,2021-07,"SINOPEC ARGENTINA EXPLORATION AND PRODUCTION, INC.",919.197419354839
2021,7,2021-07,TECPETROL S.A.,17399.0724516129
2021,7,2021-07,TOTAL AUSTRAL S.A.,31211.3534516129
2021,7,2021-07,VENOIL S.A.,35.8209677419355
2021,7,2021-07,VISTA OIL & GAS ARGENTINA SAU,1596.95916129032
2021,7,2021-07,WINTERSHALL DEA ARGENTINA S.A,14.4948387096774
2021,7,2021-07,YPF S.A.,37193.6883870968
2021,8,2021-08,ALIANZA PETROLERA ARGENTINA S.A.,0.019
2021,8,2021-08,ARGENTA ENERGIA S.A.,0
2021,8,2021-08,CAPETROL ARGENTINA S.A.,12
2021,8,2021-08,CAPETROL S.A.,0
2021,8,2021-08,CAPEX S.A.,1919.03967741936
2021,8,2021-08,CHEVRON ARGENTINA S.R.L.,371.417741935484
2021,8,2021-08,COLHUE HUAPI S.A.,3.20645161290323
2021,8,2021-08,COMPAÑÍA GENERAL DE COMBUSTIBLES S.A.,4581.9382666129
2021,8,2021-08,COMPAÑÍAS ASOCIADAS PETROLERAS S.A.,106.779032258065
2021,8,2021-08,COPESA CIA CONSTRUCTORA PETROLERA SA,0
2021,8,2021-08,"CRI HOLDING, INC.",0
2021,8,2021-08,CROWN POINT ENERGIA S.A.,0
2021,8,2021-08,ENAP SIPETROL ARGENTINA S.A.,3383.30870967742
2021,8,2021-08,ENERGIA COMPAÑIA PETROLERA S.A.,0.93258064516129
2021,8,2021-08,ENERGICON S.A.,0
2021,8,2021-08,EXXONMOBIL EXPLORATION AND PRODUCTION OFFSHORE ARGENTINA S.R.L.,0
2021,8,2021-08,EXXONMOBIL EXPLORATION ARGENTINA S.R.L.,797.78191483871
2021,8,2021-08,FOMICRUZ S.E.,1.90967741935484
2021,8,2021-08,GEOPARK ARGENTINA LTD. (SUCURSAL ARGENTINA),161.26
2021,8,2021-08,GRECOIL y CIA. S.R.L.,1.9
2021,8,2021-08,HATTRICK ENERGY SAS,0
2021,8,2021-08,HIGH LUCK GROUP LTD. - SUCURSAL ARGENTINA,1.12977419354839
2021,8,2021-08,INGENIERIA ALPA S.A.,3.48516129032258
2021,8,2021-08,INGENIERIA SIMA S.A.,0
2021,8,2021-08,JUJUY HIDROCARBUROS SAU,8.28548387096774
2021,8,2021-08,KILWER S.A.,4.24622580645161
2021,8,2021-08,MADALENA ENERGY ARGENTINA SRL ,44.6409677419355
2021,8,2021-08,MEDANITO S.A.,107.027
2021,8,2021-08,OILSTONE ENERGIA S.A.,928.385
2021,8,2021-08,PAMPA ENERGIA S.A.,8151.41838709677
2021,8,2021-08,PAMPETROL S.A.P.E.M,7.34225806451613
2021,8,2021-08,PAN AMERICAN ENERGY SL,14019.8980645161
2021,8,2021-08,PETROFARO S.A.,30.3548387096774
2021,8,2021-08,PETROLEOS SUDAMERICANOS S.A.,145.351387096774
2021,8,2021-08,Petrolera Aconcagua Energia S.A.,14.4677419354839
2021,8,2021-08,PETROLERA DEL COMAHUE S.A.,0
2021,8,2021-08,PETROLERA EL TREBOL S.A.,30.2515806451613
2021,8,2021-08,PETROLERA PAMPA S.A. ,0
2021,8,2021-08,PETROLERA SAN MIGUEL S.A.,0
2021,8,2021-08,PETROMINERA CHUBUT S.E.,0
2021,8,2021-08,PETROQUIMICA COMODORO RIVADAVIA S.A.,710.711612903226
2021,8,2021-08,Pilgrim Energy S.A.,10.0785612903226
2021,8,2021-08,PLUSPETROL ENERGY S.A.,1080.31222580645
2021,8,2021-08,PLUSPETROL S.A.,5678.18167741935
2021,8,2021-08,PRESIDENT PETROLEUM S.A.,157.150338709677
2021,8,2021-08,QUINTANA E&P ARGENTINA S.R.L.,1.0441935483871
2021,8,2021-08,RECURSOS Y ENERGIA FORMOSA S.A.,26.7685472474116
2021,8,2021-08,ROCH S.A.,430.159193548387
2021,8,2021-08,SAN JORGE PETROLEUM S.A.,9.79512903225806
2021,8,2021-08,SELVA MARIA OIL S.A.,290.508258064516
2021,8,2021-08,SHELL ARGENTINA S.A.,604.007096774194
2021,8,2021-08,"SINOPEC ARGENTINA EXPLORATION AND PRODUCTION, INC.",910.749677419355
2021,8,2021-08,TECPETROL S.A.,18466.9841935484
2021,8,2021-08,TOTAL AUSTRAL S.A.,30800.672516129
2021,8,2021-08,VENOIL S.A.,17.8329032258065
2021,8,2021-08,VISTA OIL & GAS ARGENTINA SAU,1637.88248387097
2021,8,2021-08,WINTERSHALL DEA ARGENTINA S.A,15.5735483870968
2021,8,2021-08,YPF S.A.,38039.1825806452
2021,9,2021-09,ALIANZA PETROLERA ARGENTINA S.A.,0.0173666666666667
2021,9,2021-09,ARGENTA ENERGIA S.A.,0
2021,9,2021-09,CAPETROL ARGENTINA S.A.,12
2021,9,2021-09,CAPETROL S.A.,0
2021,9,2021-09,CAPEX S.A.,1793.98166666667
2021,9,2021-09,CHEVRON ARGENTINA S.R.L.,387.396333333333
2021,9,2021-09,COLHUE HUAPI S.A.,3.29
2021,9,2021-09,COMPAÑÍA GENERAL DE COMBUSTIBLES S.A.,4594.1477787
2021,9,2021-09,COMPAÑÍAS ASOCIADAS PETROLERAS S.A.,107.222333333333
2021,9,2021-09,COPESA CIA CONSTRUCTORA PETROLERA SA,0
2021,9,2021-09,"CRI HOLDING, INC.",0
2021,9,2021-09,CROWN POINT ENERGIA S.A.,0
2021,9,2021-09,ENAP SIPETROL ARGENTINA S.A.,3337.01833333333
2021,9,2021-09,ENERGIA COMPAÑIA PETROLERA S.A.,0.843666666666667
2021,9,2021-09,ENERGICON S.A.,0
2021,9,2021-09,EXXONMOBIL EXPLORATION AND PRODUCTION OFFSHORE ARGENTINA S.R.L.,0
2021,9,2021-09,EXXONMOBIL EXPLORATION ARGENTINA S.R.L.,856.555800666667
2021,9,2021-09,FOMICRUZ S.E.,0.79
2021,9,2021-09,GEOPARK ARGENTINA LTD. (SUCURSAL ARGENTINA),164.062666666667
2021,9,2021-09,GRECOIL y CIA. S.R.L.,1.9
2021,9,2021-09,HATTRICK ENERGY SAS,0
2021,9,2021-09,HIGH LUCK GROUP LTD. - SUCURSAL ARGENTINA,1.21463333333333
2021,9,2021-09,INGENIERIA ALPA S.A.,3.19166666666667
2021,9,2021-09,INGENIERIA SIMA S.A.,0
2021,9,2021-09,JUJUY HIDROCARBUROS SAU,8.22766666666667
2021,9,2021-09,KILWER S.A.,3.92926666666667
2021,9,2021-09,MADALENA ENERGY ARGENTINA SRL ,44.0683333333333
2021,9,2021-09,MEDANITO S.A.,101.0492
2021,9,2021-09,OILSTONE ENERGIA S.A.,902.404933333333
2021,9,2021-09,PAMPA ENERGIA S.A.,8410.67033333333
2021,9,2021-09,PAMPETROL S.A.P.E.M,6.84966666666667
2021,9,2021-09,PAN AMERICAN ENERGY SL,13444.2923333333
2021,9,2021-09,PETROFARO S.A.,29.962
2021,9,2021-09,PETROLEOS SUDAMERICANOS S.A.,146.614466666667
2021,9,2021-09,Petrolera Aconcagua Energia S.A.,13.4933333333333
2021,9,2021-09,PETROLERA DEL COMAHUE S.A.,0
2021,9,2021-09,PETROLERA EL TREBOL S.A.,29.8233333333333
2021,9,2021-09,PETROLERA PAMPA S.A. ,0
2021,9,2021-09,PETROLERA SAN MIGUEL S.A.,0
2021,9,2021-09,PETROMINERA CHUBUT S.E.,0
2021,9,2021-09,PETROQUIMICA COMODORO RIVADAVIA S.A.,689.604666666667
2021,9,2021-09,Pilgrim Energy S.A.,18.18502
2021,9,2021-09,PLUSPETROL ENERGY S.A.,1101.96266666667
2021,9,2021-09,PLUSPETROL S.A.,5695.92803333333
2021,9,2021-09,PRESIDENT PETROLEUM S.A.,149.821213333333
2021,9,2021-09,QUINTANA E&P ARGENTINA S.R.L.,1.0515
2021,9,2021-09,RECURSOS Y ENERGIA FORMOSA S.A.,52.8396666666667
2021,9,2021-09,ROCH S.A.,417.733
2021,9,2021-09,SAN JORGE PETROLEUM S.A.,8.98283333333333
2021,9,2021-09,SELVA MARIA OIL S.A.,288.877833333333
2021,9,2021-09,SHELL ARGENTINA S.A.,626.607666666667
2021,9,2021-09,"SINOPEC ARGENTINA EXPLORATION AND PRODUCTION, INC.",892.433666666667
2021,9,2021-09,TECPETROL S.A.,17571.3598
2021,9,2021-09,TOTAL AUSTRAL S.A.,30359.7626
2021,9,2021-09,VENOIL S.A.,11.0093333333333
2021,9,2021-09,VISTA OIL & GAS ARGENTINA SAU,1619.0192
2021,9,2021-09,WINTERSHALL DEA ARGENTINA S.A,15.6803333333333
2021,9,2021-09,YPF S.A.,38746.803
2021,10,2021-10,ALIANZA PETROLERA ARGENTINA S.A.,0.0126129032258065
2021,10,2021-10,ARGENTA ENERGIA S.A.,0
2021,10,2021-10,CAPETROL ARGENTINA S.A.,12
2021,10,2021-10,CAPETROL S.A.,0
2021,10,2021-10,CAPEX S.A.,1751.67580645161
2021,10,2021-10,CHEVRON ARGENTINA S.R.L.,372.319032258065
2021,10,2021-10,COLHUE HUAPI S.A.,3.34838709677419
2021,10,2021-10,COMPAÑÍA GENERAL DE COMBUSTIBLES S.A.,4609.63813883871
2021,10,2021-10,COMPAÑÍAS ASOCIADAS PETROLERAS S.A.,82.7332258064516
2021,10,2021-10,COPESA CIA CONSTRUCTORA PETROLERA SA,0
2021,10,2021-10,"CRI HOLDING, INC.",0
2021,10,2021-10,CROWN POINT ENERGIA S.A.,0
2021,10,2021-10,ENAP SIPETROL ARGENTINA S.A.,3218.09806451613
2021,10,2021-10,ENERGIA COMPAÑIA PETROLERA S.A.,0.664193548387097
2021,10,2021-10,ENERGICON S.A.,0
2021,10,2021-10,EXXONMOBIL EXPLORATION AND PRODUCTION OFFSHORE ARGENTINA S.R.L.,0
2021,10,2021-10,EXXONMOBIL EXPLORATION ARGENTINA S.R.L.,866.54935483871
2021,10,2021-10,FOMICRUZ S.E.,2.1
2021,10,2021-10,GEOPARK ARGENTINA LTD. (SUCURSAL ARGENTINA),160.515483870968
2021,10,2021-10,GRECOIL y CIA. S.R.L.,1.15429032258065
2021,10,2021-10,HATTRICK ENERGY SAS,0
2021,10,2021-10,HIGH LUCK GROUP LTD. - SUCURSAL ARGENTINA,1.19312903225806
2021,10,2021-10,INGENIERIA ALPA S.A.,3.81967741935484
2021,10,2021-10,INGENIERIA SIMA S.A.,0
2021,10,2021-10,JUJUY HIDROCARBUROS SAU,8.18903225806452
2021,10,2021-10,KILWER S.A.,3.86006451612903
2021,10,2021-10,MADALENA ENERGY ARGENTINA SRL ,43.5158064516129
2021,10,2021-10,MEDANITO S.A.,98.5296774193548
2021,10,2021-10,OILSTONE ENERGIA S.A.,892.889516129032
2021,10,2021-10,PAMPA ENERGIA S.A.,7562.98225806452
2021,10,2021-10,PAMPETROL S.A.P.E.M,6.81838709677419
2021,10,2021-10,PAN AMERICAN ENERGY SL,13468.2370967742
2021,10,2021-10,PETROFARO S.A.,28.2977419354839
2021,10,2021-10,PETROLEOS SUDAMERICANOS S.A.,152.347451612903
2021,10,2021-10,Petrolera Aconcagua Energia S.A.,13.2967741935484
2021,10,2021-10,PETROLERA DEL COMAHUE S.A.,0
2021,10,2021-10,PETROLERA EL TREBOL S.A.,31.4902903225806
2021,10,2021-10,PETROLERA PAMPA S.A. ,0
2021,10,2021-10,PETROLERA SAN MIGUEL S.A.,0
2021,10,2021-10,PETROMINERA CHUBUT S.E.,0
2021,10,2021-10,PETROQUIMICA COMODORO RIVADAVIA S.A.,686.124516129032
2021,10,2021-10,Pilgrim Energy S.A.,23.8602258064516
2021,10,2021-10,PLUSPETROL ENERGY S.A.,1069.60580645161
2021,10,2021-10,PLUSPETROL S.A.,5911.09951612894
2021,10,2021-10,PRESIDENT PETROLEUM S.A.,148.440177419355
2021,10,2021-10,QUINTANA E&P ARGENTINA S.R.L.,1.06683870967742
2021,10,2021-10,RECURSOS Y ENERGIA FORMOSA S.A.,38.4209677419355
2021,10,2021-10,ROCH S.A.,406.588129032258
2021,10,2021-10,SAN JORGE PETROLEUM S.A.,11.2243870967742
2021,10,2021-10,SELVA MARIA OIL S.A.,275.295193548387
2021,10,2021-10,SHELL ARGENTINA S.A.,689.208387096774
2021,10,2021-10,"SINOPEC ARGENTINA EXPLORATION AND PRODUCTION, INC.",908.593225806452
2021,10,2021-10,TECPETROL S.A.,16335.7424516129
2021,10,2021-10,TOTAL AUSTRAL S.A.,29472.3079677419
2021,10,2021-10,VENOIL S.A.,9.36838709677419
2021,10,2021-10,VISTA OIL & GAS ARGENTINA SAU,1548.41793548387
2021,10,2021-10,WINTERSHALL DEA ARGENTINA S.A,15.3187096774194
2021,10,2021-10,YPF S.A.,36283.1525806452
2021,11,2021-11,ALIANZA PETROLERA ARGENTINA S.A.,0.00203333333333333
2021,11,2021-11,ARGENTA ENERGIA S.A.,0
2021,11,2021-11,CAPETROL ARGENTINA S.A.,12
2021,11,2021-11,CAPETROL S.A.,0
2021,11,2021-11,CAPEX S.A.,1729.83333333333
2021,11,2021-11,CHEVRON ARGENTINA S.R.L.,349.840433333333
2021,11,2021-11,COLHUE HUAPI S.A.,3.41666666666667
2021,11,2021-11,COMPAÑÍA GENERAL DE COMBUSTIBLES S.A.,4566.7857049
2021,11,2021-11,COMPAÑÍAS ASOCIADAS PETROLERAS S.A.,103.661
2021,11,2021-11,COPESA CIA CONSTRUCTORA PETROLERA SA,0
2021,11,2021-11,"CRI HOLDING, INC.",0
2021,11,2021-11,CROWN POINT ENERGIA S.A.,0
2021,11,2021-11,ENAP SIPETROL ARGENTINA S.A.,3226.19166666667
2021,11,2021-11,ENERGIA COMPAÑIA PETROLERA S.A.,0.389666666666667
2021,11,2021-11,ENERGICON S.A.,0
2021,11,2021-11,EXXONMOBIL EXPLORATION AND PRODUCTION OFFSHORE ARGENTINA S.R.L.,0
2021,11,2021-11,EXXONMOBIL EXPLORATION ARGENTINA S.R.L.,804.378
2021,11,2021-11,FOMICRUZ S.E.,1.39666666666667
2021,11,2021-11,GEOPARK ARGENTINA LTD. (SUCURSAL ARGENTINA),155.407
2021,11,2021-11,GRECOIL y CIA. S.R.L.,1.834
2021,11,2021-11,HATTRICK ENERGY SAS,0
2021,11,2021-11,HIGH LUCK GROUP LTD. - SUCURSAL ARGENTINA,1.1853
2021,11,2021-11,INGENIERIA ALPA S.A.,3.749
2021,11,2021-11,INGENIERIA SIMA S.A.,0
2021,11,2021-11,JUJUY HIDROCARBUROS SAU,8.336
2021,11,2021-11,KILWER S.A.,3.80193333333333
2021,11,2021-11,MADALENA ENERGY ARGENTINA SRL ,43.9626666666667
2021,11,2021-11,MEDANITO S.A.,85.2309
2021,11,2021-11,OILSTONE ENERGIA S.A.,891.861733333333
2021,11,2021-11,PAMPA ENERGIA S.A.,7753.30466666667
2021,11,2021-11,PAMPETROL S.A.P.E.M,6.68733333333333
2021,11,2021-11,PAN AMERICAN ENERGY SL,13463.454
2021,11,2021-11,PETROFARO S.A.,29.6966666666667
2021,11,2021-11,PETROLEOS SUDAMERICANOS S.A.,143.9148
2021,11,2021-11,Petrolera Aconcagua Energia S.A.,13.753
2021,11,2021-11,PETROLERA DEL COMAHUE S.A.,0
2021,11,2021-11,PETROLERA EL TREBOL S.A.,31.5933333333333
2021,11,2021-11,PETROLERA PAMPA S.A. ,0
2021,11,2021-11,PETROLERA SAN MIGUEL S.A.,0
2021,11,2021-11,PETROMINERA CHUBUT S.E.,0
2021,11,2021-11,PETROQUIMICA COMODORO RIVADAVIA S.A.,695.134
2021,11,2021-11,Pilgrim Energy S.A.,21.8213166666667
2021,11,2021-11,PLUSPETROL ENERGY S.A.,1082.00543333333
2021,11,2021-11,PLUSPETROL S.A.,6099.56283333376
2021,11,2021-11,PRESIDENT PETROLEUM S.A.,141.834813333333
2021,11,2021-11,QUINTANA E&P ARGENTINA S.R.L.,1.08286666666667
2021,11,2021-11,RECURSOS Y ENERGIA FORMOSA S.A.,26.671
2021,11,2021-11,ROCH S.A.,397.9521
2021,11,2021-11,SAN JORGE PETROLEUM S.A.,11.4568333333333
2021,11,2021-11,SELVA MARIA OIL S.A.,284.7138
2021,11,2021-11,SHELL ARGENTINA S.A.,599.157666666667
2021,11,2021-11,"SINOPEC ARGENTINA EXPLORATION AND PRODUCTION, INC.",912.156333333333
2021,11,2021-11,TECPETROL S.A.,16137.4993333333
2021,11,2021-11,TOTAL AUSTRAL S.A.,29462.8815666667
2021,11,2021-11,VENOIL S.A.,7.85133333333333
2021,11,2021-11,VISTA OIL & GAS ARGENTINA SAU,1500.21856666667
2021,11,2021-11,WINTERSHALL DEA ARGENTINA S.A,14.6985843333333
2021,11,2021-11,YPF S.A.,37045.7143333333
2021,12,2021-12,ALIANZA PETROLERA ARGENTINA S.A.,0.00945161290322581
2021,12,2021-12,ARGENTA ENERGIA S.A.,0
2021,12,2021-12,CAPETROL ARGENTINA S.A.,52.2903225806452
2021,12,2021-12,CAPETROL S.A.,0
2021,12,2021-12,CAPEX S.A.,1685.09064516129
2021,12,2021-12,CHEVRON ARGENTINA S.R.L.,334.202580645161
2021,12,2021-12,COLHUE HUAPI S.A.,3.41290322580645
2021,12,2021-12,COMPAÑÍA GENERAL DE COMBUSTIBLES S.A.,4626.09990129032
2021,12,2021-12,COMPAÑÍAS ASOCIADAS PETROLERAS S.A.,104.227419354839
2021,12,2021-12,COPESA CIA CONSTRUCTORA PETROLERA SA,0
2021,12,2021-12,"CRI HOLDING, INC.",0
2021,12,2021-12,CROWN POINT ENERGIA S.A.,0
2021,12,2021-12,ENAP SIPETROL ARGENTINA S.A.,2596.48225806452
2021,12,2021-12,ENERGIA COMPAÑIA PETROLERA S.A.,0.306774193548387
2021,12,2021-12,ENERGICON S.A.,0
2021,12,2021-12,EXXONMOBIL EXPLORATION AND PRODUCTION OFFSHORE ARGENTINA S.R.L.,0
2021,12,2021-12,EXXONMOBIL EXPLORATION ARGENTINA S.R.L.,1056.17032258065
2021,12,2021-12,FOMICRUZ S.E.,1.46129032258065
2021,12,2021-12,GEOPARK ARGENTINA LTD. (SUCURSAL ARGENTINA),146.250967741935
2021,12,2021-12,GRECOIL y CIA. S.R.L.,1.73912903225806
2021,12,2021-12,HATTRICK ENERGY SAS,0
2021,12,2021-12,HIGH LUCK GROUP LTD. - SUCURSAL ARGENTINA,1.23361290322581
2021,12,2021-12,INGENIERIA ALPA S.A.,3.58709677419355
2021,12,2021-12,INGENIERIA SIMA S.A.,0
2021,12,2021-12,JUJUY HIDROCARBUROS SAU,8.28774193548387
2021,12,2021-12,KILWER S.A.,5.73216129032258
2021,12,2021-12,MADALENA ENERGY ARGENTINA SRL ,45.8296774193548
2021,12,2021-12,MEDANITO S.A.,38.7773225806452
2021,12,2021-12,OILSTONE ENERGIA S.A.,837.733483870968
2021,12,2021-12,PAMPA ENERGIA S.A.,7830.6035483871
2021,12,2021-12,PAMPETROL S.A.P.E.M,6.92516129032258
2021,12,2021-12,PAN AMERICAN ENERGY SL,14199.0496774194
2021,12,2021-12,PETROFARO S.A.,29.5229032258065
2021,12,2021-12,PETROLEOS SUDAMERICANOS S.A.,145.192516129032
2021,12,2021-12,Petrolera Aconcagua Energia S.A.,12.66
2021,12,2021-12,PETROLERA DEL COMAHUE S.A.,0
2021,12,2021-12,PETROLERA EL TREBOL S.A.,29.1096774193548
2021,12,2021-12,PETROLERA PAMPA S.A. ,0
2021,12,2021-12,PETROLERA SAN MIGUEL S.A.,0
2021,12,2021-12,PETROMINERA CHUBUT S.E.,0
2021,12,2021-12,PETROQUIMICA COMODORO RIVADAVIA S.A.,709.942903225806
2021,12,2021-12,Pilgrim Energy S.A.,22.9603483870968
2021,12,2021-12,PLUSPETROL ENERGY S.A.,1093.35161290323
2021,12,2021-12,PLUSPETROL S.A.,5828.87514520184
2021,12,2021-12,PRESIDENT PETROLEUM S.A.,154.848864516129
2021,12,2021-12,QUINTANA E&P ARGENTINA S.R.L.,0.919774193548387
2021,12,2021-12,RECURSOS Y ENERGIA FORMOSA S.A.,28.8916129032258
2021,12,2021-12,ROCH S.A.,412.615322580645
2021,12,2021-12,SAN JORGE PETROLEUM S.A.,11.6925806451613
2021,12,2021-12,SELVA MARIA OIL S.A.,290.77835483871
2021,12,2021-12,SHELL ARGENTINA S.A.,634.792580645161
2021,12,2021-12,"SINOPEC ARGENTINA EXPLORATION AND PRODUCTION, INC.",904.702258064516
2021,12,2021-12,TECPETROL S.A.,15681.9356129032
2021,12,2021-12,TOTAL AUSTRAL S.A.,30499.9542258065
2021,12,2021-12,VENOIL S.A.,7.82935483870968
2021,12,2021-12,VISTA OIL & GAS ARGENTINA SAU,1462.97167741936
2021,12,2021-12,WINTERSHALL DEA ARGENTINA S.A,14.7470967741935
2021,12,2021-12,YPF S.A.,37298.1377419355
2022,1,2022-01,ALIANZA PETROLERA ARGENTINA S.A.,3.30897225806452
2022,1,2022-01,ARGENTA ENERGIA S.A.,0
2022,1,2022-01,CAPETROL ARGENTINA S.A.,51.2903225806452
2022,1,2022-01,CAPETROL S.A.,0
2022,1,2022-01,CAPEX S.A.,1663.03870967742
2022,1,2022-01,CHEVRON ARGENTINA S.R.L.,279.691290322581
2022,1,2022-01,COLHUE HUAPI S.A.,3.3
2022,1,2022-01,COMPAÑÍA GENERAL DE COMBUSTIBLES S.A.,4574.45105506452
2022,1,2022-01,COMPAÑÍAS ASOCIADAS PETROLERAS S.A.,97.6854838709677
2022,1,2022-01,COPESA CIA CONSTRUCTORA PETROLERA SA,0
2022,1,2022-01,"CRI HOLDING, INC.",0
2022,1,2022-01,CROWN POINT ENERGIA S.A.,0
2022,1,2022-01,ENAP SIPETROL ARGENTINA S.A.,2932.67903225806
2022,1,2022-01,ENERGIA COMPAÑIA PETROLERA S.A.,0.291935483870968
2022,1,2022-01,ENERGICON S.A.,0
2022,1,2022-01,EXXONMOBIL EXPLORATION AND PRODUCTION OFFSHORE ARGENTINA S.R.L.,0
2022,1,2022-01,EXXONMOBIL EXPLORATION ARGENTINA S.R.L.,1032.07548387097
2022,1,2022-01,FOMICRUZ S.E.,1.48064516129032
2022,1,2022-01,GEOPARK ARGENTINA LTD. (SUCURSAL ARGENTINA),138.706129032258
2022,1,2022-01,GRECOIL y CIA. S.R.L.,1.88722580645161
2022,1,2022-01,HATTRICK ENERGY SAS,0
2022,1,2022-01,HIGH LUCK GROUP LTD. - SUCURSAL ARGENTINA,1.29141935483871
2022,1,2022-01,INGENIERIA ALPA S.A.,3.67064516129032
2022,1,2022-01,INGENIERIA SIMA S.A.,0
2022,1,2022-01,JUJUY HIDROCARBUROS SAU,8.40903225806452
2022,1,2022-01,KILWER S.A.,11.2704193548387
2022,1,2022-01,MADALENA ENERGY ARGENTINA SRL ,43.0183870967742
2022,1,2022-01,MEDANITO S.A.,37.5536451612903
2022,1,2022-01,OILSTONE ENERGIA S.A.,852.393483870968
2022,1,2022-01,PAMPA ENERGIA S.A.,8116.49935483871
2022,1,2022-01,PAMPETROL S.A.P.E.M,7.16451612903226
2022,1,2022-01,PAN AMERICAN ENERGY SL,14701.21
2022,1,2022-01,PETROFARO S.A.,29.2064516129032
2022,1,2022-01,PETROLEOS SUDAMERICANOS S.A.,145.875612903226
2022,1,2022-01,Petrolera Aconcagua Energia S.A.,25.7065483870968
2022,1,2022-01,PETROLERA DEL COMAHUE S.A.,0
2022,1,2022-01,PETROLERA EL TREBOL S.A.,30.1386774193548
2022,1,2022-01,PETROLERA PAMPA S.A. ,0
2022,1,2022-01,PETROLERA SAN MIGUEL S.A.,0
2022,1,2022-01,PETROMINERA CHUBUT S.E.,0
2022,1,2022-01,PETROQUIMICA COMODORO RIVADAVIA S.A.,713.235806451613
2022,1,2022-01,Pilgrim Energy S.A.,22.9457806451613
2022,1,2022-01,PLUSPETROL ENERGY S.A.,1068.8224516129
2022,1,2022-01,PLUSPETROL S.A.,5871.94403755548
2022,1,2022-01,PRESIDENT PETROLEUM S.A.,142.726638709677
2022,1,2022-01,QUINTANA E&P ARGENTINA S.R.L.,1.24209677419355
2022,1,2022-01,RECURSOS Y ENERGIA FORMOSA S.A.,32.458064516129
2022,1,2022-01,ROCH S.A.,405.854129032258
2022,1,2022-01,SAN JORGE PETROLEUM S.A.,0
2022,1,2022-01,SELVA MARIA OIL S.A.,313.943193548387
2022,1,2022-01,SHELL ARGENTINA S.A.,728.406451612903
2022,1,2022-01,"SINOPEC ARGENTINA EXPLORATION AND PRODUCTION, INC.",878.583225806452
2022,1,2022-01,TECPETROL S.A.,15442.282516129
2022,1,2022-01,TOTAL AUSTRAL S.A.,29908.7476451613
2022,1,2022-01,VENOIL S.A.,7.46096774193548
2022,1,2022-01,VISTA OIL & GAS ARGENTINA SAU,1509.65922580645
2022,1,2022-01,YPF S.A.,38111.7990322581
2022,2,2022-02,ALIANZA PETROLERA ARGENTINA S.A.,3.12778571428571
2022,2,2022-02,ARGENTA ENERGIA S.A.,0
2022,2,2022-02,CAPETROL ARGENTINA S.A.,53.3257142857143
2022,2,2022-02,CAPETROL S.A.,0
2022,2,2022-02,CAPEX S.A.,1670.00357142857
2022,2,2022-02,CHEVRON ARGENTINA S.R.L.,264.144642857143
2022,2,2022-02,COLHUE HUAPI S.A.,3.30714285714286
2022,2,2022-02,COMPAÑÍA GENERAL DE COMBUSTIBLES S.A.,4513.38497982143
2022,2,2022-02,COMPAÑÍAS ASOCIADAS PETROLERAS S.A.,105.991785714286
2022,2,2022-02,COPESA CIA CONSTRUCTORA PETROLERA SA,0
2022,2,2022-02,"CRI HOLDING, INC.",0
2022,2,2022-02,CROWN POINT ENERGIA S.A.,0
2022,2,2022-02,ENAP SIPETROL ARGENTINA S.A.,3092.66607142857
2022,2,2022-02,ENERGIA COMPAÑIA PETROLERA S.A.,0.326785714285714
2022,2,2022-02,ENERGICON S.A.,0
2022,2,2022-02,EXXONMOBIL EXPLORATION AND PRODUCTION OFFSHORE ARGENTINA S.R.L.,0
2022,2,2022-02,EXXONMOBIL EXPLORATION ARGENTINA S.R.L.,901.1375
2022,2,2022-02,FOMICRUZ S.E.,1.39642857142857
2022,2,2022-02,GRECOIL y CIA. S.R.L.,1.9
2022,2,2022-02,HATTRICK ENERGY SAS,0
2022,2,2022-02,HIGH LUCK GROUP LTD. - SUCURSAL ARGENTINA,1.47396428571429
2022,2,2022-02,INGENIERIA ALPA S.A.,3.73892857142857
2022,2,2022-02,INGENIERIA SIMA S.A.,0
2022,2,2022-02,JUJUY HIDROCARBUROS SAU,8.46142857142857
2022,2,2022-02,KILWER S.A.,5.29089285714286
2022,2,2022-02,MADALENA ENERGY ARGENTINA SRL ,43.9835714285714
2022,2,2022-02,MEDANITO S.A.,36.10425
2022,2,2022-02,OILSTONE ENERGIA S.A.,994.838035714286
2022,2,2022-02,PAMPA ENERGIA S.A.,8197.31321428571
2022,2,2022-02,PAMPETROL S.A.P.E.M,6.61964285714286
2022,2,2022-02,PAN AMERICAN ENERGY SL,14466.7060714286
2022,2,2022-02,PETROFARO S.A.,29.3621428571429
2022,2,2022-02,PETROLEOS SUDAMERICANOS S.A.,145.97925
2022,2,2022-02,Petrolera Aconcagua Energia S.A.,24.9974642857143
2022,2,2022-02,PETROLERA DEL COMAHUE S.A.,0
2022,2,2022-02,PETROLERA EL TREBOL S.A.,32.4
2022,2,2022-02,PETROLERA PAMPA S.A. ,0
2022,2,2022-02,PETROLERA SAN MIGUEL S.A.,0
2022,2,2022-02,PETROMINERA CHUBUT S.E.,0
2022,2,2022-02,PETROQUIMICA COMODORO RIVADAVIA S.A.,711.591785714286
2022,2,2022-02,Pilgrim Energy S.A.,23.0173785714286
2022,2,2022-02,PLUSPETROL ENERGY S.A.,1077.09707142857
2022,2,2022-02,PLUSPETROL S.A.,5580.25692857107
2022,2,2022-02,PRESIDENT PETROLEUM S.A.,125.996032142857
2022,2,2022-02,QUINTANA E&P ARGENTINA S.R.L.,1.15392857142857
2022,2,2022-02,RECURSOS Y ENERGIA FORMOSA S.A.,38.1582142857143
2022,2,2022-02,ROCH S.A.,404.753821428571
2022,2,2022-02,SAN JORGE PETROLEUM S.A.,0
2022,2,2022-02,SELVA MARIA OIL S.A.,288.617035714286
2022,2,2022-02,SHELL ARGENTINA S.A.,784.350714285714
2022,2,2022-02,"SINOPEC ARGENTINA EXPLORATION AND PRODUCTION, INC.",922.099285714286
2022,2,2022-02,TECPETROL S.A.,13792.4349642857
2022,2,2022-02,TOTAL AUSTRAL S.A.,30235.3295357143
2022,2,2022-02,VENOIL S.A.,0.0221428571428571
2022,2,2022-02,VISTA OIL & GAS ARGENTINA SAU,1441.13517857143
2022,2,2022-02,YPF S.A.,37293.0171428571
2022,3,2022-03,ALIANZA PETROLERA ARGENTINA S.A.,2.82609677419355
2022,3,2022-03,ARGENTA ENERGIA S.A.,0
2022,3,2022-03,CAPETROL ARGENTINA S.A.,58.2796774193548
2022,3,2022-03,CAPETROL S.A.,0
2022,3,2022-03,CAPEX S.A.,1641.72838709677
2022,3,2022-03,CHEVRON ARGENTINA S.R.L.,237.975483870968
2022,3,2022-03,COLHUE HUAPI S.A.,3.18709677419355
2022,3,2022-03,COMPAÑÍA GENERAL DE COMBUSTIBLES S.A.,4446.54124506452
2022,3,2022-03,COMPAÑÍAS ASOCIADAS PETROLERAS S.A.,103.028064516129
2022,3,2022-03,COPESA CIA CONSTRUCTORA PETROLERA SA,0
2022,3,2022-03,"CRI HOLDING, INC.",0
2022,3,2022-03,CROWN POINT ENERGIA S.A.,0
2022,3,2022-03,ENAP SIPETROL ARGENTINA S.A.,2850.0764516129
2022,3,2022-03,ENERGIA COMPAÑIA PETROLERA S.A.,0.274193548387097
2022,3,2022-03,ENERGICON S.A.,0
2022,3,2022-03,EXXONMOBIL EXPLORATION AND PRODUCTION OFFSHORE ARGENTINA S.R.L.,0
2022,3,2022-03,EXXONMOBIL EXPLORATION ARGENTINA S.R.L.,874.937741935484
2022,3,2022-03,FOMICRUZ S.E.,1.13225806451613
2022,3,2022-03,GRECOIL y CIA. S.R.L.,1.9
2022,3,2022-03,HATTRICK ENERGY SAS,0
2022,3,2022-03,HIGH LUCK GROUP LTD. - SUCURSAL ARGENTINA,2
2022,3,2022-03,INGENIERIA ALPA S.A.,3.52774193548387
2022,3,2022-03,INGENIERIA SIMA S.A.,0
2022,3,2022-03,JUJUY HIDROCARBUROS SAU,8.55241935483871
2022,3,2022-03,KILWER S.A.,7.73345161290323
2022,3,2022-03,MADALENA ENERGY ARGENTINA SRL ,42.5648387096774
2022,3,2022-03,MEDANITO S.A.,37.1345161290323
2022,3,2022-03,OILSTONE ENERGIA S.A.,976.077129032258
2022,3,2022-03,PAMPA ENERGIA S.A.,8089.16387096774
2022,3,2022-03,PAMPETROL S.A.P.E.M,6.74032258064516
2022,3,2022-03,PAN AMERICAN ENERGY SL,14649.8693548387
2022,3,2022-03,PETROFARO S.A.,28.951935483871
2022,3,2022-03,PETROLEOS SUDAMERICANOS S.A.,146.749967741935
2022,3,2022-03,Petrolera Aconcagua Energia S.A.,23.6128387096774
2022,3,2022-03,PETROLERA DEL COMAHUE S.A.,0
2022,3,2022-03,PETROLERA EL TREBOL S.A.,31.8838709677419
2022,3,2022-03,PETROLERA PAMPA S.A. ,0
2022,3,2022-03,PETROLERA SAN MIGUEL S.A.,0
2022,3,2022-03,PETROMINERA CHUBUT S.E.,0
2022,3,2022-03,PETROQUIMICA COMODORO RIVADAVIA S.A.,729.14935483871
2022,3,2022-03,Pilgrim Energy S.A.,22.3010612903226
2022,3,2022-03,PLUSPETROL ENERGY S.A.,1079.21667741935
2022,3,2022-03,PLUSPETROL S.A.,5174.62833320518
2022,3,2022-03,PRESIDENT PETROLEUM S.A.,113.873570967742
2022,3,2022-03,QUINTANA E&P ARGENTINA S.R.L.,1.166
2022,3,2022-03,RECURSOS Y ENERGIA FORMOSA S.A.,33.5032258064516
2022,3,2022-03,ROCH S.A.,383.534516129032
2022,3,2022-03,SAN JORGE PETROLEUM S.A.,0
2022,3,2022-03,SELVA MARIA OIL S.A.,291.694774193548
2022,3,2022-03,SHELL ARGENTINA S.A.,791.060322580645
2022,3,2022-03,"SINOPEC ARGENTINA EXPLORATION AND PRODUCTION, INC.",994.118064516129
2022,3,2022-03,TECPETROL S.A.,17378.8749677419
2022,3,2022-03,TOTAL AUSTRAL S.A.,25266.0500967742
2022,3,2022-03,VENOIL S.A.,36.4970967741936
2022,3,2022-03,VISTA OIL & GAS ARGENTINA SAU,1411.32596774194
2022,3,2022-03,YPF S.A.,37493.014516129
2022,4,2022-04,ALIANZA PETROLERA ARGENTINA S.A.,2.69286666666667
2022,4,2022-04,ARGENTA ENERGIA S.A.,0
2022,4,2022-04,CAPETROL ARGENTINA S.A.,70.657
2022,4,2022-04,CAPETROL S.A.,0
2022,4,2022-04,CAPEX S.A.,1626.45666666667
2022,4,2022-04,CHEVRON ARGENTINA S.R.L.,175.906
2022,4,2022-04,COLHUE HUAPI S.A.,2.99
2022,4,2022-04,COMPAÑÍA GENERAL DE COMBUSTIBLES S.A.,4355.37789326667
2022,4,2022-04,COMPAÑÍAS ASOCIADAS PETROLERAS S.A.,98.139
2022,4,2022-04,COPESA CIA CONSTRUCTORA PETROLERA SA,0
2022,4,2022-04,"CRI HOLDING, INC.",0
2022,4,2022-04,CROWN POINT ENERGIA S.A.,0
2022,4,2022-04,ENAP SIPETROL ARGENTINA S.A.,2815.975
2022,4,2022-04,ENERGIA COMPAÑIA PETROLERA S.A.,0.3
2022,4,2022-04,ENERGICON S.A.,0
2022,4,2022-04,EXXONMOBIL EXPLORATION AND PRODUCTION OFFSHORE ARGENTINA S.R.L.,0
2022,4,2022-04,EXXONMOBIL EXPLORATION ARGENTINA S.R.L.,792.328333333333
2022,4,2022-04,FOMICRUZ S.E.,1.06666666666667
2022,4,2022-04,GRECOIL y CIA. S.R.L.,1.9
2022,4,2022-04,HATTRICK ENERGY SAS,0
2022,4,2022-04,HIGH LUCK GROUP LTD. - SUCURSAL ARGENTINA,1.9758
2022,4,2022-04,INGENIERIA ALPA S.A.,3.52533333333333
2022,4,2022-04,INGENIERIA SIMA S.A.,0
2022,4,2022-04,JUJUY HIDROCARBUROS SAU,8.498
2022,4,2022-04,KILWER S.A.,4.76053333333333
2022,4,2022-04,MADALENA ENERGY ARGENTINA SRL ,44.4513333333333
2022,4,2022-04,MEDANITO S.A.,36.7428333333333
2022,4,2022-04,OILSTONE ENERGIA S.A.,966.914266666667
2022,4,2022-04,PAMPA ENERGIA S.A.,7994.38966666667
2022,4,2022-04,PAMPETROL S.A.P.E.M,6.05466666666667
2022,4,2022-04,PAN AMERICAN ENERGY SL,14448.686
2022,4,2022-04,PETROFARO S.A.,28.6016666666667
2022,4,2022-04,PETROLEOS SUDAMERICANOS S.A.,143.861333333333
2022,4,2022-04,Petrolera Aconcagua Energia S.A.,21.4288
2022,4,2022-04,PETROLERA DEL COMAHUE S.A.,0
2022,4,2022-04,PETROLERA EL TREBOL S.A.,32.3133333333333
2022,4,2022-04,PETROLERA PAMPA S.A. ,0
2022,4,2022-04,PETROLERA SAN MIGUEL S.A.,0
2022,4,2022-04,PETROMINERA CHUBUT S.E.,0
2022,4,2022-04,PETROQUIMICA COMODORO RIVADAVIA S.A.,744.924
2022,4,2022-04,Pilgrim Energy S.A.,21.5410693333333
2022,4,2022-04,PLUSPETROL ENERGY S.A.,1070.78376666667
2022,4,2022-04,PLUSPETROL S.A.,5225.03097015971
2022,4,2022-04,PRESIDENT PETROLEUM S.A.,114.411286666667
2022,4,2022-04,QUINTANA E&P ARGENTINA S.R.L.,1.2115
2022,4,2022-04,RECURSOS Y ENERGIA FORMOSA S.A.,22.3733333333333
2022,4,2022-04,ROCH S.A.,361.203133333333
2022,4,2022-04,SAN JORGE PETROLEUM S.A.,0
2022,4,2022-04,SELVA MARIA OIL S.A.,234.278466666667
2022,4,2022-04,SHELL ARGENTINA S.A.,817.540333333333
2022,4,2022-04,"SINOPEC ARGENTINA EXPLORATION AND PRODUCTION, INC.",1018.19966666667
2022,4,2022-04,TECPETROL S.A.,17985.5949666667
2022,4,2022-04,TOTAL AUSTRAL S.A.,27971.0992666667
2022,4,2022-04,VENOIL S.A.,27.1016666666667
2022,4,2022-04,VISTA OIL & GAS ARGENTINA SAU,1387.11066666667
2022,4,2022-04,YPF S.A.,36685.653
2022,5,2022-05,ALIANZA PETROLERA ARGENTINA S.A.,2.92076935483871
2022,5,2022-05,ARGENTA ENERGIA S.A.,0
2022,5,2022-05,CAPETROL ARGENTINA S.A.,55.9129032258065
2022,5,2022-05,CAPETROL S.A.,0
2022,5,2022-05,CAPEX S.A.,1689.43935483871
2022,5,2022-05,CHEVRON ARGENTINA S.R.L.,218.503870967742
2022,5,2022-05,COLHUE HUAPI S.A.,3.11290322580645
2022,5,2022-05,COMPAÑÍA GENERAL DE COMBUSTIBLES S.A.,4309.30933819355
2022,5,2022-05,COMPAÑÍAS ASOCIADAS PETROLERAS S.A.,92.2122580645161
2022,5,2022-05,COPESA CIA CONSTRUCTORA PETROLERA SA,0
2022,5,2022-05,"CRI HOLDING, INC.",0
2022,5,2022-05,CROWN POINT ENERGIA S.A.,0
2022,5,2022-05,ENAP SIPETROL ARGENTINA S.A.,2872.42419354839
2022,5,2022-05,ENERGIA COMPAÑIA PETROLERA S.A.,0.305483870967742
2022,5,2022-05,ENERGICON S.A.,0
2022,5,2022-05,EXXONMOBIL EXPLORATION AND PRODUCTION OFFSHORE ARGENTINA S.R.L.,0
2022,5,2022-05,EXXONMOBIL EXPLORATION ARGENTINA S.R.L.,776.545483870968
2022,5,2022-05,FOMICRUZ S.E.,1.65483870967742
2022,5,2022-05,GRECOIL y CIA. S.R.L.,9.37496774193549
2022,5,2022-05,HATTRICK ENERGY SAS,0
2022,5,2022-05,HIGH LUCK GROUP LTD. - SUCURSAL ARGENTINA,2.52603225806452
2022,5,2022-05,INGENIERIA ALPA S.A.,3.57935483870968
2022,5,2022-05,INGENIERIA SIMA S.A.,0
2022,5,2022-05,INTEROIL ARGENTINA S A,306.354258064516
2022,5,2022-05,JUJUY HIDROCARBUROS SAU,8.56064516129032
2022,5,2022-05,KILWER S.A.,4.39816129032258
2022,5,2022-05,MADALENA ENERGY ARGENTINA SRL ,40.7354838709677
2022,5,2022-05,MEDANITO S.A.,37.2596774193548
2022,5,2022-05,OILSTONE ENERGIA S.A.,968.978032258064
2022,5,2022-05,PAMPA ENERGIA S.A.,9603.85935483871
2022,5,2022-05,PAMPETROL S.A.P.E.M,5.83
2022,5,2022-05,PAN AMERICAN ENERGY SL,16010.2103225806
2022,5,2022-05,PETROFARO S.A.,27.9425806451613
2022,5,2022-05,PETROLEOS SUDAMERICANOS S.A.,134.595774193548
2022,5,2022-05,Petrolera Aconcagua Energia S.A.,24.8950322580645
2022,5,2022-05,PETROLERA DEL COMAHUE S.A.,0
2022,5,2022-05,PETROLERA EL TREBOL S.A.,4
2022,5,2022-05,PETROLERA PAMPA S.A. ,0
2022,5,2022-05,PETROLERA SAN MIGUEL S.A.,0
2022,5,2022-05,PETROMINERA CHUBUT S.E.,0
2022,5,2022-05,PETROQUIMICA COMODORO RIVADAVIA S.A.,725.825483870968
2022,5,2022-05,Pilgrim Energy S.A.,20.9585483870968
2022,5,2022-05,PLUSPETROL ENERGY S.A.,1054.20309677419
2022,5,2022-05,PLUSPETROL S.A.,5884.79554838693
2022,5,2022-05,PRESIDENT PETROLEUM S.A.,110.106235483871
2022,5,2022-05,QUINTANA E&P ARGENTINA S.R.L.,1.19874193548387
2022,5,2022-05,RECURSOS Y ENERGIA FORMOSA S.A.,19.1290322580645
2022,5,2022-05,ROCH S.A.,373.615580645161
2022,5,2022-05,SAN JORGE PETROLEUM S.A.,0
2022,5,2022-05,SELVA MARIA OIL S.A.,307.887806451613
2022,5,2022-05,SHELL ARGENTINA S.A.,850.142580645161
2022,5,2022-05,"SINOPEC ARGENTINA EXPLORATION AND PRODUCTION, INC.",1108.24774193548
2022,5,2022-05,TECPETROL S.A.,20111.9408064516
2022,5,2022-05,TOTAL AUSTRAL S.A.,30691.1177741935
2022,5,2022-05,VENOIL S.A.,26.6212903225806
2022,5,2022-05,VISTA ENERGY ARGENTINA SAU,1381.69777419355
2022,5,2022-05,YPF S.A.,36460.4564516129
2022,6,2022-06,ALIANZA PETROLERA ARGENTINA S.A.,3.13346833333333
2022,6,2022-06,ARGENTA ENERGIA S.A.,0
2022,6,2022-06,CAPETROL ARGENTINA S.A.,59.227
2022,6,2022-06,CAPETROL S.A.,0
2022,6,2022-06,CAPEX S.A.,1797.373
2022,6,2022-06,CHEVRON ARGENTINA S.R.L.,256.579333333333
2022,6,2022-06,COLHUE HUAPI S.A.,2.96666666666667
2022,6,2022-06,COMPAÑÍA GENERAL DE COMBUSTIBLES S.A.,4292.0925978
2022,6,2022-06,COMPAÑÍAS ASOCIADAS PETROLERAS S.A.,93.0386666666667
2022,6,2022-06,COPESA CIA CONSTRUCTORA PETROLERA SA,0
2022,6,2022-06,"CRI HOLDING, INC.",0
2022,6,2022-06,CROWN POINT ENERGIA S.A.,0
2022,6,2022-06,ENAP SIPETROL ARGENTINA S.A.,2943.436
2022,6,2022-06,ENERGIA COMPAÑIA PETROLERA S.A.,0.307333333333333
2022,6,2022-06,ENERGICON S.A.,0
2022,6,2022-06,EXXONMOBIL EXPLORATION AND PRODUCTION OFFSHORE ARGENTINA S.R.L.,0
2022,6,2022-06,EXXONMOBIL EXPLORATION ARGENTINA S.R.L.,789.507
2022,6,2022-06,FOMICRUZ S.E.,1.51333333333333
2022,6,2022-06,GRECOIL y CIA. S.R.L.,3.07166666666667
2022,6,2022-06,HATTRICK ENERGY SAS,0
2022,6,2022-06,HIGH LUCK GROUP LTD. - SUCURSAL ARGENTINA,1.82573333333333
2022,6,2022-06,INGENIERIA ALPA S.A.,3.50933333333333
2022,6,2022-06,INGENIERIA SIMA S.A.,0
2022,6,2022-06,INTEROIL ARGENTINA S A,279.696033333333
2022,6,2022-06,JUJUY HIDROCARBUROS SAU,8.43466666666667
2022,6,2022-06,KILWER S.A.,3.2953
2022,6,2022-06,MADALENA ENERGY ARGENTINA SRL ,35.8363333333333
2022,6,2022-06,MEDANITO S.A.,37.6236
2022,6,2022-06,OILSTONE ENERGIA S.A.,956.1409
2022,6,2022-06,PAMPA ENERGIA S.A.,10486.4446666667
2022,6,2022-06,PAMPETROL S.A.P.E.M,5.61566666666667
2022,6,2022-06,PAN AMERICAN ENERGY SL,17105.126
2022,6,2022-06,PETROFARO S.A.,27.8113333333333
2022,6,2022-06,PETROLEOS SUDAMERICANOS S.A.,139.852266666667
2022,6,2022-06,Petrolera Aconcagua Energia S.A.,25.7673333333333
2022,6,2022-06,PETROLERA DEL COMAHUE S.A.,0
2022,6,2022-06,PETROLERA EL TREBOL S.A.,4
2022,6,2022-06,PETROLERA PAMPA S.A. ,0
2022,6,2022-06,PETROLERA SAN MIGUEL S.A.,0
2022,6,2022-06,PETROMINERA CHUBUT S.E.,0
2022,6,2022-06,PETROQUIMICA COMODORO RIVADAVIA S.A.,737.416
2022,6,2022-06,Pilgrim Energy S.A.,20.5663866666667
2022,6,2022-06,PLUSPETROL ENERGY S.A.,1061.74913333333
2022,6,2022-06,PLUSPETROL S.A.,5692.11796666611
2022,6,2022-06,PRESIDENT PETROLEUM S.A.,109.783396666667
2022,6,2022-06,QUINTANA E&P ARGENTINA S.R.L.,3.17823333333333
2022,6,2022-06,RECURSOS Y ENERGIA FORMOSA S.A.,18.0233333333333
2022,6,2022-06,ROCH S.A.,350.1506
2022,6,2022-06,SAN JORGE PETROLEUM S.A.,0
2022,6,2022-06,SELVA MARIA OIL S.A.,281.281033333333
2022,6,2022-06,SHELL ARGENTINA S.A.,851.955
2022,6,2022-06,"SINOPEC ARGENTINA EXPLORATION AND PRODUCTION, INC.",1069.46633333333
2022,6,2022-06,TECPETROL S.A.,20638.1155666667
2022,6,2022-06,TOTAL AUSTRAL S.A.,30548.1701333333
2022,6,2022-06,VENOIL S.A.,17.0023333333333
2022,6,2022-06,VISTA ENERGY ARGENTINA SAU,1435.56433333333
2022,6,2022-06,YPF S.A.,37553.3753333333
2022,7,2022-07,ALIANZA PETROLERA ARGENTINA S.A.,3.03794935483871
2022,7,2022-07,ARGENTA ENERGIA S.A.,0
2022,7,2022-07,CAPETROL ARGENTINA S.A.,57.6787096774194
2022,7,2022-07,CAPETROL S.A.,0
2022,7,2022-07,CAPEX S.A.,1796.45903225806
2022,7,2022-07,CHEVRON ARGENTINA S.R.L.,294.149677419355
2022,7,2022-07,COLHUE HUAPI S.A.,2.96129032258065
2022,7,2022-07,COMPAÑÍA GENERAL DE COMBUSTIBLES S.A.,4177.56411867742
2022,7,2022-07,COMPAÑÍAS ASOCIADAS PETROLERAS S.A.,106.362258064516
2022,7,2022-07,COPESA CIA CONSTRUCTORA PETROLERA SA,0
2022,7,2022-07,"CRI HOLDING, INC.",0
2022,7,2022-07,CROWN POINT ENERGIA S.A.,0
2022,7,2022-07,ENAP SIPETROL ARGENTINA S.A.,2899.17096774194
2022,7,2022-07,ENERGIA COMPAÑIA PETROLERA S.A.,0.315161290322581
2022,7,2022-07,ENERGICON S.A.,0
2022,7,2022-07,EXXONMOBIL EXPLORATION AND PRODUCTION OFFSHORE ARGENTINA S.R.L.,0
2022,7,2022-07,EXXONMOBIL EXPLORATION ARGENTINA S.R.L.,809.384516129032
2022,7,2022-07,FOMICRUZ S.E.,1.5
2022,7,2022-07,GRECOIL y CIA. S.R.L.,2.51645161290323
2022,7,2022-07,HATTRICK ENERGY SAS,0
2022,7,2022-07,HIGH LUCK GROUP LTD. - SUCURSAL ARGENTINA,1.67261290322581
2022,7,2022-07,INGENIERIA ALPA S.A.,3.17290322580645
2022,7,2022-07,INGENIERIA SIMA S.A.,0
2022,7,2022-07,INTEROIL ARGENTINA S A,284.256580645161
2022,7,2022-07,JUJUY HIDROCARBUROS SAU,8.35274193548387
2022,7,2022-07,KILWER S.A.,30.8056774193548
2022,7,2022-07,MADALENA ENERGY ARGENTINA SRL ,39.2870967741936
2022,7,2022-07,MEDANITO S.A.,40.3787096774194
2022,7,2022-07,OILSTONE ENERGIA S.A.,959.710064516129
2022,7,2022-07,PAMPA ENERGIA S.A.,10414.3267741935
2022,7,2022-07,PAMPETROL S.A.P.E.M,5.34032258064516
2022,7,2022-07,PAN AMERICAN ENERGY SL,17415.4029032258
2022,7,2022-07,PETROFARO S.A.,28.7258064516129
2022,7,2022-07,PETROLEOS SUDAMERICANOS S.A.,143.198935483871
2022,7,2022-07,Petrolera Aconcagua Energia S.A.,24.1243870967742
2022,7,2022-07,PETROLERA DEL COMAHUE S.A.,0
2022,7,2022-07,PETROLERA EL TREBOL S.A.,30.2064516129032
2022,7,2022-07,PETROLERA PAMPA S.A. ,0
2022,7,2022-07,PETROLERA SAN MIGUEL S.A.,0
2022,7,2022-07,PETROMINERA CHUBUT S.E.,0
2022,7,2022-07,PETROQUIMICA COMODORO RIVADAVIA S.A.,769.645806451613
2022,7,2022-07,Pilgrim Energy S.A.,18.2892580645161
2022,7,2022-07,PLUSPETROL ENERGY S.A.,1064.96877419355
2022,7,2022-07,PLUSPETROL S.A.,5729.71425806457
2022,7,2022-07,PRESIDENT PETROLEUM S.A.,103.716506451613
2022,7,2022-07,QUINTANA E&P ARGENTINA S.R.L.,5.19574193548387
2022,7,2022-07,RECURSOS Y ENERGIA FORMOSA S.A.,19.5290322580645
2022,7,2022-07,ROCH S.A.,332.777935483871
2022,7,2022-07,SAN JORGE PETROLEUM S.A.,0
2022,7,2022-07,SELVA MARIA OIL S.A.,285.90464516129
2022,7,2022-07,SHELL ARGENTINA S.A.,813.109032258065
2022,7,2022-07,"SINOPEC ARGENTINA EXPLORATION AND PRODUCTION, INC.",1095.44709677419
2022,7,2022-07,TECPETROL S.A.,20763.1700645161
2022,7,2022-07,TOTAL AUSTRAL S.A.,30732.4378709677
2022,7,2022-07,VENOIL S.A.,14.8
2022,7,2022-07,VISTA ENERGY ARGENTINA SAU,1476.57
2022,7,2022-07,YPF S.A.,37670.3406451613
2022,8,2022-08,ALIANZA PETROLERA ARGENTINA S.A.,2.49596064516129
2022,8,2022-08,ARGENTA ENERGIA S.A.,0
2022,8,2022-08,CAPETROL ARGENTINA S.A.,56.2170967741935
2022,8,2022-08,CAPETROL S.A.,0
2022,8,2022-08,CAPEX S.A.,1808.60741935484
2022,8,2022-08,CHEVRON ARGENTINA S.R.L.,294.985161290323
2022,8,2022-08,COLHUE HUAPI S.A.,2.91612903225806
2022,8,2022-08,COMPAÑÍA GENERAL DE COMBUSTIBLES S.A.,4436.34601454839
2022,8,2022-08,COMPAÑÍAS ASOCIADAS PETROLERAS S.A.,125.392258064516
2022,8,2022-08,COPESA CIA CONSTRUCTORA PETROLERA SA,0
2022,8,2022-08,"CRI HOLDING, INC.",0
2022,8,2022-08,CROWN POINT ENERGIA S.A.,0
2022,8,2022-08,ENAP SIPETROL ARGENTINA S.A.,2861.77032258065
2022,8,2022-08,ENERGIA COMPAÑIA PETROLERA S.A.,0.351612903225806
2022,8,2022-08,ENERGICON S.A.,0
2022,8,2022-08,EXXONMOBIL EXPLORATION AND PRODUCTION OFFSHORE ARGENTINA S.R.L.,0
2022,8,2022-08,EXXONMOBIL EXPLORATION ARGENTINA S.R.L.,796.341935483871
2022,8,2022-08,FOMICRUZ S.E.,1.5
2022,8,2022-08,GRECOIL y CIA. S.R.L.,2.31064516129032
2022,8,2022-08,HATTRICK ENERGY SAS,0
2022,8,2022-08,HIGH LUCK GROUP LTD. - SUCURSAL ARGENTINA,1.51096774193548
2022,8,2022-08,INGENIERIA ALPA S.A.,3.1741935483871
2022,8,2022-08,INGENIERIA SIMA S.A.,0
2022,8,2022-08,INTEROIL ARGENTINA S A,283.489838709677
2022,8,2022-08,JUJUY HIDROCARBUROS SAU,8.01612903225806
2022,8,2022-08,KILWER S.A.,53.1964516129032
2022,8,2022-08,MADALENA ENERGY ARGENTINA SRL ,45.8867741935484
2022,8,2022-08,MEDANITO S.A.,39.0164516129032
2022,8,2022-08,OILSTONE ENERGIA S.A.,943.30035483871
2022,8,2022-08,PAMPA ENERGIA S.A.,10216.4912903226
2022,8,2022-08,PAMPETROL S.A.P.E.M,5.5058064516129
2022,8,2022-08,PAN AMERICAN ENERGY SL,18217.3093548387
2022,8,2022-08,PETROFARO S.A.,27.6254838709677
2022,8,2022-08,PETROLEOS SUDAMERICANOS S.A.,140.548451612903
2022,8,2022-08,Petrolera Aconcagua Energia S.A.,23.9666129032258
2022,8,2022-08,PETROLERA DEL COMAHUE S.A.,0
2022,8,2022-08,PETROLERA EL TREBOL S.A.,28.4861290322581
2022,8,2022-08,PETROLERA PAMPA S.A. ,0
2022,8,2022-08,PETROLERA SAN MIGUEL S.A.,0
2022,8,2022-08,PETROMINERA CHUBUT S.E.,0
2022,8,2022-08,PETROQUIMICA COMODORO RIVADAVIA S.A.,774.914838709677
2022,8,2022-08,Pilgrim Energy S.A.,18.6868
2022,8,2022-08,PLUSPETROL ENERGY S.A.,1049.07367741935
2022,8,2022-08,PLUSPETROL S.A.,5930.74632258086
2022,8,2022-08,PRESIDENT PETROLEUM S.A.,111.595235483871
2022,8,2022-08,QUINTANA E&P ARGENTINA S.R.L.,5.93451612903226
2022,8,2022-08,RECURSOS Y ENERGIA FORMOSA S.A.,17.8548387096774
2022,8,2022-08,ROCH S.A.,353.811483870968
2022,8,2022-08,SAN JORGE PETROLEUM S.A.,0
2022,8,2022-08,SELVA MARIA OIL S.A.,285.104032258065
2022,8,2022-08,SHELL ARGENTINA S.A.,735.62
2022,8,2022-08,"SINOPEC ARGENTINA EXPLORATION AND PRODUCTION, INC.",1248.50451612903
2022,8,2022-08,TECPETROL S.A.,20521.7348387097
2022,8,2022-08,TOTAL AUSTRAL S.A.,31444.1270967742
2022,8,2022-08,VENOIL S.A.,14.8
2022,8,2022-08,VISTA ENERGY ARGENTINA SAU,1525.02774193548
2022,8,2022-08,YPF S.A.,37314.3077419355
2022,9,2022-09,ALIANZA PETROLERA ARGENTINA S.A.,2.73687366666667
2022,9,2022-09,ARGENTA ENERGIA S.A.,0
2022,9,2022-09,CAPETROL ARGENTINA S.A.,56.2843333333333
2022,9,2022-09,CAPETROL S.A.,0
2022,9,2022-09,CAPEX S.A.,1825.86466666667
2022,9,2022-09,CHEVRON ARGENTINA S.R.L.,291.8
2022,9,2022-09,COLHUE HUAPI S.A.,2.86666666666667
2022,9,2022-09,COMPAÑÍA GENERAL DE COMBUSTIBLES S.A.,4488.17948413333
2022,9,2022-09,COMPAÑÍAS ASOCIADAS PETROLERAS S.A.,133.386
2022,9,2022-09,COPESA CIA CONSTRUCTORA PETROLERA SA,0
2022,9,2022-09,"CRI HOLDING, INC.",0
2022,9,2022-09,CROWN POINT ENERGIA S.A.,0
2022,9,2022-09,ENAP SIPETROL ARGENTINA S.A.,2956.70866666667
2022,9,2022-09,ENERGIA COMPAÑIA PETROLERA S.A.,0.36
2022,9,2022-09,ENERGICON S.A.,0
2022,9,2022-09,EXXONMOBIL EXPLORATION AND PRODUCTION OFFSHORE ARGENTINA S.R.L.,0
2022,9,2022-09,EXXONMOBIL EXPLORATION ARGENTINA S.R.L.,886.023666666667
2022,9,2022-09,FOMICRUZ S.E.,1.5
2022,9,2022-09,GRECOIL y CIA. S.R.L.,3.2094
2022,9,2022-09,HATTRICK ENERGY SAS,0
2022,9,2022-09,HIGH LUCK GROUP LTD. - SUCURSAL ARGENTINA,1.70893333333333
2022,9,2022-09,INGENIERIA ALPA S.A.,3.51966666666667
2022,9,2022-09,INGENIERIA SIMA S.A.,0
2022,9,2022-09,INTEROIL ARGENTINA S A,269.0304
2022,9,2022-09,JUJUY HIDROCARBUROS SAU,8.112
2022,9,2022-09,KILWER S.A.,39.2073333333333
2022,9,2022-09,MADALENA ENERGY ARGENTINA SRL ,43.0483333333333
2022,9,2022-09,MEDANITO S.A.,38.4179333333333
2022,9,2022-09,OILSTONE ENERGIA S.A.,942.485233333333
2022,9,2022-09,PAMPA ENERGIA S.A.,9000.72666666667
2022,9,2022-09,PAMPETROL S.A.P.E.M,6.088
2022,9,2022-09,PAN AMERICAN ENERGY SL,17648.908
2022,9,2022-09,PETROFARO S.A.,25.9403333333333
2022,9,2022-09,PETROLEOS SUDAMERICANOS S.A.,142.309
2022,9,2022-09,Petrolera Aconcagua Energia S.A.,24.0732333333333
2022,9,2022-09,PETROLERA DEL COMAHUE S.A.,0
2022,9,2022-09,PETROLERA EL TREBOL S.A.,29.4351333333333
2022,9,2022-09,PETROLERA PAMPA S.A. ,0
2022,9,2022-09,PETROLERA SAN MIGUEL S.A.,0
2022,9,2022-09,PETROMINERA CHUBUT S.E.,0
2022,9,2022-09,PETROQUIMICA COMODORO RIVADAVIA S.A.,772.017666666667
2022,9,2022-09,Pilgrim Energy S.A.,18.1538333333333
2022,9,2022-09,PLUSPETROL ENERGY S.A.,1056.0955
2022,9,2022-09,PLUSPETROL S.A.,5784.55893333333
2022,9,2022-09,PRESIDENT PETROLEUM S.A.,101.036696666667
2022,9,2022-09,QUINTANA E&P ARGENTINA S.R.L.,3.66666666666667
2022,9,2022-09,RECURSOS Y ENERGIA FORMOSA S.A.,17.6833333333333
2022,9,2022-09,ROCH S.A.,334.6134
2022,9,2022-09,SAN JORGE PETROLEUM S.A.,0
2022,9,2022-09,SELVA MARIA OIL S.A.,270.6484
2022,9,2022-09,SHELL ARGENTINA S.A.,714.191333333333
2022,9,2022-09,"SINOPEC ARGENTINA EXPLORATION AND PRODUCTION, INC.",1358.62333333333
2022,9,2022-09,TECPETROL S.A.,19518.8139
2022,9,2022-09,TOTAL AUSTRAL S.A.,31577.2516
2022,9,2022-09,VENOIL S.A.,11.16
2022,9,2022-09,VISTA ENERGY ARGENTINA SAU,1552.34433333333
2022,9,2022-09,YPF S.A.,34385.1386666667
2022,10,2022-10,ALIANZA PETROLERA ARGENTINA S.A.,2.57685161290323
2022,10,2022-10,ARGENTA ENERGIA S.A.,0
2022,10,2022-10,CAPETROL ARGENTINA S.A.,12.8387096774194
2022,10,2022-10,CAPETROL S.A.,0
2022,10,2022-10,CAPEX S.A.,1850.99548387097
2022,10,2022-10,CGC ENERGIA SAU,1503.37419354839
2022,10,2022-10,CHEVRON ARGENTINA S.R.L.,272.852258064516
2022,10,2022-10,COLHUE HUAPI S.A.,2.63548387096774
2022,10,2022-10,COMPAÑÍA GENERAL DE COMBUSTIBLES S.A.,4496.99680083871
2022,10,2022-10,COMPAÑÍAS ASOCIADAS PETROLERAS S.A.,114.675806451613
2022,10,2022-10,COPESA CIA CONSTRUCTORA PETROLERA SA,0
2022,10,2022-10,"CRI HOLDING, INC.",0
2022,10,2022-10,CROWN POINT ENERGIA S.A.,0
2022,10,2022-10,ENAP SIPETROL ARGENTINA S.A.,2916.42322580645
2022,10,2022-10,ENERGIA COMPAÑIA PETROLERA S.A.,0.391935483870968
2022,10,2022-10,ENERGICON S.A.,0
2022,10,2022-10,EXXONMOBIL EXPLORATION AND PRODUCTION OFFSHORE ARGENTINA S.R.L.,0
2022,10,2022-10,EXXONMOBIL EXPLORATION ARGENTINA S.R.L.,708.02064516129
2022,10,2022-10,FOMICRUZ S.E.,1.5
2022,10,2022-10,GRECOIL y CIA. S.R.L.,3.87990322580645
2022,10,2022-10,HATTRICK ENERGY SAS,0
2022,10,2022-10,HIGH LUCK GROUP LTD. - SUCURSAL ARGENTINA,2.53503225806452
2022,10,2022-10,INGENIERIA ALPA S.A.,3.19516129032258
2022,10,2022-10,INGENIERIA SIMA S.A.,0
2022,10,2022-10,INTEROIL ARGENTINA S A,310.881516129032
2022,10,2022-10,JUJUY HIDROCARBUROS SAU,8.19
2022,10,2022-10,KILWER S.A.,38.6179677419355
2022,10,2022-10,MADALENA ENERGY ARGENTINA SRL ,42.108064516129
2022,10,2022-10,MEDANITO S.A.,39.7048064516129
2022,10,2022-10,OILSTONE ENERGIA S.A.,946.35464516129
2022,10,2022-10,PAMPA ENERGIA S.A.,8961.85838709677
2022,10,2022-10,PAMPETROL S.A.P.E.M,5.80161290322581
2022,10,2022-10,PAN AMERICAN ENERGY SL,16971.9509677419
2022,10,2022-10,PATAGONIA ENERGY S.A.,39.8935483870968
2022,10,2022-10,PETROFARO S.A.,25.1638709677419
2022,10,2022-10,PETROLEOS SUDAMERICANOS S.A.,139.812290322581
2022,10,2022-10,Petrolera Aconcagua Energia S.A.,23.3491612903226
2022,10,2022-10,PETROLERA DEL COMAHUE S.A.,0
2022,10,2022-10,PETROLERA EL TREBOL S.A.,35.3709032258065
2022,10,2022-10,PETROLERA PAMPA S.A. ,0
2022,10,2022-10,PETROLERA SAN MIGUEL S.A.,0
2022,10,2022-10,PETROMINERA CHUBUT S.E.,0
2022,10,2022-10,PETROQUIMICA COMODORO RIVADAVIA S.A.,784.193870967742
2022,10,2022-10,Pilgrim Energy S.A.,18.6311548387097
2022,10,2022-10,PLUSPETROL ENERGY S.A.,1031.84893548387
2022,10,2022-10,PLUSPETROL S.A.,5684.14687096581
2022,10,2022-10,PRESIDENT PETROLEUM S.A.,94.7233258064516
2022,10,2022-10,QUINTANA E&P ARGENTINA S.R.L.,3.22806451612903
2022,10,2022-10,RECURSOS Y ENERGIA FORMOSA S.A.,17.9193548387097
2022,10,2022-10,ROCH S.A.,316.799806451613
2022,10,2022-10,SAN JORGE PETROLEUM S.A.,0
2022,10,2022-10,SELVA MARIA OIL S.A.,312.230870967742
2022,10,2022-10,SHELL ARGENTINA S.A.,742.966129032258
2022,10,2022-10,TECPETROL S.A.,16561.2618387097
2022,10,2022-10,TOTAL AUSTRAL S.A.,31026.4940322581
2022,10,2022-10,VENOIL S.A.,12.6387096774194
2022,10,2022-10,VISTA ENERGY ARGENTINA SAU,1584.91774193548
2022,10,2022-10,YPF S.A.,35307.1577419355
2022,11,2022-11,ALIANZA PETROLERA ARGENTINA S.A.,2.66274666666667
2022,11,2022-11,ARGENTA ENERGIA S.A.,0
2022,11,2022-11,CAPETROL ARGENTINA S.A.,11.8333333333333
2022,11,2022-11,CAPETROL S.A.,0
2022,11,2022-11,CAPEX S.A.,1803.20666666667
2022,11,2022-11,CGC ENERGIA SAU,1524.96533333333
2022,11,2022-11,CHEVRON ARGENTINA S.R.L.,271.483333333333
2022,11,2022-11,COLHUE HUAPI S.A.,2.56666666666667
2022,11,2022-11,COMPAÑÍA GENERAL DE COMBUSTIBLES S.A.,4291.09544666667
2022,11,2022-11,COMPAÑÍAS ASOCIADAS PETROLERAS S.A.,101.902333333333
2022,11,2022-11,COPESA CIA CONSTRUCTORA PETROLERA SA,0
2022,11,2022-11,"CRI HOLDING, INC.",0
2022,11,2022-11,CROWN POINT ENERGIA S.A.,0
2022,11,2022-11,ENAP SIPETROL ARGENTINA S.A.,2564.34833333333
2022,11,2022-11,ENERGIA COMPAÑIA PETROLERA S.A.,0.55
2022,11,2022-11,ENERGICON S.A.,0
2022,11,2022-11,EXXONMOBIL EXPLORATION AND PRODUCTION OFFSHORE ARGENTINA S.R.L.,0
2022,11,2022-11,EXXONMOBIL EXPLORATION ARGENTINA S.R.L.,881.59
2022,11,2022-11,FOMICRUZ S.E.,1.5
2022,11,2022-11,GRECOIL y CIA. S.R.L.,4.15953333333333
2022,11,2022-11,HATTRICK ENERGY SAS,0
2022,11,2022-11,HIGH LUCK GROUP LTD. - SUCURSAL ARGENTINA,2.52036666666667
2022,11,2022-11,INGENIERIA ALPA S.A.,3.692
2022,11,2022-11,INGENIERIA SIMA S.A.,0
2022,11,2022-11,INTEROIL ARGENTINA S A,293.029933333333
2022,11,2022-11,JUJUY HIDROCARBUROS SAU,7.81533333333333
2022,11,2022-11,KILWER S.A.,0
2022,11,2022-11,MADALENA ENERGY ARGENTINA SRL ,39.1703333333333
2022,11,2022-11,MEDANITO S.A.,38.9415666666667
2022,11,2022-11,OILSTONE ENERGIA S.A.,925.464666666667
2022,11,2022-11,PAMPA ENERGIA S.A.,8464.946
2022,11,2022-11,PAMPETROL S.A.P.E.M,5.68066666666667
2022,11,2022-11,PAN AMERICAN ENERGY SL,16463.977
2022,11,2022-11,PATAGONIA ENERGY S.A.,47.026
2022,11,2022-11,PETROFARO S.A.,24.257
2022,11,2022-11,PETROLEOS SUDAMERICANOS S.A.,140.0457
2022,11,2022-11,Petrolera Aconcagua Energia S.A.,24.5494666666667
2022,11,2022-11,PETROLERA DEL COMAHUE S.A.,0
2022,11,2022-11,PETROLERA EL TREBOL S.A.,35.8333666666667
2022,11,2022-11,PETROLERA PAMPA S.A. ,0
2022,11,2022-11,PETROLERA SAN MIGUEL S.A.,0
2022,11,2022-11,PETROMINERA CHUBUT S.E.,0
2022,11,2022-11,PETROQUIMICA COMODORO RIVADAVIA S.A.,791.151
2022,11,2022-11,Pilgrim Energy S.A.,18.6788866666667
2022,11,2022-11,PLUSPETROL ENERGY S.A.,1022.91973333333
2022,11,2022-11,PLUSPETROL S.A.,5371.60403333333
2022,11,2022-11,PRESIDENT PETROLEUM S.A.,92.1592833333333
2022,11,2022-11,QUINTANA E&P ARGENTINA S.R.L.,4.713
2022,11,2022-11,RECURSOS Y ENERGIA FORMOSA S.A.,20.1333333333333
2022,11,2022-11,ROCH S.A.,332.943766666667
2022,11,2022-11,SAN JORGE PETROLEUM S.A.,0
2022,11,2022-11,SELVA MARIA OIL S.A.,294.4526
2022,11,2022-11,SHELL ARGENTINA S.A.,810.331333333333
2022,11,2022-11,TECPETROL S.A.,12648.1114333333
2022,11,2022-11,TOTAL AUSTRAL S.A.,31542.9235333333
2022,11,2022-11,VENOIL S.A.,10.833
2022,11,2022-11,VISTA ENERGY ARGENTINA SAU,1685.09933333333
2022,11,2022-11,YPF S.A.,34128.718
2022,12,2022-12,ALIANZA PETROLERA ARGENTINA S.A.,2.61602741935484
2022,12,2022-12,ARGENTA ENERGIA S.A.,0
2022,12,2022-12,CAPETROL ARGENTINA S.A.,13.3548387096774
2022,12,2022-12,CAPETROL S.A.,0
2022,12,2022-12,CAPEX S.A.,1744.33387096774
2022,12,2022-12,CGC ENERGIA SAU,1508.99516129032
2022,12,2022-12,CHEVRON ARGENTINA S.R.L.,257.420967741935
2022,12,2022-12,COLHUE HUAPI S.A.,2.83870967741935
2022,12,2022-12,COMPAÑÍA GENERAL DE COMBUSTIBLES S.A.,4234.07786577419
2022,12,2022-12,COMPAÑÍAS ASOCIADAS PETROLERAS S.A.,98.2374193548387
2022,12,2022-12,COPESA CIA CONSTRUCTORA PETROLERA SA,0
2022,12,2022-12,"CRI HOLDING, INC.",0
2022,12,2022-12,CROWN POINT ENERGIA S.A.,0
2022,12,2022-12,ENAP SIPETROL ARGENTINA S.A.,2771.93096774194
2022,12,2022-12,ENERGIA COMPAÑIA PETROLERA S.A.,0.419677419354839
2022,12,2022-12,ENERGICON S.A.,0
2022,12,2022-12,EXXONMOBIL EXPLORATION AND PRODUCTION OFFSHORE ARGENTINA S.R.L.,0
2022,12,2022-12,EXXONMOBIL EXPLORATION ARGENTINA S.R.L.,866.107741935484
2022,12,2022-12,FOMICRUZ S.E.,1.5
2022,12,2022-12,GRECOIL y CIA. S.R.L.,3.70048387096774
2022,12,2022-12,HATTRICK ENERGY SAS,0
2022,12,2022-12,HIGH LUCK GROUP LTD. - SUCURSAL ARGENTINA,2.36161290322581
2022,12,2022-12,INGENIERIA ALPA S.A.,3.81129032258065
2022,12,2022-12,INGENIERIA SIMA S.A.,0
2022,12,2022-12,INTEROIL ARGENTINA S A,286.819129032258
2022,12,2022-12,JUJUY HIDROCARBUROS SAU,7.76645161290323
2022,12,2022-12,KILWER S.A.,62.7151290322581
2022,12,2022-12,MADALENA ENERGY ARGENTINA SRL ,37.9241935483871
2022,12,2022-12,MEDANITO S.A.,5.65367741935484
2022,12,2022-12,OILSTONE ENERGIA S.A.,899.151064516129
2022,12,2022-12,PAMPA ENERGIA S.A.,8038.75096774194
2022,12,2022-12,PAMPETROL S.A.P.E.M,5.31612903225806
2022,12,2022-12,PAN AMERICAN ENERGY SL,16211.2677419355
2022,12,2022-12,PATAGONIA ENERGY S.A.,42.7841935483871
2022,12,2022-12,PETROFARO S.A.,24.5541935483871
2022,12,2022-12,PETROLEOS SUDAMERICANOS S.A.,135.696935483871
2022,12,2022-12,Petrolera Aconcagua Energia S.A.,25.6654838709677
2022,12,2022-12,PETROLERA DEL COMAHUE S.A.,0
2022,12,2022-12,PETROLERA EL TREBOL S.A.,38.2761612903226
2022,12,2022-12,PETROLERA PAMPA S.A. ,0
2022,12,2022-12,PETROLERA SAN MIGUEL S.A.,0
2022,12,2022-12,PETROLSUR ENERGIA S.A. ,34.8691935483871
2022,12,2022-12,PETROMINERA CHUBUT S.E.,0
2022,12,2022-12,PETROQUIMICA COMODORO RIVADAVIA S.A.,749.478064516129
2022,12,2022-12,Pilgrim Energy S.A.,18.4069064516129
2022,12,2022-12,PLUSPETROL ENERGY S.A.,1003.78796774194
2022,12,2022-12,PLUSPETROL S.A.,5529.26951612903
2022,12,2022-12,PRESIDENT PETROLEUM S.A.,89.0691032258064
2022,12,2022-12,QUINTANA E&P ARGENTINA S.R.L.,4.56483870967742
2022,12,2022-12,RECURSOS Y ENERGIA FORMOSA S.A.,22.7412903225806
2022,12,2022-12,ROCH S.A.,315.801806451613
2022,12,2022-12,SAN JORGE PETROLEUM S.A.,0
2022,12,2022-12,SELVA MARIA OIL S.A.,288.245258064516
2022,12,2022-12,SHELL ARGENTINA S.A.,753.185806451613
2022,12,2022-12,TECPETROL S.A.,16408.0693870968
2022,12,2022-12,TOTAL AUSTRAL S.A.,31248.8082258065
2022,12,2022-12,VENOIL S.A.,12.8
2022,12,2022-12,VISTA ENERGY ARGENTINA SAU,1608.7035483871
2022,12,2022-12,YPF S.A.,33619.5864516129
2023,1,2023-01,ALIANZA PETROLERA ARGENTINA S.A.,2.64549580645161
2023,1,2023-01,ARGENTA ENERGIA S.A.,0
2023,1,2023-01,CAPETROL ARGENTINA S.A.,13.3548387096774
2023,1,2023-01,CAPETROL S.A.,0
2023,1,2023-01,CAPEX S.A.,1775.90064516129
2023,1,2023-01,CGC ENERGIA SAU,1646.70032258065
2023,1,2023-01,CHEVRON ARGENTINA S.R.L.,237.368064516129
2023,1,2023-01,COLHUE HUAPI S.A.,3.18387096774194
2023,1,2023-01,COMPAÑÍA GENERAL DE COMBUSTIBLES S.A.,4161.96947996774
2023,1,2023-01,COMPAÑÍAS ASOCIADAS PETROLERAS S.A.,92.9635483870968
2023,1,2023-01,COPESA CIA CONSTRUCTORA PETROLERA SA,0
2023,1,2023-01,CROWN POINT ENERGIA S.A.,0
2023,1,2023-01,ENAP SIPETROL ARGENTINA S.A.,2745.4264516129
2023,1,2023-01,ENERGIA COMPAÑIA PETROLERA S.A.,0.333548387096774
2023,1,2023-01,ENERGICON S.A.,0
2023,1,2023-01,EXXONMOBIL EXPLORATION AND PRODUCTION OFFSHORE ARGENTINA S.R.L.,0
2023,1,2023-01,EXXONMOBIL EXPLORATION ARGENTINA S.R.L.,821.414516129032
2023,1,2023-01,FOMICRUZ S.E.,1.5
2023,1,2023-01,GRECOIL y CIA. S.R.L.,4.33793548387097
2023,1,2023-01,HATTRICK ENERGY SAS,0
2023,1,2023-01,HIGH LUCK GROUP LTD. - SUCURSAL ARGENTINA,2.49051612903226
2023,1,2023-01,INGENIERIA ALPA S.A.,3.59161290322581
2023,1,2023-01,INGENIERIA SIMA S.A.,0
2023,1,2023-01,INTEROIL ARGENTINA S A,209.576258064516
2023,1,2023-01,JUJUY HIDROCARBUROS SAU,7.93096774193548
2023,1,2023-01,KILWER S.A.,76.6406129032258
2023,1,2023-01,MADALENA ENERGY ARGENTINA SRL ,35.2067741935484
2023,1,2023-01,MEDANITO S.A.,5.1468064516129
2023,1,2023-01,OILSTONE ENERGIA S.A.,899.318387096774
2023,1,2023-01,PAMPA ENERGIA S.A.,8635.60774193548
2023,1,2023-01,PAMPETROL S.A.P.E.M,5.32709677419355
2023,1,2023-01,PAN AMERICAN ENERGY SL,15449.6835483871
2023,1,2023-01,PATAGONIA ENERGY S.A.,38.4158064516129
2023,1,2023-01,PETROFARO S.A.,24.6061290322581
2023,1,2023-01,PETROLEOS SUDAMERICANOS S.A.,140.565774193548
2023,1,2023-01,Petrolera Aconcagua Energia S.A.,26.6471290322581
2023,1,2023-01,PETROLERA DEL COMAHUE S.A.,0
2023,1,2023-01,PETROLERA EL TREBOL S.A.,35.1948709677419
2023,1,2023-01,PETROLERA PAMPA S.A. ,0
2023,1,2023-01,PETROLERA SAN MIGUEL S.A.,0
2023,1,2023-01,PETROLSUR ENERGIA S.A. ,35.9354838709677
2023,1,2023-01,PETROMINERA CHUBUT S.E.,0
2023,1,2023-01,PETROQUIMICA COMODORO RIVADAVIA S.A.,730.423870967742
2023,1,2023-01,Pilgrim Energy S.A.,16.7057096774194
2023,1,2023-01,PLUSPETROL ENERGY S.A.,1012.94106451613
2023,1,2023-01,PLUSPETROL S.A.,5847.49106451613
2023,1,2023-01,PRESIDENT PETROLEUM S.A.,84.4639580645161
2023,1,2023-01,QUINTANA E&P ARGENTINA S.R.L.,4.1258064516129
2023,1,2023-01,RECURSOS Y ENERGIA FORMOSA S.A.,22.0325806451613
2023,1,2023-01,ROCH S.A.,305.80535483871
2023,1,2023-01,SAN JORGE PETROLEUM S.A.,0
2023,1,2023-01,SELVA MARIA OIL S.A.,211.080129032258
2023,1,2023-01,SHELL ARGENTINA S.A.,430.621935483871
2023,1,2023-01,TECPETROL S.A.,16278.8354193548
2023,1,2023-01,TOTAL AUSTRAL S.A.,31085.6468387097
2023,1,2023-01,VENOIL S.A.,12.6387096774194
2023,1,2023-01,VISTA ENERGY ARGENTINA SAU,1603.63167741935
2023,1,2023-01,YPF S.A.,34242.7109677419
2023,2,2023-02,ALIANZA PETROLERA ARGENTINA S.A.,2.79122857142857
2023,2,2023-02,ARGENTA ENERGIA S.A.,0
2023,2,2023-02,CAPETROL ARGENTINA S.A.,12
2023,2,2023-02,CAPETROL S.A.,0
2023,2,2023-02,CAPEX S.A.,1803.07785714286
2023,2,2023-02,CGC ENERGIA SAU,1685.33678571429
2023,2,2023-02,CHEVRON ARGENTINA S.R.L.,241.413571428571
2023,2,2023-02,COLHUE HUAPI S.A.,3.24642857142857
2023,2,2023-02,COMPAÑÍA GENERAL DE COMBUSTIBLES S.A.,4197.28505503571
2023,2,2023-02,COMPAÑÍAS ASOCIADAS PETROLERAS S.A.,88.8567857142857
2023,2,2023-02,COPESA CIA CONSTRUCTORA PETROLERA SA,0
2023,2,2023-02,CROWN POINT ENERGIA S.A.,0
2023,2,2023-02,ENAP SIPETROL ARGENTINA S.A.,2765.3525
2023,2,2023-02,ENERGIA COMPAÑIA PETROLERA S.A.,0.413928571428571
2023,2,2023-02,ENERGICON S.A.,0
2023,2,2023-02,EXXONMOBIL EXPLORATION AND PRODUCTION OFFSHORE ARGENTINA S.R.L.,0
2023,2,2023-02,EXXONMOBIL EXPLORATION ARGENTINA S.R.L.,798.879285714286
2023,2,2023-02,FOMICRUZ S.E.,1.5
2023,2,2023-02,GRECOIL y CIA. S.R.L.,4.32678571428571
2023,2,2023-02,HATTRICK ENERGY SAS,0
2023,2,2023-02,HIGH LUCK GROUP LTD. - SUCURSAL ARGENTINA,2.43621428571429
2023,2,2023-02,INGENIERIA ALPA S.A.,3.5625
2023,2,2023-02,INGENIERIA SIMA S.A.,0
2023,2,2023-02,INTEROIL ARGENTINA S A,282.50225
2023,2,2023-02,JUJUY HIDROCARBUROS SAU,8.32607142857143
2023,2,2023-02,KILWER S.A.,64.9571428571429
2023,2,2023-02,MADALENA ENERGY ARGENTINA SRL ,36.4175
2023,2,2023-02,MEDANITO S.A.,5.27014285714286
2023,2,2023-02,OILSTONE ENERGIA S.A.,906.895
2023,2,2023-02,PAMPA ENERGIA S.A.,8421.67285714286
2023,2,2023-02,PAMPETROL S.A.P.E.M,5.43285714285714
2023,2,2023-02,PAN AMERICAN ENERGY SL,16490.1407142857
2023,2,2023-02,PATAGONIA ENERGY S.A.,36.6632142857143
2023,2,2023-02,PETROFARO S.A.,24.6914285714286
2023,2,2023-02,PETROLEOS SUDAMERICANOS S.A.,158.910321428571
2023,2,2023-02,Petrolera Aconcagua Energia S.A.,25.8719642857143
2023,2,2023-02,PETROLERA DEL COMAHUE S.A.,0
2023,2,2023-02,PETROLERA EL TREBOL S.A.,32.03075
2023,2,2023-02,PETROLERA PAMPA S.A. ,0
2023,2,2023-02,PETROLERA SAN MIGUEL S.A.,0
2023,2,2023-02,PETROLSUR ENERGIA S.A. ,34.4010714285714
2023,2,2023-02,PETROMINERA CHUBUT S.E.,0
2023,2,2023-02,PETROQUIMICA COMODORO RIVADAVIA S.A.,724.868214285714
2023,2,2023-02,Pilgrim Energy S.A.,18.2740964285714
2023,2,2023-02,PLUSPETROL ENERGY S.A.,1018.18692857143
2023,2,2023-02,PLUSPETROL S.A.,6074.41385714286
2023,2,2023-02,PRESIDENT PETROLEUM S.A.,94.0077642857143
2023,2,2023-02,QUINTANA E&P ARGENTINA S.R.L.,3.95821428571429
2023,2,2023-02,RECURSOS Y ENERGIA FORMOSA S.A.,21.6785714285714
2023,2,2023-02,ROCH S.A.,309.404214285714
2023,2,2023-02,SAN JORGE PETROLEUM S.A.,0
2023,2,2023-02,SELVA MARIA OIL S.A.,284.097607142857
2023,2,2023-02,SHELL ARGENTINA S.A.,473.273571428571
2023,2,2023-02,TECPETROL S.A.,15651.1701071429
2023,2,2023-02,TOTAL AUSTRAL S.A.,30831.6981785714
2023,2,2023-02,VENOIL S.A.,10.6868928571429
2023,2,2023-02,VISTA ENERGY ARGENTINA SAU,1664.101
2023,2,2023-02,YPF S.A.,34866.8021428571
2023,3,2023-03,ALIANZA PETROLERA ARGENTINA S.A.,2.74638935483871
2023,3,2023-03,ARGENTA ENERGIA S.A.,0
2023,3,2023-03,CAPETROL ARGENTINA S.A.,11.8709677419355
2023,3,2023-03,CAPETROL S.A.,0
2023,3,2023-03,CAPEX S.A.,1759.73806451613
2023,3,2023-03,CGC ENERGIA SAU,1666.22096774194
2023,3,2023-03,CHEVRON ARGENTINA S.R.L.,249.179032258065
2023,3,2023-03,COLHUE HUAPI S.A.,3.10645161290323
2023,3,2023-03,COMPAÑÍA GENERAL DE COMBUSTIBLES S.A.,4313.50912958065
2023,3,2023-03,COMPAÑÍAS ASOCIADAS PETROLERAS S.A.,102.717741935484
2023,3,2023-03,COPESA CIA CONSTRUCTORA PETROLERA SA,0
2023,3,2023-03,CROWN POINT ENERGIA S.A.,0
2023,3,2023-03,ENAP SIPETROL ARGENTINA S.A.,2766.90903225806
2023,3,2023-03,ENERGIA COMPAÑIA PETROLERA S.A.,0.230967741935484
2023,3,2023-03,ENERGICON S.A.,0
2023,3,2023-03,EXXONMOBIL EXPLORATION AND PRODUCTION OFFSHORE ARGENTINA S.R.L.,0
2023,3,2023-03,EXXONMOBIL EXPLORATION ARGENTINA S.R.L.,825.175161290323
2023,3,2023-03,FOMICRUZ S.E.,1.5
2023,3,2023-03,GRECOIL y CIA. S.R.L.,4.3191935483871
2023,3,2023-03,HATTRICK ENERGY SAS,0
2023,3,2023-03,HIGH LUCK GROUP LTD. - SUCURSAL ARGENTINA,2.44096774193548
2023,3,2023-03,INGENIERIA ALPA S.A.,3.68967741935484
2023,3,2023-03,INGENIERIA SIMA S.A.,0
2023,3,2023-03,INTEROIL ARGENTINA S A,1.49967741935484
2023,3,2023-03,JUJUY HIDROCARBUROS SAU,8.1841935483871
2023,3,2023-03,KILWER S.A.,72.4506451612903
2023,3,2023-03,MADALENA ENERGY ARGENTINA SRL ,35.9196774193548
2023,3,2023-03,MEDANITO S.A.,4.86258064516129
2023,3,2023-03,OILSTONE ENERGIA S.A.,842.563419354839
2023,3,2023-03,PAMPA ENERGIA S.A.,8611.48935483871
2023,3,2023-03,PAMPETROL S.A.P.E.M,5.02225806451613
2023,3,2023-03,PAN AMERICAN ENERGY SL,16637.1803225806
2023,3,2023-03,PATAGONIA ENERGY S.A.,39.9977419354839
2023,3,2023-03,PETROFARO S.A.,25.5954838709677
2023,3,2023-03,PETROLEOS SUDAMERICANOS S.A.,162.003548387097
2023,3,2023-03,Petrolera Aconcagua Energia S.A.,525.027741935484
2023,3,2023-03,PETROLERA DEL COMAHUE S.A.,0
2023,3,2023-03,PETROLERA EL TREBOL S.A.,21.7582580645161
2023,3,2023-03,PETROLERA PAMPA S.A. ,0
2023,3,2023-03,PETROLERA SAN MIGUEL S.A.,0
2023,3,2023-03,PETROLSUR ENERGIA S.A. ,34.9251612903226
2023,3,2023-03,PETROMINERA CHUBUT S.E.,0
2023,3,2023-03,PETROQUIMICA COMODORO RIVADAVIA S.A.,700.052903225806
2023,3,2023-03,Pilgrim Energy S.A.,18.1535161290323
2023,3,2023-03,PLUSPETROL ENERGY S.A.,997.922903225807
2023,3,2023-03,PLUSPETROL S.A.,5946.18948387097
2023,3,2023-03,PRESIDENT PETROLEUM S.A.,90.8864451612903
2023,3,2023-03,QUINTANA E&P ARGENTINA S.R.L.,3.15064516129032
2023,3,2023-03,RECURSOS Y ENERGIA FORMOSA S.A.,20.4838709677419
2023,3,2023-03,ROCH S.A.,299.930677419355
2023,3,2023-03,SAN JORGE PETROLEUM S.A.,0
2023,3,2023-03,SELVA MARIA OIL S.A.,264.769290322581
2023,3,2023-03,SHELL ARGENTINA S.A.,436.954838709677
2023,3,2023-03,TECPETROL S.A.,15844.3490967742
2023,3,2023-03,TOTAL AUSTRAL S.A.,29619.3975483871
2023,3,2023-03,VENOIL S.A.,12.6387096774194
2023,3,2023-03,VISTA ENERGY ARGENTINA SAU,1206.29625806452
2023,3,2023-03,YPF S.A.,34650.7419354839
2023,4,2023-04,ALIANZA PETROLERA ARGENTINA S.A.,2.64457166666667
2023,4,2023-04,ARGENTA ENERGIA S.A.,0
2023,4,2023-04,CAPETROL ARGENTINA S.A.,11.6666666666667
2023,4,2023-04,CAPETROL S.A.,0
2023,4,2023-04,CAPEX S.A.,1724.10733333333
2023,4,2023-04,CGC ENERGIA SAU,1738.403
2023,4,2023-04,CHEVRON ARGENTINA S.R.L.,256.341666666667
2023,4,2023-04,COLHUE HUAPI S.A.,2.98333333333333
2023,4,2023-04,COMPAÑÍA GENERAL DE COMBUSTIBLES S.A.,4320.12893643333
2023,4,2023-04,COMPAÑÍAS ASOCIADAS PETROLERAS S.A.,102.317666666667
2023,4,2023-04,COPESA CIA CONSTRUCTORA PETROLERA SA,0
2023,4,2023-04,CROWN POINT ENERGIA S.A.,0
2023,4,2023-04,ENAP SIPETROL ARGENTINA S.A.,1576.84133333333
2023,4,2023-04,ENERGIA COMPAÑIA PETROLERA S.A.,0.18
2023,4,2023-04,ENERGICON S.A.,0
2023,4,2023-04,EXXONMOBIL EXPLORATION AND PRODUCTION OFFSHORE ARGENTINA S.R.L.,0
2023,4,2023-04,EXXONMOBIL EXPLORATION ARGENTINA S.R.L.,831.805333333333
2023,4,2023-04,FOMICRUZ S.E.,1.5
2023,4,2023-04,GRECOIL y CIA. S.R.L.,4.10936666666667
2023,4,2023-04,HATTRICK ENERGY SAS,0
2023,4,2023-04,HIGH LUCK GROUP LTD. - SUCURSAL ARGENTINA,2.29953333333333
2023,4,2023-04,INGENIERIA ALPA S.A.,3.36366666666667
2023,4,2023-04,INGENIERIA SIMA S.A.,0
2023,4,2023-04,INTEROIL ARGENTINA S A,1.674
2023,4,2023-04,JUJUY HIDROCARBUROS SAU,8.071
2023,4,2023-04,KILWER S.A.,53.7133666666667
2023,4,2023-04,MADALENA ENERGY ARGENTINA SRL ,34.916
2023,4,2023-04,MEDANITO S.A.,4.70793333333333
2023,4,2023-04,OILSTONE ENERGIA S.A.,934.726333333333
2023,4,2023-04,PAMPA ENERGIA S.A.,9138.83833333333
2023,4,2023-04,PAMPETROL S.A.P.E.M,5.11566666666667
2023,4,2023-04,PAN AMERICAN ENERGY SL,15661.5996666667
2023,4,2023-04,PATAGONIA ENERGY S.A.,35.3023333333333
2023,4,2023-04,PETROFARO S.A.,23.4266666666667
2023,4,2023-04,PETROLEOS SUDAMERICANOS S.A.,154.049833333333
2023,4,2023-04,Petrolera Aconcagua Energia S.A.,561.222133333333
2023,4,2023-04,PETROLERA DEL COMAHUE S.A.,0
2023,4,2023-04,PETROLERA EL TREBOL S.A.,19.2877
2023,4,2023-04,PETROLERA PAMPA S.A. ,0
2023,4,2023-04,PETROLERA SAN MIGUEL S.A.,0
2023,4,2023-04,PETROLSUR ENERGIA S.A. ,34.103
2023,4,2023-04,PETROMINERA CHUBUT S.E.,0
2023,4,2023-04,PETROQUIMICA COMODORO RIVADAVIA S.A.,691.173333333333
2023,4,2023-04,Pilgrim Energy S.A.,17.9993166666667
2023,4,2023-04,PLUSPETROL ENERGY S.A.,997.315733333333
2023,4,2023-04,PLUSPETROL S.A.,5751.43526666667
2023,4,2023-04,PRESIDENT PETROLEUM S.A.,76.3398133333333
2023,4,2023-04,QUINTANA E&P ARGENTINA S.R.L.,5.69
2023,4,2023-04,RECURSOS Y ENERGIA FORMOSA S.A.,20.0333333333333
2023,4,2023-04,ROCH S.A.,299.2424
2023,4,2023-04,SAN JORGE PETROLEUM S.A.,0
2023,4,2023-04,SELVA MARIA OIL S.A.,222.0438
2023,4,2023-04,SHELL ARGENTINA S.A.,436.558333333333
2023,4,2023-04,TECPETROL S.A.,16623.5934333333
2023,4,2023-04,TOTAL AUSTRAL S.A.,30870.6283666667
2023,4,2023-04,VENOIL S.A.,12.8
2023,4,2023-04,VISTA ENERGY ARGENTINA SAU,1046.87596666667
2023,4,2023-04,YPF S.A.,34461.817
2023,5,2023-05,ALIANZA PETROLERA ARGENTINA S.A.,2.69886290322581
2023,5,2023-05,ARGENTA ENERGIA S.A.,0
2023,5,2023-05,CAPETROL ARGENTINA S.A.,12.0967741935484
2023,5,2023-05,CAPETROL S.A.,0
2023,5,2023-05,CAPEX S.A.,1692.20806451613
2023,5,2023-05,CGC ENERGIA SAU,1768.85967741935
2023,5,2023-05,CHEVRON ARGENTINA S.R.L.,227.49
2023,5,2023-05,COLHUE HUAPI S.A.,2.97096774193548
2023,5,2023-05,COMPAÑÍA GENERAL DE COMBUSTIBLES S.A.,4453.94058841935
2023,5,2023-05,COMPAÑÍAS ASOCIADAS PETROLERAS S.A.,94.5803225806452
2023,5,2023-05,COPESA CIA CONSTRUCTORA PETROLERA SA,0
2023,5,2023-05,CROWN POINT ENERGIA S.A.,0
2023,5,2023-05,ENAP SIPETROL ARGENTINA S.A.,2728.74451612903
2023,5,2023-05,ENERGIA COMPAÑIA PETROLERA S.A.,0.161612903225806
2023,5,2023-05,ENERGICON S.A.,0
2023,5,2023-05,EXXONMOBIL EXPLORATION AND PRODUCTION OFFSHORE ARGENTINA S.R.L.,0
2023,5,2023-05,EXXONMOBIL EXPLORATION ARGENTINA S.R.L.,803.542903225807
2023,5,2023-05,FOMICRUZ S.E.,1.5
2023,5,2023-05,GRECOIL y CIA. S.R.L.,4.02306451612903
2023,5,2023-05,HATTRICK ENERGY SAS,0
2023,5,2023-05,HIGH LUCK GROUP LTD. - SUCURSAL ARGENTINA,2.19287096774194
2023,5,2023-05,INGENIERIA ALPA S.A.,3.35
2023,5,2023-05,INGENIERIA SIMA S.A.,0
2023,5,2023-05,INTEROIL ARGENTINA S A,1.90548387096774
2023,5,2023-05,JUJUY HIDROCARBUROS SAU,8.03887096774194
2023,5,2023-05,KILWER S.A.,51.8438064516129
2023,5,2023-05,MADALENA ENERGY ARGENTINA SRL ,35.3151612903226
2023,5,2023-05,MEDANITO S.A.,5.28829032258065
2023,5,2023-05,OILSTONE ENERGIA S.A.,941.205548387097
2023,5,2023-05,PAMPA ENERGIA S.A.,10558.7296774194
2023,5,2023-05,PAMPETROL S.A.P.E.M,4.68709677419355
2023,5,2023-05,PAN AMERICAN ENERGY SL,17627.4477419355
2023,5,2023-05,PATAGONIA ENERGY S.A.,50.1816129032258
2023,5,2023-05,PETROFARO S.A.,23.9067741935484
2023,5,2023-05,PETROLEOS SUDAMERICANOS S.A.,145.717193548387
2023,5,2023-05,Petrolera Aconcagua Energia S.A.,542.831032258065
2023,5,2023-05,PETROLERA DEL COMAHUE S.A.,0
2023,5,2023-05,PETROLERA EL TREBOL S.A.,25.7870967741935
2023,5,2023-05,PETROLERA PAMPA S.A. ,0
2023,5,2023-05,PETROLERA SAN MIGUEL S.A.,0
2023,5,2023-05,PETROLSUR ENERGIA S.A. ,33.808064516129
2023,5,2023-05,PETROMINERA CHUBUT S.E.,0
2023,5,2023-05,PETROQUIMICA COMODORO RIVADAVIA S.A.,706.64064516129
2023,5,2023-05,Pilgrim Energy S.A.,18.4087612903226
2023,5,2023-05,PLUSPETROL ENERGY S.A.,993.753967741936
2023,5,2023-05,PLUSPETROL S.A.,5924.71148387097
2023,5,2023-05,PRESIDENT PETROLEUM S.A.,68.1005516129032
2023,5,2023-05,QUINTANA E&P ARGENTINA S.R.L.,5.16903225806452
2023,5,2023-05,RECURSOS Y ENERGIA FORMOSA S.A.,21.8064516129032
2023,5,2023-05,ROCH S.A.,286.876935483871
2023,5,2023-05,SAN JORGE PETROLEUM S.A.,0
2023,5,2023-05,SELVA MARIA OIL S.A.,244.885483870968
2023,5,2023-05,SHELL ARGENTINA S.A.,425.31935483871
2023,5,2023-05,TECPETROL S.A.,19360.3613548387
2023,5,2023-05,TOTAL AUSTRAL S.A.,30552.7131935484
2023,5,2023-05,VENOIL S.A.,12.8
2023,5,2023-05,VISTA ENERGY ARGENTINA SAU,1042.77038709677
2023,5,2023-05,YPF S.A.,33455.6083870968
2023,6,2023-06,ALIANZA PETROLERA ARGENTINA S.A.,32.2973806666667
2023,6,2023-06,ARGENTA ENERGIA S.A.,0
2023,6,2023-06,CAPETROL ARGENTINA S.A.,12.1666666666667
2023,6,2023-06,CAPETROL S.A.,0
2023,6,2023-06,CAPEX S.A.,1741.786
2023,6,2023-06,CGC ENERGIA SAU,1770.64733333333
2023,6,2023-06,CHEVRON ARGENTINA S.R.L.,198.995666666667
2023,6,2023-06,COLHUE HUAPI S.A.,2.90333333333333
2023,6,2023-06,COMPAÑÍA GENERAL DE COMBUSTIBLES S.A.,4438.42153053333
2023,6,2023-06,COMPAÑÍAS ASOCIADAS PETROLERAS S.A.,102.357333333333
2023,6,2023-06,COPESA CIA CONSTRUCTORA PETROLERA SA,0
2023,6,2023-06,CROWN POINT ENERGIA S.A.,0
2023,6,2023-06,ENAP SIPETROL ARGENTINA S.A.,2659.623
2023,6,2023-06,ENERGIA COMPAÑIA PETROLERA S.A.,0.128666666666667
2023,6,2023-06,ENERGICON S.A.,0
2023,6,2023-06,EXXONMOBIL EXPLORATION AND PRODUCTION OFFSHORE ARGENTINA S.R.L.,0
2023,6,2023-06,EXXONMOBIL EXPLORATION ARGENTINA S.R.L.,498.086666666667
2023,6,2023-06,FOMICRUZ S.E.,1.5
2023,6,2023-06,GRECOIL y CIA. S.R.L.,3.6204
2023,6,2023-06,HATTRICK ENERGY SAS,0
2023,6,2023-06,HIGH LUCK GROUP LTD. - SUCURSAL ARGENTINA,2.04393333333333
2023,6,2023-06,INGENIERIA ALPA S.A.,3.037
2023,6,2023-06,INGENIERIA SIMA S.A.,0
2023,6,2023-06,INTEROIL ARGENTINA S A,1.944
2023,6,2023-06,JUJUY HIDROCARBUROS SAU,7.461
2023,6,2023-06,KILWER S.A.,61.6595
2023,6,2023-06,MADALENA ENERGY ARGENTINA SRL ,32.659
2023,6,2023-06,MEDANITO S.A.,5.21716666666667
2023,6,2023-06,OILSTONE ENERGIA S.A.,921.608566666667
2023,6,2023-06,PAMPA ENERGIA S.A.,11460.9353333333
2023,6,2023-06,PAMPETROL S.A.P.E.M,4.134
2023,6,2023-06,PAN AMERICAN ENERGY SL,18449.7243333333
2023,6,2023-06,PATAGONIA ENERGY S.A.,49.5843333333333
2023,6,2023-06,PETROFARO S.A.,23.2403333333333
2023,6,2023-06,PETROLEOS SUDAMERICANOS S.A.,148.028066666667
2023,6,2023-06,Petrolera Aconcagua Energia S.A.,519.896233333333
2023,6,2023-06,PETROLERA DEL COMAHUE S.A.,0
2023,6,2023-06,PETROLERA EL TREBOL S.A.,21.3618666666667
2023,6,2023-06,PETROLERA PAMPA S.A. ,0
2023,6,2023-06,PETROLERA SAN MIGUEL S.A.,0
2023,6,2023-06,PETROLSUR ENERGIA S.A. ,30.6686666666667
2023,6,2023-06,PETROMINERA CHUBUT S.E.,0
2023,6,2023-06,PETROQUIMICA COMODORO RIVADAVIA S.A.,708.049
2023,6,2023-06,Pilgrim Energy S.A.,19.2635466666667
2023,6,2023-06,PLUSPETROL ENERGY S.A.,1002.9297
2023,6,2023-06,PLUSPETROL S.A.,5959.01243333333
2023,6,2023-06,PRESIDENT PETROLEUM S.A.,64.7586566666667
2023,6,2023-06,QUINTANA E&P ARGENTINA S.R.L.,5.23233333333333
2023,6,2023-06,RECURSOS Y ENERGIA FORMOSA S.A.,20.5
2023,6,2023-06,ROCH S.A.,297.142033333333
2023,6,2023-06,SAN JORGE PETROLEUM S.A.,0
2023,6,2023-06,SELVA MARIA OIL S.A.,229.304633333333
2023,6,2023-06,SHELL ARGENTINA S.A.,427.268333333333
2023,6,2023-06,TECPETROL S.A.,20235.0542666667
2023,6,2023-06,TOTAL AUSTRAL S.A.,30248.0598333333
2023,6,2023-06,VENOIL S.A.,12.8
2023,6,2023-06,VISTA ENERGY ARGENTINA SAU,968.1479
2023,6,2023-06,YPF S.A.,34814.4953333333
2023,7,2023-07,ALIANZA PETROLERA ARGENTINA S.A.,84.131024516129
2023,7,2023-07,ARGENTA ENERGIA S.A.,0
2023,7,2023-07,CAPETROL ARGENTINA S.A.,11.2903225806452
2023,7,2023-07,CAPETROL S.A.,0
2023,7,2023-07,CAPEX S.A.,1706.04096774194
2023,7,2023-07,CGC ENERGIA SAU,1741.04419354839
2023,7,2023-07,CHEVRON ARGENTINA S.R.L.,167.556451612903
2023,7,2023-07,COLHUE HUAPI S.A.,2.8258064516129
2023,7,2023-07,COMPAÑÍA GENERAL DE COMBUSTIBLES S.A.,4195.33433648387
2023,7,2023-07,COMPAÑÍAS ASOCIADAS PETROLERAS S.A.,85.9183870967742
2023,7,2023-07,COPESA CIA CONSTRUCTORA PETROLERA SA,0
2023,7,2023-07,CROWN POINT ENERGIA S.A.,0
2023,7,2023-07,ENAP SIPETROL ARGENTINA S.A.,2634.61290322581
2023,7,2023-07,ENERGIA COMPAÑIA PETROLERA S.A.,0.0145161290322581
2023,7,2023-07,ENERGICON S.A.,0
2023,7,2023-07,EXXONMOBIL EXPLORATION AND PRODUCTION OFFSHORE ARGENTINA S.R.L.,0
2023,7,2023-07,EXXONMOBIL EXPLORATION ARGENTINA S.R.L.,485.267741935484
2023,7,2023-07,FOMICRUZ S.E.,1.5
2023,7,2023-07,GRECOIL y CIA. S.R.L.,3.53958064516129
2023,7,2023-07,HATTRICK ENERGY SAS,0
2023,7,2023-07,HIGH LUCK GROUP LTD. - SUCURSAL ARGENTINA,2.13796774193548
2023,7,2023-07,INGENIERIA ALPA S.A.,3.73870967741935
2023,7,2023-07,INGENIERIA SIMA S.A.,0
2023,7,2023-07,INTEROIL ARGENTINA S A,1.71322580645161
2023,7,2023-07,JUJUY HIDROCARBUROS SAU,7.9541935483871
2023,7,2023-07,KILWER S.A.,105.566451612903
2023,7,2023-07,MADALENA ENERGY ARGENTINA SRL ,31.9877419354839
2023,7,2023-07,MEDANITO S.A.,5.15990322580645
2023,7,2023-07,OILSTONE ENERGIA S.A.,877.884870967742
2023,7,2023-07,PAMPA ENERGIA S.A.,10653.6277419355
2023,7,2023-07,PAMPETROL S.A.P.E.M,4.29838709677419
2023,7,2023-07,PAN AMERICAN ENERGY SL,19161.4190322581
2023,7,2023-07,PATAGONIA ENERGY S.A.,36.9545161290323
2023,7,2023-07,PETROFARO S.A.,24.9312903225806
2023,7,2023-07,PETROLEOS SUDAMERICANOS S.A.,151.880290322581
2023,7,2023-07,Petrolera Aconcagua Energia S.A.,629.11664516129
2023,7,2023-07,PETROLERA DEL COMAHUE S.A.,0
2023,7,2023-07,PETROLERA EL TREBOL S.A.,19.2485806451613
2023,7,2023-07,PETROLERA PAMPA S.A. ,0
2023,7,2023-07,PETROLERA SAN MIGUEL S.A.,0
2023,7,2023-07,PETROLSUR ENERGIA S.A. ,34.411935483871
2023,7,2023-07,PETROMINERA CHUBUT S.E.,0
2023,7,2023-07,PETROQUIMICA COMODORO RIVADAVIA S.A.,695.468387096774
2023,7,2023-07,Pilgrim Energy S.A.,18.1091451612903
2023,7,2023-07,PLUSPETROL ENERGY S.A.,991.117870967742
2023,7,2023-07,PLUSPETROL S.A.,6063.24612903226
2023,7,2023-07,PRESIDENT PETROLEUM S.A.,64.0822935483871
2023,7,2023-07,QUINTANA E&P ARGENTINA S.R.L.,4.97322580645161
2023,7,2023-07,RECURSOS Y ENERGIA FORMOSA S.A.,19.29
2023,7,2023-07,ROCH S.A.,288.23435483871
2023,7,2023-07,SAN JORGE PETROLEUM S.A.,0
2023,7,2023-07,SELVA MARIA OIL S.A.,195.625612903226
2023,7,2023-07,SHELL ARGENTINA S.A.,425.731290322581
2023,7,2023-07,TECPETROL S.A.,20150.7177096774
2023,7,2023-07,TOTAL AUSTRAL S.A.,29969.0411935484
2023,7,2023-07,VENOIL S.A.,12.8
2023,7,2023-07,VISTA ENERGY ARGENTINA SAU,970.717419354839
2023,7,2023-07,YPF S.A.,35427.034516129
2023,8,2023-08,ALIANZA PETROLERA ARGENTINA S.A.,58.730055483871
2023,8,2023-08,ARGENTA ENERGIA S.A.,0
2023,8,2023-08,CAPETROL ARGENTINA S.A.,8.7741935483871
2023,8,2023-08,CAPETROL S.A.,0
2023,8,2023-08,CAPEX S.A.,1708.79677419355
2023,8,2023-08,CGC ENERGIA SAU,1719.73516129032
2023,8,2023-08,CHEVRON ARGENTINA S.R.L.,197.871290322581
2023,8,2023-08,COLHUE HUAPI S.A.,2.75483870967742
2023,8,2023-08,COMPAÑÍA GENERAL DE COMBUSTIBLES S.A.,4371.57443170968
2023,8,2023-08,COMPAÑÍAS ASOCIADAS PETROLERAS S.A.,79.1364516129032
2023,8,2023-08,COPESA CIA CONSTRUCTORA PETROLERA SA,0
2023,8,2023-08,CROWN POINT ENERGIA S.A.,0
2023,8,2023-08,ENAP SIPETROL ARGENTINA S.A.,2562.43967741936
2023,8,2023-08,ENERGIA COMPAÑIA PETROLERA S.A.,0.0819354838709677
2023,8,2023-08,ENERGICON S.A.,0
2023,8,2023-08,EXXONMOBIL EXPLORATION AND PRODUCTION OFFSHORE ARGENTINA S.R.L.,0
2023,8,2023-08,EXXONMOBIL EXPLORATION ARGENTINA S.R.L.,557.466129032258
2023,8,2023-08,FOMICRUZ S.E.,1.5
2023,8,2023-08,GRECOIL y CIA. S.R.L.,3.70906451612903
2023,8,2023-08,HATTRICK ENERGY SAS,0
2023,8,2023-08,HIGH LUCK GROUP LTD. - SUCURSAL ARGENTINA,2.16293548387097
2023,8,2023-08,INGENIERIA ALPA S.A.,4.00354838709677
2023,8,2023-08,INGENIERIA SIMA S.A.,0
2023,8,2023-08,INTEROIL ARGENTINA S A,1.88838709677419
2023,8,2023-08,JUJUY HIDROCARBUROS SAU,8.00741935483871
2023,8,2023-08,KILWER S.A.,81.5194838709677
2023,8,2023-08,MADALENA ENERGY ARGENTINA SRL ,33.6974193548387
2023,8,2023-08,MEDANITO S.A.,5.76432258064516
2023,8,2023-08,OILSTONE ENERGIA S.A.,874.060541935484
2023,8,2023-08,PAMPA ENERGIA S.A.,13819.7993548387
2023,8,2023-08,PAMPETROL S.A.P.E.M,4.53709677419355
2023,8,2023-08,PAN AMERICAN ENERGY SL,19966.0425806452
2023,8,2023-08,PATAGONIA ENERGY S.A.,45.8790967741935
2023,8,2023-08,PETROFARO S.A.,24.9516129032258
2023,8,2023-08,PETROLEOS SUDAMERICANOS S.A.,135.504612903226
2023,8,2023-08,Petrolera Aconcagua Energia S.A.,667.515774193548
2023,8,2023-08,PETROLERA DEL COMAHUE S.A.,0
2023,8,2023-08,PETROLERA EL TREBOL S.A.,18.8742903225806
2023,8,2023-08,PETROLERA PAMPA S.A. ,0
2023,8,2023-08,PETROLERA SAN MIGUEL S.A.,0
2023,8,2023-08,PETROLSUR ENERGIA S.A. ,32.9558064516129
2023,8,2023-08,PETROMINERA CHUBUT S.E.,0
2023,8,2023-08,PETROQUIMICA COMODORO RIVADAVIA S.A.,679.450967741935
2023,8,2023-08,Pilgrim Energy S.A.,18.2844451612903
2023,8,2023-08,PLUSPETROL ENERGY S.A.,982.94535483871
2023,8,2023-08,PLUSPETROL S.A.,6172.62425806452
2023,8,2023-08,PRESIDENT PETROLEUM S.A.,64.1616741935484
2023,8,2023-08,QUINTANA E&P ARGENTINA S.R.L.,4.10483870967742
2023,8,2023-08,RECURSOS Y ENERGIA FORMOSA S.A.,17.1935483870968
2023,8,2023-08,ROCH S.A.,287.644741935484
2023,8,2023-08,SAN JORGE PETROLEUM S.A.,0
2023,8,2023-08,SELVA MARIA OIL S.A.,264.458935483871
2023,8,2023-08,SHELL ARGENTINA S.A.,439.068064516129
2023,8,2023-08,TECPETROL S.A.,22003.7470322581
2023,8,2023-08,TOTAL AUSTRAL S.A.,30129.7153548387
2023,8,2023-08,VENOIL S.A.,9.71612903225806
2023,8,2023-08,VISTA ENERGY ARGENTINA SAU,1095.43709677419
2023,8,2023-08,YPF S.A.,35251.8493548387
2023,9,2023-09,ALIANZA PETROLERA ARGENTINA S.A.,94.8334133333333
2023,9,2023-09,ARGENTA ENERGIA S.A.,0
2023,9,2023-09,CAPETROL ARGENTINA S.A.,8
2023,9,2023-09,CAPETROL S.A.,0
2023,9,2023-09,CAPEX S.A.,1666.85266666667
2023,9,2023-09,CGC ENERGIA SAU,1759.077
2023,9,2023-09,CHEVRON ARGENTINA S.R.L.,220.616
2023,9,2023-09,COLHUE HUAPI S.A.,2.94333333333333
2023,9,2023-09,COMPAÑÍA GENERAL DE COMBUSTIBLES S.A.,4266.70861936667
2023,9,2023-09,COMPAÑÍAS ASOCIADAS PETROLERAS S.A.,78.602
2023,9,2023-09,COPESA CIA CONSTRUCTORA PETROLERA SA,0
2023,9,2023-09,CROWN POINT ENERGIA S.A.,0
2023,9,2023-09,ENAP SIPETROL ARGENTINA S.A.,2522.298
2023,9,2023-09,ENERGIA COMPAÑIA PETROLERA S.A.,0.152666666666667
2023,9,2023-09,ENERGICON S.A.,0
2023,9,2023-09,EXXONMOBIL EXPLORATION AND PRODUCTION OFFSHORE ARGENTINA S.R.L.,0
2023,9,2023-09,EXXONMOBIL EXPLORATION ARGENTINA S.R.L.,550.675666666667
2023,9,2023-09,FOMICRUZ S.E.,1.5
2023,9,2023-09,GRECOIL y CIA. S.R.L.,2.9658
2023,9,2023-09,HATTRICK ENERGY SAS,0
2023,9,2023-09,HIGH LUCK GROUP LTD. - SUCURSAL ARGENTINA,2.0912
2023,9,2023-09,INGENIERIA ALPA S.A.,3.43233333333333
2023,9,2023-09,INGENIERIA SIMA S.A.,0
2023,9,2023-09,INTEROIL ARGENTINA S A,1.81033333333333
2023,9,2023-09,JUJUY HIDROCARBUROS SAU,8.03866666666667
2023,9,2023-09,KILWER S.A.,69.9318333333333
2023,9,2023-09,MADALENA ENERGY ARGENTINA SRL ,37.295
2023,9,2023-09,MEDANITO S.A.,6.186
2023,9,2023-09,OILSTONE ENERGIA S.A.,888.071566666667
2023,9,2023-09,PAMPA ENERGIA S.A.,13896.848
2023,9,2023-09,PAMPETROL S.A.P.E.M,4.45033333333333
2023,9,2023-09,PAN AMERICAN ENERGY SL,19967.5896666667
2023,9,2023-09,PATAGONIA ENERGY S.A.,43.8201
2023,9,2023-09,PETROFARO S.A.,22.964
2023,9,2023-09,PETROLEOS SUDAMERICANOS S.A.,137.100266666667
2023,9,2023-09,Petrolera Aconcagua Energia S.A.,679.311266666667
2023,9,2023-09,PETROLERA DEL COMAHUE S.A.,0
2023,9,2023-09,PETROLERA EL TREBOL S.A.,18.6316666666667
2023,9,2023-09,PETROLERA PAMPA S.A. ,0
2023,9,2023-09,PETROLERA SAN MIGUEL S.A.,0
2023,9,2023-09,PETROLSUR ENERGIA S.A. ,32.917
2023,9,2023-09,PETROMINERA CHUBUT S.E.,0
2023,9,2023-09,PETROQUIMICA COMODORO RIVADAVIA S.A.,692.489333333333
2023,9,2023-09,Pilgrim Energy S.A.,18.0931833333333
2023,9,2023-09,PLUSPETROL ENERGY S.A.,986.3418
2023,9,2023-09,PLUSPETROL S.A.,6278.13783333333
2023,9,2023-09,PRESIDENT PETROLEUM S.A.,63.6930833333333
2023,9,2023-09,QUINTANA E&P ARGENTINA S.R.L.,4.25966666666667
2023,9,2023-09,RECURSOS Y ENERGIA FORMOSA S.A.,17.9996666666667
2023,9,2023-09,ROCH S.A.,291.841566666667
2023,9,2023-09,SAN JORGE PETROLEUM S.A.,0
2023,9,2023-09,SELVA MARIA OIL S.A.,277.6968
2023,9,2023-09,SHELL ARGENTINA S.A.,417.878333333333
2023,9,2023-09,TECPETROL S.A.,21001.4015666667
2023,9,2023-09,TOTAL AUSTRAL S.A.,31013.5506333333
2023,9,2023-09,VENOIL S.A.,12.6333333333333
2023,9,2023-09,VISTA ENERGY ARGENTINA SAU,1182.0806
2023,9,2023-09,YPF S.A.,33976.9653333333
2023,10,2023-10,ALIANZA PETROLERA ARGENTINA S.A.,72.7277419354839
2023,10,2023-10,ARGENTA ENERGIA S.A.,0
2023,10,2023-10,CAPETROL ARGENTINA S.A.,10.4516129032258
2023,10,2023-10,CAPETROL S.A.,0
2023,10,2023-10,CAPEX S.A.,1738.2364516129
2023,10,2023-10,CGC ENERGIA SAU,1793.62838709677
2023,10,2023-10,CHEVRON ARGENTINA S.R.L.,275.535161290323
2023,10,2023-10,COLHUE HUAPI S.A.,2.94838709677419
2023,10,2023-10,COMPAÑÍA GENERAL DE COMBUSTIBLES S.A.,4516.57542154839
2023,10,2023-10,COMPAÑÍAS ASOCIADAS PETROLERAS S.A.,63.7183870967742
2023,10,2023-10,COPESA CIA CONSTRUCTORA PETROLERA SA,0
2023,10,2023-10,CROWN POINT ENERGIA S.A.,0
2023,10,2023-10,ENAP SIPETROL ARGENTINA S.A.,2538.77677419355
2023,10,2023-10,ENERGIA COMPAÑIA PETROLERA S.A.,0.25
2023,10,2023-10,ENERGICON S.A.,0
2023,10,2023-10,EXXONMOBIL EXPLORATION AND PRODUCTION OFFSHORE ARGENTINA S.R.L.,0
2023,10,2023-10,EXXONMOBIL EXPLORATION ARGENTINA S.R.L.,541.927741935484
2023,10,2023-10,FOMICRUZ S.E.,1.5
2023,10,2023-10,GRECOIL y CIA. S.R.L.,3.59235483870968
2023,10,2023-10,HATTRICK ENERGY SAS,0
2023,10,2023-10,HIGH LUCK GROUP LTD. - SUCURSAL ARGENTINA,0.663129032258065
2023,10,2023-10,INGENIERIA ALPA S.A.,3.52774193548387
2023,10,2023-10,INGENIERIA SIMA S.A.,0
2023,10,2023-10,INTEROIL ARGENTINA S A,2.14677419354839
2023,10,2023-10,JUJUY HIDROCARBUROS SAU,7.71290322580645
2023,10,2023-10,KILWER S.A.,105.075096774194
2023,10,2023-10,MADALENA ENERGY ARGENTINA SRL ,37.1767741935484
2023,10,2023-10,MEDANITO S.A.,6.17161290322581
2023,10,2023-10,OILSTONE ENERGIA S.A.,872.278709677419
2023,10,2023-10,PAMPA ENERGIA S.A.,8721.43709677419
2023,10,2023-10,PAMPETROL S.A.P.E.M,4.48741935483871
2023,10,2023-10,PAN AMERICAN ENERGY SL,19162.24
2023,10,2023-10,PATAGONIA ENERGY S.A.,39.996
2023,10,2023-10,PETROFARO S.A.,23.1874193548387
2023,10,2023-10,PETROLEOS SUDAMERICANOS S.A.,137.542741935484
2023,10,2023-10,Petrolera Aconcagua Energia S.A.,676.892419354839
2023,10,2023-10,PETROLERA DEL COMAHUE S.A.,0
2023,10,2023-10,PETROLERA EL TREBOL S.A.,18.6914193548387
2023,10,2023-10,PETROLERA PAMPA S.A. ,0
2023,10,2023-10,PETROLERA SAN MIGUEL S.A.,0
2023,10,2023-10,PETROLSUR ENERGIA S.A. ,33.3264516129032
2023,10,2023-10,PETROMINERA CHUBUT S.E.,0
2023,10,2023-10,PETROQUIMICA COMODORO RIVADAVIA S.A.,688.236451612903
2023,10,2023-10,Pilgrim Energy S.A.,17.9126612903226
2023,10,2023-10,PLUSPETROL ENERGY S.A.,979.379774193548
2023,10,2023-10,PLUSPETROL S.A.,6166.12632258065
2023,10,2023-10,PRESIDENT PETROLEUM S.A.,63.2602806451613
2023,10,2023-10,QUINTANA E&P ARGENTINA S.R.L.,4.1141935483871
2023,10,2023-10,RECURSOS Y ENERGIA FORMOSA S.A.,17.6451612903226
2023,10,2023-10,ROCH S.A.,302.41664516129
2023,10,2023-10,SAN JORGE PETROLEUM S.A.,0
2023,10,2023-10,SELVA MARIA OIL S.A.,289.146806451613
2023,10,2023-10,SHELL ARGENTINA S.A.,370.809677419355
2023,10,2023-10,TECPETROL S.A.,14604.2051290323
2023,10,2023-10,TOTAL AUSTRAL S.A.,27592.2739032258
2023,10,2023-10,VENOIL S.A.,12.5483870967742
2023,10,2023-10,VISTA ENERGY ARGENTINA SAU,1127.45322580645
2023,10,2023-10,YPF S.A.,32332.4567741935
2023,11,2023-11,ALIANZA PETROLERA ARGENTINA S.A.,50.7437333333333
2023,11,2023-11,ARGENTA ENERGIA S.A.,0
2023,11,2023-11,CAPETROL ARGENTINA S.A.,9
2023,11,2023-11,CAPETROL S.A.,0
2023,11,2023-11,CAPEX S.A.,1717.34766666667
2023,11,2023-11,CGC ENERGIA SAU,1776.934
2023,11,2023-11,CHEVRON ARGENTINA S.R.L.,290.984
2023,11,2023-11,COLHUE HUAPI S.A.,3.02666666666667
2023,11,2023-11,COMPAÑÍA GENERAL DE COMBUSTIBLES S.A.,4286.15371993333
2023,11,2023-11,COMPAÑÍAS ASOCIADAS PETROLERAS S.A.,76.3703333333333
2023,11,2023-11,COPESA CIA CONSTRUCTORA PETROLERA SA,0
2023,11,2023-11,CROWN POINT ENERGIA S.A.,0
2023,11,2023-11,ENAP SIPETROL ARGENTINA S.A.,2297.031
2023,11,2023-11,ENERGIA COMPAÑIA PETROLERA S.A.,0.243333333333333
2023,11,2023-11,ENERGICON S.A.,0
2023,11,2023-11,EXXONMOBIL EXPLORATION AND PRODUCTION OFFSHORE ARGENTINA S.R.L.,0
2023,11,2023-11,EXXONMOBIL EXPLORATION ARGENTINA S.R.L.,488.176
2023,11,2023-11,FOMICRUZ S.E.,1.5
2023,11,2023-11,HATTRICK ENERGY SAS,0
2023,11,2023-11,HIGH LUCK GROUP LTD. - SUCURSAL ARGENTINA,1.74636666666667
2023,11,2023-11,INGENIERIA ALPA S.A.,3.869
2023,11,2023-11,INGENIERIA SIMA S.A.,0
2023,11,2023-11,INTEROIL ARGENTINA S A,284.403066666667
2023,11,2023-11,JUJUY HIDROCARBUROS SAU,8.008
2023,11,2023-11,KILWER S.A.,97.1597333333333
2023,11,2023-11,MADALENA ENERGY ARGENTINA SRL ,36.3473333333333
2023,11,2023-11,MEDANITO S.A.,6.2104
2023,11,2023-11,OILSTONE ENERGIA S.A.,829.737
2023,11,2023-11,PAMPA ENERGIA S.A.,9322.94333333333
2023,11,2023-11,PAMPETROL S.A.P.E.M,4.41166666666667
2023,11,2023-11,PAN AMERICAN ENERGY SL,18162.7896666667
2023,11,2023-11,PATAGONIA ENERGY S.A.,39.5407333333333
2023,11,2023-11,PETROFARO S.A.,23.3153333333333
2023,11,2023-11,PETROLEOS SUDAMERICANOS S.A.,143.306833333333
2023,11,2023-11,Petrolera Aconcagua Energia S.A.,639.365833333333
2023,11,2023-11,PETROLERA DEL COMAHUE S.A.,0
2023,11,2023-11,PETROLERA EL TREBOL S.A.,15.5485
2023,11,2023-11,PETROLERA PAMPA S.A. ,0
2023,11,2023-11,PETROLERA SAN MIGUEL S.A.,0
2023,11,2023-11,PETROLSUR ENERGIA S.A. ,33.125
2023,11,2023-11,PETROMINERA CHUBUT S.E.,0
2023,11,2023-11,PETROQUIMICA COMODORO RIVADAVIA S.A.,660.088333333333
2023,11,2023-11,Pilgrim Energy S.A.,18.0403333333333
2023,11,2023-11,PLUSPETROL ENERGY S.A.,968.049466666667
2023,11,2023-11,PLUSPETROL S.A.,5871.25263333333
2023,11,2023-11,PRESIDENT PETROLEUM S.A.,11.50714
2023,11,2023-11,QUINTANA E&P ARGENTINA S.R.L.,3.229
2023,11,2023-11,RECURSOS Y ENERGIA FORMOSA S.A.,16.9333333333333
2023,11,2023-11,ROCH S.A.,306.4958
2023,11,2023-11,SAN JORGE PETROLEUM S.A.,0
2023,11,2023-11,SELVA MARIA OIL S.A.,0
2023,11,2023-11,SHELL ARGENTINA S.A.,430.560666666667
2023,11,2023-11,TECPETROL S.A.,14833.5635666667
2023,11,2023-11,TOTAL AUSTRAL S.A.,26916.5507333333
2023,11,2023-11,VENOIL S.A.,12.8
2023,11,2023-11,VISTA ENERGY ARGENTINA SAU,1128.23933333333
2023,11,2023-11,YPF S.A.,34504.042
2023,12,2023-12,ALIANZA PETROLERA ARGENTINA S.A.,42.9516161290323
2023,12,2023-12,ARGENTA ENERGIA S.A.,0
2023,12,2023-12,CAPETROL ARGENTINA S.A.,10
2023,12,2023-12,CAPETROL S.A.,0
2023,12,2023-12,CAPEX S.A.,1674.59903225806
2023,12,2023-12,CGC ENERGIA SAU,1744.48580645161
2023,12,2023-12,CHEVRON ARGENTINA S.R.L.,303.619032258065
2023,12,2023-12,COLHUE HUAPI S.A.,2.99677419354839
2023,12,2023-12,COMPAÑÍA GENERAL DE COMBUSTIBLES S.A.,4315.54231325806
2023,12,2023-12,COMPAÑÍAS ASOCIADAS PETROLERAS S.A.,96.0416129032258
2023,12,2023-12,COPESA CIA CONSTRUCTORA PETROLERA SA,0
2023,12,2023-12,CROWN POINT ENERGIA S.A.,0
2023,12,2023-12,ENAP SIPETROL ARGENTINA S.A.,2413.51709677419
2023,12,2023-12,ENERGIA COMPAÑIA PETROLERA S.A.,0.184193548387097
2023,12,2023-12,ENERGICON S.A.,0
2023,12,2023-12,EXXONMOBIL EXPLORATION AND PRODUCTION OFFSHORE ARGENTINA S.R.L.,0
2023,12,2023-12,EXXONMOBIL EXPLORATION ARGENTINA S.R.L.,552.547741935484
2023,12,2023-12,FOMICRUZ S.E.,1.5
2023,12,2023-12,HATTRICK ENERGY SAS,0
2023,12,2023-12,HIGH LUCK GROUP LTD. - SUCURSAL ARGENTINA,1.19793548387097
2023,12,2023-12,INGENIERIA ALPA S.A.,3.17161290322581
2023,12,2023-12,INGENIERIA SIMA S.A.,0
2023,12,2023-12,INTEROIL ARGENTINA S A,287.66
2023,12,2023-12,JUJUY HIDROCARBUROS SAU,7.80677419354839
2023,12,2023-12,KILWER S.A.,97.2166774193548
2023,12,2023-12,MADALENA ENERGY ARGENTINA SRL ,34.3296774193548
2023,12,2023-12,MEDANITO S.A.,5.95438709677419
2023,12,2023-12,OILSTONE ENERGIA S.A.,766.292258064516
2023,12,2023-12,PAMPA ENERGIA S.A.,7959.75193548387
2023,12,2023-12,PAMPETROL S.A.P.E.M,4.86290322580645
2023,12,2023-12,PAN AMERICAN ENERGY SL,16133.5261290323
2023,12,2023-12,PATAGONIA ENERGY S.A.,35.6118387096774
2023,12,2023-12,PETROFARO S.A.,22.7838709677419
2023,12,2023-12,PETROLEOS SUDAMERICANOS S.A.,142.901935483871
2023,12,2023-12,Petrolera Aconcagua Energia S.A.,613.934290322581
2023,12,2023-12,PETROLERA DEL COMAHUE S.A.,0
2023,12,2023-12,PETROLERA EL TREBOL S.A.,14.614
2023,12,2023-12,PETROLERA PAMPA S.A. ,0
2023,12,2023-12,PETROLERA SAN MIGUEL S.A.,0
2023,12,2023-12,PETROLSUR ENERGIA S.A. ,32.2538709677419
2023,12,2023-12,PETROMINERA CHUBUT S.E.,0
2023,12,2023-12,PETROQUIMICA COMODORO RIVADAVIA S.A.,638.198387096774
2023,12,2023-12,Pilgrim Energy S.A.,18.0239580645161
2023,12,2023-12,PLUSPETROL ENERGY S.A.,971.158677419355
2023,12,2023-12,PLUSPETROL S.A.,5764.07448387097
2023,12,2023-12,PRESIDENT PETROLEUM S.A.,11.4256580645161
2023,12,2023-12,QUINTANA E&P ARGENTINA S.R.L.,2.17774193548387
2023,12,2023-12,RECURSOS Y ENERGIA FORMOSA S.A.,16.0967741935484
2023,12,2023-12,ROCH S.A.,310.234516129032
2023,12,2023-12,SAN JORGE PETROLEUM S.A.,0
2023,12,2023-12,SELVA MARIA OIL S.A.,0
2023,12,2023-12,SHELL ARGENTINA S.A.,460.108709677419
2023,12,2023-12,TECPETROL S.A.,13626.8049354839
2023,12,2023-12,TOTAL AUSTRAL S.A.,21797.8228709677
2023,12,2023-12,VENOIL S.A.,12.8
2023,12,2023-12,VISTA ENERGY ARGENTINA SAU,1058.08677419355
2023,12,2023-12,YPF S.A.,32152.7674193548
2024,1,2024-01,ALIANZA PETROLERA ARGENTINA S.A.,38.2537096774194
2024,1,2024-01,ARGENTA ENERGIA S.A.,0
2024,1,2024-01,CAPETROL ARGENTINA S.A.,9.83870967741935
2024,1,2024-01,CAPETROL S.A.,0
2024,1,2024-01,CAPEX S.A.,1661.02516129032
2024,1,2024-01,CGC ENERGIA SAU,1829.42838709677
2024,1,2024-01,CHEVRON ARGENTINA S.R.L.,358.188709677419
2024,1,2024-01,COLHUE HUAPI S.A.,2.98387096774194
2024,1,2024-01,COMPAÑÍA GENERAL DE COMBUSTIBLES S.A.,4338.29469580645
2024,1,2024-01,COMPAÑÍAS ASOCIADAS PETROLERAS S.A.,101.872258064516
2024,1,2024-01,COPESA CIA CONSTRUCTORA PETROLERA SA,0
2024,1,2024-01,CROWN POINT ENERGIA S.A.,0
2024,1,2024-01,ENAP SIPETROL ARGENTINA S.A.,2346.59677419355
2024,1,2024-01,ENERGICON S.A.,0
2024,1,2024-01,EXXONMOBIL EXPLORATION AND PRODUCTION OFFSHORE ARGENTINA S.R.L.,0
2024,1,2024-01,EXXONMOBIL EXPLORATION ARGENTINA S.R.L.,546.613548387097
2024,1,2024-01,FOMICRUZ S.E.,1.5
2024,1,2024-01,HATTRICK ENERGY SAS,0
2024,1,2024-01,HIGH LUCK GROUP LTD. - SUCURSAL ARGENTINA,0.858
2024,1,2024-01,INGENIERIA ALPA S.A.,3.43451612903226
2024,1,2024-01,INGENIERIA SIMA S.A.,0
2024,1,2024-01,INTEROIL ARGENTINA S A,240.150516129032
2024,1,2024-01,JUJUY HIDROCARBUROS SAU,7.54774193548387
2024,1,2024-01,KILWER S.A.,104.490064516129
2024,1,2024-01,MADALENA ENERGY ARGENTINA SRL ,32.5341935483871
2024,1,2024-01,MEDANITO S.A.,6.12032258064516
2024,1,2024-01,OILSTONE ENERGIA S.A.,675.107096774194
2024,1,2024-01,PAMPA ENERGIA S.A.,10142.5771935484
2024,1,2024-01,PAMPETROL S.A.P.E.M,4.1941935483871
2024,1,2024-01,PAN AMERICAN ENERGY SL,16437.1919354839
2024,1,2024-01,PATAGONIA ENERGY S.A.,34.443064516129
2024,1,2024-01,PETROFARO S.A.,21.9016129032258
2024,1,2024-01,PETROLEOS SUDAMERICANOS S.A.,135.078967741935
2024,1,2024-01,Petrolera Aconcagua Energia S.A.,660.336516129032
2024,1,2024-01,PETROLERA DEL COMAHUE S.A.,0
2024,1,2024-01,PETROLERA EL TREBOL S.A.,12.3875161290323
2024,1,2024-01,PETROLERA PAMPA S.A. ,0
2024,1,2024-01,PETROLERA SAN MIGUEL S.A.,0
2024,1,2024-01,PETROLSUR ENERGIA S.A. ,29.1906451612903
2024,1,2024-01,PETROMINERA CHUBUT S.E.,0
2024,1,2024-01,PETROQUIMICA COMODORO RIVADAVIA S.A.,645.572580645161
2024,1,2024-01,Pilgrim Energy S.A.,18.0317741935484
2024,1,2024-01,PLUSPETROL ENERGY S.A.,955.41964516129
2024,1,2024-01,PLUSPETROL S.A.,5894.41161290323
2024,1,2024-01,PRESIDENT PETROLEUM S.A.,12.065135483871
2024,1,2024-01,QUINTANA E&P ARGENTINA S.R.L.,2.21677419354839
2024,1,2024-01,RECURSOS Y ENERGIA FORMOSA S.A.,17.9677419354839
2024,1,2024-01,ROCH S.A.,306.168612903226
2024,1,2024-01,SAN JORGE PETROLEUM S.A.,0
2024,1,2024-01,SELVA MARIA OIL S.A.,0
2024,1,2024-01,SHELL ARGENTINA S.A.,453.463225806452
2024,1,2024-01,TECPETROL S.A.,15361.3300967742
2024,1,2024-01,TOTAL AUSTRAL S.A.,26527.7208064516
2024,1,2024-01,VENOIL S.A.,10.5806451612903
2024,1,2024-01,VISTA ENERGY ARGENTINA SAU,1023.33806451613
2024,1,2024-01,YPF S.A.,32793.4512903226
2024,2,2024-02,ALIANZA PETROLERA ARGENTINA S.A.,42.5706551724138
2024,2,2024-02,ARGENTA ENERGIA S.A.,0
2024,2,2024-02,CAPETROL ARGENTINA S.A.,9.51724137931035
2024,2,2024-02,CAPETROL S.A.,0
2024,2,2024-02,CAPEX S.A.,1665.32551724138
2024,2,2024-02,CGC ENERGIA SAU,1795.91620689655
2024,2,2024-02,CHEVRON ARGENTINA S.R.L.,359.162413793103
2024,2,2024-02,COLHUE HUAPI S.A.,2.86206896551724
2024,2,2024-02,COMPAÑÍA GENERAL DE COMBUSTIBLES S.A.,4300.06796355172
2024,2,2024-02,COMPAÑÍAS ASOCIADAS PETROLERAS S.A.,93.1634482758621
2024,2,2024-02,COPESA CIA CONSTRUCTORA PETROLERA SA,0
2024,2,2024-02,CROWN POINT ENERGIA S.A.,0
2024,2,2024-02,E.M.E.S.A,0.229103448275862
2024,2,2024-02,ENAP SIPETROL ARGENTINA S.A.,2262.53896551724
2024,2,2024-02,ENERGICON S.A.,0
2024,2,2024-02,EXXONMOBIL EXPLORATION AND PRODUCTION OFFSHORE ARGENTINA S.R.L.,0
2024,2,2024-02,EXXONMOBIL EXPLORATION ARGENTINA S.R.L.,563.139655172414
2024,2,2024-02,FOMICRUZ S.E.,1.5
2024,2,2024-02,HATTRICK ENERGY SAS,0
2024,2,2024-02,HIGH LUCK GROUP LTD. - SUCURSAL ARGENTINA,0.0113448275862069
2024,2,2024-02,INGENIERIA ALPA S.A.,3.80655172413793
2024,2,2024-02,INGENIERIA SIMA S.A.,0
2024,2,2024-02,INTEROIL ARGENTINA S A,174.28975862069
2024,2,2024-02,JUJUY HIDROCARBUROS SAU,7.70275862068966
2024,2,2024-02,KILWER S.A.,123.847793103448
2024,2,2024-02,MADALENA ENERGY ARGENTINA SRL ,30.4837931034483
2024,2,2024-02,MEDANITO S.A.,5.65334482758621
2024,2,2024-02,OILSTONE ENERGIA S.A.,855.924827586207
2024,2,2024-02,PAMPA ENERGIA S.A.,12106.5417241379
2024,2,2024-02,PAMPETROL S.A.P.E.M,4.74551724137931
2024,2,2024-02,PAN AMERICAN ENERGY SL,17383.6606896552
2024,2,2024-02,PATAGONIA ENERGY S.A.,30.0301379310345
2024,2,2024-02,PETROFARO S.A.,21.26
2024,2,2024-02,PETROLEOS SUDAMERICANOS S.A.,130.566793103448
2024,2,2024-02,Petrolera Aconcagua Energia S.A.,688.449068965517
2024,2,2024-02,PETROLERA DEL COMAHUE S.A.,0
2024,2,2024-02,PETROLERA EL TREBOL S.A.,10.6215172413793
2024,2,2024-02,PETROLERA PAMPA S.A. ,0
2024,2,2024-02,PETROLERA SAN MIGUEL S.A.,0
2024,2,2024-02,PETROLSUR ENERGIA S.A. ,34.1720689655172
2024,2,2024-02,PETROMINERA CHUBUT S.E.,0
2024,2,2024-02,PETROQUIMICA COMODORO RIVADAVIA S.A.,646.088620689655
2024,2,2024-02,Pilgrim Energy S.A.,17.9595862068965
2024,2,2024-02,PLUSPETROL ENERGY S.A.,948.166310344828
2024,2,2024-02,PLUSPETROL S.A.,5977.62313793103
2024,2,2024-02,PRESIDENT PETROLEUM S.A.,11.5784103448276
2024,2,2024-02,QUINTANA E&P ARGENTINA S.R.L.,3.33137931034483
2024,2,2024-02,RECURSOS Y ENERGIA FORMOSA S.A.,16.1379310344828
2024,2,2024-02,ROCH S.A.,284.758551724138
2024,2,2024-02,SAN JORGE PETROLEUM S.A.,0
2024,2,2024-02,SELVA MARIA OIL S.A.,0
2024,2,2024-02,SHELL ARGENTINA S.A.,533.896896551724
2024,2,2024-02,TECPETROL S.A.,16717.8804827586
2024,2,2024-02,TOTAL AUSTRAL S.A.,30899.6126206897
2024,2,2024-02,VENOIL S.A.,12.8
2024,2,2024-02,VISTA ENERGY ARGENTINA SAU,974.764137931034
2024,2,2024-02,YPF S.A.,34304.3624137931
2024,3,2024-03,ALIANZA PETROLERA ARGENTINA S.A.,34.2292258064516
2024,3,2024-03,ARGENTA ENERGIA S.A.,0
2024,3,2024-03,CAPETROL ARGENTINA S.A.,9.48387096774194
2024,3,2024-03,CAPETROL S.A.,0
2024,3,2024-03,CAPEX S.A.,1776.79580645161
2024,3,2024-03,CGC ENERGIA SAU,1769.80774193548
2024,3,2024-03,CHEVRON ARGENTINA S.R.L.,377.215806451613
2024,3,2024-03,COLHUE HUAPI S.A.,2.81935483870968
2024,3,2024-03,COMPAÑÍA GENERAL DE COMBUSTIBLES S.A.,4442.17604858065
2024,3,2024-03,COMPAÑÍAS ASOCIADAS PETROLERAS S.A.,98.2203225806452
2024,3,2024-03,COPESA CIA CONSTRUCTORA PETROLERA SA,0
2024,3,2024-03,CROWN POINT ENERGIA S.A.,0
2024,3,2024-03,E.M.E.S.A,3.45687096774194
2024,3,2024-03,ENAP SIPETROL ARGENTINA S.A.,2202.20129032258
2024,3,2024-03,ENERGICON S.A.,0
2024,3,2024-03,EXXONMOBIL EXPLORATION AND PRODUCTION OFFSHORE ARGENTINA S.R.L.,0
2024,3,2024-03,EXXONMOBIL EXPLORATION ARGENTINA S.R.L.,600.578064516129
2024,3,2024-03,FOMICRUZ S.E.,1.5
2024,3,2024-03,HATTRICK ENERGY SAS,0
2024,3,2024-03,HIGH LUCK GROUP LTD. - SUCURSAL ARGENTINA,0.286096774193548
2024,3,2024-03,INGENIERIA ALPA S.A.,3.4758064516129
2024,3,2024-03,INGENIERIA SIMA S.A.,0
2024,3,2024-03,INTEROIL ARGENTINA S A,208.929548387097
2024,3,2024-03,JUJUY HIDROCARBUROS SAU,7.95870967741936
2024,3,2024-03,KILWER S.A.,138.157322580645
2024,3,2024-03,MADALENA ENERGY ARGENTINA SRL ,28.3051612903226
2024,3,2024-03,MEDANITO S.A.,5.47890322580645
2024,3,2024-03,OILSTONE ENERGIA S.A.,809.299032258065
2024,3,2024-03,PAMPA ENERGIA S.A.,12464.0948387097
2024,3,2024-03,PAMPETROL S.A.P.E.M,4.77935483870968
2024,3,2024-03,PAN AMERICAN ENERGY SL,17399.6003225806
2024,3,2024-03,PATAGONIA ENERGY S.A.,30.0406451612903
2024,3,2024-03,PETROFARO S.A.,22.2287096774194
2024,3,2024-03,PETROLEOS SUDAMERICANOS S.A.,127.781677419355
2024,3,2024-03,Petrolera Aconcagua Energia S.A.,692.011258064516
2024,3,2024-03,PETROLERA DEL COMAHUE S.A.,0
2024,3,2024-03,PETROLERA EL TREBOL S.A.,10.0517741935484
2024,3,2024-03,PETROLERA PAMPA S.A. ,0
2024,3,2024-03,PETROLERA SAN MIGUEL S.A.,0
2024,3,2024-03,PETROLSUR ENERGIA S.A. ,32.7390322580645
2024,3,2024-03,PETROMINERA CHUBUT S.E.,0
2024,3,2024-03,PETROQUIMICA COMODORO RIVADAVIA S.A.,635.461290322581
2024,3,2024-03,Pilgrim Energy S.A.,18.0103870967742
2024,3,2024-03,PLUSPETROL ENERGY S.A.,954.008870967742
2024,3,2024-03,PLUSPETROL S.A.,5898.21038709677
2024,3,2024-03,PRESIDENT PETROLEUM S.A.,11.516
2024,3,2024-03,QUINTANA E&P ARGENTINA S.R.L.,3.30967741935484
2024,3,2024-03,RECURSOS Y ENERGIA FORMOSA S.A.,15.8064516129032
2024,3,2024-03,ROCH S.A.,303.078838709677
2024,3,2024-03,SAN JORGE PETROLEUM S.A.,0
2024,3,2024-03,SELVA MARIA OIL S.A.,0
2024,3,2024-03,SHELL ARGENTINA S.A.,565.338387096774
2024,3,2024-03,TECPETROL S.A.,16556.1137419355
2024,3,2024-03,TOTAL AUSTRAL S.A.,30188.1833548387
2024,3,2024-03,VENOIL S.A.,12.8
2024,3,2024-03,VISTA ENERGY ARGENTINA SAU,983.655161290323
2024,3,2024-03,YPF S.A.,35209.0148387097
2024,4,2024-04,ALIANZA PETROLERA ARGENTINA S.A.,28.1117333333333
2024,4,2024-04,ARGENTA ENERGIA S.A.,0
2024,4,2024-04,CAPETROL ARGENTINA S.A.,10.5
2024,4,2024-04,CAPETROL S.A.,0
2024,4,2024-04,CAPEX S.A.,1711.361
2024,4,2024-04,CGC ENERGIA SAU,1746.458
2024,4,2024-04,CHEVRON ARGENTINA S.R.L.,412.984
2024,4,2024-04,COLHUE HUAPI S.A.,2.89333333333333
2024,4,2024-04,COMPAÑÍA GENERAL DE COMBUSTIBLES S.A.,4390.2577304
2024,4,2024-04,COMPAÑÍAS ASOCIADAS PETROLERAS S.A.,88.43
2024,4,2024-04,COPESA CIA CONSTRUCTORA PETROLERA SA,0
2024,4,2024-04,CROWN POINT ENERGIA S.A.,0
2024,4,2024-04,E.M.E.S.A,2.37483333333333
2024,4,2024-04,ENAP SIPETROL ARGENTINA S.A.,2161.37533333333
2024,4,2024-04,ENERGICON S.A.,0
2024,4,2024-04,EXXONMOBIL EXPLORATION ARGENTINA S.R.L.,701.044333333333
2024,4,2024-04,FOMICRUZ S.E.,1.5
2024,4,2024-04,HATTRICK ENERGY SAS,0
2024,4,2024-04,HIGH LUCK GROUP LTD. - SUCURSAL ARGENTINA,0.1944
2024,4,2024-04,INGENIERIA ALPA S.A.,3.47833333333333
2024,4,2024-04,INGENIERIA SIMA S.A.,0
2024,4,2024-04,INTEROIL ARGENTINA S A,255.5371
2024,4,2024-04,JUJUY HIDROCARBUROS SAU,7.618
2024,4,2024-04,KILWER S.A.,142.446333333333
2024,4,2024-04,MADALENA ENERGY ARGENTINA SRL ,32.6556666666667
2024,4,2024-04,MEDANITO S.A.,5.31706666666667
2024,4,2024-04,OILSTONE ENERGIA S.A.,820.714666666667
2024,4,2024-04,PAMPA ENERGIA S.A.,12446.9016666667
2024,4,2024-04,PAMPETROL S.A.P.E.M,4.67066666666667
2024,4,2024-04,PAN AMERICAN ENERGY SL,17431.0263333333
2024,4,2024-04,PATAGONIA ENERGY S.A.,34.9097333333333
2024,4,2024-04,PETROFARO S.A.,22.249
2024,4,2024-04,PETROLEOS SUDAMERICANOS S.A.,134.128466666667
2024,4,2024-04,Petrolera Aconcagua Energia S.A.,733.026566666667
2024,4,2024-04,PETROLERA DEL COMAHUE S.A.,0
2024,4,2024-04,PETROLERA EL TREBOL S.A.,11.4068666666667
2024,4,2024-04,PETROLERA PAMPA S.A. ,0
2024,4,2024-04,PETROLERA SAN MIGUEL S.A.,0
2024,4,2024-04,PETROLSUR ENERGIA S.A. ,22.5696666666667
2024,4,2024-04,PETROMINERA CHUBUT S.E.,0
2024,4,2024-04,PETROQUIMICA COMODORO RIVADAVIA S.A.,640.806333333333
2024,4,2024-04,Pilgrim Energy S.A.,17.8731766666667
2024,4,2024-04,PLUSPETROL ENERGY S.A.,957.0434
2024,4,2024-04,PLUSPETROL S.A.,5947.19683333333
2024,4,2024-04,PRESIDENT PETROLEUM S.A.,9.97275333333333
2024,4,2024-04,QUINTANA E&P ARGENTINA S.R.L.,3.38133333333333
2024,4,2024-04,RECURSOS Y ENERGIA FORMOSA S.A.,14
2024,4,2024-04,ROCH S.A.,280.476866666667
2024,4,2024-04,SAN JORGE PETROLEUM S.A.,0
2024,4,2024-04,SELVA MARIA OIL S.A.,0
2024,4,2024-04,SHELL ARGENTINA S.A.,585.270333333333
2024,4,2024-04,TECPETROL S.A.,17058.8318
2024,4,2024-04,TOTAL AUSTRAL S.A.,30203.8894
2024,4,2024-04,VENOIL S.A.,12.5166666666667
2024,4,2024-04,VISTA ENERGY ARGENTINA SAU,1067.808
2024,4,2024-04,YPF S.A.,35992.2693333333
2024,5,2024-05,ALIANZA PETROLERA ARGENTINA S.A.,35.4779032258065
2024,5,2024-05,ARGENTA ENERGIA S.A.,0
2024,5,2024-05,CAPETROL ARGENTINA S.A.,8.29032258064516
2024,5,2024-05,CAPETROL S.A.,0
2024,5,2024-05,CAPEX S.A.,1682.55741935484
2024,5,2024-05,CGC ENERGIA SAU,1915.6664516129
2024,5,2024-05,CHEVRON ARGENTINA S.R.L.,398.387741935484
2024,5,2024-05,COLHUE HUAPI S.A.,2.81290322580645
2024,5,2024-05,COMPAÑÍA GENERAL DE COMBUSTIBLES S.A.,4432.14558409677
2024,5,2024-05,COMPAÑÍAS ASOCIADAS PETROLERAS S.A.,91.6651612903226
2024,5,2024-05,COPESA CIA CONSTRUCTORA PETROLERA SA,0
2024,5,2024-05,CROWN POINT ENERGIA S.A.,0
2024,5,2024-05,E.M.E.S.A,2.09770967741935
2024,5,2024-05,ENAP SIPETROL ARGENTINA S.A.,2220.2135483871
2024,5,2024-05,ENERGICON S.A.,0
2024,5,2024-05,EXXONMOBIL EXPLORATION ARGENTINA S.R.L.,836.971290322581
2024,5,2024-05,FOMICRUZ S.E.,1.5
2024,5,2024-05,HATTRICK ENERGY SAS,0
2024,5,2024-05,HIGH LUCK GROUP LTD. - SUCURSAL ARGENTINA,0.243903225806452
2024,5,2024-05,INGENIERIA ALPA S.A.,3.47225806451613
2024,5,2024-05,INGENIERIA SIMA S.A.,0
2024,5,2024-05,INTEROIL ARGENTINA S A,219.046677419355
2024,5,2024-05,JUJUY HIDROCARBUROS SAU,7.95322580645161
2024,5,2024-05,KILWER S.A.,135.532483870968
2024,5,2024-05,MADALENA ENERGY ARGENTINA SRL ,35.0606451612903
2024,5,2024-05,MEDANITO S.A.,4.98864516129032
2024,5,2024-05,OILSTONE ENERGIA S.A.,810.423548387097
2024,5,2024-05,PAMPA ENERGIA S.A.,15522.4606451613
2024,5,2024-05,PAMPETROL S.A.P.E.M,4.56935483870968
2024,5,2024-05,PAN AMERICAN ENERGY SL,19538.9183870968
2024,5,2024-05,PATAGONIA ENERGY S.A.,38.4018064516129
2024,5,2024-05,PETROFARO S.A.,21.9541935483871
2024,5,2024-05,PETROLEOS SUDAMERICANOS S.A.,127.128161290323
2024,5,2024-05,Petrolera Aconcagua Energia S.A.,619.621967741935
2024,5,2024-05,PETROLERA DEL COMAHUE S.A.,0
2024,5,2024-05,PETROLERA EL TREBOL S.A.,13.5269032258065
2024,5,2024-05,PETROLERA PAMPA S.A. ,0
2024,5,2024-05,PETROLERA SAN MIGUEL S.A.,0
2024,5,2024-05,PETROLSUR ENERGIA S.A. ,22.0096774193548
2024,5,2024-05,PETROMINERA CHUBUT S.E.,0
2024,5,2024-05,PETROQUIMICA COMODORO RIVADAVIA S.A.,622.515161290323
2024,5,2024-05,Pilgrim Energy S.A.,17.8640322580645
2024,5,2024-05,PLUSPETROL S.A.,7194.94261290323
2024,5,2024-05,PRESIDENT PETROLEUM S.A.,9.8405935483871
2024,5,2024-05,QUINTANA E&P ARGENTINA S.R.L.,3.53677419354839
2024,5,2024-05,RECURSOS Y ENERGIA FORMOSA S.A.,14
2024,5,2024-05,ROCH S.A.,276.107
2024,5,2024-05,SAN JORGE PETROLEUM S.A.,0
2024,5,2024-05,SELVA MARIA OIL S.A.,0
2024,5,2024-05,SHELL ARGENTINA S.A.,507.653225806452
2024,5,2024-05,TECPETROL S.A.,23009.367
2024,5,2024-05,TOTAL AUSTRAL S.A.,31624.4435483871
2024,5,2024-05,VENOIL S.A.,9.05967741935484
2024,5,2024-05,VISTA ENERGY ARGENTINA SAU,1094.36225806452
2024,5,2024-05,YPF S.A.,37004.1087096774
2024,6,2024-06,ALIANZA PETROLERA ARGENTINA S.A.,40.1349
2024,6,2024-06,ARGENTA ENERGIA S.A.,0
2024,6,2024-06,CAPETROL ARGENTINA S.A.,8.26666666666667
2024,6,2024-06,CAPETROL S.A.,0
2024,6,2024-06,CAPEX S.A.,1659.084
2024,6,2024-06,CGC ENERGIA SAU,2032.69466666667
2024,6,2024-06,CHEVRON ARGENTINA S.R.L.,347.380666666667
2024,6,2024-06,COLHUE HUAPI S.A.,2.59
2024,6,2024-06,COMPAÑÍA GENERAL DE COMBUSTIBLES S.A.,3963.59509256667
2024,6,2024-06,COMPAÑÍAS ASOCIADAS PETROLERAS S.A.,60.7143333333333
2024,6,2024-06,COPESA CIA CONSTRUCTORA PETROLERA SA,0
2024,6,2024-06,CROWN POINT ENERGIA S.A.,0
2024,6,2024-06,E.M.E.S.A,2.34016666666667
2024,6,2024-06,ENAP SIPETROL ARGENTINA S.A.,2220.02266666667
2024,6,2024-06,ENERGICON S.A.,0
2024,6,2024-06,EXXONMOBIL EXPLORATION ARGENTINA S.R.L.,935.275333333333
2024,6,2024-06,FOMICRUZ S.E.,1.5
2024,6,2024-06,HATTRICK ENERGY SAS,0
2024,6,2024-06,HIGH LUCK GROUP LTD. - SUCURSAL ARGENTINA,0.198533333333333
2024,6,2024-06,INGENIERIA ALPA S.A.,2.75666666666667
2024,6,2024-06,INGENIERIA SIMA S.A.,0
2024,6,2024-06,INTEROIL ARGENTINA S A,144.0357
2024,6,2024-06,JUJUY HIDROCARBUROS SAU,7.56433333333333
2024,6,2024-06,KILWER S.A.,117.067733333333
2024,6,2024-06,MADALENA ENERGY ARGENTINA SRL ,33.577
2024,6,2024-06,MEDANITO S.A.,5.08556666666667
2024,6,2024-06,OILSTONE ENERGIA S.A.,809.999333333333
2024,6,2024-06,PAMPA ENERGIA S.A.,15849.2523333333
2024,6,2024-06,PAMPETROL S.A.P.E.M,3.11366666666667
2024,6,2024-06,PAN AMERICAN ENERGY SL,19923.9183333333
2024,6,2024-06,PATAGONIA ENERGY S.A.,31.0150666666667
2024,6,2024-06,PETROFARO S.A.,22.5666666666667
2024,6,2024-06,PETROLEOS SUDAMERICANOS S.A.,129.710666666667
2024,6,2024-06,Petrolera Aconcagua Energia S.A.,613.294533333333
2024,6,2024-06,PETROLERA DEL COMAHUE S.A.,0
2024,6,2024-06,PETROLERA EL TREBOL S.A.,13.494
2024,6,2024-06,PETROLERA PAMPA S.A. ,0
2024,6,2024-06,PETROLERA SAN MIGUEL S.A.,0
2024,6,2024-06,PETROLSUR ENERGIA S.A. ,17.9946666666667
2024,6,2024-06,PETROMINERA CHUBUT S.E.,0
2024,6,2024-06,PETROQUIMICA COMODORO RIVADAVIA S.A.,636.456
2024,6,2024-06,Pilgrim Energy S.A.,17.0076133333333
2024,6,2024-06,PLUSPETROL S.A.,8318.36976666667
2024,6,2024-06,PRESIDENT PETROLEUM S.A.,9.06774
2024,6,2024-06,QUINTANA E&P ARGENTINA S.R.L.,3.212
2024,6,2024-06,RECURSOS Y ENERGIA FORMOSA S.A.,13.6666666666667
2024,6,2024-06,ROCH S.A.,267.128133333333
2024,6,2024-06,SAN JORGE PETROLEUM S.A.,0
2024,6,2024-06,SELVA MARIA OIL S.A.,0
2024,6,2024-06,SHELL ARGENTINA S.A.,563.191
2024,6,2024-06,TECPETROL S.A.,23156.0804333333
2024,6,2024-06,TOTAL AUSTRAL S.A.,31404.75
2024,6,2024-06,VENOIL S.A.,5
2024,6,2024-06,VISTA ENERGY ARGENTINA SAU,1244.47433333333
2024,6,2024-06,YPF S.A.,32920.6316666667
2024,7,2024-07,ALIANZA PETROLERA ARGENTINA S.A.,17.6029677419355
2024,7,2024-07,ARGENTA ENERGIA S.A.,0
2024,7,2024-07,CAPETROL ARGENTINA S.A.,8.12903225806452
2024,7,2024-07,CAPETROL S.A.,0
2024,7,2024-07,CAPEX S.A.,1666.13741935484
2024,7,2024-07,CGC ENERGIA SAU,1977.86451612903
2024,7,2024-07,CHEVRON ARGENTINA S.R.L.,528.290322580645
2024,7,2024-07,COLHUE HUAPI S.A.,2.25483870967742
2024,7,2024-07,COMPAÑÍA GENERAL DE COMBUSTIBLES S.A.,3949.40383380645
2024,7,2024-07,COMPAÑÍAS ASOCIADAS PETROLERAS S.A.,73.5174193548387
2024,7,2024-07,COPESA CIA CONSTRUCTORA PETROLERA SA,0
2024,7,2024-07,CROWN POINT ENERGIA S.A.,0
2024,7,2024-07,E.M.E.S.A,2.43403225806452
2024,7,2024-07,ENAP SIPETROL ARGENTINA S.A.,2167.9435483871
2024,7,2024-07,ENERGICON S.A.,0
2024,7,2024-07,EXXONMOBIL EXPLORATION ARGENTINA S.R.L.,921.16
2024,7,2024-07,FOMICRUZ S.E.,1.5
2024,7,2024-07,HATTRICK ENERGY SAS,0
2024,7,2024-07,HIGH LUCK GROUP LTD. - SUCURSAL ARGENTINA,0.206548387096774
2024,7,2024-07,INGENIERIA ALPA S.A.,2.75967741935484
2024,7,2024-07,INGENIERIA SIMA S.A.,0
2024,7,2024-07,INTEROIL ARGENTINA S A,119.726129032258
2024,7,2024-07,JUJUY HIDROCARBUROS SAU,7.52322580645161
2024,7,2024-07,KILWER S.A.,115.450806451613
2024,7,2024-07,MADALENA ENERGY ARGENTINA SRL ,30.7248387096774
2024,7,2024-07,MEDANITO S.A.,4.85141935483871
2024,7,2024-07,OILSTONE ENERGIA S.A.,769.427096774194
2024,7,2024-07,PAMPA ENERGIA S.A.,15603.7080645161
2024,7,2024-07,PAMPETROL S.A.P.E.M,4.10354838709677
2024,7,2024-07,PAN AMERICAN ENERGY SL,20284.9435483871
2024,7,2024-07,PATAGONIA ENERGY S.A.,26.3088387096774
2024,7,2024-07,PETROFARO S.A.,22.0632258064516
2024,7,2024-07,PETROLEOS SUDAMERICANOS S.A.,132.869483870968
2024,7,2024-07,Petrolera Aconcagua Energia S.A.,581.577032258064
2024,7,2024-07,PETROLERA DEL COMAHUE S.A.,0
2024,7,2024-07,PETROLERA EL TREBOL S.A.,12.3891935483871
2024,7,2024-07,PETROLERA PAMPA S.A. ,0
2024,7,2024-07,PETROLERA SAN MIGUEL S.A.,0
2024,7,2024-07,PETROLSUR ENERGIA S.A. ,34.3803225806452
2024,7,2024-07,PETROMINERA CHUBUT S.E.,0
2024,7,2024-07,PETROQUIMICA COMODORO RIVADAVIA S.A.,637.719032258065
2024,7,2024-07,Pilgrim Energy S.A.,17.7749903225806
2024,7,2024-07,PLUSPETROL S.A.,9457.93138709677
2024,7,2024-07,PRESIDENT PETROLEUM S.A.,8.93249032258064
2024,7,2024-07,QUINTANA E&P ARGENTINA S.R.L.,3.00096774193548
2024,7,2024-07,RECURSOS Y ENERGIA FORMOSA S.A.,12.4516129032258
2024,7,2024-07,ROCH S.A.,282.319709677419
2024,7,2024-07,SAN JORGE PETROLEUM S.A.,0
2024,7,2024-07,SELVA MARIA OIL S.A.,0
2024,7,2024-07,SHELL ARGENTINA S.A.,578.338387096774
2024,7,2024-07,TECPETROL S.A.,24417.5210322581
2024,7,2024-07,TOTAL AUSTRAL S.A.,31925.250483871
2024,7,2024-07,VENOIL S.A.,5
2024,7,2024-07,VISTA ENERGY ARGENTINA SAU,1316.76096774194
2024,7,2024-07,YPF S.A.,34172.6280645161
2024,8,2024-08,ALIANZA PETROLERA ARGENTINA S.A.,33.0791290322581
2024,8,2024-08,ARGENTA ENERGIA S.A.,0
2024,8,2024-08,CAPETROL ARGENTINA S.A.,0
2024,8,2024-08,CAPETROL S.A.,0
2024,8,2024-08,CAPEX S.A.,1670.06064516129
2024,8,2024-08,CGC ENERGIA SAU,1982.60096774194
2024,8,2024-08,CHEVRON ARGENTINA S.R.L.,684.231935483871
2024,8,2024-08,COLHUE HUAPI S.A.,2.70967741935484
2024,8,2024-08,COMPAÑÍA GENERAL DE COMBUSTIBLES S.A.,4188.09350603226
2024,8,2024-08,COMPAÑÍAS ASOCIADAS PETROLERAS S.A.,85.711935483871
2024,8,2024-08,COPESA CIA CONSTRUCTORA PETROLERA SA,0
2024,8,2024-08,CROWN POINT ENERGIA S.A.,0
2024,8,2024-08,E.M.E.S.A,1.56087096774194
2024,8,2024-08,ENAP SIPETROL ARGENTINA S.A.,2032.17612903226
2024,8,2024-08,ENERGICON S.A.,0
2024,8,2024-08,EXXONMOBIL EXPLORATION ARGENTINA S.R.L.,868.997741935484
2024,8,2024-08,FOMICRUZ S.E.,1.5
2024,8,2024-08,HATTRICK ENERGY SAS,0
2024,8,2024-08,HIGH LUCK GROUP LTD. - SUCURSAL ARGENTINA,0.0922903225806452
2024,8,2024-08,INGENIERIA ALPA S.A.,2.77387096774194
2024,8,2024-08,INGENIERIA SIMA S.A.,0
2024,8,2024-08,INTEROIL ARGENTINA S A,109.51564516129
2024,8,2024-08,JUJUY HIDROCARBUROS SAU,7.51096774193548
2024,8,2024-08,KILWER S.A.,136.859548387097
2024,8,2024-08,MADALENA ENERGY ARGENTINA SRL ,34.518064516129
2024,8,2024-08,MEDANITO S.A.,4.63590322580645
2024,8,2024-08,OILSTONE ENERGIA S.A.,805.392903225806
2024,8,2024-08,PAMPA ENERGIA S.A.,13183.1877419355
2024,8,2024-08,PAMPETROL S.A.P.E.M,4.48870967741936
2024,8,2024-08,PAN AMERICAN ENERGY SL,19799.7577419355
2024,8,2024-08,PATAGONIA ENERGY S.A.,35.7577741935484
2024,8,2024-08,PATAGONIA RESOURCES S.A. ,8
2024,8,2024-08,PETROFARO S.A.,20.6883870967742
2024,8,2024-08,PETROLEOS SUDAMERICANOS S.A.,134.773290322581
2024,8,2024-08,Petrolera Aconcagua Energia S.A.,577.934064516129
2024,8,2024-08,PETROLERA DEL COMAHUE S.A.,0
2024,8,2024-08,PETROLERA EL TREBOL S.A.,13.0722903225806
2024,8,2024-08,PETROLERA PAMPA S.A. ,0
2024,8,2024-08,PETROLERA SAN MIGUEL S.A.,0
2024,8,2024-08,PETROLSUR ENERGIA S.A. ,31.7232258064516
2024,8,2024-08,PETROMINERA CHUBUT S.E.,0
2024,8,2024-08,PETROQUIMICA COMODORO RIVADAVIA S.A.,602.642903225806
2024,8,2024-08,Pilgrim Energy S.A.,17.9589774193548
2024,8,2024-08,PLUSPETROL S.A.,10582.4960967742
2024,8,2024-08,PRESIDENT PETROLEUM S.A.,9.4141935483871
2024,8,2024-08,QUINTANA E&P ARGENTINA S.R.L.,3.62838709677419
2024,8,2024-08,RECURSOS Y ENERGIA FORMOSA S.A.,12.8709677419355
2024,8,2024-08,ROCH S.A.,264.495741935484
2024,8,2024-08,SAN JORGE PETROLEUM S.A.,0
2024,8,2024-08,SELVA MARIA OIL S.A.,0
2024,8,2024-08,SHELL ARGENTINA S.A.,563.606451612903
2024,8,2024-08,TECPETROL S.A.,24080.2388709677
2024,8,2024-08,TOTAL AUSTRAL S.A.,31621.7891612903
2024,8,2024-08,VENOIL S.A.,5
2024,8,2024-08,VISTA ENERGY ARGENTINA SAU,1169.58806451613
2024,8,2024-08,YPF S.A.,37637.3274193548
2024,9,2024-09,ALIANZA PETROLERA ARGENTINA S.A.,31.8630666666667
2024,9,2024-09,ARGENTA ENERGIA S.A.,0
2024,9,2024-09,CAPETROL ARGENTINA S.A.,0
2024,9,2024-09,CAPETROL S.A.,0
2024,9,2024-09,CAPEX S.A.,1670.27
2024,9,2024-09,CGC ENERGIA SAU,1995.14266666667
2024,9,2024-09,CHEVRON ARGENTINA S.R.L.,575.483
2024,9,2024-09,COLHUE HUAPI S.A.,4.84666666666667
2024,9,2024-09,COMPAÑÍA GENERAL DE COMBUSTIBLES S.A.,4147.0850066
2024,9,2024-09,COMPAÑÍAS ASOCIADAS PETROLERAS S.A.,88.5573333333333
2024,9,2024-09,COPESA CIA CONSTRUCTORA PETROLERA SA,0
2024,9,2024-09,CROWN POINT ENERGIA S.A.,0
2024,9,2024-09,E.M.E.S.A,1.4116
2024,9,2024-09,ENAP SIPETROL ARGENTINA S.A.,2095.70866666667
2024,9,2024-09,ENERGICON S.A.,0
2024,9,2024-09,EXXONMOBIL EXPLORATION ARGENTINA S.R.L.,820.157666666667
2024,9,2024-09,FOMICRUZ S.E.,1.5
2024,9,2024-09,G Y G OIL SERVICE SRL,0
2024,9,2024-09,HATTRICK ENERGY SAS,0
2024,9,2024-09,HIGH LUCK GROUP LTD. - SUCURSAL ARGENTINA,0.109466666666667
2024,9,2024-09,INGENIERIA ALPA S.A.,3.31166666666667
2024,9,2024-09,INGENIERIA SIMA S.A.,0
2024,9,2024-09,INTEROIL ARGENTINA S A,220.062466666667
2024,9,2024-09,JUJUY HIDROCARBUROS SAU,7.62466666666667
2024,9,2024-09,KILWER S.A.,135.057266666667
2024,9,2024-09,MADALENA ENERGY ARGENTINA SRL ,35.3056666666667
2024,9,2024-09,MEDANITO S.A.,4.39656666666667
2024,9,2024-09,OILSTONE ENERGIA S.A.,805.302
2024,9,2024-09,PAMPA ENERGIA S.A.,12537.5593333333
2024,9,2024-09,PAMPETROL S.A.P.E.M,4.34733333333333
2024,9,2024-09,PAN AMERICAN ENERGY SL,19748.6346666667
2024,9,2024-09,PATAGONIA ENERGY S.A.,33.1575333333333
2024,9,2024-09,PATAGONIA RESOURCES S.A. ,8.26666666666667
2024,9,2024-09,PETROFARO S.A.,21.0613333333333
2024,9,2024-09,PETROLEOS SUDAMERICANOS S.A.,135.038633333333
2024,9,2024-09,Petrolera Aconcagua Energia S.A.,558.572033333333
2024,9,2024-09,PETROLERA DEL COMAHUE S.A.,0
2024,9,2024-09,PETROLERA EL TREBOL S.A.,13.0207666666667
2024,9,2024-09,PETROLERA PAMPA S.A. ,0
2024,9,2024-09,PETROLERA SAN MIGUEL S.A.,0
2024,9,2024-09,PETROLSUR ENERGIA S.A. ,31.0906666666667
2024,9,2024-09,PETROMINERA CHUBUT S.E.,0
2024,9,2024-09,PETROQUIMICA COMODORO RIVADAVIA S.A.,605.081
2024,9,2024-09,Pilgrim Energy S.A.,18.1291
2024,9,2024-09,PLUSPETROL S.A.,10435.0907333333
2024,9,2024-09,PRESIDENT PETROLEUM S.A.,9.83100333333333
2024,9,2024-09,QUINTANA E&P ARGENTINA S.R.L.,3.98966666666667
2024,9,2024-09,RECURSOS Y ENERGIA FORMOSA S.A.,12.1666666666667
2024,9,2024-09,ROCH S.A.,309.2993
2024,9,2024-09,SAN JORGE PETROLEUM S.A.,0
2024,9,2024-09,SELVA MARIA OIL S.A.,0
2024,9,2024-09,SHELL ARGENTINA S.A.,539.134666666667
2024,9,2024-09,TECPETROL S.A.,21901.3199666667
2024,9,2024-09,TOTAL AUSTRAL S.A.,31407.7928333333
2024,9,2024-09,VENOIL S.A.,5
2024,9,2024-09,VISTA ENERGY ARGENTINA SAU,1209.621
2024,9,2024-09,YPF S.A.,35028.2846666667
2024,10,2024-10,ALIANZA PETROLERA ARGENTINA S.A.,38.1526258064516
2024,10,2024-10,ARGENTA ENERGIA S.A.,0
2024,10,2024-10,CAPETROL ARGENTINA S.A.,0
2024,10,2024-10,CAPETROL S.A.,0
2024,10,2024-10,CAPEX S.A.,1624.29322580645
2024,10,2024-10,CGC ENERGIA SAU,2052.51967741936
2024,10,2024-10,CHEVRON ARGENTINA S.R.L.,610.310967741935
2024,10,2024-10,COLHUE HUAPI S.A.,5.51290322580645
2024,10,2024-10,COMPAÑÍA GENERAL DE COMBUSTIBLES S.A.,4144.50757877419
2024,10,2024-10,COMPAÑÍAS ASOCIADAS PETROLERAS S.A.,94.5232258064516
2024,10,2024-10,COPESA CIA CONSTRUCTORA PETROLERA SA,0
2024,10,2024-10,CROWN POINT ENERGIA S.A.,0
2024,10,2024-10,E.M.E.S.A,1.82703225806452
2024,10,2024-10,ENAP SIPETROL ARGENTINA S.A.,2059.43225806452
2024,10,2024-10,ENERGICON S.A.,0
2024,10,2024-10,EXXONMOBIL EXPLORATION ARGENTINA S.R.L.,607.771612903226
2024,10,2024-10,FOMICRUZ S.E.,1.5
2024,10,2024-10,G Y G OIL SERVICE SRL,5
2024,10,2024-10,HATTRICK ENERGY SAS,0
2024,10,2024-10,HIGH LUCK GROUP LTD. - SUCURSAL ARGENTINA,0.199258064516129
2024,10,2024-10,INGENIERIA ALPA S.A.,3.48129032258065
2024,10,2024-10,INGENIERIA SIMA S.A.,0
2024,10,2024-10,INTEROIL ARGENTINA S A,234.766096774194
2024,10,2024-10,JUJUY HIDROCARBUROS SAU,7.52064516129032
2024,10,2024-10,KILWER S.A.,134.157935483871
2024,10,2024-10,MADALENA ENERGY ARGENTINA SRL ,34.5964516129032
2024,10,2024-10,MEDANITO S.A.,4.47206451612903
2024,10,2024-10,OILSTONE ENERGIA S.A.,686.179032258064
2024,10,2024-10,PAMPA ENERGIA S.A.,10954.7267741935
2024,10,2024-10,PAMPETROL S.A.P.E.M,4.47838709677419
2024,10,2024-10,PAN AMERICAN ENERGY SL,18602.9187096774
2024,10,2024-10,PATAGONIA ENERGY S.A.,35.5011612903226
2024,10,2024-10,PATAGONIA RESOURCES S.A. ,8
2024,10,2024-10,PETROFARO S.A.,19.8893548387097
2024,10,2024-10,PETROLEOS SUDAMERICANOS S.A.,133.024870967742
2024,10,2024-10,Petrolera Aconcagua Energia S.A.,476.725709677419
2024,10,2024-10,PETROLERA DEL COMAHUE S.A.,0
2024,10,2024-10,PETROLERA EL TREBOL S.A.,15.8325483870968
2024,10,2024-10,PETROLERA PAMPA S.A. ,0
2024,10,2024-10,PETROLERA SAN MIGUEL S.A.,0
2024,10,2024-10,PETROLSUR ENERGIA S.A. ,29.7154838709677
2024,10,2024-10,PETROMINERA CHUBUT S.E.,0
2024,10,2024-10,PETROQUIMICA COMODORO RIVADAVIA S.A.,598.106129032258
2024,10,2024-10,Pilgrim Energy S.A.,18.2996387096774
2024,10,2024-10,PLUSPETROL S.A.,9494.17048387097
2024,10,2024-10,PRESIDENT PETROLEUM S.A.,9.9847935483871
2024,10,2024-10,QUINTANA E&P ARGENTINA S.R.L.,2.17709677419355
2024,10,2024-10,RECURSOS Y ENERGIA FORMOSA S.A.,11
2024,10,2024-10,ROCH S.A.,293.18435483871
2024,10,2024-10,SAN JORGE PETROLEUM S.A.,0.0487431590322581
2024,10,2024-10,SELVA MARIA OIL S.A.,0
2024,10,2024-10,SHELL ARGENTINA S.A.,514.836129032258
2024,10,2024-10,TECPETROL S.A.,15006.9440322581
2024,10,2024-10,TOTAL AUSTRAL S.A.,32644.7561612903
2024,10,2024-10,VENOIL S.A.,4.97741935483871
2024,10,2024-10,VISTA ENERGY ARGENTINA SAU,1339.41387096774
2024,10,2024-10,YPF S.A.,30594.3516129032
2024,11,2024-11,ALIANZA PETROLERA ARGENTINA S.A.,43.411712
2024,11,2024-11,ARGENTA ENERGIA S.A.,0
2024,11,2024-11,CAPETROL ARGENTINA S.A.,0
2024,11,2024-11,CAPETROL S.A.,0
2024,11,2024-11,CAPEX S.A.,1627.931
2024,11,2024-11,CGC ENERGIA SAU,2181.71633333333
2024,11,2024-11,CHEVRON ARGENTINA S.R.L.,817.59
2024,11,2024-11,COLHUE HUAPI S.A.,5.57
2024,11,2024-11,COMPAÑÍA GENERAL DE COMBUSTIBLES S.A.,4089.24766666667
2024,11,2024-11,COMPAÑÍAS ASOCIADAS PETROLERAS S.A.,92.117
2024,11,2024-11,COPESA CIA CONSTRUCTORA PETROLERA SA,0
2024,11,2024-11,CROWN POINT ENERGIA S.A.,30.4863333333333
2024,11,2024-11,E.M.E.S.A,0.826333333333333
2024,11,2024-11,ENAP SIPETROL ARGENTINA S.A.,1493.82933333333
2024,11,2024-11,ENERGICON S.A.,0
2024,11,2024-11,EXXONMOBIL EXPLORATION ARGENTINA S.R.L.,803.444333333333
2024,11,2024-11,FOMICRUZ S.E.,1.5
2024,11,2024-11,G Y G OIL SERVICE SRL,5.58
2024,11,2024-11,HATTRICK ENERGY SAS,0
2024,11,2024-11,HIGH LUCK GROUP LTD. - SUCURSAL ARGENTINA,0.266766666666667
2024,11,2024-11,INGENIERIA ALPA S.A.,3.99033333333333
2024,11,2024-11,INGENIERIA SIMA S.A.,0
2024,11,2024-11,INTEROIL ARGENTINA S A,157.673166666667
2024,11,2024-11,JUJUY HIDROCARBUROS SAU,7.519
2024,11,2024-11,KILWER S.A.,133.805433333333
2024,11,2024-11,MADALENA ENERGY ARGENTINA SRL ,34.7203333333333
2024,11,2024-11,MEDANITO S.A.,4.3781
2024,11,2024-11,OILSTONE ENERGIA S.A.,786.725
2024,11,2024-11,PAMPA ENERGIA S.A.,11064.762
2024,11,2024-11,PAMPETROL S.A.P.E.M,4.35166666666667
2024,11,2024-11,PAN AMERICAN ENERGY SL,18040.2913333333
2024,11,2024-11,PATAGONIA ENERGY S.A.,31.1173
2024,11,2024-11,PATAGONIA RESOURCES S.A. ,5.5
2024,11,2024-11,PECOM SERVICIOS ENERGIA SAU,26.8641
2024,11,2024-11,PETROFARO S.A.,19.78
2024,11,2024-11,PETROLEOS SUDAMERICANOS S.A.,133.632166666667
2024,11,2024-11,Petrolera Aconcagua Energia S.A.,510.101766666667
2024,11,2024-11,PETROLERA DEL COMAHUE S.A.,0
2024,11,2024-11,PETROLERA EL TREBOL S.A.,30.0841
2024,11,2024-11,PETROLERA PAMPA S.A. ,0
2024,11,2024-11,PETROLERA SAN MIGUEL S.A.,0
2024,11,2024-11,PETROLSUR ENERGIA S.A. ,31.5143333333333
2024,11,2024-11,PETROMINERA CHUBUT S.E.,0
2024,11,2024-11,PETROQUIMICA COMODORO RIVADAVIA S.A.,588.783
2024,11,2024-11,Pilgrim Energy S.A.,19.0588233333333
2024,11,2024-11,PLUSPETROL S.A.,8942.68606666667
2024,11,2024-11,PRESIDENT PETROLEUM S.A.,10.4497266666667
2024,11,2024-11,QUINTANA E&P ARGENTINA S.R.L.,1.94366666666667
2024,11,2024-11,RECURSOS Y ENERGIA FORMOSA S.A.,14.6
2024,11,2024-11,ROCH S.A.,247.508966666667
2024,11,2024-11,SAN JORGE PETROLEUM S.A.,0.251
2024,11,2024-11,SELVA MARIA OIL S.A.,0
2024,11,2024-11,SHELL ARGENTINA S.A.,485.721666666667
2024,11,2024-11,TECPETROL S.A.,12658.8768333333
2024,11,2024-11,TOTAL AUSTRAL S.A.,31333.2088
2024,11,2024-11,VENOIL S.A.,5
2024,11,2024-11,VISTA ENERGY ARGENTINA SAU,1411.52066666667
2024,11,2024-11,YPF S.A.,29237.4633333333
2024,12,2024-12,ALIANZA PETROLERA ARGENTINA S.A.,39.9725932258064
2024,12,2024-12,ARGENTA ENERGIA S.A.,0
2024,12,2024-12,CAPETROL ARGENTINA S.A.,0
2024,12,2024-12,CAPETROL S.A.,0
2024,12,2024-12,CAPEX S.A.,1627.17612903226
2024,12,2024-12,CGC ENERGIA SAU,2163.20935483871
2024,12,2024-12,CHEVRON ARGENTINA S.R.L.,810.655806451613
2024,12,2024-12,COLHUE HUAPI S.A.,4.93548387096774
2024,12,2024-12,COMPAÑÍA GENERAL DE COMBUSTIBLES S.A.,3801.65451612903
2024,12,2024-12,COMPAÑÍAS ASOCIADAS PETROLERAS S.A.,76.1387096774194
2024,12,2024-12,COPESA CIA CONSTRUCTORA PETROLERA SA,0
2024,12,2024-12,CROWN POINT ENERGIA S.A.,29.6258064516129
2024,12,2024-12,E.M.E.S.A,1.95151612903226
2024,12,2024-12,ENAP SIPETROL ARGENTINA S.A.,1954.07064516129
2024,12,2024-12,ENERGICON S.A.,0
2024,12,2024-12,EXXONMOBIL EXPLORATION ARGENTINA S.R.L.,879.088709677419
2024,12,2024-12,FOMICRUZ S.E.,1.5
2024,12,2024-12,G Y G OIL SERVICE SRL,5.26774193548387
2024,12,2024-12,HATTRICK ENERGY SAS,0
2024,12,2024-12,HIGH LUCK GROUP LTD. - SUCURSAL ARGENTINA,0.276935483870968
2024,12,2024-12,INGENIERIA ALPA S.A.,3.6258064516129
2024,12,2024-12,INGENIERIA SIMA S.A.,0
2024,12,2024-12,INTEROIL ARGENTINA S A,264.556129032258
2024,12,2024-12,JUJUY HIDROCARBUROS SAU,7.32032258064516
2024,12,2024-12,KILWER S.A.,118.051290322581
2024,12,2024-12,MADALENA ENERGY ARGENTINA SRL ,33.4409677419355
2024,12,2024-12,MEDANITO S.A.,4.31445161290323
2024,12,2024-12,OILSTONE ENERGIA S.A.,764.511935483871
2024,12,2024-12,PAMPA ENERGIA S.A.,9512.94967741936
2024,12,2024-12,PAMPETROL S.A.P.E.M,4.06612903225806
2024,12,2024-12,PAN AMERICAN ENERGY SL,17460.954516129
2024,12,2024-12,PATAGONIA ENERGY S.A.,25.4659032258064
2024,12,2024-12,PATAGONIA RESOURCES S.A. ,7.96774193548387
2024,12,2024-12,PECOM SERVICIOS ENERGIA SAU,27.6870967741935
2024,12,2024-12,PETROFARO S.A.,21.0509677419355
2024,12,2024-12,PETROLEOS SUDAMERICANOS S.A.,141.181741935484
2024,12,2024-12,Petrolera Aconcagua Energia S.A.,509.026
2024,12,2024-12,PETROLERA DEL COMAHUE S.A.,0
2024,12,2024-12,PETROLERA EL TREBOL S.A.,38.1006774193548
2024,12,2024-12,PETROLERA PAMPA S.A. ,0
2024,12,2024-12,PETROLERA SAN MIGUEL S.A.,0
2024,12,2024-12,PETROLSUR ENERGIA S.A. ,30.8764516129032
2024,12,2024-12,PETROMINERA CHUBUT S.E.,0
2024,12,2024-12,PETROQUIMICA COMODORO RIVADAVIA S.A.,566.333548387097
2024,12,2024-12,Pilgrim Energy S.A.,19.168064516129
2024,12,2024-12,PLUSPETROL S.A.,10327.9019677419
2024,12,2024-12,PRESIDENT PETROLEUM S.A.,9.98500322580645
2024,12,2024-12,QUINTANA E&P ARGENTINA S.R.L.,2.03032258064516
2024,12,2024-12,RECURSOS Y ENERGIA FORMOSA S.A.,14.0677419354839
2024,12,2024-12,ROCH S.A.,261.400451612903
2024,12,2024-12,SAN JORGE PETROLEUM S.A.,0
2024,12,2024-12,SELVA MARIA OIL S.A.,0
2024,12,2024-12,SHELL ARGENTINA S.A.,520.134193548387
2024,12,2024-12,TECPETROL S.A.,13273.3135806452
2024,12,2024-12,TOTAL AUSTRAL S.A.,28835.0125483871
2024,12,2024-12,VENOIL S.A.,191.726774193548
2024,12,2024-12,VISTA ENERGY ARGENTINA SAU,1427.98387096774
2024,12,2024-12,YPF S.A.,28664.0961290323
2025,1,2025-01,ALIANZA PETROLERA ARGENTINA S.A.,38.6845806451613
2025,1,2025-01,ARGENTA ENERGIA S.A.,0
2025,1,2025-01,CAPETROL ARGENTINA S.A.,0
2025,1,2025-01,CAPETROL S.A.,0
2025,1,2025-01,CAPEX S.A.,1553.13903225806
2025,1,2025-01,CGC ENERGIA SAU,2009.04419354839
2025,1,2025-01,CHEVRON ARGENTINA S.R.L.,766.734516129032
2025,1,2025-01,COLHUE HUAPI S.A.,4.63225806451613
2025,1,2025-01,COMPAÑÍA GENERAL DE COMBUSTIBLES S.A.,3747.45322580645
2025,1,2025-01,COMPAÑÍAS ASOCIADAS PETROLERAS S.A.,78.2196774193548
2025,1,2025-01,COPESA CIA CONSTRUCTORA PETROLERA SA,0
2025,1,2025-01,CROWN POINT ENERGIA S.A.,29.6038709677419
2025,1,2025-01,E.M.E.S.A,1.58270967741935
2025,1,2025-01,ENAP SIPETROL ARGENTINA S.A.,1868.24838709677
2025,1,2025-01,ENERGICON S.A.,0
2025,1,2025-01,EXXONMOBIL EXPLORATION ARGENTINA S.R.L.,884.276774193548
2025,1,2025-01,FOMICRUZ S.E.,1.5
2025,1,2025-01,G Y G OIL SERVICE SRL,5.04838709677419
2025,1,2025-01,HATTRICK ENERGY SAS,0
2025,1,2025-01,HIGH LUCK GROUP LTD. - SUCURSAL ARGENTINA,0.243870967741935
2025,1,2025-01,INGENIERIA ALPA S.A.,3.96741935483871
2025,1,2025-01,INGENIERIA SIMA S.A.,0
2025,1,2025-01,INTEROIL ARGENTINA S A,178.803741935484
2025,1,2025-01,JUJUY HIDROCARBUROS SAU,7.25612903225806
2025,1,2025-01,KILWER S.A.,120.508483870968
2025,1,2025-01,MADALENA ENERGY ARGENTINA SRL ,31.9029032258065
2025,1,2025-01,MEDANITO S.A.,4.345
2025,1,2025-01,OILSTONE ENERGIA S.A.,743.907419354839
2025,1,2025-01,PAMPA ENERGIA S.A.,11002.2590322581
2025,1,2025-01,PAMPETROL S.A.P.E.M,4.08032258064516
2025,1,2025-01,PAN AMERICAN ENERGY SL,16284.9687096774
2025,1,2025-01,PATAGONIA ENERGY S.A.,22.019
2025,1,2025-01,PATAGONIA RESOURCES S.A. ,6.70967741935484
2025,1,2025-01,PECOM SERVICIOS ENERGIA SAU,28.8507096774194
2025,1,2025-01,PETROFARO S.A.,21.9016129032258
2025,1,2025-01,PETROLEOS SUDAMERICANOS S.A.,141.504903225806
2025,1,2025-01,Petrolera Aconcagua Energia S.A.,495.736
2025,1,2025-01,PETROLERA DEL COMAHUE S.A.,0
2025,1,2025-01,PETROLERA EL TREBOL S.A.,41.0388064516129
2025,1,2025-01,PETROLERA PAMPA S.A. ,0
2025,1,2025-01,PETROLERA SAN MIGUEL S.A.,0
2025,1,2025-01,PETROLSUR ENERGIA S.A. ,32.4887096774194
2025,1,2025-01,PETROMINERA CHUBUT S.E.,0
2025,1,2025-01,PETROQUIMICA COMODORO RIVADAVIA S.A.,539.084193548387
2025,1,2025-01,Pilgrim Energy S.A.,19.0837612903226
2025,1,2025-01,PLUSPETROL S.A.,10249.8493548387
2025,1,2025-01,PRESIDENT PETROLEUM S.A.,9.29470967741936
2025,1,2025-01,QUINTANA E&P ARGENTINA S.R.L.,1.89225806451613
2025,1,2025-01,RECURSOS Y ENERGIA FORMOSA S.A.,12.7774193548387
2025,1,2025-01,ROCH S.A.,284.349193548387
2025,1,2025-01,SAN JORGE PETROLEUM S.A.,0
2025,1,2025-01,SELVA MARIA OIL S.A.,0
2025,1,2025-01,SHELL ARGENTINA S.A.,509.814193548387
2025,1,2025-01,TECPETROL S.A.,16031.0641612903
2025,1,2025-01,TOTAL AUSTRAL S.A.,34498.924483871
2025,1,2025-01,VENOIL S.A.,162.654193548387
2025,1,2025-01,VISTA ENERGY ARGENTINA SAU,1399.71161290323
2025,1,2025-01,YPF S.A.,34644.3116129032
2025,2,2025-02,ALIANZA PETROLERA ARGENTINA S.A.,33.9820714285714
2025,2,2025-02,ARGENTA ENERGIA S.A.,0
2025,2,2025-02,CAPETROL ARGENTINA S.A.,0
2025,2,2025-02,CAPETROL S.A.,0
2025,2,2025-02,CAPEX S.A.,1572.77714285714
2025,2,2025-02,CGC ENERGIA SAU,2052.40357142857
2025,2,2025-02,CHEVRON ARGENTINA S.R.L.,766.721071428571
2025,2,2025-02,COLHUE HUAPI S.A.,4.4
2025,2,2025-02,COMPAÑÍA GENERAL DE COMBUSTIBLES S.A.,3655.13678571429
2025,2,2025-02,COMPAÑÍAS ASOCIADAS PETROLERAS S.A.,75.0885714285714
2025,2,2025-02,COPESA CIA CONSTRUCTORA PETROLERA SA,0
2025,2,2025-02,CROWN POINT ENERGIA S.A.,25.5446428571429
2025,2,2025-02,E.M.E.S.A,2.06428571428571
2025,2,2025-02,ENAP SIPETROL ARGENTINA S.A.,1842.10428571429
2025,2,2025-02,ENERGICON S.A.,0
2025,2,2025-02,FOMICRUZ S.E.,1.5
2025,2,2025-02,G Y G OIL SERVICE SRL,5.07142857142857
2025,2,2025-02,HATTRICK ENERGY SAS,0
2025,2,2025-02,HIGH LUCK GROUP LTD. - SUCURSAL ARGENTINA,0.328714285714286
2025,2,2025-02,INGENIERIA ALPA S.A.,3.96464285714286
2025,2,2025-02,INGENIERIA SIMA S.A.,0
2025,2,2025-02,INTEROIL ARGENTINA S A,203.236
2025,2,2025-02,JUJUY HIDROCARBUROS SAU,7.91214285714286
2025,2,2025-02,KILWER S.A.,133.471035714286
2025,2,2025-02,MADALENA ENERGY ARGENTINA SRL ,30.3746428571429
2025,2,2025-02,MEDANITO S.A.,4.11257142857143
2025,2,2025-02,OILSTONE ENERGIA S.A.,714.551071428571
2025,2,2025-02,PAMPA ENERGIA S.A.,13699.8075
2025,2,2025-02,PAMPETROL S.A.P.E.M,4.05357142857143
2025,2,2025-02,PAN AMERICAN ENERGY SL,16354.1364285714
2025,2,2025-02,PATAGONIA ENERGY S.A.,14.1641785714286
2025,2,2025-02,PATAGONIA RESOURCES S.A. ,5.42857142857143
2025,2,2025-02,PECOM SERVICIOS ENERGIA SAU,38.76275
2025,2,2025-02,PETROFARO S.A.,22.6692857142857
2025,2,2025-02,PETROLEOS SUDAMERICANOS S.A.,145.419214285714
2025,2,2025-02,Petrolera Aconcagua Energia S.A.,494.880892857143
2025,2,2025-02,PETROLERA DEL COMAHUE S.A.,0
2025,2,2025-02,PETROLERA EL TREBOL S.A.,39.0966428571429
2025,2,2025-02,PETROLERA PAMPA S.A. ,0
2025,2,2025-02,PETROLERA SAN MIGUEL S.A.,0
2025,2,2025-02,PETROLSUR ENERGIA S.A. ,32.0257142857143
2025,2,2025-02,PETROMINERA CHUBUT S.E.,0
2025,2,2025-02,PETROQUIMICA COMODORO RIVADAVIA S.A.,528.623928571429
2025,2,2025-02,Pilgrim Energy S.A.,18.4092321428571
2025,2,2025-02,PLUSPETROL CUENCA NEUQUINA S.R.L.,862.653928571429
2025,2,2025-02,PLUSPETROL S.A.,10859.9441071429
2025,2,2025-02,PRESIDENT PETROLEUM S.A.,9.1937
2025,2,2025-02,QUINTANA E&P ARGENTINA S.R.L.,755.671071428572
2025,2,2025-02,RECURSOS Y ENERGIA FORMOSA S.A.,12.5714285714286
2025,2,2025-02,ROCH S.A.,264.843107142857
2025,2,2025-02,SAN JORGE PETROLEUM S.A.,0
2025,2,2025-02,SELVA MARIA OIL S.A.,0
2025,2,2025-02,SHELL ARGENTINA S.A.,501.442142857143
2025,2,2025-02,TECPETROL S.A.,17745.82
2025,2,2025-02,TOTAL AUSTRAL S.A.,35996.3851428571
2025,2,2025-02,VENOIL S.A.,165.003571428571
2025,2,2025-02,VISTA ENERGY ARGENTINA SAU,1327.22964285714
2025,2,2025-02,YPF S.A.,33769.9721428571
2025,3,2025-03,ALIANZA PETROLERA ARGENTINA S.A.,36.1593548387097
2025,3,2025-03,ARGENTA ENERGIA S.A.,0
2025,3,2025-03,CAPETROL ARGENTINA S.A.,0
2025,3,2025-03,CAPETROL S.A.,0
2025,3,2025-03,CAPEX S.A.,1512.70806451613
2025,3,2025-03,CGC ENERGIA SAU,2172.72838709677
2025,3,2025-03,CHEVRON ARGENTINA S.R.L.,529.677419354839
2025,3,2025-03,COLHUE HUAPI S.A.,4.95483870967742
2025,3,2025-03,COMPAÑÍA GENERAL DE COMBUSTIBLES S.A.,3517.14870967742
2025,3,2025-03,COMPAÑÍAS ASOCIADAS PETROLERAS S.A.,79.2835483870968
2025,3,2025-03,COPESA CIA CONSTRUCTORA PETROLERA SA,0
2025,3,2025-03,CROWN POINT ENERGIA S.A.,26.8232258064516
2025,3,2025-03,E.M.E.S.A,1.85
2025,3,2025-03,ENAP SIPETROL ARGENTINA S.A.,1858.39225806452
2025,3,2025-03,ENERGICON S.A.,0
2025,3,2025-03,FOMICRUZ S.E.,1.5
2025,3,2025-03,G Y G OIL SERVICE SRL,4.58709677419355
2025,3,2025-03,HATTRICK ENERGY SAS,0
2025,3,2025-03,HIGH LUCK GROUP LTD. - SUCURSAL ARGENTINA,0.213387096774194
2025,3,2025-03,INGENIERIA ALPA S.A.,4.87483870967742
2025,3,2025-03,INGENIERIA SIMA S.A.,0
2025,3,2025-03,INTEROIL ARGENTINA S A,253.098
2025,3,2025-03,JUJUY HIDROCARBUROS SAU,8.11709677419355
2025,3,2025-03,KILWER S.A.,141.197548387097
2025,3,2025-03,MADALENA ENERGY ARGENTINA SRL ,27.0561290322581
2025,3,2025-03,MEDANITO S.A.,3.90270967741935
2025,3,2025-03,OILSTONE ENERGIA S.A.,632.38064516129
2025,3,2025-03,PAMPA ENERGIA S.A.,10980.5087096774
2025,3,2025-03,PAMPETROL S.A.P.E.M,3.90354838709677
2025,3,2025-03,PAN AMERICAN ENERGY SL,15575.0003225806
2025,3,2025-03,PATAGONIA ENERGY S.A.,13.8787096774194
2025,3,2025-03,PATAGONIA RESOURCES S.A. ,6.03225806451613
2025,3,2025-03,PECOM SERVICIOS ENERGIA SAU,40.615
2025,3,2025-03,PETROFARO S.A.,19.8712903225806
2025,3,2025-03,PETROLEOS SUDAMERICANOS S.A.,143.121129032258
2025,3,2025-03,Petrolera Aconcagua Energia S.A.,497.918129032258
2025,3,2025-03,PETROLERA DEL COMAHUE S.A.,0
2025,3,2025-03,PETROLERA EL TREBOL S.A.,38.4067419354839
2025,3,2025-03,PETROLERA PAMPA S.A. ,0
2025,3,2025-03,PETROLERA SAN MIGUEL S.A.,0
2025,3,2025-03,PETROLSUR ENERGIA S.A. ,31.4754838709677
2025,3,2025-03,PETROMINERA CHUBUT S.E.,0
2025,3,2025-03,PETROQUIMICA COMODORO RIVADAVIA S.A.,537.001290322581
2025,3,2025-03,Pilgrim Energy S.A.,18.4498387096774
2025,3,2025-03,PLUSPETROL CUENCA NEUQUINA S.R.L.,986.159032258064
2025,3,2025-03,PLUSPETROL S.A.,9714.60206451613
2025,3,2025-03,PRESIDENT PETROLEUM S.A.,9.08335483870968
2025,3,2025-03,QUINTANA E&P ARGENTINA S.R.L.,771.810322580645
2025,3,2025-03,RECURSOS Y ENERGIA FORMOSA S.A.,13.0032258064516
2025,3,2025-03,ROCH S.A.,258.861870967742
2025,3,2025-03,SAN JORGE PETROLEUM S.A.,0
2025,3,2025-03,SELVA MARIA OIL S.A.,0
2025,3,2025-03,SHELL ARGENTINA S.A.,457.189677419355
2025,3,2025-03,TECPETROL S.A.,15823.7995806452
2025,3,2025-03,TOTAL AUSTRAL S.A.,33772.8047096774
2025,3,2025-03,VENOIL S.A.,166.847741935484
2025,3,2025-03,VISTA ENERGY ARGENTINA SAU,1177.38967741935
2025,3,2025-03,YPF S.A.,31930.0603225806
2025,4,2025-04,ALIANZA PETROLERA ARGENTINA S.A.,53.9440666666667
2025,4,2025-04,ARGENTA ENERGIA S.A.,0
2025,4,2025-04,CAPETROL ARGENTINA S.A.,0
2025,4,2025-04,CAPETROL S.A.,0
2025,4,2025-04,CAPEX S.A.,1497.45133333333
2025,4,2025-04,CGC ENERGIA SAU,2302.12266666667
2025,4,2025-04,CHEVRON ARGENTINA S.R.L.,792.063
2025,4,2025-04,COLHUE HUAPI S.A.,5.07
2025,4,2025-04,COMPAÑÍA GENERAL DE COMBUSTIBLES S.A.,3464.358
2025,4,2025-04,COMPAÑÍAS ASOCIADAS PETROLERAS S.A.,76.624
2025,4,2025-04,COPESA CIA CONSTRUCTORA PETROLERA SA,0
2025,4,2025-04,CROWN POINT ENERGIA S.A.,25.1003333333333
2025,4,2025-04,E.M.E.S.A,3.16716666666667
2025,4,2025-04,ENAP SIPETROL ARGENTINA S.A.,1779.89066666667
2025,4,2025-04,ENERGICON S.A.,0
2025,4,2025-04,FOMICRUZ S.E.,1.5
2025,4,2025-04,G Y G OIL SERVICE SRL,5.11
2025,4,2025-04,HATTRICK ENERGY SAS,0
2025,4,2025-04,HIGH LUCK GROUP LTD. - SUCURSAL ARGENTINA,0.228833333333333
2025,4,2025-04,INGENIERIA ALPA S.A.,3.85633333333333
2025,4,2025-04,INGENIERIA SIMA S.A.,0
2025,4,2025-04,INTEROIL ARGENTINA S A,139.274366666667
2025,4,2025-04,JUJUY HIDROCARBUROS SAU,7.73466666666667
2025,4,2025-04,KILWER S.A.,133.001833333333
2025,4,2025-04,MADALENA ENERGY ARGENTINA SRL ,28.803
2025,4,2025-04,MEDANITO S.A.,3.85363333333333
2025,4,2025-04,OILSTONE ENERGIA S.A.,626.151
2025,4,2025-04,PAMPA ENERGIA S.A.,11355.3916666667
2025,4,2025-04,PAMPETROL S.A.P.E.M,3.628
2025,4,2025-04,PAN AMERICAN ENERGY SL,17155.255
2025,4,2025-04,PATAGONIA ENERGY S.A.,7.18243333333333
2025,4,2025-04,PATAGONIA RESOURCES S.A. ,5.52313333333333
2025,4,2025-04,PECOM SERVICIOS ENERGIA SAU,39.312
2025,4,2025-04,PETROFARO S.A.,19.5296666666667
2025,4,2025-04,PETROLEOS SUDAMERICANOS S.A.,219.568333333333
2025,4,2025-04,Petrolera Aconcagua Energia S.A.,500.705866666667
2025,4,2025-04,PETROLERA DEL COMAHUE S.A.,0
2025,4,2025-04,PETROLERA EL TREBOL S.A.,36.2810666666667
2025,4,2025-04,PETROLERA PAMPA S.A. ,0
2025,4,2025-04,PETROLERA SAN MIGUEL S.A.,0
2025,4,2025-04,PETROLSUR ENERGIA S.A. ,29.795
2025,4,2025-04,PETROMINERA CHUBUT S.E.,0
2025,4,2025-04,PETROQUIMICA COMODORO RIVADAVIA S.A.,523.653666666667
2025,4,2025-04,Pilgrim Energy S.A.,18.0521
2025,4,2025-04,PLUSPETROL CUENCA NEUQUINA S.R.L.,1038.045
2025,4,2025-04,PLUSPETROL S.A.,10595.2968333333
2025,4,2025-04,PRESIDENT PETROLEUM S.A.,9.00534333333333
2025,4,2025-04,QUINTANA E&P ARGENTINA S.R.L.,755.959666666667
2025,4,2025-04,RECURSOS Y ENERGIA FORMOSA S.A.,12.2333333333333
2025,4,2025-04,ROCH S.A.,267.661833333333
2025,4,2025-04,SAN JORGE PETROLEUM S.A.,0
2025,4,2025-04,SELVA MARIA OIL S.A.,0
2025,4,2025-04,SHELL ARGENTINA S.A.,395.834
2025,4,2025-04,TECPETROL S.A.,16754.9887
2025,4,2025-04,TOTAL AUSTRAL S.A.,31327.9957
2025,4,2025-04,VENOIL S.A.,185.996666666667
2025,4,2025-04,VISTA ENERGY ARGENTINA SAU,1127.818
2025,4,2025-04,YPF S.A.,33386.8486666667
2025,5,2025-05,ALIANZA PETROLERA ARGENTINA S.A.,52.1947741935484
2025,5,2025-05,ARGENTA ENERGIA S.A.,0
2025,5,2025-05,CAPETROL ARGENTINA S.A.,0
2025,5,2025-05,CAPETROL S.A.,0
2025,5,2025-05,CAPEX S.A.,1480.63032258065
2025,5,2025-05,CGC ENERGIA SAU,2273.59290322581
2025,5,2025-05,CHEVRON ARGENTINA S.R.L.,682.753548387097
2025,5,2025-05,COLHUE HUAPI S.A.,4.88387096774194
2025,5,2025-05,COMPAÑÍA GENERAL DE COMBUSTIBLES S.A.,3354.8335483871
2025,5,2025-05,COMPAÑÍAS ASOCIADAS PETROLERAS S.A.,73.6970967741936
2025,5,2025-05,COPESA CIA CONSTRUCTORA PETROLERA SA,0
2025,5,2025-05,CROWN POINT ENERGIA S.A.,24.3396774193548
2025,5,2025-05,E.M.E.S.A,1.30432258064516
2025,5,2025-05,ENAP SIPETROL ARGENTINA S.A.,1681.65580645161
2025,5,2025-05,ENERGICON S.A.,0
2025,5,2025-05,FOMICRUZ S.E.,1.5
2025,5,2025-05,G Y G OIL SERVICE SRL,5.58387096774194
2025,5,2025-05,HATTRICK ENERGY SAS,0
2025,5,2025-05,HIGH LUCK GROUP LTD. - SUCURSAL ARGENTINA,0.186290322580645
2025,5,2025-05,INGENIERIA ALPA S.A.,3.72032258064516
2025,5,2025-05,INGENIERIA SIMA S.A.,0
2025,5,2025-05,INTEROIL ARGENTINA S A,99.5628064516129
2025,5,2025-05,JUJUY HIDROCARBUROS SAU,7.74741935483871
2025,5,2025-05,KILWER S.A.,116.996387096774
2025,5,2025-05,MADALENA ENERGY ARGENTINA SRL ,28.1145161290323
2025,5,2025-05,MEDANITO S.A.,4.84932258064516
2025,5,2025-05,OILSTONE ENERGIA S.A.,653.013548387097
2025,5,2025-05,PAMPA ENERGIA S.A.,12418.1835483871
2025,5,2025-05,PAMPETROL S.A.P.E.M,3.63709677419355
2025,5,2025-05,PAN AMERICAN ENERGY SL,17767.0496774194
2025,5,2025-05,PATAGONIA ENERGY S.A.,9.83264516129032
2025,5,2025-05,PATAGONIA RESOURCES S.A. ,5.34496774193548
2025,5,2025-05,PECOM SERVICIOS ENERGIA SAU,38.2487096774194
2025,5,2025-05,PETROFARO S.A.,18.918064516129
2025,5,2025-05,PETROLEOS SUDAMERICANOS S.A.,239.316387096774
2025,5,2025-05,Petrolera Aconcagua Energia S.A.,488.888741935484
2025,5,2025-05,PETROLERA DEL COMAHUE S.A.,0
2025,5,2025-05,PETROLERA EL TREBOL S.A.,41.2236129032258
2025,5,2025-05,PETROLERA PAMPA S.A. ,0
2025,5,2025-05,PETROLERA SAN MIGUEL S.A.,0
2025,5,2025-05,PETROLSUR ENERGIA S.A. ,30.3822580645161
2025,5,2025-05,PETROMINERA CHUBUT S.E.,0
2025,5,2025-05,PETROQUIMICA COMODORO RIVADAVIA S.A.,527.102903225806
2025,5,2025-05,Pilgrim Energy S.A.,18.1516451612903
2025,5,2025-05,PLUSPETROL CUENCA NEUQUINA S.R.L.,1060.3435483871
2025,5,2025-05,PLUSPETROL S.A.,11493.4390322581
2025,5,2025-05,PRESIDENT PETROLEUM S.A.,8.84137096774193
2025,5,2025-05,QUINTANA E&P ARGENTINA S.R.L.,745.894516129032
2025,5,2025-05,RECURSOS Y ENERGIA FORMOSA S.A.,11
2025,5,2025-05,ROCH S.A.,244.612709677419
2025,5,2025-05,SAN JORGE PETROLEUM S.A.,0
2025,5,2025-05,SELVA MARIA OIL S.A.,0
2025,5,2025-05,SHELL ARGENTINA S.A.,402.642903225806
2025,5,2025-05,TECPETROL S.A.,21946.8803870968
2025,5,2025-05,TOTAL AUSTRAL S.A.,34504.4240967742
2025,5,2025-05,VENOIL S.A.,168.537096774194
2025,5,2025-05,VISTA ENERGY ARGENTINA SAU,1234.95806451613
2025,5,2025-05,YPF S.A.,33701.4270967742
2025,6,2025-06,ALIANZA PETROLERA ARGENTINA S.A.,53.0559
2025,6,2025-06,ARGENTA ENERGIA S.A.,0
2025,6,2025-06,BENTIA ENERGY S.A.,554.063333333333
2025,6,2025-06,CAPETROL ARGENTINA S.A.,0
2025,6,2025-06,CAPETROL S.A.,0
2025,6,2025-06,CAPEX S.A.,1461.01466666667
2025,6,2025-06,CGC ENERGIA SAU,2260.959
2025,6,2025-06,CHEVRON ARGENTINA S.R.L.,833.219666666667
2025,6,2025-06,COLHUE HUAPI S.A.,4.55333333333333
2025,6,2025-06,COMPAÑÍA GENERAL DE COMBUSTIBLES S.A.,3273.835
2025,6,2025-06,COMPAÑÍAS ASOCIADAS PETROLERAS S.A.,71.373
2025,6,2025-06,COPESA CIA CONSTRUCTORA PETROLERA SA,0
2025,6,2025-06,CROWN POINT ENERGIA S.A.,21.6816666666667
2025,6,2025-06,E.M.E.S.A,1.3436
2025,6,2025-06,ENAP SIPETROL ARGENTINA S.A.,1707.58933333333
2025,6,2025-06,ENERGICON S.A.,0
2025,6,2025-06,FOMICRUZ S.E.,1.5
2025,6,2025-06,G Y G OIL SERVICE SRL,3.07333333333333
2025,6,2025-06,HATTRICK ENERGY SAS,0
2025,6,2025-06,HIGH LUCK GROUP LTD. - SUCURSAL ARGENTINA,0.167066666666667
2025,6,2025-06,INGENIERIA ALPA S.A.,4.70533333333333
2025,6,2025-06,INGENIERIA SIMA S.A.,0
2025,6,2025-06,INTEROIL ARGENTINA S A,36.2376
2025,6,2025-06,JUJUY HIDROCARBUROS SAU,8.28266666666667
2025,6,2025-06,KILWER S.A.,136.177666666667
2025,6,2025-06,MADALENA ENERGY ARGENTINA SRL ,33.848
2025,6,2025-06,MEDANITO S.A.,4.55353333333333
2025,6,2025-06,OILSTONE ENERGIA S.A.,662.698
2025,6,2025-06,PAMPA ENERGIA S.A.,15367.5043333333
2025,6,2025-06,PAMPETROL S.A.P.E.M,3.39833333333333
2025,6,2025-06,PAN AMERICAN ENERGY SL,18211.7203333333
2025,6,2025-06,PATAGONIA ENERGY S.A.,21.1485666666667
2025,6,2025-06,PATAGONIA RESOURCES S.A. ,5.69
2025,6,2025-06,PECOM SERVICIOS ENERGIA SAU,38.7253333333333
2025,6,2025-06,PETROFARO S.A.,18.5673333333333
2025,6,2025-06,PETROLEOS SUDAMERICANOS S.A.,209.925733333333
2025,6,2025-06,Petrolera Aconcagua Energia S.A.,473.488733333333
2025,6,2025-06,PETROLERA DEL COMAHUE S.A.,0
2025,6,2025-06,PETROLERA EL TREBOL S.A.,37.694
2025,6,2025-06,PETROLERA PAMPA S.A. ,0
2025,6,2025-06,PETROLERA SAN MIGUEL S.A.,0
2025,6,2025-06,PETROLSUR ENERGIA S.A. ,30.0286666666667
2025,6,2025-06,PETROMINERA CHUBUT S.E.,0
2025,6,2025-06,PETROQUIMICA COMODORO RIVADAVIA S.A.,523.989333333333
2025,6,2025-06,Pilgrim Energy S.A.,18.5288333333333
2025,6,2025-06,PLUSPETROL CUENCA NEUQUINA S.R.L.,975.9
2025,6,2025-06,PLUSPETROL S.A.,11394.2179333333
2025,6,2025-06,PRESIDENT PETROLEUM S.A.,8.07709333333333
2025,6,2025-06,QUINTANA E&P ARGENTINA S.R.L.,734.948
2025,6,2025-06,RECURSOS Y ENERGIA FORMOSA S.A.,10.9666666666667
2025,6,2025-06,ROCH S.A.,252.339966666667
2025,6,2025-06,SAN JORGE PETROLEUM S.A.,0
2025,6,2025-06,SELVA MARIA OIL S.A.,0
2025,6,2025-06,SHELL ARGENTINA S.A.,469.556333333333
2025,6,2025-06,TECPETROL S.A.,24781.3445333333
2025,6,2025-06,TOTAL AUSTRAL S.A.,37046.4885
2025,6,2025-06,VENOIL S.A.,178.315333333333
2025,6,2025-06,VISTA ENERGY ARGENTINA SAU,1187.603
2025,6,2025-06,YPF S.A.,36217.0443333333
2025,7,2025-07,ALIANZA PETROLERA ARGENTINA S.A.,53.0996129032258
2025,7,2025-07,ARGENTA ENERGIA S.A.,0
2025,7,2025-07,BENTIA ENERGY S.A.,576.68
2025,7,2025-07,CAPETROL ARGENTINA S.A.,0
2025,7,2025-07,CAPETROL S.A.,0
2025,7,2025-07,CAPEX S.A.,1429.88516129032
2025,7,2025-07,CGC ENERGIA SAU,2168.36161290323
2025,7,2025-07,CHEVRON ARGENTINA S.R.L.,938.066774193548
2025,7,2025-07,COLHUE HUAPI S.A.,4.33548387096774
2025,7,2025-07,COMPAÑÍA GENERAL DE COMBUSTIBLES S.A.,3176.87870967742
2025,7,2025-07,COMPAÑÍAS ASOCIADAS PETROLERAS S.A.,71.8648387096774
2025,7,2025-07,COPESA CIA CONSTRUCTORA PETROLERA SA,0
2025,7,2025-07,CROWN POINT ENERGIA S.A.,22.9016129032258
2025,7,2025-07,E.M.E.S.A,1.3958064516129
2025,7,2025-07,ENERGICON S.A.,0
2025,7,2025-07,FOMICRUZ S.E.,1.5
2025,7,2025-07,G Y G OIL SERVICE SRL,3.09354838709677
2025,7,2025-07,HATTRICK ENERGY SAS,0
2025,7,2025-07,HIGH LUCK GROUP LTD. - SUCURSAL ARGENTINA,0.125193548387097
2025,7,2025-07,INGENIERIA ALPA S.A.,4.4358064516129
2025,7,2025-07,INGENIERIA SIMA S.A.,0
2025,7,2025-07,INTEROIL ARGENTINA S A,181.666967741936
2025,7,2025-07,JUJUY HIDROCARBUROS SAU,8.14032258064516
2025,7,2025-07,KILWER S.A.,153.803935483871
2025,7,2025-07,MADALENA ENERGY ARGENTINA SRL ,32.5364516129032
2025,7,2025-07,MEDANITO S.A.,3.82903225806452
2025,7,2025-07,OILSTONE ENERGIA S.A.,659.827903225806
2025,7,2025-07,PAMPA ENERGIA S.A.,16863.4570967742
2025,7,2025-07,PAMPETROL S.A.P.E.M,3.44709677419355
2025,7,2025-07,PAN AMERICAN ENERGY SL,18065.4719354839
2025,7,2025-07,PATAGONIA ENERGY S.A.,22.4538064516129
2025,7,2025-07,PATAGONIA RESOURCES S.A. ,5.54838709677419
2025,7,2025-07,PECOM SERVICIOS ENERGIA SAU,37.4506451612903
2025,7,2025-07,PETROFARO S.A.,18.07
2025,7,2025-07,PETROLEOS SUDAMERICANOS S.A.,205.538290322581
2025,7,2025-07,Petrolera Aconcagua Energia S.A.,465.834193548387
2025,7,2025-07,PETROLERA DEL COMAHUE S.A.,0
2025,7,2025-07,PETROLERA EL TREBOL S.A.,33.2907096774194
2025,7,2025-07,PETROLERA PAMPA S.A. ,0
2025,7,2025-07,PETROLERA SAN MIGUEL S.A.,0
2025,7,2025-07,PETROLERA SANTA MARIA SAU,1690.03580645161
2025,7,2025-07,PETROLSUR ENERGIA S.A. ,29.461935483871
2025,7,2025-07,PETROMINERA CHUBUT S.E.,0
2025,7,2025-07,PETROQUIMICA COMODORO RIVADAVIA S.A.,511.807419354839
2025,7,2025-07,Pilgrim Energy S.A.,17.6717741935484
2025,7,2025-07,PLUSPETROL CUENCA NEUQUINA S.R.L.,979.238709677419
2025,7,2025-07,PLUSPETROL S.A.,11956.2043870968
2025,7,2025-07,PRESIDENT PETROLEUM S.A.,6.46894838709677
2025,7,2025-07,QUINTANA E&P ARGENTINA S.R.L.,1715.5329983871
2025,7,2025-07,RECURSOS Y ENERGIA FORMOSA S.A.,10.9354838709677
2025,7,2025-07,ROCH S.A.,249.316129032258
2025,7,2025-07,SAN JORGE PETROLEUM S.A.,0
2025,7,2025-07,SELVA MARIA OIL S.A.,0
2025,7,2025-07,SHELL ARGENTINA S.A.,506.833870967742
2025,7,2025-07,TECPETROL S.A.,24619.3830322581
2025,7,2025-07,TOTAL AUSTRAL S.A.,37128.6331935484
2025,7,2025-07,VENOIL S.A.,169.506451612903
2025,7,2025-07,VISTA ENERGY ARGENTINA SAU,1177.01516129032
2025,7,2025-07,YPF S.A.,34780.5593548387
2025,8,2025-08,ALIANZA PETROLERA ARGENTINA S.A.,63.6105161290323
2025,8,2025-08,ARGENTA ENERGIA S.A.,0
2025,8,2025-08,BENTIA ENERGY S.A.,604.429677419355
2025,8,2025-08,CAPETROL ARGENTINA S.A.,0
2025,8,2025-08,CAPETROL S.A.,0
2025,8,2025-08,CAPEX S.A.,1447.79451612903
2025,8,2025-08,CGC ENERGIA SAU,2080.13161290323
2025,8,2025-08,CHEVRON ARGENTINA S.R.L.,1116.84322580645
2025,8,2025-08,COLHUE HUAPI S.A.,4.24838709677419
2025,8,2025-08,COMPAÑÍA GENERAL DE COMBUSTIBLES S.A.,3147.35193548387
2025,8,2025-08,COMPAÑÍAS ASOCIADAS PETROLERAS S.A.,75.5803225806452
2025,8,2025-08,COPESA CIA CONSTRUCTORA PETROLERA SA,0
2025,8,2025-08,CROWN POINT ENERGIA S.A.,21.6706451612903
2025,8,2025-08,E.M.E.S.A,1.54064516129032
2025,8,2025-08,ENERGICON S.A.,0
2025,8,2025-08,FLXS OGE S.A ,937.374838709677
2025,8,2025-08,FOMICRUZ S.E.,1.5
2025,8,2025-08,G Y G OIL SERVICE SRL,2.55161290322581
2025,8,2025-08,HATTRICK ENERGY SAS,0
2025,8,2025-08,HIGH LUCK GROUP LTD. - SUCURSAL ARGENTINA,0.166774193548387
2025,8,2025-08,INGENIERIA ALPA S.A.,4.43129032258065
2025,8,2025-08,INGENIERIA SIMA S.A.,0
2025,8,2025-08,INTEROIL ARGENTINA S A,171.668903225806
2025,8,2025-08,JUJUY HIDROCARBUROS SAU,7.99290322580645
2025,8,2025-08,KILWER S.A.,139.238516129032
2025,8,2025-08,MADALENA ENERGY ARGENTINA SRL ,30.478064516129
2025,8,2025-08,MEDANITO S.A.,3.62974193548387
2025,8,2025-08,OILSTONE ENERGIA S.A.,703.86064516129
2025,8,2025-08,PAMPA ENERGIA S.A.,15452.0029032258
2025,8,2025-08,PAMPETROL S.A.P.E.M,3.57709677419355
2025,8,2025-08,PAN AMERICAN ENERGY SL,17537.4996774194
2025,8,2025-08,PATAGONIA ENERGY S.A.,15.870935483871
2025,8,2025-08,PATAGONIA RESOURCES S.A. ,5.54838709677419
2025,8,2025-08,PECOM SERVICIOS ENERGIA SAU,36.5458064516129
2025,8,2025-08,PETROFARO S.A.,16.5222580645161
2025,8,2025-08,PETROLEOS SUDAMERICANOS S.A.,205.916935483871
2025,8,2025-08,Petrolera Aconcagua Energia S.A.,466.804
2025,8,2025-08,PETROLERA DEL COMAHUE S.A.,0
2025,8,2025-08,PETROLERA EL TREBOL S.A.,30.8958387096774
2025,8,2025-08,PETROLERA PAMPA S.A. ,0
2025,8,2025-08,PETROLERA SAN MIGUEL S.A.,0
2025,8,2025-08,PETROLERA SANTA MARIA SAU,1630.84483870968
2025,8,2025-08,PETROLSUR ENERGIA S.A. ,29.4718387096774
2025,8,2025-08,PETROMINERA CHUBUT S.E.,0
2025,8,2025-08,PETROQUIMICA COMODORO RIVADAVIA S.A.,497.412258064516
2025,8,2025-08,Pilgrim Energy S.A.,17.6784064516129
2025,8,2025-08,PLUSPETROL CUENCA NEUQUINA S.R.L.,1075.13838709677
2025,8,2025-08,PLUSPETROL S.A.,11919.766516129
2025,8,2025-08,QUINTANA E&P ARGENTINA S.R.L.,1707.10387096774
2025,8,2025-08,RECURSOS Y ENERGIA FORMOSA S.A.,11.0322580645161
2025,8,2025-08,ROCH S.A.,244.412548387097
2025,8,2025-08,SAN JORGE PETROLEUM S.A.,0
2025,8,2025-08,SELVA MARIA OIL S.A.,0
2025,8,2025-08,SHELL ARGENTINA S.A.,464.140967741936
2025,8,2025-08,TECPETROL S.A.,23602.2363225806
2025,8,2025-08,TOTAL AUSTRAL S.A.,36394.0383548387
2025,8,2025-08,VENOIL S.A.,183.493548387097
2025,8,2025-08,VISTA ENERGY ARGENTINA SAU,1173.96419354839
2025,8,2025-08,YPF S.A.,34810.8416129032
2025,9,2025-09,ALIANZA PETROLERA ARGENTINA S.A.,59.3299666666667
2025,9,2025-09,ARGENTA ENERGIA S.A.,0
2025,9,2025-09,BENTIA ENERGY S.A.,464.802666666667
2025,9,2025-09,CAPETROL ARGENTINA S.A.,0
2025,9,2025-09,CAPETROL S.A.,0
2025,9,2025-09,CAPEX S.A.,1519.035
2025,9,2025-09,CGC ENERGIA SAU,2070.73733333333
2025,9,2025-09,CHEVRON ARGENTINA S.R.L.,1253.457
2025,9,2025-09,COLHUE HUAPI S.A.,4.36
2025,9,2025-09,COMPAÑÍA GENERAL DE COMBUSTIBLES S.A.,3081.642
2025,9,2025-09,COMPAÑÍAS ASOCIADAS PETROLERAS S.A.,77.394
2025,9,2025-09,COPESA CIA CONSTRUCTORA PETROLERA SA,0
2025,9,2025-09,CROWN POINT ENERGIA S.A.,20.9903333333333
2025,9,2025-09,EDHIPSA,4.28066666666667
2025,9,2025-09,E.M.E.S.A,1.6412
2025,9,2025-09,ENERGICON S.A.,0
2025,9,2025-09,FLXS OGE S.A ,917.859666666667
2025,9,2025-09,FOMICRUZ S.E.,1.5
2025,9,2025-09,G Y G OIL SERVICE SRL,2.31333333333333
2025,9,2025-09,HATTRICK ENERGY SAS,0
2025,9,2025-09,HIGH LUCK GROUP LTD. - SUCURSAL ARGENTINA,0.1607
2025,9,2025-09,INGENIERIA ALPA S.A.,4.63
2025,9,2025-09,INGENIERIA SIMA S.A.,0
2025,9,2025-09,INTEROIL ARGENTINA S A,196.404333333333
2025,9,2025-09,JUJUY HIDROCARBUROS SAU,8.89133333333333
2025,9,2025-09,KILWER S.A.,129.734066666667
2025,9,2025-09,MADALENA ENERGY ARGENTINA SRL ,29.7326666666667
2025,9,2025-09,MEDANITO S.A.,3.49563333333333
2025,9,2025-09,OILSTONE ENERGIA S.A.,676.28
2025,9,2025-09,PAMPA ENERGIA S.A.,10280.6
2025,9,2025-09,PAMPETROL S.A.P.E.M,3.71866666666667
2025,9,2025-09,PAN AMERICAN ENERGY SL,15261.6026666667
2025,9,2025-09,PATAGONIA ENERGY S.A.,9.9672
2025,9,2025-09,PATAGONIA RESOURCES S.A. ,5.73333333333333
2025,9,2025-09,PECOM SERVICIOS ENERGIA SAU,36.1483333333333
2025,9,2025-09,PETROFARO S.A.,16.1986666666667
2025,9,2025-09,PETROLEOS SUDAMERICANOS S.A.,204.310466666667
2025,9,2025-09,Petrolera Aconcagua Energia S.A.,472.317866666667
2025,9,2025-09,PETROLERA DEL COMAHUE S.A.,0
2025,9,2025-09,PETROLERA EL TREBOL S.A.,34.9140333333333
2025,9,2025-09,PETROLERA PAMPA S.A. ,0
2025,9,2025-09,PETROLERA SAN MIGUEL S.A.,0
2025,9,2025-09,PETROLERA SANTA MARIA SAU,1603.42666666667
2025,9,2025-09,PETROLSUR ENERGIA S.A. ,29.5328
2025,9,2025-09,PETROMINERA CHUBUT S.E.,0
2025,9,2025-09,PETROQUIMICA COMODORO RIVADAVIA S.A.,493.792333333333
2025,9,2025-09,Pilgrim Energy S.A.,18.3007666666667
2025,9,2025-09,PLUSPETROL CUENCA NEUQUINA S.R.L.,1048.746
2025,9,2025-09,PLUSPETROL S.A.,11796.2666666667
2025,9,2025-09,QUINTANA E&P ARGENTINA S.R.L.,1651.77666666667
2025,9,2025-09,RECURSOS Y ENERGIA FORMOSA S.A.,11.03
2025,9,2025-09,ROCH S.A.,251.528333333333
2025,9,2025-09,SAN JORGE PETROLEUM S.A.,0
2025,9,2025-09,SELVA MARIA OIL S.A.,0
2025,9,2025-09,SHELL ARGENTINA S.A.,462.501333333333
2025,9,2025-09,TECPETROL S.A.,19788.8472333333
2025,9,2025-09,TOTAL AUSTRAL S.A.,31597.9044
2025,9,2025-09,VENOIL S.A.,224.978
2025,9,2025-09,VISTA ENERGY ARGENTINA SAU,1396.01633333333
2025,9,2025-09,YPF S.A.,31417.0776666667
2025,10,2025-10,ALIANZA PETROLERA ARGENTINA S.A.,53.8472903225806
2025,10,2025-10,ARGENTA ENERGIA S.A.,0
2025,10,2025-10,BENTIA ENERGY S.A.,400.638709677419
2025,10,2025-10,CAPETROL ARGENTINA S.A.,0
2025,10,2025-10,CAPETROL S.A.,0
2025,10,2025-10,CAPEX S.A.,1503.99451612903
2025,10,2025-10,CGC ENERGIA SAU,1900.61483870968
2025,10,2025-10,CHEVRON ARGENTINA S.R.L.,1489.61903225806
2025,10,2025-10,COLHUE HUAPI S.A.,3.98709677419355
2025,10,2025-10,COMPAÑÍA GENERAL DE COMBUSTIBLES S.A.,3049.75064516129
2025,10,2025-10,COMPAÑÍAS ASOCIADAS PETROLERAS S.A.,86.0351612903226
2025,10,2025-10,COPESA CIA CONSTRUCTORA PETROLERA SA,0
2025,10,2025-10,CROWN POINT ENERGIA S.A.,19.8138709677419
2025,10,2025-10,EDHIPSA,4.11332258064516
2025,10,2025-10,E.M.E.S.A,1.83967741935484
2025,10,2025-10,ENERGICON S.A.,0
2025,10,2025-10,FLXS OGE S.A ,910.786129032258
2025,10,2025-10,FOMICRUZ S.E.,1.5
2025,10,2025-10,G Y G OIL SERVICE SRL,2.45161290322581
2025,10,2025-10,HATTRICK ENERGY SAS,0
2025,10,2025-10,HIGH LUCK GROUP LTD. - SUCURSAL ARGENTINA,0.187516129032258
2025,10,2025-10,INGENIERIA ALPA S.A.,4.63354838709677
2025,10,2025-10,INGENIERIA SIMA S.A.,0
2025,10,2025-10,INTEROIL ARGENTINA S A,104.729161290323
2025,10,2025-10,JUJUY HIDROCARBUROS SAU,9.25387096774194
2025,10,2025-10,KILWER S.A.,122.775903225806
2025,10,2025-10,MADALENA ENERGY ARGENTINA SRL ,29.8606451612903
2025,10,2025-10,MEDANITO S.A.,3.47664516129032
2025,10,2025-10,OILSTONE ENERGIA S.A.,576.428709677419
2025,10,2025-10,PAMPA ENERGIA S.A.,9131.94096774194
2025,10,2025-10,PAMPETROL S.A.P.E.M,3.72483870967742
2025,10,2025-10,PAN AMERICAN ENERGY SL,12487.7029032258
2025,10,2025-10,PATAGONIA ENERGY S.A.,15.5632258064516
2025,10,2025-10,PATAGONIA RESOURCES S.A. ,5.54838709677419
2025,10,2025-10,PECOM SERVICIOS ENERGIA SAU,37.4245161290323
2025,10,2025-10,PETROFARO S.A.,18.1906451612903
2025,10,2025-10,PETROLEOS SUDAMERICANOS S.A.,206.775580645161
2025,10,2025-10,Petrolera Aconcagua Energia S.A.,443.455387096774
2025,10,2025-10,PETROLERA DEL COMAHUE S.A.,0
2025,10,2025-10,PETROLERA EL TREBOL S.A.,32.3307096774194
2025,10,2025-10,PETROLERA PAMPA S.A. ,0
2025,10,2025-10,PETROLERA SAN MIGUEL S.A.,0
2025,10,2025-10,PETROLERA SANTA MARIA SAU,1468.87548387097
2025,10,2025-10,PETROLSUR ENERGIA S.A. ,28.7390322580645
2025,10,2025-10,PETROQUIMICA COMODORO RIVADAVIA S.A.,498.963225806452
2025,10,2025-10,Pilgrim Energy S.A.,49.7108967741936
2025,10,2025-10,PLUSPETROL CUENCA NEUQUINA S.R.L.,1187.83870967742
2025,10,2025-10,PLUSPETROL S.A.,10579.3916129032
2025,10,2025-10,QUINTANA E&P ARGENTINA S.R.L.,1529.70677419355
2025,10,2025-10,RECURSOS Y ENERGIA FORMOSA S.A.,11
2025,10,2025-10,ROCH S.A.,238.86
2025,10,2025-10,SAN JORGE PETROLEUM S.A.,0
2025,10,2025-10,SELVA MARIA OIL S.A.,0
2025,10,2025-10,SHELL ARGENTINA S.A.,1418.77612903226
2025,10,2025-10,TECPETROL S.A.,14509.4221612903
2025,10,2025-10,TOTAL AUSTRAL S.A.,30031.4766774194
2025,10,2025-10,VACA MUERTA INVERSIONES SAU,352.406774193548
2025,10,2025-10,VENOIL S.A.,251.12
2025,10,2025-10,VISTA ENERGY ARGENTINA SAU,1441.9435483871
2025,10,2025-10,YPF S.A.,27714.0758064516
2025,11,2025-11,ALIANZA PETROLERA ARGENTINA S.A.,44.9183333333333
2025,11,2025-11,ARGENTA ENERGIA S.A.,0
2025,11,2025-11,BENTIA ENERGY S.A.,413.302
2025,11,2025-11,CAPETROL ARGENTINA S.A.,0
2025,11,2025-11,CAPETROL S.A.,0
2025,11,2025-11,CAPEX S.A.,1457.154
2025,11,2025-11,CGC ENERGIA SAU,1882.91066666667
2025,11,2025-11,CHEVRON ARGENTINA S.R.L.,1426.44133333333
2025,11,2025-11,COLHUE HUAPI S.A.,3.74333333333333
2025,11,2025-11,COMPAÑÍA GENERAL DE COMBUSTIBLES S.A.,3011.823
2025,11,2025-11,COMPAÑÍAS ASOCIADAS PETROLERAS S.A.,78.1956666666667
2025,11,2025-11,COPESA CIA CONSTRUCTORA PETROLERA SA,0
2025,11,2025-11,CROWN POINT ENERGIA S.A.,18.4266666666667
2025,11,2025-11,EDHIPSA,4.0118
2025,11,2025-11,E.M.E.S.A,1.70466666666667
2025,11,2025-11,ENERGICON S.A.,0
2025,11,2025-11,FLXS OGE S.A ,882.803666666667
2025,11,2025-11,FOMICRUZ S.E.,1.5
2025,11,2025-11,GEOPARK ARGENTINA LTD. (SUCURSAL ARGENTINA),19.5323333333333
2025,11,2025-11,G Y G OIL SERVICE SRL,3.08333333333333
2025,11,2025-11,HATTRICK ENERGY SAS,0
2025,11,2025-11,HIGH LUCK GROUP LTD. - SUCURSAL ARGENTINA,0.1795
2025,11,2025-11,INGENIERIA ALPA S.A.,4.519
2025,11,2025-11,INGENIERIA SIMA S.A.,0
2025,11,2025-11,INTEROIL ARGENTINA S A,183.907866666667
2025,11,2025-11,JUJUY HIDROCARBUROS SAU,9.17233333333333
2025,11,2025-11,KILWER S.A.,108.782
2025,11,2025-11,MADALENA ENERGY ARGENTINA SRL ,28.9096666666667
2025,11,2025-11,MEDANITO S.A.,3.0536
2025,11,2025-11,OILSTONE ENERGIA S.A.,516.502333333333
2025,11,2025-11,PAMPA ENERGIA S.A.,9060.33433333333
2025,11,2025-11,PAMPETROL S.A.P.E.M,3.49466666666667
2025,11,2025-11,PAN AMERICAN ENERGY SL,12188.525
2025,11,2025-11,PATAGONIA ENERGY S.A.,19.4928666666667
2025,11,2025-11,PATAGONIA RESOURCES S.A. ,5.73333333333333
2025,11,2025-11,PECOM SERVICIOS ENERGIA SAU,40.226
2025,11,2025-11,PETROFARO S.A.,17.8083333333333
2025,11,2025-11,PETROLEOS SUDAMERICANOS S.A.,210.313666666667
2025,11,2025-11,Petrolera Aconcagua Energia S.A.,419.4649
2025,11,2025-11,PETROLERA DEL COMAHUE S.A.,0
2025,11,2025-11,PETROLERA EL TREBOL S.A.,68.8477333333333
2025,11,2025-11,PETROLERA PAMPA S.A. ,0
2025,11,2025-11,PETROLERA SAN MIGUEL S.A.,0
2025,11,2025-11,PETROLERA SANTA MARIA SAU,1198.57733333333
2025,11,2025-11,PETROLSUR ENERGIA S.A. ,27.9126666666667
2025,11,2025-11,PETROQUIMICA COMODORO RIVADAVIA S.A.,490.748
2025,11,2025-11,Pilgrim Energy S.A.,48.9383666666667
2025,11,2025-11,PLUSPETROL CUENCA NEUQUINA S.R.L.,1048.73033333333
2025,11,2025-11,PLUSPETROL S.A.,9890.39493333333
2025,11,2025-11,QUINTANA E&P ARGENTINA S.R.L.,1448.383
2025,11,2025-11,RECURSOS Y ENERGIA FORMOSA S.A.,11.0333333333333
2025,11,2025-11,ROCH S.A.,251.282566666667
2025,11,2025-11,SAN JORGE PETROLEUM S.A.,0
2025,11,2025-11,SELVA MARIA OIL S.A.,0
2025,11,2025-11,SHELL ARGENTINA S.A.,1442.51933333333
2025,11,2025-11,TECPETROL S.A.,14786.8909666667
2025,11,2025-11,TOTAL AUSTRAL S.A.,31163.1975666667
2025,11,2025-11,VACA MUERTA INVERSIONES SAU,295.679333333333
2025,11,2025-11,VENOIL S.A.,186.274333333333
2025,11,2025-11,VISTA ENERGY ARGENTINA SAU,1275.98433333333
2025,11,2025-11,YPF S.A.,26511.646
2025,12,2025-12,ALIANZA PETROLERA ARGENTINA S.A.,45.1955483870968
2025,12,2025-12,ARGENTA ENERGIA S.A.,0
2025,12,2025-12,AZRUGE S.A.,1.12216129032258
2025,12,2025-12,BENTIA ENERGY S.A.,275.556774193548
2025,12,2025-12,BREST S.A. DE SERVICIOS PETROLEROS,66.1
2025,12,2025-12,CAPETROL ARGENTINA S.A.,0
2025,12,2025-12,CAPETROL S.A.,0
2025,12,2025-12,CAPEX S.A.,1426.89483870968
2025,12,2025-12,CGC ENERGIA SAU,1823.67193548387
2025,12,2025-12,CHEVRON ARGENTINA S.R.L.,1512.38474193548
2025,12,2025-12,Clear Petroleum S.A.,41.5893548387097
2025,12,2025-12,COLHUE HUAPI S.A.,4.00322580645161
2025,12,2025-12,COMPAÑÍA GENERAL DE COMBUSTIBLES S.A.,2952.89064516129
2025,12,2025-12,COMPAÑÍAS ASOCIADAS PETROLERAS S.A.,77.7512903225806
2025,12,2025-12,COPESA CIA CONSTRUCTORA PETROLERA SA,0
2025,12,2025-12,CROWN POINT ENERGIA S.A.,212.742580645161
2025,12,2025-12,EDHIPSA,3.9741935483871
2025,12,2025-12,E.M.E.S.A,1.95064516129032
2025,12,2025-12,ENERGICON S.A.,0
2025,12,2025-12,FLXS OGE S.A ,878.093870967742
2025,12,2025-12,FOMICRUZ S.E.,1.5
2025,12,2025-12,GEOPARK ARGENTINA LTD. (SUCURSAL ARGENTINA),21.1032258064516
2025,12,2025-12,GEOPETROL DRILLING S.A.,2.97903225806452
2025,12,2025-12,G Y G OIL SERVICE SRL,2.31774193548387
2025,12,2025-12,HATTRICK ENERGY SAS,0
2025,12,2025-12,HIGH LUCK GROUP LTD. - SUCURSAL ARGENTINA,0.126096774193548
2025,12,2025-12,INGENIERIA ALPA S.A.,4.10838709677419
2025,12,2025-12,INGENIERIA SIMA S.A.,0
2025,12,2025-12,INTEROIL ARGENTINA S A,145.03664516129
2025,12,2025-12,JUJUY HIDROCARBUROS SAU,8.99838709677419
2025,12,2025-12,MADALENA ENERGY ARGENTINA SRL ,24.9509677419355
2025,12,2025-12,MEDANITO S.A.,3.18883870967742
2025,12,2025-12,OILSTONE ENERGIA S.A.,386.523548387097
2025,12,2025-12,PAMPA ENERGIA S.A.,12075.3435483871
2025,12,2025-12,PAMPETROL S.A.P.E.M,3.45903225806452
2025,12,2025-12,PAN AMERICAN ENERGY SL,14668.2293548387
2025,12,2025-12,PATAGONIA ENERGY S.A.,22.7689677419355
2025,12,2025-12,PATAGONIA RESOURCES S.A. ,247.361612903226
2025,12,2025-12,PECOM SERVICIOS ENERGIA SAU,43.6674193548387
2025,12,2025-12,PETROFARO S.A.,16.4387096774194
2025,12,2025-12,PETROLEOS SUDAMERICANOS S.A.,214.480419354839
2025,12,2025-12,Petrolera Aconcagua Energia S.A.,425.324419354839
2025,12,2025-12,PETROLERA DEL COMAHUE S.A.,0
2025,12,2025-12,PETROLERA EL TREBOL S.A.,183.565741935484
2025,12,2025-12,PETROLERA PAMPA S.A. ,0
2025,12,2025-12,PETROLERA SAN MIGUEL S.A.,0
2025,12,2025-12,PETROLERA SANTA MARIA SAU,1267.79516129032
2025,12,2025-12,PETROLSUR ENERGIA S.A. ,11.36
2025,12,2025-12,PETROQUIMICA COMODORO RIVADAVIA S.A.,488.96935483871
2025,12,2025-12,Pilgrim Energy S.A.,64.7038612903226
2025,12,2025-12,PLUSPETROL CUENCA NEUQUINA S.R.L.,1403.1864516129
2025,12,2025-12,PLUSPETROL S.A.,9654.00929032258
2025,12,2025-12,QUINTANA E&P ARGENTINA S.R.L.,1606.81129032258
2025,12,2025-12,RECURSOS Y ENERGIA FORMOSA S.A.,11.0003225806452
2025,12,2025-12,ROCH S.A.,534.646419354839
2025,12,2025-12,SAN JORGE PETROLEUM S.A.,0
2025,12,2025-12,SELVA MARIA OIL S.A.,0
2025,12,2025-12,SHELL ARGENTINA S.A.,1451.85
2025,12,2025-12,TECPETROL S.A.,16695.0819354839
2025,12,2025-12,TOTAL AUSTRAL S.A.,32171.5598709677
2025,12,2025-12,VACA MUERTA INVERSIONES SAU,311.888387096774
2025,12,2025-12,VENOIL S.A.,181.732258064516
2025,12,2025-12,VISTA ENERGY ARGENTINA SAU,1243.88967741935
2025,12,2025-12,YPF S.A.,26821.4448387097
2026,1,2026-01,ALIANZA PETROLERA ARGENTINA S.A.,43.1896129032258
2026,1,2026-01,ARGENTA ENERGIA S.A.,0
2026,1,2026-01,AZRUGE S.A.,1.40645161290323
2026,1,2026-01,BENTIA ENERGY S.A.,287.348709677419
2026,1,2026-01,BREST S.A. DE SERVICIOS PETROLEROS,57.9870967741935
2026,1,2026-01,CAPETROL ARGENTINA S.A.,0
2026,1,2026-01,CAPETROL S.A.,0
2026,1,2026-01,CAPEX S.A.,1393.56096774194
2026,1,2026-01,CGC ENERGIA SAU,1787.45838709677
2026,1,2026-01,CHEVRON ARGENTINA S.R.L.,1536.24612903226
2026,1,2026-01,Clear Petroleum S.A.,45.55
2026,1,2026-01,COLHUE HUAPI S.A.,4.00967741935484
2026,1,2026-01,COMPAÑÍA GENERAL DE COMBUSTIBLES S.A.,2882.41709677419
2026,1,2026-01,COMPAÑÍAS ASOCIADAS PETROLERAS S.A.,89.1196774193548
2026,1,2026-01,COPESA CIA CONSTRUCTORA PETROLERA SA,0
2026,1,2026-01,CROWN POINT ENERGIA S.A.,222.606548387097
2026,1,2026-01,EDHIPSA,3.95938709677419
2026,1,2026-01,E.M.E.S.A,1.81770967741935
2026,1,2026-01,ENERGICON S.A.,0
2026,1,2026-01,FLXS OGE S.A ,897.91935483871
2026,1,2026-01,FOMICRUZ S.E.,1.5
2026,1,2026-01,GEOPARK ARGENTINA LTD. (SUCURSAL ARGENTINA),15.7783870967742
2026,1,2026-01,GEOPETROL DRILLING S.A.,2.96709677419355
2026,1,2026-01,G Y G OIL SERVICE SRL,2.80645161290323
2026,1,2026-01,HATTRICK ENERGY SAS,0
2026,1,2026-01,HIGH LUCK GROUP LTD. - SUCURSAL ARGENTINA,0.144064516129032
2026,1,2026-01,INGENIERIA ALPA S.A.,3.54064516129032
2026,1,2026-01,INGENIERIA SIMA S.A.,0
2026,1,2026-01,INTEROIL ARGENTINA S A,124.396129032258
2026,1,2026-01,JUJUY HIDROCARBUROS SAU,8.70774193548387
2026,1,2026-01,MADALENA ENERGY ARGENTINA SRL ,25.351935483871
2026,1,2026-01,MEDANITO S.A.,3.04183870967742
2026,1,2026-01,OILSTONE ENERGIA S.A.,413.244677419355
2026,1,2026-01,PAMPA ENERGIA S.A.,11944.0687096774
2026,1,2026-01,PAMPETROL S.A.P.E.M,3.64516129032258
2026,1,2026-01,PAN AMERICAN ENERGY SL,14874.2722580645
2026,1,2026-01,PATAGONIA ENERGY S.A.,20.5452580645161
2026,1,2026-01,PATAGONIA RESOURCES S.A. ,247.658387096774
2026,1,2026-01,PECOM SERVICIOS ENERGIA SAU,44.2374193548387
2026,1,2026-01,PETROFARO S.A.,16.3370967741935
2026,1,2026-01,PETROLEOS SUDAMERICANOS S.A.,209.160064516129
2026,1,2026-01,Petrolera Aconcagua Energia S.A.,427.525838709677
2026,1,2026-01,PETROLERA DEL COMAHUE S.A.,0
2026,1,2026-01,PETROLERA EL TREBOL S.A.,203.566774193548
2026,1,2026-01,PETROLERA PAMPA S.A. ,0
2026,1,2026-01,PETROLERA SAN MIGUEL S.A.,0
2026,1,2026-01,PETROLERA SANTA MARIA SAU,1500.10741935484
2026,1,2026-01,PETROLSUR ENERGIA S.A. ,25.4925806451613
2026,1,2026-01,PETROQUIMICA COMODORO RIVADAVIA S.A.,481.041290322581
2026,1,2026-01,Pilgrim Energy S.A.,74.7672806451613
2026,1,2026-01,PLUSPETROL CUENCA NEUQUINA S.R.L.,1519.27225806452
2026,1,2026-01,PLUSPETROL S.A.,9848.26206451613
2026,1,2026-01,QUINTANA E&P ARGENTINA S.R.L.,1644.60451612903
2026,1,2026-01,RECURSOS Y ENERGIA FORMOSA S.A.,9.70967741935484
2026,1,2026-01,ROCH S.A.,522.61664516129
2026,1,2026-01,SAN JORGE PETROLEUM S.A.,0
2026,1,2026-01,SELVA MARIA OIL S.A.,0
2026,1,2026-01,SHELL ARGENTINA S.A.,1591.86483870968
2026,1,2026-01,TECPETROL S.A.,17086.9959032258
2026,1,2026-01,TOTAL AUSTRAL S.A.,30831.668516129
2026,1,2026-01,VACA MUERTA INVERSIONES SAU,326.592580645161
2026,1,2026-01,VENOIL S.A.,186.614838709677
2026,1,2026-01,VISTA ENERGY ARGENTINA SAU,1201.42806451613
2026,1,2026-01,YPF S.A.,26977.3241935484
2026,2,2026-02,ALIANZA PETROLERA ARGENTINA S.A.,43.3795357142857
2026,2,2026-02,ARGENTA ENERGIA S.A.,0
2026,2,2026-02,AZRUGE S.A.,5.07285714285714
2026,2,2026-02,BENTIA ENERGY S.A.,427.657857142857
2026,2,2026-02,BREST S.A. DE SERVICIOS PETROLEROS,55.0464285714286
2026,2,2026-02,CAPETROL ARGENTINA S.A.,0
2026,2,2026-02,CAPETROL S.A.,0
2026,2,2026-02,CAPEX S.A.,1364.19607142857
2026,2,2026-02,CGC ENERGIA SAU,1820.26535714286
2026,2,2026-02,CHEVRON ARGENTINA S.R.L.,1552.38
2026,2,2026-02,Clear Petroleum S.A.,44.6771428571429
2026,2,2026-02,COLHUE HUAPI S.A.,3.90714285714286
2026,2,2026-02,COMPAÑÍA GENERAL DE COMBUSTIBLES S.A.,2820.355
2026,2,2026-02,COMPAÑÍAS ASOCIADAS PETROLERAS S.A.,84.1442857142857
2026,2,2026-02,CONTINENTAL RESOURCES ARGENTINA SAU.,0
2026,2,2026-02,COPESA CIA CONSTRUCTORA PETROLERA SA,41.1632142857143
2026,2,2026-02,CROWN POINT ENERGIA S.A.,209.966928571429
2026,2,2026-02,EDHIPSA,4.01642857142857
2026,2,2026-02,E.M.E.S.A,1.98821428571429
2026,2,2026-02,ENERGICON S.A.,0
2026,2,2026-02,FLXS OGE S.A ,869.52
2026,2,2026-02,FOMICRUZ S.E.,1.5
2026,2,2026-02,GEOPARK ARGENTINA S.A.,18.1228571428571
2026,2,2026-02,GEOPETROL DRILLING S.A.,2.94964285714286
2026,2,2026-02,G Y G OIL SERVICE SRL,3.00357142857143
2026,2,2026-02,HATTRICK ENERGY SAS,0
2026,2,2026-02,HIGH LUCK GROUP LTD. - SUCURSAL ARGENTINA,0.147071428571429
2026,2,2026-02,INGENIERIA ALPA S.A.,3.97071428571429
2026,2,2026-02,INGENIERIA SIMA S.A.,0
2026,2,2026-02,INTEROIL ARGENTINA S A,97.5389642857143
2026,2,2026-02,JUJUY HIDROCARBUROS SAU,8.40214285714286
2026,2,2026-02,MADALENA ENERGY ARGENTINA SRL ,24.9035714285714
2026,2,2026-02,MEDANITO S.A.,2.83482142857143
2026,2,2026-02,OILSTONE ENERGIA S.A.,422.037857142857
2026,2,2026-02,PAMPA ENERGIA S.A.,13443.0575
2026,2,2026-02,PAMPETROL S.A.P.E.M,4.04714285714286
2026,2,2026-02,PAN AMERICAN ENERGY SL,15639.8446428571
2026,2,2026-02,PATAGONIA ENERGY S.A.,20.5833571428571
2026,2,2026-02,PATAGONIA RESOURCES S.A. ,246.723178571429
2026,2,2026-02,PECOM SERVICIOS ENERGIA SAU,44.9253571428571
2026,2,2026-02,PETROFARO S.A.,15.9271428571429
2026,2,2026-02,PETROLEOS SUDAMERICANOS S.A.,201.945178571429
2026,2,2026-02,Petrolera Aconcagua Energia S.A.,384.071964285714
2026,2,2026-02,PETROLERA DEL COMAHUE S.A.,0
2026,2,2026-02,PETROLERA EL TREBOL S.A.,209.635642857143
2026,2,2026-02,PETROLERA PAMPA S.A. ,0
2026,2,2026-02,PETROLERA SAN MIGUEL S.A.,0
2026,2,2026-02,PETROLERA SANTA MARIA SAU,1588.42071428571
2026,2,2026-02,PETROLSUR ENERGIA S.A. ,28.9164285714286
2026,2,2026-02,PETROQUIMICA COMODORO RIVADAVIA S.A.,457.025
2026,2,2026-02,Pilgrim Energy S.A.,79.7985714285714
2026,2,2026-02,PLUSPETROL CUENCA NEUQUINA S.R.L.,1672.55785714286
2026,2,2026-02,PLUSPETROL S.A.,9893.41282142857
2026,2,2026-02,QUINTANA E&P ARGENTINA S.R.L.,1501.7525
2026,2,2026-02,RECURSOS Y ENERGIA FORMOSA S.A.,9
2026,2,2026-02,ROCH S.A.,531.659214285714
2026,2,2026-02,SAN JORGE PETROLEUM S.A.,0
2026,2,2026-02,SELVA MARIA OIL S.A.,0
2026,2,2026-02,SHELL ARGENTINA S.A.,1414.08
2026,2,2026-02,TECPETROL S.A.,17112.88825
2026,2,2026-02,TOTAL AUSTRAL S.A.,33944.39775
2026,2,2026-02,VACA MUERTA INVERSIONES SAU,281.543928571429
2026,2,2026-02,VENOIL S.A.,196.718214285714
2026,2,2026-02,VISTA ENERGY ARGENTINA SAU,1345.985
2026,2,2026-02,YPF S.A.,29929.2464285714
2026,3,2026-03,ALIANZA PETROLERA ARGENTINA S.A.,43.0065806451613
2026,3,2026-03,ARGENTA ENERGIA S.A.,0
2026,3,2026-03,AZRUGE S.A.,3.97322580645161
2026,3,2026-03,BENTIA ENERGY S.A.,358.844193548387
2026,3,2026-03,BREST S.A. DE SERVICIOS PETROLEROS,53.4774193548387
2026,3,2026-03,CAPETROL ARGENTINA S.A.,0
2026,3,2026-03,CAPETROL S.A.,0
2026,3,2026-03,CAPEX S.A.,1313.21774193548
2026,3,2026-03,CHEVRON ARGENTINA S.R.L.,1097.35161290323
2026,3,2026-03,Clear Petroleum S.A.,44.0983870967742
2026,3,2026-03,COLHUE HUAPI S.A.,3.81290322580645
2026,3,2026-03,COMPAÑÍA GENERAL DE COMBUSTIBLES S.A.,4545.8035483871
2026,3,2026-03,COMPAÑÍAS ASOCIADAS PETROLERAS S.A.,84.8222580645161
2026,3,2026-03,CONTINENTAL RESOURCES ARGENTINA SAU.,0
2026,3,2026-03,COPESA CIA CONSTRUCTORA PETROLERA SA,39.1841935483871
2026,3,2026-03,CROWN POINT ENERGIA S.A.,212.020258064516
2026,3,2026-03,EDHIPSA,3.27193548387097
2026,3,2026-03,E.M.E.S.A,2.56870967741935
2026,3,2026-03,ENERGICON S.A.,0
2026,3,2026-03,FLXS OGE S.A ,876.24064516129
2026,3,2026-03,FOMICRUZ S.E.,1.5
2026,3,2026-03,GEOPARK ARGENTINA S.A.,21.1787096774194
2026,3,2026-03,GEOPETROL DRILLING S.A.,1.8258064516129
2026,3,2026-03,G Y G OIL SERVICE SRL,2.92258064516129
2026,3,2026-03,HATTRICK ENERGY SAS,0
2026,3,2026-03,HIGH LUCK GROUP LTD. - SUCURSAL ARGENTINA,0.137129032258065
2026,3,2026-03,INGENIERIA ALPA S.A.,4.04193548387097
2026,3,2026-03,INGENIERIA SIMA S.A.,0
2026,3,2026-03,INTEROIL ARGENTINA S A,118.745258064516
2026,3,2026-03,JUJUY HIDROCARBUROS SAU,8.44677419354839
2026,3,2026-03,MADALENA ENERGY ARGENTINA SRL ,25.192935483871
2026,3,2026-03,MEDANITO S.A.,2.56787096774194
2026,3,2026-03,OILSTONE ENERGIA S.A.,328.95
2026,3,2026-03,PAMPA ENERGIA S.A.,14248.7929032258
2026,3,2026-03,PAMPETROL S.A.P.E.M,3.9758064516129
2026,3,2026-03,PAN AMERICAN ENERGY SL,14201.7906451613
2026,3,2026-03,PATAGONIA ENERGY S.A.,16.8541935483871
2026,3,2026-03,PATAGONIA RESOURCES S.A. ,235.16935483871
2026,3,2026-03,PECOM SERVICIOS ENERGIA SAU,54.6541935483871
2026,3,2026-03,PETROFARO S.A.,14.0074193548387
2026,3,2026-03,PETROLEOS SUDAMERICANOS S.A.,202.42
2026,3,2026-03,Petrolera Aconcagua Energia S.A.,348.750548387097
2026,3,2026-03,PETROLERA DEL COMAHUE S.A.,0
2026,3,2026-03,PETROLERA PAMPA S.A. ,0
2026,3,2026-03,PETROLERA SAN MIGUEL S.A.,0
2026,3,2026-03,PETROLERA SANTA MARIA SAU,1559.42548387097
2026,3,2026-03,PETROLSUR ENERGIA S.A. ,35.0661290322581
2026,3,2026-03,PETROQUIMICA COMODORO RIVADAVIA S.A.,448.894838709677
2026,3,2026-03,PHOENIX GLOBAL RESOURCES S.A.,208.77335483871
2026,3,2026-03,Pilgrim Energy S.A.,60.6220967741936
2026,3,2026-03,PLUSPETROL CUENCA NEUQUINA S.R.L.,1746.58709677419
2026,3,2026-03,PLUSPETROL S.A.,11348.7348064516
2026,3,2026-03,QUINTANA E&P ARGENTINA S.R.L.,1376.10967741935
2026,3,2026-03,RECURSOS Y ENERGIA FORMOSA S.A.,8.96774193548387
2026,3,2026-03,ROCH S.A.,529.586129032258
2026,3,2026-03,SAN JORGE PETROLEUM S.A.,0
2026,3,2026-03,SELVA MARIA OIL S.A.,0
2026,3,2026-03,SHELL ARGENTINA S.A.,1306.23612903226
2026,3,2026-03,TECPETROL S.A.,17804.2981935484
2026,3,2026-03,TOTAL AUSTRAL S.A.,33367.9746451613
2026,3,2026-03,VACA MUERTA INVERSIONES SAU,310.776774193548
2026,3,2026-03,VENOIL S.A.,172.211290322581
2026,3,2026-03,VISTA ENERGY ARGENTINA SAU,1436.58225806452
2026,3,2026-03,YPF S.A.,31588.9377419355
2026,4,2026-04,ALIANZA PETROLERA ARGENTINA S.A.,43.4175
2026,4,2026-04,ARGENTA ENERGIA S.A.,0
2026,4,2026-04,AZRUGE S.A.,4.49966666666667
2026,4,2026-04,BENTIA ENERGY S.A.,531.521333333333
2026,4,2026-04,BREST S.A. DE SERVICIOS PETROLEROS,70.9416666666667
2026,4,2026-04,CAPETROL ARGENTINA S.A.,0
2026,4,2026-04,CAPETROL S.A.,0
2026,4,2026-04,CAPEX S.A.,1272.18366666667
2026,4,2026-04,CHEVRON ARGENTINA S.R.L.,1617.00533333333
2026,4,2026-04,Clear Petroleum S.A.,42.6953333333333
2026,4,2026-04,COLHUE HUAPI S.A.,3.96
2026,4,2026-04,COMPAÑÍA GENERAL DE COMBUSTIBLES S.A.,4415.59566666667
2026,4,2026-04,COMPAÑÍAS ASOCIADAS PETROLERAS S.A.,87.6633333333333
2026,4,2026-04,CONTINENTAL RESOURCES ARGENTINA SAU.,0
2026,4,2026-04,COPESA CIA CONSTRUCTORA PETROLERA SA,40.2506666666667
2026,4,2026-04,CROWN POINT ENERGIA S.A.,228.3227
2026,4,2026-04,EDHIPSA,4.016
2026,4,2026-04,E.M.E.S.A,2.33006666666667
2026,4,2026-04,ENERGICON S.A.,0
2026,4,2026-04,FLXS OGE S.A ,875.012
2026,4,2026-04,FOMICRUZ S.E.,1.5
2026,4,2026-04,GEOPARK ARGENTINA S.A.,21.487
2026,4,2026-04,GEOPETROL DRILLING S.A.,2.77566666666667
2026,4,2026-04,G Y G OIL SERVICE SRL,2.93
2026,4,2026-04,HATTRICK ENERGY SAS,0
2026,4,2026-04,HIGH LUCK GROUP LTD. - SUCURSAL ARGENTINA,0.120233333333333
2026,4,2026-04,INGENIERIA ALPA S.A.,3.653
2026,4,2026-04,INGENIERIA SIMA S.A.,0
2026,4,2026-04,INTEROIL ARGENTINA S A,93.9321666666667
2026,4,2026-04,JUJUY HIDROCARBUROS SAU,8.24366666666667
2026,4,2026-04,MEDANITO S.A.,2.33286666666667
2026,4,2026-04,OILSTONE ENERGIA S.A.,502.775333333333
2026,4,2026-04,PAMPA ENERGIA S.A.,12982.731
2026,4,2026-04,PAMPETROL S.A.P.E.M,4.13233333333333
2026,4,2026-04,PAN AMERICAN ENERGY SL,15166.1983333333
2026,4,2026-04,PATAGONIA ENERGY S.A.,7.1275
2026,4,2026-04,PATAGONIA RESOURCES S.A. ,243.862333333333
2026,4,2026-04,PECOM SERVICIOS ENERGIA SAU,47.2333333333333
2026,4,2026-04,PETROFARO S.A.,9.843
2026,4,2026-04,PETROLEOS SUDAMERICANOS S.A.,205.932066666667
2026,4,2026-04,PETROLERA DEL COMAHUE S.A.,0
2026,4,2026-04,PETROLERA PAMPA S.A. ,0
2026,4,2026-04,PETROLERA SAN MIGUEL S.A.,0
2026,4,2026-04,PETROLERA SANTA MARIA SAU,1449.21233333333
2026,4,2026-04,PETROLSUR ENERGIA S.A. ,32.0243333333333
2026,4,2026-04,PETROQUIMICA COMODORO RIVADAVIA S.A.,466.976666666667
2026,4,2026-04,PHOENIX GLOBAL RESOURCES S.A.,221.3649
2026,4,2026-04,Pilgrim Energy S.A.,44.3263333333333
2026,4,2026-04,PLUSPETROL CUENCA NEUQUINA S.R.L.,1671.196
2026,4,2026-04,PLUSPETROL S.A.,11349.0597666667
2026,4,2026-04,QUINTANA E&P ARGENTINA S.R.L.,1602.076
2026,4,2026-04,RECURSOS Y ENERGIA FORMOSA S.A.,9
2026,4,2026-04,ROCH S.A.,510.74
2026,4,2026-04,SAN JORGE PETROLEUM S.A.,0
2026,4,2026-04,SELVA MARIA OIL S.A.,0
2026,4,2026-04,SHELL ARGENTINA S.A.,1289.32666666667
2026,4,2026-04,TANGO ENERGY ARGENTINA S.A.,385.3734
2026,4,2026-04,TECPETROL S.A.,18855.5983666667
2026,4,2026-04,TOTAL AUSTRAL S.A.,32728.8817
2026,4,2026-04,VACA MUERTA INVERSIONES SAU,297.265333333333
2026,4,2026-04,VENOIL S.A.,165.942666666667
2026,4,2026-04,VISTA ENERGY ARGENTINA SAU,1399.71066666667
2026,4,2026-04,YPF S.A.,29604.3253333333
2026,5,2026-05,ALIANZA PETROLERA ARGENTINA S.A.,48.5420967741936
2026,5,2026-05,ARGENTA ENERGIA S.A.,0
2026,5,2026-05,AZRUGE S.A.,6.02258064516129
2026,5,2026-05,BENTIA ENERGY S.A.,554.246451612903
2026,5,2026-05,BREST S.A. DE SERVICIOS PETROLEROS,67.2238709677419
2026,5,2026-05,CAPETROL ARGENTINA S.A.,0
2026,5,2026-05,CAPETROL S.A.,0
2026,5,2026-05,CAPEX S.A.,1253.82806451613
2026,5,2026-05,CHEVRON ARGENTINA S.R.L.,1611.80258064516
2026,5,2026-05,Clear Petroleum S.A.,41.748064516129
2026,5,2026-05,COLHUE HUAPI S.A.,4.09677419354839
2026,5,2026-05,COMPAÑÍA GENERAL DE COMBUSTIBLES S.A.,4237.6835483871
2026,5,2026-05,COMPAÑÍAS ASOCIADAS PETROLERAS S.A.,69.2383870967742
2026,5,2026-05,CONTINENTAL RESOURCES ARGENTINA SAU.,0
2026,5,2026-05,COPESA CIA CONSTRUCTORA PETROLERA SA,41.7264516129032
2026,5,2026-05,CROWN POINT ENERGIA S.A.,223.252161290323
2026,5,2026-05,EDHIPSA,4.1041935483871
2026,5,2026-05,E.M.E.S.A,2.28332258064516
2026,5,2026-05,ENERGICON S.A.,0
2026,5,2026-05,FLXS OGE S.A ,889.842258064516
2026,5,2026-05,FOMICRUZ S.E.,1.5
2026,5,2026-05,GEOPARK ARGENTINA S.A.,20.9496774193548
2026,5,2026-05,GEOPETROL DRILLING S.A.,0.2
2026,5,2026-05,G Y G OIL SERVICE SRL,2.86774193548387
2026,5,2026-05,HATTRICK ENERGY SAS,0
2026,5,2026-05,HIGH LUCK GROUP LTD. - SUCURSAL ARGENTINA,0.122677419354839
2026,5,2026-05,INGENIERIA ALPA S.A.,3.55741935483871
2026,5,2026-05,INGENIERIA SIMA S.A.,0
2026,5,2026-05,INTEROIL ARGENTINA S A,115.179870967742
2026,5,2026-05,JUJUY HIDROCARBUROS SAU,8.18612903225806
2026,5,2026-05,MEDANITO S.A.,2.18522580645161
2026,5,2026-05,OILSTONE ENERGIA S.A.,566.830322580645
2026,5,2026-05,PAMPA ENERGIA S.A.,14647.9048387097
2026,5,2026-05,PAMPETROL S.A.P.E.M,3.93516129032258
2026,5,2026-05,PAN AMERICAN ENERGY SL,16475.4309677419
2026,5,2026-05,PATAGONIA ENERGY S.A.,2.60483870967742
2026,5,2026-05,PATAGONIA RESOURCES S.A. ,232.817096774194
2026,5,2026-05,PECOM SERVICIOS ENERGIA SAU,490.206774193548
2026,5,2026-05,PETROFARO S.A.,9.47741935483871
2026,5,2026-05,PETROLEOS SUDAMERICANOS S.A.,200.270870967742
2026,5,2026-05,PETROLERA DEL COMAHUE S.A.,0
2026,5,2026-05,PETROLERA PAMPA S.A. ,0
2026,5,2026-05,PETROLERA SAN MIGUEL S.A.,0
2026,5,2026-05,PETROLERA SANTA MARIA SAU,1546.18096774194
2026,5,2026-05,PETROLSUR ENERGIA S.A. ,30.9916129032258
2026,5,2026-05,PETROQUIMICA COMODORO RIVADAVIA S.A.,444.653870967742
2026,5,2026-05,PHOENIX GLOBAL RESOURCES S.A.,213.932483870968
2026,5,2026-05,Pilgrim Energy S.A.,38.0806451612903
2026,5,2026-05,PLUSPETROL CUENCA NEUQUINA S.R.L.,1944.48129032258
2026,5,2026-05,PLUSPETROL S.A.,13523.6614516129
2026,5,2026-05,QUINTANA E&P ARGENTINA S.R.L.,1895.69548387097
2026,5,2026-05,RECURSOS Y ENERGIA FORMOSA S.A.,9.51612903225806
2026,5,2026-05,ROCH S.A.,516.81
2026,5,2026-05,SAN JORGE PETROLEUM S.A.,0
2026,5,2026-05,SELVA MARIA OIL S.A.,0
2026,5,2026-05,SHELL ARGENTINA S.A.,1443.87322580645
2026,5,2026-05,TANGO ENERGY ARGENTINA S.A.,415.561161290323
2026,5,2026-05,TECPETROL S.A.,22809.6125483871
2026,5,2026-05,TOTAL AUSTRAL S.A.,35075.9727096774
2026,5,2026-05,VACA MUERTA INVERSIONES SAU,290.033548387097
2026,5,2026-05,VELITEC S.A.,632.657045258064
2026,5,2026-05,VENOIL S.A.,184.198387096774
2026,5,2026-05,VISTA ENERGY ARGENTINA SAU,1401.18290322581
2026,5,2026-05,YPF S.A.,32327.2709677419
2026,6,2026-06,ALIANZA PETROLERA ARGENTINA S.A.,49.8864333333333
2026,6,2026-06,BENTIA ENERGY S.A.,489.691
2026,6,2026-06,CAPETROL ARGENTINA S.A.,0
2026,6,2026-06,CAPETROL S.A.,0
2026,6,2026-06,CAPEX S.A.,1272.53866666667
2026,6,2026-06,CHEVRON ARGENTINA S.R.L.,1611.67466666667
2026,6,2026-06,Clear Petroleum S.A.,40.7016666666667
2026,6,2026-06,COLHUE HUAPI S.A.,4.11333333333333
2026,6,2026-06,COMPAÑÍA GENERAL DE COMBUSTIBLES S.A.,4178.53933333333
2026,6,2026-06,COMPAÑÍAS ASOCIADAS PETROLERAS S.A.,54.228
2026,6,2026-06,CONTINENTAL RESOURCES ARGENTINA SAU.,0
2026,6,2026-06,COPESA CIA CONSTRUCTORA PETROLERA SA,41.2236666666667
2026,6,2026-06,CROWN POINT ENERGIA S.A.,225.972366666667
2026,6,2026-06,EDHIPSA,4.13666666666667
2026,6,2026-06,E.M.E.S.A,2.1757
2026,6,2026-06,FLXS OGE S.A ,912.699666666667
2026,6,2026-06,GEOPARK ARGENTINA S.A.,12.8053333333333
2026,6,2026-06,G Y G OIL SERVICE SRL,2.62333333333333
2026,6,2026-06,HIGH LUCK GROUP LTD. - SUCURSAL ARGENTINA,0.114533333333333
2026,6,2026-06,INGENIERIA ALPA S.A.,3.299
2026,6,2026-06,INGENIERIA SIMA S.A.,0
2026,6,2026-06,JUJUY HIDROCARBUROS SAU,7.74533333333333
2026,6,2026-06,PAMPA ENERGIA S.A.,15694.7093333333
2026,6,2026-06,PATAGONIA ENERGY S.A.,4.15623333333333
2026,6,2026-06,PATAGONIA RESOURCES S.A. ,234.122666666667
2026,6,2026-06,PECOM SERVICIOS ENERGIA SAU,449.395
2026,6,2026-06,PETROFARO S.A.,0.241
2026,6,2026-06,PETROLEOS SUDAMERICANOS S.A.,201.512466666667
2026,6,2026-06,PETROLERA PAMPA S.A. ,0
2026,6,2026-06,PETROLERA SAN MIGUEL S.A.,0
2026,6,2026-06,PETROLERA SANTA MARIA SAU,1469.41766666667
2026,6,2026-06,PLUSPETROL CUENCA NEUQUINA S.R.L.,2556.58133333333
2026,6,2026-06,PLUSPETROL S.A.,14528.6178333333
2026,6,2026-06,QUINTANA E&P ARGENTINA S.R.L.,2225.868
2026,6,2026-06,RECURSOS Y ENERGIA FORMOSA S.A.,10.0496666666667
2026,6,2026-06,SAN JORGE PETROLEUM S.A.,0
2026,6,2026-06,SHELL ARGENTINA S.A.,2028.90766666667
2026,6,2026-06,TANGO ENERGY ARGENTINA S.A.,394.225
2026,6,2026-06,TECPETROL S.A.,23108.3053333333
2026,6,2026-06,TOTAL AUSTRAL S.A.,35047.2177666667
2026,6,2026-06,VACA MUERTA INVERSIONES SAU,332.908
2026,6,2026-06,VENOIL S.A.,177.36
2026,6,2026-06,VISTA ENERGY ARGENTINA SAU,1392.84433333333
2026,6,2026-06,YPF S.A.,31129.0223333333
