anio,mes,indice_tiempo,empresa,produccion_petroleo_promedio_dia_m3
2009,1,2009-01,ALIANZA PETROLERA ARGENTINA S.A.,0
2009,1,2009-01,APACHE ENERGIA ARGENTINA S.R.L.,1148.38
2009,1,2009-01,APACHE PETROLERA ARGENTINA S.A.,118.290322580645
2009,1,2009-01,APCO ARGENTINA INC.,0
2009,1,2009-01,ARGENTA ENERGIA S.A.,0
2009,1,2009-01,CAPEX S.A.,177.935483870968
2009,1,2009-01,CENTRAL INTERNATIONAL CORPORATION (SUCURSAL ARGENTINA),196.432258064516
2009,1,2009-01,CHAÑARES ENERGIA S.A.,602.31664516129
2009,1,2009-01,CHEVRON ARGENTINA S.R.L.,7732.86774193548
2009,1,2009-01,CLEAR S.R.L.,15.9553870967742
2009,1,2009-01,COLHUE HUAPI S.A.,76.4193548387097
2009,1,2009-01,COMPAÑÍA GENERAL DE COMBUSTIBLES S.A.,26.3451612903226
2009,1,2009-01,COMPAÑÍAS ASOCIADAS PETROLERAS S.A.,1726.12903225806
2009,1,2009-01,"CRI HOLDING, INC.",34.8354838709677
2009,1,2009-01,DAPETROL S.A.,74.0038709677419
2009,1,2009-01,EHRENCAP S.A.,3.16129032258065
2009,1,2009-01,ENAP SIPETROL ARGENTINA S.A.,1922.69419354839
2009,1,2009-01,ENARSA ENERGIA ARGENTINA S.A.,0
2009,1,2009-01,ENERGICON S.A.,0
2009,1,2009-01,EPSUR S.A.,31.8609677419355
2009,1,2009-01,EZ HOLDINGS S.A.,0
2009,1,2009-01,GEOPARK ARGENTINA LTD. (SUCURSAL ARGENTINA),8.22870967741935
2009,1,2009-01,GRECOIL y CIA. S.R.L.,14.2241935483871
2009,1,2009-01,INGENIERIA ALPA S.A.,28.6467741935484
2009,1,2009-01,INGENIERIA SIMA S.A.,1.80516129032258
2009,1,2009-01,INTERENERGY ARGENTINA S.A.,5.93548387096774
2009,1,2009-01,MADALENA ENERGY ARGENTINA SRL ,187.706451612903
2009,1,2009-01,MADALENA PETROLEUM (AMERICAS) LTD. (SUCURSAL ARGENTINA),917.737806451613
2009,1,2009-01,MEDANITO S.A.,149.483870967742
2009,1,2009-01,MISAHAR ARGENTINA S.A.,0.737096774193548
2009,1,2009-01,NECON S.A.,0
2009,1,2009-01,"OCCIDENTAL ARGENTINA EXPLORATION AND PRODUCTION, INC.",5791.41483870968
2009,1,2009-01,OIL M&S S.A.,2.27483870967742
2009,1,2009-01,PAN AMERICAN ENERGY (SUCURSAL ARGENTINA) LLC,16847.9351612903
2009,1,2009-01,PETRO ANDINA RESOURCES LTD.,4730.57548387097
2009,1,2009-01,PETROBRAS ARGENTINA S.A.,6937.59196774194
2009,1,2009-01,PETROFARO S.A.,0
2009,1,2009-01,PETROLEOS SUDAMERICANOS S.A.,258.145483870968
2009,1,2009-01,PETROLERA DEL COMAHUE S.A.,8.76451612903226
2009,1,2009-01,PETROLERA EL TREBOL S.A.,310.983161290323
2009,1,2009-01,PETROLERA ENTRE LOMAS S.A.,2180.81612903226
2009,1,2009-01,PETROLERA LF COMPANY S.R.L.,830.464516129032
2009,1,2009-01,PETROLERA PATAGONIA S.R.L.,23.8774193548387
2009,1,2009-01,PETROLERA PIEDRA DEL AGUILA S.A.,0.484838709677419
2009,1,2009-01,PETROLERA SAN JOSE S.R.L.,101.314193548387
2009,1,2009-01,PETROMINERA CHUBUT S.E.,0
2009,1,2009-01,PETROQUIMICA COMODORO RIVADAVIA S.A.,963.395483870968
2009,1,2009-01,PETRO TERRA CORPORATION,0.32258064516129
2009,1,2009-01,PLUSPETROL ENERGY S.A.,357.035161290323
2009,1,2009-01,PLUSPETROL S.A.,2026.45999870968
2009,1,2009-01,ROCH S.A.,254.548387096774
2009,1,2009-01,SIMA ENERGY S.A.,3
2009,1,2009-01,TECPETROL S.A.,4448.47880645161
2009,1,2009-01,TOTAL AUSTRAL S.A.,2130.8124516129
2009,1,2009-01,YPF S.A.,34513.7709677419
2009,2,2009-02,ALIANZA PETROLERA ARGENTINA S.A.,0
2009,2,2009-02,APACHE ENERGIA ARGENTINA S.R.L.,1156.41428571429
2009,2,2009-02,APACHE PETROLERA ARGENTINA S.A.,115.710714285714
2009,2,2009-02,APCO ARGENTINA INC.,0
2009,2,2009-02,ARGENTA ENERGIA S.A.,0
2009,2,2009-02,CAPEX S.A.,179
2009,2,2009-02,CENTRAL INTERNATIONAL CORPORATION (SUCURSAL ARGENTINA),200.896428571429
2009,2,2009-02,CHAÑARES ENERGIA S.A.,594.498071428571
2009,2,2009-02,CHEVRON ARGENTINA S.R.L.,7653.06428571429
2009,2,2009-02,CLEAR S.R.L.,16.0026071428571
2009,2,2009-02,COLHUE HUAPI S.A.,74.6428571428571
2009,2,2009-02,COMPAÑÍA GENERAL DE COMBUSTIBLES S.A.,28.7714285714286
2009,2,2009-02,COMPAÑÍAS ASOCIADAS PETROLERAS S.A.,1707.03571428571
2009,2,2009-02,"CRI HOLDING, INC.",35.8125
2009,2,2009-02,DAPETROL S.A.,74.1560714285714
2009,2,2009-02,EHRENCAP S.A.,0
2009,2,2009-02,ENAP SIPETROL ARGENTINA S.A.,1908.26571428571
2009,2,2009-02,ENARSA ENERGIA ARGENTINA S.A.,0
2009,2,2009-02,ENERGIAL S.A.,0
2009,2,2009-02,EPSUR S.A.,27.4746428571429
2009,2,2009-02,EZ HOLDINGS S.A.,0
2009,2,2009-02,GEOPARK ARGENTINA LTD. (SUCURSAL ARGENTINA),8.72535714285714
2009,2,2009-02,GRECOIL y CIA. S.R.L.,22.7178571428571
2009,2,2009-02,INGENIERIA ALPA S.A.,28.3735714285714
2009,2,2009-02,INGENIERIA SIMA S.A.,1.8675
2009,2,2009-02,INTERENERGY ARGENTINA S.A.,5.75
2009,2,2009-02,JHP INTERNATIONAL PETROLEUM ENGINEERING LTD,0
2009,2,2009-02,MADALENA ENERGY ARGENTINA SRL ,174.342857142857
2009,2,2009-02,MADALENA PETROLEUM (AMERICAS) LTD. (SUCURSAL ARGENTINA),841.5
2009,2,2009-02,MEDANITO S.A.,152.010714285714
2009,2,2009-02,MISAHAR ARGENTINA S.A.,0.765357142857143
2009,2,2009-02,NECON S.A.,0
2009,2,2009-02,"OCCIDENTAL ARGENTINA EXPLORATION AND PRODUCTION, INC.",7095.87392857143
2009,2,2009-02,OIL M&S S.A.,1.80821428571429
2009,2,2009-02,PAN AMERICAN ENERGY (SUCURSAL ARGENTINA) LLC,17386.8560714286
2009,2,2009-02,PETRO ANDINA RESOURCES LTD.,4729.04214285714
2009,2,2009-02,PETROBRAS ARGENTINA S.A.,6982.69678571429
2009,2,2009-02,PETROFARO S.A.,0
2009,2,2009-02,PETROLEOS SUDAMERICANOS S.A.,259.043214285714
2009,2,2009-02,PETROLERA DEL COMAHUE S.A.,8.54821428571429
2009,2,2009-02,PETROLERA EL TREBOL S.A.,316.595607142857
2009,2,2009-02,PETROLERA ENTRE LOMAS S.A.,2195.03571428571
2009,2,2009-02,PETROLERA LF COMPANY S.R.L.,867.651785714286
2009,2,2009-02,PETROLERA PATAGONIA S.R.L.,26.1921428571429
2009,2,2009-02,PETROLERA PIEDRA DEL AGUILA S.A.,0
2009,2,2009-02,PETROLERA SAN JOSE S.R.L.,91.8664285714286
2009,2,2009-02,PETROMINERA CHUBUT S.E.,0
2009,2,2009-02,PETROQUIMICA COMODORO RIVADAVIA S.A.,1117.51785714286
2009,2,2009-02,PETRO TERRA CORPORATION,0.285714285714286
2009,2,2009-02,PLUSPETROL ENERGY S.A.,355.014642857143
2009,2,2009-02,PLUSPETROL S.A.,2108.85000596429
2009,2,2009-02,ROCH S.A.,315.2675
2009,2,2009-02,SIMA ENERGY S.A.,3
2009,2,2009-02,TECPETROL S.A.,4361.23492857143
2009,2,2009-02,TOTAL AUSTRAL S.A.,2150.30517857143
2009,2,2009-02,YPF S.A.,34663.5813214286
2009,3,2009-03,ALIANZA PETROLERA ARGENTINA S.A.,0
2009,3,2009-03,APACHE ENERGIA ARGENTINA S.R.L.,1185.83258064516
2009,3,2009-03,APACHE PETROLERA ARGENTINA S.A.,110.896774193548
2009,3,2009-03,APCO ARGENTINA INC.,0
2009,3,2009-03,ARGENTA ENERGIA S.A.,0
2009,3,2009-03,CAPEX S.A.,187.451612903226
2009,3,2009-03,CENTRAL INTERNATIONAL CORPORATION (SUCURSAL ARGENTINA),200.496774193548
2009,3,2009-03,CHAÑARES ENERGIA S.A.,602.555387096774
2009,3,2009-03,CHEVRON ARGENTINA S.R.L.,6906.1064516129
2009,3,2009-03,CLEAR S.R.L.,17.6869677419355
2009,3,2009-03,COLHUE HUAPI S.A.,73.6774193548387
2009,3,2009-03,COMPAÑÍA GENERAL DE COMBUSTIBLES S.A.,22.6483870967742
2009,3,2009-03,COMPAÑÍAS ASOCIADAS PETROLERAS S.A.,1679
2009,3,2009-03,"CRI HOLDING, INC.",36.8838709677419
2009,3,2009-03,DAPETROL S.A.,74.2903225806452
2009,3,2009-03,EHRENCAP S.A.,0
2009,3,2009-03,ENAP SIPETROL ARGENTINA S.A.,1696.29903225806
2009,3,2009-03,ENARSA ENERGIA ARGENTINA S.A.,0
2009,3,2009-03,ENERGIAL S.A.,0
2009,3,2009-03,EPSUR S.A.,28.0861290322581
2009,3,2009-03,EZ HOLDINGS S.A.,0
2009,3,2009-03,GEOPARK ARGENTINA LTD. (SUCURSAL ARGENTINA),8.17870967741935
2009,3,2009-03,GRECOIL y CIA. S.R.L.,17.7454838709677
2009,3,2009-03,INGENIERIA ALPA S.A.,21.1806451612903
2009,3,2009-03,INGENIERIA SIMA S.A.,0.989354838709677
2009,3,2009-03,INTERENERGY ARGENTINA S.A.,5.2258064516129
2009,3,2009-03,JHP INTERNATIONAL PETROLEUM ENGINEERING LTD,0
2009,3,2009-03,MADALENA ENERGY ARGENTINA SRL ,193.974193548387
2009,3,2009-03,MADALENA PETROLEUM (AMERICAS) LTD. (SUCURSAL ARGENTINA),730.864516129032
2009,3,2009-03,MEDANITO S.A.,149.016129032258
2009,3,2009-03,MISAHAR ARGENTINA S.A.,0.519032258064516
2009,3,2009-03,NECON S.A.,0
2009,3,2009-03,"OCCIDENTAL ARGENTINA EXPLORATION AND PRODUCTION, INC.",7305.59096774194
2009,3,2009-03,OIL M&S S.A.,1.77516129032258
2009,3,2009-03,PAN AMERICAN ENERGY (SUCURSAL ARGENTINA) LLC,17720.8835483871
2009,3,2009-03,PETRO ANDINA RESOURCES LTD.,4643.32322580645
2009,3,2009-03,PETROBRAS ARGENTINA S.A.,7028.75419354839
2009,3,2009-03,PETROFARO S.A.,0
2009,3,2009-03,PETROLEOS SUDAMERICANOS S.A.,243.481290322581
2009,3,2009-03,PETROLERA DEL COMAHUE S.A.,8.8416129032258
2009,3,2009-03,PETROLERA EL TREBOL S.A.,295.087161290323
2009,3,2009-03,PETROLERA ENTRE LOMAS S.A.,2152.75483870968
2009,3,2009-03,PETROLERA LF COMPANY S.R.L.,831.049677419355
2009,3,2009-03,PETROLERA PATAGONIA S.R.L.,24.3677419354839
2009,3,2009-03,PETROLERA PIEDRA DEL AGUILA S.A.,0
2009,3,2009-03,PETROLERA SAN JOSE S.R.L.,91.3222580645161
2009,3,2009-03,PETROMINERA CHUBUT S.E.,0
2009,3,2009-03,PETROQUIMICA COMODORO RIVADAVIA S.A.,1219.38064516129
2009,3,2009-03,PETRO TERRA CORPORATION,0.161290322580645
2009,3,2009-03,PLUSPETROL ENERGY S.A.,353.840967741935
2009,3,2009-03,PLUSPETROL S.A.,2088.96709335484
2009,3,2009-03,ROCH S.A.,287.76935483871
2009,3,2009-03,SAN JORGE PETROLEUM S.A.,3
2009,3,2009-03,TECPETROL S.A.,4307.99683870968
2009,3,2009-03,TOTAL AUSTRAL S.A.,2140.92416129032
2009,3,2009-03,YPF S.A.,34630.6427741935
2009,4,2009-04,ALIANZA PETROLERA ARGENTINA S.A.,0
2009,4,2009-04,APACHE ENERGIA ARGENTINA S.R.L.,1171.629
2009,4,2009-04,APACHE PETROLERA ARGENTINA S.A.,116.866666666667
2009,4,2009-04,APCO ARGENTINA INC.,0
2009,4,2009-04,ARGENTA ENERGIA S.A.,0
2009,4,2009-04,CAPEX S.A.,181.6
2009,4,2009-04,CENTRAL INTERNATIONAL CORPORATION (SUCURSAL ARGENTINA),198.733333333333
2009,4,2009-04,CHAÑARES ENERGIA S.A.,572.068666666667
2009,4,2009-04,CHEVRON ARGENTINA S.R.L.,7519.58666666667
2009,4,2009-04,CLEAR S.R.L.,16.5500333333333
2009,4,2009-04,COLHUE HUAPI S.A.,73.4
2009,4,2009-04,COMPAÑÍA GENERAL DE COMBUSTIBLES S.A.,21.12
2009,4,2009-04,COMPAÑÍAS ASOCIADAS PETROLERAS S.A.,1704.46666666667
2009,4,2009-04,"CRI HOLDING, INC.",32.8743333333333
2009,4,2009-04,DAPETROL S.A.,76.6193333333333
2009,4,2009-04,EHRENCAP S.A.,0
2009,4,2009-04,ENAP SIPETROL ARGENTINA S.A.,1787.46866666667
2009,4,2009-04,ENARSA ENERGIA ARGENTINA S.A.,0
2009,4,2009-04,ENERGIAL S.A.,0
2009,4,2009-04,EPSUR S.A.,30.252
2009,4,2009-04,EZ HOLDINGS S.A.,0
2009,4,2009-04,GEOPARK ARGENTINA LTD. (SUCURSAL ARGENTINA),9.014
2009,4,2009-04,GRECOIL y CIA. S.R.L.,15.8076666666667
2009,4,2009-04,INGENIERIA ALPA S.A.,26.9776666666667
2009,4,2009-04,INGENIERIA SIMA S.A.,1.081
2009,4,2009-04,INTERENERGY ARGENTINA S.A.,5.4
2009,4,2009-04,MADALENA ENERGY ARGENTINA SRL ,177.23
2009,4,2009-04,MADALENA PETROLEUM (AMERICAS) LTD. (SUCURSAL ARGENTINA),743.373333333333
2009,4,2009-04,MEDANITO S.A.,147.456666666667
2009,4,2009-04,MISAHAR ARGENTINA S.A.,0.65
2009,4,2009-04,NECON S.A.,1.479
2009,4,2009-04,"OCCIDENTAL ARGENTINA EXPLORATION AND PRODUCTION, INC.",6454.83383333333
2009,4,2009-04,OIL M&S S.A.,1.68933333333333
2009,4,2009-04,PAN AMERICAN ENERGY (SUCURSAL ARGENTINA) LLC,17948.0626666667
2009,4,2009-04,PETRO ANDINA RESOURCES LTD.,4445.56366666667
2009,4,2009-04,PETROBRAS ARGENTINA S.A.,6915.63173333333
2009,4,2009-04,PETROFARO S.A.,0
2009,4,2009-04,PETROLEOS SUDAMERICANOS S.A.,245.067666666667
2009,4,2009-04,PETROLERA DEL COMAHUE S.A.,12.073
2009,4,2009-04,PETROLERA EL TREBOL S.A.,299.744633333333
2009,4,2009-04,PETROLERA ENTRE LOMAS S.A.,2160.47666666667
2009,4,2009-04,PETROLERA LF COMPANY S.R.L.,788.129666666667
2009,4,2009-04,PETROLERA PATAGONIA S.R.L.,21.718
2009,4,2009-04,PETROLERA PIEDRA DEL AGUILA S.A.,0
2009,4,2009-04,PETROLERA SAN JOSE S.R.L.,89.4166666666667
2009,4,2009-04,PETROMINERA CHUBUT S.E.,0
2009,4,2009-04,PETROQUIMICA COMODORO RIVADAVIA S.A.,1228.736
2009,4,2009-04,PETRO TERRA CORPORATION,0.133333333333333
2009,4,2009-04,PLUSPETROL ENERGY S.A.,319.574
2009,4,2009-04,PLUSPETROL S.A.,2023.09199186667
2009,4,2009-04,ROCH S.A.,325.363
2009,4,2009-04,SAN JORGE PETROLEUM S.A.,2.9
2009,4,2009-04,TECPETROL S.A.,4331.34896666667
2009,4,2009-04,TOTAL AUSTRAL S.A.,2191.22063333333
2009,4,2009-04,YPF S.A.,34443.9057666667
2009,5,2009-05,ALIANZA PETROLERA ARGENTINA S.A.,0
2009,5,2009-05,APACHE ENERGIA ARGENTINA S.R.L.,1103.69741935484
2009,5,2009-05,APACHE PETROLERA ARGENTINA S.A.,128.606451612903
2009,5,2009-05,APCO ARGENTINA INC.,0
2009,5,2009-05,ARGENTA ENERGIA S.A.,0
2009,5,2009-05,CAPEX S.A.,160.048387096774
2009,5,2009-05,CENTRAL INTERNATIONAL CORPORATION (SUCURSAL ARGENTINA),181.706774193548
2009,5,2009-05,CHAÑARES ENERGIA S.A.,537.573838709677
2009,5,2009-05,CHEVRON ARGENTINA S.R.L.,7336.05483870968
2009,5,2009-05,CLEAR S.R.L.,16.0890322580645
2009,5,2009-05,COLHUE HUAPI S.A.,75.0967741935484
2009,5,2009-05,COMPAÑÍA GENERAL DE COMBUSTIBLES S.A.,18.9193548387097
2009,5,2009-05,COMPAÑÍAS ASOCIADAS PETROLERAS S.A.,1793.22580645161
2009,5,2009-05,"CRI HOLDING, INC.",34.7722580645161
2009,5,2009-05,DAPETROL S.A.,76.2561290322581
2009,5,2009-05,EHRENCAP S.A.,0
2009,5,2009-05,ENAP SIPETROL ARGENTINA S.A.,1610.73516129032
2009,5,2009-05,ENARSA ENERGIA ARGENTINA S.A.,0
2009,5,2009-05,ENERGIAL S.A.,0
2009,5,2009-05,EPSUR S.A.,29.3354838709677
2009,5,2009-05,EZ HOLDINGS S.A.,0
2009,5,2009-05,GEOPARK ARGENTINA LTD. (SUCURSAL ARGENTINA),9.88354838709677
2009,5,2009-05,GRECOIL y CIA. S.R.L.,13.0548387096774
2009,5,2009-05,INGENIERIA ALPA S.A.,27.3606451612903
2009,5,2009-05,INGENIERIA SIMA S.A.,1.1241935483871
2009,5,2009-05,INTERENERGY ARGENTINA S.A.,4.80645161290323
2009,5,2009-05,MADALENA ENERGY ARGENTINA SRL ,176.903225806452
2009,5,2009-05,MADALENA PETROLEUM (AMERICAS) LTD. (SUCURSAL ARGENTINA),724.993548387097
2009,5,2009-05,MEDANITO S.A.,142.383870967742
2009,5,2009-05,MISAHAR ARGENTINA S.A.,0.337096774193548
2009,5,2009-05,NECON S.A.,0
2009,5,2009-05,"OCCIDENTAL ARGENTINA EXPLORATION AND PRODUCTION, INC.",7008.34870967742
2009,5,2009-05,OIL M&S S.A.,1.71322580645161
2009,5,2009-05,PAN AMERICAN ENERGY (SUCURSAL ARGENTINA) LLC,18318.6261290323
2009,5,2009-05,PETRO ANDINA RESOURCES LTD.,4341.31903225806
2009,5,2009-05,PETROBRAS ARGENTINA S.A.,6570.7864516129
2009,5,2009-05,PETROFARO S.A.,0
2009,5,2009-05,PETROLEOS SUDAMERICANOS S.A.,263.187741935484
2009,5,2009-05,PETROLERA DEL COMAHUE S.A.,10.3622580645161
2009,5,2009-05,PETROLERA EL TREBOL S.A.,287.900387096774
2009,5,2009-05,PETROLERA ENTRE LOMAS S.A.,2127.02903225806
2009,5,2009-05,PETROLERA LF COMPANY S.R.L.,861.119677419355
2009,5,2009-05,PETROLERA PATAGONIA S.R.L.,20.0612903225806
2009,5,2009-05,PETROLERA PIEDRA DEL AGUILA S.A.,0
2009,5,2009-05,PETROLERA SAN JOSE S.R.L.,93.8254838709677
2009,5,2009-05,PETROMINERA CHUBUT S.E.,0
2009,5,2009-05,PETROQUIMICA COMODORO RIVADAVIA S.A.,1155.79032258065
2009,5,2009-05,PETRO TERRA CORPORATION,0.129032258064516
2009,5,2009-05,PLUSPETROL ENERGY S.A.,364.104838709677
2009,5,2009-05,PLUSPETROL S.A.,1890.59773964516
2009,5,2009-05,ROCH S.A.,321.33064516129
2009,5,2009-05,SAN JORGE PETROLEUM S.A.,3
2009,5,2009-05,TECPETROL S.A.,4338.50980645161
2009,5,2009-05,TOTAL AUSTRAL S.A.,2212.78983870968
2009,5,2009-05,YPF S.A.,33758.5023548387
2009,6,2009-06,ALIANZA PETROLERA ARGENTINA S.A.,0
2009,6,2009-06,APACHE ENERGIA ARGENTINA S.R.L.,1031.923
2009,6,2009-06,APACHE PETROLERA ARGENTINA S.A.,125.54
2009,6,2009-06,APCO ARGENTINA INC.,0
2009,6,2009-06,ARGENTA ENERGIA S.A.,0
2009,6,2009-06,CAPEX S.A.,151.5
2009,6,2009-06,CENTRAL INTERNATIONAL CORPORATION (SUCURSAL ARGENTINA),200.224666666667
2009,6,2009-06,CHAÑARES ENERGIA S.A.,498.4017
2009,6,2009-06,CHEVRON ARGENTINA S.R.L.,7503.73333333333
2009,6,2009-06,CLEAR S.R.L.,14.6687666666667
2009,6,2009-06,COLHUE HUAPI S.A.,72.1666666666667
2009,6,2009-06,COMPAÑÍA GENERAL DE COMBUSTIBLES S.A.,17.32
2009,6,2009-06,COMPAÑÍAS ASOCIADAS PETROLERAS S.A.,1783.86666666667
2009,6,2009-06,"CRI HOLDING, INC.",33.2133333333333
2009,6,2009-06,DAPETROL S.A.,76.0116666666667
2009,6,2009-06,EHRENCAP S.A.,0
2009,6,2009-06,ENAP SIPETROL ARGENTINA S.A.,1674.11566666667
2009,6,2009-06,ENARSA ENERGIA ARGENTINA S.A.,0
2009,6,2009-06,ENERGIAL S.A.,0
2009,6,2009-06,EPSUR S.A.,30.4326666666667
2009,6,2009-06,EZ HOLDINGS S.A.,0
2009,6,2009-06,GEOPARK ARGENTINA LTD. (SUCURSAL ARGENTINA),9.56366666666667
2009,6,2009-06,GRECOIL y CIA. S.R.L.,20.47
2009,6,2009-06,INGENIERIA ALPA S.A.,24.0136666666667
2009,6,2009-06,INGENIERIA SIMA S.A.,1.94333333333333
2009,6,2009-06,INTERENERGY ARGENTINA S.A.,4.93333333333333
2009,6,2009-06,MADALENA ENERGY ARGENTINA SRL ,113.816666666667
2009,6,2009-06,MADALENA PETROLEUM (AMERICAS) LTD. (SUCURSAL ARGENTINA),689.123333333333
2009,6,2009-06,MEDANITO S.A.,131.606666666667
2009,6,2009-06,MISAHAR ARGENTINA S.A.,0
2009,6,2009-06,NECON S.A.,0
2009,6,2009-06,"OCCIDENTAL ARGENTINA EXPLORATION AND PRODUCTION, INC.",5610.93633333333
2009,6,2009-06,OIL M&S S.A.,1.567
2009,6,2009-06,PAN AMERICAN ENERGY (SUCURSAL ARGENTINA) LLC,18436.1926666667
2009,6,2009-06,PETRO ANDINA RESOURCES LTD.,4385.95766666667
2009,6,2009-06,PETROBRAS ARGENTINA S.A.,6717.89606666667
2009,6,2009-06,PETROFARO S.A.,0
2009,6,2009-06,PETROLEOS SUDAMERICANOS S.A.,253.790333333333
2009,6,2009-06,PETROLERA DEL COMAHUE S.A.,8.35166666666667
2009,6,2009-06,PETROLERA EL TREBOL S.A.,299.2635
2009,6,2009-06,PETROLERA ENTRE LOMAS S.A.,2182.9923
2009,6,2009-06,PETROLERA LF COMPANY S.R.L.,901.529
2009,6,2009-06,PETROLERA PATAGONIA S.R.L.,21.9866666666667
2009,6,2009-06,PETROLERA PIEDRA DEL AGUILA S.A.,0
2009,6,2009-06,PETROLERA SAN JOSE S.R.L.,90.8756666666667
2009,6,2009-06,PETROMINERA CHUBUT S.E.,0
2009,6,2009-06,PETROQUIMICA COMODORO RIVADAVIA S.A.,1243.11333333333
2009,6,2009-06,PETRO TERRA CORPORATION,0.166666666666667
2009,6,2009-06,PLUSPETROL ENERGY S.A.,388.857666666667
2009,6,2009-06,PLUSPETROL S.A.,1923.96433986667
2009,6,2009-06,ROCH S.A.,335.398666666667
2009,6,2009-06,SAN JORGE PETROLEUM S.A.,2.4
2009,6,2009-06,TECPETROL S.A.,4311.61963333333
2009,6,2009-06,TOTAL AUSTRAL S.A.,2328.94916666667
2009,6,2009-06,YPF S.A.,32049.3979333333
2009,7,2009-07,ALIANZA PETROLERA ARGENTINA S.A.,0
2009,7,2009-07,APACHE ENERGIA ARGENTINA S.R.L.,954.933225806452
2009,7,2009-07,APACHE PETROLERA ARGENTINA S.A.,110.938709677419
2009,7,2009-07,APCO ARGENTINA INC.,0
2009,7,2009-07,ARGENTA ENERGIA S.A.,0
2009,7,2009-07,CAPEX S.A.,148.925806451613
2009,7,2009-07,CENTRAL INTERNATIONAL CORPORATION (SUCURSAL ARGENTINA),172.709032258064
2009,7,2009-07,CHAÑARES ENERGIA S.A.,493.069870967742
2009,7,2009-07,CHEVRON ARGENTINA S.R.L.,7296.62258064516
2009,7,2009-07,CLEAR S.R.L.,14.6302258064516
2009,7,2009-07,COLHUE HUAPI S.A.,73.741935483871
2009,7,2009-07,COMPAÑÍA GENERAL DE COMBUSTIBLES S.A.,16.4322580645161
2009,7,2009-07,COMPAÑÍAS ASOCIADAS PETROLERAS S.A.,1693.4835483871
2009,7,2009-07,"CRI HOLDING, INC.",35.1941935483871
2009,7,2009-07,DAPETROL S.A.,73.3061290322581
2009,7,2009-07,EHRENCAP S.A.,0
2009,7,2009-07,ENAP SIPETROL ARGENTINA S.A.,1751.41516129032
2009,7,2009-07,ENARSA ENERGIA ARGENTINA S.A.,0
2009,7,2009-07,ENERGIAL S.A.,0
2009,7,2009-07,EPSUR S.A.,25.2796774193548
2009,7,2009-07,EZ HOLDINGS S.A.,0
2009,7,2009-07,GEOPARK ARGENTINA LTD. (SUCURSAL ARGENTINA),9.16741935483871
2009,7,2009-07,GRECOIL y CIA. S.R.L.,16.4483870967742
2009,7,2009-07,HIGH LUCK GROUP LTD. - SUCURSAL ARGENTINA,0
2009,7,2009-07,INGENIERIA ALPA S.A.,26.1706451612903
2009,7,2009-07,INGENIERIA SIMA S.A.,1.98677419354839
2009,7,2009-07,INTERENERGY ARGENTINA S.A.,5.19354838709677
2009,7,2009-07,MADALENA ENERGY ARGENTINA SRL ,141.574193548387
2009,7,2009-07,MADALENA PETROLEUM (AMERICAS) LTD. (SUCURSAL ARGENTINA),609.077419354839
2009,7,2009-07,MEDANITO S.A.,127.022580645161
2009,7,2009-07,MISAHAR ARGENTINA S.A.,0
2009,7,2009-07,NECON S.A.,1.28612903225806
2009,7,2009-07,"OCCIDENTAL ARGENTINA EXPLORATION AND PRODUCTION, INC.",6603.14064516129
2009,7,2009-07,OIL M&S S.A.,1.45709677419355
2009,7,2009-07,PAN AMERICAN ENERGY (SUCURSAL ARGENTINA) LLC,18200.2635483871
2009,7,2009-07,PETRO ANDINA RESOURCES LTD.,4289.44290322581
2009,7,2009-07,PETROBRAS ARGENTINA S.A.,6249.01538709677
2009,7,2009-07,PETROLEOS SUDAMERICANOS S.A.,231.196774193548
2009,7,2009-07,PETROLERA DEL COMAHUE S.A.,7.15677419354839
2009,7,2009-07,PETROLERA EL TREBOL S.A.,283.442709677419
2009,7,2009-07,PETROLERA ENTRE LOMAS S.A.,2142.25161290323
2009,7,2009-07,PETROLERA LF COMPANY S.R.L.,845.615161290323
2009,7,2009-07,PETROLERA PATAGONIA S.R.L.,24.3138709677419
2009,7,2009-07,PETROLERA PIEDRA DEL AGUILA S.A.,0
2009,7,2009-07,PETROLERA SAN JOSE S.R.L.,90.2038709677419
2009,7,2009-07,PETROMINERA CHUBUT S.E.,0
2009,7,2009-07,PETROQUIMICA COMODORO RIVADAVIA S.A.,1282.44096774194
2009,7,2009-07,PETRO TERRA CORPORATION,0.258064516129032
2009,7,2009-07,PLUSPETROL ENERGY S.A.,378.456129032258
2009,7,2009-07,PLUSPETROL S.A.,1712.7458106129
2009,7,2009-07,ROCH S.A.,338.148387096774
2009,7,2009-07,SAN JORGE PETROLEUM S.A.,2.12903225806452
2009,7,2009-07,TECPETROL S.A.,4284.2194516129
2009,7,2009-07,TOTAL AUSTRAL S.A.,2346.91496774194
2009,7,2009-07,YPF S.A.,32660.8530645161
2009,8,2009-08,ALIANZA PETROLERA ARGENTINA S.A.,0
2009,8,2009-08,APACHE ENERGIA ARGENTINA S.R.L.,1021.4435483871
2009,8,2009-08,APACHE PETROLERA ARGENTINA S.A.,114.603225806452
2009,8,2009-08,APCO ARGENTINA INC.,0
2009,8,2009-08,ARGENTA ENERGIA S.A.,0
2009,8,2009-08,CAPEX S.A.,146.645161290323
2009,8,2009-08,CENTRAL INTERNATIONAL CORPORATION (SUCURSAL ARGENTINA),204.607096774194
2009,8,2009-08,CHAÑARES ENERGIA S.A.,498.111677419355
2009,8,2009-08,CHEVRON ARGENTINA S.R.L.,7249.42903225806
2009,8,2009-08,CLEAR S.R.L.,16.8796451612903
2009,8,2009-08,COLHUE HUAPI S.A.,73.9354838709677
2009,8,2009-08,COMPAÑÍA GENERAL DE COMBUSTIBLES S.A.,20.0806451612903
2009,8,2009-08,COMPAÑÍAS ASOCIADAS PETROLERAS S.A.,1669.03225806452
2009,8,2009-08,"CRI HOLDING, INC.",31.0561290322581
2009,8,2009-08,DAPETROL S.A.,74.4025806451613
2009,8,2009-08,EHRENCAP S.A.,0
2009,8,2009-08,ENAP SIPETROL ARGENTINA S.A.,1225.45419354839
2009,8,2009-08,ENARSA ENERGIA ARGENTINA S.A.,0
2009,8,2009-08,ENERGIAL S.A.,0
2009,8,2009-08,EPSUR S.A.,28.5516129032258
2009,8,2009-08,EZ HOLDINGS S.A.,0
2009,8,2009-08,GEOPARK ARGENTINA LTD. (SUCURSAL ARGENTINA),8.70354838709677
2009,8,2009-08,GRECOIL y CIA. S.R.L.,19.7483870967742
2009,8,2009-08,HIGH LUCK GROUP LTD. - SUCURSAL ARGENTINA,0
2009,8,2009-08,INGENIERIA ALPA S.A.,7.92903225806452
2009,8,2009-08,INGENIERIA SIMA S.A.,1.44387096774194
2009,8,2009-08,INTERENERGY ARGENTINA S.A.,5.61290322580645
2009,8,2009-08,MADALENA ENERGY ARGENTINA SRL ,197.870967741935
2009,8,2009-08,MADALENA PETROLEUM (AMERICAS) LTD. (SUCURSAL ARGENTINA),560.483870967742
2009,8,2009-08,MEDANITO S.A.,144.274193548387
2009,8,2009-08,MISAHAR ARGENTINA S.A.,0
2009,8,2009-08,NECON S.A.,1.36870967741935
2009,8,2009-08,"OCCIDENTAL ARGENTINA EXPLORATION AND PRODUCTION, INC.",2616.86870967742
2009,8,2009-08,OIL M&S S.A.,1.49483870967742
2009,8,2009-08,PAN AMERICAN ENERGY (SUCURSAL ARGENTINA) LLC,17250.9677419355
2009,8,2009-08,PETRO ANDINA RESOURCES LTD.,4277.52258064516
2009,8,2009-08,PETROBRAS ARGENTINA S.A.,6243.46680645161
2009,8,2009-08,PETROFARO S.A.,0
2009,8,2009-08,PETROLEOS SUDAMERICANOS S.A.,262.055161290323
2009,8,2009-08,PETROLERA DEL COMAHUE S.A.,6.5558064516129
2009,8,2009-08,PETROLERA EL TREBOL S.A.,296.473870967742
2009,8,2009-08,PETROLERA ENTRE LOMAS S.A.,2136.73225806452
2009,8,2009-08,PETROLERA LF COMPANY S.R.L.,759.48
2009,8,2009-08,PETROLERA PATAGONIA S.R.L.,23.8677419354839
2009,8,2009-08,PETROLERA PIEDRA DEL AGUILA S.A.,0
2009,8,2009-08,PETROLERA SAN JOSE S.R.L.,90.3667741935484
2009,8,2009-08,PETROMINERA CHUBUT S.E.,0
2009,8,2009-08,PETROQUIMICA COMODORO RIVADAVIA S.A.,1247.12483870968
2009,8,2009-08,PETRO TERRA CORPORATION,0.258064516129032
2009,8,2009-08,PLUSPETROL ENERGY S.A.,364.681612903226
2009,8,2009-08,PLUSPETROL S.A.,1910.57258203226
2009,8,2009-08,ROCH S.A.,321.767096774194
2009,8,2009-08,SAN JORGE PETROLEUM S.A.,1.70967741935484
2009,8,2009-08,TECPETROL S.A.,4368.69764516129
2009,8,2009-08,TOTAL AUSTRAL S.A.,2364.80270967742
2009,8,2009-08,YPF S.A.,26313.6291612903
2009,9,2009-09,ALIANZA PETROLERA ARGENTINA S.A.,0
2009,9,2009-09,APACHE ENERGIA ARGENTINA S.R.L.,995.063666666667
2009,9,2009-09,APACHE PETROLERA ARGENTINA S.A.,114.276666666667
2009,9,2009-09,APCO ARGENTINA INC.,0
2009,9,2009-09,ARGENTA ENERGIA S.A.,0
2009,9,2009-09,CAPEX S.A.,163.384666666667
2009,9,2009-09,CENTRAL INTERNATIONAL CORPORATION (SUCURSAL ARGENTINA),191.795333333333
2009,9,2009-09,CHAÑARES ENERGIA S.A.,496.7017
2009,9,2009-09,CHEVRON ARGENTINA S.R.L.,7203.01
2009,9,2009-09,CLEAR S.R.L.,16.4094333333333
2009,9,2009-09,COLHUE HUAPI S.A.,73.6
2009,9,2009-09,COMPAÑÍA GENERAL DE COMBUSTIBLES S.A.,23.3666666666667
2009,9,2009-09,COMPAÑÍAS ASOCIADAS PETROLERAS S.A.,1740.80033333333
2009,9,2009-09,"CRI HOLDING, INC.",32.4523333333333
2009,9,2009-09,DAPETROL S.A.,69.8
2009,9,2009-09,EHRENCAP S.A.,0
2009,9,2009-09,ENAP SIPETROL ARGENTINA S.A.,1972.544
2009,9,2009-09,ENARSA ENERGIA ARGENTINA S.A.,0
2009,9,2009-09,ENERGIAL S.A.,0
2009,9,2009-09,EPSUR S.A.,34.1226666666667
2009,9,2009-09,EZ HOLDINGS S.A.,0
2009,9,2009-09,GEOPARK ARGENTINA LTD. (SUCURSAL ARGENTINA),7.95033333333333
2009,9,2009-09,GRECOIL y CIA. S.R.L.,12.3033333333333
2009,9,2009-09,HIGH LUCK GROUP LTD. - SUCURSAL ARGENTINA,0
2009,9,2009-09,INGENIERIA ALPA S.A.,30.4006666666667
2009,9,2009-09,INGENIERIA SIMA S.A.,0.609
2009,9,2009-09,INTERENERGY ARGENTINA S.A.,6.3
2009,9,2009-09,MADALENA ENERGY ARGENTINA SRL ,209.166666666667
2009,9,2009-09,MADALENA PETROLEUM (AMERICAS) LTD. (SUCURSAL ARGENTINA),571.626666666667
2009,9,2009-09,MEDANITO S.A.,138.803333333333
2009,9,2009-09,MISAHAR ARGENTINA S.A.,0.176666666666667
2009,9,2009-09,NECON S.A.,1.38333333333333
2009,9,2009-09,"OCCIDENTAL ARGENTINA EXPLORATION AND PRODUCTION, INC.",6446.38433333333
2009,9,2009-09,OIL M&S S.A.,1.66933333333333
2009,9,2009-09,PAN AMERICAN ENERGY (SUCURSAL ARGENTINA) LLC,18186.589
2009,9,2009-09,PETRO ANDINA RESOURCES LTD.,4238.50766666667
2009,9,2009-09,PETROBRAS ARGENTINA S.A.,6709.42213333333
2009,9,2009-09,PETROFARO S.A.,0
2009,9,2009-09,PETROLEOS SUDAMERICANOS S.A.,243.114666666667
2009,9,2009-09,PETROLERA DEL COMAHUE S.A.,5.93766666666667
2009,9,2009-09,PETROLERA EL TREBOL S.A.,298.514766666667
2009,9,2009-09,PETROLERA ENTRE LOMAS S.A.,2174.18666666667
2009,9,2009-09,PETROLERA LF COMPANY S.R.L.,797.734333333333
2009,9,2009-09,PETROLERA PATAGONIA S.R.L.,23.5876666666667
2009,9,2009-09,PETROLERA PIEDRA DEL AGUILA S.A.,0
2009,9,2009-09,PETROLERA SAN JOSE S.R.L.,79.615
2009,9,2009-09,PETROMINERA CHUBUT S.E.,0
2009,9,2009-09,PETROQUIMICA COMODORO RIVADAVIA S.A.,1285.106
2009,9,2009-09,PETRO TERRA CORPORATION,0.166666666666667
2009,9,2009-09,PLUSPETROL ENERGY S.A.,372.367333333333
2009,9,2009-09,PLUSPETROL S.A.,1787.70333623333
2009,9,2009-09,ROCH S.A.,332.976666666667
2009,9,2009-09,SAN JORGE PETROLEUM S.A.,1.86666666666667
2009,9,2009-09,TECPETROL S.A.,4209.67876666667
2009,9,2009-09,TOTAL AUSTRAL S.A.,2241.2317
2009,9,2009-09,YPF S.A.,32489.5781333333
2009,10,2009-10,ALIANZA PETROLERA ARGENTINA S.A.,0
2009,10,2009-10,APACHE ENERGIA ARGENTINA S.R.L.,986.705806451613
2009,10,2009-10,APACHE PETROLERA ARGENTINA S.A.,120.609677419355
2009,10,2009-10,APCO ARGENTINA INC.,0
2009,10,2009-10,ARGENTA ENERGIA S.A.,0
2009,10,2009-10,CAPEX S.A.,131.628387096774
2009,10,2009-10,CENTRAL INTERNATIONAL CORPORATION (SUCURSAL ARGENTINA),232.132258064516
2009,10,2009-10,CHAÑARES ENERGIA S.A.,539.634548387097
2009,10,2009-10,CHEVRON ARGENTINA S.R.L.,7041.50967741935
2009,10,2009-10,CLEAR S.R.L.,28.3349677419355
2009,10,2009-10,COLHUE HUAPI S.A.,77.0645161290323
2009,10,2009-10,COMPAÑÍA GENERAL DE COMBUSTIBLES S.A.,17.7806451612903
2009,10,2009-10,COMPAÑÍAS ASOCIADAS PETROLERAS S.A.,1755.74193548387
2009,10,2009-10,"CRI HOLDING, INC.",29.1806451612903
2009,10,2009-10,DAPETROL S.A.,68.3041935483871
2009,10,2009-10,EHRENCAP S.A.,0
2009,10,2009-10,ENAP SIPETROL ARGENTINA S.A.,1921.6
2009,10,2009-10,ENARSA ENERGIA ARGENTINA S.A.,0
2009,10,2009-10,ENERGIAL S.A.,0
2009,10,2009-10,EPSUR S.A.,32.9570967741935
2009,10,2009-10,EZ HOLDINGS S.A.,0
2009,10,2009-10,GEOPARK ARGENTINA LTD. (SUCURSAL ARGENTINA),9.13225806451613
2009,10,2009-10,GRECOIL y CIA. S.R.L.,23.41
2009,10,2009-10,HIGH LUCK GROUP LTD. - SUCURSAL ARGENTINA,0
2009,10,2009-10,INGENIERIA ALPA S.A.,44.5187096774194
2009,10,2009-10,INGENIERIA SIMA S.A.,3.09870967741935
2009,10,2009-10,INTERENERGY ARGENTINA S.A.,6.61290322580645
2009,10,2009-10,MADALENA ENERGY ARGENTINA SRL ,195.177419354839
2009,10,2009-10,MADALENA PETROLEUM (AMERICAS) LTD. (SUCURSAL ARGENTINA),587.446774193548
2009,10,2009-10,MEDANITO S.A.,141.803225806452
2009,10,2009-10,MISAHAR ARGENTINA S.A.,1.50096774193548
2009,10,2009-10,NECON S.A.,1.33225806451613
2009,10,2009-10,"OCCIDENTAL ARGENTINA EXPLORATION AND PRODUCTION, INC.",6546.23290322581
2009,10,2009-10,OIL M&S S.A.,0.994838709677419
2009,10,2009-10,PAN AMERICAN ENERGY (SUCURSAL ARGENTINA) LLC,18136.3164516129
2009,10,2009-10,PETRO ANDINA RESOURCES LTD.,4360.05709677419
2009,10,2009-10,PETROBRAS ARGENTINA S.A.,6837.08574193548
2009,10,2009-10,PETROFARO S.A.,0.988709677419355
2009,10,2009-10,PETROLEOS SUDAMERICANOS S.A.,253.11064516129
2009,10,2009-10,PETROLERA DEL COMAHUE S.A.,5.66129032258065
2009,10,2009-10,PETROLERA EL TREBOL S.A.,288.322032258064
2009,10,2009-10,PETROLERA ENTRE LOMAS S.A.,2244.63870967742
2009,10,2009-10,PETROLERA LF COMPANY S.R.L.,781.680322580645
2009,10,2009-10,PETROLERA PATAGONIA S.R.L.,23.341935483871
2009,10,2009-10,PETROLERA PIEDRA DEL AGUILA S.A.,0
2009,10,2009-10,PETROLERA SAN JOSE S.R.L.,87.7251612903226
2009,10,2009-10,PETROMINERA CHUBUT S.E.,0
2009,10,2009-10,PETROQUIMICA COMODORO RIVADAVIA S.A.,1290.75451612903
2009,10,2009-10,PETRO TERRA CORPORATION,0.0967741935483871
2009,10,2009-10,PLUSPETROL ENERGY S.A.,356.54
2009,10,2009-10,PLUSPETROL S.A.,1865.65128645161
2009,10,2009-10,ROCH S.A.,739.89961283871
2009,10,2009-10,SAN JORGE PETROLEUM S.A.,2.41935483870968
2009,10,2009-10,TECPETROL S.A.,4165.1734516129
2009,10,2009-10,TOTAL AUSTRAL S.A.,2208.25796774194
2009,10,2009-10,YPF S.A.,33394.6544193548
2009,11,2009-11,ALIANZA PETROLERA ARGENTINA S.A.,0
2009,11,2009-11,APACHE ENERGIA ARGENTINA S.R.L.,957.825333333333
2009,11,2009-11,APACHE PETROLERA ARGENTINA S.A.,101.343333333333
2009,11,2009-11,APCO ARGENTINA INC.,0
2009,11,2009-11,ARGENTA ENERGIA S.A.,0.0946
2009,11,2009-11,CAPEX S.A.,107.32
2009,11,2009-11,CENTRAL INTERNATIONAL CORPORATION (SUCURSAL ARGENTINA),222.636
2009,11,2009-11,CHAÑARES ENERGIA S.A.,587.9735
2009,11,2009-11,CHEVRON ARGENTINA S.R.L.,6960.22666666667
2009,11,2009-11,CLEAR S.R.L.,53.8812
2009,11,2009-11,COLHUE HUAPI S.A.,77.7
2009,11,2009-11,COMPAÑÍA GENERAL DE COMBUSTIBLES S.A.,16.4833333333333
2009,11,2009-11,COMPAÑÍAS ASOCIADAS PETROLERAS S.A.,1722.13333333333
2009,11,2009-11,"CRI HOLDING, INC.",28.6116666666667
2009,11,2009-11,DAPETROL S.A.,70.177
2009,11,2009-11,ENAP SIPETROL ARGENTINA S.A.,1943.86733333333
2009,11,2009-11,ENARSA ENERGIA ARGENTINA S.A.,0
2009,11,2009-11,ENERGIAL S.A.,0
2009,11,2009-11,EPSUR S.A.,29.874
2009,11,2009-11,EZ HOLDINGS S.A.,0
2009,11,2009-11,GEOPARK ARGENTINA LTD. (SUCURSAL ARGENTINA),9.567
2009,11,2009-11,GRECOIL y CIA. S.R.L.,23.9166666666667
2009,11,2009-11,HIGH LUCK GROUP LTD. - SUCURSAL ARGENTINA,0
2009,11,2009-11,INGENIERIA ALPA S.A.,26.597
2009,11,2009-11,INGENIERIA SIMA S.A.,6.68033333333333
2009,11,2009-11,INTERENERGY ARGENTINA S.A.,5.93333333333333
2009,11,2009-11,MADALENA ENERGY ARGENTINA SRL ,161.456666666667
2009,11,2009-11,MADALENA PETROLEUM (AMERICAS) LTD. (SUCURSAL ARGENTINA),616.943333333333
2009,11,2009-11,MEDANITO S.A.,129.258333333333
2009,11,2009-11,MISAHAR ARGENTINA S.A.,1.72066666666667
2009,11,2009-11,NECON S.A.,1.425
2009,11,2009-11,"OCCIDENTAL ARGENTINA EXPLORATION AND PRODUCTION, INC.",5910.47233333333
2009,11,2009-11,OIL M&S S.A.,1.387
2009,11,2009-11,PAN AMERICAN ENERGY (SUCURSAL ARGENTINA) LLC,18001.1423333333
2009,11,2009-11,PETRO ANDINA RESOURCES LTD.,4433.99333333333
2009,11,2009-11,PETROBRAS ARGENTINA S.A.,6465.96233333333
2009,11,2009-11,PETROFARO S.A.,2.32533333333333
2009,11,2009-11,PETROLEOS SUDAMERICANOS S.A.,251.065333333333
2009,11,2009-11,PETROLERA DEL COMAHUE S.A.,5.975
2009,11,2009-11,PETROLERA EL TREBOL S.A.,288.344966666667
2009,11,2009-11,PETROLERA ENTRE LOMAS S.A.,2218.08666666667
2009,11,2009-11,PETROLERA LF COMPANY S.R.L.,711.154666666667
2009,11,2009-11,PETROLERA PATAGONIA S.R.L.,26.4866666666667
2009,11,2009-11,PETROLERA PIEDRA DEL AGUILA S.A.,0
2009,11,2009-11,PETROLERA SAN JOSE S.R.L.,84.741
2009,11,2009-11,PETROMINERA CHUBUT S.E.,0
2009,11,2009-11,PETROQUIMICA COMODORO RIVADAVIA S.A.,1321.49933333333
2009,11,2009-11,PETRO TERRA CORPORATION,0.266666666666667
2009,11,2009-11,PLUSPETROL ENERGY S.A.,354.429666666667
2009,11,2009-11,PLUSPETROL S.A.,1842.3066746
2009,11,2009-11,ROCH S.A.,787.796196666667
2009,11,2009-11,SAN JORGE PETROLEUM S.A.,1.53333333333333
2009,11,2009-11,TECPETROL S.A.,4145.251
2009,11,2009-11,TOTAL AUSTRAL S.A.,2094.40296666667
2009,11,2009-11,YPF S.A.,31494.7910333333
2009,12,2009-12,ALIANZA PETROLERA ARGENTINA S.A.,0
2009,12,2009-12,APACHE ENERGIA ARGENTINA S.R.L.,932.96064516129
2009,12,2009-12,APACHE PETROLERA ARGENTINA S.A.,96.2258064516129
2009,12,2009-12,APCO ARGENTINA INC.,0
2009,12,2009-12,ARGENTA ENERGIA S.A.,0
2009,12,2009-12,CAPEX S.A.,97.7248387096774
2009,12,2009-12,CENTRAL INTERNATIONAL CORPORATION (SUCURSAL ARGENTINA),202.84935483871
2009,12,2009-12,CHAÑARES ENERGIA S.A.,673.149290322581
2009,12,2009-12,CHEVRON ARGENTINA S.R.L.,6838.05483870968
2009,12,2009-12,CLEAR S.R.L.,70.5997741935484
2009,12,2009-12,COLHUE HUAPI S.A.,76.0245161290323
2009,12,2009-12,COMPAÑÍA GENERAL DE COMBUSTIBLES S.A.,16.0258064516129
2009,12,2009-12,COMPAÑÍAS ASOCIADAS PETROLERAS S.A.,1687.64516129032
2009,12,2009-12,"CRI HOLDING, INC.",22.5396774193548
2009,12,2009-12,DAPETROL S.A.,73.1612903225806
2009,12,2009-12,ENAP SIPETROL ARGENTINA S.A.,1866.29935483871
2009,12,2009-12,ENARSA ENERGIA ARGENTINA S.A.,0
2009,12,2009-12,ENERGIAL S.A.,0
2009,12,2009-12,EPSUR S.A.,25.4261290322581
2009,12,2009-12,EZ HOLDINGS S.A.,0
2009,12,2009-12,GEOPARK ARGENTINA LTD. (SUCURSAL ARGENTINA),9.5258064516129
2009,12,2009-12,GRECOIL y CIA. S.R.L.,21.34
2009,12,2009-12,HIGH LUCK GROUP LTD. - SUCURSAL ARGENTINA,0
2009,12,2009-12,INGENIERIA ALPA S.A.,38.3458064516129
2009,12,2009-12,INGENIERIA SIMA S.A.,7.4541935483871
2009,12,2009-12,INTERENERGY ARGENTINA S.A.,5.35483870967742
2009,12,2009-12,MADALENA ENERGY ARGENTINA SRL ,121.729032258065
2009,12,2009-12,MADALENA PETROLEUM (AMERICAS) LTD. (SUCURSAL ARGENTINA),621.906451612903
2009,12,2009-12,MEDANITO S.A.,125.244838709677
2009,12,2009-12,MISAHAR ARGENTINA S.A.,2.71935483870968
2009,12,2009-12,NECON S.A.,0.546129032258065
2009,12,2009-12,"OCCIDENTAL ARGENTINA EXPLORATION AND PRODUCTION, INC.",6043.66
2009,12,2009-12,OIL M&S S.A.,1.21096774193548
2009,12,2009-12,PAN AMERICAN ENERGY (SUCURSAL ARGENTINA) LLC,17931.0441935484
2009,12,2009-12,PETRO ANDINA RESOURCES LTD.,4611.89451612903
2009,12,2009-12,PETROBRAS ARGENTINA S.A.,6514.1405483871
2009,12,2009-12,PETROFARO S.A.,1.96967741935484
2009,12,2009-12,PETROLEOS SUDAMERICANOS S.A.,268.819032258065
2009,12,2009-12,PETROLERA DEL COMAHUE S.A.,5.42193548387097
2009,12,2009-12,PETROLERA EL TREBOL S.A.,291.111741935484
2009,12,2009-12,PETROLERA ENTRE LOMAS S.A.,2165.56451612903
2009,12,2009-12,PETROLERA LF COMPANY S.R.L.,714.426129032258
2009,12,2009-12,PETROLERA PATAGONIA S.R.L.,27.3290322580645
2009,12,2009-12,PETROLERA PIEDRA DEL AGUILA S.A.,0
2009,12,2009-12,PETROLERA SAN JOSE S.R.L.,83.7809677419355
2009,12,2009-12,PETROMINERA CHUBUT S.E.,0
2009,12,2009-12,PETROQUIMICA COMODORO RIVADAVIA S.A.,1221.77967741935
2009,12,2009-12,PETRO TERRA CORPORATION,0.32258064516129
2009,12,2009-12,PLUSPETROL ENERGY S.A.,347.973870967742
2009,12,2009-12,PLUSPETROL S.A.,1831.56321725806
2009,12,2009-12,ROCH S.A.,784.455322580645
2009,12,2009-12,SAN JORGE PETROLEUM S.A.,1.64516129032258
2009,12,2009-12,TECPETROL S.A.,4212.96548387097
2009,12,2009-12,TOTAL AUSTRAL S.A.,2055.55961290323
2009,12,2009-12,YPF S.A.,31501.4462258065
2010,1,2010-01,APACHE ENERGIA ARGENTINA S.R.L.,917.78064516129
2010,1,2010-01,APACHE PETROLERA ARGENTINA S.A.,89.6193548387097
2010,1,2010-01,APCO ARGENTINA INC.,0
2010,1,2010-01,ARGENTA ENERGIA S.A.,0.0182903225806452
2010,1,2010-01,CAPEX S.A.,109.545161290323
2010,1,2010-01,CENTRAL INTERNATIONAL CORPORATION (SUCURSAL ARGENTINA),194.835806451613
2010,1,2010-01,CHAÑARES ENERGIA S.A.,663.557419354839
2010,1,2010-01,CHEVRON ARGENTINA S.R.L.,6795.81612903226
2010,1,2010-01,CLEAR S.R.L.,89.371935483871
2010,1,2010-01,COLHUE HUAPI S.A.,77.5483870967742
2010,1,2010-01,COMPAÑÍA GENERAL DE COMBUSTIBLES S.A.,15.2290322580645
2010,1,2010-01,COMPAÑÍAS ASOCIADAS PETROLERAS S.A.,1679.83870967742
2010,1,2010-01,"CRI HOLDING, INC.",25.7541935483871
2010,1,2010-01,DAPETROL S.A.,74.1974193548387
2010,1,2010-01,ENAP SIPETROL ARGENTINA S.A.,1826.84548387097
2010,1,2010-01,ENARSA ENERGIA ARGENTINA S.A.,0
2010,1,2010-01,ENERGIAL S.A.,0
2010,1,2010-01,EPSUR S.A.,20.9116129032258
2010,1,2010-01,EZ HOLDINGS S.A.,0
2010,1,2010-01,GEOPARK ARGENTINA LTD. (SUCURSAL ARGENTINA),7.61838709677419
2010,1,2010-01,GRECOIL y CIA. S.R.L.,19.2535483870968
2010,1,2010-01,HIGH LUCK GROUP LTD. - SUCURSAL ARGENTINA,0
2010,1,2010-01,INGENIERIA ALPA S.A.,27.6161290322581
2010,1,2010-01,INGENIERIA SIMA S.A.,4.25612903225806
2010,1,2010-01,INTERENERGY ARGENTINA S.A.,5.25806451612903
2010,1,2010-01,MADALENA ENERGY ARGENTINA SRL ,149.087096774194
2010,1,2010-01,MADALENA PETROLEUM (AMERICAS) LTD. (SUCURSAL ARGENTINA),591.645
2010,1,2010-01,MEDANITO S.A.,120.008709677419
2010,1,2010-01,MISAHAR ARGENTINA S.A.,2.60354838709677
2010,1,2010-01,NECON S.A.,1.05354838709677
2010,1,2010-01,"OCCIDENTAL ARGENTINA EXPLORATION AND PRODUCTION, INC.",6310.22332258065
2010,1,2010-01,OIL M&S S.A.,0
2010,1,2010-01,PAN AMERICAN ENERGY (SUCURSAL ARGENTINA) LLC,17923.7967741935
2010,1,2010-01,PETRO ANDINA RESOURCES LTD.,4517.14
2010,1,2010-01,PETROBRAS ARGENTINA S.A.,6415.76096774194
2010,1,2010-01,PETROFARO S.A.,1.44258064516129
2010,1,2010-01,PETROLEOS SUDAMERICANOS S.A.,264.068709677419
2010,1,2010-01,PETROLERA DEL COMAHUE S.A.,4.70935483870968
2010,1,2010-01,PETROLERA EL TREBOL S.A.,282.806419354839
2010,1,2010-01,PETROLERA ENTRE LOMAS S.A.,2142.43225806452
2010,1,2010-01,PETROLERA LF COMPANY S.R.L.,688.372258064516
2010,1,2010-01,PETROLERA PATAGONIA S.R.L.,20.3490322580645
2010,1,2010-01,PETROLERA PIEDRA DEL AGUILA S.A.,0
2010,1,2010-01,PETROLERA SAN JOSE S.R.L.,82.4683870967742
2010,1,2010-01,PETROMINERA CHUBUT S.E.,0
2010,1,2010-01,PETROQUIMICA COMODORO RIVADAVIA S.A.,1162.67483870968
2010,1,2010-01,PETRO TERRA CORPORATION,0.483870967741935
2010,1,2010-01,PLUSPETROL ENERGY S.A.,337.48
2010,1,2010-01,PLUSPETROL S.A.,1776.25580645161
2010,1,2010-01,ROCH S.A.,668.426886151935
2010,1,2010-01,SAN JORGE PETROLEUM S.A.,106.961290322581
2010,1,2010-01,TECPETROL S.A.,4148.64235483871
2010,1,2010-01,TOTAL AUSTRAL S.A.,1930.42393548387
2010,1,2010-01,YPF S.A.,33439.6511935484
2010,2,2010-02,APACHE ENERGIA ARGENTINA S.R.L.,883.265714285714
2010,2,2010-02,APACHE PETROLERA ARGENTINA S.A.,83.2107142857143
2010,2,2010-02,APCO ARGENTINA INC.,0
2010,2,2010-02,ARGENTA ENERGIA S.A.,0
2010,2,2010-02,CAPEX S.A.,114.828571428571
2010,2,2010-02,CENTRAL INTERNATIONAL CORPORATION (SUCURSAL ARGENTINA),196.329642857143
2010,2,2010-02,CHAÑARES ENERGIA S.A.,620.430142857143
2010,2,2010-02,CHEVRON ARGENTINA S.R.L.,6818.98571428571
2010,2,2010-02,CLEAR S.R.L.,108.642857142857
2010,2,2010-02,COLHUE HUAPI S.A.,77.6785714285714
2010,2,2010-02,COMPAÑÍA GENERAL DE COMBUSTIBLES S.A.,13.8321428571429
2010,2,2010-02,COMPAÑÍAS ASOCIADAS PETROLERAS S.A.,1663.85285714286
2010,2,2010-02,"CRI HOLDING, INC.",23.6714285714286
2010,2,2010-02,DAPETROL S.A.,77.1421428571429
2010,2,2010-02,ENAP SIPETROL ARGENTINA S.A.,1831.30357142857
2010,2,2010-02,ENARSA ENERGIA ARGENTINA S.A.,17.8178571428571
2010,2,2010-02,ENERGIAL S.A.,0
2010,2,2010-02,EPSUR S.A.,17.625
2010,2,2010-02,EZ HOLDINGS S.A.,0
2010,2,2010-02,GEOPARK ARGENTINA LTD. (SUCURSAL ARGENTINA),4.16107142857143
2010,2,2010-02,GRECOIL y CIA. S.R.L.,21.5714285714286
2010,2,2010-02,HIGH LUCK GROUP LTD. - SUCURSAL ARGENTINA,0
2010,2,2010-02,INGENIERIA ALPA S.A.,27.1682142857143
2010,2,2010-02,INGENIERIA SIMA S.A.,5.35964285714286
2010,2,2010-02,INTERENERGY ARGENTINA S.A.,5.39285714285714
2010,2,2010-02,MADALENA ENERGY ARGENTINA SRL ,144.608178571429
2010,2,2010-02,MADALENA PETROLEUM (AMERICAS) LTD. (SUCURSAL ARGENTINA),558.482142857143
2010,2,2010-02,MEDANITO S.A.,118.546428571429
2010,2,2010-02,MISAHAR ARGENTINA S.A.,0.357142857142857
2010,2,2010-02,NECON S.A.,1.235
2010,2,2010-02,"OCCIDENTAL ARGENTINA EXPLORATION AND PRODUCTION, INC.",5861.67789285714
2010,2,2010-02,OIL M&S S.A.,0
2010,2,2010-02,PAN AMERICAN ENERGY (SUCURSAL ARGENTINA) LLC,17960.6389285714
2010,2,2010-02,PETRO ANDINA RESOURCES LTD.,4532.08214285714
2010,2,2010-02,PETROBRAS ARGENTINA S.A.,6373.26092857143
2010,2,2010-02,PETROFARO S.A.,1.68821428571429
2010,2,2010-02,PETROLEOS SUDAMERICANOS S.A.,244.125714285714
2010,2,2010-02,PETROLERA DEL COMAHUE S.A.,4.39071428571429
2010,2,2010-02,PETROLERA EL TREBOL S.A.,272.969035714286
2010,2,2010-02,PETROLERA ENTRE LOMAS S.A.,2173.06071428571
2010,2,2010-02,PETROLERA LF COMPANY S.R.L.,682.979642857143
2010,2,2010-02,PETROLERA PATAGONIA S.R.L.,19.9285714285714
2010,2,2010-02,PETROLERA SAN JOSE S.R.L.,97.0114285714286
2010,2,2010-02,PETROMINERA CHUBUT S.E.,0
2010,2,2010-02,PETROQUIMICA COMODORO RIVADAVIA S.A.,1212.91428571429
2010,2,2010-02,PETRO TERRA CORPORATION,6
2010,2,2010-02,PLUSPETROL ENERGY S.A.,326.7425
2010,2,2010-02,PLUSPETROL S.A.,1770.215
2010,2,2010-02,ROCH S.A.,634.922724311428
2010,2,2010-02,SAN JORGE PETROLEUM S.A.,107.107142857143
2010,2,2010-02,TECPETROL S.A.,4094.82375
2010,2,2010-02,TOTAL AUSTRAL S.A.,2119.84417857143
2010,2,2010-02,YPF S.A.,33711.6925357143
2010,3,2010-03,APACHE ENERGIA ARGENTINA S.R.L.,873.679677419355
2010,3,2010-03,APACHE PETROLERA ARGENTINA S.A.,84.6870967741935
2010,3,2010-03,APCO ARGENTINA INC.,0
2010,3,2010-03,ARGENTA ENERGIA S.A.,0
2010,3,2010-03,CAPEX S.A.,116.706451612903
2010,3,2010-03,CENTRAL INTERNATIONAL CORPORATION (SUCURSAL ARGENTINA),196.821290322581
2010,3,2010-03,CHAÑARES ENERGIA S.A.,622.835193548387
2010,3,2010-03,CHEVRON ARGENTINA S.R.L.,6900.66129032258
2010,3,2010-03,CLEAR S.R.L.,110.810967741935
2010,3,2010-03,COLHUE HUAPI S.A.,78.8709677419355
2010,3,2010-03,COMPAÑÍA GENERAL DE COMBUSTIBLES S.A.,13.2483870967742
2010,3,2010-03,COMPAÑÍAS ASOCIADAS PETROLERAS S.A.,1651.09064516129
2010,3,2010-03,"CRI HOLDING, INC.",23.5374193548387
2010,3,2010-03,DAPETROL S.A.,78.1493548387097
2010,3,2010-03,ENAP SIPETROL ARGENTINA S.A.,1671.48419354839
2010,3,2010-03,ENARSA ENERGIA ARGENTINA S.A.,54.0490322580645
2010,3,2010-03,ENERGIAL S.A.,0
2010,3,2010-03,EPSUR S.A.,30.2487096774194
2010,3,2010-03,EZ HOLDINGS S.A.,0
2010,3,2010-03,GEOPARK ARGENTINA LTD. (SUCURSAL ARGENTINA),4.14161290322581
2010,3,2010-03,GRECOIL y CIA. S.R.L.,21.541935483871
2010,3,2010-03,HIGH LUCK GROUP LTD. - SUCURSAL ARGENTINA,0
2010,3,2010-03,INGENIERIA ALPA S.A.,25.0883870967742
2010,3,2010-03,INGENIERIA SIMA S.A.,3.60612903225806
2010,3,2010-03,INTERENERGY ARGENTINA S.A.,5.45161290322581
2010,3,2010-03,MADALENA ENERGY ARGENTINA SRL ,131.054838709677
2010,3,2010-03,MADALENA PETROLEUM (AMERICAS) LTD. (SUCURSAL ARGENTINA),536.21935483871
2010,3,2010-03,MEDANITO S.A.,115.181935483871
2010,3,2010-03,MISAHAR ARGENTINA S.A.,1.49516129032258
2010,3,2010-03,NECON S.A.,2.65290322580645
2010,3,2010-03,"OCCIDENTAL ARGENTINA EXPLORATION AND PRODUCTION, INC.",6494.78225806452
2010,3,2010-03,OIL M&S S.A.,0
2010,3,2010-03,PAN AMERICAN ENERGY (SUCURSAL ARGENTINA) LLC,18179.9012903226
2010,3,2010-03,PETRO ANDINA RESOURCES LTD.,4515.26387096774
2010,3,2010-03,PETROBRAS ARGENTINA S.A.,6289.14503225806
2010,3,2010-03,PETROFARO S.A.,1.91258064516129
2010,3,2010-03,PETROLEOS SUDAMERICANOS S.A.,253.190967741935
2010,3,2010-03,PETROLERA DEL COMAHUE S.A.,4.73870967741936
2010,3,2010-03,PETROLERA EL TREBOL S.A.,285.712838709677
2010,3,2010-03,PETROLERA ENTRE LOMAS S.A.,2181.58064516129
2010,3,2010-03,PETROLERA LF COMPANY S.R.L.,648.520322580645
2010,3,2010-03,PETROLERA PATAGONIA S.R.L.,20.7806451612903
2010,3,2010-03,PETROLERA SAN JOSE S.R.L.,91.8335483870968
2010,3,2010-03,PETROMINERA CHUBUT S.E.,0
2010,3,2010-03,PETROQUIMICA COMODORO RIVADAVIA S.A.,1229.84677419355
2010,3,2010-03,PETRO TERRA CORPORATION,6
2010,3,2010-03,PLUSPETROL ENERGY S.A.,287.582580645161
2010,3,2010-03,PLUSPETROL S.A.,1824.9035483871
2010,3,2010-03,ROCH S.A.,655.369751148048
2010,3,2010-03,SAN JORGE PETROLEUM S.A.,105.364838709677
2010,3,2010-03,TECPETROL S.A.,4022.46367741935
2010,3,2010-03,TOTAL AUSTRAL S.A.,2036.83129032258
2010,3,2010-03,YPF S.A.,33425.9075806452
2010,4,2010-04,APACHE ENERGIA ARGENTINA S.R.L.,924.747666666667
2010,4,2010-04,APACHE PETROLERA ARGENTINA S.A.,77.5466666666667
2010,4,2010-04,APCO ARGENTINA INC.,0
2010,4,2010-04,ARGENTA ENERGIA S.A.,0
2010,4,2010-04,CAPEX S.A.,130.233333333333
2010,4,2010-04,CENTRAL INTERNATIONAL CORPORATION (SUCURSAL ARGENTINA),193.027233333333
2010,4,2010-04,CHAÑARES ENERGIA S.A.,568.9924
2010,4,2010-04,CHEVRON ARGENTINA S.R.L.,6884.32
2010,4,2010-04,COLHUE HUAPI S.A.,77.3333333333333
2010,4,2010-04,COMPAÑÍA GENERAL DE COMBUSTIBLES S.A.,13.22
2010,4,2010-04,COMPAÑÍAS ASOCIADAS PETROLERAS S.A.,1718.368
2010,4,2010-04,"CRI HOLDING, INC.",21.516
2010,4,2010-04,DAPETROL S.A.,80.18
2010,4,2010-04,ENAP SIPETROL ARGENTINA S.A.,1771.46566666667
2010,4,2010-04,ENARSA ENERGIA ARGENTINA S.A.,50.0866666666667
2010,4,2010-04,ENERGIAL S.A.,0
2010,4,2010-04,EPSUR S.A.,5.16533333333333
2010,4,2010-04,EZ HOLDINGS S.A.,0
2010,4,2010-04,GEOPARK ARGENTINA LTD. (SUCURSAL ARGENTINA),10.3103333333333
2010,4,2010-04,GRECOIL y CIA. S.R.L.,21.3666666666667
2010,4,2010-04,HIGH LUCK GROUP LTD. - SUCURSAL ARGENTINA,0
2010,4,2010-04,INGENIERIA ALPA S.A.,30.2386666666667
2010,4,2010-04,INGENIERIA SIMA S.A.,14.3326666666667
2010,4,2010-04,INTERENERGY ARGENTINA S.A.,5.66666666666667
2010,4,2010-04,MADALENA ENERGY ARGENTINA SRL ,133.763333333333
2010,4,2010-04,MADALENA PETROLEUM (AMERICAS) LTD. (SUCURSAL ARGENTINA),549.45
2010,4,2010-04,MEDANITO S.A.,141.351333333333
2010,4,2010-04,MISAHAR ARGENTINA S.A.,0.567
2010,4,2010-04,NECON S.A.,5.60533333333333
2010,4,2010-04,"OCCIDENTAL ARGENTINA EXPLORATION AND PRODUCTION, INC.",6262.49866666667
2010,4,2010-04,OIL M&S S.A.,0
2010,4,2010-04,PAN AMERICAN ENERGY (SUCURSAL ARGENTINA) LLC,18255.1363333333
2010,4,2010-04,PETRO ANDINA RESOURCES LTD.,4603.512
2010,4,2010-04,PETROBRAS ARGENTINA S.A.,6163.09426666667
2010,4,2010-04,PETROFARO S.A.,2.22266666666667
2010,4,2010-04,PETROLEOS SUDAMERICANOS S.A.,246.619333333333
2010,4,2010-04,PETROLERA CERRO NEGRO S.A.,96.0638333333333
2010,4,2010-04,PETROLERA DEL COMAHUE S.A.,4.66766666666667
2010,4,2010-04,PETROLERA EL TREBOL S.A.,285.332133333333
2010,4,2010-04,PETROLERA ENTRE LOMAS S.A.,2226.05333333333
2010,4,2010-04,PETROLERA LF COMPANY S.R.L.,604.153666666667
2010,4,2010-04,PETROLERA PATAGONIA S.R.L.,17.4333333333333
2010,4,2010-04,PETROLERA PIEDRA DEL AGUILA S.A.,0
2010,4,2010-04,PETROLERA SAN JOSE S.R.L.,88.8596666666667
2010,4,2010-04,PETROMINERA CHUBUT S.E.,0
2010,4,2010-04,PETROQUIMICA COMODORO RIVADAVIA S.A.,1168.753
2010,4,2010-04,PETRO TERRA CORPORATION,5
2010,4,2010-04,PLUSPETROL ENERGY S.A.,325.871
2010,4,2010-04,PLUSPETROL S.A.,1691.02366666667
2010,4,2010-04,ROCH S.A.,744.599088657904
2010,4,2010-04,SAN JORGE PETROLEUM S.A.,106.535526666667
2010,4,2010-04,TECPETROL S.A.,4018.39913333333
2010,4,2010-04,TOTAL AUSTRAL S.A.,2136.11266666667
2010,4,2010-04,YPF S.A.,33312.4209666667
2010,5,2010-05,APACHE ENERGIA ARGENTINA S.R.L.,907.636451612903
2010,5,2010-05,APACHE PETROLERA ARGENTINA S.A.,80.1322580645161
2010,5,2010-05,APCO ARGENTINA INC.,0
2010,5,2010-05,ARGENTA ENERGIA S.A.,0
2010,5,2010-05,CAPEX S.A.,133.106451612903
2010,5,2010-05,CENTRAL INTERNATIONAL CORPORATION (SUCURSAL ARGENTINA),190.352258064516
2010,5,2010-05,CHAÑARES ENERGIA S.A.,565.624193548387
2010,5,2010-05,CHEVRON ARGENTINA S.R.L.,6750.36451612903
2010,5,2010-05,COLHUE HUAPI S.A.,77.741935483871
2010,5,2010-05,COMPAÑÍA GENERAL DE COMBUSTIBLES S.A.,13.6290322580645
2010,5,2010-05,COMPAÑÍAS ASOCIADAS PETROLERAS S.A.,1654.84032258065
2010,5,2010-05,"CRI HOLDING, INC.",18.9654838709677
2010,5,2010-05,DAPETROL S.A.,79.3872580645161
2010,5,2010-05,ENAP SIPETROL ARGENTINA S.A.,1762.58064516129
2010,5,2010-05,ENARSA ENERGIA ARGENTINA S.A.,82.4177419354839
2010,5,2010-05,ENERGIAL S.A.,0
2010,5,2010-05,EPSUR S.A.,23.01
2010,5,2010-05,EZ HOLDINGS S.A.,0
2010,5,2010-05,GEOPARK ARGENTINA LTD. (SUCURSAL ARGENTINA),10.9709677419355
2010,5,2010-05,GRECOIL y CIA. S.R.L.,21.8741935483871
2010,5,2010-05,HIGH LUCK GROUP LTD. - SUCURSAL ARGENTINA,0
2010,5,2010-05,INGENIERIA ALPA S.A.,31.1103225806452
2010,5,2010-05,INGENIERIA SIMA S.A.,9.32258064516129
2010,5,2010-05,INTERENERGY ARGENTINA S.A.,5.2258064516129
2010,5,2010-05,MADALENA ENERGY ARGENTINA SRL ,120.831935483871
2010,5,2010-05,MADALENA PETROLEUM (AMERICAS) LTD. (SUCURSAL ARGENTINA),534.222580645161
2010,5,2010-05,MEDANITO S.A.,122.802258064516
2010,5,2010-05,MISAHAR ARGENTINA S.A.,0
2010,5,2010-05,NECON S.A.,6.16709677419355
2010,5,2010-05,"OCCIDENTAL ARGENTINA EXPLORATION AND PRODUCTION, INC.",6330.99290322581
2010,5,2010-05,OIL M&S S.A.,1.07
2010,5,2010-05,PAN AMERICAN ENERGY (SUCURSAL ARGENTINA) LLC,17875.5958064516
2010,5,2010-05,PETRO ANDINA RESOURCES LTD.,4724.14096774194
2010,5,2010-05,PETROBRAS ARGENTINA S.A.,6164.46248387097
2010,5,2010-05,PETROFARO S.A.,2.06161290322581
2010,5,2010-05,PETROLEOS SUDAMERICANOS S.A.,242.714838709677
2010,5,2010-05,PETROLERA CERRO NEGRO S.A.,69.4503225806452
2010,5,2010-05,PETROLERA DEL COMAHUE S.A.,4.4258064516129
2010,5,2010-05,PETROLERA EL TREBOL S.A.,287.698
2010,5,2010-05,PETROLERA ENTRE LOMAS S.A.,2275.22580645161
2010,5,2010-05,PETROLERA LF COMPANY S.R.L.,605.370322580645
2010,5,2010-05,PETROLERA PATAGONIA S.R.L.,19.5561290322581
2010,5,2010-05,PETROLERA PIEDRA DEL AGUILA S.A.,0
2010,5,2010-05,PETROLERA SAN JOSE S.R.L.,83.5429032258065
2010,5,2010-05,PETROMINERA CHUBUT S.E.,0
2010,5,2010-05,PETROQUIMICA COMODORO RIVADAVIA S.A.,1143.07
2010,5,2010-05,PETRO TERRA CORPORATION,5
2010,5,2010-05,PLUSPETROL ENERGY S.A.,345.770322580645
2010,5,2010-05,PLUSPETROL S.A.,1719.52258064516
2010,5,2010-05,ROCH S.A.,679.874596119677
2010,5,2010-05,SAN JORGE PETROLEUM S.A.,99.0257741935484
2010,5,2010-05,TECPETROL S.A.,3965.83748387097
2010,5,2010-05,TOTAL AUSTRAL S.A.,2169.23825806452
2010,5,2010-05,YPF S.A.,33420.5074193548
2010,6,2010-06,APACHE ENERGIA ARGENTINA S.R.L.,912.330666666667
2010,6,2010-06,APACHE PETROLERA ARGENTINA S.A.,96.88
2010,6,2010-06,APCO ARGENTINA INC.,0
2010,6,2010-06,ARGENTA ENERGIA S.A.,0
2010,6,2010-06,CAPEX S.A.,133.973333333333
2010,6,2010-06,CENTRAL INTERNATIONAL CORPORATION (SUCURSAL ARGENTINA),190.427
2010,6,2010-06,CHAÑARES ENERGIA S.A.,587.1594
2010,6,2010-06,CHEVRON ARGENTINA S.R.L.,6730.26
2010,6,2010-06,COLHUE HUAPI S.A.,76.6333333333333
2010,6,2010-06,COMPAÑÍA GENERAL DE COMBUSTIBLES S.A.,13.2733333333333
2010,6,2010-06,COMPAÑÍAS ASOCIADAS PETROLERAS S.A.,1618.29966666667
2010,6,2010-06,"CRI HOLDING, INC.",19.465
2010,6,2010-06,DAPETROL S.A.,78.9333
2010,6,2010-06,ENAP SIPETROL ARGENTINA S.A.,1783.262
2010,6,2010-06,ENARSA ENERGIA ARGENTINA S.A.,71.8103333333333
2010,6,2010-06,ENERGIAL S.A.,1.338
2010,6,2010-06,EPSUR S.A.,28.9286666666667
2010,6,2010-06,EZ HOLDINGS S.A.,0
2010,6,2010-06,GEOPARK ARGENTINA LTD. (SUCURSAL ARGENTINA),10.993
2010,6,2010-06,GRECOIL y CIA. S.R.L.,20.77
2010,6,2010-06,HIGH LUCK GROUP LTD. - SUCURSAL ARGENTINA,0
2010,6,2010-06,INGENIERIA ALPA S.A.,29.5293333333333
2010,6,2010-06,INGENIERIA SIMA S.A.,8.65666666666667
2010,6,2010-06,INTERENERGY ARGENTINA S.A.,6.33333333333333
2010,6,2010-06,MADALENA ENERGY ARGENTINA SRL ,107.835666666667
2010,6,2010-06,MADALENA PETROLEUM (AMERICAS) LTD. (SUCURSAL ARGENTINA),489.313333333333
2010,6,2010-06,MEDANITO S.A.,147.454333333333
2010,6,2010-06,MISAHAR ARGENTINA S.A.,0.272333333333333
2010,6,2010-06,NECON S.A.,5.05033333333333
2010,6,2010-06,"OCCIDENTAL ARGENTINA EXPLORATION AND PRODUCTION, INC.",6330.52833333333
2010,6,2010-06,OIL M&S S.A.,0
2010,6,2010-06,PAN AMERICAN ENERGY (SUCURSAL ARGENTINA) LLC,17901.6506666667
2010,6,2010-06,PETRO ANDINA RESOURCES LTD.,4740.75633333333
2010,6,2010-06,PETROBRAS ARGENTINA S.A.,6145.91033333333
2010,6,2010-06,PETROFARO S.A.,2.58633333333333
2010,6,2010-06,PETROLEOS SUDAMERICANOS S.A.,248.130333333333
2010,6,2010-06,PETROLERA CERRO NEGRO S.A.,65.465
2010,6,2010-06,PETROLERA DEL COMAHUE S.A.,4.403
2010,6,2010-06,PETROLERA EL TREBOL S.A.,275.8171
2010,6,2010-06,PETROLERA ENTRE LOMAS S.A.,2213.65666666667
2010,6,2010-06,PETROLERA LF COMPANY S.R.L.,616.381
2010,6,2010-06,PETROLERA PATAGONIA S.R.L.,19.4533333333333
2010,6,2010-06,PETROLERA PIEDRA DEL AGUILA S.A.,0
2010,6,2010-06,PETROLERA SAN JOSE S.R.L.,84.1186666666667
2010,6,2010-06,PETROMINERA CHUBUT S.E.,0
2010,6,2010-06,PETROQUIMICA COMODORO RIVADAVIA S.A.,1270.24666666667
2010,6,2010-06,PETRO TERRA CORPORATION,5
2010,6,2010-06,PLUSPETROL ENERGY S.A.,336.192
2010,6,2010-06,PLUSPETROL S.A.,1761.02733333333
2010,6,2010-06,ROCH S.A.,662.712701247004
2010,6,2010-06,SAN JORGE PETROLEUM S.A.,100.1567
2010,6,2010-06,TECPETROL S.A.,3952.5942
2010,6,2010-06,TOTAL AUSTRAL S.A.,2199.3965
2010,6,2010-06,YPF S.A.,33814.1761333333
2010,7,2010-07,APACHE ENERGIA ARGENTINA S.R.L.,899.839032258064
2010,7,2010-07,APACHE PETROLERA ARGENTINA S.A.,114.609677419355
2010,7,2010-07,APCO ARGENTINA INC.,0
2010,7,2010-07,ARGENTA ENERGIA S.A.,0
2010,7,2010-07,CAPEX S.A.,138.374193548387
2010,7,2010-07,CENTRAL INTERNATIONAL CORPORATION (SUCURSAL ARGENTINA),192.744193548387
2010,7,2010-07,CHAÑARES ENERGIA S.A.,579.898903225807
2010,7,2010-07,CHEVRON ARGENTINA S.R.L.,6638.27741935484
2010,7,2010-07,COLHUE HUAPI S.A.,78.8709677419355
2010,7,2010-07,COMPAÑÍA GENERAL DE COMBUSTIBLES S.A.,12.6806451612903
2010,7,2010-07,COMPAÑÍAS ASOCIADAS PETROLERAS S.A.,1740.35419354839
2010,7,2010-07,"CRI HOLDING, INC.",18.7803225806452
2010,7,2010-07,DAPETROL S.A.,78.2201290322581
2010,7,2010-07,ENAP SIPETROL ARGENTINA S.A.,1739.59935483871
2010,7,2010-07,ENARSA ENERGIA ARGENTINA S.A.,51.8632258064516
2010,7,2010-07,ENERGIAL S.A.,0
2010,7,2010-07,EPSUR S.A.,30.2316129032258
2010,7,2010-07,EZ HOLDINGS S.A.,0
2010,7,2010-07,GEOPARK ARGENTINA LTD. (SUCURSAL ARGENTINA),10.9535483870968
2010,7,2010-07,GRECOIL y CIA. S.R.L.,18.3564516129032
2010,7,2010-07,HIGH LUCK GROUP LTD. - SUCURSAL ARGENTINA,0
2010,7,2010-07,INGENIERIA ALPA S.A.,23.9322580645161
2010,7,2010-07,INGENIERIA SIMA S.A.,6.85838709677419
2010,7,2010-07,INTERENERGY ARGENTINA S.A.,5.12903225806452
2010,7,2010-07,MADALENA ENERGY ARGENTINA SRL ,115.08
2010,7,2010-07,MADALENA PETROLEUM (AMERICAS) LTD. (SUCURSAL ARGENTINA),493.251612903226
2010,7,2010-07,MEDANITO S.A.,131.261612903226
2010,7,2010-07,MISAHAR ARGENTINA S.A.,0.355483870967742
2010,7,2010-07,NECON S.A.,4.08161290322581
2010,7,2010-07,"OCCIDENTAL ARGENTINA EXPLORATION AND PRODUCTION, INC.",6557.59548387097
2010,7,2010-07,OIL M&S S.A.,0
2010,7,2010-07,PAN AMERICAN ENERGY (SUCURSAL ARGENTINA) LLC,17553.5474193548
2010,7,2010-07,PETRO ANDINA RESOURCES LTD.,4771.9835483871
2010,7,2010-07,PETROBRAS ARGENTINA S.A.,6126.93519354839
2010,7,2010-07,PETROFARO S.A.,2.60741935483871
2010,7,2010-07,PETROLEOS SUDAMERICANOS S.A.,242.217741935484
2010,7,2010-07,PETROLERA CERRO NEGRO S.A.,56.4466451612903
2010,7,2010-07,PETROLERA DEL COMAHUE S.A.,4.46225806451613
2010,7,2010-07,PETROLERA EL TREBOL S.A.,280.392451612903
2010,7,2010-07,PETROLERA ENTRE LOMAS S.A.,2167.99032258065
2010,7,2010-07,PETROLERA LF COMPANY S.R.L.,626.146129032258
2010,7,2010-07,PETROLERA PATAGONIA S.R.L.,18.0116129032258
2010,7,2010-07,PETROLERA PIEDRA DEL AGUILA S.A.,0
2010,7,2010-07,PETROLERA SAN JOSE S.R.L.,81.3338709677419
2010,7,2010-07,PETROMINERA CHUBUT S.E.,0
2010,7,2010-07,PETROQUIMICA COMODORO RIVADAVIA S.A.,1150.40193548387
2010,7,2010-07,PETRO TERRA CORPORATION,4
2010,7,2010-07,PLUSPETROL ENERGY S.A.,329.842580645161
2010,7,2010-07,PLUSPETROL S.A.,1726.11064516129
2010,7,2010-07,ROCH S.A.,667.118516143871
2010,7,2010-07,SAN JORGE PETROLEUM S.A.,95.0277096774194
2010,7,2010-07,TECPETROL S.A.,3839.6815483871
2010,7,2010-07,TOTAL AUSTRAL S.A.,2300.349
2010,7,2010-07,YPF S.A.,33702.6696774194
2010,8,2010-08,APACHE ENERGIA ARGENTINA S.R.L.,904.500967741935
2010,8,2010-08,APACHE PETROLERA ARGENTINA S.A.,104.541935483871
2010,8,2010-08,APCO ARGENTINA INC.,0
2010,8,2010-08,ARGENTA ENERGIA S.A.,0.107483870967742
2010,8,2010-08,CAPEX S.A.,153.921935483871
2010,8,2010-08,CENTRAL INTERNATIONAL CORPORATION (SUCURSAL ARGENTINA),201.961225806452
2010,8,2010-08,CHAÑARES ENERGIA S.A.,586.375935483871
2010,8,2010-08,CHEVRON ARGENTINA S.R.L.,6533.14516129032
2010,8,2010-08,COLHUE HUAPI S.A.,76.5483870967742
2010,8,2010-08,COMPAÑÍA GENERAL DE COMBUSTIBLES S.A.,12.458064516129
2010,8,2010-08,COMPAÑÍAS ASOCIADAS PETROLERAS S.A.,1715.77612903226
2010,8,2010-08,"CRI HOLDING, INC.",19.8258064516129
2010,8,2010-08,DAPETROL S.A.,77.0967741935484
2010,8,2010-08,ENAP SIPETROL ARGENTINA S.A.,1430.12322580645
2010,8,2010-08,ENARSA ENERGIA ARGENTINA S.A.,49.1
2010,8,2010-08,ENERGIAL S.A.,0
2010,8,2010-08,EPSUR S.A.,23.3506451612903
2010,8,2010-08,EZ HOLDINGS S.A.,0
2010,8,2010-08,GEOPARK ARGENTINA LTD. (SUCURSAL ARGENTINA),11.1890322580645
2010,8,2010-08,GRECOIL y CIA. S.R.L.,17.7322580645161
2010,8,2010-08,HIGH LUCK GROUP LTD. - SUCURSAL ARGENTINA,0
2010,8,2010-08,INGENIERIA ALPA S.A.,31.0825806451613
2010,8,2010-08,INGENIERIA SIMA S.A.,6.34645161290323
2010,8,2010-08,INTERENERGY ARGENTINA S.A.,5.93548387096774
2010,8,2010-08,MADALENA ENERGY ARGENTINA SRL ,133.501290322581
2010,8,2010-08,MADALENA PETROLEUM (AMERICAS) LTD. (SUCURSAL ARGENTINA),439.951612903226
2010,8,2010-08,MEDANITO S.A.,134.277419354839
2010,8,2010-08,MISAHAR ARGENTINA S.A.,0.54258064516129
2010,8,2010-08,NECON S.A.,2.83225806451613
2010,8,2010-08,"OCCIDENTAL ARGENTINA EXPLORATION AND PRODUCTION, INC.",6617.28612903226
2010,8,2010-08,OIL M&S S.A.,0
2010,8,2010-08,PAN AMERICAN ENERGY (SUCURSAL ARGENTINA) LLC,17793.124516129
2010,8,2010-08,PETRO ANDINA RESOURCES LTD.,4813.20419354839
2010,8,2010-08,PETROBRAS ARGENTINA S.A.,6149.5225483871
2010,8,2010-08,PETROFARO S.A.,2.10032258064516
2010,8,2010-08,PETROLEOS SUDAMERICANOS S.A.,232.124516129032
2010,8,2010-08,PETROLERA CERRO NEGRO S.A.,55.5183548387097
2010,8,2010-08,PETROLERA DEL COMAHUE S.A.,4.11709677419355
2010,8,2010-08,PETROLERA EL TREBOL S.A.,282.114677419355
2010,8,2010-08,PETROLERA ENTRE LOMAS S.A.,2305.07741935484
2010,8,2010-08,PETROLERA LF COMPANY S.R.L.,603.985806451613
2010,8,2010-08,PETROLERA PATAGONIA S.R.L.,20.1248387096774
2010,8,2010-08,PETROLERA PIEDRA DEL AGUILA S.A.,0
2010,8,2010-08,PETROLERA SAN JOSE S.R.L.,81.6909677419355
2010,8,2010-08,PETROMINERA CHUBUT S.E.,0
2010,8,2010-08,PETROQUIMICA COMODORO RIVADAVIA S.A.,1247.14838709677
2010,8,2010-08,PLUSPETROL ENERGY S.A.,314.613225806452
2010,8,2010-08,PLUSPETROL S.A.,1833.79548387097
2010,8,2010-08,ROCH S.A.,573.399957012501
2010,8,2010-08,SAN JORGE PETROLEUM S.A.,87.026935483871
2010,8,2010-08,TECPETROL S.A.,3892.9794516129
2010,8,2010-08,TOTAL AUSTRAL S.A.,2224.53587096774
2010,8,2010-08,YPF S.A.,33759.4616129032
2010,9,2010-09,APACHE ENERGIA ARGENTINA S.R.L.,901.818
2010,9,2010-09,APACHE PETROLERA ARGENTINA S.A.,108.146666666667
2010,9,2010-09,APCO ARGENTINA INC.,0
2010,9,2010-09,ARGENTA ENERGIA S.A.,0.548833333333333
2010,9,2010-09,CAPEX S.A.,145.694333333333
2010,9,2010-09,CENTRAL INTERNATIONAL CORPORATION (SUCURSAL ARGENTINA),190.367666666667
2010,9,2010-09,CHAÑARES ENERGIA S.A.,560.1371
2010,9,2010-09,CHEVRON ARGENTINA S.R.L.,6445.77333333333
2010,9,2010-09,COLHUE HUAPI S.A.,74.2666666666667
2010,9,2010-09,COMPAÑÍA GENERAL DE COMBUSTIBLES S.A.,12.14
2010,9,2010-09,COMPAÑÍAS ASOCIADAS PETROLERAS S.A.,1726.03166666667
2010,9,2010-09,"CRI HOLDING, INC.",20.9006666666667
2010,9,2010-09,DAPETROL S.A.,75.6999333333333
2010,9,2010-09,ENAP SIPETROL ARGENTINA S.A.,1107.65733333333
2010,9,2010-09,ENARSA ENERGIA ARGENTINA S.A.,43.7803333333333
2010,9,2010-09,ENERGIAL S.A.,0
2010,9,2010-09,EPSUR S.A.,26.7853333333333
2010,9,2010-09,EZ HOLDINGS S.A.,0
2010,9,2010-09,GEOPARK ARGENTINA LTD. (SUCURSAL ARGENTINA),11.0846666666667
2010,9,2010-09,GOLDEN OIL CORPORATION Suc. Arg.,16.75
2010,9,2010-09,GRECOIL y CIA. S.R.L.,18.74
2010,9,2010-09,HIGH LUCK GROUP LTD. - SUCURSAL ARGENTINA,0
2010,9,2010-09,INGENIERIA ALPA S.A.,66.8076666666667
2010,9,2010-09,INGENIERIA SIMA S.A.,6.01666666666667
2010,9,2010-09,INTERENERGY ARGENTINA S.A.,6
2010,9,2010-09,MADALENA AUSTRAL S.A.,0
2010,9,2010-09,MADALENA ENERGY ARGENTINA SRL ,160.800333333333
2010,9,2010-09,MADALENA PETROLEUM (AMERICAS) LTD. (SUCURSAL ARGENTINA),432.283333333333
2010,9,2010-09,MEDANITO S.A.,143.477333333333
2010,9,2010-09,MISAHAR ARGENTINA S.A.,0.071
2010,9,2010-09,NECON S.A.,2.07266666666667
2010,9,2010-09,"OCCIDENTAL ARGENTINA EXPLORATION AND PRODUCTION, INC.",6687.85103333333
2010,9,2010-09,OIL M&S S.A.,0
2010,9,2010-09,PAN AMERICAN ENERGY (SUCURSAL ARGENTINA) LLC,17935.7506666667
2010,9,2010-09,PETRO ANDINA RESOURCES LTD.,4733.81533333333
2010,9,2010-09,PETROBRAS ARGENTINA S.A.,6423.54836666667
2010,9,2010-09,PETROFARO S.A.,2.387
2010,9,2010-09,PETROLEOS SUDAMERICANOS S.A.,250.115666666667
2010,9,2010-09,PETROLERA CERRO NEGRO S.A.,49.5932
2010,9,2010-09,PETROLERA DEL COMAHUE S.A.,3.84666666666667
2010,9,2010-09,PETROLERA EL TREBOL S.A.,277.761433333333
2010,9,2010-09,PETROLERA ENTRE LOMAS S.A.,2294.59333333333
2010,9,2010-09,PETROLERA LF COMPANY S.R.L.,624.394333333333
2010,9,2010-09,PETROLERA PATAGONIA S.R.L.,18.3783333333333
2010,9,2010-09,PETROLERA PIEDRA DEL AGUILA S.A.,0
2010,9,2010-09,PETROLERA SAN JOSE S.R.L.,84.3813333333333
2010,9,2010-09,PETROMINERA CHUBUT S.E.,0
2010,9,2010-09,PETROQUIMICA COMODORO RIVADAVIA S.A.,1272.611
2010,9,2010-09,PLUSPETROL ENERGY S.A.,304.908666666667
2010,9,2010-09,PLUSPETROL S.A.,1770.85033333333
2010,9,2010-09,ROCH S.A.,647.224940523986
2010,9,2010-09,SAN JORGE PETROLEUM S.A.,91.9852666666667
2010,9,2010-09,TECPETROL S.A.,3849.54026666667
2010,9,2010-09,TOTAL AUSTRAL S.A.,2194.1752
2010,9,2010-09,YPF S.A.,32234.4472
2010,10,2010-10,APACHE ENERGIA ARGENTINA S.R.L.,892.807096774194
2010,10,2010-10,APACHE PETROLERA ARGENTINA S.A.,131.270967741935
2010,10,2010-10,APCO ARGENTINA INC.,0
2010,10,2010-10,ARGENTA ENERGIA S.A.,0
2010,10,2010-10,CAPEX S.A.,141.053548387097
2010,10,2010-10,CENTRAL INTERNATIONAL CORPORATION (SUCURSAL ARGENTINA),193.605161290323
2010,10,2010-10,CHAÑARES ENERGIA S.A.,562.532258064516
2010,10,2010-10,CHEVRON ARGENTINA S.R.L.,6446.84838709677
2010,10,2010-10,COLHUE HUAPI S.A.,70.3548387096774
2010,10,2010-10,COMPAÑÍA GENERAL DE COMBUSTIBLES S.A.,16.7774193548387
2010,10,2010-10,COMPAÑÍAS ASOCIADAS PETROLERAS S.A.,1794.03419354839
2010,10,2010-10,"CRI HOLDING, INC.",21.5225806451613
2010,10,2010-10,DAPETROL S.A.,71.0322580645161
2010,10,2010-10,ENAP SIPETROL ARGENTINA S.A.,956.264516129032
2010,10,2010-10,ENARSA ENERGIA ARGENTINA S.A.,37.9967741935484
2010,10,2010-10,ENERGIAL S.A.,0
2010,10,2010-10,EPSUR S.A.,25.9174193548387
2010,10,2010-10,EZ HOLDINGS S.A.,0
2010,10,2010-10,GEOPARK ARGENTINA LTD. (SUCURSAL ARGENTINA),11.4503225806452
2010,10,2010-10,GOLDEN OIL CORPORATION Suc. Arg.,22.6754838709677
2010,10,2010-10,GRECOIL y CIA. S.R.L.,17.8025806451613
2010,10,2010-10,HIGH LUCK GROUP LTD. - SUCURSAL ARGENTINA,0
2010,10,2010-10,INGENIERIA ALPA S.A.,70.6677419354839
2010,10,2010-10,INGENIERIA SIMA S.A.,5.29838709677419
2010,10,2010-10,INTERENERGY ARGENTINA S.A.,5.06451612903226
2010,10,2010-10,MADALENA AUSTRAL S.A.,0
2010,10,2010-10,MADALENA ENERGY ARGENTINA SRL ,147.88
2010,10,2010-10,MADALENA PETROLEUM (AMERICAS) LTD. (SUCURSAL ARGENTINA),407.441935483871
2010,10,2010-10,MEDANITO S.A.,162.477419354839
2010,10,2010-10,MISAHAR ARGENTINA S.A.,0
2010,10,2010-10,NECON S.A.,2.30193548387097
2010,10,2010-10,"OCCIDENTAL ARGENTINA EXPLORATION AND PRODUCTION, INC.",6395.36667741935
2010,10,2010-10,OIL M&S S.A.,0
2010,10,2010-10,PAN AMERICAN ENERGY (SUCURSAL ARGENTINA) LLC,16814.9003225806
2010,10,2010-10,PETRO ANDINA RESOURCES LTD.,4716.01774193548
2010,10,2010-10,PETROBRAS ARGENTINA S.A.,6340.58183870968
2010,10,2010-10,PETROFARO S.A.,1.90935483870968
2010,10,2010-10,PETROLEOS SUDAMERICANOS S.A.,246.713225806452
2010,10,2010-10,PETROLERA CERRO NEGRO S.A.,48.1787741935484
2010,10,2010-10,PETROLERA DEL COMAHUE S.A.,4.04322580645161
2010,10,2010-10,PETROLERA EL TREBOL S.A.,282.68935483871
2010,10,2010-10,PETROLERA ENTRE LOMAS S.A.,2260.30967741936
2010,10,2010-10,PETROLERA LF COMPANY S.R.L.,657.382580645161
2010,10,2010-10,PETROLERA PATAGONIA S.R.L.,16.7451612903226
2010,10,2010-10,PETROLERA PIEDRA DEL AGUILA S.A.,0
2010,10,2010-10,PETROLERA SAN JOSE S.R.L.,93.231935483871
2010,10,2010-10,PETROMINERA CHUBUT S.E.,0
2010,10,2010-10,PETROQUIMICA COMODORO RIVADAVIA S.A.,1216.95290322581
2010,10,2010-10,PLUSPETROL ENERGY S.A.,306.60935483871
2010,10,2010-10,PLUSPETROL S.A.,1800.33967741935
2010,10,2010-10,ROCH S.A.,612.139491495203
2010,10,2010-10,SAN JORGE PETROLEUM S.A.,91.0427741935484
2010,10,2010-10,TECPETROL S.A.,3755.69764516129
2010,10,2010-10,TOTAL AUSTRAL S.A.,2076.67435483871
2010,10,2010-10,YPF S.A.,33057.0312903226
2010,11,2010-11,APACHE ENERGIA ARGENTINA S.R.L.,848.132
2010,11,2010-11,APACHE PETROLERA ARGENTINA S.A.,114.943333333333
2010,11,2010-11,APCO ARGENTINA INC.,0
2010,11,2010-11,ARGENTA ENERGIA S.A.,0
2010,11,2010-11,CAPEX S.A.,135.138
2010,11,2010-11,CENTRAL INTERNATIONAL CORPORATION (SUCURSAL ARGENTINA),192.907
2010,11,2010-11,CHAÑARES ENERGIA S.A.,552.421233333333
2010,11,2010-11,CHEVRON ARGENTINA S.R.L.,6449.03666666667
2010,11,2010-11,COLHUE HUAPI S.A.,72.2333333333333
2010,11,2010-11,COMPAÑÍA GENERAL DE COMBUSTIBLES S.A.,16.0733333333333
2010,11,2010-11,COMPAÑÍAS ASOCIADAS PETROLERAS S.A.,1836.931
2010,11,2010-11,"CRI HOLDING, INC.",18.426
2010,11,2010-11,DAPETROL S.A.,69.5666666666667
2010,11,2010-11,ENAP SIPETROL ARGENTINA S.A.,916.535333333333
2010,11,2010-11,ENARSA ENERGIA ARGENTINA S.A.,37.2467
2010,11,2010-11,ENERGIAL S.A.,0
2010,11,2010-11,EPSUR S.A.,26.7956666666667
2010,11,2010-11,EZ HOLDINGS S.A.,0
2010,11,2010-11,GEOPARK ARGENTINA LTD. (SUCURSAL ARGENTINA),12.0883333333333
2010,11,2010-11,GOLDEN OIL CORPORATION Suc. Arg.,19.812
2010,11,2010-11,GRECOIL y CIA. S.R.L.,17.5966666666667
2010,11,2010-11,HIGH LUCK GROUP LTD. - SUCURSAL ARGENTINA,0
2010,11,2010-11,INGENIERIA ALPA S.A.,76.4146666666667
2010,11,2010-11,INGENIERIA SIMA S.A.,3.85633333333333
2010,11,2010-11,INTERENERGY ARGENTINA S.A.,4.33333333333333
2010,11,2010-11,MADALENA AUSTRAL S.A.,0
2010,11,2010-11,MADALENA ENERGY ARGENTINA SRL ,136.72
2010,11,2010-11,MADALENA PETROLEUM (AMERICAS) LTD. (SUCURSAL ARGENTINA),356.163333333333
2010,11,2010-11,MEDANITO S.A.,157.189666666667
2010,11,2010-11,MISAHAR ARGENTINA S.A.,0
2010,11,2010-11,NECON S.A.,2.989
2010,11,2010-11,"OCCIDENTAL ARGENTINA EXPLORATION AND PRODUCTION, INC.",6434.21123333333
2010,11,2010-11,OIL M&S S.A.,0
2010,11,2010-11,PAN AMERICAN ENERGY (SUCURSAL ARGENTINA) LLC,17761.5026666667
2010,11,2010-11,PETRO ANDINA RESOURCES LTD.,4600.367
2010,11,2010-11,PETROBRAS ARGENTINA S.A.,6270.4796
2010,11,2010-11,PETROFARO S.A.,1.64766666666667
2010,11,2010-11,PETROLEOS SUDAMERICANOS S.A.,264.019666666667
2010,11,2010-11,PETROLERA CERRO NEGRO S.A.,49.9556333333333
2010,11,2010-11,PETROLERA DEL COMAHUE S.A.,4.02833333333333
2010,11,2010-11,PETROLERA EL TREBOL S.A.,288.0744
2010,11,2010-11,PETROLERA ENTRE LOMAS S.A.,2203.44666666667
2010,11,2010-11,PETROLERA LF COMPANY S.R.L.,659.667333333333
2010,11,2010-11,PETROLERA PATAGONIA S.R.L.,16.7143333333333
2010,11,2010-11,PETROLERA PIEDRA DEL AGUILA S.A.,0
2010,11,2010-11,PETROLERA SAN JOSE S.R.L.,83.056
2010,11,2010-11,PETROMINERA CHUBUT S.E.,0
2010,11,2010-11,PETROQUIMICA COMODORO RIVADAVIA S.A.,1314.09466666667
2010,11,2010-11,PLUSPETROL ENERGY S.A.,297.889
2010,11,2010-11,PLUSPETROL S.A.,1803.09393333333
2010,11,2010-11,ROCH S.A.,654.524690847766
2010,11,2010-11,SAN JORGE PETROLEUM S.A.,88.4293333333333
2010,11,2010-11,TECPETROL S.A.,3755.86043333333
2010,11,2010-11,TOTAL AUSTRAL S.A.,1981.63306666667
2010,11,2010-11,YPF S.A.,32486.8239333333
2010,12,2010-12,AMERICAS PETROGAS ARGENTINA S.A.,2.25806451612903
2010,12,2010-12,APACHE ENERGIA ARGENTINA S.R.L.,836.249677419355
2010,12,2010-12,APACHE PETROLERA ARGENTINA S.A.,98.6612903225806
2010,12,2010-12,APCO ARGENTINA INC.,0
2010,12,2010-12,ARGENTA ENERGIA S.A.,0
2010,12,2010-12,CAPEX S.A.,130.165806451613
2010,12,2010-12,CENTRAL INTERNATIONAL CORPORATION (SUCURSAL ARGENTINA),188.844193548387
2010,12,2010-12,CHAÑARES ENERGIA S.A.,518.568548387097
2010,12,2010-12,CHEVRON ARGENTINA S.R.L.,6329.58387096774
2010,12,2010-12,COLHUE HUAPI S.A.,69.498
2010,12,2010-12,COMPAÑÍA GENERAL DE COMBUSTIBLES S.A.,31.0258064516129
2010,12,2010-12,COMPAÑÍAS ASOCIADAS PETROLERAS S.A.,1747.74387096774
2010,12,2010-12,"CRI HOLDING, INC.",18.0467741935484
2010,12,2010-12,CROWN POINT OIL & GAS S.A.,0
2010,12,2010-12,DAPETROL S.A.,63.8064516129032
2010,12,2010-12,ENAP SIPETROL ARGENTINA S.A.,666.727741935484
2010,12,2010-12,ENARSA ENERGIA ARGENTINA S.A.,56.2510967741935
2010,12,2010-12,ENERGIAL S.A.,0
2010,12,2010-12,EPSUR S.A.,29.8945161290323
2010,12,2010-12,EZ HOLDINGS S.A.,0
2010,12,2010-12,GEOPARK ARGENTINA LTD. (SUCURSAL ARGENTINA),11.8132258064516
2010,12,2010-12,GOLDEN OIL CORPORATION Suc. Arg.,14.3806451612903
2010,12,2010-12,GRECOIL y CIA. S.R.L.,16.608064516129
2010,12,2010-12,HIGH LUCK GROUP LTD. - SUCURSAL ARGENTINA,3.5341935483871
2010,12,2010-12,INGENIERIA ALPA S.A.,35.2145161290323
2010,12,2010-12,INGENIERIA SIMA S.A.,3.62677419354839
2010,12,2010-12,INTERENERGY ARGENTINA S.A.,4.19354838709677
2010,12,2010-12,MADALENA AUSTRAL S.A.,0
2010,12,2010-12,MADALENA ENERGY ARGENTINA SRL ,132.599677419355
2010,12,2010-12,MADALENA PETROLEUM (AMERICAS) LTD. (SUCURSAL ARGENTINA),348.453
2010,12,2010-12,MEDANITO S.A.,180.422580645161
2010,12,2010-12,MISAHAR ARGENTINA S.A.,0
2010,12,2010-12,NECON S.A.,4.34516129032258
2010,12,2010-12,"OCCIDENTAL ARGENTINA EXPLORATION AND PRODUCTION, INC.",4180.49006451613
2010,12,2010-12,OIL M&S S.A.,0
2010,12,2010-12,PAN AMERICAN ENERGY (SUCURSAL ARGENTINA) LLC,16170.794516129
2010,12,2010-12,PETRO ANDINA RESOURCES LTD.,4662.14548387097
2010,12,2010-12,PETROBRAS ARGENTINA S.A.,5959.13106451613
2010,12,2010-12,PETROFARO S.A.,1.59645161290323
2010,12,2010-12,PETROLEOS SUDAMERICANOS S.A.,257.300322580645
2010,12,2010-12,PETROLERA CERRO NEGRO S.A.,33.3038387096774
2010,12,2010-12,PETROLERA DEL COMAHUE S.A.,4.01
2010,12,2010-12,PETROLERA EL TREBOL S.A.,290.704838709677
2010,12,2010-12,PETROLERA ENTRE LOMAS S.A.,2163.09677419355
2010,12,2010-12,PETROLERA LF COMPANY S.R.L.,685.647741935484
2010,12,2010-12,PETROLERA PATAGONIA S.R.L.,15.1129032258065
2010,12,2010-12,PETROLERA PIEDRA DEL AGUILA S.A.,0
2010,12,2010-12,PETROLERA SAN JOSE S.R.L.,72.8706451612903
2010,12,2010-12,PETROMINERA CHUBUT S.E.,0
2010,12,2010-12,PETROQUIMICA COMODORO RIVADAVIA S.A.,1032.42096774194
2010,12,2010-12,PLUSPETROL ENERGY S.A.,295.341290322581
2010,12,2010-12,PLUSPETROL S.A.,1811.90290322581
2010,12,2010-12,ROCH S.A.,636.168223489386
2010,12,2010-12,SAN JORGE PETROLEUM S.A.,76.8786774193548
2010,12,2010-12,TECPETROL S.A.,3562.99829032258
2010,12,2010-12,TOTAL AUSTRAL S.A.,2036.03090322581
2010,12,2010-12,YPF S.A.,23593.979483871
2011,1,2011-01,APACHE ENERGIA ARGENTINA S.R.L.,842.278387096774
2011,1,2011-01,APACHE PETROLERA ARGENTINA S.A.,91.1903225806452
2011,1,2011-01,APCO ARGENTINA INC.,0
2011,1,2011-01,ARGENTA ENERGIA S.A.,0
2011,1,2011-01,CAPEX S.A.,118.50064516129
2011,1,2011-01,CENTRAL INTERNATIONAL CORPORATION (SUCURSAL ARGENTINA),186.195483870968
2011,1,2011-01,CHAÑARES ENERGIA S.A.,498.16564516129
2011,1,2011-01,CHEVRON ARGENTINA S.R.L.,6303.99032258065
2011,1,2011-01,COLHUE HUAPI S.A.,74.1935483870968
2011,1,2011-01,COMPAÑÍA GENERAL DE COMBUSTIBLES S.A.,51.3483870967742
2011,1,2011-01,COMPAÑÍAS ASOCIADAS PETROLERAS S.A.,1778
2011,1,2011-01,"CRI HOLDING, INC.",20.2841935483871
2011,1,2011-01,DAPETROL S.A.,64.8709677419355
2011,1,2011-01,ENAP SIPETROL ARGENTINA S.A.,1235.90322580645
2011,1,2011-01,ENARSA ENERGIA ARGENTINA S.A.,91.7237096774194
2011,1,2011-01,ENERGIAL S.A.,0
2011,1,2011-01,EPSUR S.A.,27.4393548387097
2011,1,2011-01,EXXONMOBIL EXPLORATION ARGENTINA S.R.L.,0
2011,1,2011-01,EZ HOLDINGS S.A.,0
2011,1,2011-01,GEOPARK ARGENTINA LTD. (SUCURSAL ARGENTINA),11.5741935483871
2011,1,2011-01,GOLDEN OIL CORPORATION Suc. Arg.,16.0035483870968
2011,1,2011-01,GRECOIL y CIA. S.R.L.,16.1987096774194
2011,1,2011-01,HIGH LUCK GROUP LTD. - SUCURSAL ARGENTINA,3.08806451612903
2011,1,2011-01,INGENIERIA ALPA S.A.,74.7438709677419
2011,1,2011-01,INGENIERIA SIMA S.A.,3.38967741935484
2011,1,2011-01,INTERENERGY ARGENTINA S.A.,5.06451612903226
2011,1,2011-01,MADALENA AUSTRAL S.A.,0
2011,1,2011-01,MADALENA ENERGY ARGENTINA SRL ,120.992903225806
2011,1,2011-01,MADALENA PETROLEUM (AMERICAS) LTD. (SUCURSAL ARGENTINA),333.996774193548
2011,1,2011-01,MEDANITO S.A.,185.966774193548
2011,1,2011-01,MISAHAR ARGENTINA S.A.,0
2011,1,2011-01,NECON S.A.,1.83806451612903
2011,1,2011-01,"OCCIDENTAL ARGENTINA EXPLORATION AND PRODUCTION, INC.",5817.48332258065
2011,1,2011-01,OIL M&S S.A.,0
2011,1,2011-01,PAN AMERICAN ENERGY (SUCURSAL ARGENTINA) LLC,17404.8341935484
2011,1,2011-01,PETRO ANDINA RESOURCES LTD.,4632.16258064516
2011,1,2011-01,PETROBRAS ARGENTINA S.A.,6163.424
2011,1,2011-01,PETROFARO S.A.,1.54709677419355
2011,1,2011-01,PETROLEOS SUDAMERICANOS S.A.,253.40935483871
2011,1,2011-01,PETROLERA CERRO NEGRO S.A.,48.8009677419355
2011,1,2011-01,PETROLERA DEL COMAHUE S.A.,3.9758064516129
2011,1,2011-01,PETROLERA EL TREBOL S.A.,278.881258064516
2011,1,2011-01,PETROLERA ENTRE LOMAS S.A.,2129.89677419355
2011,1,2011-01,PETROLERA LF COMPANY S.R.L.,656.538709677419
2011,1,2011-01,PETROLERA PATAGONIA S.R.L.,12.9812903225806
2011,1,2011-01,PETROLERA PIEDRA DEL AGUILA S.A.,0
2011,1,2011-01,PETROLERA SAN JOSE S.R.L.,65.2996774193548
2011,1,2011-01,PETROMINERA CHUBUT S.E.,0
2011,1,2011-01,PETROQUIMICA COMODORO RIVADAVIA S.A.,1286.09548387097
2011,1,2011-01,PLUSPETROL ENERGY S.A.,296.893548387097
2011,1,2011-01,PLUSPETROL S.A.,1699.82225806452
2011,1,2011-01,ROCH S.A.,628.264102995161
2011,1,2011-01,SAN JORGE PETROLEUM S.A.,82.7810967741935
2011,1,2011-01,TECPETROL S.A.,3629.97490322581
2011,1,2011-01,TOTAL AUSTRAL S.A.,1965.92403225806
2011,1,2011-01,YPF S.A.,32675.5783870968
2011,2,2011-02,APACHE ENERGIA ARGENTINA S.R.L.,816.970357142857
2011,2,2011-02,APACHE PETROLERA ARGENTINA S.A.,94.4464285714286
2011,2,2011-02,APCO ARGENTINA INC.,0
2011,2,2011-02,ARGENTA ENERGIA S.A.,0
2011,2,2011-02,CAPEX S.A.,122.734285714286
2011,2,2011-02,CENTRAL INTERNATIONAL CORPORATION (SUCURSAL ARGENTINA),183.166785714286
2011,2,2011-02,CHAÑARES ENERGIA S.A.,531.707142857143
2011,2,2011-02,CHEVRON ARGENTINA S.R.L.,6202.65714285714
2011,2,2011-02,COLHUE HUAPI S.A.,88.8214285714286
2011,2,2011-02,COMPAÑÍA GENERAL DE COMBUSTIBLES S.A.,31.5864285714286
2011,2,2011-02,COMPAÑÍAS ASOCIADAS PETROLERAS S.A.,1767.50107142857
2011,2,2011-02,"CRI HOLDING, INC.",16.7285714285714
2011,2,2011-02,DAPETROL S.A.,61.75
2011,2,2011-02,ENAP SIPETROL ARGENTINA S.A.,1239.2075
2011,2,2011-02,ENARSA ENERGIA ARGENTINA S.A.,85.2785714285714
2011,2,2011-02,ENERGIAL S.A.,10.4321428571429
2011,2,2011-02,ENERGICON S.A.,0
2011,2,2011-02,EPSUR S.A.,31.4964285714286
2011,2,2011-02,EXXONMOBIL EXPLORATION ARGENTINA S.R.L.,0
2011,2,2011-02,EZ HOLDINGS S.A.,0
2011,2,2011-02,GEOPARK ARGENTINA LTD. (SUCURSAL ARGENTINA),11.1325
2011,2,2011-02,GOLDEN OIL CORPORATION Suc. Arg.,16.5696428571429
2011,2,2011-02,GRECOIL y CIA. S.R.L.,13.4217857142857
2011,2,2011-02,HIGH LUCK GROUP LTD. - SUCURSAL ARGENTINA,2.44964285714286
2011,2,2011-02,INGENIERIA ALPA S.A.,69.6342857142857
2011,2,2011-02,INGENIERIA SIMA S.A.,3.41964285714286
2011,2,2011-02,INTERENERGY ARGENTINA S.A.,5.07142857142857
2011,2,2011-02,MADALENA AUSTRAL S.A.,0
2011,2,2011-02,MADALENA ENERGY ARGENTINA SRL ,120.871428571429
2011,2,2011-02,MADALENA PETROLEUM (AMERICAS) LTD. (SUCURSAL ARGENTINA),315.739285714286
2011,2,2011-02,MEDANITO S.A.,173.832142857143
2011,2,2011-02,MISAHAR ARGENTINA S.A.,2.10428571428571
2011,2,2011-02,NECON S.A.,1.86785714285714
2011,2,2011-02,"OCCIDENTAL ARGENTINA EXPLORATION AND PRODUCTION, INC.",5891.64107142857
2011,2,2011-02,OIL M&S S.A.,0
2011,2,2011-02,PAN AMERICAN ENERGY (SUCURSAL ARGENTINA) LLC,17432.5292857143
2011,2,2011-02,PETRO ANDINA RESOURCES LTD.,4570.96642857143
2011,2,2011-02,PETROBRAS ARGENTINA S.A.,5983.95557142857
2011,2,2011-02,PETROFARO S.A.,1.5125
2011,2,2011-02,PETROLEOS SUDAMERICANOS S.A.,241.2
2011,2,2011-02,PETROLERA CERRO NEGRO S.A.,47.2615714285714
2011,2,2011-02,PETROLERA DEL COMAHUE S.A.,3.81
2011,2,2011-02,PETROLERA EL TREBOL S.A.,278.039321428571
2011,2,2011-02,PETROLERA ENTRE LOMAS S.A.,2164.91071428571
2011,2,2011-02,PETROLERA LF COMPANY S.R.L.,634.8
2011,2,2011-02,PETROLERA PATAGONIA S.R.L.,17.175
2011,2,2011-02,PETROLERA PIEDRA DEL AGUILA S.A.,0
2011,2,2011-02,PETROLERA SAN JOSE S.R.L.,77.2021428571428
2011,2,2011-02,PETROMINERA CHUBUT S.E.,0
2011,2,2011-02,PETROQUIMICA COMODORO RIVADAVIA S.A.,1243.92035714286
2011,2,2011-02,PLUSPETROL ENERGY S.A.,288.120714285714
2011,2,2011-02,PLUSPETROL S.A.,1727.22607142857
2011,2,2011-02,ROCH S.A.,599.307970130104
2011,2,2011-02,SAN JORGE PETROLEUM S.A.,84.10225
2011,2,2011-02,TECPETROL S.A.,3777.98657142857
2011,2,2011-02,TOTAL AUSTRAL S.A.,1996.04189285714
2011,2,2011-02,YPF S.A.,33362.5332142857
2011,3,2011-03,APACHE ENERGIA ARGENTINA S.R.L.,862.775483870968
2011,3,2011-03,APACHE PETROLERA ARGENTINA S.A.,98.2
2011,3,2011-03,APCO ARGENTINA INC.,0
2011,3,2011-03,ARGENTA ENERGIA S.A.,0
2011,3,2011-03,CAPEX S.A.,122.396451612903
2011,3,2011-03,CENTRAL INTERNATIONAL CORPORATION (SUCURSAL ARGENTINA),186.152903225806
2011,3,2011-03,CHAÑARES ENERGIA S.A.,495.788193548387
2011,3,2011-03,CHEVRON ARGENTINA S.R.L.,6103.74516129032
2011,3,2011-03,COLHUE HUAPI S.A.,88.741935483871
2011,3,2011-03,COMPAÑÍA GENERAL DE COMBUSTIBLES S.A.,28.441935483871
2011,3,2011-03,COMPAÑÍAS ASOCIADAS PETROLERAS S.A.,1801.54967741935
2011,3,2011-03,"CRI HOLDING, INC.",18.3674193548387
2011,3,2011-03,DAPETROL S.A.,57.6774193548387
2011,3,2011-03,ENAP SIPETROL ARGENTINA S.A.,1227.16967741935
2011,3,2011-03,ENARSA ENERGIA ARGENTINA S.A.,82.2670967741936
2011,3,2011-03,ENERGIAL S.A.,10.1688387096774
2011,3,2011-03,ENERGICON S.A.,0
2011,3,2011-03,EPSUR S.A.,32.0829032258065
2011,3,2011-03,EXXONMOBIL EXPLORATION ARGENTINA S.R.L.,0
2011,3,2011-03,EZ HOLDINGS S.A.,0
2011,3,2011-03,GAS Y PETROLEO DEL NEUQUEN S.A.,0.808064516129032
2011,3,2011-03,GEOPARK ARGENTINA LTD. (SUCURSAL ARGENTINA),11.4690322580645
2011,3,2011-03,GOLDEN OIL CORPORATION Suc. Arg.,12.8764516129032
2011,3,2011-03,GRECOIL y CIA. S.R.L.,15.2258064516129
2011,3,2011-03,HIGH LUCK GROUP LTD. - SUCURSAL ARGENTINA,2.12516129032258
2011,3,2011-03,INGENIERIA ALPA S.A.,57.7396774193548
2011,3,2011-03,INGENIERIA SIMA S.A.,2.91290322580645
2011,3,2011-03,INTERENERGY ARGENTINA S.A.,5.12903225806452
2011,3,2011-03,MADALENA AUSTRAL S.A.,0
2011,3,2011-03,MADALENA ENERGY ARGENTINA SRL ,115.512258064516
2011,3,2011-03,MADALENA PETROLEUM (AMERICAS) LTD. (SUCURSAL ARGENTINA),303.729032258065
2011,3,2011-03,MEDANITO S.A.,174.477096774194
2011,3,2011-03,MISAHAR ARGENTINA S.A.,0
2011,3,2011-03,NECON S.A.,0.165161290322581
2011,3,2011-03,OIL M&S S.A.,0
2011,3,2011-03,PAN AMERICAN ENERGY (SUCURSAL ARGENTINA) LLC,17458.9712903226
2011,3,2011-03,PETRO ANDINA RESOURCES LTD.,4610.89064516129
2011,3,2011-03,PETROBRAS ARGENTINA S.A.,6023.28303225806
2011,3,2011-03,PETROFARO S.A.,2.12387096774194
2011,3,2011-03,PETROLEOS SUDAMERICANOS S.A.,234.1
2011,3,2011-03,PETROLERA CERRO NEGRO S.A.,47.7215161290323
2011,3,2011-03,PETROLERA DEL COMAHUE S.A.,3.80516129032258
2011,3,2011-03,PETROLERA EL TREBOL S.A.,270.338258064516
2011,3,2011-03,PETROLERA ENTRE LOMAS S.A.,2149.15161290323
2011,3,2011-03,PETROLERA LF COMPANY S.R.L.,663.781612903226
2011,3,2011-03,PETROLERA PATAGONIA S.R.L.,25.4487096774194
2011,3,2011-03,PETROLERA PIEDRA DEL AGUILA S.A.,0
2011,3,2011-03,PETROLERA SAN JOSE S.R.L.,75.4064516129032
2011,3,2011-03,PETROMINERA CHUBUT S.E.,0
2011,3,2011-03,PETROQUIMICA COMODORO RIVADAVIA S.A.,1263.25322580645
2011,3,2011-03,PLUSPETROL ENERGY S.A.,283.453225806452
2011,3,2011-03,PLUSPETROL S.A.,1776
2011,3,2011-03,ROCH S.A.,588.102351648264
2011,3,2011-03,SAN JORGE PETROLEUM S.A.,78.1618064516129
2011,3,2011-03,"SINOPEC ARGENTINA EXPLORATION AND PRODUCTION, INC.",6002.47464516129
2011,3,2011-03,TECPETROL S.A.,3801.92122580645
2011,3,2011-03,TOTAL AUSTRAL S.A.,1806.46780645161
2011,3,2011-03,UNITEC ENERGY S.A.,2.30064516129032
2011,3,2011-03,YPF S.A.,32795.2390322581
2011,4,2011-04,APACHE ENERGIA ARGENTINA S.R.L.,890.582666666667
2011,4,2011-04,APACHE PETROLERA ARGENTINA S.A.,102.19
2011,4,2011-04,APCO ARGENTINA INC.,0
2011,4,2011-04,ARGENTA ENERGIA S.A.,0
2011,4,2011-04,CAPEX S.A.,124.801666666667
2011,4,2011-04,CENTRAL INTERNATIONAL CORPORATION (SUCURSAL ARGENTINA),179.329
2011,4,2011-04,CHAÑARES ENERGIA S.A.,479.307966666667
2011,4,2011-04,CHEVRON ARGENTINA S.R.L.,5949.70333333333
2011,4,2011-04,COLHUE HUAPI S.A.,82.2666666666667
2011,4,2011-04,COMPAÑÍA GENERAL DE COMBUSTIBLES S.A.,21.1
2011,4,2011-04,COMPAÑÍAS ASOCIADAS PETROLERAS S.A.,1838.969
2011,4,2011-04,"CRI HOLDING, INC.",19.395
2011,4,2011-04,DAPETROL S.A.,53.2
2011,4,2011-04,ENAP SIPETROL ARGENTINA S.A.,1173.58233333333
2011,4,2011-04,ENARSA ENERGIA ARGENTINA S.A.,79.9786666666667
2011,4,2011-04,ENERGIAL S.A.,9.49376666666667
2011,4,2011-04,ENERGICON S.A.,0
2011,4,2011-04,EPSUR S.A.,30.78
2011,4,2011-04,EXXONMOBIL EXPLORATION ARGENTINA S.R.L.,0
2011,4,2011-04,EZ HOLDINGS S.A.,0
2011,4,2011-04,GAS Y PETROLEO DEL NEUQUEN S.A.,0.2286
2011,4,2011-04,GEOPARK ARGENTINA LTD. (SUCURSAL ARGENTINA),11.5103333333333
2011,4,2011-04,GOLDEN OIL CORPORATION Suc. Arg.,12.336
2011,4,2011-04,GRECOIL y CIA. S.R.L.,17.7566666666667
2011,4,2011-04,HIGH LUCK GROUP LTD. - SUCURSAL ARGENTINA,1.40933333333333
2011,4,2011-04,INGENIERIA ALPA S.A.,7.653
2011,4,2011-04,INGENIERIA SIMA S.A.,5.25066666666667
2011,4,2011-04,INTERENERGY ARGENTINA S.A.,5.03333333333333
2011,4,2011-04,MADALENA AUSTRAL S.A.,0
2011,4,2011-04,MADALENA ENERGY ARGENTINA SRL ,108.985333333333
2011,4,2011-04,MADALENA PETROLEUM (AMERICAS) LTD. (SUCURSAL ARGENTINA),286.81
2011,4,2011-04,MEDANITO S.A.,170.454
2011,4,2011-04,MISAHAR ARGENTINA S.A.,1.387
2011,4,2011-04,NECON S.A.,0.166666666666667
2011,4,2011-04,OIL M&S S.A.,0
2011,4,2011-04,PAN AMERICAN ENERGY (SUCURSAL ARGENTINA) LLC,16556.0943333333
2011,4,2011-04,PETRO ANDINA RESOURCES LTD.,4618.546
2011,4,2011-04,PETROBRAS ARGENTINA S.A.,5955.68393333333
2011,4,2011-04,PETROFARO S.A.,1.397
2011,4,2011-04,PETROLEOS SUDAMERICANOS S.A.,230.199666666667
2011,4,2011-04,PETROLERA CERRO NEGRO S.A.,45.2476333333333
2011,4,2011-04,PETROLERA DEL COMAHUE S.A.,3.766
2011,4,2011-04,PETROLERA EL TREBOL S.A.,283.257733333333
2011,4,2011-04,PETROLERA ENTRE LOMAS S.A.,2246.72
2011,4,2011-04,PETROLERA LF COMPANY S.R.L.,623.19
2011,4,2011-04,PETROLERA PATAGONIA S.R.L.,18.055
2011,4,2011-04,PETROLERA PIEDRA DEL AGUILA S.A.,0
2011,4,2011-04,PETROLERA SAN JOSE S.R.L.,73.8463333333333
2011,4,2011-04,PETROMINERA CHUBUT S.E.,0
2011,4,2011-04,PETROQUIMICA COMODORO RIVADAVIA S.A.,1298.747
2011,4,2011-04,PLUSPETROL ENERGY S.A.,275.795333333333
2011,4,2011-04,PLUSPETROL S.A.,1761.09033333333
2011,4,2011-04,ROCH S.A.,593.369519132667
2011,4,2011-04,SAN JORGE PETROLEUM S.A.,90.8015666666667
2011,4,2011-04,"SINOPEC ARGENTINA EXPLORATION AND PRODUCTION, INC.",1074.13473333333
2011,4,2011-04,TECPETROL S.A.,3750.8377
2011,4,2011-04,TOTAL AUSTRAL S.A.,2110.63753333333
2011,4,2011-04,UNITEC ENERGY S.A.,2.12633333333333
2011,4,2011-04,YPF S.A.,23399.933
2011,5,2011-05,APACHE ENERGIA ARGENTINA S.R.L.,877.047419354839
2011,5,2011-05,APACHE PETROLERA ARGENTINA S.A.,112.977419354839
2011,5,2011-05,APCO ARGENTINA INC.,0
2011,5,2011-05,ARGENTA ENERGIA S.A.,0
2011,5,2011-05,CAPEX S.A.,128.038064516129
2011,5,2011-05,CENTRAL INTERNATIONAL CORPORATION (SUCURSAL ARGENTINA),180.025483870968
2011,5,2011-05,CHAÑARES ENERGIA S.A.,480.69264516129
2011,5,2011-05,CHEVRON ARGENTINA S.R.L.,5707.9
2011,5,2011-05,COLHUE HUAPI S.A.,79.0322580645161
2011,5,2011-05,COMPAÑÍA GENERAL DE COMBUSTIBLES S.A.,19.9967741935484
2011,5,2011-05,COMPAÑÍAS ASOCIADAS PETROLERAS S.A.,1803.48290322581
2011,5,2011-05,"CRI HOLDING, INC.",20.1774193548387
2011,5,2011-05,DAPETROL S.A.,64.4322580645161
2011,5,2011-05,ENAP SIPETROL ARGENTINA S.A.,1200.46741935484
2011,5,2011-05,ENARSA ENERGIA ARGENTINA S.A.,76.871935483871
2011,5,2011-05,ENERGIAL S.A.,3.58548387096774
2011,5,2011-05,ENERGICON S.A.,0
2011,5,2011-05,EPSUR S.A.,16.1493548387097
2011,5,2011-05,EXXONMOBIL EXPLORATION ARGENTINA S.R.L.,0
2011,5,2011-05,EZ HOLDINGS S.A.,0
2011,5,2011-05,GAS Y PETROLEO DEL NEUQUEN S.A.,8.09370967741935
2011,5,2011-05,GEOPARK ARGENTINA LTD. (SUCURSAL ARGENTINA),10.9129032258065
2011,5,2011-05,GOLDEN OIL CORPORATION Suc. Arg.,13.051935483871
2011,5,2011-05,GRECOIL y CIA. S.R.L.,16.0064516129032
2011,5,2011-05,HIGH LUCK GROUP LTD. - SUCURSAL ARGENTINA,1.11225806451613
2011,5,2011-05,INGENIERIA ALPA S.A.,49.8935483870968
2011,5,2011-05,INGENIERIA SIMA S.A.,3.30483870967742
2011,5,2011-05,INTERENERGY ARGENTINA S.A.,6.09677419354839
2011,5,2011-05,MADALENA AUSTRAL S.A.,0
2011,5,2011-05,MADALENA ENERGY ARGENTINA SRL ,111.397096774194
2011,5,2011-05,MADALENA PETROLEUM (AMERICAS) LTD. (SUCURSAL ARGENTINA),298.351612903226
2011,5,2011-05,MEDANITO S.A.,168.106774193548
2011,5,2011-05,MISAHAR ARGENTINA S.A.,0.194516129032258
2011,5,2011-05,NECON S.A.,1.19161290322581
2011,5,2011-05,OIL M&S S.A.,0
2011,5,2011-05,OILSTONE ENERGIA S.A.,133.102903225806
2011,5,2011-05,PAN AMERICAN ENERGY (SUCURSAL ARGENTINA) LLC,17702.21
2011,5,2011-05,PETRO ANDINA RESOURCES LTD.,4484.45290322581
2011,5,2011-05,PETROBRAS ARGENTINA S.A.,5912.96432258064
2011,5,2011-05,PETROFARO S.A.,2.40032258064516
2011,5,2011-05,PETROLEOS SUDAMERICANOS S.A.,244.999677419355
2011,5,2011-05,PETROLERA CERRO NEGRO S.A.,41.699935483871
2011,5,2011-05,PETROLERA DEL COMAHUE S.A.,3.58967741935484
2011,5,2011-05,PETROLERA EL TREBOL S.A.,281.783709677419
2011,5,2011-05,PETROLERA ENTRE LOMAS S.A.,2305.93548387097
2011,5,2011-05,PETROLERA LF COMPANY S.R.L.,634.077419354839
2011,5,2011-05,PETROLERA PATAGONIA S.R.L.,19.9793548387097
2011,5,2011-05,PETROLERA PIEDRA DEL AGUILA S.A.,0
2011,5,2011-05,PETROLERA SAN JOSE S.R.L.,70.56
2011,5,2011-05,PETROMINERA CHUBUT S.E.,0
2011,5,2011-05,PETROQUIMICA COMODORO RIVADAVIA S.A.,1214.14774193548
2011,5,2011-05,PLUSPETROL ENERGY S.A.,275.312580645161
2011,5,2011-05,PLUSPETROL S.A.,1726.47935483871
2011,5,2011-05,ROCH S.A.,616.647089290323
2011,5,2011-05,SAN JORGE PETROLEUM S.A.,75.9278064516129
2011,5,2011-05,"SINOPEC ARGENTINA EXPLORATION AND PRODUCTION, INC.",4237.5724516129
2011,5,2011-05,TECPETROL S.A.,3742.06483870968
2011,5,2011-05,TOTAL AUSTRAL S.A.,2083.51032258065
2011,5,2011-05,UNITEC ENERGY S.A.,0.629032258064516
2011,5,2011-05,YPF S.A.,23067.7303225806
2011,6,2011-06,APACHE ENERGIA ARGENTINA S.R.L.,857.030666666667
2011,6,2011-06,APACHE PETROLERA ARGENTINA S.A.,90.6433333333333
2011,6,2011-06,APCO ARGENTINA INC.,0
2011,6,2011-06,ARGENTA ENERGIA S.A.,0
2011,6,2011-06,CAPEX S.A.,128.31
2011,6,2011-06,CENTRAL INTERNATIONAL CORPORATION (SUCURSAL ARGENTINA),194.513
2011,6,2011-06,CHAÑARES ENERGIA S.A.,524.722933333333
2011,6,2011-06,CHEVRON ARGENTINA S.R.L.,5605.74333333333
2011,6,2011-06,COLHUE HUAPI S.A.,82.5666666666667
2011,6,2011-06,COMPAÑÍA GENERAL DE COMBUSTIBLES S.A.,15.4733333333333
2011,6,2011-06,COMPAÑÍAS ASOCIADAS PETROLERAS S.A.,1726.10433333333
2011,6,2011-06,"CRI HOLDING, INC.",17.442
2011,6,2011-06,DAPETROL S.A.,66.2
2011,6,2011-06,ENAP SIPETROL ARGENTINA S.A.,1127.69133333333
2011,6,2011-06,ENARSA ENERGIA ARGENTINA S.A.,73.741
2011,6,2011-06,ENERGIAL S.A.,0
2011,6,2011-06,ENERGICON S.A.,0
2011,6,2011-06,EPSUR S.A.,13.196
2011,6,2011-06,EXXONMOBIL EXPLORATION ARGENTINA S.R.L.,0
2011,6,2011-06,EZ HOLDINGS S.A.,0
2011,6,2011-06,GAS Y PETROLEO DEL NEUQUEN S.A.,6.84826333333333
2011,6,2011-06,GEOPARK ARGENTINA LTD. (SUCURSAL ARGENTINA),10.7
2011,6,2011-06,GOLDEN OIL CORPORATION Suc. Arg.,12.1846666666667
2011,6,2011-06,GRECOIL y CIA. S.R.L.,15.2276666666667
2011,6,2011-06,HIGH LUCK GROUP LTD. - SUCURSAL ARGENTINA,1.23233333333333
2011,6,2011-06,INGENIERIA ALPA S.A.,35.173
2011,6,2011-06,INGENIERIA SIMA S.A.,2.97833333333333
2011,6,2011-06,INTERENERGY ARGENTINA S.A.,5.83333333333333
2011,6,2011-06,MADALENA AUSTRAL S.A.,0
2011,6,2011-06,MADALENA ENERGY ARGENTINA SRL ,104.123
2011,6,2011-06,MADALENA PETROLEUM (AMERICAS) LTD. (SUCURSAL ARGENTINA),302.88
2011,6,2011-06,MEDANITO S.A.,191.960333333333
2011,6,2011-06,MISAHAR ARGENTINA S.A.,0.315666666666667
2011,6,2011-06,NECON S.A.,2.08266666666667
2011,6,2011-06,OIL M&S S.A.,0
2011,6,2011-06,OILSTONE ENERGIA S.A.,125.158
2011,6,2011-06,PAN AMERICAN ENERGY (SUCURSAL ARGENTINA) LLC,17618.5943333333
2011,6,2011-06,PETRO ANDINA RESOURCES LTD.,4487.87533333333
2011,6,2011-06,PETROBRAS ARGENTINA S.A.,5941.0767
2011,6,2011-06,PETROFARO S.A.,2.16666666666667
2011,6,2011-06,PETROLEOS SUDAMERICANOS S.A.,244.4
2011,6,2011-06,PETROLERA CERRO NEGRO S.A.,40.8839333333333
2011,6,2011-06,PETROLERA DEL COMAHUE S.A.,3.80733333333333
2011,6,2011-06,PETROLERA EL TREBOL S.A.,279.319333333333
2011,6,2011-06,PETROLERA ENTRE LOMAS S.A.,2273.09
2011,6,2011-06,PETROLERA LF COMPANY S.R.L.,663.798
2011,6,2011-06,PETROLERA PATAGONIA S.R.L.,23.9333333333333
2011,6,2011-06,PETROLERA PIEDRA DEL AGUILA S.A.,0
2011,6,2011-06,PETROLERA SAN JOSE S.R.L.,71.4246666666667
2011,6,2011-06,PETROMINERA CHUBUT S.E.,0
2011,6,2011-06,PETROQUIMICA COMODORO RIVADAVIA S.A.,1168.85166666667
2011,6,2011-06,PLUSPETROL ENERGY S.A.,273.791666666667
2011,6,2011-06,PLUSPETROL S.A.,1743.24766666667
2011,6,2011-06,ROCH S.A.,563.691324203333
2011,6,2011-06,SAN JORGE PETROLEUM S.A.,72.1886
2011,6,2011-06,"SINOPEC ARGENTINA EXPLORATION AND PRODUCTION, INC.",3992.32736666667
2011,6,2011-06,TECPETROL S.A.,3762.0003
2011,6,2011-06,TOTAL AUSTRAL S.A.,2110.656
2011,6,2011-06,UNITEC ENERGY S.A.,3.06333333333333
2011,6,2011-06,YPF S.A.,24848.3293333333
2011,7,2011-07,APACHE ENERGIA ARGENTINA S.R.L.,826.270322580645
2011,7,2011-07,APACHE PETROLERA ARGENTINA S.A.,108.21935483871
2011,7,2011-07,APCO ARGENTINA INC.,0
2011,7,2011-07,ARGENTA ENERGIA S.A.,0
2011,7,2011-07,CAPEX S.A.,160.735806451613
2011,7,2011-07,CENTRAL INTERNATIONAL CORPORATION (SUCURSAL ARGENTINA),198.576451612903
2011,7,2011-07,CHAÑARES ENERGIA S.A.,561.958322580645
2011,7,2011-07,CHEVRON ARGENTINA S.R.L.,5346.09677419355
2011,7,2011-07,COLHUE HUAPI S.A.,85.741935483871
2011,7,2011-07,COMPAÑÍA GENERAL DE COMBUSTIBLES S.A.,13.3193548387097
2011,7,2011-07,COMPAÑÍAS ASOCIADAS PETROLERAS S.A.,1708.41838709677
2011,7,2011-07,"CRI HOLDING, INC.",18.5322580645161
2011,7,2011-07,DAPETROL S.A.,67.3870967741936
2011,7,2011-07,ENAP SIPETROL ARGENTINA S.A.,978.420967741935
2011,7,2011-07,ENARSA ENERGIA ARGENTINA S.A.,71.3225806451613
2011,7,2011-07,ENERGIAL S.A.,0
2011,7,2011-07,ENERGICON S.A.,0
2011,7,2011-07,EPSUR S.A.,5.91
2011,7,2011-07,EXXONMOBIL EXPLORATION ARGENTINA S.R.L.,0
2011,7,2011-07,EZ HOLDINGS S.A.,0
2011,7,2011-07,GAS Y PETROLEO DEL NEUQUEN S.A.,0.921677419354839
2011,7,2011-07,GEOPARK ARGENTINA LTD. (SUCURSAL ARGENTINA),11.6925806451613
2011,7,2011-07,GOLDEN OIL CORPORATION Suc. Arg.,9.61774193548387
2011,7,2011-07,GRECOIL y CIA. S.R.L.,16.0629032258065
2011,7,2011-07,HIGH LUCK GROUP LTD. - SUCURSAL ARGENTINA,1.18322580645161
2011,7,2011-07,INGENIERIA ALPA S.A.,51.3967741935484
2011,7,2011-07,INGENIERIA SIMA S.A.,3.06774193548387
2011,7,2011-07,INTERENERGY ARGENTINA S.A.,6.06451612903226
2011,7,2011-07,MADALENA AUSTRAL S.A.,0
2011,7,2011-07,MADALENA ENERGY ARGENTINA SRL ,112.976451612903
2011,7,2011-07,MADALENA PETROLEUM (AMERICAS) LTD. (SUCURSAL ARGENTINA),288
2011,7,2011-07,MEDANITO S.A.,240.77064516129
2011,7,2011-07,MISAHAR ARGENTINA S.A.,0.558593548387097
2011,7,2011-07,NECON S.A.,2.77
2011,7,2011-07,OIL M&S S.A.,0
2011,7,2011-07,OILSTONE ENERGIA S.A.,128.187096774194
2011,7,2011-07,PAN AMERICAN ENERGY (SUCURSAL ARGENTINA) LLC,17726.9793548387
2011,7,2011-07,PETROBRAS ARGENTINA S.A.,6178.07780645161
2011,7,2011-07,PETROFARO S.A.,2.38483870967742
2011,7,2011-07,PETROLEOS SUDAMERICANOS S.A.,254.8
2011,7,2011-07,PETROLERA CERRO NEGRO S.A.,36.9404838709677
2011,7,2011-07,PETROLERA DEL COMAHUE S.A.,4.04483870967742
2011,7,2011-07,PETROLERA EL TREBOL S.A.,265.560580645161
2011,7,2011-07,PETROLERA ENTRE LOMAS S.A.,2304.78387096774
2011,7,2011-07,PETROLERA LF COMPANY S.R.L.,615.779677419355
2011,7,2011-07,PETROLERA PATAGONIA S.R.L.,17.1954838709677
2011,7,2011-07,PETROLERA PIEDRA DEL AGUILA S.A.,0
2011,7,2011-07,PETROLERA SAN JOSE S.R.L.,65.0370967741936
2011,7,2011-07,PETROMINERA CHUBUT S.E.,0
2011,7,2011-07,PETROQUIMICA COMODORO RIVADAVIA S.A.,1145.03838709677
2011,7,2011-07,PLUSPETROL ENERGY S.A.,272.306129032258
2011,7,2011-07,PLUSPETROL S.A.,6237.99096774194
2011,7,2011-07,ROCH S.A.,567.918901180723
2011,7,2011-07,SAN JORGE PETROLEUM S.A.,68.6633870967742
2011,7,2011-07,"SINOPEC ARGENTINA EXPLORATION AND PRODUCTION, INC.",5417.72267741935
2011,7,2011-07,TECPETROL S.A.,3771.12896774194
2011,7,2011-07,TOTAL AUSTRAL S.A.,2037.27512903226
2011,7,2011-07,UNITEC ENERGY S.A.,3.2741935483871
2011,7,2011-07,YPF S.A.,27707.1774193548
2011,8,2011-08,APACHE ENERGIA ARGENTINA S.R.L.,801.942580645161
2011,8,2011-08,APACHE PETROLERA ARGENTINA S.A.,105.377419354839
2011,8,2011-08,APCO ARGENTINA INC.,0
2011,8,2011-08,ARGENTA ENERGIA S.A.,0
2011,8,2011-08,CAPEX S.A.,182.981935483871
2011,8,2011-08,CENTRAL INTERNATIONAL CORPORATION (SUCURSAL ARGENTINA),199.677419354839
2011,8,2011-08,CHAÑARES ENERGIA S.A.,565.418322580645
2011,8,2011-08,CHEVRON ARGENTINA S.R.L.,5357.19032258064
2011,8,2011-08,COLHUE HUAPI S.A.,83.9032258064516
2011,8,2011-08,COMPAÑÍA GENERAL DE COMBUSTIBLES S.A.,14.8774193548387
2011,8,2011-08,COMPAÑÍAS ASOCIADAS PETROLERAS S.A.,1786.67741935484
2011,8,2011-08,"CRI HOLDING, INC.",14.3141935483871
2011,8,2011-08,DAPETROL S.A.,67.6129032258064
2011,8,2011-08,ENAP SIPETROL ARGENTINA S.A.,1176.42548387097
2011,8,2011-08,ENARSA ENERGIA ARGENTINA S.A.,69.8064516129032
2011,8,2011-08,ENERGIAL S.A.,0
2011,8,2011-08,ENERGICON S.A.,0
2011,8,2011-08,EPSUR S.A.,9.25694612903226
2011,8,2011-08,EXXONMOBIL EXPLORATION ARGENTINA S.R.L.,0
2011,8,2011-08,EZ HOLDINGS S.A.,0
2011,8,2011-08,GAS Y PETROLEO DEL NEUQUEN S.A.,18.4606451612903
2011,8,2011-08,GEOPARK ARGENTINA LTD. (SUCURSAL ARGENTINA),10.3467741935484
2011,8,2011-08,GOLDEN OIL CORPORATION Suc. Arg.,10.0667741935484
2011,8,2011-08,GRECOIL y CIA. S.R.L.,16.5129032258065
2011,8,2011-08,HIGH LUCK GROUP LTD. - SUCURSAL ARGENTINA,0.935483870967742
2011,8,2011-08,INGENIERIA ALPA S.A.,100.037096774194
2011,8,2011-08,INGENIERIA SIMA S.A.,4.92870967741935
2011,8,2011-08,INTERENERGY ARGENTINA S.A.,6.54838709677419
2011,8,2011-08,MADALENA AUSTRAL S.A.,0
2011,8,2011-08,MADALENA ENERGY ARGENTINA SRL ,134.682903225806
2011,8,2011-08,MADALENA PETROLEUM (AMERICAS) LTD. (SUCURSAL ARGENTINA),281.835483870968
2011,8,2011-08,MEDANITO S.A.,265.786129032258
2011,8,2011-08,MISAHAR ARGENTINA S.A.,0.346890322580645
2011,8,2011-08,NECON S.A.,0.501935483870968
2011,8,2011-08,OIL M&S S.A.,0
2011,8,2011-08,OILSTONE ENERGIA S.A.,121.087096774194
2011,8,2011-08,PAN AMERICAN ENERGY (SUCURSAL ARGENTINA) LLC,17486.9258064516
2011,8,2011-08,PETROBRAS ARGENTINA S.A.,6014.21948387097
2011,8,2011-08,PETROFARO S.A.,2.30161290322581
2011,8,2011-08,PETROLEOS SUDAMERICANOS S.A.,252
2011,8,2011-08,PETROLERA CERRO NEGRO S.A.,31.2086774193548
2011,8,2011-08,PETROLERA DEL COMAHUE S.A.,3.78677419354839
2011,8,2011-08,PETROLERA EL TREBOL S.A.,258.623451612903
2011,8,2011-08,PETROLERA ENTRE LOMAS S.A.,2295.23225806452
2011,8,2011-08,PETROLERA LF COMPANY S.R.L.,627.238064516129
2011,8,2011-08,PETROLERA PATAGONIA S.R.L.,17.0816129032258
2011,8,2011-08,PETROLERA PIEDRA DEL AGUILA S.A.,0
2011,8,2011-08,PETROLERA SAN JOSE S.R.L.,63.3693548387097
2011,8,2011-08,PETROMINERA CHUBUT S.E.,0
2011,8,2011-08,PETROQUIMICA COMODORO RIVADAVIA S.A.,1184.50903225806
2011,8,2011-08,PLUSPETROL ENERGY S.A.,271.409677419355
2011,8,2011-08,PLUSPETROL S.A.,6135.15709677419
2011,8,2011-08,ROCH S.A.,552.131548387097
2011,8,2011-08,SAN JORGE PETROLEUM S.A.,65.4994193548387
2011,8,2011-08,"SINOPEC ARGENTINA EXPLORATION AND PRODUCTION, INC.",5767.08483870968
2011,8,2011-08,TECPETROL S.A.,3862.24880645161
2011,8,2011-08,TOTAL AUSTRAL S.A.,2070.70209677419
2011,8,2011-08,UNITEC ENERGY S.A.,0.725806451612903
2011,8,2011-08,YPF S.A.,32171.185483871
2011,9,2011-09,APACHE ENERGIA ARGENTINA S.R.L.,822.635
2011,9,2011-09,APACHE PETROLERA ARGENTINA S.A.,116.91
2011,9,2011-09,APCO ARGENTINA INC.,0
2011,9,2011-09,ARGENTA ENERGIA S.A.,0
2011,9,2011-09,CAPEX S.A.,161.636666666667
2011,9,2011-09,CENTRAL INTERNATIONAL CORPORATION (SUCURSAL ARGENTINA),212.727666666667
2011,9,2011-09,CHAÑARES ENERGIA S.A.,570.6282
2011,9,2011-09,CHEVRON ARGENTINA S.R.L.,5460.72666666667
2011,9,2011-09,COLHUE HUAPI S.A.,84.4
2011,9,2011-09,COMPAÑÍA GENERAL DE COMBUSTIBLES S.A.,14.8203333333333
2011,9,2011-09,COMPAÑÍAS ASOCIADAS PETROLERAS S.A.,1788.03266666667
2011,9,2011-09,COPESA CIA CONSTRUCTORA PETROLERA SA,0
2011,9,2011-09,"CRI HOLDING, INC.",15.5376666666667
2011,9,2011-09,DAPETROL S.A.,68.8333333333333
2011,9,2011-09,ENAP SIPETROL ARGENTINA S.A.,1178.98233333333
2011,9,2011-09,ENARSA ENERGIA ARGENTINA S.A.,65.3433333333333
2011,9,2011-09,ENERGIAL S.A.,0
2011,9,2011-09,ENERGICON S.A.,0
2011,9,2011-09,EPSUR S.A.,22.5509573333333
2011,9,2011-09,EXXONMOBIL EXPLORATION ARGENTINA S.R.L.,0
2011,9,2011-09,EZ HOLDINGS S.A.,0
2011,9,2011-09,GAS Y PETROLEO DEL NEUQUEN S.A.,9.62033333333333
2011,9,2011-09,GEOPARK ARGENTINA LTD. (SUCURSAL ARGENTINA),11.139
2011,9,2011-09,GOLDEN OIL CORPORATION Suc. Arg.,10.5663333333333
2011,9,2011-09,GRECOIL y CIA. S.R.L.,15.52
2011,9,2011-09,HIGH LUCK GROUP LTD. - SUCURSAL ARGENTINA,1.50833333333333
2011,9,2011-09,INGENIERIA ALPA S.A.,103.160666666667
2011,9,2011-09,INGENIERIA SIMA S.A.,9.87633333333333
2011,9,2011-09,INTERENERGY ARGENTINA S.A.,5.8
2011,9,2011-09,MADALENA AUSTRAL S.A.,0
2011,9,2011-09,MADALENA ENERGY ARGENTINA SRL ,136.390666666667
2011,9,2011-09,MADALENA PETROLEUM (AMERICAS) LTD. (SUCURSAL ARGENTINA),262.163333333333
2011,9,2011-09,MEDANITO S.A.,293.537
2011,9,2011-09,MISAHAR ARGENTINA S.A.,1.4421
2011,9,2011-09,NECON S.A.,0.497333333333333
2011,9,2011-09,OIL M&S S.A.,0
2011,9,2011-09,OILSTONE ENERGIA S.A.,124.8
2011,9,2011-09,PAN AMERICAN ENERGY (SUCURSAL ARGENTINA) LLC,17476.901
2011,9,2011-09,PETROBRAS ARGENTINA S.A.,6126.47826666667
2011,9,2011-09,PETROFARO S.A.,2.582
2011,9,2011-09,PETROLEOS SUDAMERICANOS S.A.,259.399666666667
2011,9,2011-09,PETROLERA CERRO NEGRO S.A.,32.2202
2011,9,2011-09,PETROLERA DEL COMAHUE S.A.,4.303
2011,9,2011-09,PETROLERA EL TREBOL S.A.,262.860966666667
2011,9,2011-09,PETROLERA ENTRE LOMAS S.A.,2333.98666666667
2011,9,2011-09,PETROLERA LF COMPANY S.R.L.,609.265666666667
2011,9,2011-09,PETROLERA PATAGONIA S.R.L.,15.5506666666667
2011,9,2011-09,PETROLERA PIEDRA DEL AGUILA S.A.,0
2011,9,2011-09,PETROLERA SAN JOSE S.R.L.,60.124
2011,9,2011-09,PETROMINERA CHUBUT S.E.,0
2011,9,2011-09,PETROQUIMICA COMODORO RIVADAVIA S.A.,1100.81666666667
2011,9,2011-09,PLUSPETROL ENERGY S.A.,272.591
2011,9,2011-09,PLUSPETROL S.A.,6044.16766666667
2011,9,2011-09,ROCH S.A.,567.8616
2011,9,2011-09,SAN JORGE PETROLEUM S.A.,64.0504666666667
2011,9,2011-09,"SINOPEC ARGENTINA EXPLORATION AND PRODUCTION, INC.",5806.15023333333
2011,9,2011-09,TECPETROL S.A.,3835.0106
2011,9,2011-09,TOTAL AUSTRAL S.A.,2096.11083333333
2011,9,2011-09,UNITEC ENERGY S.A.,0.2
2011,9,2011-09,YPF S.A.,32654.4233333333
2011,10,2011-10,APACHE ENERGIA ARGENTINA S.R.L.,831.185161290323
2011,10,2011-10,APACHE PETROLERA ARGENTINA S.A.,107.012903225806
2011,10,2011-10,APCO ARGENTINA INC.,0
2011,10,2011-10,ARGENTA ENERGIA S.A.,0
2011,10,2011-10,CAPEX S.A.,159.091612903226
2011,10,2011-10,CENTRAL INTERNATIONAL CORPORATION (SUCURSAL ARGENTINA),199.805806451613
2011,10,2011-10,CHAÑARES ENERGIA S.A.,544.543612903226
2011,10,2011-10,CHEVRON ARGENTINA S.R.L.,5462.54516129032
2011,10,2011-10,COLHUE HUAPI S.A.,83.2903225806452
2011,10,2011-10,COMPAÑÍA GENERAL DE COMBUSTIBLES S.A.,15.1206451612903
2011,10,2011-10,COMPAÑÍAS ASOCIADAS PETROLERAS S.A.,1719.20064516129
2011,10,2011-10,COPESA CIA CONSTRUCTORA PETROLERA SA,3.64516129032258
2011,10,2011-10,"CRI HOLDING, INC.",16.8238709677419
2011,10,2011-10,DAPETROL S.A.,67.4193548387097
2011,10,2011-10,ENAP SIPETROL ARGENTINA S.A.,1161.86935483871
2011,10,2011-10,ENARSA ENERGIA ARGENTINA S.A.,82.2483870967742
2011,10,2011-10,ENERGIAL S.A.,12.5087096774194
2011,10,2011-10,ENERGICON S.A.,0
2011,10,2011-10,EPSUR S.A.,28.973715483871
2011,10,2011-10,EXXONMOBIL EXPLORATION ARGENTINA S.R.L.,0
2011,10,2011-10,EZ HOLDINGS S.A.,0
2011,10,2011-10,GAS Y PETROLEO DEL NEUQUEN S.A.,10.9196774193548
2011,10,2011-10,GEOPARK ARGENTINA LTD. (SUCURSAL ARGENTINA),10.8970967741935
2011,10,2011-10,GOLDEN OIL CORPORATION Suc. Arg.,10.2025806451613
2011,10,2011-10,GRECOIL y CIA. S.R.L.,15.8054838709677
2011,10,2011-10,HIGH LUCK GROUP LTD. - SUCURSAL ARGENTINA,1.36806451612903
2011,10,2011-10,INGENIERIA ALPA S.A.,101.645806451613
2011,10,2011-10,INGENIERIA SIMA S.A.,9.75258064516129
2011,10,2011-10,INTERENERGY ARGENTINA S.A.,6.03225806451613
2011,10,2011-10,MADALENA AUSTRAL S.A.,0
2011,10,2011-10,MADALENA ENERGY ARGENTINA SRL ,119.915483870968
2011,10,2011-10,MADALENA PETROLEUM (AMERICAS) LTD. (SUCURSAL ARGENTINA),272.688451612903
2011,10,2011-10,MEDANITO S.A.,286.479677419355
2011,10,2011-10,MISAHAR ARGENTINA S.A.,3.46510967741935
2011,10,2011-10,NECON S.A.,0.136774193548387
2011,10,2011-10,OIL M&S S.A.,0
2011,10,2011-10,OILSTONE ENERGIA S.A.,150.577419354839
2011,10,2011-10,PAN AMERICAN ENERGY (SUCURSAL ARGENTINA) LLC,17460.7574193548
2011,10,2011-10,PANAPETROLEO S.A.,0
2011,10,2011-10,PETROBRAS ARGENTINA S.A.,6264.14538709677
2011,10,2011-10,PETROFARO S.A.,2.53161290322581
2011,10,2011-10,PETROLEOS SUDAMERICANOS S.A.,265.2
2011,10,2011-10,PETROLERA CERRO NEGRO S.A.,32.2970967741935
2011,10,2011-10,PETROLERA DEL COMAHUE S.A.,4.06193548387097
2011,10,2011-10,PETROLERA EL TREBOL S.A.,261.760612903226
2011,10,2011-10,PETROLERA ENTRE LOMAS S.A.,2334.99677419355
2011,10,2011-10,PETROLERA LF COMPANY S.R.L.,592.202580645161
2011,10,2011-10,PETROLERA PATAGONIA S.R.L.,15.3312903225806
2011,10,2011-10,PETROLERA PIEDRA DEL AGUILA S.A.,0
2011,10,2011-10,PETROLERA SAN JOSE S.R.L.,58.2361290322581
2011,10,2011-10,PETROMINERA CHUBUT S.E.,0
2011,10,2011-10,PETROQUIMICA COMODORO RIVADAVIA S.A.,1163.38677419355
2011,10,2011-10,PLUSPETROL ENERGY S.A.,259.81935483871
2011,10,2011-10,PLUSPETROL S.A.,5966.25387096774
2011,10,2011-10,ROCH S.A.,573.518419354839
2011,10,2011-10,SAN JORGE PETROLEUM S.A.,105.566225806452
2011,10,2011-10,"SINOPEC ARGENTINA EXPLORATION AND PRODUCTION, INC.",5861.59225806452
2011,10,2011-10,TECPETROL S.A.,3771.98235483871
2011,10,2011-10,TOTAL AUSTRAL S.A.,2281.43287096774
2011,10,2011-10,UNITEC ENERGY S.A.,1.80645161290323
2011,10,2011-10,YPF S.A.,33060.184516129
2011,11,2011-11,APACHE ENERGIA ARGENTINA S.R.L.,840.130666666667
2011,11,2011-11,APACHE PETROLERA ARGENTINA S.A.,114.796666666667
2011,11,2011-11,ARGENTA ENERGIA S.A.,0
2011,11,2011-11,CAPEX S.A.,139.535666666667
2011,11,2011-11,CENTRAL INTERNATIONAL CORPORATION (SUCURSAL ARGENTINA),187.971666666667
2011,11,2011-11,CHAÑARES ENERGIA S.A.,543.2888
2011,11,2011-11,CHEVRON ARGENTINA S.R.L.,5382.31666666667
2011,11,2011-11,COLHUE HUAPI S.A.,84.5333333333333
2011,11,2011-11,COMPAÑÍA GENERAL DE COMBUSTIBLES S.A.,11.023
2011,11,2011-11,COMPAÑÍAS ASOCIADAS PETROLERAS S.A.,1783.89766666667
2011,11,2011-11,COPESA CIA CONSTRUCTORA PETROLERA SA,1.9
2011,11,2011-11,"CRI HOLDING, INC.",13.7333333333333
2011,11,2011-11,CROWN POINT OIL & GAS S.A.,0
2011,11,2011-11,DAPETROL S.A.,66.2
2011,11,2011-11,ENAP SIPETROL ARGENTINA S.A.,1148.02366666667
2011,11,2011-11,ENARSA ENERGIA ARGENTINA S.A.,108.906666666667
2011,11,2011-11,ENERGIAL S.A.,69.4633333333333
2011,11,2011-11,ENERGICON S.A.,0
2011,11,2011-11,EPSUR S.A.,26.2432726666667
2011,11,2011-11,EXXONMOBIL EXPLORATION ARGENTINA S.R.L.,0
2011,11,2011-11,EZ HOLDINGS S.A.,0
2011,11,2011-11,GAS Y PETROLEO DEL NEUQUEN S.A.,4.55733333333333
2011,11,2011-11,GEOPARK ARGENTINA LTD. (SUCURSAL ARGENTINA),9.35333333333333
2011,11,2011-11,GOLDEN OIL CORPORATION Suc. Arg.,8.59
2011,11,2011-11,GRECOIL y CIA. S.R.L.,16.174
2011,11,2011-11,HIGH LUCK GROUP LTD. - SUCURSAL ARGENTINA,1.26466666666667
2011,11,2011-11,INGENIERIA ALPA S.A.,103.373333333333
2011,11,2011-11,INGENIERIA SIMA S.A.,5.814
2011,11,2011-11,INTERENERGY ARGENTINA S.A.,6.46666666666667
2011,11,2011-11,JHP INTERNATIONAL PETROLEUM ENGINEERING LTD,56.8360333333333
2011,11,2011-11,MADALENA AUSTRAL S.A.,0
2011,11,2011-11,MADALENA ENERGY ARGENTINA SRL ,121.317333333333
2011,11,2011-11,MADALENA PETROLEUM (AMERICAS) LTD. (SUCURSAL ARGENTINA),286.893333333333
2011,11,2011-11,MEDANITO S.A.,274.431333333333
2011,11,2011-11,MISAHAR ARGENTINA S.A.,4.72735333333333
2011,11,2011-11,NECON S.A.,0.061
2011,11,2011-11,OIL M&S S.A.,0
2011,11,2011-11,OILSTONE ENERGIA S.A.,153.29
2011,11,2011-11,PAN AMERICAN ENERGY (SUCURSAL ARGENTINA) LLC,17466.9496666667
2011,11,2011-11,PANAPETROLEO S.A.,0
2011,11,2011-11,PETROBRAS ARGENTINA S.A.,6259.0002
2011,11,2011-11,PETROFARO S.A.,1.556
2011,11,2011-11,PETROLEOS SUDAMERICANOS S.A.,265.089666666667
2011,11,2011-11,PETROLERA CERRO NEGRO S.A.,41.1073666666667
2011,11,2011-11,PETROLERA DEL COMAHUE S.A.,3.43733333333333
2011,11,2011-11,PETROLERA EL TREBOL S.A.,263.747
2011,11,2011-11,PETROLERA ENTRE LOMAS S.A.,2347.79
2011,11,2011-11,PETROLERA LF COMPANY S.R.L.,563.861
2011,11,2011-11,PETROLERA PATAGONIA S.R.L.,12.8223333333333
2011,11,2011-11,PETROLERA PIEDRA DEL AGUILA S.A.,0
2011,11,2011-11,PETROLERA SAN JOSE S.R.L.,48.1446666666667
2011,11,2011-11,PETROMINERA CHUBUT S.E.,0
2011,11,2011-11,PETROQUIMICA COMODORO RIVADAVIA S.A.,1140.23033333333
2011,11,2011-11,PLUSPETROL ENERGY S.A.,260.419
2011,11,2011-11,PLUSPETROL S.A.,5942.61966666667
2011,11,2011-11,ROCH S.A.,560.3485
2011,11,2011-11,SAN JORGE PETROLEUM S.A.,116.156866666667
2011,11,2011-11,"SINOPEC ARGENTINA EXPLORATION AND PRODUCTION, INC.",5997.6994
2011,11,2011-11,TECPETROL S.A.,3752.62913333333
2011,11,2011-11,TOTAL AUSTRAL S.A.,2158.518
2011,11,2011-11,UNITEC ENERGY S.A.,3.68333333333333
2011,11,2011-11,YPF S.A.,32707.6936666667
2011,12,2011-12,APACHE ENERGIA ARGENTINA S.R.L.,898.473870967742
2011,12,2011-12,APACHE PETROLERA ARGENTINA S.A.,112.896774193548
2011,12,2011-12,ARGENTA ENERGIA S.A.,0
2011,12,2011-12,CAPEX S.A.,131.667419354839
2011,12,2011-12,CENTRAL INTERNATIONAL CORPORATION (SUCURSAL ARGENTINA),228.598709677419
2011,12,2011-12,CHAÑARES ENERGIA S.A.,536.504064516129
2011,12,2011-12,CHEVRON ARGENTINA S.R.L.,5251.5935483871
2011,12,2011-12,COLHUE HUAPI S.A.,80.2509677419355
2011,12,2011-12,COMPAÑÍA GENERAL DE COMBUSTIBLES S.A.,9.21967741935484
2011,12,2011-12,COMPAÑÍAS ASOCIADAS PETROLERAS S.A.,1793.29161290323
2011,12,2011-12,COPESA CIA CONSTRUCTORA PETROLERA SA,0.171838709677419
2011,12,2011-12,"CRI HOLDING, INC.",13.2903225806452
2011,12,2011-12,CROWN POINT OIL & GAS S.A.,0
2011,12,2011-12,DAPETROL S.A.,67.741935483871
2011,12,2011-12,ENAP SIPETROL ARGENTINA S.A.,1329.7335483871
2011,12,2011-12,ENARSA ENERGIA ARGENTINA S.A.,143.245161290323
2011,12,2011-12,ENERGIAL S.A.,44.6267741935484
2011,12,2011-12,EPSUR S.A.,21.9308374193548
2011,12,2011-12,EXXONMOBIL EXPLORATION ARGENTINA S.R.L.,0
2011,12,2011-12,EZ HOLDINGS S.A.,0
2011,12,2011-12,GAS Y PETROLEO DEL NEUQUEN S.A.,14.7570967741935
2011,12,2011-12,GEOPARK ARGENTINA LTD. (SUCURSAL ARGENTINA),8.36741935483871
2011,12,2011-12,GOLDEN OIL CORPORATION Suc. Arg.,7.62322580645161
2011,12,2011-12,GRECOIL y CIA. S.R.L.,15.4935483870968
2011,12,2011-12,HIGH LUCK GROUP LTD. - SUCURSAL ARGENTINA,1.36709677419355
2011,12,2011-12,INGENIERIA ALPA S.A.,106.032258064516
2011,12,2011-12,INGENIERIA SIMA S.A.,6.10064516129032
2011,12,2011-12,INTERENERGY ARGENTINA S.A.,6.61290322580645
2011,12,2011-12,JHP INTERNATIONAL PETROLEUM ENGINEERING LTD,56.4020967741935
2011,12,2011-12,MADALENA AUSTRAL S.A.,0
2011,12,2011-12,MADALENA ENERGY ARGENTINA SRL ,117.533225806452
2011,12,2011-12,MADALENA PETROLEUM (AMERICAS) LTD. (SUCURSAL ARGENTINA),254.358838709677
2011,12,2011-12,MEDANITO S.A.,255.913870967742
2011,12,2011-12,MISAHAR ARGENTINA S.A.,1.10118709677419
2011,12,2011-12,NECON S.A.,1.22870967741935
2011,12,2011-12,OIL M&S S.A.,0
2011,12,2011-12,OILSTONE ENERGIA S.A.,164.061290322581
2011,12,2011-12,PAN AMERICAN ENERGY (SUCURSAL ARGENTINA) LLC,17696.2487096774
2011,12,2011-12,PANAPETROLEO S.A.,0
2011,12,2011-12,PETROBRAS ARGENTINA S.A.,6226.82780645161
2011,12,2011-12,PETROFARO S.A.,1.3641935483871
2011,12,2011-12,PETROLEOS SUDAMERICANOS S.A.,261.2
2011,12,2011-12,PETROLERA CERRO NEGRO S.A.,76.3792903225806
2011,12,2011-12,PETROLERA DEL COMAHUE S.A.,2.34322580645161
2011,12,2011-12,PETROLERA EL TREBOL S.A.,260.227193548387
2011,12,2011-12,PETROLERA ENTRE LOMAS S.A.,2299.9
2011,12,2011-12,PETROLERA LF COMPANY S.R.L.,446.52
2011,12,2011-12,PETROLERA PATAGONIA S.R.L.,12.5864516129032
2011,12,2011-12,PETROLERA PIEDRA DEL AGUILA S.A.,0
2011,12,2011-12,PETROLERA SAN JOSE S.R.L.,41.4441935483871
2011,12,2011-12,PETROMINERA CHUBUT S.E.,0
2011,12,2011-12,PETROQUIMICA COMODORO RIVADAVIA S.A.,1150.12
2011,12,2011-12,PLUSPETROL ENERGY S.A.,253.032258064516
2011,12,2011-12,PLUSPETROL S.A.,5948.77096774194
2011,12,2011-12,ROCH S.A.,493.31735483871
2011,12,2011-12,SAN JORGE PETROLEUM S.A.,99.4333870967742
2011,12,2011-12,"SINOPEC ARGENTINA EXPLORATION AND PRODUCTION, INC.",6040.47070967742
2011,12,2011-12,TECPETROL S.A.,3674.81003225806
2011,12,2011-12,TOTAL AUSTRAL S.A.,1990.70435483871
2011,12,2011-12,UNITEC ENERGY S.A.,2.43548387096774
2011,12,2011-12,YPF S.A.,31741.7290322581
2012,1,2012-01,APACHE ENERGIA ARGENTINA S.R.L.,858
2012,1,2012-01,APACHE PETROLERA ARGENTINA S.A.,110.025806451613
2012,1,2012-01,ARGENTA ENERGIA S.A.,0
2012,1,2012-01,CAPEX S.A.,123.923548387097
2012,1,2012-01,CENTRAL INTERNATIONAL CORPORATION (SUCURSAL ARGENTINA),218.548387096774
2012,1,2012-01,CHAÑARES ENERGIA S.A.,519.742774193548
2012,1,2012-01,CHEVRON ARGENTINA S.R.L.,5113.02903225806
2012,1,2012-01,COLHUE HUAPI S.A.,75.5806451612903
2012,1,2012-01,COMPAÑÍA GENERAL DE COMBUSTIBLES S.A.,12.6483870967742
2012,1,2012-01,COMPAÑÍAS ASOCIADAS PETROLERAS S.A.,1652.51806451613
2012,1,2012-01,COPESA CIA CONSTRUCTORA PETROLERA SA,0
2012,1,2012-01,"CRI HOLDING, INC.",13.8064516129032
2012,1,2012-01,CROWN POINT OIL & GAS S.A.,0
2012,1,2012-01,DAPETROL S.A.,64.1935483870968
2012,1,2012-01,ENAP SIPETROL ARGENTINA S.A.,1597.70483870968
2012,1,2012-01,ENARSA ENERGIA ARGENTINA S.A.,231.91935483871
2012,1,2012-01,ENERGIAL S.A.,37.111935483871
2012,1,2012-01,EPSUR S.A.,26.9742703225806
2012,1,2012-01,EXXONMOBIL EXPLORATION ARGENTINA S.R.L.,0
2012,1,2012-01,EZ HOLDINGS S.A.,0
2012,1,2012-01,GAS Y PETROLEO DEL NEUQUEN S.A.,7.24806451612903
2012,1,2012-01,GEOPARK ARGENTINA LTD. (SUCURSAL ARGENTINA),8.76322580645161
2012,1,2012-01,GOLDEN OIL CORPORATION Suc. Arg.,6.47290322580645
2012,1,2012-01,GRECOIL y CIA. S.R.L.,14.6935483870968
2012,1,2012-01,HIGH LUCK GROUP LTD. - SUCURSAL ARGENTINA,0.632258064516129
2012,1,2012-01,INGENIERIA ALPA S.A.,101.618387096774
2012,1,2012-01,INGENIERIA SIMA S.A.,7.06129032258065
2012,1,2012-01,INTERENERGY ARGENTINA S.A.,5.54838709677419
2012,1,2012-01,JHP INTERNATIONAL PETROLEUM ENGINEERING LTD,55.8576258064516
2012,1,2012-01,MADALENA AUSTRAL S.A.,0
2012,1,2012-01,MADALENA ENERGY ARGENTINA SRL ,115.976774193548
2012,1,2012-01,MADALENA PETROLEUM (AMERICAS) LTD. (SUCURSAL ARGENTINA),250.496774193548
2012,1,2012-01,MEDANITO S.A.,265.387419354839
2012,1,2012-01,MISAHAR ARGENTINA S.A.,2.29778064516129
2012,1,2012-01,NECON S.A.,3.55516129032258
2012,1,2012-01,OIL M&S S.A.,0
2012,1,2012-01,OILSTONE ENERGIA S.A.,160.783870967742
2012,1,2012-01,PAN AMERICAN ENERGY (SUCURSAL ARGENTINA) LLC,17217.11
2012,1,2012-01,PANAPETROLEO S.A.,0
2012,1,2012-01,PETROBRAS ARGENTINA S.A.,6185.73383870968
2012,1,2012-01,PETROFARO S.A.,1.22838709677419
2012,1,2012-01,PETROLEOS SUDAMERICANOS S.A.,254.12
2012,1,2012-01,PETROLERA CERRO NEGRO S.A.,58.4448064516129
2012,1,2012-01,PETROLERA DEL COMAHUE S.A.,3.33451612903226
2012,1,2012-01,PETROLERA EL TREBOL S.A.,280.686
2012,1,2012-01,PETROLERA ENTRE LOMAS S.A.,2214.31612903226
2012,1,2012-01,PETROLERA LF COMPANY S.R.L.,554.184193548387
2012,1,2012-01,PETROLERA PATAGONIA S.R.L.,14.0209677419355
2012,1,2012-01,PETROLERA PIEDRA DEL AGUILA S.A.,0
2012,1,2012-01,PETROLERA SAN JOSE S.R.L.,43.8851612903226
2012,1,2012-01,PETROMINERA CHUBUT S.E.,0
2012,1,2012-01,PETROQUIMICA COMODORO RIVADAVIA S.A.,1117.65548387097
2012,1,2012-01,PLUSPETROL ENERGY S.A.,253.631935483871
2012,1,2012-01,PLUSPETROL S.A.,5828.41096774194
2012,1,2012-01,ROCH S.A.,510.019677419355
2012,1,2012-01,SAN JORGE PETROLEUM S.A.,93.0920967741935
2012,1,2012-01,"SINOPEC ARGENTINA EXPLORATION AND PRODUCTION, INC.",5982.79509677419
2012,1,2012-01,TECPETROL S.A.,3599.08022580645
2012,1,2012-01,TOTAL AUSTRAL S.A.,1933.02041935484
2012,1,2012-01,UNITEC ENERGY S.A.,4.65322580645161
2012,1,2012-01,YPF S.A.,30612.3341935484
2012,2,2012-02,APACHE ENERGIA ARGENTINA S.R.L.,880.089655172414
2012,2,2012-02,APACHE PETROLERA ARGENTINA S.A.,108.410344827586
2012,2,2012-02,ARGENTA ENERGIA S.A.,0
2012,2,2012-02,CAPEX S.A.,119.013793103448
2012,2,2012-02,CENTRAL INTERNATIONAL CORPORATION (SUCURSAL ARGENTINA),237.893793103448
2012,2,2012-02,CHAÑARES ENERGIA S.A.,518.891620689655
2012,2,2012-02,CHEVRON ARGENTINA S.R.L.,5117.17586206897
2012,2,2012-02,COLHUE HUAPI S.A.,78.2758620689655
2012,2,2012-02,COMPAÑÍA GENERAL DE COMBUSTIBLES S.A.,9.87793103448276
2012,2,2012-02,COMPAÑÍAS ASOCIADAS PETROLERAS S.A.,1691.10586206897
2012,2,2012-02,COPESA CIA CONSTRUCTORA PETROLERA SA,0
2012,2,2012-02,"CRI HOLDING, INC.",10.8965517241379
2012,2,2012-02,CROWN POINT OIL & GAS S.A.,0
2012,2,2012-02,DAPETROL S.A.,61.7241379310345
2012,2,2012-02,ENAP SIPETROL ARGENTINA S.A.,1590.40517241379
2012,2,2012-02,ENARSA ENERGIA ARGENTINA S.A.,276.024137931034
2012,2,2012-02,ENERGIAL S.A.,31.1979310344828
2012,2,2012-02,EPSUR S.A.,34.7360924137931
2012,2,2012-02,EXXONMOBIL EXPLORATION ARGENTINA S.R.L.,0
2012,2,2012-02,EZ HOLDINGS S.A.,0
2012,2,2012-02,GAS Y PETROLEO DEL NEUQUEN S.A.,7.31827586206897
2012,2,2012-02,GEOPARK ARGENTINA LTD. (SUCURSAL ARGENTINA),10.2544827586207
2012,2,2012-02,GOLDEN OIL CORPORATION Suc. Arg.,9.22448275862069
2012,2,2012-02,GRECOIL y CIA. S.R.L.,15.7220689655172
2012,2,2012-02,HIGH LUCK GROUP LTD. - SUCURSAL ARGENTINA,0.0475862068965517
2012,2,2012-02,INGENIERIA ALPA S.A.,81.268275862069
2012,2,2012-02,INGENIERIA SIMA S.A.,7.70206896551724
2012,2,2012-02,INTERENERGY ARGENTINA S.A.,5.79310344827586
2012,2,2012-02,JHP INTERNATIONAL PETROLEUM ENGINEERING LTD,54.41
2012,2,2012-02,MADALENA AUSTRAL S.A.,0
2012,2,2012-02,MADALENA ENERGY ARGENTINA SRL ,126.116206896552
2012,2,2012-02,MADALENA PETROLEUM (AMERICAS) LTD. (SUCURSAL ARGENTINA),308.789655172414
2012,2,2012-02,MEDANITO S.A.,268.346206896552
2012,2,2012-02,MISAHAR ARGENTINA S.A.,1.17873793103448
2012,2,2012-02,NECON S.A.,4.52103448275862
2012,2,2012-02,OIL M&S S.A.,0
2012,2,2012-02,OILSTONE ENERGIA S.A.,168.98275862069
2012,2,2012-02,PAN AMERICAN ENERGY (SUCURSAL ARGENTINA) LLC,16889.1510344828
2012,2,2012-02,PANAPETROLEO S.A.,0
2012,2,2012-02,PETROBRAS ARGENTINA S.A.,6167.31879310345
2012,2,2012-02,PETROFARO S.A.,1.40689655172414
2012,2,2012-02,PETROLEOS SUDAMERICANOS S.A.,257.000344827586
2012,2,2012-02,PETROLERA CERRO NEGRO S.A.,84.5155172413793
2012,2,2012-02,PETROLERA DEL COMAHUE S.A.,3.15137931034483
2012,2,2012-02,PETROLERA EL TREBOL S.A.,317.478137931034
2012,2,2012-02,PETROLERA ENTRE LOMAS S.A.,2227.12413793103
2012,2,2012-02,PETROLERA LF COMPANY S.R.L.,562.641379310345
2012,2,2012-02,PETROLERA PATAGONIA S.R.L.,21.628275862069
2012,2,2012-02,PETROLERA PIEDRA DEL AGUILA S.A.,0
2012,2,2012-02,PETROLERA SAN JOSE S.R.L.,44.018275862069
2012,2,2012-02,PETROMINERA CHUBUT S.E.,0
2012,2,2012-02,PETROQUIMICA COMODORO RIVADAVIA S.A.,1115.27724137931
2012,2,2012-02,PLUSPETROL ENERGY S.A.,249.967931034483
2012,2,2012-02,PLUSPETROL S.A.,5844.35275862069
2012,2,2012-02,ROCH S.A.,432.118413793103
2012,2,2012-02,SAN JORGE PETROLEUM S.A.,90.2833793103448
2012,2,2012-02,"SINOPEC ARGENTINA EXPLORATION AND PRODUCTION, INC.",5731.05162068966
2012,2,2012-02,TECPETROL S.A.,3594.47620689655
2012,2,2012-02,TOTAL AUSTRAL S.A.,1825.62468965517
2012,2,2012-02,UNITEC ENERGY S.A.,4.85
2012,2,2012-02,YPF S.A.,31088.145862069
2012,3,2012-03,APACHE ENERGIA ARGENTINA S.R.L.,896.174193548387
2012,3,2012-03,APACHE PETROLERA ARGENTINA S.A.,128.252741935484
2012,3,2012-03,ARGENTA ENERGIA S.A.,0
2012,3,2012-03,CAPEX S.A.,118.116129032258
2012,3,2012-03,CENTRAL INTERNATIONAL CORPORATION (SUCURSAL ARGENTINA),245.812903225806
2012,3,2012-03,CHAÑARES ENERGIA S.A.,479.986580645161
2012,3,2012-03,CHEVRON ARGENTINA S.R.L.,5038.2064516129
2012,3,2012-03,COLHUE HUAPI S.A.,79.7741935483871
2012,3,2012-03,COMPAÑÍA GENERAL DE COMBUSTIBLES S.A.,11.5190322580645
2012,3,2012-03,COMPAÑÍAS ASOCIADAS PETROLERAS S.A.,1811.93903225806
2012,3,2012-03,COPESA CIA CONSTRUCTORA PETROLERA SA,1.67741935483871
2012,3,2012-03,"CRI HOLDING, INC.",9.2258064516129
2012,3,2012-03,CROWN POINT OIL & GAS S.A.,0
2012,3,2012-03,DAPETROL S.A.,60.7741935483871
2012,3,2012-03,ENAP SIPETROL ARGENTINA S.A.,1466.99838709677
2012,3,2012-03,ENARSA ENERGIA ARGENTINA S.A.,275.845161290323
2012,3,2012-03,ENERGIAL S.A.,27.1406451612903
2012,3,2012-03,EPSUR S.A.,25.9129032258064
2012,3,2012-03,EXXONMOBIL EXPLORATION ARGENTINA S.R.L.,0
2012,3,2012-03,EZ HOLDINGS S.A.,0
2012,3,2012-03,GAS Y PETROLEO DEL NEUQUEN S.A.,5.38774193548387
2012,3,2012-03,GEOPARK ARGENTINA LTD. (SUCURSAL ARGENTINA),7.58096774193548
2012,3,2012-03,GOLDEN OIL CORPORATION Suc. Arg.,8.76193548387097
2012,3,2012-03,GRECOIL y CIA. S.R.L.,24.2451612903226
2012,3,2012-03,HIGH LUCK GROUP LTD. - SUCURSAL ARGENTINA,0.637741935483871
2012,3,2012-03,INGENIERIA ALPA S.A.,71.7925806451613
2012,3,2012-03,INGENIERIA SIMA S.A.,5.49645161290323
2012,3,2012-03,INTERENERGY ARGENTINA S.A.,4.96774193548387
2012,3,2012-03,JHP INTERNATIONAL PETROLEUM ENGINEERING LTD,53.290064516129
2012,3,2012-03,MADALENA AUSTRAL S.A.,0
2012,3,2012-03,MADALENA ENERGY ARGENTINA SRL ,131.399677419355
2012,3,2012-03,MADALENA PETROLEUM (AMERICAS) LTD. (SUCURSAL ARGENTINA),276.475129032258
2012,3,2012-03,MEDANITO S.A.,246.07064516129
2012,3,2012-03,MISAHAR ARGENTINA S.A.,0.722922580645161
2012,3,2012-03,NECON S.A.,5.02870967741935
2012,3,2012-03,OIL M&S S.A.,0
2012,3,2012-03,OILSTONE ENERGIA S.A.,176.196774193548
2012,3,2012-03,PAN AMERICAN ENERGY (SUCURSAL ARGENTINA) LLC,16825.6332258065
2012,3,2012-03,PANAPETROLEO S.A.,0
2012,3,2012-03,PETROBRAS ARGENTINA S.A.,6056.38187096774
2012,3,2012-03,PETROFARO S.A.,1.87322580645161
2012,3,2012-03,PETROLEOS SUDAMERICANOS S.A.,261.510322580645
2012,3,2012-03,PETROLERA CERRO NEGRO S.A.,57.9606129032258
2012,3,2012-03,PETROLERA DEL COMAHUE S.A.,2.8741935483871
2012,3,2012-03,PETROLERA EL TREBOL S.A.,321.301774193548
2012,3,2012-03,PETROLERA ENTRE LOMAS S.A.,2308.82580645161
2012,3,2012-03,PETROLERA LF COMPANY S.R.L.,580.416129032258
2012,3,2012-03,PETROLERA PATAGONIA S.R.L.,24.18
2012,3,2012-03,PETROLERA PIEDRA DEL AGUILA S.A.,0
2012,3,2012-03,PETROLERA SAN JOSE S.R.L.,33.3712903225806
2012,3,2012-03,PETROMINERA CHUBUT S.E.,0
2012,3,2012-03,PETROQUIMICA COMODORO RIVADAVIA S.A.,1088.86903225806
2012,3,2012-03,PLUSPETROL ENERGY S.A.,251.142903225806
2012,3,2012-03,PLUSPETROL S.A.,5832.68225806452
2012,3,2012-03,ROCH S.A.,464.963806451613
2012,3,2012-03,SAN JORGE PETROLEUM S.A.,98.2325483870968
2012,3,2012-03,"SINOPEC ARGENTINA EXPLORATION AND PRODUCTION, INC.",5925.05796774194
2012,3,2012-03,TECPETROL S.A.,3618.46638709677
2012,3,2012-03,TOTAL AUSTRAL S.A.,1901.92629032258
2012,3,2012-03,UNITEC ENERGY S.A.,8.97258064516129
2012,3,2012-03,YPF S.A.,31426.0196774194
2012,4,2012-04,APACHE ENERGIA ARGENTINA S.R.L.,878.02
2012,4,2012-04,APACHE PETROLERA ARGENTINA S.A.,130.36
2012,4,2012-04,ARGENTA ENERGIA S.A.,0
2012,4,2012-04,CAPEX S.A.,126.824
2012,4,2012-04,CENTRAL INTERNATIONAL CORPORATION (SUCURSAL ARGENTINA),252.576666666667
2012,4,2012-04,CHAÑARES ENERGIA S.A.,518.388733333333
2012,4,2012-04,CHEVRON ARGENTINA S.R.L.,4809.67123333333
2012,4,2012-04,COLHUE HUAPI S.A.,77.1
2012,4,2012-04,COMPAÑÍA GENERAL DE COMBUSTIBLES S.A.,4.1
2012,4,2012-04,COMPAÑÍAS ASOCIADAS PETROLERAS S.A.,1734.56566666667
2012,4,2012-04,COPESA CIA CONSTRUCTORA PETROLERA SA,4.79186666666667
2012,4,2012-04,"CRI HOLDING, INC.",9.68333333333333
2012,4,2012-04,CROWN POINT OIL & GAS S.A.,0
2012,4,2012-04,DAPETROL S.A.,61.4333333333333
2012,4,2012-04,ENAP SIPETROL ARGENTINA S.A.,1485.63533333333
2012,4,2012-04,ENARSA ENERGIA ARGENTINA S.A.,247.93
2012,4,2012-04,ENERGIAL S.A.,36.696
2012,4,2012-04,EPSUR S.A.,35.8928666666667
2012,4,2012-04,EXXONMOBIL EXPLORATION ARGENTINA S.R.L.,0
2012,4,2012-04,EZ HOLDINGS S.A.,0
2012,4,2012-04,GAS Y PETROLEO DEL NEUQUEN S.A.,5.08766666666667
2012,4,2012-04,GEOPARK ARGENTINA LTD. (SUCURSAL ARGENTINA),8.167
2012,4,2012-04,GOLDEN OIL CORPORATION Suc. Arg.,3.34133333333333
2012,4,2012-04,GRECOIL y CIA. S.R.L.,24.79
2012,4,2012-04,HIGH LUCK GROUP LTD. - SUCURSAL ARGENTINA,1.02966666666667
2012,4,2012-04,INGENIERIA ALPA S.A.,66.6406666666667
2012,4,2012-04,INGENIERIA SIMA S.A.,3.82733333333333
2012,4,2012-04,INTERENERGY ARGENTINA S.A.,4.63333333333333
2012,4,2012-04,JHP INTERNATIONAL PETROLEUM ENGINEERING LTD,52.7333333333333
2012,4,2012-04,MADALENA AUSTRAL S.A.,0
2012,4,2012-04,MADALENA ENERGY ARGENTINA SRL ,369.599766666667
2012,4,2012-04,MADALENA PETROLEUM (AMERICAS) LTD. (SUCURSAL ARGENTINA),248.7184
2012,4,2012-04,MEDANITO S.A.,242.201666666667
2012,4,2012-04,MISAHAR ARGENTINA S.A.,0.892066666666667
2012,4,2012-04,NECON S.A.,3.983
2012,4,2012-04,OILSTONE ENERGIA S.A.,175.873333333333
2012,4,2012-04,PAN AMERICAN ENERGY (SUCURSAL ARGENTINA) LLC,16616.7046666667
2012,4,2012-04,PANAPETROLEO S.A.,0
2012,4,2012-04,PETROBRAS ARGENTINA S.A.,6020.57076666667
2012,4,2012-04,PETROFARO S.A.,2.60266666666667
2012,4,2012-04,PETROLEOS SUDAMERICANOS S.A.,252.139666666667
2012,4,2012-04,PETROLERA CERRO NEGRO S.A.,85.7896666666667
2012,4,2012-04,PETROLERA DEL COMAHUE S.A.,3.023
2012,4,2012-04,PETROLERA EL TREBOL S.A.,323.725166666667
2012,4,2012-04,PETROLERA ENTRE LOMAS S.A.,2351.57666666667
2012,4,2012-04,PETROLERA LF COMPANY S.R.L.,572.897
2012,4,2012-04,PETROLERA PATAGONIA S.R.L.,12.9183333333333
2012,4,2012-04,PETROLERA PIEDRA DEL AGUILA S.A.,0
2012,4,2012-04,PETROLERA SAN JOSE S.R.L.,28.8903333333333
2012,4,2012-04,PETROMINERA CHUBUT S.E.,0
2012,4,2012-04,PETROQUIMICA COMODORO RIVADAVIA S.A.,1067.72466666667
2012,4,2012-04,PLUSPETROL ENERGY S.A.,243.754
2012,4,2012-04,PLUSPETROL S.A.,5686.81266666667
2012,4,2012-04,ROCH S.A.,468.452766666667
2012,4,2012-04,SAN JORGE PETROLEUM S.A.,97.9132666666667
2012,4,2012-04,"SINOPEC ARGENTINA EXPLORATION AND PRODUCTION, INC.",5960.33076666667
2012,4,2012-04,TECPETROL S.A.,3479.9251
2012,4,2012-04,TOTAL AUSTRAL S.A.,2001.44846666667
2012,4,2012-04,UNITEC ENERGY S.A.,16.3333333333333
2012,4,2012-04,YPF S.A.,30880.0006666667
2012,5,2012-05,AMERICAS PETROGAS ARGENTINA S.A.,215.067741935484
2012,5,2012-05,APACHE ENERGIA ARGENTINA S.R.L.,868.170967741935
2012,5,2012-05,APACHE PETROLERA ARGENTINA S.A.,111.432258064516
2012,5,2012-05,ARGENTA ENERGIA S.A.,0
2012,5,2012-05,CAPEX S.A.,128.386129032258
2012,5,2012-05,CENTRAL INTERNATIONAL CORPORATION (SUCURSAL ARGENTINA),251.91935483871
2012,5,2012-05,CHAÑARES ENERGIA S.A.,517.375129032258
2012,5,2012-05,CHEVRON ARGENTINA S.R.L.,4870.23225806452
2012,5,2012-05,COLHUE HUAPI S.A.,98.9677419354839
2012,5,2012-05,COMPAÑÍA GENERAL DE COMBUSTIBLES S.A.,4.73483870967742
2012,5,2012-05,COMPAÑÍAS ASOCIADAS PETROLERAS S.A.,1687.06548387097
2012,5,2012-05,COPESA CIA CONSTRUCTORA PETROLERA SA,1.99967741935484
2012,5,2012-05,"CRI HOLDING, INC.",9.00838709677419
2012,5,2012-05,CROWN POINT OIL & GAS S.A.,0
2012,5,2012-05,DAPETROL S.A.,59.4516129032258
2012,5,2012-05,ENAP SIPETROL ARGENTINA S.A.,1607.07677419355
2012,5,2012-05,ENERGIAL S.A.,51.7664516129032
2012,5,2012-05,EPSUR S.A.,35.8842903225806
2012,5,2012-05,EXXONMOBIL EXPLORATION ARGENTINA S.R.L.,0
2012,5,2012-05,EZ HOLDINGS S.A.,0
2012,5,2012-05,GAS Y PETROLEO DEL NEUQUEN S.A.,2.84290322580645
2012,5,2012-05,GEOPARK ARGENTINA LTD. (SUCURSAL ARGENTINA),7.98354838709677
2012,5,2012-05,GOLDEN OIL CORPORATION Suc. Arg.,10.1154838709677
2012,5,2012-05,GRECOIL y CIA. S.R.L.,23.713064516129
2012,5,2012-05,HIGH LUCK GROUP LTD. - SUCURSAL ARGENTINA,1.29451612903226
2012,5,2012-05,INGENIERIA ALPA S.A.,69.3803225806452
2012,5,2012-05,INGENIERIA SIMA S.A.,4.9741935483871
2012,5,2012-05,INTERENERGY ARGENTINA S.A.,4.03225806451613
2012,5,2012-05,JHP INTERNATIONAL PETROLEUM ENGINEERING LTD,46.7291935483871
2012,5,2012-05,MADALENA AUSTRAL S.A.,0
2012,5,2012-05,MADALENA ENERGY ARGENTINA SRL ,373.438064516129
2012,5,2012-05,MADALENA PETROLEUM (AMERICAS) LTD. (SUCURSAL ARGENTINA),229.619548387097
2012,5,2012-05,MEDANITO S.A.,312.645161290323
2012,5,2012-05,MISAHAR ARGENTINA S.A.,0.882387096774193
2012,5,2012-05,NECON S.A.,3.91451612903226
2012,5,2012-05,OIL M&S S.A.,0
2012,5,2012-05,OILSTONE ENERGIA S.A.,179.561290322581
2012,5,2012-05,PAN AMERICAN ENERGY (SUCURSAL ARGENTINA) LLC,16966.584516129
2012,5,2012-05,PANAPETROLEO S.A.,0.967741935483871
2012,5,2012-05,PETROBRAS ARGENTINA S.A.,6028.89090322581
2012,5,2012-05,PETROFARO S.A.,2.40354838709677
2012,5,2012-05,PETROLEOS SUDAMERICANOS S.A.,250.299677419355
2012,5,2012-05,PETROLERA CERRO NEGRO S.A.,79.708064516129
2012,5,2012-05,PETROLERA DEL COMAHUE S.A.,2.94806451612903
2012,5,2012-05,PETROLERA EL TREBOL S.A.,314.872967741935
2012,5,2012-05,PETROLERA ENTRE LOMAS S.A.,2409.78064516129
2012,5,2012-05,PETROLERA LF COMPANY S.R.L.,559.155161290323
2012,5,2012-05,PETROLERA PATAGONIA S.R.L.,12.9077419354839
2012,5,2012-05,PETROLERA PIEDRA DEL AGUILA S.A.,0
2012,5,2012-05,PETROLERA SAN JOSE S.R.L.,64.1296774193548
2012,5,2012-05,PETROMINERA CHUBUT S.E.,0
2012,5,2012-05,PETROQUIMICA COMODORO RIVADAVIA S.A.,978.158064516129
2012,5,2012-05,PLUSPETROL ENERGY S.A.,223.99
2012,5,2012-05,PLUSPETROL S.A.,5855.49903225806
2012,5,2012-05,ROCH S.A.,513.87364516129
2012,5,2012-05,SAN JORGE PETROLEUM S.A.,98.1188709677419
2012,5,2012-05,"SINOPEC ARGENTINA EXPLORATION AND PRODUCTION, INC.",5845.64294348129
2012,5,2012-05,TECPETROL S.A.,3435.17890322581
2012,5,2012-05,TOTAL AUSTRAL S.A.,1999.00777419355
2012,5,2012-05,UNITEC ENERGY S.A.,16.8487096774194
2012,5,2012-05,YPF S.A.,31099.6029032258
2012,6,2012-06,AMERICAS PETROGAS ARGENTINA S.A.,223.213333333333
2012,6,2012-06,APACHE ENERGIA ARGENTINA S.R.L.,900.123333333333
2012,6,2012-06,APACHE PETROLERA ARGENTINA S.A.,111.417666666667
2012,6,2012-06,ARGENTA ENERGIA S.A.,0
2012,6,2012-06,CAPEX S.A.,133.253666666667
2012,6,2012-06,CENTRAL INTERNATIONAL CORPORATION (SUCURSAL ARGENTINA),248.713333333333
2012,6,2012-06,CHAÑARES ENERGIA S.A.,529.443966666667
2012,6,2012-06,CHEVRON ARGENTINA S.R.L.,4812.65333333333
2012,6,2012-06,COLHUE HUAPI S.A.,67.6333333333333
2012,6,2012-06,COMPAÑÍA GENERAL DE COMBUSTIBLES S.A.,15.0493333333333
2012,6,2012-06,COMPAÑÍAS ASOCIADAS PETROLERAS S.A.,1679.49466666667
2012,6,2012-06,COPESA CIA CONSTRUCTORA PETROLERA SA,1.08333333333333
2012,6,2012-06,"CRI HOLDING, INC.",9.6
2012,6,2012-06,CROWN POINT OIL & GAS S.A.,0
2012,6,2012-06,DAPETROL S.A.,56.2
2012,6,2012-06,ENAP SIPETROL ARGENTINA S.A.,1543.83533333333
2012,6,2012-06,ENERGIAL S.A.,45.6363333333333
2012,6,2012-06,EPSUR S.A.,36.6720333333333
2012,6,2012-06,EXXONMOBIL EXPLORATION ARGENTINA S.R.L.,0
2012,6,2012-06,EZ HOLDINGS S.A.,0
2012,6,2012-06,GAS Y PETROLEO DEL NEUQUEN S.A.,1.35666666666667
2012,6,2012-06,GEOPARK ARGENTINA LTD. (SUCURSAL ARGENTINA),7.754
2012,6,2012-06,GOLDEN OIL CORPORATION Suc. Arg.,2.134
2012,6,2012-06,GRECOIL y CIA. S.R.L.,31.7313333333333
2012,6,2012-06,HIGH LUCK GROUP LTD. - SUCURSAL ARGENTINA,1.05666666666667
2012,6,2012-06,INGENIERIA ALPA S.A.,86.2996666666667
2012,6,2012-06,INGENIERIA SIMA S.A.,3.22733333333333
2012,6,2012-06,INTERENERGY ARGENTINA S.A.,4.23333333333333
2012,6,2012-06,JHP INTERNATIONAL PETROLEUM ENGINEERING LTD,45.6103333333333
2012,6,2012-06,MADALENA AUSTRAL S.A.,0
2012,6,2012-06,MADALENA ENERGY ARGENTINA SRL ,354.524933333333
2012,6,2012-06,MADALENA PETROLEUM (AMERICAS) LTD. (SUCURSAL ARGENTINA),242.554827933333
2012,6,2012-06,MEDANITO S.A.,307.964666666667
2012,6,2012-06,MISAHAR ARGENTINA S.A.,0.566666666666667
2012,6,2012-06,NECON S.A.,5.87033333333333
2012,6,2012-06,OIL M&S S.A.,0
2012,6,2012-06,OILSTONE ENERGIA S.A.,198.436333333333
2012,6,2012-06,PAN AMERICAN ENERGY (SUCURSAL ARGENTINA) LLC,12993.937
2012,6,2012-06,PANAPETROLEO S.A.,0
2012,6,2012-06,PETROBRAS ARGENTINA S.A.,6007.24983333333
2012,6,2012-06,PETROFARO S.A.,1.56066666666667
2012,6,2012-06,PETROLEOS SUDAMERICANOS S.A.,270.47
2012,6,2012-06,PETROLERA CERRO NEGRO S.A.,41.2612666666667
2012,6,2012-06,PETROLERA DEL COMAHUE S.A.,2.95466666666667
2012,6,2012-06,PETROLERA EL TREBOL S.A.,305.206533333333
2012,6,2012-06,PETROLERA ENTRE LOMAS S.A.,2370.38
2012,6,2012-06,PETROLERA LF COMPANY S.R.L.,542.406666666667
2012,6,2012-06,PETROLERA PATAGONIA S.R.L.,13.6
2012,6,2012-06,PETROLERA PIEDRA DEL AGUILA S.A.,0
2012,6,2012-06,PETROLERA SAN JOSE S.R.L.,73.206
2012,6,2012-06,PETROMINERA CHUBUT S.E.,0
2012,6,2012-06,PETROQUIMICA COMODORO RIVADAVIA S.A.,963.503
2012,6,2012-06,PLUSPETROL ENERGY S.A.,220.630333333333
2012,6,2012-06,PLUSPETROL S.A.,6259.01933333333
2012,6,2012-06,QUINTANA E&P ARGENTINA S.R.L.,2.823
2012,6,2012-06,ROCH S.A.,533.191066666667
2012,6,2012-06,SAN JORGE PETROLEUM S.A.,98.0601
2012,6,2012-06,"SINOPEC ARGENTINA EXPLORATION AND PRODUCTION, INC.",6008.533
2012,6,2012-06,TECPETROL S.A.,3275.6012
2012,6,2012-06,TOTAL AUSTRAL S.A.,1988.83076666667
2012,6,2012-06,UNITEC ENERGY S.A.,9.196
2012,6,2012-06,YPF S.A.,30804.4346666667
2012,7,2012-07,AMERICAS PETROGAS ARGENTINA S.A.,296.012903225806
2012,7,2012-07,APACHE ENERGIA ARGENTINA S.R.L.,939.251612903226
2012,7,2012-07,APACHE PETROLERA ARGENTINA S.A.,102.345161290323
2012,7,2012-07,ARGENTA ENERGIA S.A.,0
2012,7,2012-07,CAPEX S.A.,136.033225806452
2012,7,2012-07,CENTRAL INTERNATIONAL CORPORATION (SUCURSAL ARGENTINA),234.877419354839
2012,7,2012-07,CHAÑARES ENERGIA S.A.,513.714
2012,7,2012-07,CHEVRON ARGENTINA S.R.L.,4771.79032258064
2012,7,2012-07,COLHUE HUAPI S.A.,18.3548387096774
2012,7,2012-07,COMPAÑÍA GENERAL DE COMBUSTIBLES S.A.,13.158064516129
2012,7,2012-07,COMPAÑÍAS ASOCIADAS PETROLERAS S.A.,1706.19032258065
2012,7,2012-07,COPESA CIA CONSTRUCTORA PETROLERA SA,0.871483870967742
2012,7,2012-07,"CRI HOLDING, INC.",11.8387096774194
2012,7,2012-07,CROWN POINT OIL & GAS S.A.,0
2012,7,2012-07,DAPETROL S.A.,54.3870967741936
2012,7,2012-07,ENAP SIPETROL ARGENTINA S.A.,1632.17193548387
2012,7,2012-07,ENERGIAL S.A.,40.3690322580645
2012,7,2012-07,EPSUR S.A.,37.2276451612903
2012,7,2012-07,EXXONMOBIL EXPLORATION ARGENTINA S.R.L.,0
2012,7,2012-07,EZ HOLDINGS S.A.,0
2012,7,2012-07,GAS Y PETROLEO DEL NEUQUEN S.A.,1.87322580645161
2012,7,2012-07,GEOPARK ARGENTINA LTD. (SUCURSAL ARGENTINA),7.63225806451613
2012,7,2012-07,GOLDEN OIL CORPORATION Suc. Arg.,8.48935483870968
2012,7,2012-07,GRECOIL y CIA. S.R.L.,30.9816129032258
2012,7,2012-07,HIGH LUCK GROUP LTD. - SUCURSAL ARGENTINA,1.47290322580645
2012,7,2012-07,INGENIERIA ALPA S.A.,102.448064516129
2012,7,2012-07,INGENIERIA SIMA S.A.,2.45387096774194
2012,7,2012-07,INTERENERGY ARGENTINA S.A.,4.38709677419355
2012,7,2012-07,JHP INTERNATIONAL PETROLEUM ENGINEERING LTD,48.196
2012,7,2012-07,MADALENA AUSTRAL S.A.,0
2012,7,2012-07,MADALENA ENERGY ARGENTINA SRL ,341.319032258065
2012,7,2012-07,MADALENA PETROLEUM (AMERICAS) LTD. (SUCURSAL ARGENTINA),223.025474064516
2012,7,2012-07,MEDANITO S.A.,410.506451612903
2012,7,2012-07,MISAHAR ARGENTINA S.A.,0.564193548387097
2012,7,2012-07,NECON S.A.,6.11838709677419
2012,7,2012-07,OIL M&S S.A.,0
2012,7,2012-07,OILSTONE ENERGIA S.A.,196.393548387097
2012,7,2012-07,PAN AMERICAN ENERGY (SUCURSAL ARGENTINA) LLC,13986.9180645161
2012,7,2012-07,PANAPETROLEO S.A.,0
2012,7,2012-07,PETRO AP S.A.,0
2012,7,2012-07,PETROBRAS ARGENTINA S.A.,5898.88170967742
2012,7,2012-07,PETROFARO S.A.,1.78870967741935
2012,7,2012-07,PETROLEOS SUDAMERICANOS S.A.,270.099677419355
2012,7,2012-07,PETROLERA CERRO NEGRO S.A.,45.6676451612903
2012,7,2012-07,PETROLERA DEL COMAHUE S.A.,3.11161290322581
2012,7,2012-07,PETROLERA EL TREBOL S.A.,283.582870967742
2012,7,2012-07,PETROLERA ENTRE LOMAS S.A.,2324.7
2012,7,2012-07,PETROLERA LF COMPANY S.R.L.,542.641935483871
2012,7,2012-07,PETROLERA PATAGONIA S.R.L.,12.0935483870968
2012,7,2012-07,PETROLERA PIEDRA DEL AGUILA S.A.,0
2012,7,2012-07,PETROLERA SAN JOSE S.R.L.,58.8896774193548
2012,7,2012-07,PETROMINERA CHUBUT S.E.,0
2012,7,2012-07,PETROQUIMICA COMODORO RIVADAVIA S.A.,1025.19451612903
2012,7,2012-07,PLUSPETROL ENERGY S.A.,227.443870967742
2012,7,2012-07,PLUSPETROL S.A.,6168.42258064516
2012,7,2012-07,QUINTANA E&P ARGENTINA S.R.L.,2.04903225806452
2012,7,2012-07,ROCH S.A.,597.644032258064
2012,7,2012-07,SAN JORGE PETROLEUM S.A.,96.5141290322581
2012,7,2012-07,"SINOPEC ARGENTINA EXPLORATION AND PRODUCTION, INC.",5784.10874193548
2012,7,2012-07,TECPETROL S.A.,3362.26235483871
2012,7,2012-07,TOTAL AUSTRAL S.A.,2011.11638709677
2012,7,2012-07,UNITEC ENERGY S.A.,6.58387096774194
2012,7,2012-07,YPF S.A.,30667.6970967742
2012,8,2012-08,AMERICAS PETROGAS ARGENTINA S.A.,341.509677419355
2012,8,2012-08,APACHE ENERGIA ARGENTINA S.R.L.,963.606451612903
2012,8,2012-08,APACHE PETROLERA ARGENTINA S.A.,105.229032258065
2012,8,2012-08,ARGENTA ENERGIA S.A.,0
2012,8,2012-08,CAPEX S.A.,133.659677419355
2012,8,2012-08,CENTRAL INTERNATIONAL CORPORATION (SUCURSAL ARGENTINA),230.766774193548
2012,8,2012-08,CHAÑARES ENERGIA S.A.,537.096258064516
2012,8,2012-08,CHEVRON ARGENTINA S.R.L.,4755.2064516129
2012,8,2012-08,COLHUE HUAPI S.A.,59.2258064516129
2012,8,2012-08,COMPAÑÍA GENERAL DE COMBUSTIBLES S.A.,11.7525806451613
2012,8,2012-08,COMPAÑÍAS ASOCIADAS PETROLERAS S.A.,1793.09709677419
2012,8,2012-08,COPESA CIA CONSTRUCTORA PETROLERA SA,1.35483870967742
2012,8,2012-08,"CRI HOLDING, INC.",13.5438709677419
2012,8,2012-08,CROWN POINT OIL & GAS S.A.,0
2012,8,2012-08,DAPETROL S.A.,54.0322580645161
2012,8,2012-08,ENAP SIPETROL ARGENTINA S.A.,1629.02483870968
2012,8,2012-08,ENERGIAL S.A.,32.428064516129
2012,8,2012-08,EPSUR S.A.,34.1652580645161
2012,8,2012-08,EXXONMOBIL EXPLORATION ARGENTINA S.R.L.,0
2012,8,2012-08,EZ HOLDINGS S.A.,0
2012,8,2012-08,GAS Y PETROLEO DEL NEUQUEN S.A.,1.74290322580645
2012,8,2012-08,GEOPARK ARGENTINA LTD. (SUCURSAL ARGENTINA),7.85225806451613
2012,8,2012-08,GOLDEN OIL CORPORATION Suc. Arg.,4.32870967741936
2012,8,2012-08,GRECOIL y CIA. S.R.L.,34.1577419354839
2012,8,2012-08,HIGH LUCK GROUP LTD. - SUCURSAL ARGENTINA,0.558064516129032
2012,8,2012-08,INGENIERIA ALPA S.A.,108.99935483871
2012,8,2012-08,INGENIERIA SIMA S.A.,3.75290322580645
2012,8,2012-08,INTERENERGY ARGENTINA S.A.,4.41935483870968
2012,8,2012-08,JHP INTERNATIONAL PETROLEUM ENGINEERING LTD,49.044064516129
2012,8,2012-08,MADALENA AUSTRAL S.A.,0
2012,8,2012-08,MADALENA ENERGY ARGENTINA SRL ,330.612258064516
2012,8,2012-08,MADALENA PETROLEUM (AMERICAS) LTD. (SUCURSAL ARGENTINA),240.77238116129
2012,8,2012-08,MEDANITO S.A.,484.025806451613
2012,8,2012-08,MISAHAR ARGENTINA S.A.,0.898709677419355
2012,8,2012-08,NECON S.A.,6.24548387096774
2012,8,2012-08,OIL M&S S.A.,0
2012,8,2012-08,OILSTONE ENERGIA S.A.,193.458064516129
2012,8,2012-08,PAN AMERICAN ENERGY (SUCURSAL ARGENTINA) LLC,16242.8325806452
2012,8,2012-08,PANAPETROLEO S.A.,0.870967741935484
2012,8,2012-08,PETRO AP S.A.,0
2012,8,2012-08,PETROBRAS ARGENTINA S.A.,5844.96506451613
2012,8,2012-08,PETROFARO S.A.,2.06645161290323
2012,8,2012-08,PETROLEOS SUDAMERICANOS S.A.,270.200322580645
2012,8,2012-08,PETROLERA CERRO NEGRO S.A.,82.4026774193548
2012,8,2012-08,PETROLERA DEL COMAHUE S.A.,2.83129032258064
2012,8,2012-08,PETROLERA EL TREBOL S.A.,296.048
2012,8,2012-08,PETROLERA ENTRE LOMAS S.A.,2288.4935483871
2012,8,2012-08,PETROLERA LF COMPANY S.R.L.,567.574516129032
2012,8,2012-08,PETROLERA PATAGONIA S.R.L.,13.0967741935484
2012,8,2012-08,PETROLERA PIEDRA DEL AGUILA S.A.,0
2012,8,2012-08,PETROLERA SAN JOSE S.R.L.,73.7338709677419
2012,8,2012-08,PETROMINERA CHUBUT S.E.,0
2012,8,2012-08,PETROQUIMICA COMODORO RIVADAVIA S.A.,1028.88967741935
2012,8,2012-08,PLUSPETROL ENERGY S.A.,233.321290322581
2012,8,2012-08,PLUSPETROL S.A.,6253.49967741935
2012,8,2012-08,QUINTANA E&P ARGENTINA S.R.L.,2.07
2012,8,2012-08,ROCH S.A.,606.186838709677
2012,8,2012-08,SAN JORGE PETROLEUM S.A.,91.5838387096774
2012,8,2012-08,"SINOPEC ARGENTINA EXPLORATION AND PRODUCTION, INC.",5978.12758064516
2012,8,2012-08,TECPETROL S.A.,3417.2725483871
2012,8,2012-08,TOTAL AUSTRAL S.A.,1997.83229032258
2012,8,2012-08,UNITEC ENERGY S.A.,14.15
2012,8,2012-08,YPF S.A.,31229.3367741935
2012,9,2012-09,AMERICAS PETROGAS ARGENTINA S.A.,510.223333333333
2012,9,2012-09,APACHE ENERGIA ARGENTINA S.R.L.,971.886666666667
2012,9,2012-09,APACHE PETROLERA ARGENTINA S.A.,100.74
2012,9,2012-09,ARGENTA ENERGIA S.A.,0
2012,9,2012-09,CAPEX S.A.,131.579
2012,9,2012-09,CENTRAL INTERNATIONAL CORPORATION (SUCURSAL ARGENTINA),250.252666666667
2012,9,2012-09,CHAÑARES ENERGIA S.A.,520.206266666667
2012,9,2012-09,CHEVRON ARGENTINA S.R.L.,4636.90333333333
2012,9,2012-09,COLHUE HUAPI S.A.,88.5333333333333
2012,9,2012-09,COMPAÑÍA GENERAL DE COMBUSTIBLES S.A.,11.889
2012,9,2012-09,COMPAÑÍAS ASOCIADAS PETROLERAS S.A.,1822.099
2012,9,2012-09,COPESA CIA CONSTRUCTORA PETROLERA SA,1.89926666666667
2012,9,2012-09,"CRI HOLDING, INC.",18.3746666666667
2012,9,2012-09,CROWN POINT OIL & GAS S.A.,0
2012,9,2012-09,DAPETROL S.A.,53
2012,9,2012-09,ENAP SIPETROL ARGENTINA S.A.,1656.984
2012,9,2012-09,ENERGIAL S.A.,27.747
2012,9,2012-09,EPSUR S.A.,37.2461666666667
2012,9,2012-09,EXXONMOBIL EXPLORATION ARGENTINA S.R.L.,0
2012,9,2012-09,EZ HOLDINGS S.A.,0
2012,9,2012-09,GAS Y PETROLEO DEL NEUQUEN S.A.,1.24866666666667
2012,9,2012-09,GEOPARK ARGENTINA LTD. (SUCURSAL ARGENTINA),7.68733333333333
2012,9,2012-09,GOLDEN OIL CORPORATION Suc. Arg.,10.8813333333333
2012,9,2012-09,GRECOIL y CIA. S.R.L.,32.058
2012,9,2012-09,HIGH LUCK GROUP LTD. - SUCURSAL ARGENTINA,0.401333333333333
2012,9,2012-09,INGENIERIA ALPA S.A.,107.607666666667
2012,9,2012-09,INGENIERIA SIMA S.A.,4.419
2012,9,2012-09,INTERENERGY ARGENTINA S.A.,4.36666666666667
2012,9,2012-09,JHP INTERNATIONAL PETROLEUM ENGINEERING LTD,46.7872
2012,9,2012-09,MADALENA AUSTRAL S.A.,0
2012,9,2012-09,MADALENA ENERGY ARGENTINA SRL ,316.355
2012,9,2012-09,MADALENA PETROLEUM (AMERICAS) LTD. (SUCURSAL ARGENTINA),275.122309066667
2012,9,2012-09,MEDANITO S.A.,469.322666666667
2012,9,2012-09,MISAHAR ARGENTINA S.A.,0.7334
2012,9,2012-09,NECON S.A.,6.71966666666667
2012,9,2012-09,OIL M&S S.A.,0
2012,9,2012-09,OILSTONE ENERGIA S.A.,189.086666666667
2012,9,2012-09,PAN AMERICAN ENERGY (SUCURSAL ARGENTINA) LLC,16194.0553333333
2012,9,2012-09,PANAPETROLEO S.A.,0
2012,9,2012-09,PETRO AP S.A.,0
2012,9,2012-09,PETROBRAS ARGENTINA S.A.,5923.7622
2012,9,2012-09,PETROFARO S.A.,1.247
2012,9,2012-09,PETROLEOS SUDAMERICANOS S.A.,260.2
2012,9,2012-09,PETROLERA CERRO NEGRO S.A.,94.5621
2012,9,2012-09,PETROLERA DEL COMAHUE S.A.,2.86333333333333
2012,9,2012-09,PETROLERA EL TREBOL S.A.,304.865133333333
2012,9,2012-09,PETROLERA ENTRE LOMAS S.A.,2246.61
2012,9,2012-09,PETROLERA LF COMPANY S.R.L.,556.133333333333
2012,9,2012-09,PETROLERA PATAGONIA S.R.L.,18.6383333333333
2012,9,2012-09,PETROLERA PIEDRA DEL AGUILA S.A.,0
2012,9,2012-09,PETROLERA SAN JOSE S.R.L.,73.427
2012,9,2012-09,PETROMINERA CHUBUT S.E.,0
2012,9,2012-09,PETROQUIMICA COMODORO RIVADAVIA S.A.,1080.38566666667
2012,9,2012-09,PLUSPETROL ENERGY S.A.,222.676666666667
2012,9,2012-09,PLUSPETROL S.A.,6157.11933333333
2012,9,2012-09,QUINTANA E&P ARGENTINA S.R.L.,2.823
2012,9,2012-09,ROCH S.A.,557.972533333333
2012,9,2012-09,SAN JORGE PETROLEUM S.A.,149.695933333333
2012,9,2012-09,"SINOPEC ARGENTINA EXPLORATION AND PRODUCTION, INC.",6062.04596666667
2012,9,2012-09,TECPETROL S.A.,3463.18956666667
2012,9,2012-09,TOTAL AUSTRAL S.A.,1984.89123333333
2012,9,2012-09,UNITEC ENERGY S.A.,15.5583333333333
2012,9,2012-09,YPF S.A.,30989.762
2012,10,2012-10,AMERICAS PETROGAS ARGENTINA S.A.,523.567741935484
2012,10,2012-10,APACHE ENERGIA ARGENTINA S.R.L.,979.967741935484
2012,10,2012-10,APACHE PETROLERA ARGENTINA S.A.,100.841935483871
2012,10,2012-10,ARGENTA ENERGIA S.A.,0
2012,10,2012-10,CAPEX S.A.,132.079677419355
2012,10,2012-10,CENTRAL INTERNATIONAL CORPORATION (SUCURSAL ARGENTINA),244.819483870968
2012,10,2012-10,CHAÑARES ENERGIA S.A.,500.756612903226
2012,10,2012-10,CHEVRON ARGENTINA S.R.L.,4450.15161290323
2012,10,2012-10,COLHUE HUAPI S.A.,82.5161290322581
2012,10,2012-10,COMPAÑÍA GENERAL DE COMBUSTIBLES S.A.,16.0896774193548
2012,10,2012-10,COMPAÑÍAS ASOCIADAS PETROLERAS S.A.,1729.3235483871
2012,10,2012-10,COPESA CIA CONSTRUCTORA PETROLERA SA,0.767741935483871
2012,10,2012-10,"CRI HOLDING, INC.",17.3225806451613
2012,10,2012-10,CROWN POINT OIL & GAS S.A.,0
2012,10,2012-10,DAPETROL S.A.,49
2012,10,2012-10,ENAP SIPETROL ARGENTINA S.A.,1610.12064516129
2012,10,2012-10,ENERGIAL S.A.,27.9848387096774
2012,10,2012-10,EPSUR S.A.,34.0026129032258
2012,10,2012-10,EXXONMOBIL EXPLORATION ARGENTINA S.R.L.,0
2012,10,2012-10,EZ HOLDINGS S.A.,0
2012,10,2012-10,GAS Y PETROLEO DEL NEUQUEN S.A.,1.50387096774194
2012,10,2012-10,GEOPARK ARGENTINA LTD. (SUCURSAL ARGENTINA),7.8741935483871
2012,10,2012-10,GOLDEN OIL CORPORATION Suc. Arg.,8.61838709677419
2012,10,2012-10,GRECOIL y CIA. S.R.L.,30.33
2012,10,2012-10,HIGH LUCK GROUP LTD. - SUCURSAL ARGENTINA,0.15
2012,10,2012-10,INGENIERIA ALPA S.A.,94.4516129032258
2012,10,2012-10,INGENIERIA SIMA S.A.,6.12967741935484
2012,10,2012-10,INTERENERGY ARGENTINA S.A.,4.32258064516129
2012,10,2012-10,JHP INTERNATIONAL PETROLEUM ENGINEERING LTD,44.8564516129032
2012,10,2012-10,MADALENA AUSTRAL S.A.,0
2012,10,2012-10,MADALENA ENERGY ARGENTINA SRL ,306.947741935484
2012,10,2012-10,MADALENA PETROLEUM (AMERICAS) LTD. (SUCURSAL ARGENTINA),241.017903258065
2012,10,2012-10,MEDANITO S.A.,433.299677419355
2012,10,2012-10,MISAHAR ARGENTINA S.A.,0.711806451612903
2012,10,2012-10,NECON S.A.,8.71741935483871
2012,10,2012-10,OIL M&S S.A.,0
2012,10,2012-10,OILSTONE ENERGIA S.A.,194.545161290323
2012,10,2012-10,PAN AMERICAN ENERGY (SUCURSAL ARGENTINA) LLC,15785.4958064516
2012,10,2012-10,PANAPETROLEO S.A.,0.419354838709677
2012,10,2012-10,PETRO AP S.A.,0
2012,10,2012-10,PETROBRAS ARGENTINA S.A.,5834.9034516129
2012,10,2012-10,PETROFARO S.A.,2.97032258064516
2012,10,2012-10,PETROLEOS SUDAMERICANOS S.A.,261.799677419355
2012,10,2012-10,PETROLERA CERRO NEGRO S.A.,63.7686774193548
2012,10,2012-10,PETROLERA DEL COMAHUE S.A.,2.70806451612903
2012,10,2012-10,PETROLERA EL TREBOL S.A.,303.231064516129
2012,10,2012-10,PETROLERA ENTRE LOMAS S.A.,2240.88387096774
2012,10,2012-10,PETROLERA LF COMPANY S.R.L.,554.683870967742
2012,10,2012-10,PETROLERA PATAGONIA S.R.L.,20.9374193548387
2012,10,2012-10,PETROLERA PIEDRA DEL AGUILA S.A.,0
2012,10,2012-10,PETROLERA SAN JOSE S.R.L.,65.7874193548387
2012,10,2012-10,PETROMINERA CHUBUT S.E.,0
2012,10,2012-10,PETROQUIMICA COMODORO RIVADAVIA S.A.,1056.73483870968
2012,10,2012-10,PLUSPETROL ENERGY S.A.,211.412903225806
2012,10,2012-10,PLUSPETROL S.A.,6102.10161290323
2012,10,2012-10,QUINTANA E&P ARGENTINA S.R.L.,2.04838709677419
2012,10,2012-10,ROCH S.A.,553.231516129032
2012,10,2012-10,SAN JORGE PETROLEUM S.A.,137.842677419355
2012,10,2012-10,"SINOPEC ARGENTINA EXPLORATION AND PRODUCTION, INC.",6188.97338709677
2012,10,2012-10,TECPETROL S.A.,3698.11358064516
2012,10,2012-10,TOTAL AUSTRAL S.A.,1933.65287096774
2012,10,2012-10,UNITEC ENERGY S.A.,12.7854838709677
2012,10,2012-10,YPF S.A.,30849.4919354839
2012,11,2012-11,AMERICAS PETROGAS ARGENTINA S.A.,432.236666666667
2012,11,2012-11,APACHE ENERGIA ARGENTINA S.R.L.,941.46
2012,11,2012-11,APACHE PETROLERA ARGENTINA S.A.,90.93
2012,11,2012-11,ARGENTA ENERGIA S.A.,0
2012,11,2012-11,CAPEX S.A.,125.615666666667
2012,11,2012-11,CENTRAL INTERNATIONAL CORPORATION (SUCURSAL ARGENTINA),220.7533
2012,11,2012-11,CHAÑARES ENERGIA S.A.,522.5424
2012,11,2012-11,CHEVRON ARGENTINA S.R.L.,3846.6
2012,11,2012-11,COLHUE HUAPI S.A.,84.2666666666667
2012,11,2012-11,COMPAÑÍA GENERAL DE COMBUSTIBLES S.A.,12.6323333333333
2012,11,2012-11,COMPAÑÍAS ASOCIADAS PETROLERAS S.A.,1611.534
2012,11,2012-11,COPESA CIA CONSTRUCTORA PETROLERA SA,1.11733333333333
2012,11,2012-11,"CRI HOLDING, INC.",18.3466666666667
2012,11,2012-11,CROWN POINT OIL & GAS S.A.,0
2012,11,2012-11,DAPETROL S.A.,52.8
2012,11,2012-11,ENAP SIPETROL ARGENTINA S.A.,1546.17266666667
2012,11,2012-11,ENERGIAL S.A.,26.3636666666667
2012,11,2012-11,EPSUR S.A.,34.1285333333333
2012,11,2012-11,EXXONMOBIL EXPLORATION ARGENTINA S.R.L.,0
2012,11,2012-11,EZ HOLDINGS S.A.,0
2012,11,2012-11,GAS Y PETROLEO DEL NEUQUEN S.A.,1.98366666666667
2012,11,2012-11,GEOPARK ARGENTINA LTD. (SUCURSAL ARGENTINA),6.59266666666667
2012,11,2012-11,GOLDEN OIL CORPORATION Suc. Arg.,9.69833333333333
2012,11,2012-11,GRECOIL y CIA. S.R.L.,30.653
2012,11,2012-11,HIGH LUCK GROUP LTD. - SUCURSAL ARGENTINA,0
2012,11,2012-11,INGENIERIA ALPA S.A.,89.402
2012,11,2012-11,INGENIERIA SIMA S.A.,5.81066666666667
2012,11,2012-11,INTERENERGY ARGENTINA S.A.,4.4
2012,11,2012-11,JHP INTERNATIONAL PETROLEUM ENGINEERING LTD,44.1011666666667
2012,11,2012-11,MADALENA AUSTRAL S.A.,0
2012,11,2012-11,MADALENA ENERGY ARGENTINA SRL ,283.834333333333
2012,11,2012-11,MADALENA PETROLEUM (AMERICAS) LTD. (SUCURSAL ARGENTINA),221.586322066667
2012,11,2012-11,MEDANITO S.A.,377.280666666667
2012,11,2012-11,MISAHAR ARGENTINA S.A.,1.02333333333333
2012,11,2012-11,NECON S.A.,8.04533333333333
2012,11,2012-11,OIL M&S S.A.,0
2012,11,2012-11,OILSTONE ENERGIA S.A.,196.083333333333
2012,11,2012-11,PAN AMERICAN ENERGY (SUCURSAL ARGENTINA) LLC,15602.4743333333
2012,11,2012-11,PANAPETROLEO S.A.,0
2012,11,2012-11,PETRO AP S.A.,0
2012,11,2012-11,PETROBRAS ARGENTINA S.A.,5497.1043
2012,11,2012-11,PETROFARO S.A.,2.03833333333333
2012,11,2012-11,PETROLEOS SUDAMERICANOS S.A.,241.51
2012,11,2012-11,PETROLERA CERRO NEGRO S.A.,104.5445
2012,11,2012-11,PETROLERA DEL COMAHUE S.A.,2.705
2012,11,2012-11,PETROLERA EL TREBOL S.A.,282.301566666667
2012,11,2012-11,PETROLERA ENTRE LOMAS S.A.,2118.01666666667
2012,11,2012-11,PETROLERA LF COMPANY S.R.L.,558.836666666667
2012,11,2012-11,PETROLERA PATAGONIA S.R.L.,26.483
2012,11,2012-11,PETROLERA PIEDRA DEL AGUILA S.A.,0
2012,11,2012-11,PETROLERA SAN JOSE S.R.L.,60.2333333333333
2012,11,2012-11,PETROMINERA CHUBUT S.E.,0
2012,11,2012-11,PETROQUIMICA COMODORO RIVADAVIA S.A.,1050.716
2012,11,2012-11,PLUSPETROL ENERGY S.A.,208.905666666667
2012,11,2012-11,PLUSPETROL S.A.,5716.76568072267
2012,11,2012-11,PRESIDENT PETROLEUM S.A.,0
2012,11,2012-11,QUINTANA E&P ARGENTINA S.R.L.,2.25833333333333
2012,11,2012-11,ROCH S.A.,520.274633333333
2012,11,2012-11,SAN JORGE PETROLEUM S.A.,134.1886
2012,11,2012-11,"SINOPEC ARGENTINA EXPLORATION AND PRODUCTION, INC.",6075.41136666667
2012,11,2012-11,TECPETROL S.A.,3719.0867
2012,11,2012-11,TOTAL AUSTRAL S.A.,1909.86853333333
2012,11,2012-11,UNITEC ENERGY S.A.,7.96133333333333
2012,11,2012-11,YPF S.A.,29876.836
2012,12,2012-12,AMERICAS PETROGAS ARGENTINA S.A.,455.116129032258
2012,12,2012-12,APACHE ENERGIA ARGENTINA S.R.L.,932.341935483871
2012,12,2012-12,APACHE PETROLERA ARGENTINA S.A.,99.0354838709677
2012,12,2012-12,ARGENTA ENERGIA S.A.,0
2012,12,2012-12,CAPEX S.A.,114.060322580645
2012,12,2012-12,CENTRAL INTERNATIONAL CORPORATION (SUCURSAL ARGENTINA),241.751548387097
2012,12,2012-12,CHAÑARES ENERGIA S.A.,504.240935483871
2012,12,2012-12,CHEVRON ARGENTINA S.R.L.,4319.42903225806
2012,12,2012-12,COLHUE HUAPI S.A.,82.5254516129032
2012,12,2012-12,COMPAÑÍA GENERAL DE COMBUSTIBLES S.A.,16.568064516129
2012,12,2012-12,COMPAÑÍAS ASOCIADAS PETROLERAS S.A.,1762.58129032258
2012,12,2012-12,COPESA CIA CONSTRUCTORA PETROLERA SA,0.548387096774194
2012,12,2012-12,"CRI HOLDING, INC.",19.0354838709677
2012,12,2012-12,CROWN POINT OIL & GAS S.A.,0
2012,12,2012-12,DAPETROL S.A.,53.4516129032258
2012,12,2012-12,ENAP SIPETROL ARGENTINA S.A.,1461.10612903226
2012,12,2012-12,ENERGIAL S.A.,25.2259032258065
2012,12,2012-12,EPSUR S.A.,34.0967741935484
2012,12,2012-12,EXXONMOBIL EXPLORATION ARGENTINA S.R.L.,0
2012,12,2012-12,EZ HOLDINGS S.A.,0
2012,12,2012-12,GAS Y PETROLEO DEL NEUQUEN S.A.,26.4387096774194
2012,12,2012-12,GEOPARK ARGENTINA LTD. (SUCURSAL ARGENTINA),6.78451612903226
2012,12,2012-12,GOLDEN OIL CORPORATION Suc. Arg.,5.17516129032258
2012,12,2012-12,GRECOIL y CIA. S.R.L.,40.1545161290323
2012,12,2012-12,HIGH LUCK GROUP LTD. - SUCURSAL ARGENTINA,0
2012,12,2012-12,INGENIERIA ALPA S.A.,81.1254838709677
2012,12,2012-12,INGENIERIA SIMA S.A.,6.44870967741935
2012,12,2012-12,INTERENERGY ARGENTINA S.A.,4.61290322580645
2012,12,2012-12,JHP INTERNATIONAL PETROLEUM ENGINEERING LTD,44.79
2012,12,2012-12,MADALENA AUSTRAL S.A.,0
2012,12,2012-12,MADALENA ENERGY ARGENTINA SRL ,313.582258064516
2012,12,2012-12,MADALENA PETROLEUM (AMERICAS) LTD. (SUCURSAL ARGENTINA),269.058458096774
2012,12,2012-12,MEDANITO S.A.,378.894516129032
2012,12,2012-12,MISAHAR ARGENTINA S.A.,0.794967741935484
2012,12,2012-12,NECON S.A.,6.1158064516129
2012,12,2012-12,OIL M&S S.A.,0
2012,12,2012-12,OILSTONE ENERGIA S.A.,203.354838709677
2012,12,2012-12,PAN AMERICAN ENERGY (SUCURSAL ARGENTINA) LLC,15313.0327545161
2012,12,2012-12,PANAPETROLEO S.A.,1.67741935483871
2012,12,2012-12,PETRO AP S.A.,0
2012,12,2012-12,PETROBRAS ARGENTINA S.A.,6055.41696774194
2012,12,2012-12,PETROFARO S.A.,3.67774193548387
2012,12,2012-12,PETROLEOS SUDAMERICANOS S.A.,257.83
2012,12,2012-12,PETROLERA CERRO NEGRO S.A.,94.9961290322581
2012,12,2012-12,PETROLERA DEL COMAHUE S.A.,2.55387096774194
2012,12,2012-12,PETROLERA EL TREBOL S.A.,282.282322580645
2012,12,2012-12,PETROLERA ENTRE LOMAS S.A.,2261.86774193548
2012,12,2012-12,PETROLERA LF COMPANY S.R.L.,546.203225806452
2012,12,2012-12,PETROLERA PATAGONIA S.R.L.,25.5145161290323
2012,12,2012-12,PETROLERA PIEDRA DEL AGUILA S.A.,0
2012,12,2012-12,PETROLERA SAN JOSE S.R.L.,56.4193548387097
2012,12,2012-12,PETROMINERA CHUBUT S.E.,0
2012,12,2012-12,PETROQUIMICA COMODORO RIVADAVIA S.A.,1076.47419354839
2012,12,2012-12,PLUSPETROL ENERGY S.A.,204.828387096774
2012,12,2012-12,PLUSPETROL S.A.,6082.99644814968
2012,12,2012-12,PRESIDENT PETROLEUM S.A.,0
2012,12,2012-12,QUINTANA E&P ARGENTINA S.R.L.,2.73225806451613
2012,12,2012-12,ROCH S.A.,530.442677419355
2012,12,2012-12,SAN JORGE PETROLEUM S.A.,118.379806451613
2012,12,2012-12,"SINOPEC ARGENTINA EXPLORATION AND PRODUCTION, INC.",6044.14583870968
2012,12,2012-12,TECPETROL S.A.,3492.77474193548
2012,12,2012-12,TOTAL AUSTRAL S.A.,1872.30003225806
2012,12,2012-12,UNITEC ENERGY S.A.,10.0945161290323
2012,12,2012-12,YPF S.A.,30827.4893548387
2013,1,2013-01,AMERICAS PETROGAS ARGENTINA S.A.,452.154838709677
2013,1,2013-01,APACHE ENERGIA ARGENTINA S.R.L.,870.351935483871
2013,1,2013-01,APACHE PETROLERA ARGENTINA S.A.,88.6
2013,1,2013-01,ARGENTA ENERGIA S.A.,0
2013,1,2013-01,CAPEX S.A.,111.567096774194
2013,1,2013-01,CENTRAL INTERNATIONAL CORPORATION (SUCURSAL ARGENTINA),252.274903225806
2013,1,2013-01,CHAÑARES ENERGIA S.A.,535.693096774194
2013,1,2013-01,CHEVRON ARGENTINA S.R.L.,4096.02580645161
2013,1,2013-01,COLHUE HUAPI S.A.,83.1290322580645
2013,1,2013-01,COMPAÑÍA GENERAL DE COMBUSTIBLES S.A.,10.3858064516129
2013,1,2013-01,COMPAÑÍAS ASOCIADAS PETROLERAS S.A.,1711.80580645161
2013,1,2013-01,COPESA CIA CONSTRUCTORA PETROLERA SA,0
2013,1,2013-01,"CRI HOLDING, INC.",19.1548387096774
2013,1,2013-01,CROWN POINT OIL & GAS S.A.,0
2013,1,2013-01,DAPETROL S.A.,52.6774193548387
2013,1,2013-01,ENAP SIPETROL ARGENTINA S.A.,1531.07580645161
2013,1,2013-01,ENERGIAL S.A.,24.4193548387097
2013,1,2013-01,EPSUR S.A.,30.5337741935484
2013,1,2013-01,EXXONMOBIL EXPLORATION ARGENTINA S.R.L.,0
2013,1,2013-01,EZ HOLDINGS S.A.,0
2013,1,2013-01,GAS Y PETROLEO DEL NEUQUEN S.A.,18.411935483871
2013,1,2013-01,GEOPARK ARGENTINA LTD. (SUCURSAL ARGENTINA),6.34516129032258
2013,1,2013-01,GOLDEN OIL CORPORATION Suc. Arg.,7.81677419354839
2013,1,2013-01,GRECOIL y CIA. S.R.L.,43.7793548387097
2013,1,2013-01,HIGH LUCK GROUP LTD. - SUCURSAL ARGENTINA,0.165806451612903
2013,1,2013-01,INGENIERIA ALPA S.A.,69.0741935483871
2013,1,2013-01,INGENIERIA SIMA S.A.,5.01096774193548
2013,1,2013-01,INTERENERGY ARGENTINA S.A.,5
2013,1,2013-01,JHP INTERNATIONAL PETROLEUM ENGINEERING LTD,44.0686774193548
2013,1,2013-01,MADALENA AUSTRAL S.A.,0
2013,1,2013-01,MADALENA ENERGY ARGENTINA SRL ,301.021935483871
2013,1,2013-01,MADALENA PETROLEUM (AMERICAS) LTD. (SUCURSAL ARGENTINA),227.773839129032
2013,1,2013-01,MEDANITO S.A.,353.870967741935
2013,1,2013-01,MISAHAR ARGENTINA S.A.,0.467096774193548
2013,1,2013-01,NECON S.A.,5.30193548387097
2013,1,2013-01,OIL M&S S.A.,0
2013,1,2013-01,OILSTONE ENERGIA S.A.,206.332258064516
2013,1,2013-01,PAN AMERICAN ENERGY (SUCURSAL ARGENTINA) LLC,15008.7212258065
2013,1,2013-01,PANAPETROLEO S.A.,0.709677419354839
2013,1,2013-01,PETRO AP S.A.,0
2013,1,2013-01,PETROBRAS ARGENTINA S.A.,5820.49009677419
2013,1,2013-01,PETROFARO S.A.,3.49225806451613
2013,1,2013-01,PETROLEOS SUDAMERICANOS S.A.,254.198709677419
2013,1,2013-01,PETROLERA CERRO NEGRO S.A.,75.6235161290323
2013,1,2013-01,PETROLERA DEL COMAHUE S.A.,2.64258064516129
2013,1,2013-01,PETROLERA EL TREBOL S.A.,290.990935483871
2013,1,2013-01,PETROLERA ENTRE LOMAS S.A.,2207.08387096774
2013,1,2013-01,PETROLERA LF COMPANY S.R.L.,538.538709677419
2013,1,2013-01,PETROLERA PATAGONIA S.R.L.,15.5161290322581
2013,1,2013-01,PETROLERA PIEDRA DEL AGUILA S.A.,0
2013,1,2013-01,PETROLERA SAN JOSE S.R.L.,54.1129032258064
2013,1,2013-01,PETROMINERA CHUBUT S.E.,0
2013,1,2013-01,PETROQUIMICA COMODORO RIVADAVIA S.A.,1041.53290322581
2013,1,2013-01,PLUSPETROL ENERGY S.A.,225.234193548387
2013,1,2013-01,PLUSPETROL S.A.,5924.23333629
2013,1,2013-01,PRESIDENT PETROLEUM S.A.,0
2013,1,2013-01,QUINTANA E&P ARGENTINA S.R.L.,2.05806451612903
2013,1,2013-01,ROCH S.A.,528.56864516129
2013,1,2013-01,SAN JORGE PETROLEUM S.A.,103.694258064516
2013,1,2013-01,"SINOPEC ARGENTINA EXPLORATION AND PRODUCTION, INC.",6075.72006451613
2013,1,2013-01,TECPETROL S.A.,3277.11103225806
2013,1,2013-01,TOTAL AUSTRAL S.A.,1727.71061290323
2013,1,2013-01,UNITEC ENERGY S.A.,8.58806451612903
2013,1,2013-01,YPF S.A.,30498.3712903226
2013,2,2013-02,AMERICAS PETROGAS ARGENTINA S.A.,408.785714285714
2013,2,2013-02,APACHE ENERGIA ARGENTINA S.R.L.,917.992857142857
2013,2,2013-02,APACHE PETROLERA ARGENTINA S.A.,89.3964285714286
2013,2,2013-02,ARGENTA ENERGIA S.A.,0
2013,2,2013-02,CAPEX S.A.,113.025
2013,2,2013-02,CENTRAL INTERNATIONAL CORPORATION (SUCURSAL ARGENTINA),233.145392857143
2013,2,2013-02,CHAÑARES ENERGIA S.A.,534.932857142857
2013,2,2013-02,CHEVRON ARGENTINA S.R.L.,4130.72142857143
2013,2,2013-02,COLHUE HUAPI S.A.,77.1071428571429
2013,2,2013-02,COMPAÑÍA GENERAL DE COMBUSTIBLES S.A.,9.43714285714286
2013,2,2013-02,COMPAÑÍAS ASOCIADAS PETROLERAS S.A.,1633.10357142857
2013,2,2013-02,COPESA CIA CONSTRUCTORA PETROLERA SA,0
2013,2,2013-02,"CRI HOLDING, INC.",4.27142857142857
2013,2,2013-02,CROWN POINT OIL & GAS S.A.,0
2013,2,2013-02,DAPETROL S.A.,53.1428571428571
2013,2,2013-02,ENAP SIPETROL ARGENTINA S.A.,1583.78821428571
2013,2,2013-02,ENERGIAL S.A.,22.9639285714286
2013,2,2013-02,EPSUR S.A.,33.9207142857143
2013,2,2013-02,EXXONMOBIL EXPLORATION ARGENTINA S.R.L.,0
2013,2,2013-02,EZ HOLDINGS S.A.,0
2013,2,2013-02,GAS Y PETROLEO DEL NEUQUEN S.A.,0
2013,2,2013-02,GEOPARK ARGENTINA LTD. (SUCURSAL ARGENTINA),8.285
2013,2,2013-02,GOLDEN OIL CORPORATION Suc. Arg.,4.15964285714286
2013,2,2013-02,GRECOIL y CIA. S.R.L.,30.3746428571429
2013,2,2013-02,HIGH LUCK GROUP LTD. - SUCURSAL ARGENTINA,0.368214285714286
2013,2,2013-02,INGENIERIA ALPA S.A.,64.7664285714286
2013,2,2013-02,INGENIERIA SIMA S.A.,6.63928571428571
2013,2,2013-02,INTERENERGY ARGENTINA S.A.,5
2013,2,2013-02,JHP INTERNATIONAL PETROLEUM ENGINEERING LTD,44.4003571428571
2013,2,2013-02,MADALENA AUSTRAL S.A.,0
2013,2,2013-02,MADALENA ENERGY ARGENTINA SRL ,264.404285714286
2013,2,2013-02,MADALENA PETROLEUM (AMERICAS) LTD. (SUCURSAL ARGENTINA),193.825492571429
2013,2,2013-02,MEDANITO S.A.,363.277142857143
2013,2,2013-02,MISAHAR ARGENTINA S.A.,0.689785714285714
2013,2,2013-02,NECON S.A.,4.34535714285714
2013,2,2013-02,OIL M&S S.A.,0
2013,2,2013-02,OILSTONE ENERGIA S.A.,193.582142857143
2013,2,2013-02,PAN AMERICAN ENERGY (SUCURSAL ARGENTINA) LLC,14848.6767857143
2013,2,2013-02,PANAPETROLEO S.A.,0.696428571428571
2013,2,2013-02,PETRO AP S.A.,0
2013,2,2013-02,PETROBRAS ARGENTINA S.A.,5728.47435714286
2013,2,2013-02,PETROFARO S.A.,2.86785714285714
2013,2,2013-02,PETROLEOS SUDAMERICANOS S.A.,260.29
2013,2,2013-02,PETROLERA CERRO NEGRO S.A.,96.5626428571428
2013,2,2013-02,PETROLERA DEL COMAHUE S.A.,2.52571428571429
2013,2,2013-02,PETROLERA EL TREBOL S.A.,298.073892857143
2013,2,2013-02,PETROLERA ENTRE LOMAS S.A.,2150.72142857143
2013,2,2013-02,PETROLERA LF COMPANY S.R.L.,535.264285714286
2013,2,2013-02,PETROLERA PATAGONIA S.R.L.,17.7960714285714
2013,2,2013-02,PETROLERA PIEDRA DEL AGUILA S.A.,0
2013,2,2013-02,PETROLERA SAN JOSE S.R.L.,52.12
2013,2,2013-02,PETROMINERA CHUBUT S.E.,0
2013,2,2013-02,PETROQUIMICA COMODORO RIVADAVIA S.A.,1056.9725
2013,2,2013-02,PLUSPETROL ENERGY S.A.,217.556071428571
2013,2,2013-02,PLUSPETROL S.A.,5945.59085399964
2013,2,2013-02,PRESIDENT PETROLEUM S.A.,0
2013,2,2013-02,QUINTANA E&P ARGENTINA S.R.L.,2.26785714285714
2013,2,2013-02,ROCH S.A.,526.74375
2013,2,2013-02,SAN JORGE PETROLEUM S.A.,96.6861785714286
2013,2,2013-02,"SINOPEC ARGENTINA EXPLORATION AND PRODUCTION, INC.",5922.02903571429
2013,2,2013-02,TECPETROL S.A.,3337.429
2013,2,2013-02,TOTAL AUSTRAL S.A.,1716.85607142857
2013,2,2013-02,UNITEC ENERGY S.A.,6.65357142857143
2013,2,2013-02,YPF S.A.,31010.4017857143
2013,3,2013-03,AMERICAS PETROGAS ARGENTINA S.A.,379.054838709677
2013,3,2013-03,APACHE ENERGIA ARGENTINA S.R.L.,905.674193548387
2013,3,2013-03,APACHE PETROLERA ARGENTINA S.A.,94.0967741935484
2013,3,2013-03,ARGENTA ENERGIA S.A.,0
2013,3,2013-03,CAPEX S.A.,118.265161290323
2013,3,2013-03,CENTRAL INTERNATIONAL CORPORATION (SUCURSAL ARGENTINA),217.301612903226
2013,3,2013-03,CHAÑARES ENERGIA S.A.,556.361096774194
2013,3,2013-03,CHEVRON ARGENTINA S.R.L.,4139.38387096774
2013,3,2013-03,COLHUE HUAPI S.A.,78.1612903225806
2013,3,2013-03,COMPAÑÍA GENERAL DE COMBUSTIBLES S.A.,9.21645161290322
2013,3,2013-03,COMPAÑÍAS ASOCIADAS PETROLERAS S.A.,1654.06483870968
2013,3,2013-03,COPESA CIA CONSTRUCTORA PETROLERA SA,0.0483870967741935
2013,3,2013-03,"CRI HOLDING, INC.",20.6187096774194
2013,3,2013-03,CROWN POINT OIL & GAS S.A.,0
2013,3,2013-03,DAPETROL S.A.,54.6129032258064
2013,3,2013-03,ENAP SIPETROL ARGENTINA S.A.,1504.38741935484
2013,3,2013-03,ENERGIAL S.A.,23.1061290322581
2013,3,2013-03,EPSUR S.A.,31.2370322580645
2013,3,2013-03,EXXONMOBIL EXPLORATION ARGENTINA S.R.L.,0
2013,3,2013-03,EZ HOLDINGS S.A.,0
2013,3,2013-03,GAS Y PETROLEO DEL NEUQUEN S.A.,2.88458064516129
2013,3,2013-03,GEOPARK ARGENTINA LTD. (SUCURSAL ARGENTINA),6.94096774193548
2013,3,2013-03,GOLDEN OIL CORPORATION Suc. Arg.,3.06548387096774
2013,3,2013-03,GRECOIL y CIA. S.R.L.,27.0929032258065
2013,3,2013-03,HIGH LUCK GROUP LTD. - SUCURSAL ARGENTINA,0.280967741935484
2013,3,2013-03,INGENIERIA ALPA S.A.,72.9135483870968
2013,3,2013-03,INGENIERIA SIMA S.A.,5.71354838709677
2013,3,2013-03,INTERENERGY ARGENTINA S.A.,4.93548387096774
2013,3,2013-03,JHP INTERNATIONAL PETROLEUM ENGINEERING LTD,43.4914516129032
2013,3,2013-03,MADALENA AUSTRAL S.A.,0
2013,3,2013-03,MADALENA ENERGY ARGENTINA SRL ,240.988709677419
2013,3,2013-03,MADALENA PETROLEUM (AMERICAS) LTD. (SUCURSAL ARGENTINA),201.347161290323
2013,3,2013-03,MEDANITO S.A.,343.398064516129
2013,3,2013-03,MISAHAR ARGENTINA S.A.,1.43077419354839
2013,3,2013-03,NECON S.A.,4.37806451612903
2013,3,2013-03,O&G DEVELOPMENTS LTD S.A.,20.258064516129
2013,3,2013-03,OIL M&S S.A.,0
2013,3,2013-03,OILSTONE ENERGIA S.A.,197.864838709677
2013,3,2013-03,PAN AMERICAN ENERGY (SUCURSAL ARGENTINA) LLC,14912.2987096774
2013,3,2013-03,PANAPETROLEO S.A.,0.403225806451613
2013,3,2013-03,PETRO AP S.A.,0
2013,3,2013-03,PETROBRAS ARGENTINA S.A.,5841.40251612903
2013,3,2013-03,PETROFARO S.A.,2.29903225806452
2013,3,2013-03,PETROLEOS SUDAMERICANOS S.A.,258.170322580645
2013,3,2013-03,PETROLERA CERRO NEGRO S.A.,87.5529032258064
2013,3,2013-03,PETROLERA DEL COMAHUE S.A.,2.10838709677419
2013,3,2013-03,PETROLERA EL TREBOL S.A.,284.062451612903
2013,3,2013-03,PETROLERA ENTRE LOMAS S.A.,2145.30322580645
2013,3,2013-03,PETROLERA LF COMPANY S.R.L.,542.267741935484
2013,3,2013-03,PETROLERA PATAGONIA S.R.L.,21.7316129032258
2013,3,2013-03,PETROLERA PIEDRA DEL AGUILA S.A.,0
2013,3,2013-03,PETROLERA SAN JOSE S.R.L.,50.4425806451613
2013,3,2013-03,PETROMINERA CHUBUT S.E.,0
2013,3,2013-03,PETROQUIMICA COMODORO RIVADAVIA S.A.,1130.49258064516
2013,3,2013-03,PLUSPETROL ENERGY S.A.,218.105483870968
2013,3,2013-03,PLUSPETROL S.A.,6037.32340802387
2013,3,2013-03,PRESIDENT PETROLEUM S.A.,0
2013,3,2013-03,QUINTANA E&P ARGENTINA S.R.L.,2.73225806451613
2013,3,2013-03,ROCH S.A.,501.743193548387
2013,3,2013-03,SAN JORGE PETROLEUM S.A.,95.7486774193548
2013,3,2013-03,"SINOPEC ARGENTINA EXPLORATION AND PRODUCTION, INC.",5983.13564516129
2013,3,2013-03,TECPETROL S.A.,3265.25209677419
2013,3,2013-03,TOTAL AUSTRAL S.A.,1584.50206451613
2013,3,2013-03,UNITEC ENERGY S.A.,6.24258064516129
2013,3,2013-03,YPF S.A.,31237.2483870968
2013,4,2013-04,AMERICAS PETROGAS ARGENTINA S.A.,428.143333333333
2013,4,2013-04,APACHE ENERGIA ARGENTINA S.R.L.,923.9
2013,4,2013-04,APACHE PETROLERA ARGENTINA S.A.,95.32
2013,4,2013-04,ARGENTA ENERGIA S.A.,0
2013,4,2013-04,CAPEX S.A.,118.880666666667
2013,4,2013-04,CENTRAL INTERNATIONAL CORPORATION (SUCURSAL ARGENTINA),213.390266666667
2013,4,2013-04,CHAÑARES ENERGIA S.A.,581.608433333333
2013,4,2013-04,CHEVRON ARGENTINA S.R.L.,3991.05666666667
2013,4,2013-04,COLHUE HUAPI S.A.,76.0333333333333
2013,4,2013-04,COMPAÑÍA GENERAL DE COMBUSTIBLES S.A.,8.98
2013,4,2013-04,COMPAÑÍAS ASOCIADAS PETROLERAS S.A.,1657.99866666667
2013,4,2013-04,COPESA CIA CONSTRUCTORA PETROLERA SA,1.51666666666667
2013,4,2013-04,"CRI HOLDING, INC.",19.71
2013,4,2013-04,CROWN POINT OIL & GAS S.A.,0
2013,4,2013-04,DAPETROL S.A.,52.4333333333333
2013,4,2013-04,ENAP SIPETROL ARGENTINA S.A.,1468.355
2013,4,2013-04,ENERGIAL S.A.,31.214
2013,4,2013-04,EPSUR S.A.,32.3891666666667
2013,4,2013-04,EXXONMOBIL EXPLORATION ARGENTINA S.R.L.,0
2013,4,2013-04,EZ HOLDINGS S.A.,0
2013,4,2013-04,GAS Y PETROLEO DEL NEUQUEN S.A.,5.21033333333333
2013,4,2013-04,GEOPARK ARGENTINA LTD. (SUCURSAL ARGENTINA),7.50466666666667
2013,4,2013-04,GOLDEN OIL CORPORATION Suc. Arg.,11.1003333333333
2013,4,2013-04,GRECOIL y CIA. S.R.L.,25.5326666666667
2013,4,2013-04,HIGH LUCK GROUP LTD. - SUCURSAL ARGENTINA,0.262333333333333
2013,4,2013-04,INGENIERIA ALPA S.A.,72.4273333333333
2013,4,2013-04,INGENIERIA SIMA S.A.,6.47966666666667
2013,4,2013-04,INTERENERGY ARGENTINA S.A.,5.13333333333333
2013,4,2013-04,JHP INTERNATIONAL PETROLEUM ENGINEERING LTD,43.2969
2013,4,2013-04,MADALENA AUSTRAL S.A.,0
2013,4,2013-04,MADALENA ENERGY ARGENTINA SRL ,257.317
2013,4,2013-04,MADALENA PETROLEUM (AMERICAS) LTD. (SUCURSAL ARGENTINA),226.622666666667
2013,4,2013-04,MEDANITO S.A.,345.476
2013,4,2013-04,MISAHAR ARGENTINA S.A.,0
2013,4,2013-04,NECON S.A.,4.50433333333333
2013,4,2013-04,O&G DEVELOPMENTS LTD S.A.,33.5666666666667
2013,4,2013-04,OIL M&S S.A.,0
2013,4,2013-04,OILSTONE ENERGIA S.A.,192.396333333333
2013,4,2013-04,PAN AMERICAN ENERGY (SUCURSAL ARGENTINA) LLC,14885.7145666667
2013,4,2013-04,PANAPETROLEO S.A.,0.512666666666667
2013,4,2013-04,PETRO AP S.A.,0
2013,4,2013-04,PETROBRAS ARGENTINA S.A.,5809.38056666667
2013,4,2013-04,PETROFARO S.A.,2.76666666666667
2013,4,2013-04,PETROLEOS SUDAMERICANOS S.A.,251.730333333333
2013,4,2013-04,PETROLERA CERRO NEGRO S.A.,84.1596666666667
2013,4,2013-04,PETROLERA DEL COMAHUE S.A.,8.13333333333333
2013,4,2013-04,PETROLERA EL TREBOL S.A.,290.9576
2013,4,2013-04,PETROLERA ENTRE LOMAS S.A.,2139.53333333333
2013,4,2013-04,PETROLERA LF COMPANY S.R.L.,531.806666666667
2013,4,2013-04,PETROLERA PATAGONIA S.R.L.,22.506
2013,4,2013-04,PETROLERA PIEDRA DEL AGUILA S.A.,0
2013,4,2013-04,PETROLERA SAN JOSE S.R.L.,47.949
2013,4,2013-04,PETROMINERA CHUBUT S.E.,0
2013,4,2013-04,PETROQUIMICA COMODORO RIVADAVIA S.A.,1158.78833333333
2013,4,2013-04,PLUSPETROL ENERGY S.A.,208.794
2013,4,2013-04,PLUSPETROL S.A.,6169.38306
2013,4,2013-04,QUINTANA E&P ARGENTINA S.R.L.,2.11666666666667
2013,4,2013-04,ROCH S.A.,473.875866666667
2013,4,2013-04,SAN JORGE PETROLEUM S.A.,94.3653666666667
2013,4,2013-04,"SINOPEC ARGENTINA EXPLORATION AND PRODUCTION, INC.",5688.53743333333
2013,4,2013-04,TECPETROL S.A.,3252.62856666667
2013,4,2013-04,TOTAL AUSTRAL S.A.,1636.64653333333
2013,4,2013-04,UNITEC ENERGY S.A.,7.40466666666667
2013,4,2013-04,YPF S.A.,30827.879
2013,5,2013-05,AMERICAS PETROGAS ARGENTINA S.A.,457.470967741936
2013,5,2013-05,APACHE ENERGIA ARGENTINA S.R.L.,985.074516129032
2013,5,2013-05,APACHE PETROLERA ARGENTINA S.A.,92.6258064516129
2013,5,2013-05,ARGENTA ENERGIA S.A.,0
2013,5,2013-05,CAPEX S.A.,109.325806451613
2013,5,2013-05,CENTRAL INTERNATIONAL CORPORATION (SUCURSAL ARGENTINA),217.368064516129
2013,5,2013-05,CHAÑARES ENERGIA S.A.,541.84364516129
2013,5,2013-05,CHEVRON ARGENTINA S.R.L.,4040.04193548387
2013,5,2013-05,COLHUE HUAPI S.A.,78.7741935483871
2013,5,2013-05,COMPAÑÍA GENERAL DE COMBUSTIBLES S.A.,19.1461290322581
2013,5,2013-05,COMPAÑÍAS ASOCIADAS PETROLERAS S.A.,1659.57935483871
2013,5,2013-05,COPESA CIA CONSTRUCTORA PETROLERA SA,1.21029155084362
2013,5,2013-05,"CRI HOLDING, INC.",16.3416129032258
2013,5,2013-05,CROWN POINT OIL & GAS S.A.,0
2013,5,2013-05,DAPETROL S.A.,51.258064516129
2013,5,2013-05,ENAP SIPETROL ARGENTINA S.A.,1475.88419354839
2013,5,2013-05,ENERGIAL S.A.,28.6267741935484
2013,5,2013-05,EPSUR S.A.,33.1596129032258
2013,5,2013-05,EXXONMOBIL EXPLORATION ARGENTINA S.R.L.,0
2013,5,2013-05,EZ HOLDINGS S.A.,0
2013,5,2013-05,GAS Y PETROLEO DEL NEUQUEN S.A.,5.0041935483871
2013,5,2013-05,GEOPARK ARGENTINA LTD. (SUCURSAL ARGENTINA),7.59483870967742
2013,5,2013-05,GOLDEN OIL CORPORATION Suc. Arg.,7.55935483870968
2013,5,2013-05,GRECOIL y CIA. S.R.L.,23.5854838709677
2013,5,2013-05,HIGH LUCK GROUP LTD. - SUCURSAL ARGENTINA,0.0516129032258065
2013,5,2013-05,INGENIERIA ALPA S.A.,61.3367741935484
2013,5,2013-05,INGENIERIA SIMA S.A.,4.44064516129032
2013,5,2013-05,INTERENERGY ARGENTINA S.A.,5.32258064516129
2013,5,2013-05,JHP INTERNATIONAL PETROLEUM ENGINEERING LTD,42.0458387096774
2013,5,2013-05,MADALENA AUSTRAL S.A.,0
2013,5,2013-05,MADALENA ENERGY ARGENTINA SRL ,259.596774193548
2013,5,2013-05,MADALENA PETROLEUM (AMERICAS) LTD. (SUCURSAL ARGENTINA),232.723838709677
2013,5,2013-05,MEDANITO S.A.,360.19
2013,5,2013-05,MISAHAR ARGENTINA S.A.,0
2013,5,2013-05,NECON S.A.,4.5041935483871
2013,5,2013-05,O&G DEVELOPMENTS LTD S.A.,66.6129032258064
2013,5,2013-05,OIL M&S S.A.,0
2013,5,2013-05,OILSTONE ENERGIA S.A.,210.516129032258
2013,5,2013-05,PAN AMERICAN ENERGY (SUCURSAL ARGENTINA) LLC,15265.9790322581
2013,5,2013-05,PANAPETROLEO S.A.,0.548387096774194
2013,5,2013-05,PETRO AP S.A.,0
2013,5,2013-05,PETROBRAS ARGENTINA S.A.,5763.91490322581
2013,5,2013-05,PETROFARO S.A.,1.76354838709677
2013,5,2013-05,PETROLEOS SUDAMERICANOS S.A.,253.12
2013,5,2013-05,PETROLERA CERRO NEGRO S.A.,81.3821290322581
2013,5,2013-05,PETROLERA DEL COMAHUE S.A.,10.7461290322581
2013,5,2013-05,PETROLERA EL TREBOL S.A.,280.860483870968
2013,5,2013-05,PETROLERA ENTRE LOMAS S.A.,2123.21612903226
2013,5,2013-05,PETROLERA LF COMPANY S.R.L.,519.145161290323
2013,5,2013-05,PETROLERA PATAGONIA S.R.L.,24.0074193548387
2013,5,2013-05,PETROLERA PIEDRA DEL AGUILA S.A.,0
2013,5,2013-05,PETROLERA SAN JOSE S.R.L.,47.2490322580645
2013,5,2013-05,PETROMINERA CHUBUT S.E.,0
2013,5,2013-05,PETROQUIMICA COMODORO RIVADAVIA S.A.,1142.44290322581
2013,5,2013-05,PLUSPETROL ENERGY S.A.,206.712580645161
2013,5,2013-05,PLUSPETROL S.A.,6188.85128165613
2013,5,2013-05,QUINTANA E&P ARGENTINA S.R.L.,2.75161290322581
2013,5,2013-05,ROCH S.A.,472.648838709677
2013,5,2013-05,SAN JORGE PETROLEUM S.A.,92.1658387096774
2013,5,2013-05,"SINOPEC ARGENTINA EXPLORATION AND PRODUCTION, INC.",5877.03167109677
2013,5,2013-05,TECPETROL S.A.,3235.83719354839
2013,5,2013-05,TOTAL AUSTRAL S.A.,1764.68190322581
2013,5,2013-05,UNITEC ENERGY S.A.,8.57645161290323
2013,5,2013-05,YPF S.A.,31598.3980645161
2013,6,2013-06,AMERICAS PETROGAS ARGENTINA S.A.,446.623333333333
2013,6,2013-06,APACHE ENERGIA ARGENTINA S.R.L.,969.183333333333
2013,6,2013-06,APACHE PETROLERA ARGENTINA S.A.,90.1066666666667
2013,6,2013-06,ARGENTA ENERGIA S.A.,0
2013,6,2013-06,CAPEX S.A.,112.065
2013,6,2013-06,CENTRAL INTERNATIONAL CORPORATION (SUCURSAL ARGENTINA),204.601583333333
2013,6,2013-06,CHAÑARES ENERGIA S.A.,537.941033333333
2013,6,2013-06,CHEVRON ARGENTINA S.R.L.,4002.98666666667
2013,6,2013-06,COLHUE HUAPI S.A.,70.7
2013,6,2013-06,COMPAÑÍA GENERAL DE COMBUSTIBLES S.A.,22.659
2013,6,2013-06,COMPAÑÍAS ASOCIADAS PETROLERAS S.A.,1652.534
2013,6,2013-06,COPESA CIA CONSTRUCTORA PETROLERA SA,0.259285237140949
2013,6,2013-06,"CRI HOLDING, INC.",16.002
2013,6,2013-06,CROWN POINT OIL & GAS S.A.,0
2013,6,2013-06,DAPETROL S.A.,46.9333333333333
2013,6,2013-06,ENAP SIPETROL ARGENTINA S.A.,1623.21733333333
2013,6,2013-06,ENERGIAL S.A.,24.9443333333333
2013,6,2013-06,EPSUR S.A.,33.6702666666667
2013,6,2013-06,EXXONMOBIL EXPLORATION ARGENTINA S.R.L.,0
2013,6,2013-06,EZ HOLDINGS S.A.,0
2013,6,2013-06,GAS Y PETROLEO DEL NEUQUEN S.A.,4.28366666666667
2013,6,2013-06,GEOPARK ARGENTINA LTD. (SUCURSAL ARGENTINA),7.44833333333333
2013,6,2013-06,GOLDEN OIL CORPORATION Suc. Arg.,5.09166666666667
2013,6,2013-06,GRECOIL y CIA. S.R.L.,36.219
2013,6,2013-06,HIGH LUCK GROUP LTD. - SUCURSAL ARGENTINA,0
2013,6,2013-06,INGENIERIA ALPA S.A.,64.7986666666667
2013,6,2013-06,INGENIERIA SIMA S.A.,4.48133333333333
2013,6,2013-06,INTERENERGY ARGENTINA S.A.,5.33333333333333
2013,6,2013-06,JHP INTERNATIONAL PETROLEUM ENGINEERING LTD,42.1603333333333
2013,6,2013-06,MADALENA AUSTRAL S.A.,0
2013,6,2013-06,MADALENA ENERGY ARGENTINA SRL ,249.912666666667
2013,6,2013-06,MADALENA PETROLEUM (AMERICAS) LTD. (SUCURSAL ARGENTINA),208.661333333333
2013,6,2013-06,MEDANITO S.A.,415.062666666667
2013,6,2013-06,MISAHAR ARGENTINA S.A.,0.927033333333333
2013,6,2013-06,NECON S.A.,4.47666666666667
2013,6,2013-06,O&G DEVELOPMENTS LTD S.A.,50.7333333333333
2013,6,2013-06,OIL M&S S.A.,0
2013,6,2013-06,OILSTONE ENERGIA S.A.,215.61
2013,6,2013-06,PAN AMERICAN ENERGY (SUCURSAL ARGENTINA) LLC,15642.3493333333
2013,6,2013-06,PANAPETROLEO S.A.,0.543333333333333
2013,6,2013-06,PETRO AP S.A.,0
2013,6,2013-06,PETROBRAS ARGENTINA S.A.,5618.7751
2013,6,2013-06,PETROFARO S.A.,1.25766666666667
2013,6,2013-06,PETROLEOS SUDAMERICANOS S.A.,252.309666666667
2013,6,2013-06,PETROLERA CERRO NEGRO S.A.,75.3142666666667
2013,6,2013-06,PETROLERA DEL COMAHUE S.A.,11.1193333333333
2013,6,2013-06,PETROLERA EL TREBOL S.A.,297.013033333333
2013,6,2013-06,PETROLERA ENTRE LOMAS S.A.,2036.75666666667
2013,6,2013-06,PETROLERA LF COMPANY S.R.L.,519.316666666667
2013,6,2013-06,PETROLERA PATAGONIA S.R.L.,23.7113333333333
2013,6,2013-06,PETROLERA PIEDRA DEL AGUILA S.A.,0
2013,6,2013-06,PETROLERA SAN JOSE S.R.L.,43.0816666666667
2013,6,2013-06,PETROMINERA CHUBUT S.E.,0
2013,6,2013-06,PETROQUIMICA COMODORO RIVADAVIA S.A.,1075.874
2013,6,2013-06,PLUSPETROL ENERGY S.A.,207.113666666667
2013,6,2013-06,PLUSPETROL S.A.,5995.90453785233
2013,6,2013-06,QUINTANA E&P ARGENTINA S.R.L.,2.82333333333333
2013,6,2013-06,ROCH S.A.,471.742733333333
2013,6,2013-06,SAN JORGE PETROLEUM S.A.,92.2204666666667
2013,6,2013-06,"SINOPEC ARGENTINA EXPLORATION AND PRODUCTION, INC.",5663.44930006667
2013,6,2013-06,TECPETROL S.A.,3201.30253333333
2013,6,2013-06,TOTAL AUSTRAL S.A.,1796.18186666667
2013,6,2013-06,UNITEC ENERGY S.A.,7.18566666666667
2013,6,2013-06,YPF S.A.,31490.8186666667
2013,7,2013-07,AMERICAS PETROGAS ARGENTINA S.A.,456.132258064516
2013,7,2013-07,APACHE ENERGIA ARGENTINA S.R.L.,1012.06774193548
2013,7,2013-07,APACHE PETROLERA ARGENTINA S.A.,85.9516129032258
2013,7,2013-07,ARGENTA ENERGIA S.A.,0
2013,7,2013-07,CAPEX S.A.,124.148709677419
2013,7,2013-07,CENTRAL INTERNATIONAL CORPORATION (SUCURSAL ARGENTINA),209.938903225806
2013,7,2013-07,CHAÑARES ENERGIA S.A.,510.077870967742
2013,7,2013-07,CHEVRON ARGENTINA S.R.L.,4066.3935483871
2013,7,2013-07,COLHUE HUAPI S.A.,75.9032258064516
2013,7,2013-07,COMPAÑÍA GENERAL DE COMBUSTIBLES S.A.,22.3422580645161
2013,7,2013-07,COMPAÑÍAS ASOCIADAS PETROLERAS S.A.,1624.51161290323
2013,7,2013-07,COPESA CIA CONSTRUCTORA PETROLERA SA,0
2013,7,2013-07,"CRI HOLDING, INC.",15.3564516129032
2013,7,2013-07,CROWN POINT OIL & GAS S.A.,0
2013,7,2013-07,DAPETROL S.A.,48.2258064516129
2013,7,2013-07,ENAP SIPETROL ARGENTINA S.A.,1589.69225806452
2013,7,2013-07,ENERGIAL S.A.,22.5864516129032
2013,7,2013-07,EPSUR S.A.,34.5047419354839
2013,7,2013-07,EXXONMOBIL EXPLORATION ARGENTINA S.R.L.,0
2013,7,2013-07,EZ HOLDINGS S.A.,0
2013,7,2013-07,GAS Y PETROLEO DEL NEUQUEN S.A.,4.00903225806452
2013,7,2013-07,GEOPARK ARGENTINA LTD. (SUCURSAL ARGENTINA),8.94967741935484
2013,7,2013-07,GRECOIL y CIA. S.R.L.,38.1754838709677
2013,7,2013-07,HIGH LUCK GROUP LTD. - SUCURSAL ARGENTINA,0
2013,7,2013-07,INGENIERIA ALPA S.A.,59.9222580645161
2013,7,2013-07,INGENIERIA SIMA S.A.,5.18064516129032
2013,7,2013-07,INTERENERGY ARGENTINA S.A.,5.38709677419355
2013,7,2013-07,JHP INTERNATIONAL PETROLEUM ENGINEERING LTD,41.8970967741935
2013,7,2013-07,MADALENA AUSTRAL S.A.,0
2013,7,2013-07,MADALENA ENERGY ARGENTINA SRL ,223.878806451613
2013,7,2013-07,MADALENA PETROLEUM (AMERICAS) LTD. (SUCURSAL ARGENTINA),206.09064516129
2013,7,2013-07,MEDANITO S.A.,370.813548387097
2013,7,2013-07,MISAHAR ARGENTINA S.A.,0.584193548387097
2013,7,2013-07,NECON S.A.,4.67774193548387
2013,7,2013-07,O&G DEVELOPMENTS LTD S.A.,38.5806451612903
2013,7,2013-07,OIL M&S S.A.,0
2013,7,2013-07,OILSTONE ENERGIA S.A.,229.012903225806
2013,7,2013-07,PAN AMERICAN ENERGY (SUCURSAL ARGENTINA) LLC,15521.3091290323
2013,7,2013-07,PANAPETROLEO S.A.,0.603225806451613
2013,7,2013-07,PETRO AP S.A.,0
2013,7,2013-07,PETROBRAS ARGENTINA S.A.,5608.4075483871
2013,7,2013-07,PETROFARO S.A.,1.28677419354839
2013,7,2013-07,PETROLEOS SUDAMERICANOS S.A.,250.3
2013,7,2013-07,PETROLERA CERRO NEGRO S.A.,69.8901612903226
2013,7,2013-07,PETROLERA DEL COMAHUE S.A.,10.01
2013,7,2013-07,PETROLERA EL TREBOL S.A.,275.345387096774
2013,7,2013-07,PETROLERA ENTRE LOMAS S.A.,2053.77741935484
2013,7,2013-07,PETROLERA LF COMPANY S.R.L.,513.08064516129
2013,7,2013-07,PETROLERA PATAGONIA S.R.L.,23.3606451612903
2013,7,2013-07,PETROLERA PIEDRA DEL AGUILA S.A.,0
2013,7,2013-07,PETROLERA SAN JOSE S.R.L.,68.501935483871
2013,7,2013-07,PETROMINERA CHUBUT S.E.,0
2013,7,2013-07,PETROQUIMICA COMODORO RIVADAVIA S.A.,1102.88419354839
2013,7,2013-07,PLUSPETROL ENERGY S.A.,206.092580645161
2013,7,2013-07,PLUSPETROL S.A.,6108.55116316839
2013,7,2013-07,QUINTANA E&P ARGENTINA S.R.L.,2.6258064516129
2013,7,2013-07,ROCH S.A.,469.766903225806
2013,7,2013-07,SAN JORGE PETROLEUM S.A.,88.5430322580645
2013,7,2013-07,"SINOPEC ARGENTINA EXPLORATION AND PRODUCTION, INC.",5891.61448387097
2013,7,2013-07,TECPETROL S.A.,3203.46458064516
2013,7,2013-07,TOTAL AUSTRAL S.A.,1850.92996774194
2013,7,2013-07,UNITEC ENERGY S.A.,8.98193548387097
2013,7,2013-07,YPF S.A.,32148.835483871
2013,8,2013-08,AMERICAS PETROGAS ARGENTINA S.A.,431.841935483871
2013,8,2013-08,APACHE ENERGIA ARGENTINA S.R.L.,1012.44516129032
2013,8,2013-08,APACHE PETROLERA ARGENTINA S.A.,89.0032258064516
2013,8,2013-08,ARGENTA ENERGIA S.A.,0
2013,8,2013-08,CAPEX S.A.,122.617419354839
2013,8,2013-08,CENTRAL INTERNATIONAL CORPORATION (SUCURSAL ARGENTINA),205.598709677419
2013,8,2013-08,CHAÑARES ENERGIA S.A.,524.694032258064
2013,8,2013-08,CHEVRON ARGENTINA S.R.L.,4068.95483870968
2013,8,2013-08,COLHUE HUAPI S.A.,71.5806451612903
2013,8,2013-08,COMPAÑÍA GENERAL DE COMBUSTIBLES S.A.,18.0941935483871
2013,8,2013-08,COMPAÑÍAS ASOCIADAS PETROLERAS S.A.,1620.00096774194
2013,8,2013-08,COPESA CIA CONSTRUCTORA PETROLERA SA,0
2013,8,2013-08,"CRI HOLDING, INC.",14.3464516129032
2013,8,2013-08,CROWN POINT OIL & GAS S.A.,0
2013,8,2013-08,DAPETROL S.A.,46.5483870967742
2013,8,2013-08,ENAP SIPETROL ARGENTINA S.A.,1547.77516129032
2013,8,2013-08,ENERGIAL S.A.,22.4093548387097
2013,8,2013-08,EPSUR S.A.,35.9759677419355
2013,8,2013-08,EXXONMOBIL EXPLORATION ARGENTINA S.R.L.,0
2013,8,2013-08,EZ HOLDINGS S.A.,0
2013,8,2013-08,GAS Y PETROLEO DEL NEUQUEN S.A.,8.57645161290323
2013,8,2013-08,GEOPARK ARGENTINA LTD. (SUCURSAL ARGENTINA),8.02032258064516
2013,8,2013-08,GRECOIL y CIA. S.R.L.,36.1664516129032
2013,8,2013-08,HIGH LUCK GROUP LTD. - SUCURSAL ARGENTINA,0
2013,8,2013-08,INGENIERIA ALPA S.A.,58.0790322580645
2013,8,2013-08,INGENIERIA SIMA S.A.,5.43967741935484
2013,8,2013-08,INTERENERGY ARGENTINA S.A.,5.2258064516129
2013,8,2013-08,JHP INTERNATIONAL PETROLEUM ENGINEERING LTD,41.028064516129
2013,8,2013-08,MADALENA AUSTRAL S.A.,0
2013,8,2013-08,MADALENA ENERGY ARGENTINA SRL ,210.18364516129
2013,8,2013-08,MADALENA PETROLEUM (AMERICAS) LTD. (SUCURSAL ARGENTINA),195.282903225806
2013,8,2013-08,MEDANITO S.A.,398.393870967742
2013,8,2013-08,MISAHAR ARGENTINA S.A.,0.607741935483871
2013,8,2013-08,NECON S.A.,3.33709677419355
2013,8,2013-08,O&G DEVELOPMENTS LTD S.A.,40.5483870967742
2013,8,2013-08,OIL M&S S.A.,0
2013,8,2013-08,OILSTONE ENERGIA S.A.,215.574193548387
2013,8,2013-08,PAN AMERICAN ENERGY (SUCURSAL ARGENTINA) LLC,15467.5941935484
2013,8,2013-08,PANAPETROLEO S.A.,0.401612903225806
2013,8,2013-08,PETRO AP S.A.,0
2013,8,2013-08,PETROBRAS ARGENTINA S.A.,5553.98161290323
2013,8,2013-08,PETROFARO S.A.,1.61935483870968
2013,8,2013-08,PETROLEOS SUDAMERICANOS S.A.,255.48
2013,8,2013-08,PETROLERA CERRO NEGRO S.A.,72.6845161290322
2013,8,2013-08,PETROLERA DEL COMAHUE S.A.,8.46709677419355
2013,8,2013-08,PETROLERA EL TREBOL S.A.,282.378483870968
2013,8,2013-08,PETROLERA ENTRE LOMAS S.A.,2091.80967741936
2013,8,2013-08,PETROLERA LF COMPANY S.R.L.,512.774193548387
2013,8,2013-08,PETROLERA PATAGONIA S.R.L.,22.7525806451613
2013,8,2013-08,PETROLERA PIEDRA DEL AGUILA S.A.,0
2013,8,2013-08,PETROLERA SAN JOSE S.R.L.,65.5590322580645
2013,8,2013-08,PETROMINERA CHUBUT S.E.,0
2013,8,2013-08,PETROQUIMICA COMODORO RIVADAVIA S.A.,1100.62677419355
2013,8,2013-08,PLUSPETROL ENERGY S.A.,205.064516129032
2013,8,2013-08,PLUSPETROL S.A.,6117.88193227065
2013,8,2013-08,QUINTANA E&P ARGENTINA S.R.L.,2.04838709677419
2013,8,2013-08,ROCH S.A.,454.129032258065
2013,8,2013-08,SAN JORGE PETROLEUM S.A.,79.4458387096774
2013,8,2013-08,"SINOPEC ARGENTINA EXPLORATION AND PRODUCTION, INC.",5935.6405483871
2013,8,2013-08,TECPETROL S.A.,3187.65429032258
2013,8,2013-08,TOTAL AUSTRAL S.A.,1883.59793548387
2013,8,2013-08,UNITEC ENERGY S.A.,8.5
2013,8,2013-08,YPF S.A.,31860.3593548387
2013,9,2013-09,AMERICAS PETROGAS ARGENTINA S.A.,375.623333333333
2013,9,2013-09,APACHE ENERGIA ARGENTINA S.R.L.,1022.53666666667
2013,9,2013-09,APACHE PETROLERA ARGENTINA S.A.,90.7066666666667
2013,9,2013-09,ARGENTA ENERGIA S.A.,0
2013,9,2013-09,CAPEX S.A.,120.715
2013,9,2013-09,CENTRAL INTERNATIONAL CORPORATION (SUCURSAL ARGENTINA),223.219433333333
2013,9,2013-09,CHAÑARES ENERGIA S.A.,518.977666666667
2013,9,2013-09,CHEVRON ARGENTINA S.R.L.,3981.335
2013,9,2013-09,COLHUE HUAPI S.A.,70.9
2013,9,2013-09,COMPAÑÍA GENERAL DE COMBUSTIBLES S.A.,4.70866666666667
2013,9,2013-09,COMPAÑÍAS ASOCIADAS PETROLERAS S.A.,1687.46533333333
2013,9,2013-09,COPESA CIA CONSTRUCTORA PETROLERA SA,0
2013,9,2013-09,"CRI HOLDING, INC.",15.426
2013,9,2013-09,CROWN POINT OIL & GAS S.A.,0
2013,9,2013-09,DAPETROL S.A.,47.6
2013,9,2013-09,ENAP SIPETROL ARGENTINA S.A.,1551.99833333333
2013,9,2013-09,ENERGIAL S.A.,22.3056666666667
2013,9,2013-09,EPSUR S.A.,32.5631666666667
2013,9,2013-09,EXXONMOBIL EXPLORATION ARGENTINA S.R.L.,0
2013,9,2013-09,EZ HOLDINGS S.A.,0
2013,9,2013-09,GAS Y PETROLEO DEL NEUQUEN S.A.,13.715
2013,9,2013-09,GEOPARK ARGENTINA LTD. (SUCURSAL ARGENTINA),8.90433333333333
2013,9,2013-09,GRECOIL y CIA. S.R.L.,29.329
2013,9,2013-09,HIGH LUCK GROUP LTD. - SUCURSAL ARGENTINA,0
2013,9,2013-09,INGENIERIA ALPA S.A.,58.684
2013,9,2013-09,INGENIERIA SIMA S.A.,5.179
2013,9,2013-09,INTERENERGY ARGENTINA S.A.,5
2013,9,2013-09,JHP INTERNATIONAL PETROLEUM ENGINEERING LTD,41.674
2013,9,2013-09,KILWER S.A.,0
2013,9,2013-09,MADALENA AUSTRAL S.A.,0
2013,9,2013-09,MADALENA ENERGY ARGENTINA SRL ,231.914333333333
2013,9,2013-09,MADALENA PETROLEUM (AMERICAS) LTD. (SUCURSAL ARGENTINA),174.180333333333
2013,9,2013-09,MEDANITO S.A.,412.352
2013,9,2013-09,MISAHAR ARGENTINA S.A.,1.46156666666667
2013,9,2013-09,NECON S.A.,0.447
2013,9,2013-09,O&G DEVELOPMENTS LTD S.A.,58.6333333333333
2013,9,2013-09,OIL M&S S.A.,0
2013,9,2013-09,OILSTONE ENERGIA S.A.,205.409666666667
2013,9,2013-09,PAN AMERICAN ENERGY (SUCURSAL ARGENTINA) LLC,15529.2643333333
2013,9,2013-09,PANAPETROLEO S.A.,0.341666666666667
2013,9,2013-09,PETRO AP S.A.,0
2013,9,2013-09,PETROBRAS ARGENTINA S.A.,5425.22746666667
2013,9,2013-09,PETROFARO S.A.,1.80166666666667
2013,9,2013-09,PETROLEOS SUDAMERICANOS S.A.,252.309666666667
2013,9,2013-09,PETROLERA CERRO NEGRO S.A.,68.3094333333333
2013,9,2013-09,PETROLERA DEL COMAHUE S.A.,8.54366666666667
2013,9,2013-09,PETROLERA EL TREBOL S.A.,284.5813
2013,9,2013-09,PETROLERA ENTRE LOMAS S.A.,2084.19666666667
2013,9,2013-09,PETROLERA LF COMPANY S.R.L.,502.083333333333
2013,9,2013-09,PETROLERA PAMPA S.A. ,0
2013,9,2013-09,PETROLERA PATAGONIA S.R.L.,23.61
2013,9,2013-09,PETROLERA PIEDRA DEL AGUILA S.A.,0
2013,9,2013-09,PETROLERA SAN JOSE S.R.L.,88.0303333333333
2013,9,2013-09,PETROMINERA CHUBUT S.E.,0
2013,9,2013-09,PETROQUIMICA COMODORO RIVADAVIA S.A.,1102.25566666667
2013,9,2013-09,PLUSPETROL ENERGY S.A.,199.287
2013,9,2013-09,PLUSPETROL S.A.,6192.74065452
2013,9,2013-09,QUINTANA E&P ARGENTINA S.R.L.,2.71333333333333
2013,9,2013-09,ROCH S.A.,460.302633333333
2013,9,2013-09,SAN JORGE PETROLEUM S.A.,73.0265
2013,9,2013-09,"SINOPEC ARGENTINA EXPLORATION AND PRODUCTION, INC.",5735.0635
2013,9,2013-09,TECPETROL S.A.,3283.70936666667
2013,9,2013-09,TOTAL AUSTRAL S.A.,1800.67846666667
2013,9,2013-09,UNITEC ENERGY S.A.,10.5456666666667
2013,9,2013-09,YPF S.A.,32608.9393333333
2013,10,2013-10,AMERICAS PETROGAS ARGENTINA S.A.,365.3
2013,10,2013-10,APACHE ENERGIA ARGENTINA S.R.L.,984.122580645161
2013,10,2013-10,APACHE PETROLERA ARGENTINA S.A.,88.2258064516129
2013,10,2013-10,ARGENTA ENERGIA S.A.,0
2013,10,2013-10,CAPEX S.A.,116.05
2013,10,2013-10,CENTRAL INTERNATIONAL CORPORATION (SUCURSAL ARGENTINA),229.744516129032
2013,10,2013-10,CHAÑARES ENERGIA S.A.,491.231387096774
2013,10,2013-10,CHEVRON ARGENTINA S.R.L.,3979.13225806452
2013,10,2013-10,COLHUE HUAPI S.A.,76.9677419354839
2013,10,2013-10,COMPAÑÍA GENERAL DE COMBUSTIBLES S.A.,0.896774193548387
2013,10,2013-10,COMPAÑÍAS ASOCIADAS PETROLERAS S.A.,1688.77258064516
2013,10,2013-10,COPESA CIA CONSTRUCTORA PETROLERA SA,0
2013,10,2013-10,"CRI HOLDING, INC.",15.4958064516129
2013,10,2013-10,CROWN POINT ENERGIA S.A.,0
2013,10,2013-10,CROWN POINT OIL & GAS S.A.,0
2013,10,2013-10,DAPETROL S.A.,45.6129032258064
2013,10,2013-10,ENAP SIPETROL ARGENTINA S.A.,1522.62838709677
2013,10,2013-10,ENERGIAL S.A.,21.5090322580645
2013,10,2013-10,EPSUR S.A.,37.1564193548387
2013,10,2013-10,EXXONMOBIL EXPLORATION ARGENTINA S.R.L.,0
2013,10,2013-10,EZ HOLDINGS S.A.,0
2013,10,2013-10,GAS Y PETROLEO DEL NEUQUEN S.A.,15.2709677419355
2013,10,2013-10,GEOPARK ARGENTINA LTD. (SUCURSAL ARGENTINA),9.54516129032258
2013,10,2013-10,GRECOIL y CIA. S.R.L.,35.8454838709677
2013,10,2013-10,HIGH LUCK GROUP LTD. - SUCURSAL ARGENTINA,0
2013,10,2013-10,INGENIERIA ALPA S.A.,53.9325806451613
2013,10,2013-10,INGENIERIA SIMA S.A.,5.57967741935484
2013,10,2013-10,INTERENERGY ARGENTINA S.A.,4.90322580645161
2013,10,2013-10,JHP INTERNATIONAL PETROLEUM ENGINEERING LTD,43.0229032258065
2013,10,2013-10,KILWER S.A.,0
2013,10,2013-10,MADALENA AUSTRAL S.A.,0
2013,10,2013-10,MADALENA ENERGY ARGENTINA SRL ,228.010451612903
2013,10,2013-10,MADALENA PETROLEUM (AMERICAS) LTD. (SUCURSAL ARGENTINA),158.33935483871
2013,10,2013-10,MEDANITO S.A.,444.521935483871
2013,10,2013-10,MISAHAR ARGENTINA S.A.,0.623483870967742
2013,10,2013-10,NECON S.A.,1.45354838709677
2013,10,2013-10,O&G DEVELOPMENTS LTD S.A.,73.8064516129032
2013,10,2013-10,OIL M&S S.A.,0
2013,10,2013-10,OILSTONE ENERGIA S.A.,210.761290322581
2013,10,2013-10,PAN AMERICAN ENERGY (SUCURSAL ARGENTINA) LLC,15572.7738709677
2013,10,2013-10,PANAPETROLEO S.A.,0.346774193548387
2013,10,2013-10,PETRO AP S.A.,0
2013,10,2013-10,PETROBRAS ARGENTINA S.A.,5213.55961290323
2013,10,2013-10,PETROFARO S.A.,1.95483870967742
2013,10,2013-10,PETROLEOS SUDAMERICANOS S.A.,251.659677419355
2013,10,2013-10,PETROLERA CERRO NEGRO S.A.,67.2506451612903
2013,10,2013-10,PETROLERA DEL COMAHUE S.A.,8.87483870967742
2013,10,2013-10,PETROLERA EL TREBOL S.A.,268.181290322581
2013,10,2013-10,PETROLERA ENTRE LOMAS S.A.,2059.76129032258
2013,10,2013-10,PETROLERA LF COMPANY S.R.L.,487.271290322581
2013,10,2013-10,PETROLERA PAMPA S.A. ,0
2013,10,2013-10,PETROLERA PATAGONIA S.R.L.,22.4806451612903
2013,10,2013-10,PETROLERA PIEDRA DEL AGUILA S.A.,0
2013,10,2013-10,PETROLERA SAN JOSE S.R.L.,72.6306451612903
2013,10,2013-10,PETROMINERA CHUBUT S.E.,0
2013,10,2013-10,PETROQUIMICA COMODORO RIVADAVIA S.A.,1101.61032258065
2013,10,2013-10,PLUSPETROL ENERGY S.A.,191.147096774194
2013,10,2013-10,PLUSPETROL S.A.,6208.30094500677
2013,10,2013-10,QUINTANA E&P ARGENTINA S.R.L.,2.64838709677419
2013,10,2013-10,ROCH S.A.,474.706322580645
2013,10,2013-10,SAN JORGE PETROLEUM S.A.,94.9977096774194
2013,10,2013-10,"SINOPEC ARGENTINA EXPLORATION AND PRODUCTION, INC.",5878.44296774193
2013,10,2013-10,TECPETROL S.A.,3278.17996774194
2013,10,2013-10,TOTAL AUSTRAL S.A.,1794.57290322581
2013,10,2013-10,UNITEC ENERGY S.A.,10.0903225806452
2013,10,2013-10,YPF S.A.,32930.9377419355
2013,11,2013-11,AMERICAS PETROGAS ARGENTINA S.A.,311.573333333333
2013,11,2013-11,APACHE ENERGIA ARGENTINA S.R.L.,967.103333333333
2013,11,2013-11,APACHE PETROLERA ARGENTINA S.A.,86.7033333333333
2013,11,2013-11,ARGENTA ENERGIA S.A.,0
2013,11,2013-11,CAPEX S.A.,106.315
2013,11,2013-11,CENTRAL INTERNATIONAL CORPORATION (SUCURSAL ARGENTINA),215.2061
2013,11,2013-11,CHAÑARES ENERGIA S.A.,482.828
2013,11,2013-11,CHEVRON ARGENTINA S.R.L.,3960.96666666667
2013,11,2013-11,COLHUE HUAPI S.A.,73.0333333333333
2013,11,2013-11,COMPAÑÍA GENERAL DE COMBUSTIBLES S.A.,2.72333333333333
2013,11,2013-11,COMPAÑÍAS ASOCIADAS PETROLERAS S.A.,1653.1
2013,11,2013-11,COPESA CIA CONSTRUCTORA PETROLERA SA,0
2013,11,2013-11,"CRI HOLDING, INC.",16.3733333333333
2013,11,2013-11,CROWN POINT ENERGIA S.A.,0
2013,11,2013-11,CROWN POINT OIL & GAS S.A.,0
2013,11,2013-11,DAPETROL S.A.,45.6
2013,11,2013-11,ENAP SIPETROL ARGENTINA S.A.,1535.86366666667
2013,11,2013-11,ENERGIAL S.A.,16.161
2013,11,2013-11,EPSUR S.A.,33.3047666666667
2013,11,2013-11,EXXONMOBIL EXPLORATION ARGENTINA S.R.L.,0
2013,11,2013-11,EZ HOLDINGS S.A.,0
2013,11,2013-11,GAS Y PETROLEO DEL NEUQUEN S.A.,17.6963333333333
2013,11,2013-11,GEOPARK ARGENTINA LTD. (SUCURSAL ARGENTINA),9.71296666666667
2013,11,2013-11,GRECOIL y CIA. S.R.L.,31.1443333333333
2013,11,2013-11,HIGH LUCK GROUP LTD. - SUCURSAL ARGENTINA,0
2013,11,2013-11,INGENIERIA ALPA S.A.,51.858
2013,11,2013-11,INGENIERIA SIMA S.A.,4.861
2013,11,2013-11,INTERENERGY ARGENTINA S.A.,4.5
2013,11,2013-11,JHP INTERNATIONAL PETROLEUM ENGINEERING LTD,41.3971666666667
2013,11,2013-11,KILWER S.A.,0
2013,11,2013-11,MADALENA AUSTRAL S.A.,0
2013,11,2013-11,MADALENA ENERGY ARGENTINA SRL ,241.024
2013,11,2013-11,MADALENA PETROLEUM (AMERICAS) LTD. (SUCURSAL ARGENTINA),163.972333333333
2013,11,2013-11,MEDANITO S.A.,428.745
2013,11,2013-11,MISAHAR ARGENTINA S.A.,1.8836
2013,11,2013-11,NECON S.A.,0.731333333333333
2013,11,2013-11,O&G DEVELOPMENTS LTD S.A.,62.2666666666667
2013,11,2013-11,OIL M&S S.A.,0
2013,11,2013-11,OILSTONE ENERGIA S.A.,196.133333333333
2013,11,2013-11,PAN AMERICAN ENERGY (SUCURSAL ARGENTINA) LLC,15439.2353333333
2013,11,2013-11,PANAPETROLEO S.A.,0.344333333333333
2013,11,2013-11,PETRO AP S.A.,0
2013,11,2013-11,PETROBRAS ARGENTINA S.A.,5196.28233333333
2013,11,2013-11,PETROFARO S.A.,1.30466666666667
2013,11,2013-11,PETROLEOS SUDAMERICANOS S.A.,240.74
2013,11,2013-11,PETROLERA CERRO NEGRO S.A.,66.6216
2013,11,2013-11,PETROLERA DEL COMAHUE S.A.,9.13633333333333
2013,11,2013-11,PETROLERA EL TREBOL S.A.,263.3218
2013,11,2013-11,PETROLERA ENTRE LOMAS S.A.,2002.78333333333
2013,11,2013-11,PETROLERA LF COMPANY S.R.L.,493.246666666667
2013,11,2013-11,PETROLERA PAMPA S.A. ,0
2013,11,2013-11,PETROLERA PATAGONIA S.R.L.,23.95
2013,11,2013-11,PETROLERA PIEDRA DEL AGUILA S.A.,0
2013,11,2013-11,PETROLERA SAN JOSE S.R.L.,65.7253333333333
2013,11,2013-11,PETROMINERA CHUBUT S.E.,0
2013,11,2013-11,PETROQUIMICA COMODORO RIVADAVIA S.A.,1096.305
2013,11,2013-11,PLUSPETROL ENERGY S.A.,197.869
2013,11,2013-11,PLUSPETROL S.A.,6111.67865088433
2013,11,2013-11,QUINTANA E&P ARGENTINA S.R.L.,4.14
2013,11,2013-11,ROCH S.A.,462.302504633333
2013,11,2013-11,SAN JORGE PETROLEUM S.A.,110.024766666667
2013,11,2013-11,"SINOPEC ARGENTINA EXPLORATION AND PRODUCTION, INC.",5919.95836666667
2013,11,2013-11,TECPETROL S.A.,3115.04653333333
2013,11,2013-11,TOTAL AUSTRAL S.A.,1697.10996666667
2013,11,2013-11,UNITEC ENERGY S.A.,8.69333333333333
2013,11,2013-11,YPF S.A.,33090.8213333333
2013,12,2013-12,AMERICAS PETROGAS ARGENTINA S.A.,355.861290322581
2013,12,2013-12,APACHE ENERGIA ARGENTINA S.R.L.,958.041935483871
2013,12,2013-12,APACHE PETROLERA ARGENTINA S.A.,83.0774193548387
2013,12,2013-12,ARGENTA ENERGIA S.A.,0
2013,12,2013-12,CAPEX S.A.,104.243548387097
2013,12,2013-12,CENTRAL INTERNATIONAL CORPORATION (SUCURSAL ARGENTINA),205.981612903226
2013,12,2013-12,CHAÑARES ENERGIA S.A.,460.37864516129
2013,12,2013-12,CHEVRON ARGENTINA S.R.L.,3835.46774193548
2013,12,2013-12,COLHUE HUAPI S.A.,76.7733870967742
2013,12,2013-12,COMPAÑÍA GENERAL DE COMBUSTIBLES S.A.,6.03709677419355
2013,12,2013-12,COMPAÑÍAS ASOCIADAS PETROLERAS S.A.,1640.48129032258
2013,12,2013-12,COPESA CIA CONSTRUCTORA PETROLERA SA,0
2013,12,2013-12,"CRI HOLDING, INC.",19.3703225806452
2013,12,2013-12,CROWN POINT ENERGIA S.A.,0
2013,12,2013-12,CROWN POINT OIL & GAS S.A.,0
2013,12,2013-12,DAPETROL S.A.,46.6774193548387
2013,12,2013-12,ENAP SIPETROL ARGENTINA S.A.,1557.24290322581
2013,12,2013-12,ENERGIAL S.A.,18.4841935483871
2013,12,2013-12,EPSUR S.A.,29.989064516129
2013,12,2013-12,EXXONMOBIL EXPLORATION ARGENTINA S.R.L.,0
2013,12,2013-12,EZ HOLDINGS S.A.,0
2013,12,2013-12,GAS Y PETROLEO DEL NEUQUEN S.A.,20.2929032258065
2013,12,2013-12,GEOPARK ARGENTINA LTD. (SUCURSAL ARGENTINA),10.1390322580645
2013,12,2013-12,GRECOIL y CIA. S.R.L.,30.5341935483871
2013,12,2013-12,HIGH LUCK GROUP LTD. - SUCURSAL ARGENTINA,0
2013,12,2013-12,INGENIERIA ALPA S.A.,48.7909677419355
2013,12,2013-12,INGENIERIA SIMA S.A.,2.93903225806452
2013,12,2013-12,INTERENERGY ARGENTINA S.A.,4.45161290322581
2013,12,2013-12,JHP INTERNATIONAL PETROLEUM ENGINEERING LTD,38.751935483871
2013,12,2013-12,KILWER S.A.,0
2013,12,2013-12,MADALENA AUSTRAL S.A.,0
2013,12,2013-12,MADALENA ENERGY ARGENTINA SRL ,273.100967741935
2013,12,2013-12,MADALENA PETROLEUM (AMERICAS) LTD. (SUCURSAL ARGENTINA),158.50064516129
2013,12,2013-12,MEDANITO S.A.,414.289677419355
2013,12,2013-12,MISAHAR ARGENTINA S.A.,1.30622580645161
2013,12,2013-12,NECON S.A.,0.461935483870968
2013,12,2013-12,O&G DEVELOPMENTS LTD S.A.,71.1290322580645
2013,12,2013-12,OIL M&S S.A.,0
2013,12,2013-12,OILSTONE ENERGIA S.A.,203.41935483871
2013,12,2013-12,PAN AMERICAN ENERGY (SUCURSAL ARGENTINA) LLC,15441.5290322581
2013,12,2013-12,PETRO AP S.A.,0
2013,12,2013-12,PETROBRAS ARGENTINA S.A.,5081.82583870968
2013,12,2013-12,PETROFARO S.A.,1.42935483870968
2013,12,2013-12,PETROLEOS SUDAMERICANOS S.A.,238.19935483871
2013,12,2013-12,PETROLERA CERRO NEGRO S.A.,67.1729677419355
2013,12,2013-12,PETROLERA DEL COMAHUE S.A.,9.37612903225807
2013,12,2013-12,PETROLERA EL TREBOL S.A.,274.538419354839
2013,12,2013-12,PETROLERA ENTRE LOMAS S.A.,1938.93548387097
2013,12,2013-12,PETROLERA LF COMPANY S.R.L.,464.71935483871
2013,12,2013-12,PETROLERA PAMPA S.A. ,0
2013,12,2013-12,PETROLERA PATAGONIA S.R.L.,24.3193548387097
2013,12,2013-12,PETROLERA PIEDRA DEL AGUILA S.A.,0
2013,12,2013-12,PETROLERA SAN JOSE S.R.L.,64.5664516129032
2013,12,2013-12,PETROMINERA CHUBUT S.E.,0
2013,12,2013-12,PETROQUIMICA COMODORO RIVADAVIA S.A.,1180.75161290323
2013,12,2013-12,PLUSPETROL ENERGY S.A.,201.433225806452
2013,12,2013-12,PLUSPETROL S.A.,6153.59705885032
2013,12,2013-12,QUINTANA E&P ARGENTINA S.R.L.,8.78387096774194
2013,12,2013-12,ROCH S.A.,430.370169903226
2013,12,2013-12,SAN JORGE PETROLEUM S.A.,106.739483870968
2013,12,2013-12,"SINOPEC ARGENTINA EXPLORATION AND PRODUCTION, INC.",5492.02374193548
2013,12,2013-12,TECPETROL S.A.,3025.24122580645
2013,12,2013-12,TOTAL AUSTRAL S.A.,1717.68838709677
2013,12,2013-12,UNITEC ENERGY S.A.,8.50967741935484
2013,12,2013-12,YPF S.A.,33332.3532258065
2014,1,2014-01,AMERICAS PETROGAS ARGENTINA S.A.,290.909677419355
2014,1,2014-01,APACHE ENERGIA ARGENTINA S.R.L.,934.912903225806
2014,1,2014-01,APACHE PETROLERA ARGENTINA S.A.,75.3483870967742
2014,1,2014-01,ARGENTA ENERGIA S.A.,0.0754838709677419
2014,1,2014-01,CAPEX S.A.,109.672258064516
2014,1,2014-01,CENTRAL INTERNATIONAL CORPORATION (SUCURSAL ARGENTINA),210.699032258065
2014,1,2014-01,CHAÑARES ENERGIA S.A.,449.827064516129
2014,1,2014-01,CHEVRON ARGENTINA S.R.L.,3662.67096774194
2014,1,2014-01,COLHUE HUAPI S.A.,75.3870967741936
2014,1,2014-01,COMPAÑÍA GENERAL DE COMBUSTIBLES S.A.,11.6964516129032
2014,1,2014-01,COMPAÑÍAS ASOCIADAS PETROLERAS S.A.,1633.32387096774
2014,1,2014-01,COPESA CIA CONSTRUCTORA PETROLERA SA,0
2014,1,2014-01,"CRI HOLDING, INC.",22.6441935483871
2014,1,2014-01,CROWN POINT ENERGIA S.A.,0
2014,1,2014-01,CROWN POINT OIL & GAS S.A.,0
2014,1,2014-01,DAPETROL S.A.,47.6129032258064
2014,1,2014-01,ENAP SIPETROL ARGENTINA S.A.,1610.59129032258
2014,1,2014-01,ENERGIAL S.A.,15.058064516129
2014,1,2014-01,EPSUR S.A.,32.5271935483871
2014,1,2014-01,EXXONMOBIL EXPLORATION ARGENTINA S.R.L.,0
2014,1,2014-01,EZ HOLDINGS S.A.,0
2014,1,2014-01,GAS Y PETROLEO DEL NEUQUEN S.A.,7.66032258064516
2014,1,2014-01,GEOPARK ARGENTINA LTD. (SUCURSAL ARGENTINA),9.40870967741936
2014,1,2014-01,GRECOIL y CIA. S.R.L.,30.7829032258065
2014,1,2014-01,HIGH LUCK GROUP LTD. - SUCURSAL ARGENTINA,0
2014,1,2014-01,INGENIERIA ALPA S.A.,49.8709677419355
2014,1,2014-01,INGENIERIA SIMA S.A.,3.26387096774194
2014,1,2014-01,INTERENERGY ARGENTINA S.A.,4.48387096774194
2014,1,2014-01,JHP INTERNATIONAL PETROLEUM ENGINEERING LTD,38.7688064516129
2014,1,2014-01,KILWER S.A.,0
2014,1,2014-01,MADALENA AUSTRAL S.A.,0
2014,1,2014-01,MADALENA ENERGY ARGENTINA SRL ,263.545483870968
2014,1,2014-01,MADALENA PETROLEUM (AMERICAS) LTD. (SUCURSAL ARGENTINA),152.797096774194
2014,1,2014-01,MEDANITO S.A.,392.835483870968
2014,1,2014-01,MISAHAR ARGENTINA S.A.,0.942258064516129
2014,1,2014-01,NECON S.A.,0.145161290322581
2014,1,2014-01,O&G DEVELOPMENTS LTD S.A.,60.1290322580645
2014,1,2014-01,OIL M&S S.A.,0
2014,1,2014-01,OILSTONE ENERGIA S.A.,201.967741935484
2014,1,2014-01,PAN AMERICAN ENERGY (SUCURSAL ARGENTINA) LLC,15272.5906451613
2014,1,2014-01,PETRO AP S.A.,0
2014,1,2014-01,PETROBRAS ARGENTINA S.A.,5276.82403225807
2014,1,2014-01,PETROFARO S.A.,1.49193548387097
2014,1,2014-01,PETROLEOS SUDAMERICANOS S.A.,240.319677419355
2014,1,2014-01,PETROLERA CERRO NEGRO S.A.,66.9688709677419
2014,1,2014-01,PETROLERA DEL COMAHUE S.A.,9.39967741935484
2014,1,2014-01,PETROLERA EL TREBOL S.A.,263.887290322581
2014,1,2014-01,PETROLERA ENTRE LOMAS S.A.,1924.0064516129
2014,1,2014-01,PETROLERA LF COMPANY S.R.L.,436.396774193548
2014,1,2014-01,PETROLERA PAMPA S.A. ,0
2014,1,2014-01,PETROLERA PATAGONIA S.R.L.,21.5235483870968
2014,1,2014-01,PETROLERA PIEDRA DEL AGUILA S.A.,0
2014,1,2014-01,PETROLERA SAN JOSE S.R.L.,60.9096774193548
2014,1,2014-01,PETROMINERA CHUBUT S.E.,0
2014,1,2014-01,PETROQUIMICA COMODORO RIVADAVIA S.A.,1128.47516129032
2014,1,2014-01,PLUSPETROL ENERGY S.A.,195.843225806452
2014,1,2014-01,PLUSPETROL S.A.,6169.33146768032
2014,1,2014-01,QUINTANA E&P ARGENTINA S.R.L.,11.6451612903226
2014,1,2014-01,ROCH S.A.,519.288395645161
2014,1,2014-01,SAN JORGE PETROLEUM S.A.,96.9556129032258
2014,1,2014-01,"SINOPEC ARGENTINA EXPLORATION AND PRODUCTION, INC.",5525.33661290323
2014,1,2014-01,TECPETROL S.A.,3094.29632258065
2014,1,2014-01,TOTAL AUSTRAL S.A.,1657.93461290323
2014,1,2014-01,UNITEC ENERGY S.A.,8.5058064516129
2014,1,2014-01,WINTERSHALL ENERGIA S.A.,9.5741935483871
2014,1,2014-01,YPF S.A.,33324.2558064516
2014,2,2014-02,AMERICAS PETROGAS ARGENTINA S.A.,248.889285714286
2014,2,2014-02,APACHE ENERGIA ARGENTINA S.R.L.,920.475357142857
2014,2,2014-02,APACHE PETROLERA ARGENTINA S.A.,73.0428571428571
2014,2,2014-02,ARGENTA ENERGIA S.A.,2.24214285714286
2014,2,2014-02,CAPEX S.A.,112.235357142857
2014,2,2014-02,CENTRAL INTERNATIONAL CORPORATION (SUCURSAL ARGENTINA),222.800392857143
2014,2,2014-02,CHAÑARES ENERGIA S.A.,476.408785714286
2014,2,2014-02,CHEVRON ARGENTINA S.R.L.,3535.225
2014,2,2014-02,COLHUE HUAPI S.A.,75.5
2014,2,2014-02,COMPAÑÍA GENERAL DE COMBUSTIBLES S.A.,13.0182142857143
2014,2,2014-02,COMPAÑÍAS ASOCIADAS PETROLERAS S.A.,1745.8925
2014,2,2014-02,COPESA CIA CONSTRUCTORA PETROLERA SA,0
2014,2,2014-02,"CRI HOLDING, INC.",20.4128571428571
2014,2,2014-02,CROWN POINT ENERGIA S.A.,0
2014,2,2014-02,CROWN POINT OIL & GAS S.A.,0
2014,2,2014-02,DAPETROL S.A.,46.75
2014,2,2014-02,ENAP SIPETROL ARGENTINA S.A.,1533.9175
2014,2,2014-02,ENERGIAL S.A.,18.4885714285714
2014,2,2014-02,EPSUR S.A.,31.4898928571429
2014,2,2014-02,EXXONMOBIL EXPLORATION ARGENTINA S.R.L.,0
2014,2,2014-02,EZ HOLDINGS S.A.,0
2014,2,2014-02,GAS Y PETROLEO DEL NEUQUEN S.A.,6.49035714285714
2014,2,2014-02,GEOPARK ARGENTINA LTD. (SUCURSAL ARGENTINA),9.41428571428571
2014,2,2014-02,GRECOIL y CIA. S.R.L.,25.9428571428571
2014,2,2014-02,HIGH LUCK GROUP LTD. - SUCURSAL ARGENTINA,153.803571428571
2014,2,2014-02,INGENIERIA ALPA S.A.,47.7142857142857
2014,2,2014-02,INGENIERIA SIMA S.A.,3.06107142857143
2014,2,2014-02,INTERENERGY ARGENTINA S.A.,4.46428571428571
2014,2,2014-02,JHP INTERNATIONAL PETROLEUM ENGINEERING LTD,39.18
2014,2,2014-02,KILWER S.A.,0
2014,2,2014-02,MADALENA AUSTRAL S.A.,0
2014,2,2014-02,MADALENA ENERGY ARGENTINA SRL ,302.834642857143
2014,2,2014-02,MADALENA PETROLEUM (AMERICAS) LTD. (SUCURSAL ARGENTINA),151.596071428571
2014,2,2014-02,MEDANITO S.A.,368.498928571429
2014,2,2014-02,MISAHAR ARGENTINA S.A.,0
2014,2,2014-02,NECON S.A.,0.227857142857143
2014,2,2014-02,O&G DEVELOPMENTS LTD S.A.,36.5714285714286
2014,2,2014-02,OIL M&S S.A.,0
2014,2,2014-02,OILSTONE ENERGIA S.A.,198.982142857143
2014,2,2014-02,PAN AMERICAN ENERGY (SUCURSAL ARGENTINA) LLC,15309.1028571429
2014,2,2014-02,PETRO AP S.A.,0
2014,2,2014-02,PETROBRAS ARGENTINA S.A.,5221.32317857143
2014,2,2014-02,PETROFARO S.A.,1.60892857142857
2014,2,2014-02,PETROLEOS SUDAMERICANOS S.A.,230.05
2014,2,2014-02,PETROLERA CERRO NEGRO S.A.,66.3776071428571
2014,2,2014-02,PETROLERA DEL COMAHUE S.A.,9.15142857142857
2014,2,2014-02,PETROLERA EL TREBOL S.A.,262.941571428571
2014,2,2014-02,PETROLERA ENTRE LOMAS S.A.,1966.68571428571
2014,2,2014-02,PETROLERA LF COMPANY S.R.L.,448.478571428571
2014,2,2014-02,PETROLERA PAMPA S.A. ,0
2014,2,2014-02,PETROLERA PATAGONIA S.R.L.,20.1067857142857
2014,2,2014-02,PETROLERA PIEDRA DEL AGUILA S.A.,0
2014,2,2014-02,PETROLERA SAN JOSE S.R.L.,57.2046428571429
2014,2,2014-02,PETROMINERA CHUBUT S.E.,0
2014,2,2014-02,PETROQUIMICA COMODORO RIVADAVIA S.A.,1085.70642857143
2014,2,2014-02,PLUSPETROL ENERGY S.A.,192.955
2014,2,2014-02,PLUSPETROL S.A.,6041.0491435825
2014,2,2014-02,QUINTANA E&P ARGENTINA S.R.L.,25.5285714285714
2014,2,2014-02,ROCH S.A.,482.6845965
2014,2,2014-02,SAN JORGE PETROLEUM S.A.,88.7596785714286
2014,2,2014-02,"SINOPEC ARGENTINA EXPLORATION AND PRODUCTION, INC.",5618.07621428571
2014,2,2014-02,TECPETROL S.A.,3081.84325
2014,2,2014-02,TOTAL AUSTRAL S.A.,1688.75625
2014,2,2014-02,UNITEC ENERGY S.A.,8.06571428571429
2014,2,2014-02,WINTERSHALL ENERGIA S.A.,7.12810714285714
2014,2,2014-02,YPF S.A.,33343.7539285714
2014,3,2014-03,AMERICAS PETROGAS ARGENTINA S.A.,239.803225806452
2014,3,2014-03,APACHE ENERGIA ARGENTINA S.R.L.,882.606774193548
2014,3,2014-03,APACHE PETROLERA ARGENTINA S.A.,80.5806451612903
2014,3,2014-03,ARGENTA ENERGIA S.A.,0.189677419354839
2014,3,2014-03,CAPEX S.A.,105.235483870968
2014,3,2014-03,CENTRAL INTERNATIONAL CORPORATION (SUCURSAL ARGENTINA),231.940774193548
2014,3,2014-03,CHAÑARES ENERGIA S.A.,504.44164516129
2014,3,2014-03,CHEVRON ARGENTINA S.R.L.,3488.17741935484
2014,3,2014-03,COLHUE HUAPI S.A.,82.6129032258064
2014,3,2014-03,COMPAÑÍA GENERAL DE COMBUSTIBLES S.A.,13.1167741935484
2014,3,2014-03,COMPAÑÍAS ASOCIADAS PETROLERAS S.A.,1806.35451612903
2014,3,2014-03,COPESA CIA CONSTRUCTORA PETROLERA SA,0
2014,3,2014-03,"CRI HOLDING, INC.",19.2690322580645
2014,3,2014-03,CROWN POINT ENERGIA S.A.,0
2014,3,2014-03,CROWN POINT OIL & GAS S.A.,0
2014,3,2014-03,DAPETROL S.A.,48.6451612903226
2014,3,2014-03,ENAP SIPETROL ARGENTINA S.A.,1582.84709677419
2014,3,2014-03,ENERGIAL S.A.,15.5683870967742
2014,3,2014-03,EPSUR S.A.,32.0038387096774
2014,3,2014-03,EXXONMOBIL EXPLORATION ARGENTINA S.R.L.,0
2014,3,2014-03,EZ HOLDINGS S.A.,0
2014,3,2014-03,GAS Y PETROLEO DEL NEUQUEN S.A.,6.0858064516129
2014,3,2014-03,GEOPARK ARGENTINA LTD. (SUCURSAL ARGENTINA),8.58677419354839
2014,3,2014-03,GRECOIL y CIA. S.R.L.,20.7983870967742
2014,3,2014-03,HIGH LUCK GROUP LTD. - SUCURSAL ARGENTINA,148.38064516129
2014,3,2014-03,INGENIERIA ALPA S.A.,42.7745161290323
2014,3,2014-03,INGENIERIA SIMA S.A.,3.84838709677419
2014,3,2014-03,INTERENERGY ARGENTINA S.A.,4.51612903225806
2014,3,2014-03,JHP INTERNATIONAL PETROLEUM ENGINEERING LTD,39.0402903225806
2014,3,2014-03,KILWER S.A.,0
2014,3,2014-03,MADALENA AUSTRAL S.A.,0
2014,3,2014-03,MADALENA ENERGY ARGENTINA SRL ,257.792580645161
2014,3,2014-03,MADALENA PETROLEUM (AMERICAS) LTD. (SUCURSAL ARGENTINA),146.124516129032
2014,3,2014-03,MEDANITO S.A.,355.253548387097
2014,3,2014-03,MISAHAR ARGENTINA S.A.,0
2014,3,2014-03,NECON S.A.,0.196129032258065
2014,3,2014-03,O&G DEVELOPMENTS LTD S.A.,41.3870967741936
2014,3,2014-03,OIL M&S S.A.,0
2014,3,2014-03,OILSTONE ENERGIA S.A.,200.03064516129
2014,3,2014-03,PAN AMERICAN ENERGY (SUCURSAL ARGENTINA) LLC,15409.2074193548
2014,3,2014-03,PETRO AP S.A.,0
2014,3,2014-03,PETROBRAS ARGENTINA S.A.,3571.06803225806
2014,3,2014-03,PETROFARO S.A.,1.54483870967742
2014,3,2014-03,PETROLEOS SUDAMERICANOS S.A.,219.000322580645
2014,3,2014-03,PETROLERA CERRO NEGRO S.A.,66.8067741935484
2014,3,2014-03,PETROLERA DEL COMAHUE S.A.,8.93
2014,3,2014-03,PETROLERA EL TREBOL S.A.,314.557483870968
2014,3,2014-03,PETROLERA ENTRE LOMAS S.A.,1978.17741935484
2014,3,2014-03,PETROLERA LF COMPANY S.R.L.,439.406451612903
2014,3,2014-03,PETROLERA PAMPA S.A. ,0
2014,3,2014-03,PETROLERA PATAGONIA S.R.L.,21.3290322580645
2014,3,2014-03,PETROLERA PIEDRA DEL AGUILA S.A.,0
2014,3,2014-03,PETROLERA SAN JOSE S.R.L.,55.9548387096774
2014,3,2014-03,PETROMINERA CHUBUT S.E.,0
2014,3,2014-03,PETROQUIMICA COMODORO RIVADAVIA S.A.,1051.16064516129
2014,3,2014-03,PLUSPETROL ENERGY S.A.,191.870967741935
2014,3,2014-03,PLUSPETROL S.A.,5918.80093229548
2014,3,2014-03,QUINTANA E&P ARGENTINA S.R.L.,24.1967741935484
2014,3,2014-03,ROCH S.A.,438.029481
2014,3,2014-03,SAN JORGE PETROLEUM S.A.,86.4281935483871
2014,3,2014-03,"SINOPEC ARGENTINA EXPLORATION AND PRODUCTION, INC.",5443.06641935484
2014,3,2014-03,TECPETROL S.A.,3138.28806451613
2014,3,2014-03,TOTAL AUSTRAL S.A.,1654.65406451613
2014,3,2014-03,UNITEC ENERGY S.A.,7.70161290322581
2014,3,2014-03,WINTERSHALL ENERGIA S.A.,4.32170967741936
2014,3,2014-03,YPF S.A.,34513.7664516129
2014,4,2014-04,AMERICAS PETROGAS ARGENTINA S.A.,211.87
2014,4,2014-04,APACHE ENERGIA ARGENTINA S.R.L.,861.996666666667
2014,4,2014-04,APACHE PETROLERA ARGENTINA S.A.,69.1666666666667
2014,4,2014-04,ARGENTA ENERGIA S.A.,0
2014,4,2014-04,CAPEX S.A.,96.7133333333333
2014,4,2014-04,CENTRAL INTERNATIONAL CORPORATION (SUCURSAL ARGENTINA),213.908666666667
2014,4,2014-04,CHAÑARES ENERGIA S.A.,449.272233333333
2014,4,2014-04,CHEVRON ARGENTINA S.R.L.,3210.35666666667
2014,4,2014-04,COLHUE HUAPI S.A.,74.8666666666667
2014,4,2014-04,COMPAÑÍA GENERAL DE COMBUSTIBLES S.A.,9.52866666666667
2014,4,2014-04,COMPAÑÍAS ASOCIADAS PETROLERAS S.A.,1740.335
2014,4,2014-04,COPESA CIA CONSTRUCTORA PETROLERA SA,0
2014,4,2014-04,"CRI HOLDING, INC.",18.237
2014,4,2014-04,CROWN POINT ENERGIA S.A.,0
2014,4,2014-04,CROWN POINT OIL & GAS S.A.,0
2014,4,2014-04,DAPETROL S.A.,49.5
2014,4,2014-04,ENAP SIPETROL ARGENTINA S.A.,1509.974
2014,4,2014-04,ENERGIAL S.A.,14.4766666666667
2014,4,2014-04,EPSUR S.A.,33.3929333333333
2014,4,2014-04,EXXONMOBIL EXPLORATION ARGENTINA S.R.L.,51.925
2014,4,2014-04,EZ HOLDINGS S.A.,0
2014,4,2014-04,GAS Y PETROLEO DEL NEUQUEN S.A.,4.738
2014,4,2014-04,GEOPARK ARGENTINA LTD. (SUCURSAL ARGENTINA),10.6323333333333
2014,4,2014-04,GRECOIL y CIA. S.R.L.,19.871
2014,4,2014-04,HIGH LUCK GROUP LTD. - SUCURSAL ARGENTINA,153.52
2014,4,2014-04,INGENIERIA ALPA S.A.,40.68
2014,4,2014-04,INGENIERIA SIMA S.A.,4.894
2014,4,2014-04,INTERENERGY ARGENTINA S.A.,4.46666666666667
2014,4,2014-04,JHP INTERNATIONAL PETROLEUM ENGINEERING LTD,39.18
2014,4,2014-04,KILWER S.A.,0
2014,4,2014-04,MADALENA AUSTRAL S.A.,0
2014,4,2014-04,MADALENA ENERGY ARGENTINA SRL ,222.683
2014,4,2014-04,MADALENA PETROLEUM (AMERICAS) LTD. (SUCURSAL ARGENTINA),120.459666666667
2014,4,2014-04,MEDANITO S.A.,328.105666666667
2014,4,2014-04,MISAHAR ARGENTINA S.A.,0
2014,4,2014-04,NECON S.A.,0.177666666666667
2014,4,2014-04,O&G DEVELOPMENTS LTD S.A.,106.4
2014,4,2014-04,OIL M&S S.A.,0
2014,4,2014-04,OILSTONE ENERGIA S.A.,190.989666666667
2014,4,2014-04,PAN AMERICAN ENERGY (SUCURSAL ARGENTINA) LLC,15416.487
2014,4,2014-04,PETRO AP S.A.,0
2014,4,2014-04,PETROBRAS ARGENTINA S.A.,3393.91
2014,4,2014-04,PETROFARO S.A.,2.11766666666667
2014,4,2014-04,PETROLEOS SUDAMERICANOS S.A.,234.3
2014,4,2014-04,PETROLERA CERRO NEGRO S.A.,61.7539
2014,4,2014-04,PETROLERA DEL COMAHUE S.A.,9.30433333333333
2014,4,2014-04,PETROLERA EL TREBOL S.A.,312.648833333333
2014,4,2014-04,PETROLERA ENTRE LOMAS S.A.,1786.33666666667
2014,4,2014-04,PETROLERA LF COMPANY S.R.L.,438.623333333333
2014,4,2014-04,PETROLERA PAMPA S.A. ,0
2014,4,2014-04,PETROLERA PATAGONIA S.R.L.,21.3053333333333
2014,4,2014-04,PETROLERA PIEDRA DEL AGUILA S.A.,0
2014,4,2014-04,PETROLERA SAN JOSE S.R.L.,53.4686666666667
2014,4,2014-04,PETROMINERA CHUBUT S.E.,0
2014,4,2014-04,PETROQUIMICA COMODORO RIVADAVIA S.A.,967.898666666667
2014,4,2014-04,PLUSPETROL ENERGY S.A.,184.910333333333
2014,4,2014-04,PLUSPETROL S.A.,5849.371562831
2014,4,2014-04,QUINTANA E&P ARGENTINA S.R.L.,17.5266666666667
2014,4,2014-04,ROCH S.A.,468.947499533333
2014,4,2014-04,SAN JORGE PETROLEUM S.A.,85.1320333333333
2014,4,2014-04,"SINOPEC ARGENTINA EXPLORATION AND PRODUCTION, INC.",5315.21026666667
2014,4,2014-04,TECPETROL S.A.,3095.7961
2014,4,2014-04,TOTAL AUSTRAL S.A.,1395.83833333333
2014,4,2014-04,UNITEC ENERGY S.A.,7.99666666666667
2014,4,2014-04,WINTERSHALL ENERGIA S.A.,1.692
2014,4,2014-04,YPF S.A.,32843.0003333333
2014,5,2014-05,AMERICAS PETROGAS ARGENTINA S.A.,203.645161290323
2014,5,2014-05,APACHE ENERGIA ARGENTINA S.R.L.,891.632258064516
2014,5,2014-05,APACHE PETROLERA ARGENTINA S.A.,79.0290322580645
2014,5,2014-05,ARGENTA ENERGIA S.A.,0
2014,5,2014-05,CAPEX S.A.,100.396774193548
2014,5,2014-05,CENTRAL INTERNATIONAL CORPORATION (SUCURSAL ARGENTINA),220.505161290323
2014,5,2014-05,CHAÑARES ENERGIA S.A.,455.651741935484
2014,5,2014-05,CHEVRON ARGENTINA S.R.L.,3223.68709677419
2014,5,2014-05,COLHUE HUAPI S.A.,75.5806451612903
2014,5,2014-05,COMPAÑÍA GENERAL DE COMBUSTIBLES S.A.,11.62
2014,5,2014-05,COMPAÑÍAS ASOCIADAS PETROLERAS S.A.,1775.9035483871
2014,5,2014-05,COPESA CIA CONSTRUCTORA PETROLERA SA,0
2014,5,2014-05,"CRI HOLDING, INC.",19.3245161290323
2014,5,2014-05,CROWN POINT ENERGIA S.A.,0
2014,5,2014-05,CROWN POINT OIL & GAS S.A.,0
2014,5,2014-05,DAPETROL S.A.,48.1935483870968
2014,5,2014-05,ENAP SIPETROL ARGENTINA S.A.,1558.52258064516
2014,5,2014-05,ENERGIAL S.A.,12.8322580645161
2014,5,2014-05,EPSUR S.A.,29.7359032258064
2014,5,2014-05,EXXONMOBIL EXPLORATION ARGENTINA S.R.L.,129.25
2014,5,2014-05,EZ HOLDINGS S.A.,0
2014,5,2014-05,GAS Y PETROLEO DEL NEUQUEN S.A.,5.08548387096774
2014,5,2014-05,GEOPARK ARGENTINA LTD. (SUCURSAL ARGENTINA),10.121935483871
2014,5,2014-05,GRECOIL y CIA. S.R.L.,28.1864516129032
2014,5,2014-05,HIGH LUCK GROUP LTD. - SUCURSAL ARGENTINA,151.838709677419
2014,5,2014-05,INGENIERIA ALPA S.A.,40.1664516129032
2014,5,2014-05,INGENIERIA SIMA S.A.,4.12354838709677
2014,5,2014-05,INTERENERGY ARGENTINA S.A.,4.51612903225806
2014,5,2014-05,JHP INTERNATIONAL PETROLEUM ENGINEERING LTD,39.1668709677419
2014,5,2014-05,KILWER S.A.,0
2014,5,2014-05,MADALENA AUSTRAL S.A.,0
2014,5,2014-05,MADALENA ENERGY ARGENTINA SRL ,220.634838709677
2014,5,2014-05,MADALENA PETROLEUM (AMERICAS) LTD. (SUCURSAL ARGENTINA),130.126451612903
2014,5,2014-05,MEDANITO S.A.,348.407096774194
2014,5,2014-05,MISAHAR ARGENTINA S.A.,0
2014,5,2014-05,NECON S.A.,0.296129032258065
2014,5,2014-05,O&G DEVELOPMENTS LTD S.A.,90.258064516129
2014,5,2014-05,OIL M&S S.A.,0
2014,5,2014-05,OILSTONE ENERGIA S.A.,196.955806451613
2014,5,2014-05,PAN AMERICAN ENERGY (SUCURSAL ARGENTINA) LLC,15536.7493548387
2014,5,2014-05,PETRO AP S.A.,0
2014,5,2014-05,PETROBRAS ARGENTINA S.A.,3446.0684516129
2014,5,2014-05,PETROFARO S.A.,2.30516129032258
2014,5,2014-05,PETROLEOS SUDAMERICANOS S.A.,237.4
2014,5,2014-05,PETROLERA CERRO NEGRO S.A.,62.568
2014,5,2014-05,PETROLERA DEL COMAHUE S.A.,9.4058064516129
2014,5,2014-05,PETROLERA EL TREBOL S.A.,290.551548387097
2014,5,2014-05,PETROLERA ENTRE LOMAS S.A.,2024.09032258065
2014,5,2014-05,PETROLERA LF COMPANY S.R.L.,446.938709677419
2014,5,2014-05,PETROLERA PAMPA S.A. ,0
2014,5,2014-05,PETROLERA PATAGONIA S.R.L.,21.8467741935484
2014,5,2014-05,PETROLERA PIEDRA DEL AGUILA S.A.,0
2014,5,2014-05,PETROLERA SAN JOSE S.R.L.,49.7461290322581
2014,5,2014-05,PETROMINERA CHUBUT S.E.,0
2014,5,2014-05,PETROQUIMICA COMODORO RIVADAVIA S.A.,956.296451612903
2014,5,2014-05,PLUSPETROL ENERGY S.A.,182.597419354839
2014,5,2014-05,PLUSPETROL S.A.,5878.70802751258
2014,5,2014-05,QUINTANA E&P ARGENTINA S.R.L.,18.0193548387097
2014,5,2014-05,ROCH S.A.,559.761435483871
2014,5,2014-05,SAN JORGE PETROLEUM S.A.,110.913806451613
2014,5,2014-05,"SINOPEC ARGENTINA EXPLORATION AND PRODUCTION, INC.",5094.08741935484
2014,5,2014-05,TECPETROL S.A.,3126.98003225806
2014,5,2014-05,TOTAL AUSTRAL S.A.,1722.96119354839
2014,5,2014-05,UNITEC ENERGY S.A.,8.09032258064516
2014,5,2014-05,WINTERSHALL ENERGIA S.A.,7.33870967741935
2014,5,2014-05,YPF S.A.,34114.9183870968
2014,6,2014-06,AMERICAS PETROGAS ARGENTINA S.A.,184.74
2014,6,2014-06,APACHE ENERGIA ARGENTINA S.R.L.,863.76
2014,6,2014-06,APACHE PETROLERA ARGENTINA S.A.,81.6333333333333
2014,6,2014-06,ARGENTA ENERGIA S.A.,0
2014,6,2014-06,CAPEX S.A.,107.513333333333
2014,6,2014-06,CENTRAL INTERNATIONAL CORPORATION (SUCURSAL ARGENTINA),217.027
2014,6,2014-06,CHAÑARES ENERGIA S.A.,456.627666666667
2014,6,2014-06,CHEVRON ARGENTINA S.R.L.,3195.42333333333
2014,6,2014-06,COLHUE HUAPI S.A.,74.6666666666667
2014,6,2014-06,COMPAÑÍA GENERAL DE COMBUSTIBLES S.A.,9.071
2014,6,2014-06,COMPAÑÍAS ASOCIADAS PETROLERAS S.A.,1732.60166666667
2014,6,2014-06,COPESA CIA CONSTRUCTORA PETROLERA SA,0
2014,6,2014-06,"CRI HOLDING, INC.",18.1723333333333
2014,6,2014-06,CROWN POINT ENERGIA S.A.,0
2014,6,2014-06,CROWN POINT OIL & GAS S.A.,0
2014,6,2014-06,DAPETROL S.A.,47.1333333333333
2014,6,2014-06,ENAP SIPETROL ARGENTINA S.A.,1578.30933333333
2014,6,2014-06,ENERGIAL S.A.,15.9162666666667
2014,6,2014-06,EPSUR S.A.,17.7905666666667
2014,6,2014-06,EXXONMOBIL EXPLORATION ARGENTINA S.R.L.,100.391666666667
2014,6,2014-06,EZ HOLDINGS S.A.,0
2014,6,2014-06,GAS Y PETROLEO DEL NEUQUEN S.A.,4.61233333333333
2014,6,2014-06,GEOPARK ARGENTINA LTD. (SUCURSAL ARGENTINA),10.6033333333333
2014,6,2014-06,GRECOIL y CIA. S.R.L.,35.4865
2014,6,2014-06,HIGH LUCK GROUP LTD. - SUCURSAL ARGENTINA,146.55
2014,6,2014-06,INGENIERIA ALPA S.A.,34.987
2014,6,2014-06,INGENIERIA SIMA S.A.,0.893333333333333
2014,6,2014-06,INTERENERGY ARGENTINA S.A.,4.5
2014,6,2014-06,JHP INTERNATIONAL PETROLEUM ENGINEERING LTD,42.16
2014,6,2014-06,KILWER S.A.,0
2014,6,2014-06,MADALENA AUSTRAL S.A.,0
2014,6,2014-06,MADALENA ENERGY ARGENTINA SRL ,267.4244
2014,6,2014-06,MADALENA PETROLEUM (AMERICAS) LTD. (SUCURSAL ARGENTINA),147.579666666667
2014,6,2014-06,MEDANITO S.A.,336.889333333333
2014,6,2014-06,MISAHAR ARGENTINA S.A.,0
2014,6,2014-06,NECON S.A.,0.297666666666667
2014,6,2014-06,O&G DEVELOPMENTS LTD S.A.,89.4
2014,6,2014-06,OIL M&S S.A.,0
2014,6,2014-06,OILSTONE ENERGIA S.A.,188.719666666667
2014,6,2014-06,PAN AMERICAN ENERGY (SUCURSAL ARGENTINA) LLC,15673.0896666667
2014,6,2014-06,PETRO AP S.A.,0
2014,6,2014-06,PETROBRAS ARGENTINA S.A.,3447.2649
2014,6,2014-06,PETROFARO S.A.,1.98666666666667
2014,6,2014-06,PETROLEOS SUDAMERICANOS S.A.,240.1
2014,6,2014-06,PETROLERA CERRO NEGRO S.A.,72.5817
2014,6,2014-06,PETROLERA DEL COMAHUE S.A.,9.49866666666667
2014,6,2014-06,PETROLERA EL TREBOL S.A.,288.239433333333
2014,6,2014-06,PETROLERA ENTRE LOMAS S.A.,2042.11
2014,6,2014-06,PETROLERA LF COMPANY S.R.L.,437.263333333333
2014,6,2014-06,PETROLERA PAMPA S.A. ,0
2014,6,2014-06,PETROLERA PATAGONIA S.R.L.,20.846
2014,6,2014-06,PETROLERA PIEDRA DEL AGUILA S.A.,0
2014,6,2014-06,PETROLERA SAN JOSE S.R.L.,46.256
2014,6,2014-06,PETROMINERA CHUBUT S.E.,0
2014,6,2014-06,PETROQUIMICA COMODORO RIVADAVIA S.A.,997.988333333333
2014,6,2014-06,PLUSPETROL ENERGY S.A.,183.583666666667
2014,6,2014-06,PLUSPETROL S.A.,5836.90109138233
2014,6,2014-06,QUINTANA E&P ARGENTINA S.R.L.,17.3266666666667
2014,6,2014-06,ROCH S.A.,533.470526766667
2014,6,2014-06,SAN JORGE PETROLEUM S.A.,120.789066666667
2014,6,2014-06,"SINOPEC ARGENTINA EXPLORATION AND PRODUCTION, INC.",4986.73773333333
2014,6,2014-06,TECPETROL S.A.,3063.6399
2014,6,2014-06,TOTAL AUSTRAL S.A.,1714.22483333333
2014,6,2014-06,UNITEC ENERGY S.A.,8.99533333333333
2014,6,2014-06,WINTERSHALL ENERGIA S.A.,6.91533333333333
2014,6,2014-06,YPF S.A.,34524.005
2014,7,2014-07,AMERICAS PETROGAS ARGENTINA S.A.,181.238709677419
2014,7,2014-07,APACHE ENERGIA ARGENTINA S.R.L.,823.545161290323
2014,7,2014-07,APACHE PETROLERA ARGENTINA S.A.,74.2
2014,7,2014-07,ARGENTA ENERGIA S.A.,0
2014,7,2014-07,CAPEX S.A.,108.790322580645
2014,7,2014-07,CENTRAL INTERNATIONAL CORPORATION (SUCURSAL ARGENTINA),200.992580645161
2014,7,2014-07,CHAÑARES ENERGIA S.A.,457.901774193548
2014,7,2014-07,CHEVRON ARGENTINA S.R.L.,2947.74193548387
2014,7,2014-07,COLHUE HUAPI S.A.,73.8064516129032
2014,7,2014-07,COMPAÑÍA GENERAL DE COMBUSTIBLES S.A.,10.7483870967742
2014,7,2014-07,COMPAÑÍAS ASOCIADAS PETROLERAS S.A.,1725.26258064516
2014,7,2014-07,COPESA CIA CONSTRUCTORA PETROLERA SA,0
2014,7,2014-07,"CRI HOLDING, INC.",17.2496997645161
2014,7,2014-07,CROWN POINT ENERGIA S.A.,0
2014,7,2014-07,CROWN POINT OIL & GAS S.A.,0
2014,7,2014-07,DAPETROL S.A.,46.6129032258064
2014,7,2014-07,ENAP SIPETROL ARGENTINA S.A.,1525.42935483871
2014,7,2014-07,ENERGIAL S.A.,11.3745483870968
2014,7,2014-07,EPSUR S.A.,1.57416129032258
2014,7,2014-07,EXXONMOBIL EXPLORATION ARGENTINA S.R.L.,0
2014,7,2014-07,EZ HOLDINGS S.A.,0
2014,7,2014-07,GAS Y PETROLEO DEL NEUQUEN S.A.,4.64267741935484
2014,7,2014-07,GEOPARK ARGENTINA LTD. (SUCURSAL ARGENTINA),11.6409677419355
2014,7,2014-07,GRECOIL y CIA. S.R.L.,32.101935483871
2014,7,2014-07,HIGH LUCK GROUP LTD. - SUCURSAL ARGENTINA,158.661290322581
2014,7,2014-07,INGENIERIA ALPA S.A.,31.4345161290323
2014,7,2014-07,INGENIERIA SIMA S.A.,4.50516129032258
2014,7,2014-07,INTERENERGY ARGENTINA S.A.,4.35483870967742
2014,7,2014-07,JHP INTERNATIONAL PETROLEUM ENGINEERING LTD,41.1923225806452
2014,7,2014-07,KILWER S.A.,0
2014,7,2014-07,MADALENA AUSTRAL S.A.,0
2014,7,2014-07,MADALENA ENERGY ARGENTINA SRL ,251.547419354839
2014,7,2014-07,MADALENA PETROLEUM (AMERICAS) LTD. (SUCURSAL ARGENTINA),149.373548387097
2014,7,2014-07,MEDANITO S.A.,317.007741935484
2014,7,2014-07,MISAHAR ARGENTINA S.A.,0
2014,7,2014-07,NECON S.A.,0.156774193548387
2014,7,2014-07,O&G DEVELOPMENTS LTD S.A.,101.451612903226
2014,7,2014-07,OIL M&S S.A.,0
2014,7,2014-07,OILSTONE ENERGIA S.A.,178.238709677419
2014,7,2014-07,PAN AMERICAN ENERGY (SUCURSAL ARGENTINA) LLC,15768.7616129032
2014,7,2014-07,PETRO AP S.A.,0
2014,7,2014-07,PETROBRAS ARGENTINA S.A.,3268.69077419355
2014,7,2014-07,PETROFARO S.A.,2.23
2014,7,2014-07,PETROLEOS SUDAMERICANOS S.A.,231.700322580645
2014,7,2014-07,PETROLERA CERRO NEGRO S.A.,73.9712580645161
2014,7,2014-07,PETROLERA DEL COMAHUE S.A.,8.52322580645161
2014,7,2014-07,PETROLERA EL TREBOL S.A.,293.173580645161
2014,7,2014-07,PETROLERA ENTRE LOMAS S.A.,1965.96774193548
2014,7,2014-07,PETROLERA LF COMPANY S.R.L.,426.651612903226
2014,7,2014-07,PETROLERA PAMPA S.A. ,0
2014,7,2014-07,PETROLERA PATAGONIA S.R.L.,21.171935483871
2014,7,2014-07,PETROLERA PIEDRA DEL AGUILA S.A.,0
2014,7,2014-07,PETROLERA SAN JOSE S.R.L.,46.5751612903226
2014,7,2014-07,PETROMINERA CHUBUT S.E.,0
2014,7,2014-07,PETROQUIMICA COMODORO RIVADAVIA S.A.,1041.56290322581
2014,7,2014-07,PLUSPETROL ENERGY S.A.,184.503870967742
2014,7,2014-07,PLUSPETROL S.A.,5700.11529949742
2014,7,2014-07,QUINTANA E&P ARGENTINA S.R.L.,19.0741935483871
2014,7,2014-07,ROCH S.A.,523.987463935484
2014,7,2014-07,SAN JORGE PETROLEUM S.A.,109.878387096774
2014,7,2014-07,"SINOPEC ARGENTINA EXPLORATION AND PRODUCTION, INC.",5027.76909677419
2014,7,2014-07,TECPETROL S.A.,3029.32022580645
2014,7,2014-07,TOTAL AUSTRAL S.A.,1718.8724516129
2014,7,2014-07,UNITEC ENERGY S.A.,6.36322580645161
2014,7,2014-07,WINTERSHALL ENERGIA S.A.,0.208387096774194
2014,7,2014-07,YPF S.A.,34495.6896774194
2014,8,2014-08,AMERICAS PETROGAS ARGENTINA S.A.,166.158064516129
2014,8,2014-08,APACHE ENERGIA ARGENTINA S.R.L.,905.345161290323
2014,8,2014-08,APACHE PETROLERA ARGENTINA S.A.,73.7516129032258
2014,8,2014-08,ARGENTA ENERGIA S.A.,0
2014,8,2014-08,CAPEX S.A.,101.229032258065
2014,8,2014-08,CENTRAL INTERNATIONAL CORPORATION (SUCURSAL ARGENTINA),217.096774193548
2014,8,2014-08,CHAÑARES ENERGIA S.A.,454.879483870968
2014,8,2014-08,CHEVRON ARGENTINA S.R.L.,3062.61935483871
2014,8,2014-08,COLHUE HUAPI S.A.,75.9032258064516
2014,8,2014-08,COMPAÑÍA GENERAL DE COMBUSTIBLES S.A.,9.88838709677419
2014,8,2014-08,COMPAÑÍAS ASOCIADAS PETROLERAS S.A.,1705.67741935484
2014,8,2014-08,COPESA CIA CONSTRUCTORA PETROLERA SA,0
2014,8,2014-08,"CRI HOLDING, INC.",14.3212849258065
2014,8,2014-08,CROWN POINT ENERGIA S.A.,0
2014,8,2014-08,CROWN POINT OIL & GAS S.A.,0
2014,8,2014-08,DAPETROL S.A.,47.4516129032258
2014,8,2014-08,ENAP SIPETROL ARGENTINA S.A.,1510.77161290323
2014,8,2014-08,ENERGIAL S.A.,13.5024193548387
2014,8,2014-08,EPSUR S.A.,0.633258064516129
2014,8,2014-08,EXXONMOBIL EXPLORATION ARGENTINA S.R.L.,76.5683870967742
2014,8,2014-08,EZ HOLDINGS S.A.,0
2014,8,2014-08,GAS Y PETROLEO DEL NEUQUEN S.A.,10.9310064516129
2014,8,2014-08,GEOPARK ARGENTINA LTD. (SUCURSAL ARGENTINA),11.2422580645161
2014,8,2014-08,GRECOIL y CIA. S.R.L.,32.2209677419355
2014,8,2014-08,HIGH LUCK GROUP LTD. - SUCURSAL ARGENTINA,164.583225806452
2014,8,2014-08,INGENIERIA ALPA S.A.,32.7245161290323
2014,8,2014-08,INGENIERIA SIMA S.A.,4.54129032258064
2014,8,2014-08,INTERENERGY ARGENTINA S.A.,4.74193548387097
2014,8,2014-08,JHP INTERNATIONAL PETROLEUM ENGINEERING LTD,41.5733870967742
2014,8,2014-08,KILWER S.A.,0
2014,8,2014-08,MADALENA AUSTRAL S.A.,0
2014,8,2014-08,MADALENA ENERGY ARGENTINA SRL ,266.017967741935
2014,8,2014-08,MADALENA PETROLEUM (AMERICAS) LTD. (SUCURSAL ARGENTINA),152.395161290323
2014,8,2014-08,MEDANITO S.A.,333.399677419355
2014,8,2014-08,MISAHAR ARGENTINA S.A.,0
2014,8,2014-08,NECON S.A.,0.203225806451613
2014,8,2014-08,O&G DEVELOPMENTS LTD S.A.,87.4516129032258
2014,8,2014-08,OIL M&S S.A.,0
2014,8,2014-08,OILSTONE ENERGIA S.A.,183.901290322581
2014,8,2014-08,PAN AMERICAN ENERGY (SUCURSAL ARGENTINA) LLC,15895.6103225806
2014,8,2014-08,PETRO AP S.A.,0
2014,8,2014-08,PETROBRAS ARGENTINA S.A.,3443.61616129032
2014,8,2014-08,PETROFARO S.A.,1.91548387096774
2014,8,2014-08,PETROLEOS SUDAMERICANOS S.A.,234.2
2014,8,2014-08,PETROLERA CERRO NEGRO S.A.,69.5025806451613
2014,8,2014-08,PETROLERA DEL COMAHUE S.A.,8.17096774193548
2014,8,2014-08,PETROLERA EL TREBOL S.A.,302.198032258064
2014,8,2014-08,PETROLERA ENTRE LOMAS S.A.,2048.56451612903
2014,8,2014-08,PETROLERA LF COMPANY S.R.L.,397.645161290323
2014,8,2014-08,PETROLERA PAMPA S.A. ,2.62838709677419
2014,8,2014-08,PETROLERA PATAGONIA S.R.L.,21.241935483871
2014,8,2014-08,PETROLERA PIEDRA DEL AGUILA S.A.,0
2014,8,2014-08,PETROLERA SAN JOSE S.R.L.,46.4141935483871
2014,8,2014-08,PETROMINERA CHUBUT S.E.,0
2014,8,2014-08,PETROQUIMICA COMODORO RIVADAVIA S.A.,1004.32064516129
2014,8,2014-08,PLUSPETROL ENERGY S.A.,184.429677419355
2014,8,2014-08,PLUSPETROL S.A.,5764.91674102807
2014,8,2014-08,QUINTANA E&P ARGENTINA S.R.L.,17.3193548387097
2014,8,2014-08,ROCH S.A.,481.203677419355
2014,8,2014-08,SAN JORGE PETROLEUM S.A.,119.111677419355
2014,8,2014-08,"SINOPEC ARGENTINA EXPLORATION AND PRODUCTION, INC.",4198.64680645161
2014,8,2014-08,TECPETROL S.A.,3028.4564516129
2014,8,2014-08,TOTAL AUSTRAL S.A.,1708.19896774194
2014,8,2014-08,UNITEC ENERGY S.A.,6.67451612903226
2014,8,2014-08,WINTERSHALL ENERGIA S.A.,0
2014,8,2014-08,YPF S.A.,35337.2283870968
2014,9,2014-09,AMERICAS PETROGAS ARGENTINA S.A.,157.499666666667
2014,9,2014-09,APACHE ENERGIA ARGENTINA S.R.L.,899.836666666667
2014,9,2014-09,APACHE PETROLERA ARGENTINA S.A.,71.6733333333333
2014,9,2014-09,ARGENTA ENERGIA S.A.,0
2014,9,2014-09,CAPEX S.A.,100.436666666667
2014,9,2014-09,CENTRAL INTERNATIONAL CORPORATION (SUCURSAL ARGENTINA),217.912
2014,9,2014-09,CHAÑARES ENERGIA S.A.,456.735233333333
2014,9,2014-09,CHEVRON ARGENTINA S.R.L.,3024.56333333333
2014,9,2014-09,COLHUE HUAPI S.A.,76.8333333333333
2014,9,2014-09,COMPAÑÍA GENERAL DE COMBUSTIBLES S.A.,9.469
2014,9,2014-09,COMPAÑÍAS ASOCIADAS PETROLERAS S.A.,1792.10066666667
2014,9,2014-09,COPESA CIA CONSTRUCTORA PETROLERA SA,0
2014,9,2014-09,"CRI HOLDING, INC.",17.6092036066667
2014,9,2014-09,CROWN POINT ENERGIA S.A.,0
2014,9,2014-09,CROWN POINT OIL & GAS S.A.,0
2014,9,2014-09,DAPETROL S.A.,46.7
2014,9,2014-09,ENAP SIPETROL ARGENTINA S.A.,1566.272
2014,9,2014-09,ENERGIAL S.A.,11.6214333333333
2014,9,2014-09,EPSUR S.A.,0.343333333333333
2014,9,2014-09,EXXONMOBIL EXPLORATION ARGENTINA S.R.L.,77.0546666666667
2014,9,2014-09,EZ HOLDINGS S.A.,0
2014,9,2014-09,GAS Y PETROLEO DEL NEUQUEN S.A.,11.55414
2014,9,2014-09,GEOPARK ARGENTINA LTD. (SUCURSAL ARGENTINA),11.46
2014,9,2014-09,GRECOIL y CIA. S.R.L.,28.8883333333333
2014,9,2014-09,HIGH LUCK GROUP LTD. - SUCURSAL ARGENTINA,172.793333333333
2014,9,2014-09,INGENIERIA ALPA S.A.,33.549
2014,9,2014-09,INGENIERIA SIMA S.A.,4.44666666666667
2014,9,2014-09,INTERENERGY ARGENTINA S.A.,4.8
2014,9,2014-09,JHP INTERNATIONAL PETROLEUM ENGINEERING LTD,42.16
2014,9,2014-09,KILWER S.A.,0
2014,9,2014-09,MADALENA AUSTRAL S.A.,0
2014,9,2014-09,MADALENA ENERGY ARGENTINA SRL ,282.096166666667
2014,9,2014-09,MADALENA PETROLEUM (AMERICAS) LTD. (SUCURSAL ARGENTINA),149.305333333333
2014,9,2014-09,MEDANITO S.A.,306.222
2014,9,2014-09,MISAHAR ARGENTINA S.A.,0
2014,9,2014-09,NECON S.A.,0.242
2014,9,2014-09,O&G DEVELOPMENTS LTD S.A.,116.633333333333
2014,9,2014-09,OIL M&S S.A.,0
2014,9,2014-09,OILSTONE ENERGIA S.A.,187.967
2014,9,2014-09,PAN AMERICAN ENERGY (SUCURSAL ARGENTINA) LLC,15891.12
2014,9,2014-09,PETRO AP S.A.,0
2014,9,2014-09,PETROBRAS ARGENTINA S.A.,3633.40613333333
2014,9,2014-09,PETROFARO S.A.,1.89
2014,9,2014-09,PETROLEOS SUDAMERICANOS S.A.,236.099666666667
2014,9,2014-09,PETROLERA CERRO NEGRO S.A.,65.647
2014,9,2014-09,PETROLERA DEL COMAHUE S.A.,7.97666666666667
2014,9,2014-09,PETROLERA EL TREBOL S.A.,302.8223
2014,9,2014-09,PETROLERA ENTRE LOMAS S.A.,2097.42
2014,9,2014-09,PETROLERA LF COMPANY S.R.L.,394.703666666667
2014,9,2014-09,PETROLERA PAMPA S.A. ,0
2014,9,2014-09,PETROLERA PATAGONIA S.R.L.,21.559
2014,9,2014-09,PETROLERA PIEDRA DEL AGUILA S.A.,0
2014,9,2014-09,PETROLERA SAN JOSE S.R.L.,44.2046666666667
2014,9,2014-09,PETROMINERA CHUBUT S.E.,0
2014,9,2014-09,PETROQUIMICA COMODORO RIVADAVIA S.A.,1070.893
2014,9,2014-09,PLUSPETROL ENERGY S.A.,181.130666666667
2014,9,2014-09,PLUSPETROL S.A.,5918.97456002267
2014,9,2014-09,QUINTANA E&P ARGENTINA S.R.L.,18.56
2014,9,2014-09,ROCH S.A.,485.415433333333
2014,9,2014-09,SAN JORGE PETROLEUM S.A.,111.771733333333
2014,9,2014-09,"SINOPEC ARGENTINA EXPLORATION AND PRODUCTION, INC.",4901.6616
2014,9,2014-09,TECPETROL S.A.,3046.77756666667
2014,9,2014-09,TOTAL AUSTRAL S.A.,1698.2171
2014,9,2014-09,UNITEC ENERGY S.A.,7.56933333333333
2014,9,2014-09,WINTERSHALL ENERGIA S.A.,0
2014,9,2014-09,YPF S.A.,35773.439
2014,10,2014-10,AMERICAS PETROGAS ARGENTINA S.A.,162.921935483871
2014,10,2014-10,APACHE ENERGIA ARGENTINA S.R.L.,865.151612903226
2014,10,2014-10,APACHE PETROLERA ARGENTINA S.A.,68.2258064516129
2014,10,2014-10,ARGENTA ENERGIA S.A.,0
2014,10,2014-10,CAPEX S.A.,94.0483870967742
2014,10,2014-10,CENTRAL INTERNATIONAL CORPORATION (SUCURSAL ARGENTINA),216.991935483871
2014,10,2014-10,CHAÑARES ENERGIA S.A.,444.95435483871
2014,10,2014-10,CHEVRON ARGENTINA S.R.L.,2951.18064516129
2014,10,2014-10,COLHUE HUAPI S.A.,73.2903225806452
2014,10,2014-10,COMPAÑÍA GENERAL DE COMBUSTIBLES S.A.,7.78612903225806
2014,10,2014-10,COMPAÑÍAS ASOCIADAS PETROLERAS S.A.,1784.55161290323
2014,10,2014-10,COPESA CIA CONSTRUCTORA PETROLERA SA,0
2014,10,2014-10,"CRI HOLDING, INC.",18.7887096774194
2014,10,2014-10,CROWN POINT ENERGIA S.A.,0
2014,10,2014-10,CROWN POINT OIL & GAS S.A.,0
2014,10,2014-10,DAPETROL S.A.,44.4193548387097
2014,10,2014-10,ENAP SIPETROL ARGENTINA S.A.,1557.26258064516
2014,10,2014-10,ENERGIAL S.A.,11.5954838709677
2014,10,2014-10,EXXONMOBIL EXPLORATION ARGENTINA S.R.L.,131.943225806452
2014,10,2014-10,EZ HOLDINGS S.A.,0
2014,10,2014-10,GAS Y PETROLEO DEL NEUQUEN S.A.,7.81667096774194
2014,10,2014-10,GEOPARK ARGENTINA LTD. (SUCURSAL ARGENTINA),10.2138709677419
2014,10,2014-10,GRECOIL y CIA. S.R.L.,30.9458064516129
2014,10,2014-10,HIGH LUCK GROUP LTD. - SUCURSAL ARGENTINA,176.351935483871
2014,10,2014-10,INGENIERIA ALPA S.A.,33.6374193548387
2014,10,2014-10,INGENIERIA SIMA S.A.,4.06516129032258
2014,10,2014-10,INTERENERGY ARGENTINA S.A.,4.7741935483871
2014,10,2014-10,JHP INTERNATIONAL PETROLEUM ENGINEERING LTD,41.8503225806452
2014,10,2014-10,KILWER S.A.,0
2014,10,2014-10,MADALENA AUSTRAL S.A.,0
2014,10,2014-10,MADALENA ENERGY ARGENTINA SRL ,254.471096774194
2014,10,2014-10,MADALENA PETROLEUM (AMERICAS) LTD. (SUCURSAL ARGENTINA),149.808709677419
2014,10,2014-10,MEDANITO S.A.,305.278387096774
2014,10,2014-10,NECON S.A.,0.32258064516129
2014,10,2014-10,O&G DEVELOPMENTS LTD S.A.,107.838709677419
2014,10,2014-10,OIL M&S S.A.,0
2014,10,2014-10,OILSTONE ENERGIA S.A.,201.371935483871
2014,10,2014-10,PAN AMERICAN ENERGY (SUCURSAL ARGENTINA) LLC,15990.9174193548
2014,10,2014-10,PETRO AP S.A.,0
2014,10,2014-10,PETROBRAS ARGENTINA S.A.,3501.45332258065
2014,10,2014-10,PETROFARO S.A.,1.64935483870968
2014,10,2014-10,PETROLEOS SUDAMERICANOS S.A.,236.059677419355
2014,10,2014-10,PETROLERA CERRO NEGRO S.A.,71.608064516129
2014,10,2014-10,PETROLERA DEL COMAHUE S.A.,7.88387096774194
2014,10,2014-10,PETROLERA EL TREBOL S.A.,295.506935483871
2014,10,2014-10,PETROLERA ENTRE LOMAS S.A.,2024.37096774194
2014,10,2014-10,PETROLERA LF COMPANY S.R.L.,423.106774193548
2014,10,2014-10,PETROLERA PAMPA S.A. ,0
2014,10,2014-10,PETROLERA PATAGONIA S.R.L.,22.4983870967742
2014,10,2014-10,PETROLERA PIEDRA DEL AGUILA S.A.,0
2014,10,2014-10,PETROLERA SAN JOSE S.R.L.,37.4
2014,10,2014-10,PETROMINERA CHUBUT S.E.,0
2014,10,2014-10,PETROQUIMICA COMODORO RIVADAVIA S.A.,1139.90838709677
2014,10,2014-10,PLUSPETROL ENERGY S.A.,172.298709677419
2014,10,2014-10,PLUSPETROL S.A.,5876.96343334774
2014,10,2014-10,QUINTANA E&P ARGENTINA S.R.L.,46.4645161290323
2014,10,2014-10,ROCH S.A.,472.708935483871
2014,10,2014-10,SAN JORGE PETROLEUM S.A.,103.884580645161
2014,10,2014-10,"SINOPEC ARGENTINA EXPLORATION AND PRODUCTION, INC.",4941.92564516129
2014,10,2014-10,TECPETROL S.A.,2982.10251612903
2014,10,2014-10,TOTAL AUSTRAL S.A.,1490.58290322581
2014,10,2014-10,UNITEC ENERGY S.A.,7.6658064516129
2014,10,2014-10,WINTERSHALL ENERGIA S.A.,0
2014,10,2014-10,YPF S.A.,36026.5834516129
2014,11,2014-11,AMERICAS PETROGAS ARGENTINA S.A.,146.33
2014,11,2014-11,APACHE ENERGIA ARGENTINA S.R.L.,821.956666666667
2014,11,2014-11,APACHE PETROLERA ARGENTINA S.A.,71.6066666666667
2014,11,2014-11,ARGENTA ENERGIA S.A.,0
2014,11,2014-11,CAPEX S.A.,90.84
2014,11,2014-11,CENTRAL INTERNATIONAL CORPORATION (SUCURSAL ARGENTINA),208.952666666667
2014,11,2014-11,CHAÑARES ENERGIA S.A.,420.3072
2014,11,2014-11,CHEVRON ARGENTINA S.R.L.,2926.9
2014,11,2014-11,COLHUE HUAPI S.A.,78.0666666666667
2014,11,2014-11,COMPAÑÍA GENERAL DE COMBUSTIBLES S.A.,12.1623333333333
2014,11,2014-11,COMPAÑÍAS ASOCIADAS PETROLERAS S.A.,1765.29866666667
2014,11,2014-11,COPESA CIA CONSTRUCTORA PETROLERA SA,0
2014,11,2014-11,"CRI HOLDING, INC.",20.1332604566667
2014,11,2014-11,CROWN POINT ENERGIA S.A.,0
2014,11,2014-11,CROWN POINT OIL & GAS S.A.,0
2014,11,2014-11,DAPETROL S.A.,45.8333333333333
2014,11,2014-11,ENAP SIPETROL ARGENTINA S.A.,1439.006
2014,11,2014-11,ENERGIAL S.A.,14.6414333333333
2014,11,2014-11,EXXONMOBIL EXPLORATION ARGENTINA S.R.L.,116.392333333333
2014,11,2014-11,EZ HOLDINGS S.A.,0
2014,11,2014-11,GAS Y PETROLEO DEL NEUQUEN S.A.,7.23577
2014,11,2014-11,GEOPARK ARGENTINA LTD. (SUCURSAL ARGENTINA),8.186
2014,11,2014-11,GRECOIL y CIA. S.R.L.,19.479
2014,11,2014-11,HIGH LUCK GROUP LTD. - SUCURSAL ARGENTINA,158.293333333333
2014,11,2014-11,INGENIERIA ALPA S.A.,33.6543333333333
2014,11,2014-11,INGENIERIA SIMA S.A.,4.03
2014,11,2014-11,INTERENERGY ARGENTINA S.A.,4.76666666666667
2014,11,2014-11,JHP INTERNATIONAL PETROLEUM ENGINEERING LTD,41.52
2014,11,2014-11,KILWER S.A.,0
2014,11,2014-11,MADALENA AUSTRAL S.A.,0
2014,11,2014-11,MADALENA ENERGY ARGENTINA SRL ,238.429433333333
2014,11,2014-11,MADALENA PETROLEUM (AMERICAS) LTD. (SUCURSAL ARGENTINA),149.645333333333
2014,11,2014-11,MEDANITO S.A.,309.702
2014,11,2014-11,NECON S.A.,0.317333333333333
2014,11,2014-11,O&G DEVELOPMENTS LTD S.A.,72.3666666666667
2014,11,2014-11,OIL M&S S.A.,0
2014,11,2014-11,OILSTONE ENERGIA S.A.,200.028333333333
2014,11,2014-11,PAN AMERICAN ENERGY (SUCURSAL ARGENTINA) LLC,16030.5323333333
2014,11,2014-11,PETRO AP S.A.,0
2014,11,2014-11,PETROBRAS ARGENTINA S.A.,3269.3805
2014,11,2014-11,PETROFARO S.A.,1.38866666666667
2014,11,2014-11,PETROLEOS SUDAMERICANOS S.A.,238.17
2014,11,2014-11,PETROLERA CERRO NEGRO S.A.,63.5585333333333
2014,11,2014-11,PETROLERA DEL COMAHUE S.A.,7.82833333333333
2014,11,2014-11,PETROLERA EL TREBOL S.A.,304.6149
2014,11,2014-11,PETROLERA ENTRE LOMAS S.A.,1960.17
2014,11,2014-11,PETROLERA LF COMPANY S.R.L.,446.426666666667
2014,11,2014-11,PETROLERA PAMPA S.A. ,0
2014,11,2014-11,PETROLERA PATAGONIA S.R.L.,25.8486666666667
2014,11,2014-11,PETROLERA PIEDRA DEL AGUILA S.A.,0
2014,11,2014-11,PETROMINERA CHUBUT S.E.,0
2014,11,2014-11,PETROQUIMICA COMODORO RIVADAVIA S.A.,1147.29333333333
2014,11,2014-11,PLUSPETROL ENERGY S.A.,168.877333333333
2014,11,2014-11,PLUSPETROL S.A.,5343.339485881
2014,11,2014-11,PRESIDENT PETROLEUM S.A.,36.8996666666667
2014,11,2014-11,QUINTANA E&P ARGENTINA S.R.L.,51.65
2014,11,2014-11,ROCH S.A.,433.019933333333
2014,11,2014-11,SAN JORGE PETROLEUM S.A.,102.385566666667
2014,11,2014-11,"SINOPEC ARGENTINA EXPLORATION AND PRODUCTION, INC.",4998.437
2014,11,2014-11,TECPETROL S.A.,2973.0931
2014,11,2014-11,TOTAL AUSTRAL S.A.,1611.30716666667
2014,11,2014-11,UNITEC ENERGY S.A.,7.094
2014,11,2014-11,WINTERSHALL ENERGIA S.A.,0
2014,11,2014-11,YPF S.A.,36196.1766
2014,12,2014-12,AMERICAS PETROGAS ARGENTINA S.A.,163.088709677419
2014,12,2014-12,APACHE ENERGIA ARGENTINA S.R.L.,833.590322580645
2014,12,2014-12,APACHE PETROLERA ARGENTINA S.A.,84.7354838709677
2014,12,2014-12,ARGENTA ENERGIA S.A.,0
2014,12,2014-12,CAPEX S.A.,88.3483870967742
2014,12,2014-12,CENTRAL INTERNATIONAL CORPORATION (SUCURSAL ARGENTINA),228.464806451613
2014,12,2014-12,CHAÑARES ENERGIA S.A.,457.973935483871
2014,12,2014-12,CHEVRON ARGENTINA S.R.L.,2956.3635483871
2014,12,2014-12,COLHUE HUAPI S.A.,77.7096774193548
2014,12,2014-12,COMPAÑÍA GENERAL DE COMBUSTIBLES S.A.,9.96548387096774
2014,12,2014-12,COMPAÑÍAS ASOCIADAS PETROLERAS S.A.,1778.93516129032
2014,12,2014-12,COPESA CIA CONSTRUCTORA PETROLERA SA,0
2014,12,2014-12,"CRI HOLDING, INC.",19.8020897645161
2014,12,2014-12,CROWN POINT ENERGIA S.A.,0
2014,12,2014-12,CROWN POINT OIL & GAS S.A.,0
2014,12,2014-12,DAPETROL S.A.,43.258064516129
2014,12,2014-12,ENAP SIPETROL ARGENTINA S.A.,1327.49193548387
2014,12,2014-12,ENERGIAL S.A.,12.0046451612903
2014,12,2014-12,EXXONMOBIL EXPLORATION ARGENTINA S.R.L.,58.9370967741935
2014,12,2014-12,GAS Y PETROLEO DEL NEUQUEN S.A.,7.48507741935484
2014,12,2014-12,GEOPARK ARGENTINA LTD. (SUCURSAL ARGENTINA),7.08193548387097
2014,12,2014-12,GRECOIL y CIA. S.R.L.,29.438064516129
2014,12,2014-12,HIGH LUCK GROUP LTD. - SUCURSAL ARGENTINA,131.845161290323
2014,12,2014-12,INGENIERIA ALPA S.A.,32.8683870967742
2014,12,2014-12,INGENIERIA SIMA S.A.,4.03870967741936
2014,12,2014-12,INTERENERGY ARGENTINA S.A.,4.74193548387097
2014,12,2014-12,JHP INTERNATIONAL PETROLEUM ENGINEERING LTD,40.7877419354839
2014,12,2014-12,KILWER S.A.,0
2014,12,2014-12,MADALENA AUSTRAL S.A.,0
2014,12,2014-12,MADALENA ENERGY ARGENTINA SRL ,234.714838709677
2014,12,2014-12,MADALENA PETROLEUM (AMERICAS) LTD. (SUCURSAL ARGENTINA),142.399032258065
2014,12,2014-12,MEDANITO S.A.,328.371290322581
2014,12,2014-12,NECON S.A.,0.270322580645161
2014,12,2014-12,O&G DEVELOPMENTS LTD S.A.,122.129032258065
2014,12,2014-12,OIL M&S S.A.,0
2014,12,2014-12,OILSTONE ENERGIA S.A.,197.122258064516
2014,12,2014-12,PAN AMERICAN ENERGY (SUCURSAL ARGENTINA) LLC,16283.4180645161
2014,12,2014-12,PETRO AP S.A.,0
2014,12,2014-12,PETROBRAS ARGENTINA S.A.,3162.90219354839
2014,12,2014-12,PETROFARO S.A.,0.357741935483871
2014,12,2014-12,PETROLEOS SUDAMERICANOS S.A.,240.85
2014,12,2014-12,PETROLERA CERRO NEGRO S.A.,62.2634193548387
2014,12,2014-12,PETROLERA DEL COMAHUE S.A.,10.0538709677419
2014,12,2014-12,PETROLERA EL TREBOL S.A.,353.175967741935
2014,12,2014-12,PETROLERA ENTRE LOMAS S.A.,1894.3
2014,12,2014-12,PETROLERA LF COMPANY S.R.L.,426.3
2014,12,2014-12,PETROLERA PAMPA S.A. ,0
2014,12,2014-12,PETROLERA PATAGONIA S.R.L.,26.3654838709677
2014,12,2014-12,PETROLERA PIEDRA DEL AGUILA S.A.,0
2014,12,2014-12,PETROMINERA CHUBUT S.E.,0
2014,12,2014-12,PETROQUIMICA COMODORO RIVADAVIA S.A.,1260.27387096774
2014,12,2014-12,PLUSPETROL ENERGY S.A.,166.136774193548
2014,12,2014-12,PLUSPETROL S.A.,5643.97007679581
2014,12,2014-12,PRESIDENT PETROLEUM S.A.,34.3290322580645
2014,12,2014-12,QUINTANA E&P ARGENTINA S.R.L.,49.7516129032258
2014,12,2014-12,ROCH S.A.,482.339838709677
2014,12,2014-12,SAN JORGE PETROLEUM S.A.,108.876064516129
2014,12,2014-12,"SINOPEC ARGENTINA EXPLORATION AND PRODUCTION, INC.",4817.75493548387
2014,12,2014-12,TECPETROL S.A.,2974.24529032258
2014,12,2014-12,TOTAL AUSTRAL S.A.,1609.39103225806
2014,12,2014-12,UNITEC ENERGY S.A.,8.22741935483871
2014,12,2014-12,WINTERSHALL ENERGIA S.A.,0
2014,12,2014-12,YPF S.A.,35934.4136774194
2015,1,2015-01,AMERICAS PETROGAS ARGENTINA S.A.,253.071612903226
2015,1,2015-01,APACHE PETROLERA ARGENTINA S.A.,73.9741935483871
2015,1,2015-01,ARGENTA ENERGIA S.A.,0
2015,1,2015-01,CAPEX S.A.,94.8354838709677
2015,1,2015-01,CENTRAL INTERNATIONAL CORPORATION (SUCURSAL ARGENTINA),224.783548387097
2015,1,2015-01,CHAÑARES ENERGIA S.A.,416.756548387097
2015,1,2015-01,CHEVRON ARGENTINA S.R.L.,2867.67741935484
2015,1,2015-01,COLHUE HUAPI S.A.,75.6774193548387
2015,1,2015-01,COMPAÑÍA GENERAL DE COMBUSTIBLES S.A.,7.89870967741936
2015,1,2015-01,COMPAÑÍAS ASOCIADAS PETROLERAS S.A.,1778.90451612903
2015,1,2015-01,COPESA CIA CONSTRUCTORA PETROLERA SA,0
2015,1,2015-01,"CRI HOLDING, INC.",19.3268978278177
2015,1,2015-01,CROWN POINT ENERGIA S.A.,0
2015,1,2015-01,CROWN POINT OIL & GAS S.A.,0
2015,1,2015-01,DAPETROL S.A.,44.4516129032258
2015,1,2015-01,ENAP SIPETROL ARGENTINA S.A.,1522.67387096774
2015,1,2015-01,ENERGIAL S.A.,12.6721935483871
2015,1,2015-01,EXXONMOBIL EXPLORATION ARGENTINA S.R.L.,56.8509677419355
2015,1,2015-01,GAS Y PETROLEO DEL NEUQUEN S.A.,30.6232129032258
2015,1,2015-01,GEOPARK ARGENTINA LTD. (SUCURSAL ARGENTINA),7.08193548387097
2015,1,2015-01,GRECOIL y CIA. S.R.L.,27.9016129032258
2015,1,2015-01,HIGH LUCK GROUP LTD. - SUCURSAL ARGENTINA,133.554838709677
2015,1,2015-01,INGENIERIA ALPA S.A.,34.7409677419355
2015,1,2015-01,INGENIERIA SIMA S.A.,1.19193548387097
2015,1,2015-01,INTERENERGY ARGENTINA S.A.,4.7741935483871
2015,1,2015-01,JHP INTERNATIONAL PETROLEUM ENGINEERING LTD,0
2015,1,2015-01,KILWER S.A.,0
2015,1,2015-01,MADALENA AUSTRAL S.A.,0
2015,1,2015-01,MADALENA ENERGY ARGENTINA SRL ,233.377580645161
2015,1,2015-01,MADALENA PETROLEUM (AMERICAS) LTD. (SUCURSAL ARGENTINA),146.543225806452
2015,1,2015-01,MEDANITO S.A.,360.948064516129
2015,1,2015-01,NECON S.A.,0.254516129032258
2015,1,2015-01,O&G DEVELOPMENTS LTD S.A.,131.451612903226
2015,1,2015-01,OIL M&S S.A.,0
2015,1,2015-01,OILSTONE ENERGIA S.A.,199.946129032258
2015,1,2015-01,PAN AMERICAN ENERGY (SUCURSAL ARGENTINA) LLC,16290.4016129032
2015,1,2015-01,PETRO AP S.A.,40.07
2015,1,2015-01,PETROBRAS ARGENTINA S.A.,3230.89174193548
2015,1,2015-01,PETROFARO S.A.,0.54258064516129
2015,1,2015-01,PETROLEOS SUDAMERICANOS S.A.,228.449677419355
2015,1,2015-01,PETROLERA CERRO NEGRO S.A.,61.4868064516129
2015,1,2015-01,PETROLERA DEL COMAHUE S.A.,8.51
2015,1,2015-01,PETROLERA EL TREBOL S.A.,384.728967741935
2015,1,2015-01,PETROLERA ENTRE LOMAS S.A.,1887.09032258065
2015,1,2015-01,PETROLERA LF COMPANY S.R.L.,383.7
2015,1,2015-01,PETROLERA PAMPA S.A. ,0
2015,1,2015-01,PETROLERA PATAGONIA S.R.L.,26.5851612903226
2015,1,2015-01,PETROLERA PIEDRA DEL AGUILA S.A.,0
2015,1,2015-01,PETROMINERA CHUBUT S.E.,0
2015,1,2015-01,PETROQUIMICA COMODORO RIVADAVIA S.A.,1385.00161290323
2015,1,2015-01,PLUSPETROL ENERGY S.A.,170.225483870968
2015,1,2015-01,PLUSPETROL S.A.,5566.52977688903
2015,1,2015-01,PRESIDENT PETROLEUM S.A.,33.0512903225806
2015,1,2015-01,QUINTANA E&P ARGENTINA S.R.L.,51.0451612903226
2015,1,2015-01,ROCH S.A.,473.466806451613
2015,1,2015-01,SAN JORGE PETROLEUM S.A.,101.313838709677
2015,1,2015-01,"SINOPEC ARGENTINA EXPLORATION AND PRODUCTION, INC.",4834.57159354839
2015,1,2015-01,TECPETROL S.A.,2866.22112903226
2015,1,2015-01,TOTAL AUSTRAL S.A.,1599.67048387097
2015,1,2015-01,UNITEC ENERGY S.A.,7.33612903225806
2015,1,2015-01,WINTERSHALL ENERGIA S.A.,0
2015,1,2015-01,YPF S.A.,35564.9317741936
2015,1,2015-01,YSUR ENERGÍA ARGENTINA S.R.L.,822.167741935484
2015,2,2015-02,AMERICAS PETROGAS ARGENTINA S.A.,237.803214285714
2015,2,2015-02,APACHE PETROLERA ARGENTINA S.A.,74.2464285714286
2015,2,2015-02,ARGENTA ENERGIA S.A.,0
2015,2,2015-02,CAPEX S.A.,95.9214285714286
2015,2,2015-02,CENTRAL INTERNATIONAL CORPORATION (SUCURSAL ARGENTINA),213.039285714286
2015,2,2015-02,CHAÑARES ENERGIA S.A.,438.431071428571
2015,2,2015-02,CHEVRON ARGENTINA S.R.L.,2843.21785714286
2015,2,2015-02,COLHUE HUAPI S.A.,73.25
2015,2,2015-02,COMPAÑÍA GENERAL DE COMBUSTIBLES S.A.,7.06464285714286
2015,2,2015-02,COMPAÑÍAS ASOCIADAS PETROLERAS S.A.,1797.85857142857
2015,2,2015-02,COPESA CIA CONSTRUCTORA PETROLERA SA,0
2015,2,2015-02,"CRI HOLDING, INC.",17.1817857142857
2015,2,2015-02,CROWN POINT ENERGIA S.A.,0
2015,2,2015-02,CROWN POINT OIL & GAS S.A.,0
2015,2,2015-02,DAPETROL S.A.,46.6785714285714
2015,2,2015-02,ENAP SIPETROL ARGENTINA S.A.,1496.62464285714
2015,2,2015-02,ENERGIAL S.A.,12.4123571428571
2015,2,2015-02,EXXONMOBIL EXPLORATION ARGENTINA S.R.L.,87.4635714285714
2015,2,2015-02,GAS Y PETROLEO DEL NEUQUEN S.A.,27.8564928571429
2015,2,2015-02,GEOPARK ARGENTINA LTD. (SUCURSAL ARGENTINA),2.37678571428571
2015,2,2015-02,GRECOIL y CIA. S.R.L.,27.9521428571429
2015,2,2015-02,HIGH LUCK GROUP LTD. - SUCURSAL ARGENTINA,144.885
2015,2,2015-02,INGENIERIA ALPA S.A.,36.9357142857143
2015,2,2015-02,INGENIERIA SIMA S.A.,1.37964285714286
2015,2,2015-02,INTERENERGY ARGENTINA S.A.,3.75
2015,2,2015-02,JHP INTERNATIONAL PETROLEUM ENGINEERING LTD,0
2015,2,2015-02,KILWER S.A.,0
2015,2,2015-02,MADALENA AUSTRAL S.A.,0
2015,2,2015-02,MADALENA ENERGY ARGENTINA SRL ,224.624535714286
2015,2,2015-02,MADALENA PETROLEUM (AMERICAS) LTD. (SUCURSAL ARGENTINA),140.263214285714
2015,2,2015-02,MEDANITO S.A.,381.246071428571
2015,2,2015-02,NECON S.A.,0.261428571428571
2015,2,2015-02,O&G DEVELOPMENTS LTD S.A.,116.071428571429
2015,2,2015-02,OIL M&S S.A.,0
2015,2,2015-02,OILSTONE ENERGIA S.A.,200.459714285714
2015,2,2015-02,PAN AMERICAN ENERGY (SUCURSAL ARGENTINA) LLC,16275.4982142857
2015,2,2015-02,PETRO AP S.A.,40.07
2015,2,2015-02,PETROBRAS ARGENTINA S.A.,3184.58353571429
2015,2,2015-02,PETROFARO S.A.,0.703928571428571
2015,2,2015-02,PETROLEOS SUDAMERICANOS S.A.,221.559642857143
2015,2,2015-02,PETROLERA CERRO NEGRO S.A.,67.4321071428571
2015,2,2015-02,PETROLERA DEL COMAHUE S.A.,6.9325
2015,2,2015-02,PETROLERA EL TREBOL S.A.,424.977357142857
2015,2,2015-02,PETROLERA ENTRE LOMAS S.A.,1840.8
2015,2,2015-02,PETROLERA LF COMPANY S.R.L.,357.732142857143
2015,2,2015-02,PETROLERA PAMPA S.A. ,0
2015,2,2015-02,PETROLERA PATAGONIA S.R.L.,24.6825
2015,2,2015-02,PETROLERA PIEDRA DEL AGUILA S.A.,0
2015,2,2015-02,PETROMINERA CHUBUT S.E.,19.0310714285714
2015,2,2015-02,PETROQUIMICA COMODORO RIVADAVIA S.A.,1293.53964285714
2015,2,2015-02,PLUSPETROL ENERGY S.A.,170.529642857143
2015,2,2015-02,PLUSPETROL S.A.,5478.10630419107
2015,2,2015-02,PRESIDENT PETROLEUM S.A.,34.4082142857143
2015,2,2015-02,QUINTANA E&P ARGENTINA S.R.L.,59.2
2015,2,2015-02,ROCH S.A.,478.782857142857
2015,2,2015-02,SAN JORGE PETROLEUM S.A.,105.643464285714
2015,2,2015-02,"SINOPEC ARGENTINA EXPLORATION AND PRODUCTION, INC.",4642.43353571429
2015,2,2015-02,TECPETROL S.A.,2934.32821428571
2015,2,2015-02,TOTAL AUSTRAL S.A.,1569.01071428571
2015,2,2015-02,UNITEC ENERGY S.A.,4.46071428571429
2015,2,2015-02,WINTERSHALL ENERGIA S.A.,0
2015,2,2015-02,YPF S.A.,35290.7043928571
2015,2,2015-02,YSUR ENERGÍA ARGENTINA S.R.L.,799.107142857143
2015,3,2015-03,AMERICAS PETROGAS ARGENTINA S.A.,215.994838709677
2015,3,2015-03,APACHE PETROLERA ARGENTINA S.A.,89.0967741935484
2015,3,2015-03,ARGENTA ENERGIA S.A.,0
2015,3,2015-03,CAPEX S.A.,92.2483870967742
2015,3,2015-03,CENTRAL INTERNATIONAL CORPORATION (SUCURSAL ARGENTINA),212.300322580645
2015,3,2015-03,CHAÑARES ENERGIA S.A.,426.246225806452
2015,3,2015-03,CHEVRON ARGENTINA S.R.L.,2835.59032258065
2015,3,2015-03,COLHUE HUAPI S.A.,74.6129032258064
2015,3,2015-03,COMPAÑÍA GENERAL DE COMBUSTIBLES S.A.,8.85677419354839
2015,3,2015-03,COMPAÑÍAS ASOCIADAS PETROLERAS S.A.,1762.32258064516
2015,3,2015-03,COPESA CIA CONSTRUCTORA PETROLERA SA,0
2015,3,2015-03,"CRI HOLDING, INC.",15.99
2015,3,2015-03,CROWN POINT ENERGIA S.A.,0
2015,3,2015-03,CROWN POINT OIL & GAS S.A.,0
2015,3,2015-03,DAPETROL S.A.,42.741935483871
2015,3,2015-03,ENAP SIPETROL ARGENTINA S.A.,1505.30064516129
2015,3,2015-03,ENERGIAL S.A.,12.3619032258065
2015,3,2015-03,EXXONMOBIL EXPLORATION ARGENTINA S.R.L.,77.0941935483871
2015,3,2015-03,GAS Y PETROLEO DEL NEUQUEN S.A.,27.1896451612903
2015,3,2015-03,GEOPARK ARGENTINA LTD. (SUCURSAL ARGENTINA),0
2015,3,2015-03,GRECOIL y CIA. S.R.L.,24.3461290322581
2015,3,2015-03,HIGH LUCK GROUP LTD. - SUCURSAL ARGENTINA,139.148387096774
2015,3,2015-03,INGENIERIA ALPA S.A.,34.1848387096774
2015,3,2015-03,INGENIERIA SIMA S.A.,2.94064516129032
2015,3,2015-03,INTERENERGY ARGENTINA S.A.,4.19354838709677
2015,3,2015-03,JHP INTERNATIONAL PETROLEUM ENGINEERING LTD,0
2015,3,2015-03,KILWER S.A.,0
2015,3,2015-03,MADALENA AUSTRAL S.A.,0
2015,3,2015-03,MADALENA ENERGY ARGENTINA SRL ,248.086387096774
2015,3,2015-03,MADALENA PETROLEUM (AMERICAS) LTD. (SUCURSAL ARGENTINA),139.604516129032
2015,3,2015-03,MEDANITO S.A.,389.330967741935
2015,3,2015-03,NECON S.A.,0.270967741935484
2015,3,2015-03,O&G DEVELOPMENTS LTD S.A.,122.193548387097
2015,3,2015-03,OIL M&S S.A.,0
2015,3,2015-03,OILSTONE ENERGIA S.A.,212.915483870968
2015,3,2015-03,PAN AMERICAN ENERGY (SUCURSAL ARGENTINA) LLC,16319.9274193548
2015,3,2015-03,PETRO AP S.A.,39.8077419354839
2015,3,2015-03,PETROBRAS ARGENTINA S.A.,3242.30406451613
2015,3,2015-03,PETROFARO S.A.,1.02838709677419
2015,3,2015-03,PETROLEOS SUDAMERICANOS S.A.,228.810322580645
2015,3,2015-03,PETROLERA CERRO NEGRO S.A.,60.4498387096774
2015,3,2015-03,PETROLERA DEL COMAHUE S.A.,5.93806451612903
2015,3,2015-03,PETROLERA EL TREBOL S.A.,428.341225806452
2015,3,2015-03,PETROLERA ENTRE LOMAS S.A.,1895.34193548387
2015,3,2015-03,PETROLERA LF COMPANY S.R.L.,358.709677419355
2015,3,2015-03,PETROLERA PAMPA S.A. ,0
2015,3,2015-03,PETROLERA PATAGONIA S.R.L.,26.6864516129032
2015,3,2015-03,PETROLERA PIEDRA DEL AGUILA S.A.,0
2015,3,2015-03,PETROMINERA CHUBUT S.E.,30.4667741935484
2015,3,2015-03,PETROQUIMICA COMODORO RIVADAVIA S.A.,1210.98129032258
2015,3,2015-03,PLUSPETROL ENERGY S.A.,166.588709677419
2015,3,2015-03,PLUSPETROL S.A.,5557.85074470129
2015,3,2015-03,PRESIDENT PETROLEUM S.A.,31.7651612903226
2015,3,2015-03,QUINTANA E&P ARGENTINA S.R.L.,48.2935483870968
2015,3,2015-03,ROCH S.A.,483.024161290323
2015,3,2015-03,SAN JORGE PETROLEUM S.A.,101.033741935484
2015,3,2015-03,"SINOPEC ARGENTINA EXPLORATION AND PRODUCTION, INC.",4611.46935483871
2015,3,2015-03,TECPETROL S.A.,2815.72216129032
2015,3,2015-03,TOTAL AUSTRAL S.A.,1550.82635483871
2015,3,2015-03,UNITEC ENERGY S.A.,6.28645161290323
2015,3,2015-03,WINTERSHALL ENERGIA S.A.,0
2015,3,2015-03,YPF S.A.,35797.3551612903
2015,3,2015-03,YSUR ENERGÍA ARGENTINA S.R.L.,766.045161290323
2015,4,2015-04,AMERICAS PETROGAS ARGENTINA S.A.,193.559
2015,4,2015-04,APACHE PETROLERA ARGENTINA S.A.,113.013333333333
2015,4,2015-04,ARGENTA ENERGIA S.A.,0
2015,4,2015-04,CAPEX S.A.,96.57
2015,4,2015-04,CENTRAL INTERNATIONAL CORPORATION (SUCURSAL ARGENTINA),209.819
2015,4,2015-04,CHAÑARES ENERGIA S.A.,442.4226
2015,4,2015-04,CHEVRON ARGENTINA S.R.L.,2761.32
2015,4,2015-04,COLHUE HUAPI S.A.,73.6333333333333
2015,4,2015-04,COMPAÑÍA GENERAL DE COMBUSTIBLES S.A.,962.783666666667
2015,4,2015-04,COMPAÑÍAS ASOCIADAS PETROLERAS S.A.,1789.96666666667
2015,4,2015-04,COPESA CIA CONSTRUCTORA PETROLERA SA,0
2015,4,2015-04,"CRI HOLDING, INC.",15.5666861073877
2015,4,2015-04,CROWN POINT ENERGIA S.A.,0
2015,4,2015-04,CROWN POINT OIL & GAS S.A.,0
2015,4,2015-04,DAPETROL S.A.,44.5666666666667
2015,4,2015-04,ENAP SIPETROL ARGENTINA S.A.,1518.61733333333
2015,4,2015-04,ENERGIAL S.A.,11.4239333333333
2015,4,2015-04,EXXONMOBIL EXPLORATION ARGENTINA S.R.L.,67.466
2015,4,2015-04,GAS Y PETROLEO DEL NEUQUEN S.A.,24.7617333333333
2015,4,2015-04,GEOPARK ARGENTINA LTD. (SUCURSAL ARGENTINA),0
2015,4,2015-04,GRECOIL y CIA. S.R.L.,25.4226666666667
2015,4,2015-04,HIGH LUCK GROUP LTD. - SUCURSAL ARGENTINA,145.65
2015,4,2015-04,INGENIERIA ALPA S.A.,31.118
2015,4,2015-04,INGENIERIA SIMA S.A.,2.90733333333333
2015,4,2015-04,INTERENERGY ARGENTINA S.A.,3.66666666666667
2015,4,2015-04,JHP INTERNATIONAL PETROLEUM ENGINEERING LTD,0
2015,4,2015-04,KILWER S.A.,0
2015,4,2015-04,MADALENA AUSTRAL S.A.,0
2015,4,2015-04,MADALENA ENERGY ARGENTINA SRL ,247.6349
2015,4,2015-04,MADALENA PETROLEUM (AMERICAS) LTD. (SUCURSAL ARGENTINA),178.710333333333
2015,4,2015-04,MEDANITO S.A.,391.631666666667
2015,4,2015-04,NECON S.A.,0.288333333333333
2015,4,2015-04,O&G DEVELOPMENTS LTD S.A.,97.3666666666667
2015,4,2015-04,OIL M&S S.A.,0
2015,4,2015-04,OILSTONE ENERGIA S.A.,208.088666666667
2015,4,2015-04,PAN AMERICAN ENERGY (SUCURSAL ARGENTINA) LLC,16362.117
2015,4,2015-04,PETRO AP S.A.,39.3531
2015,4,2015-04,PETROBRAS ARGENTINA S.A.,2265.68826666667
2015,4,2015-04,PETROFARO S.A.,1.422
2015,4,2015-04,PETROLEOS SUDAMERICANOS S.A.,224.859666666667
2015,4,2015-04,PETROLERA CERRO NEGRO S.A.,53.9064333333333
2015,4,2015-04,PETROLERA DEL COMAHUE S.A.,5.80133333333333
2015,4,2015-04,PETROLERA EL TREBOL S.A.,442.093266666667
2015,4,2015-04,PETROLERA ENTRE LOMAS S.A.,1913.14
2015,4,2015-04,PETROLERA LF COMPANY S.R.L.,372.666666666667
2015,4,2015-04,PETROLERA PAMPA S.A. ,0
2015,4,2015-04,PETROLERA PATAGONIA S.R.L.,27.575
2015,4,2015-04,PETROLERA PIEDRA DEL AGUILA S.A.,0
2015,4,2015-04,PETROMINERA CHUBUT S.E.,22.493
2015,4,2015-04,PETROQUIMICA COMODORO RIVADAVIA S.A.,1105.86633333333
2015,4,2015-04,PLUSPETROL ENERGY S.A.,158.221
2015,4,2015-04,PLUSPETROL S.A.,5680.91529293667
2015,4,2015-04,PRESIDENT PETROLEUM S.A.,33.3483333333333
2015,4,2015-04,QUINTANA E&P ARGENTINA S.R.L.,41.7
2015,4,2015-04,ROCH S.A.,527.8078
2015,4,2015-04,SAN JORGE PETROLEUM S.A.,90.7257666666667
2015,4,2015-04,"SINOPEC ARGENTINA EXPLORATION AND PRODUCTION, INC.",4608.20316666667
2015,4,2015-04,TECPETROL S.A.,2965.59306666667
2015,4,2015-04,TOTAL AUSTRAL S.A.,1562.65443333333
2015,4,2015-04,UNITEC ENERGY S.A.,6.28566666666667
2015,4,2015-04,WINTERSHALL ENERGIA S.A.,0
2015,4,2015-04,YPF S.A.,35826.5050666667
2015,4,2015-04,YSUR ENERGÍA ARGENTINA S.R.L.,788.803333333333
2015,5,2015-05,AMERICAS PETROGAS ARGENTINA S.A.,176.055161290323
2015,5,2015-05,APACHE PETROLERA ARGENTINA S.A.,157.935483870968
2015,5,2015-05,ARGENTA ENERGIA S.A.,0
2015,5,2015-05,CAPEX S.A.,123.325806451613
2015,5,2015-05,CENTRAL INTERNATIONAL CORPORATION (SUCURSAL ARGENTINA),196.975806451613
2015,5,2015-05,CHAÑARES ENERGIA S.A.,406.790548387097
2015,5,2015-05,CHEVRON ARGENTINA S.R.L.,2649.24193548387
2015,5,2015-05,COLHUE HUAPI S.A.,75.258064516129
2015,5,2015-05,COMPAÑÍA GENERAL DE COMBUSTIBLES S.A.,920.031612903226
2015,5,2015-05,COMPAÑÍAS ASOCIADAS PETROLERAS S.A.,1799.38709677419
2015,5,2015-05,COPESA CIA CONSTRUCTORA PETROLERA SA,0
2015,5,2015-05,"CRI HOLDING, INC.",16.6464516129032
2015,5,2015-05,CROWN POINT ENERGIA S.A.,0
2015,5,2015-05,CROWN POINT OIL & GAS S.A.,0
2015,5,2015-05,DAPETROL S.A.,43.0967741935484
2015,5,2015-05,ENAP SIPETROL ARGENTINA S.A.,1500.03161290323
2015,5,2015-05,ENERGIAL S.A.,12.968935483871
2015,5,2015-05,EXXONMOBIL EXPLORATION ARGENTINA S.R.L.,33.8258064516129
2015,5,2015-05,GAS Y PETROLEO DEL NEUQUEN S.A.,24.6719590322581
2015,5,2015-05,GEOPARK ARGENTINA LTD. (SUCURSAL ARGENTINA),0
2015,5,2015-05,GRECOIL y CIA. S.R.L.,25.3658064516129
2015,5,2015-05,HIGH LUCK GROUP LTD. - SUCURSAL ARGENTINA,145.470967741935
2015,5,2015-05,INGENIERIA ALPA S.A.,33.7016129032258
2015,5,2015-05,INGENIERIA SIMA S.A.,3.12258064516129
2015,5,2015-05,INTERENERGY ARGENTINA S.A.,4.29032258064516
2015,5,2015-05,JHP INTERNATIONAL PETROLEUM ENGINEERING LTD,0
2015,5,2015-05,KILWER S.A.,0
2015,5,2015-05,MADALENA AUSTRAL S.A.,0
2015,5,2015-05,MADALENA ENERGY ARGENTINA SRL ,259.116322580645
2015,5,2015-05,MADALENA PETROLEUM (AMERICAS) LTD. (SUCURSAL ARGENTINA),163.051290322581
2015,5,2015-05,MEDANITO S.A.,447.215806451613
2015,5,2015-05,NECON S.A.,0.233225806451613
2015,5,2015-05,O&G DEVELOPMENTS LTD S.A.,68
2015,5,2015-05,OIL M&S S.A.,0
2015,5,2015-05,OILSTONE ENERGIA S.A.,202.951290322581
2015,5,2015-05,PAN AMERICAN ENERGY (SUCURSAL ARGENTINA) LLC,16499.2122580645
2015,5,2015-05,PETRO AP S.A.,39.9703225806452
2015,5,2015-05,PETROBRAS ARGENTINA S.A.,2257.86819354839
2015,5,2015-05,PETROFARO S.A.,1.62451612903226
2015,5,2015-05,PETROLEOS SUDAMERICANOS S.A.,221.840322580645
2015,5,2015-05,PETROLERA CERRO NEGRO S.A.,53.7764838709677
2015,5,2015-05,PETROLERA DEL COMAHUE S.A.,5.57225806451613
2015,5,2015-05,PETROLERA EL TREBOL S.A.,448.451225806452
2015,5,2015-05,PETROLERA ENTRE LOMAS S.A.,1896.75483870968
2015,5,2015-05,PETROLERA LF COMPANY S.R.L.,394.251612903226
2015,5,2015-05,PETROLERA PAMPA S.A. ,0
2015,5,2015-05,PETROLERA PATAGONIA S.R.L.,21.1209677419355
2015,5,2015-05,PETROLERA PIEDRA DEL AGUILA S.A.,0
2015,5,2015-05,PETROMINERA CHUBUT S.E.,29.6774193548387
2015,5,2015-05,PETROQUIMICA COMODORO RIVADAVIA S.A.,968.121612903226
2015,5,2015-05,PLUSPETROL ENERGY S.A.,156.897419354839
2015,5,2015-05,PLUSPETROL S.A.,5806.97819988355
2015,5,2015-05,PRESIDENT PETROLEUM S.A.,33.3296774193548
2015,5,2015-05,QUINTANA E&P ARGENTINA S.R.L.,34.0774193548387
2015,5,2015-05,ROCH S.A.,530.656709677419
2015,5,2015-05,SAN JORGE PETROLEUM S.A.,85.4811612903226
2015,5,2015-05,"SINOPEC ARGENTINA EXPLORATION AND PRODUCTION, INC.",4581.26548387097
2015,5,2015-05,TECPETROL S.A.,3059.22751612903
2015,5,2015-05,TOTAL AUSTRAL S.A.,1585.75903225806
2015,5,2015-05,UNITEC ENERGY S.A.,5.65741935483871
2015,5,2015-05,WINTERSHALL ENERGIA S.A.,0
2015,5,2015-05,YPF S.A.,36297.0564193548
2015,5,2015-05,YSUR ENERGÍA ARGENTINA S.R.L.,771.738709677419
2015,6,2015-06,AMERICAS PETROGAS ARGENTINA S.A.,180.866
2015,6,2015-06,APACHE PETROLERA ARGENTINA S.A.,144.866666666667
2015,6,2015-06,ARGENTA ENERGIA S.A.,0
2015,6,2015-06,CAPEX S.A.,115.2
2015,6,2015-06,CENTRAL INTERNATIONAL CORPORATION (SUCURSAL ARGENTINA),188.481
2015,6,2015-06,CHAÑARES ENERGIA S.A.,382.5974
2015,6,2015-06,CHEVRON ARGENTINA S.R.L.,2612.96
2015,6,2015-06,COLHUE HUAPI S.A.,75.2
2015,6,2015-06,COMPAÑÍA GENERAL DE COMBUSTIBLES S.A.,883.936
2015,6,2015-06,COMPAÑÍAS ASOCIADAS PETROLERAS S.A.,1746.36666666667
2015,6,2015-06,COPESA CIA CONSTRUCTORA PETROLERA SA,0
2015,6,2015-06,"CRI HOLDING, INC.",15.999
2015,6,2015-06,CROWN POINT ENERGIA S.A.,0
2015,6,2015-06,CROWN POINT OIL & GAS S.A.,0
2015,6,2015-06,DAPETROL S.A.,46.4
2015,6,2015-06,ENAP SIPETROL ARGENTINA S.A.,1457.546
2015,6,2015-06,ENERGIAL S.A.,8.63586666666667
2015,6,2015-06,EXXONMOBIL EXPLORATION ARGENTINA S.R.L.,21.8
2015,6,2015-06,GAS Y PETROLEO DEL NEUQUEN S.A.,23.234554
2015,6,2015-06,GEOPARK ARGENTINA LTD. (SUCURSAL ARGENTINA),0
2015,6,2015-06,GRECOIL y CIA. S.R.L.,25.5764666666667
2015,6,2015-06,HIGH LUCK GROUP LTD. - SUCURSAL ARGENTINA,137.413333333333
2015,6,2015-06,INGENIERIA ALPA S.A.,35.351
2015,6,2015-06,INGENIERIA SIMA S.A.,3.10266666666667
2015,6,2015-06,INTERENERGY ARGENTINA S.A.,4.23333333333333
2015,6,2015-06,JHP INTERNATIONAL PETROLEUM ENGINEERING LTD,0
2015,6,2015-06,KILWER S.A.,0
2015,6,2015-06,MADALENA AUSTRAL S.A.,0
2015,6,2015-06,MADALENA ENERGY ARGENTINA SRL ,248.654066666667
2015,6,2015-06,MADALENA PETROLEUM (AMERICAS) LTD. (SUCURSAL ARGENTINA),165.772333333333
2015,6,2015-06,MEDANITO S.A.,400.374333333333
2015,6,2015-06,NECON S.A.,0.271666666666667
2015,6,2015-06,O&G DEVELOPMENTS LTD S.A.,122.9
2015,6,2015-06,OIL M&S S.A.,0
2015,6,2015-06,OILSTONE ENERGIA S.A.,200.969333333333
2015,6,2015-06,PAN AMERICAN ENERGY (SUCURSAL ARGENTINA) LLC,16593.7026666667
2015,6,2015-06,PETRO AP S.A.,38.3293333333333
2015,6,2015-06,PETROBRAS ARGENTINA S.A.,2220.8689
2015,6,2015-06,PETROFARO S.A.,1.50466666666667
2015,6,2015-06,PETROLEOS SUDAMERICANOS S.A.,222.289666666667
2015,6,2015-06,PETROLERA CERRO NEGRO S.A.,53.3646333333333
2015,6,2015-06,PETROLERA DEL COMAHUE S.A.,6.13566666666667
2015,6,2015-06,PETROLERA EL TREBOL S.A.,462.0599
2015,6,2015-06,PETROLERA ENTRE LOMAS S.A.,1879.80053333333
2015,6,2015-06,PETROLERA LF COMPANY S.R.L.,387.706666666667
2015,6,2015-06,PETROLERA PAMPA S.A. ,0
2015,6,2015-06,PETROLERA PATAGONIA S.R.L.,5.46666666666667
2015,6,2015-06,PETROLERA PIEDRA DEL AGUILA S.A.,0
2015,6,2015-06,PETROMINERA CHUBUT S.E.,23.458
2015,6,2015-06,PETROQUIMICA COMODORO RIVADAVIA S.A.,1012.075
2015,6,2015-06,PLUSPETROL ENERGY S.A.,156.387
2015,6,2015-06,PLUSPETROL S.A.,5644.254376737
2015,6,2015-06,PRESIDENT PETROLEUM S.A.,54.529
2015,6,2015-06,QUINTANA E&P ARGENTINA S.R.L.,42.98
2015,6,2015-06,ROCH S.A.,489.784770766667
2015,6,2015-06,SAN JORGE PETROLEUM S.A.,81.6799
2015,6,2015-06,"SINOPEC ARGENTINA EXPLORATION AND PRODUCTION, INC.",4579.02
2015,6,2015-06,TECPETROL S.A.,3164.12893333333
2015,6,2015-06,TOTAL AUSTRAL S.A.,1544.23036666667
2015,6,2015-06,UNITEC ENERGY S.A.,4.89133333333333
2015,6,2015-06,WINTERSHALL ENERGIA S.A.,0
2015,6,2015-06,YPF S.A.,36161.8618333333
2015,6,2015-06,YSUR ENERGÍA ARGENTINA S.R.L.,764.736666666667
2015,7,2015-07,AMERICAS PETROGAS ARGENTINA S.A.,163.42064516129
2015,7,2015-07,APACHE PETROLERA ARGENTINA S.A.,132.064516129032
2015,7,2015-07,ARGENTA ENERGIA S.A.,0
2015,7,2015-07,CAPEX S.A.,109.970967741935
2015,7,2015-07,CENTRAL INTERNATIONAL CORPORATION (SUCURSAL ARGENTINA),193.895903225806
2015,7,2015-07,CHAÑARES ENERGIA S.A.,420.623774193548
2015,7,2015-07,CHEVRON ARGENTINA S.R.L.,2544.59161290323
2015,7,2015-07,COLHUE HUAPI S.A.,72.3225806451613
2015,7,2015-07,COMPAÑÍA GENERAL DE COMBUSTIBLES S.A.,902.014193548387
2015,7,2015-07,COMPAÑÍAS ASOCIADAS PETROLERAS S.A.,1816
2015,7,2015-07,COPESA CIA CONSTRUCTORA PETROLERA SA,0
2015,7,2015-07,"CRI HOLDING, INC.",15.7387096774194
2015,7,2015-07,CROWN POINT ENERGIA S.A.,0
2015,7,2015-07,CROWN POINT OIL & GAS S.A.,0
2015,7,2015-07,DAPETROL S.A.,46.3225806451613
2015,7,2015-07,ENAP SIPETROL ARGENTINA S.A.,1474.53290322581
2015,7,2015-07,ENERGIAL S.A.,10.0285483870968
2015,7,2015-07,EXXONMOBIL EXPLORATION ARGENTINA S.R.L.,27.4516129032258
2015,7,2015-07,GAS Y PETROLEO DEL NEUQUEN S.A.,24.3367290322581
2015,7,2015-07,GEOPARK ARGENTINA LTD. (SUCURSAL ARGENTINA),0
2015,7,2015-07,GRECOIL y CIA. S.R.L.,24.0438709677419
2015,7,2015-07,HIGH LUCK GROUP LTD. - SUCURSAL ARGENTINA,166.622580645161
2015,7,2015-07,INGENIERIA ALPA S.A.,33.9177419354839
2015,7,2015-07,INGENIERIA SIMA S.A.,2.84741935483871
2015,7,2015-07,INTERENERGY ARGENTINA S.A.,4.29032258064516
2015,7,2015-07,JHP INTERNATIONAL PETROLEUM ENGINEERING LTD,0
2015,7,2015-07,KILWER S.A.,0
2015,7,2015-07,MADALENA AUSTRAL S.A.,0
2015,7,2015-07,MADALENA ENERGY ARGENTINA SRL ,229.927806451613
2015,7,2015-07,MADALENA PETROLEUM (AMERICAS) LTD. (SUCURSAL ARGENTINA),148.339677419355
2015,7,2015-07,MEDANITO S.A.,390.255483870968
2015,7,2015-07,NECON S.A.,0.183870967741935
2015,7,2015-07,O&G DEVELOPMENTS LTD S.A.,275.709677419355
2015,7,2015-07,OIL M&S S.A.,0
2015,7,2015-07,OILSTONE ENERGIA S.A.,203.955806451613
2015,7,2015-07,PAN AMERICAN ENERGY (SUCURSAL ARGENTINA) LLC,16571.1332258065
2015,7,2015-07,PETRO AP S.A.,37.7677741935484
2015,7,2015-07,PETROBRAS ARGENTINA S.A.,2315.38187096774
2015,7,2015-07,PETROFARO S.A.,1.74258064516129
2015,7,2015-07,PETROLEOS SUDAMERICANOS S.A.,231.49
2015,7,2015-07,PETROLERA CERRO NEGRO S.A.,52.2059677419355
2015,7,2015-07,PETROLERA DEL COMAHUE S.A.,6.42677419354839
2015,7,2015-07,PETROLERA EL TREBOL S.A.,423.72535483871
2015,7,2015-07,PETROLERA ENTRE LOMAS S.A.,1832.84161290323
2015,7,2015-07,PETROLERA LF COMPANY S.R.L.,373.203225806452
2015,7,2015-07,PETROLERA PAMPA S.A. ,0.467741935483871
2015,7,2015-07,PETROLERA PATAGONIA S.R.L.,11.5148387096774
2015,7,2015-07,PETROLERA PIEDRA DEL AGUILA S.A.,0
2015,7,2015-07,PETROMINERA CHUBUT S.E.,22.1570967741935
2015,7,2015-07,PETROQUIMICA COMODORO RIVADAVIA S.A.,1062.9864516129
2015,7,2015-07,PLUSPETROL ENERGY S.A.,155.453548387097
2015,7,2015-07,PLUSPETROL S.A.,5503.64654816742
2015,7,2015-07,PRESIDENT PETROLEUM S.A.,57.6629032258065
2015,7,2015-07,QUINTANA E&P ARGENTINA S.R.L.,64.1161290322581
2015,7,2015-07,ROCH S.A.,483.005399806452
2015,7,2015-07,SAN JORGE PETROLEUM S.A.,71.8571612903226
2015,7,2015-07,"SINOPEC ARGENTINA EXPLORATION AND PRODUCTION, INC.",4496.06664516129
2015,7,2015-07,TECPETROL S.A.,3088.55367741936
2015,7,2015-07,TOTAL AUSTRAL S.A.,1522.6024516129
2015,7,2015-07,UNITEC ENERGY S.A.,5.22096774193548
2015,7,2015-07,WINTERSHALL ENERGIA S.A.,0
2015,7,2015-07,YPF S.A.,36047.9098387097
2015,7,2015-07,YSUR ENERGÍA ARGENTINA S.R.L.,737.477419354839
2015,8,2015-08,AMERICAS PETROGAS ARGENTINA S.A.,145.542258064516
2015,8,2015-08,APACHE PETROLERA ARGENTINA S.A.,127.48064516129
2015,8,2015-08,ARGENTA ENERGIA S.A.,0
2015,8,2015-08,CAPEX S.A.,116.554838709677
2015,8,2015-08,CENTRAL INTERNATIONAL CORPORATION (SUCURSAL ARGENTINA),190.625258064516
2015,8,2015-08,CHAÑARES ENERGIA S.A.,424.463419354839
2015,8,2015-08,CHEVRON ARGENTINA S.R.L.,2579.55
2015,8,2015-08,COLHUE HUAPI S.A.,75.5806451612903
2015,8,2015-08,COMPAÑÍA GENERAL DE COMBUSTIBLES S.A.,889.145483870968
2015,8,2015-08,COMPAÑÍAS ASOCIADAS PETROLERAS S.A.,1785.25806451613
2015,8,2015-08,COPESA CIA CONSTRUCTORA PETROLERA SA,0
2015,8,2015-08,"CRI HOLDING, INC.",14.2277419354839
2015,8,2015-08,CROWN POINT ENERGIA S.A.,0
2015,8,2015-08,CROWN POINT OIL & GAS S.A.,0
2015,8,2015-08,DAPETROL S.A.,43.7096774193548
2015,8,2015-08,ENAP SIPETROL ARGENTINA S.A.,1278.85032258065
2015,8,2015-08,ENERGIAL S.A.,7.62677419354839
2015,8,2015-08,EXXONMOBIL EXPLORATION ARGENTINA S.R.L.,25.0738709677419
2015,8,2015-08,GAS Y PETROLEO DEL NEUQUEN S.A.,27.4465096774194
2015,8,2015-08,GEOPARK ARGENTINA LTD. (SUCURSAL ARGENTINA),0
2015,8,2015-08,GRECOIL y CIA. S.R.L.,17.2954838709677
2015,8,2015-08,HIGH LUCK GROUP LTD. - SUCURSAL ARGENTINA,187.906451612903
2015,8,2015-08,INGENIERIA ALPA S.A.,35.2177419354839
2015,8,2015-08,INGENIERIA SIMA S.A.,2.70451612903226
2015,8,2015-08,INTERENERGY ARGENTINA S.A.,4.29032258064516
2015,8,2015-08,JHP INTERNATIONAL PETROLEUM ENGINEERING LTD,0
2015,8,2015-08,KILWER S.A.,0
2015,8,2015-08,MADALENA AUSTRAL S.A.,0
2015,8,2015-08,MADALENA ENERGY ARGENTINA SRL ,225.956967741936
2015,8,2015-08,MADALENA PETROLEUM (AMERICAS) LTD. (SUCURSAL ARGENTINA),142.277741935484
2015,8,2015-08,MEDANITO S.A.,383.04064516129
2015,8,2015-08,NECON S.A.,0.244193548387097
2015,8,2015-08,O&G DEVELOPMENTS LTD S.A.,298.354838709677
2015,8,2015-08,OIL M&S S.A.,0
2015,8,2015-08,OILSTONE ENERGIA S.A.,211.548387096774
2015,8,2015-08,PAN AMERICAN ENERGY (SUCURSAL ARGENTINA) LLC,16594.1957096774
2015,8,2015-08,PETRO AP S.A.,37.98
2015,8,2015-08,PETROBRAS ARGENTINA S.A.,2401.75816129032
2015,8,2015-08,PETROFARO S.A.,1.41032258064516
2015,8,2015-08,PETROLEOS SUDAMERICANOS S.A.,230
2015,8,2015-08,PETROLERA CERRO NEGRO S.A.,50.3680322580645
2015,8,2015-08,PETROLERA DEL COMAHUE S.A.,6.11774193548387
2015,8,2015-08,PETROLERA EL TREBOL S.A.,426.087483870968
2015,8,2015-08,PETROLERA ENTRE LOMAS S.A.,1785.20612903226
2015,8,2015-08,PETROLERA LF COMPANY S.R.L.,362.60064516129
2015,8,2015-08,PETROLERA PAMPA S.A. ,0.401290322580645
2015,8,2015-08,PETROLERA PATAGONIA S.R.L.,11.9051612903226
2015,8,2015-08,PETROLERA PIEDRA DEL AGUILA S.A.,0
2015,8,2015-08,PETROMINERA CHUBUT S.E.,21.0509677419355
2015,8,2015-08,PETROQUIMICA COMODORO RIVADAVIA S.A.,1114.46870967742
2015,8,2015-08,PLUSPETROL ENERGY S.A.,154.377741935484
2015,8,2015-08,PLUSPETROL S.A.,5613.28181713774
2015,8,2015-08,PRESIDENT PETROLEUM S.A.,48.0648387096774
2015,8,2015-08,QUINTANA E&P ARGENTINA S.R.L.,60.0161290322581
2015,8,2015-08,ROCH S.A.,480.008581483871
2015,8,2015-08,SAN JORGE PETROLEUM S.A.,61.6899677419355
2015,8,2015-08,"SINOPEC ARGENTINA EXPLORATION AND PRODUCTION, INC.",4497.45883893548
2015,8,2015-08,TECPETROL S.A.,2842.69080645161
2015,8,2015-08,TOTAL AUSTRAL S.A.,1595.67606451613
2015,8,2015-08,UNITEC ENERGY S.A.,5.49774193548387
2015,8,2015-08,WINTERSHALL ENERGIA S.A.,0
2015,8,2015-08,YPF S.A.,35754.7357419355
2015,8,2015-08,YSUR ENERGÍA ARGENTINA S.R.L.,742.894193548387
2015,9,2015-09,AMERICAS PETROGAS ARGENTINA S.A.,146.767
2015,9,2015-09,APACHE PETROLERA ARGENTINA S.A.,122.105333333333
2015,9,2015-09,ARGENTA ENERGIA S.A.,0
2015,9,2015-09,CAPEX S.A.,105.486666666667
2015,9,2015-09,CENTRAL INTERNATIONAL CORPORATION (SUCURSAL ARGENTINA),212.6523
2015,9,2015-09,CHAÑARES ENERGIA S.A.,413.095266666667
2015,9,2015-09,CHEVRON ARGENTINA S.R.L.,2535.95466666667
2015,9,2015-09,COLHUE HUAPI S.A.,74.8
2015,9,2015-09,COMPAÑÍA GENERAL DE COMBUSTIBLES S.A.,1040.1441435
2015,9,2015-09,COMPAÑÍAS ASOCIADAS PETROLERAS S.A.,1731.73333333333
2015,9,2015-09,COPESA CIA CONSTRUCTORA PETROLERA SA,0
2015,9,2015-09,"CRI HOLDING, INC.",14.299789440721
2015,9,2015-09,CROWN POINT ENERGIA S.A.,0
2015,9,2015-09,CROWN POINT OIL & GAS S.A.,0
2015,9,2015-09,DAPETROL S.A.,43.4666666666667
2015,9,2015-09,ENAP SIPETROL ARGENTINA S.A.,1130.54133333333
2015,9,2015-09,ENERGIAL S.A.,8.94143333333333
2015,9,2015-09,EXXONMOBIL EXPLORATION ARGENTINA S.R.L.,23.6
2015,9,2015-09,GAS Y PETROLEO DEL NEUQUEN S.A.,33.32005
2015,9,2015-09,GEOPARK ARGENTINA LTD. (SUCURSAL ARGENTINA),0
2015,9,2015-09,GRECOIL y CIA. S.R.L.,32.8766666666667
2015,9,2015-09,HIGH LUCK GROUP LTD. - SUCURSAL ARGENTINA,174.78
2015,9,2015-09,INGENIERIA ALPA S.A.,37.1183333333333
2015,9,2015-09,INGENIERIA SIMA S.A.,2.80266666666667
2015,9,2015-09,INTERENERGY ARGENTINA S.A.,4.3
2015,9,2015-09,JHP INTERNATIONAL PETROLEUM ENGINEERING LTD,0
2015,9,2015-09,KILWER S.A.,0
2015,9,2015-09,MADALENA AUSTRAL S.A.,0
2015,9,2015-09,MADALENA ENERGY ARGENTINA SRL ,207.9084
2015,9,2015-09,MADALENA PETROLEUM (AMERICAS) LTD. (SUCURSAL ARGENTINA),148.503666666667
2015,9,2015-09,MEDANITO S.A.,339.128333333333
2015,9,2015-09,NECON S.A.,0.194
2015,9,2015-09,O&G DEVELOPMENTS LTD S.A.,278.733333333333
2015,9,2015-09,OIL M&S S.A.,0
2015,9,2015-09,OILSTONE ENERGIA S.A.,271.763
2015,9,2015-09,PAN AMERICAN ENERGY (SUCURSAL ARGENTINA) LLC,16690.482
2015,9,2015-09,PETRO AP S.A.,37.98
2015,9,2015-09,PETROBRAS ARGENTINA S.A.,2272.11476666667
2015,9,2015-09,PETROFARO S.A.,0.696333333333333
2015,9,2015-09,PETROLEOS SUDAMERICANOS S.A.,230.099666666667
2015,9,2015-09,PETROLERA CERRO NEGRO S.A.,48.9003
2015,9,2015-09,PETROLERA DEL COMAHUE S.A.,6.07133333333333
2015,9,2015-09,PETROLERA EL TREBOL S.A.,430.2979
2015,9,2015-09,PETROLERA ENTRE LOMAS S.A.,1818.59486666667
2015,9,2015-09,PETROLERA LF COMPANY S.R.L.,361.548333333333
2015,9,2015-09,PETROLERA PAMPA S.A. ,0.361333333333333
2015,9,2015-09,PETROLERA PATAGONIA S.R.L.,4.49233333333333
2015,9,2015-09,PETROLERA PIEDRA DEL AGUILA S.A.,0
2015,9,2015-09,PETROMINERA CHUBUT S.E.,28.811
2015,9,2015-09,PETROQUIMICA COMODORO RIVADAVIA S.A.,1198.516
2015,9,2015-09,PLUSPETROL ENERGY S.A.,148.724666666667
2015,9,2015-09,PLUSPETROL S.A.,5611.58374512433
2015,9,2015-09,PRESIDENT PETROLEUM S.A.,48.1733333333333
2015,9,2015-09,QUINTANA E&P ARGENTINA S.R.L.,44.5266666666667
2015,9,2015-09,ROCH S.A.,436.9709071
2015,9,2015-09,SAN JORGE PETROLEUM S.A.,78.6172333333333
2015,9,2015-09,"SINOPEC ARGENTINA EXPLORATION AND PRODUCTION, INC.",4491.85156666667
2015,9,2015-09,TECPETROL S.A.,2610.22306666667
2015,9,2015-09,TOTAL AUSTRAL S.A.,1505.911
2015,9,2015-09,UNITEC ENERGY S.A.,5.90366666666667
2015,9,2015-09,WINTERSHALL ENERGIA S.A.,0
2015,9,2015-09,YPF S.A.,36258.0033333333
2015,9,2015-09,YSUR ENERGÍA ARGENTINA S.R.L.,779.933
2015,9,2015-09,YSUR PETROLERA ARGENTINA S.A.,122.105333333333
2015,10,2015-10,AMERICAS PETROGAS ARGENTINA S.A.,139.913225806452
2015,10,2015-10,ARGENTA ENERGIA S.A.,0
2015,10,2015-10,CAPEX S.A.,111.345161290323
2015,10,2015-10,CENTRAL INTERNATIONAL CORPORATION (SUCURSAL ARGENTINA),197.473225806452
2015,10,2015-10,CHAÑARES ENERGIA S.A.,399.31964516129
2015,10,2015-10,CHEVRON ARGENTINA S.R.L.,2479.96741935484
2015,10,2015-10,COLHUE HUAPI S.A.,72.2258064516129
2015,10,2015-10,COMPAÑÍA GENERAL DE COMBUSTIBLES S.A.,970.486187548387
2015,10,2015-10,COMPAÑÍAS ASOCIADAS PETROLERAS S.A.,1818.51612903226
2015,10,2015-10,COPESA CIA CONSTRUCTORA PETROLERA SA,0
2015,10,2015-10,"CRI HOLDING, INC.",13.8011526665274
2015,10,2015-10,CROWN POINT ENERGIA S.A.,0
2015,10,2015-10,CROWN POINT OIL & GAS S.A.,0
2015,10,2015-10,DAPETROL S.A.,43.5483870967742
2015,10,2015-10,ENAP SIPETROL ARGENTINA S.A.,1442.34225806452
2015,10,2015-10,ENERGIAL S.A.,9.21051612903226
2015,10,2015-10,EXXONMOBIL EXPLORATION ARGENTINA S.R.L.,22.5161290322581
2015,10,2015-10,GAS Y PETROLEO DEL NEUQUEN S.A.,11.3497367741935
2015,10,2015-10,GEOPARK ARGENTINA LTD. (SUCURSAL ARGENTINA),0
2015,10,2015-10,GRECOIL y CIA. S.R.L.,21.9716129032258
2015,10,2015-10,HIGH LUCK GROUP LTD. - SUCURSAL ARGENTINA,176.254838709677
2015,10,2015-10,INGENIERIA ALPA S.A.,34.9064516129032
2015,10,2015-10,INGENIERIA SIMA S.A.,1.75903225806452
2015,10,2015-10,INTERENERGY ARGENTINA S.A.,4.29032258064516
2015,10,2015-10,JHP INTERNATIONAL PETROLEUM ENGINEERING LTD,0
2015,10,2015-10,KILWER S.A.,0
2015,10,2015-10,MADALENA AUSTRAL S.A.,0
2015,10,2015-10,MADALENA ENERGY ARGENTINA SRL ,206.932225806452
2015,10,2015-10,MADALENA PETROLEUM (AMERICAS) LTD. (SUCURSAL ARGENTINA),125.62935483871
2015,10,2015-10,MEDANITO S.A.,331.926451612903
2015,10,2015-10,NECON S.A.,0.22258064516129
2015,10,2015-10,O&G DEVELOPMENTS LTD S.A.,182.064516129032
2015,10,2015-10,OIL M&S S.A.,0
2015,10,2015-10,OILSTONE ENERGIA S.A.,293.355483870968
2015,10,2015-10,PAN AMERICAN ENERGY (SUCURSAL ARGENTINA) LLC,16786.5232258064
2015,10,2015-10,PETRO AP S.A.,37.7416129032258
2015,10,2015-10,PETROBRAS ARGENTINA S.A.,2255.23606451613
2015,10,2015-10,PETROFARO S.A.,2.16677419354839
2015,10,2015-10,PETROLEOS SUDAMERICANOS S.A.,231.66
2015,10,2015-10,PETROLERA CERRO NEGRO S.A.,47.9506129032258
2015,10,2015-10,PETROLERA DEL COMAHUE S.A.,6.14064516129032
2015,10,2015-10,PETROLERA EL TREBOL S.A.,502.862290322581
2015,10,2015-10,PETROLERA ENTRE LOMAS S.A.,1893.72496774194
2015,10,2015-10,PETROLERA LF COMPANY S.R.L.,342.125483870968
2015,10,2015-10,PETROLERA PAMPA S.A. ,0.295483870967742
2015,10,2015-10,PETROLERA PATAGONIA S.R.L.,0
2015,10,2015-10,PETROLERA PIEDRA DEL AGUILA S.A.,0
2015,10,2015-10,PETROMINERA CHUBUT S.E.,27.2461290322581
2015,10,2015-10,PETROQUIMICA COMODORO RIVADAVIA S.A.,1084.70290322581
2015,10,2015-10,PLUSPETROL ENERGY S.A.,145.486129032258
2015,10,2015-10,PLUSPETROL S.A.,5456.94865734548
2015,10,2015-10,PRESIDENT PETROLEUM S.A.,47.2296774193548
2015,10,2015-10,QUINTANA E&P ARGENTINA S.R.L.,40.6387096774194
2015,10,2015-10,ROCH S.A.,440.414778677419
2015,10,2015-10,SAN JORGE PETROLEUM S.A.,74.7138387096774
2015,10,2015-10,"SINOPEC ARGENTINA EXPLORATION AND PRODUCTION, INC.",4406.50861290323
2015,10,2015-10,TECPETROL S.A.,2896.53691290323
2015,10,2015-10,TOTAL AUSTRAL S.A.,1457.36635483871
2015,10,2015-10,UNITEC ENERGY S.A.,6.30290322580645
2015,10,2015-10,WINTERSHALL ENERGIA S.A.,21.4193548387097
2015,10,2015-10,YPF S.A.,36913.1338709677
2015,10,2015-10,YSUR ENERGÍA ARGENTINA S.R.L.,755.72064516129
2015,10,2015-10,YSUR PETROLERA ARGENTINA S.A.,130.520322580645
2015,11,2015-11,AMERICAS PETROGAS ARGENTINA S.A.,118.071
2015,11,2015-11,ARGENTA ENERGIA S.A.,0
2015,11,2015-11,CAPEX S.A.,123.566666666667
2015,11,2015-11,CENTRAL INTERNATIONAL CORPORATION (SUCURSAL ARGENTINA),192.583
2015,11,2015-11,CHAÑARES ENERGIA S.A.,376.417866666667
2015,11,2015-11,CHEVRON ARGENTINA S.R.L.,2395.034
2015,11,2015-11,COLHUE HUAPI S.A.,83.0333333333333
2015,11,2015-11,COMPAÑÍA GENERAL DE COMBUSTIBLES S.A.,1002.5698553
2015,11,2015-11,COMPAÑÍAS ASOCIADAS PETROLERAS S.A.,1794.1
2015,11,2015-11,COPESA CIA CONSTRUCTORA PETROLERA SA,0
2015,11,2015-11,"CRI HOLDING, INC.",13.9285527740543
2015,11,2015-11,CROWN POINT ENERGIA S.A.,0
2015,11,2015-11,CROWN POINT OIL & GAS S.A.,0
2015,11,2015-11,DAPETROL S.A.,41.3666666666667
2015,11,2015-11,ENAP SIPETROL ARGENTINA S.A.,1229.64833333333
2015,11,2015-11,ENERGIAL S.A.,8.38996666666667
2015,11,2015-11,EXXONMOBIL EXPLORATION ARGENTINA S.R.L.,14.9
2015,11,2015-11,GAS Y PETROLEO DEL NEUQUEN S.A.,4.44295666666667
2015,11,2015-11,GEOPARK ARGENTINA LTD. (SUCURSAL ARGENTINA),0
2015,11,2015-11,GRECOIL y CIA. S.R.L.,15.7413333333333
2015,11,2015-11,HIGH LUCK GROUP LTD. - SUCURSAL ARGENTINA,176.426666666667
2015,11,2015-11,INGENIERIA ALPA S.A.,35.5773333333333
2015,11,2015-11,INGENIERIA SIMA S.A.,0.250666666666667
2015,11,2015-11,INTERENERGY ARGENTINA S.A.,4.23333333333333
2015,11,2015-11,JHP INTERNATIONAL PETROLEUM ENGINEERING LTD,0
2015,11,2015-11,KILWER S.A.,0
2015,11,2015-11,MADALENA AUSTRAL S.A.,0
2015,11,2015-11,MADALENA ENERGY ARGENTINA SRL ,237.488833333333
2015,11,2015-11,MADALENA PETROLEUM (AMERICAS) LTD. (SUCURSAL ARGENTINA),127.403333333333
2015,11,2015-11,MEDANITO S.A.,322.740666666667
2015,11,2015-11,NECON S.A.,0
2015,11,2015-11,O&G DEVELOPMENTS LTD S.A.,163.733333333333
2015,11,2015-11,OIL M&S S.A.,0
2015,11,2015-11,OILSTONE ENERGIA S.A.,324.4903
2015,11,2015-11,PAN AMERICAN ENERGY (SUCURSAL ARGENTINA) LLC,16753.4763333333
2015,11,2015-11,PETRO AP S.A.,36.411
2015,11,2015-11,PETROBRAS ARGENTINA S.A.,2179.7941
2015,11,2015-11,PETROFARO S.A.,1.46033333333333
2015,11,2015-11,PETROLEOS SUDAMERICANOS S.A.,222.530333333333
2015,11,2015-11,PETROLERA CERRO NEGRO S.A.,46.938
2015,11,2015-11,PETROLERA DEL COMAHUE S.A.,6.05133333333333
2015,11,2015-11,PETROLERA EL TREBOL S.A.,604.057033333333
2015,11,2015-11,PETROLERA ENTRE LOMAS S.A.,1877.55906666667
2015,11,2015-11,PETROLERA LF COMPANY S.R.L.,346.273333333333
2015,11,2015-11,PETROLERA PAMPA S.A. ,0.198
2015,11,2015-11,PETROLERA PATAGONIA S.R.L.,0.536
2015,11,2015-11,PETROLERA PIEDRA DEL AGUILA S.A.,0
2015,11,2015-11,PETROMINERA CHUBUT S.E.,27.3763333333333
2015,11,2015-11,PETROQUIMICA COMODORO RIVADAVIA S.A.,1118.00133333333
2015,11,2015-11,PLUSPETROL ENERGY S.A.,147.711333333333
2015,11,2015-11,PLUSPETROL S.A.,5443.73090075567
2015,11,2015-11,PRESIDENT PETROLEUM S.A.,38.1503333333333
2015,11,2015-11,QUINTANA E&P ARGENTINA S.R.L.,46.12
2015,11,2015-11,ROCH S.A.,465.8988212
2015,11,2015-11,SAN JORGE PETROLEUM S.A.,69.5826333333333
2015,11,2015-11,"SINOPEC ARGENTINA EXPLORATION AND PRODUCTION, INC.",4614.6541
2015,11,2015-11,TECPETROL S.A.,2923.40103333333
2015,11,2015-11,TOTAL AUSTRAL S.A.,1454.62523333333
2015,11,2015-11,UNITEC ENERGY S.A.,6.17166666666667
2015,11,2015-11,WINTERSHALL ENERGIA S.A.,7.46266666666667
2015,11,2015-11,YPF S.A.,36409.264
2015,11,2015-11,YSUR ENERGÍA ARGENTINA S.R.L.,773.2
2015,11,2015-11,YSUR PETROLERA ARGENTINA S.A.,180.503
2015,12,2015-12,AMERICAS PETROGAS ARGENTINA S.A.,142.281935483871
2015,12,2015-12,ARGENTA ENERGIA S.A.,0
2015,12,2015-12,CAPEX S.A.,121.724516129032
2015,12,2015-12,CENTRAL INTERNATIONAL CORPORATION (SUCURSAL ARGENTINA),191.869677419355
2015,12,2015-12,CHAÑARES ENERGIA S.A.,365.871258064516
2015,12,2015-12,CHEVRON ARGENTINA S.R.L.,2336.13096774194
2015,12,2015-12,COLHUE HUAPI S.A.,107.468516129032
2015,12,2015-12,COMPAÑÍA GENERAL DE COMBUSTIBLES S.A.,1010.79228522581
2015,12,2015-12,COMPAÑÍAS ASOCIADAS PETROLERAS S.A.,1723.12903225806
2015,12,2015-12,COPESA CIA CONSTRUCTORA PETROLERA SA,0
2015,12,2015-12,"CRI HOLDING, INC.",12.512499440721
2015,12,2015-12,CROWN POINT ENERGIA S.A.,0
2015,12,2015-12,CROWN POINT OIL & GAS S.A.,0
2015,12,2015-12,DAPETROL S.A.,40.5161290322581
2015,12,2015-12,ENAP SIPETROL ARGENTINA S.A.,1414.80741935484
2015,12,2015-12,ENERGIAL S.A.,6.02535483870968
2015,12,2015-12,EXXONMOBIL EXPLORATION ARGENTINA S.R.L.,0
2015,12,2015-12,GAS Y PETROLEO DEL NEUQUEN S.A.,6.67826451612903
2015,12,2015-12,GEOPARK ARGENTINA LTD. (SUCURSAL ARGENTINA),0
2015,12,2015-12,GRECOIL y CIA. S.R.L.,21.0341935483871
2015,12,2015-12,HIGH LUCK GROUP LTD. - SUCURSAL ARGENTINA,152.690322580645
2015,12,2015-12,INGENIERIA ALPA S.A.,25.0003225806452
2015,12,2015-12,INGENIERIA SIMA S.A.,0.541612903225806
2015,12,2015-12,INTERENERGY ARGENTINA S.A.,4.29032258064516
2015,12,2015-12,JHP INTERNATIONAL PETROLEUM ENGINEERING LTD,0
2015,12,2015-12,KILWER S.A.,0
2015,12,2015-12,MADALENA AUSTRAL S.A.,0
2015,12,2015-12,MADALENA ENERGY ARGENTINA SRL ,228.393903225806
2015,12,2015-12,MADALENA PETROLEUM (AMERICAS) LTD. (SUCURSAL ARGENTINA),131.827419354839
2015,12,2015-12,MEDANITO S.A.,320.242903225806
2015,12,2015-12,O&G DEVELOPMENTS LTD S.A.,168.69935483871
2015,12,2015-12,OIL M&S S.A.,0
2015,12,2015-12,OILSTONE ENERGIA S.A.,316.158580645161
2015,12,2015-12,PAN AMERICAN ENERGY (SUCURSAL ARGENTINA) LLC,16628.564516129
2015,12,2015-12,PETRO AP S.A.,36.7632258064516
2015,12,2015-12,PETROBRAS ARGENTINA S.A.,2086.22770967742
2015,12,2015-12,PETROFARO S.A.,0.979677419354839
2015,12,2015-12,PETROLEOS SUDAMERICANOS S.A.,223.049677419355
2015,12,2015-12,PETROLERA CERRO NEGRO S.A.,44.9061612903226
2015,12,2015-12,PETROLERA DEL COMAHUE S.A.,5.06806451612903
2015,12,2015-12,PETROLERA EL TREBOL S.A.,679.141290322581
2015,12,2015-12,PETROLERA ENTRE LOMAS S.A.,1850.11616129032
2015,12,2015-12,PETROLERA LF COMPANY S.R.L.,358.103548387097
2015,12,2015-12,PETROLERA PAMPA S.A. ,0.204838709677419
2015,12,2015-12,PETROLERA PATAGONIA S.R.L.,0.871290322580645
2015,12,2015-12,PETROLERA PIEDRA DEL AGUILA S.A.,0
2015,12,2015-12,PETROMINERA CHUBUT S.E.,6.63709677419355
2015,12,2015-12,PETROQUIMICA COMODORO RIVADAVIA S.A.,1195.26903225806
2015,12,2015-12,PLUSPETROL ENERGY S.A.,150.180967741935
2015,12,2015-12,PLUSPETROL S.A.,5180.82260368387
2015,12,2015-12,PRESIDENT PETROLEUM S.A.,53.1661290322581
2015,12,2015-12,QUINTANA E&P ARGENTINA S.R.L.,50.3451612903226
2015,12,2015-12,ROCH S.A.,478.921836870968
2015,12,2015-12,SAN JORGE PETROLEUM S.A.,78.9418709677419
2015,12,2015-12,"SINOPEC ARGENTINA EXPLORATION AND PRODUCTION, INC.",4534.15032258065
2015,12,2015-12,TECPETROL S.A.,3047.77822580645
2015,12,2015-12,TOTAL AUSTRAL S.A.,1171.15516129032
2015,12,2015-12,UNITEC ENERGY S.A.,5.97741935483871
2015,12,2015-12,WINTERSHALL ENERGIA S.A.,10.0929032258065
2015,12,2015-12,YPF S.A.,36859.2583870968
2015,12,2015-12,YSUR ENERGÍA ARGENTINA S.R.L.,826.232903225806
2015,12,2015-12,YSUR PETROLERA ARGENTINA S.A.,201.017096774194
2016,1,2016-01,AMERICAS PETROGAS ARGENTINA S.A.,188.843548387097
2016,1,2016-01,ARGENTA ENERGIA S.A.,0
2016,1,2016-01,CAPEX S.A.,113.888387096774
2016,1,2016-01,CENTRAL INTERNATIONAL CORPORATION (SUCURSAL ARGENTINA),179.190967741935
2016,1,2016-01,CHAÑARES ENERGIA S.A.,394.980451612903
2016,1,2016-01,CHEVRON ARGENTINA S.R.L.,2262.09838709677
2016,1,2016-01,COLHUE HUAPI S.A.,100.677419354839
2016,1,2016-01,COMPAÑÍA GENERAL DE COMBUSTIBLES S.A.,951.308506483871
2016,1,2016-01,COMPAÑÍAS ASOCIADAS PETROLERAS S.A.,1837.45161290323
2016,1,2016-01,COPESA CIA CONSTRUCTORA PETROLERA SA,0
2016,1,2016-01,"CRI HOLDING, INC.",14.3564516129032
2016,1,2016-01,CROWN POINT ENERGIA S.A.,0
2016,1,2016-01,CROWN POINT OIL & GAS S.A.,0
2016,1,2016-01,DAPETROL S.A.,40.1612903225806
2016,1,2016-01,ENAP SIPETROL ARGENTINA S.A.,1384.48935483871
2016,1,2016-01,ENERGIAL S.A.,9.8461935483871
2016,1,2016-01,ENERGICON S.A.,0
2016,1,2016-01,EXXONMOBIL EXPLORATION ARGENTINA S.R.L.,0
2016,1,2016-01,GAS Y PETROLEO DEL NEUQUEN S.A.,2.69222903225806
2016,1,2016-01,GEOPARK ARGENTINA LTD. (SUCURSAL ARGENTINA),0
2016,1,2016-01,GRECOIL y CIA. S.R.L.,28.9503225806452
2016,1,2016-01,HIGH LUCK GROUP LTD. - SUCURSAL ARGENTINA,163.893548387097
2016,1,2016-01,INGENIERIA ALPA S.A.,34.7245161290323
2016,1,2016-01,INGENIERIA SIMA S.A.,0.70741935483871
2016,1,2016-01,INTERENERGY ARGENTINA S.A.,4.19354838709677
2016,1,2016-01,JHP INTERNATIONAL PETROLEUM ENGINEERING LTD,0
2016,1,2016-01,KILWER S.A.,0
2016,1,2016-01,MADALENA AUSTRAL S.A.,0
2016,1,2016-01,MADALENA ENERGY ARGENTINA SRL ,197.323806451613
2016,1,2016-01,MADALENA PETROLEUM (AMERICAS) LTD. (SUCURSAL ARGENTINA),126.148709677419
2016,1,2016-01,MEDANITO S.A.,322.322903225806
2016,1,2016-01,O&G DEVELOPMENTS LTD S.A.,149.382903225806
2016,1,2016-01,OIL M&S S.A.,0
2016,1,2016-01,OILSTONE ENERGIA S.A.,321.146870967742
2016,1,2016-01,PAN AMERICAN ENERGY (SUCURSAL ARGENTINA) LLC,16315.2706451613
2016,1,2016-01,PETRO AP S.A.,36.3461290322581
2016,1,2016-01,PETROBRAS ARGENTINA S.A.,1977.91516129032
2016,1,2016-01,PETROFARO S.A.,0.797741935483871
2016,1,2016-01,PETROLEOS SUDAMERICANOS S.A.,230.106129032258
2016,1,2016-01,PETROLERA CERRO NEGRO S.A.,44.7033225806452
2016,1,2016-01,PETROLERA DEL COMAHUE S.A.,4.38903225806452
2016,1,2016-01,PETROLERA EL TREBOL S.A.,720.197741935484
2016,1,2016-01,PETROLERA ENTRE LOMAS S.A.,1785.3335483871
2016,1,2016-01,PETROLERA LF COMPANY S.R.L.,358.337096774194
2016,1,2016-01,PETROLERA PAMPA S.A. ,0.14
2016,1,2016-01,PETROLERA PATAGONIA S.R.L.,0.411935483870968
2016,1,2016-01,PETROLERA PIEDRA DEL AGUILA S.A.,0
2016,1,2016-01,PETROMINERA CHUBUT S.E.,21.9487096774194
2016,1,2016-01,PETROQUIMICA COMODORO RIVADAVIA S.A.,1206.73419354839
2016,1,2016-01,PLUSPETROL ENERGY S.A.,148.568064516129
2016,1,2016-01,PLUSPETROL S.A.,4991.60538178129
2016,1,2016-01,PRESIDENT PETROLEUM S.A.,50.44
2016,1,2016-01,QUINTANA E&P ARGENTINA S.R.L.,46.1193548387097
2016,1,2016-01,ROCH S.A.,456.944925419355
2016,1,2016-01,SAN JORGE PETROLEUM S.A.,83.5869032258065
2016,1,2016-01,"SINOPEC ARGENTINA EXPLORATION AND PRODUCTION, INC.",4411.94385487097
2016,1,2016-01,TECPETROL S.A.,2892.48238709677
2016,1,2016-01,TOTAL AUSTRAL S.A.,1409.50406451613
2016,1,2016-01,UNITEC ENERGY S.A.,6.02806451612903
2016,1,2016-01,WINTERSHALL ENERGIA S.A.,36.1961290322581
2016,1,2016-01,YPF S.A.,36414.5658064516
2016,1,2016-01,YSUR ENERGÍA ARGENTINA S.R.L.,788.53
2016,1,2016-01,YSUR PETROLERA ARGENTINA S.A.,188.993548387097
2016,2,2016-02,AMERICAS PETROGAS ARGENTINA S.A.,186.294827586207
2016,2,2016-02,ARGENTA ENERGIA S.A.,0
2016,2,2016-02,CAPEX S.A.,120.413793103448
2016,2,2016-02,CENTRAL INTERNATIONAL CORPORATION (SUCURSAL ARGENTINA),181.273103448276
2016,2,2016-02,CHAÑARES ENERGIA S.A.,396.164379310345
2016,2,2016-02,CHEVRON ARGENTINA S.R.L.,2237.50413793103
2016,2,2016-02,COLHUE HUAPI S.A.,94.0344827586207
2016,2,2016-02,COMPAÑÍA GENERAL DE COMBUSTIBLES S.A.,935.718583689655
2016,2,2016-02,COMPAÑÍAS ASOCIADAS PETROLERAS S.A.,1840.1724137931
2016,2,2016-02,COPESA CIA CONSTRUCTORA PETROLERA SA,0
2016,2,2016-02,"CRI HOLDING, INC.",14.9918037510659
2016,2,2016-02,CROWN POINT ENERGIA S.A.,0
2016,2,2016-02,CROWN POINT OIL & GAS S.A.,0
2016,2,2016-02,DAPETROL S.A.,41.1379310344828
2016,2,2016-02,ENAP SIPETROL ARGENTINA S.A.,1325.78620689655
2016,2,2016-02,ENERGIAL S.A.,6.96865517241379
2016,2,2016-02,ENERGICON S.A.,0
2016,2,2016-02,EXXONMOBIL EXPLORATION ARGENTINA S.R.L.,0
2016,2,2016-02,GAS Y PETROLEO DEL NEUQUEN S.A.,0
2016,2,2016-02,GEOPARK ARGENTINA LTD. (SUCURSAL ARGENTINA),0
2016,2,2016-02,GRECOIL y CIA. S.R.L.,21.9251724137931
2016,2,2016-02,HIGH LUCK GROUP LTD. - SUCURSAL ARGENTINA,157.824137931034
2016,2,2016-02,INGENIERIA ALPA S.A.,32.9606896551724
2016,2,2016-02,INGENIERIA SIMA S.A.,2.45724137931035
2016,2,2016-02,INTERENERGY ARGENTINA S.A.,4.27586206896552
2016,2,2016-02,JHP INTERNATIONAL PETROLEUM ENGINEERING LTD,0
2016,2,2016-02,KILWER S.A.,0
2016,2,2016-02,MADALENA AUSTRAL S.A.,17.133724137931
2016,2,2016-02,MADALENA ENERGY ARGENTINA SRL ,207.582448275862
2016,2,2016-02,MADALENA PETROLEUM (AMERICAS) LTD. (SUCURSAL ARGENTINA),113.582068965517
2016,2,2016-02,MEDANITO S.A.,310.998620689655
2016,2,2016-02,O&G DEVELOPMENTS LTD S.A.,189.918275862069
2016,2,2016-02,OIL M&S S.A.,0
2016,2,2016-02,OILSTONE ENERGIA S.A.,303.819413793103
2016,2,2016-02,PAN AMERICAN ENERGY (SUCURSAL ARGENTINA) LLC,15907.6827586207
2016,2,2016-02,PETRO AP S.A.,34.8020689655172
2016,2,2016-02,PETROBRAS ARGENTINA S.A.,2014.46
2016,2,2016-02,PETROFARO S.A.,0.969655172413793
2016,2,2016-02,PETROLEOS SUDAMERICANOS S.A.,244.89
2016,2,2016-02,PETROLERA CERRO NEGRO S.A.,44.4976551724138
2016,2,2016-02,PETROLERA DEL COMAHUE S.A.,4.00206896551724
2016,2,2016-02,PETROLERA EL TREBOL S.A.,701.547034482759
2016,2,2016-02,PETROLERA ENTRE LOMAS S.A.,1721.25972413793
2016,2,2016-02,PETROLERA LF COMPANY S.R.L.,325.370689655172
2016,2,2016-02,PETROLERA PAMPA S.A. ,0.161379310344828
2016,2,2016-02,PETROLERA PATAGONIA S.R.L.,2.02413793103448
2016,2,2016-02,PETROLERA PIEDRA DEL AGUILA S.A.,0
2016,2,2016-02,PETROMINERA CHUBUT S.E.,17.9596551724138
2016,2,2016-02,PETROQUIMICA COMODORO RIVADAVIA S.A.,1336.48827586207
2016,2,2016-02,PLUSPETROL ENERGY S.A.,142.295862068966
2016,2,2016-02,PLUSPETROL S.A.,5227.28224700103
2016,2,2016-02,PRESIDENT PETROLEUM S.A.,50.7551724137931
2016,2,2016-02,QUINTANA E&P ARGENTINA S.R.L.,44.4724137931034
2016,2,2016-02,ROCH S.A.,478.739656517241
2016,2,2016-02,SAN JORGE PETROLEUM S.A.,76.6934137931034
2016,2,2016-02,"SINOPEC ARGENTINA EXPLORATION AND PRODUCTION, INC.",4214.88655172414
2016,2,2016-02,TECPETROL S.A.,2663.94062068966
2016,2,2016-02,TOTAL AUSTRAL S.A.,1403.90713793103
2016,2,2016-02,UNITEC ENERGY S.A.,5.17448275862069
2016,2,2016-02,WINTERSHALL ENERGIA S.A.,24.8462068965517
2016,2,2016-02,YPF S.A.,36012.32
2016,2,2016-02,YSUR ENERGÍA ARGENTINA S.R.L.,769.417586206897
2016,2,2016-02,YSUR PETROLERA ARGENTINA S.A.,185.12
2016,3,2016-03,AMERICAS PETROGAS ARGENTINA S.A.,168.004838709677
2016,3,2016-03,ARGENTA ENERGIA S.A.,0
2016,3,2016-03,CAPEX S.A.,108.418064516129
2016,3,2016-03,CENTRAL INTERNATIONAL CORPORATION (SUCURSAL ARGENTINA),184.207096774194
2016,3,2016-03,CHAÑARES ENERGIA S.A.,388.224161290323
2016,3,2016-03,CHEVRON ARGENTINA S.R.L.,2197.79032258065
2016,3,2016-03,COLHUE HUAPI S.A.,92.5806451612903
2016,3,2016-03,COMPAÑÍA GENERAL DE COMBUSTIBLES S.A.,928.898383870968
2016,3,2016-03,COMPAÑÍAS ASOCIADAS PETROLERAS S.A.,1903.96774193548
2016,3,2016-03,COPESA CIA CONSTRUCTORA PETROLERA SA,0
2016,3,2016-03,"CRI HOLDING, INC.",13.7458064516129
2016,3,2016-03,CROWN POINT ENERGIA S.A.,0
2016,3,2016-03,CROWN POINT OIL & GAS S.A.,0
2016,3,2016-03,DAPETROL S.A.,40
2016,3,2016-03,ENAP SIPETROL ARGENTINA S.A.,1334.45161290323
2016,3,2016-03,ENERGIAL S.A.,3.73638709677419
2016,3,2016-03,ENERGICON S.A.,0
2016,3,2016-03,EXXONMOBIL EXPLORATION ARGENTINA S.R.L.,0
2016,3,2016-03,GAS Y PETROLEO DEL NEUQUEN S.A.,4.90721935483871
2016,3,2016-03,GEOPARK ARGENTINA LTD. (SUCURSAL ARGENTINA),4.84225806451613
2016,3,2016-03,GRECOIL y CIA. S.R.L.,20.7896774193548
2016,3,2016-03,HIGH LUCK GROUP LTD. - SUCURSAL ARGENTINA,154.474193548387
2016,3,2016-03,INGENIERIA ALPA S.A.,32.3238709677419
2016,3,2016-03,INGENIERIA SIMA S.A.,2.22290322580645
2016,3,2016-03,INTERENERGY ARGENTINA S.A.,4.2258064516129
2016,3,2016-03,JHP INTERNATIONAL PETROLEUM ENGINEERING LTD,0
2016,3,2016-03,KILWER S.A.,0
2016,3,2016-03,MADALENA AUSTRAL S.A.,8.96451612903226
2016,3,2016-03,MADALENA ENERGY ARGENTINA SRL ,182.875483870968
2016,3,2016-03,MADALENA PETROLEUM (AMERICAS) LTD. (SUCURSAL ARGENTINA),114.414516129032
2016,3,2016-03,MEDANITO S.A.,287.528387096774
2016,3,2016-03,O&G DEVELOPMENTS LTD S.A.,110.004838709677
2016,3,2016-03,OIL M&S S.A.,0
2016,3,2016-03,OILSTONE ENERGIA S.A.,273.170129032258
2016,3,2016-03,PAN AMERICAN ENERGY (SUCURSAL ARGENTINA) LLC,16044.5138709677
2016,3,2016-03,PETRO AP S.A.,32.7883870967742
2016,3,2016-03,PETROBRAS ARGENTINA S.A.,1950.63087096774
2016,3,2016-03,PETROFARO S.A.,0.729677419354839
2016,3,2016-03,PETROLEOS SUDAMERICANOS S.A.,243.460322580645
2016,3,2016-03,PETROLERA CERRO NEGRO S.A.,42.9995483870968
2016,3,2016-03,PETROLERA DEL COMAHUE S.A.,4.68870967741935
2016,3,2016-03,PETROLERA EL TREBOL S.A.,690.089967741936
2016,3,2016-03,PETROLERA ENTRE LOMAS S.A.,1678.05464516129
2016,3,2016-03,PETROLERA LF COMPANY S.R.L.,322.848387096774
2016,3,2016-03,PETROLERA PAMPA S.A. ,0.138064516129032
2016,3,2016-03,PETROLERA PATAGONIA S.R.L.,1.82032258064516
2016,3,2016-03,PETROLERA PIEDRA DEL AGUILA S.A.,0
2016,3,2016-03,PETROMINERA CHUBUT S.E.,29.9435483870968
2016,3,2016-03,PETROQUIMICA COMODORO RIVADAVIA S.A.,1303.71516129032
2016,3,2016-03,PLUSPETROL ENERGY S.A.,137.761935483871
2016,3,2016-03,PLUSPETROL S.A.,5333.11109277903
2016,3,2016-03,PRESIDENT PETROLEUM S.A.,46.4190322580645
2016,3,2016-03,QUINTANA E&P ARGENTINA S.R.L.,42.9806451612903
2016,3,2016-03,ROCH S.A.,510.267249354839
2016,3,2016-03,SAN JORGE PETROLEUM S.A.,87.2411935483871
2016,3,2016-03,"SINOPEC ARGENTINA EXPLORATION AND PRODUCTION, INC.",4364.94412903226
2016,3,2016-03,TECPETROL S.A.,2554.20293548387
2016,3,2016-03,TOTAL AUSTRAL S.A.,1454.13774193548
2016,3,2016-03,UNITEC ENERGY S.A.,5.49258064516129
2016,3,2016-03,WINTERSHALL ENERGIA S.A.,15.8022580645161
2016,3,2016-03,YPF S.A.,36442.6748387097
2016,3,2016-03,YSUR ENERGÍA ARGENTINA S.R.L.,853.623548387097
2016,3,2016-03,YSUR PETROLERA ARGENTINA S.A.,175.17
2016,4,2016-04,AMERICAS PETROGAS ARGENTINA S.A.,149.815
2016,4,2016-04,ARGENTA ENERGIA S.A.,3
2016,4,2016-04,CAPEX S.A.,98.717
2016,4,2016-04,CENTRAL INTERNATIONAL CORPORATION (SUCURSAL ARGENTINA),178.188
2016,4,2016-04,CHAÑARES ENERGIA S.A.,391.754266666667
2016,4,2016-04,CHEVRON ARGENTINA S.R.L.,2062.91
2016,4,2016-04,COLHUE HUAPI S.A.,90.3333333333333
2016,4,2016-04,COMPAÑÍA GENERAL DE COMBUSTIBLES S.A.,896.174693566667
2016,4,2016-04,COMPAÑÍAS ASOCIADAS PETROLERAS S.A.,1868.64633333333
2016,4,2016-04,COPESA CIA CONSTRUCTORA PETROLERA SA,0
2016,4,2016-04,"CRI HOLDING, INC.",9.76466666666667
2016,4,2016-04,CROWN POINT ENERGIA S.A.,0.845
2016,4,2016-04,CROWN POINT OIL & GAS S.A.,0
2016,4,2016-04,DAPETROL S.A.,39.2666666666667
2016,4,2016-04,ENAP SIPETROL ARGENTINA S.A.,1353.011
2016,4,2016-04,ENERGIAL S.A.,0
2016,4,2016-04,ENERGICON S.A.,0
2016,4,2016-04,EXXONMOBIL EXPLORATION ARGENTINA S.R.L.,0
2016,4,2016-04,GAS Y PETROLEO DEL NEUQUEN S.A.,4.5557
2016,4,2016-04,GEOPARK ARGENTINA LTD. (SUCURSAL ARGENTINA),4.401
2016,4,2016-04,GRECOIL y CIA. S.R.L.,22.283
2016,4,2016-04,HIGH LUCK GROUP LTD. - SUCURSAL ARGENTINA,152.977
2016,4,2016-04,INGENIERIA ALPA S.A.,31.2703333333333
2016,4,2016-04,INGENIERIA SIMA S.A.,0.124
2016,4,2016-04,INTERENERGY ARGENTINA S.A.,4.23333333333333
2016,4,2016-04,JHP INTERNATIONAL PETROLEUM ENGINEERING LTD,0
2016,4,2016-04,KILWER S.A.,0
2016,4,2016-04,MADALENA AUSTRAL S.A.,5.83766666666667
2016,4,2016-04,MADALENA ENERGY ARGENTINA SRL ,162.786766666667
2016,4,2016-04,MADALENA PETROLEUM (AMERICAS) LTD. (SUCURSAL ARGENTINA),115.766666666667
2016,4,2016-04,MEDANITO S.A.,290.459333333333
2016,4,2016-04,O&G DEVELOPMENTS LTD S.A.,83.9936666666667
2016,4,2016-04,OIL M&S S.A.,0
2016,4,2016-04,OILSTONE ENERGIA S.A.,291.207
2016,4,2016-04,PAN AMERICAN ENERGY (SUCURSAL ARGENTINA) LLC,15854.7353333333
2016,4,2016-04,PETRO AP S.A.,35.5777666666667
2016,4,2016-04,PETROBRAS ARGENTINA S.A.,1907.71386666667
2016,4,2016-04,PETROFARO S.A.,1.04733333333333
2016,4,2016-04,PETROLEOS SUDAMERICANOS S.A.,241.640333333333
2016,4,2016-04,PETROLERA CERRO NEGRO S.A.,41.7658
2016,4,2016-04,PETROLERA DEL COMAHUE S.A.,5.16
2016,4,2016-04,PETROLERA EL TREBOL S.A.,640.071133333333
2016,4,2016-04,PETROLERA ENTRE LOMAS S.A.,1678.37333333333
2016,4,2016-04,PETROLERA LF COMPANY S.R.L.,349.823666666667
2016,4,2016-04,PETROLERA PAMPA S.A. ,0
2016,4,2016-04,PETROLERA PATAGONIA S.R.L.,0.0143333333333333
2016,4,2016-04,PETROLERA PIEDRA DEL AGUILA S.A.,0
2016,4,2016-04,PETROMINERA CHUBUT S.E.,30.275
2016,4,2016-04,PETROQUIMICA COMODORO RIVADAVIA S.A.,1238.274
2016,4,2016-04,PLUSPETROL ENERGY S.A.,136.964666666667
2016,4,2016-04,PLUSPETROL S.A.,5368.32776224567
2016,4,2016-04,PRESIDENT PETROLEUM S.A.,60.7706666666667
2016,4,2016-04,QUINTANA E&P ARGENTINA S.R.L.,48.4066666666667
2016,4,2016-04,ROCH S.A.,462.050984466667
2016,4,2016-04,SAN JORGE PETROLEUM S.A.,116.586233333333
2016,4,2016-04,"SINOPEC ARGENTINA EXPLORATION AND PRODUCTION, INC.",4346.7487
2016,4,2016-04,TECPETROL S.A.,2447.15646666667
2016,4,2016-04,TOTAL AUSTRAL S.A.,1551.71813333333
2016,4,2016-04,UNITEC ENERGY S.A.,5.63966666666667
2016,4,2016-04,WINTERSHALL ENERGIA S.A.,20.443
2016,4,2016-04,YPF S.A.,36790.675
2016,4,2016-04,YSUR ENERGÍA ARGENTINA S.R.L.,969.944
2016,4,2016-04,YSUR PETROLERA ARGENTINA S.A.,163.411333333333
2016,5,2016-05,AMERICAS PETROGAS ARGENTINA S.A.,143.576129032258
2016,5,2016-05,ARGENTA ENERGIA S.A.,0
2016,5,2016-05,CAPEX S.A.,99.6129032258064
2016,5,2016-05,CENTRAL INTERNATIONAL CORPORATION (SUCURSAL ARGENTINA),171.424516129032
2016,5,2016-05,CHAÑARES ENERGIA S.A.,353.844580645161
2016,5,2016-05,CHEVRON ARGENTINA S.R.L.,1832.64612903226
2016,5,2016-05,COLHUE HUAPI S.A.,92.4516129032258
2016,5,2016-05,COMPAÑÍA GENERAL DE COMBUSTIBLES S.A.,880.588892419355
2016,5,2016-05,COMPAÑÍAS ASOCIADAS PETROLERAS S.A.,1872.45161290323
2016,5,2016-05,COPESA CIA CONSTRUCTORA PETROLERA SA,0
2016,5,2016-05,"CRI HOLDING, INC.",10.3860833116887
2016,5,2016-05,CROWN POINT ENERGIA S.A.,0
2016,5,2016-05,CROWN POINT OIL & GAS S.A.,0
2016,5,2016-05,DAPETROL S.A.,37.3225806451613
2016,5,2016-05,ENAP SIPETROL ARGENTINA S.A.,1190.27935483871
2016,5,2016-05,ENERGIAL S.A.,0
2016,5,2016-05,ENERGICON S.A.,0
2016,5,2016-05,EXXONMOBIL EXPLORATION ARGENTINA S.R.L.,0
2016,5,2016-05,FOMICRUZ S.E.,4.78612903225806
2016,5,2016-05,GAS Y PETROLEO DEL NEUQUEN S.A.,4.73616129032258
2016,5,2016-05,GRECOIL y CIA. S.R.L.,19.52
2016,5,2016-05,HIGH LUCK GROUP LTD. - SUCURSAL ARGENTINA,137.164838709677
2016,5,2016-05,INGENIERIA ALPA S.A.,30.6341935483871
2016,5,2016-05,INGENIERIA SIMA S.A.,0.194516129032258
2016,5,2016-05,INTERENERGY ARGENTINA S.A.,4.29032258064516
2016,5,2016-05,JHP INTERNATIONAL PETROLEUM ENGINEERING LTD,0
2016,5,2016-05,KILWER S.A.,0
2016,5,2016-05,MADALENA AUSTRAL S.A.,9.53770967741935
2016,5,2016-05,MADALENA ENERGY ARGENTINA SRL ,163.351161290323
2016,5,2016-05,MADALENA PETROLEUM (AMERICAS) LTD. (SUCURSAL ARGENTINA),116.008064516129
2016,5,2016-05,MEDANITO S.A.,273.265483870968
2016,5,2016-05,O&G DEVELOPMENTS LTD S.A.,0
2016,5,2016-05,OIL M&S S.A.,0
2016,5,2016-05,OILSTONE ENERGIA S.A.,287.814516129032
2016,5,2016-05,PAN AMERICAN ENERGY (SUCURSAL ARGENTINA) LLC,15625.5938709677
2016,5,2016-05,PETRO AP S.A.,56.4238709677419
2016,5,2016-05,PETROBRAS ARGENTINA S.A.,1884.36974193548
2016,5,2016-05,PETROFARO S.A.,1.09690322580645
2016,5,2016-05,PETROLEOS SUDAMERICANOS S.A.,254.73
2016,5,2016-05,PETROLERA CERRO NEGRO S.A.,42.5173870967742
2016,5,2016-05,PETROLERA DEL COMAHUE S.A.,5.28935483870968
2016,5,2016-05,PETROLERA EL TREBOL S.A.,619.876806451613
2016,5,2016-05,PETROLERA ENTRE LOMAS S.A.,1658.77419354839
2016,5,2016-05,PETROLERA LF COMPANY S.R.L.,353.378387096774
2016,5,2016-05,PETROLERA PAMPA S.A. ,0
2016,5,2016-05,PETROLERA PATAGONIA S.R.L.,0.27
2016,5,2016-05,PETROLERA PIEDRA DEL AGUILA S.A.,0
2016,5,2016-05,PETROMINERA CHUBUT S.E.,28.3351612903226
2016,5,2016-05,PETROQUIMICA COMODORO RIVADAVIA S.A.,1221.07741935484
2016,5,2016-05,PLUSPETROL ENERGY S.A.,138.791935483871
2016,5,2016-05,PLUSPETROL S.A.,5092.73152568871
2016,5,2016-05,PRESIDENT PETROLEUM S.A.,52.5003225806452
2016,5,2016-05,QUINTANA E&P ARGENTINA S.R.L.,38.7645161290323
2016,5,2016-05,ROCH S.A.,459.64271683871
2016,5,2016-05,SAN JORGE PETROLEUM S.A.,113.028709677419
2016,5,2016-05,"SINOPEC ARGENTINA EXPLORATION AND PRODUCTION, INC.",4261.47838709677
2016,5,2016-05,TECPETROL S.A.,2402.92267741935
2016,5,2016-05,TOTAL AUSTRAL S.A.,1456.1944516129
2016,5,2016-05,UNITEC ENERGY S.A.,4.46483870967742
2016,5,2016-05,WINTERSHALL ENERGIA S.A.,14.3183870967742
2016,5,2016-05,YPF S.A.,34730.6425806452
2016,5,2016-05,YSUR ENERGÍA ARGENTINA S.R.L.,958.168064516129
2016,5,2016-05,YSUR PETROLERA ARGENTINA S.A.,149.584516129032
2016,6,2016-06,AMERICAS PETROGAS ARGENTINA S.A.,126.209
2016,6,2016-06,ARGENTA ENERGIA S.A.,0
2016,6,2016-06,CAPEX S.A.,127.811333333333
2016,6,2016-06,CENTRAL INTERNATIONAL CORPORATION (SUCURSAL ARGENTINA),163.686
2016,6,2016-06,CHAÑARES ENERGIA S.A.,329.395633333333
2016,6,2016-06,CHEVRON ARGENTINA S.R.L.,1638.72833333333
2016,6,2016-06,COLHUE HUAPI S.A.,89.5
2016,6,2016-06,COMPAÑÍA GENERAL DE COMBUSTIBLES S.A.,839.02635
2016,6,2016-06,COMPAÑÍAS ASOCIADAS PETROLERAS S.A.,1913.63333333333
2016,6,2016-06,COPESA CIA CONSTRUCTORA PETROLERA SA,0
2016,6,2016-06,"CRI HOLDING, INC.",10.432409440721
2016,6,2016-06,CROWN POINT ENERGIA S.A.,2.40333333333333
2016,6,2016-06,CROWN POINT OIL & GAS S.A.,0
2016,6,2016-06,DAPETROL S.A.,35.1666666666667
2016,6,2016-06,ENAP SIPETROL ARGENTINA S.A.,1225.776
2016,6,2016-06,ENERGIAL S.A.,0
2016,6,2016-06,ENERGICON S.A.,0
2016,6,2016-06,EXXONMOBIL EXPLORATION ARGENTINA S.R.L.,0
2016,6,2016-06,FOMICRUZ S.E.,5.032
2016,6,2016-06,GAS Y PETROLEO DEL NEUQUEN S.A.,7.62
2016,6,2016-06,GEOPARK ARGENTINA LTD. (SUCURSAL ARGENTINA),0
2016,6,2016-06,GRECOIL y CIA. S.R.L.,23.7
2016,6,2016-06,HIGH LUCK GROUP LTD. - SUCURSAL ARGENTINA,161.964
2016,6,2016-06,INGENIERIA ALPA S.A.,31.726
2016,6,2016-06,INGENIERIA SIMA S.A.,0.0626666666666667
2016,6,2016-06,INTERENERGY ARGENTINA S.A.,4.3
2016,6,2016-06,JHP INTERNATIONAL PETROLEUM ENGINEERING LTD,0
2016,6,2016-06,KILWER S.A.,0
2016,6,2016-06,MADALENA AUSTRAL S.A.,3.04643333333333
2016,6,2016-06,MADALENA ENERGY ARGENTINA SRL ,144.5964
2016,6,2016-06,MADALENA PETROLEUM (AMERICAS) LTD. (SUCURSAL ARGENTINA),103.146666666667
2016,6,2016-06,MEDANITO S.A.,275.378
2016,6,2016-06,O&G DEVELOPMENTS LTD S.A.,58.6913333333333
2016,6,2016-06,OIL M&S S.A.,0
2016,6,2016-06,OILSTONE ENERGIA S.A.,241.717666666667
2016,6,2016-06,PAN AMERICAN ENERGY (SUCURSAL ARGENTINA) LLC,15396.2526666667
2016,6,2016-06,PETRO AP S.A.,39.07
2016,6,2016-06,PETROBRAS ARGENTINA S.A.,1909.14493333333
2016,6,2016-06,PETROFARO S.A.,1.1642
2016,6,2016-06,PETROLEOS SUDAMERICANOS S.A.,231.486333333333
2016,6,2016-06,PETROLERA CERRO NEGRO S.A.,43.3643333333333
2016,6,2016-06,PETROLERA DEL COMAHUE S.A.,5.04466666666667
2016,6,2016-06,PETROLERA EL TREBOL S.A.,593.137133333333
2016,6,2016-06,PETROLERA ENTRE LOMAS S.A.,1570.38
2016,6,2016-06,PETROLERA LF COMPANY S.R.L.,350.514666666667
2016,6,2016-06,PETROLERA PAMPA S.A. ,0
2016,6,2016-06,PETROLERA PATAGONIA S.R.L.,0
2016,6,2016-06,PETROLERA PIEDRA DEL AGUILA S.A.,0
2016,6,2016-06,PETROMINERA CHUBUT S.E.,16.3126666666667
2016,6,2016-06,PETROQUIMICA COMODORO RIVADAVIA S.A.,1087.47133333333
2016,6,2016-06,PLUSPETROL ENERGY S.A.,134.861666666667
2016,6,2016-06,PLUSPETROL S.A.,4860.49524917033
2016,6,2016-06,PRESIDENT PETROLEUM S.A.,44.1143333333333
2016,6,2016-06,QUINTANA E&P ARGENTINA S.R.L.,43.0066666666667
2016,6,2016-06,ROCH S.A.,423.482314033333
2016,6,2016-06,SAN JORGE PETROLEUM S.A.,106.1366
2016,6,2016-06,"SINOPEC ARGENTINA EXPLORATION AND PRODUCTION, INC.",4277.08226666667
2016,6,2016-06,TECPETROL S.A.,2450.30103333333
2016,6,2016-06,TOTAL AUSTRAL S.A.,1497.88103333333
2016,6,2016-06,UNITEC ENERGY S.A.,3.708
2016,6,2016-06,WINTERSHALL ENERGIA S.A.,15.553
2016,6,2016-06,YPF S.A.,35855.9376666667
2016,6,2016-06,YSUR ENERGÍA ARGENTINA S.R.L.,929.786333333333
2016,6,2016-06,YSUR PETROLERA ARGENTINA S.A.,137.428
2016,7,2016-07,AMERICAS PETROGAS ARGENTINA S.A.,129.123548387097
2016,7,2016-07,ARGENTA ENERGIA S.A.,0
2016,7,2016-07,CAPEX S.A.,125.090322580645
2016,7,2016-07,CENTRAL INTERNATIONAL CORPORATION (SUCURSAL ARGENTINA),165.261290322581
2016,7,2016-07,CHAÑARES ENERGIA S.A.,376.300483870968
2016,7,2016-07,CHEVRON ARGENTINA S.R.L.,1640.5
2016,7,2016-07,COLHUE HUAPI S.A.,87.2258064516129
2016,7,2016-07,COMPAÑÍA GENERAL DE COMBUSTIBLES S.A.,788.108307516129
2016,7,2016-07,COMPAÑÍAS ASOCIADAS PETROLERAS S.A.,1849.09677419355
2016,7,2016-07,COPESA CIA CONSTRUCTORA PETROLERA SA,0
2016,7,2016-07,"CRI HOLDING, INC.",11.3227096774194
2016,7,2016-07,CROWN POINT ENERGIA S.A.,0.612903225806452
2016,7,2016-07,DAPETROL S.A.,32.2258064516129
2016,7,2016-07,ENAP SIPETROL ARGENTINA S.A.,1441.80419354839
2016,7,2016-07,ENERGIAL S.A.,0
2016,7,2016-07,ENERGICON S.A.,0
2016,7,2016-07,EXXONMOBIL EXPLORATION ARGENTINA S.R.L.,0
2016,7,2016-07,FOMICRUZ S.E.,3.82677419354839
2016,7,2016-07,GAS Y PETROLEO DEL NEUQUEN S.A.,6.65413548387097
2016,7,2016-07,GEOPARK ARGENTINA LTD. (SUCURSAL ARGENTINA),0
2016,7,2016-07,GRECOIL y CIA. S.R.L.,23.5903225806452
2016,7,2016-07,HIGH LUCK GROUP LTD. - SUCURSAL ARGENTINA,142.894838709677
2016,7,2016-07,INGENIERIA ALPA S.A.,32.3687096774194
2016,7,2016-07,INGENIERIA SIMA S.A.,2.2641935483871
2016,7,2016-07,INTERENERGY ARGENTINA S.A.,3.61290322580645
2016,7,2016-07,JHP INTERNATIONAL PETROLEUM ENGINEERING LTD,0
2016,7,2016-07,KILWER S.A.,0
2016,7,2016-07,MADALENA AUSTRAL S.A.,0
2016,7,2016-07,MADALENA ENERGY ARGENTINA SRL ,136.696967741935
2016,7,2016-07,MADALENA PETROLEUM (AMERICAS) LTD. (SUCURSAL ARGENTINA),106.325806451613
2016,7,2016-07,MEDANITO S.A.,278.527096774194
2016,7,2016-07,O&G DEVELOPMENTS LTD S.A.,122.244193548387
2016,7,2016-07,OIL M&S S.A.,0
2016,7,2016-07,OILSTONE ENERGIA S.A.,258.577741935484
2016,7,2016-07,PAN AMERICAN ENERGY (SUCURSAL ARGENTINA) LLC,15294.1406451613
2016,7,2016-07,PETRO AP S.A.,32.74
2016,7,2016-07,PETROBRAS ARGENTINA S.A.,1951.23777419355
2016,7,2016-07,PETROFARO S.A.,0.925483870967742
2016,7,2016-07,PETROLEOS SUDAMERICANOS S.A.,242.230322580645
2016,7,2016-07,PETROLERA CERRO NEGRO S.A.,43.1583548387097
2016,7,2016-07,PETROLERA DEL COMAHUE S.A.,4.96741935483871
2016,7,2016-07,PETROLERA EL TREBOL S.A.,624.279903225806
2016,7,2016-07,PETROLERA ENTRE LOMAS S.A.,1641.49032258065
2016,7,2016-07,PETROLERA LF COMPANY S.R.L.,340.045483870968
2016,7,2016-07,PETROLERA PAMPA S.A. ,0
2016,7,2016-07,PETROLERA PATAGONIA S.R.L.,0
2016,7,2016-07,PETROLERA PIEDRA DEL AGUILA S.A.,0
2016,7,2016-07,PETROMINERA CHUBUT S.E.,21.3112903225806
2016,7,2016-07,PETROQUIMICA COMODORO RIVADAVIA S.A.,1132.82419354839
2016,7,2016-07,PLUSPETROL ENERGY S.A.,131.61
2016,7,2016-07,PLUSPETROL S.A.,5243.47367173452
2016,7,2016-07,PRESIDENT PETROLEUM S.A.,68.9148387096774
2016,7,2016-07,QUINTANA E&P ARGENTINA S.R.L.,44.0129032258065
2016,7,2016-07,ROCH S.A.,425.417412354839
2016,7,2016-07,SAN JORGE PETROLEUM S.A.,102.279806451613
2016,7,2016-07,"SINOPEC ARGENTINA EXPLORATION AND PRODUCTION, INC.",4233.53841935484
2016,7,2016-07,TECPETROL S.A.,2463.02751612903
2016,7,2016-07,TOTAL AUSTRAL S.A.,1496.83429032258
2016,7,2016-07,UNITEC ENERGY S.A.,5.49193548387097
2016,7,2016-07,WINTERSHALL ENERGIA S.A.,17.0625806451613
2016,7,2016-07,YPF S.A.,36945.8519354839
2016,7,2016-07,YSUR ENERGÍA ARGENTINA S.R.L.,945.126774193548
2016,7,2016-07,YSUR PETROLERA ARGENTINA S.A.,131.656129032258
2016,8,2016-08,AMERICAS PETROGAS ARGENTINA S.A.,128.556451612903
2016,8,2016-08,ARGENTA ENERGIA S.A.,0
2016,8,2016-08,CAPEX S.A.,127.258064516129
2016,8,2016-08,CENTRAL INTERNATIONAL CORPORATION (SUCURSAL ARGENTINA),157.923870967742
2016,8,2016-08,CHAÑARES ENERGIA S.A.,382.551838709677
2016,8,2016-08,CHEVRON ARGENTINA S.R.L.,1675.16
2016,8,2016-08,COLHUE HUAPI S.A.,85.1290322580645
2016,8,2016-08,COMPAÑÍA GENERAL DE COMBUSTIBLES S.A.,785.626174709677
2016,8,2016-08,COMPAÑÍAS ASOCIADAS PETROLERAS S.A.,1857.96774193548
2016,8,2016-08,COPESA CIA CONSTRUCTORA PETROLERA SA,0
2016,8,2016-08,"CRI HOLDING, INC.",12.6450967741935
2016,8,2016-08,CROWN POINT ENERGIA S.A.,0.122903225806452
2016,8,2016-08,DAPETROL S.A.,32.2903225806452
2016,8,2016-08,ENAP SIPETROL ARGENTINA S.A.,1397.61483870968
2016,8,2016-08,ENERGICON S.A.,0
2016,8,2016-08,EXXONMOBIL EXPLORATION ARGENTINA S.R.L.,0
2016,8,2016-08,FOMICRUZ S.E.,5.52032258064516
2016,8,2016-08,GAS Y PETROLEO DEL NEUQUEN S.A.,6.69032774193548
2016,8,2016-08,GEOPARK ARGENTINA LTD. (SUCURSAL ARGENTINA),0
2016,8,2016-08,GRECOIL y CIA. S.R.L.,19.9032258064516
2016,8,2016-08,HIGH LUCK GROUP LTD. - SUCURSAL ARGENTINA,136.457741935484
2016,8,2016-08,INGENIERIA ALPA S.A.,27.9641935483871
2016,8,2016-08,INGENIERIA SIMA S.A.,3.0858064516129
2016,8,2016-08,INTERENERGY ARGENTINA S.A.,2.74193548387097
2016,8,2016-08,JHP INTERNATIONAL PETROLEUM ENGINEERING LTD,0
2016,8,2016-08,KILWER S.A.,0
2016,8,2016-08,MADALENA AUSTRAL S.A.,0
2016,8,2016-08,MADALENA ENERGY ARGENTINA SRL ,118.243838709677
2016,8,2016-08,MADALENA PETROLEUM (AMERICAS) LTD. (SUCURSAL ARGENTINA),111.381516129032
2016,8,2016-08,MEDANITO S.A.,283.704193548387
2016,8,2016-08,O&G DEVELOPMENTS LTD S.A.,97.8383870967742
2016,8,2016-08,OIL M&S S.A.,0
2016,8,2016-08,OILSTONE ENERGIA S.A.,258.758709677419
2016,8,2016-08,PAN AMERICAN ENERGY (SUCURSAL ARGENTINA) LLC,15477.2458064516
2016,8,2016-08,PETRO AP S.A.,32.74
2016,8,2016-08,PETROBRAS ARGENTINA S.A.,1931.12209677419
2016,8,2016-08,PETROFARO S.A.,0.865806451612903
2016,8,2016-08,PETROLEOS SUDAMERICANOS S.A.,251.44
2016,8,2016-08,PETROLERA CERRO NEGRO S.A.,40.842
2016,8,2016-08,PETROLERA DEL COMAHUE S.A.,3.95322580645161
2016,8,2016-08,PETROLERA EL TREBOL S.A.,639.388225806452
2016,8,2016-08,PETROLERA ENTRE LOMAS S.A.,1633.18064516129
2016,8,2016-08,PETROLERA LF COMPANY S.R.L.,345.321290322581
2016,8,2016-08,PETROLERA PAMPA S.A. ,0
2016,8,2016-08,PETROLERA PATAGONIA S.R.L.,0
2016,8,2016-08,PETROLERA PIEDRA DEL AGUILA S.A.,0
2016,8,2016-08,PETROMINERA CHUBUT S.E.,18.4351612903226
2016,8,2016-08,PETROQUIMICA COMODORO RIVADAVIA S.A.,1112.77
2016,8,2016-08,PLUSPETROL ENERGY S.A.,129.208387096774
2016,8,2016-08,PLUSPETROL S.A.,5195.39071605419
2016,8,2016-08,PRESIDENT PETROLEUM S.A.,45.6054838709677
2016,8,2016-08,QUINTANA E&P ARGENTINA S.R.L.,37.9516129032258
2016,8,2016-08,ROCH S.A.,436.668656322581
2016,8,2016-08,SAN JORGE PETROLEUM S.A.,102.211483870968
2016,8,2016-08,"SINOPEC ARGENTINA EXPLORATION AND PRODUCTION, INC.",4129.42348254839
2016,8,2016-08,TECPETROL S.A.,2290.86961290323
2016,8,2016-08,TOTAL AUSTRAL S.A.,1566.02222580645
2016,8,2016-08,UNITEC ENERGY S.A.,5.5141935483871
2016,8,2016-08,WINTERSHALL ENERGIA S.A.,28.3829032258065
2016,8,2016-08,YPF S.A.,36717.1083870968
2016,8,2016-08,YSUR ENERGÍA ARGENTINA S.R.L.,999.715161290322
2016,8,2016-08,YSUR PETROLERA ARGENTINA S.A.,123.45
2016,9,2016-09,AMERICAS PETROGAS ARGENTINA S.A.,121.246333333333
2016,9,2016-09,ARGENTA ENERGIA S.A.,0
2016,9,2016-09,CAPEX S.A.,131.276666666667
2016,9,2016-09,CENTRAL INTERNATIONAL CORPORATION (SUCURSAL ARGENTINA),152.456666666667
2016,9,2016-09,CHAÑARES ENERGIA S.A.,373.1115
2016,9,2016-09,CHEVRON ARGENTINA S.R.L.,1687.96533333333
2016,9,2016-09,COLHUE HUAPI S.A.,83.1
2016,9,2016-09,COMPAÑÍA GENERAL DE COMBUSTIBLES S.A.,724.593784833333
2016,9,2016-09,COMPAÑÍAS ASOCIADAS PETROLERAS S.A.,1899.06666666667
2016,9,2016-09,COPESA CIA CONSTRUCTORA PETROLERA SA,0
2016,9,2016-09,"CRI HOLDING, INC.",11.974
2016,9,2016-09,CROWN POINT ENERGIA S.A.,0.0826666666666667
2016,9,2016-09,DAPETROL S.A.,31.8333333333333
2016,9,2016-09,ENAP SIPETROL ARGENTINA S.A.,1333.01066666667
2016,9,2016-09,ENERGICON S.A.,0
2016,9,2016-09,EXXONMOBIL EXPLORATION ARGENTINA S.R.L.,0
2016,9,2016-09,FOMICRUZ S.E.,5.89566666666667
2016,9,2016-09,GAS Y PETROLEO DEL NEUQUEN S.A.,6.04922666666667
2016,9,2016-09,GEOPARK ARGENTINA LTD. (SUCURSAL ARGENTINA),0
2016,9,2016-09,GRECOIL y CIA. S.R.L.,17.6333333333333
2016,9,2016-09,HIGH LUCK GROUP LTD. - SUCURSAL ARGENTINA,111.586666666667
2016,9,2016-09,INGENIERIA ALPA S.A.,32.763
2016,9,2016-09,INGENIERIA SIMA S.A.,3.46866666666667
2016,9,2016-09,JHP INTERNATIONAL PETROLEUM ENGINEERING LTD,0
2016,9,2016-09,KILWER S.A.,0
2016,9,2016-09,MADALENA AUSTRAL S.A.,0
2016,9,2016-09,MADALENA ENERGY ARGENTINA SRL ,106.6216
2016,9,2016-09,MADALENA PETROLEUM (AMERICAS) LTD. (SUCURSAL ARGENTINA),120.260666666667
2016,9,2016-09,MEDANITO S.A.,278.214666666667
2016,9,2016-09,O&G DEVELOPMENTS LTD S.A.,45.0333333333333
2016,9,2016-09,OIL M&S S.A.,0
2016,9,2016-09,OILSTONE ENERGIA S.A.,255.614
2016,9,2016-09,PAN AMERICAN ENERGY (SUCURSAL ARGENTINA) LLC,15730.798
2016,9,2016-09,PETRO AP S.A.,35.8971
2016,9,2016-09,PETROBRAS ARGENTINA S.A.,1985.30426666667
2016,9,2016-09,PETROFARO S.A.,1
2016,9,2016-09,PETROLEOS SUDAMERICANOS S.A.,243.159333333333
2016,9,2016-09,PETROLERA CERRO NEGRO S.A.,38.9838
2016,9,2016-09,PETROLERA DEL COMAHUE S.A.,3.94633333333333
2016,9,2016-09,PETROLERA EL TREBOL S.A.,629.283233333333
2016,9,2016-09,PETROLERA ENTRE LOMAS S.A.,1628.95533333333
2016,9,2016-09,PETROLERA LF COMPANY S.R.L.,343.741
2016,9,2016-09,PETROLERA PAMPA S.A. ,0
2016,9,2016-09,PETROLERA PATAGONIA S.R.L.,0
2016,9,2016-09,PETROLERA PIEDRA DEL AGUILA S.A.,0
2016,9,2016-09,PETROMINERA CHUBUT S.E.,7.421
2016,9,2016-09,PETROQUIMICA COMODORO RIVADAVIA S.A.,1124.35533333333
2016,9,2016-09,PLUSPETROL ENERGY S.A.,126.964333333333
2016,9,2016-09,PLUSPETROL S.A.,5093.003699288
2016,9,2016-09,PRESIDENT PETROLEUM S.A.,75.5117333333333
2016,9,2016-09,QUINTANA E&P ARGENTINA S.R.L.,45.9333333333333
2016,9,2016-09,ROCH S.A.,417.153468966667
2016,9,2016-09,SAN JORGE PETROLEUM S.A.,104.245733333333
2016,9,2016-09,"SINOPEC ARGENTINA EXPLORATION AND PRODUCTION, INC.",4379.20766666667
2016,9,2016-09,TECPETROL S.A.,2310.10316666667
2016,9,2016-09,TOTAL AUSTRAL S.A.,1607.53923333333
2016,9,2016-09,UNITEC ENERGY S.A.,5.252
2016,9,2016-09,WINTERSHALL ENERGIA S.A.,35.5813333333333
2016,9,2016-09,YPF S.A.,36950.1183333333
2016,9,2016-09,YSUR ENERGÍA ARGENTINA S.R.L.,953.171
2016,9,2016-09,YSUR PETROLERA ARGENTINA S.A.,135.329
2016,10,2016-10,AMERICAS PETROGAS ARGENTINA S.A.,113.820967741935
2016,10,2016-10,APCO OIL AND GAS INTERNATIONAL INC (SUCURSAL ARGENTINA),117.188290322581
2016,10,2016-10,ARGENTA ENERGIA S.A.,0
2016,10,2016-10,CAPEX S.A.,146.579677419355
2016,10,2016-10,CENTRAL INTERNATIONAL CORPORATION (SUCURSAL ARGENTINA),145.177419354839
2016,10,2016-10,CHAÑARES ENERGIA S.A.,349.432483870968
2016,10,2016-10,CHEVRON ARGENTINA S.R.L.,1676.83387096774
2016,10,2016-10,COLHUE HUAPI S.A.,83.5161290322581
2016,10,2016-10,COMPAÑÍA GENERAL DE COMBUSTIBLES S.A.,734.596967
2016,10,2016-10,COMPAÑÍAS ASOCIADAS PETROLERAS S.A.,1891.77419354839
2016,10,2016-10,COPESA CIA CONSTRUCTORA PETROLERA SA,0
2016,10,2016-10,"CRI HOLDING, INC.",12.291928472979
2016,10,2016-10,CROWN POINT ENERGIA S.A.,0.0961290322580645
2016,10,2016-10,DAPETROL S.A.,20.9677419354839
2016,10,2016-10,ENAP SIPETROL ARGENTINA S.A.,1343.32129032258
2016,10,2016-10,ENERGICON S.A.,0
2016,10,2016-10,EXXONMOBIL EXPLORATION ARGENTINA S.R.L.,0
2016,10,2016-10,FOMICRUZ S.E.,5.61290322580645
2016,10,2016-10,GAS Y PETROLEO DEL NEUQUEN S.A.,5.54626774193548
2016,10,2016-10,GEOPARK ARGENTINA LTD. (SUCURSAL ARGENTINA),0
2016,10,2016-10,GRECOIL y CIA. S.R.L.,23.1612903225806
2016,10,2016-10,HIGH LUCK GROUP LTD. - SUCURSAL ARGENTINA,139.975806451613
2016,10,2016-10,INGENIERIA ALPA S.A.,29.1306451612903
2016,10,2016-10,INGENIERIA SIMA S.A.,2.73193548387097
2016,10,2016-10,JHP INTERNATIONAL PETROLEUM ENGINEERING LTD,0
2016,10,2016-10,KILWER S.A.,0
2016,10,2016-10,MADALENA AUSTRAL S.A.,1.22516129032258
2016,10,2016-10,MADALENA ENERGY ARGENTINA SRL ,129.945774193548
2016,10,2016-10,MADALENA PETROLEUM (AMERICAS) LTD. (SUCURSAL ARGENTINA),128.283548387097
2016,10,2016-10,MEDANITO S.A.,251.947741935484
2016,10,2016-10,O&G DEVELOPMENTS LTD S.A.,0.445806451612903
2016,10,2016-10,OIL M&S S.A.,0
2016,10,2016-10,OILSTONE ENERGIA S.A.,249.403225806452
2016,10,2016-10,PAMPETROL S.A.P.E.M,0
2016,10,2016-10,PAN AMERICAN ENERGY (SUCURSAL ARGENTINA) LLC,15835.4306451613
2016,10,2016-10,PETRO AP S.A.,34.2296774193548
2016,10,2016-10,PETROBRAS ARGENTINA S.A.,2019.14058064516
2016,10,2016-10,PETROFARO S.A.,0.728387096774193
2016,10,2016-10,PETROLEOS SUDAMERICANOS S.A.,244.69
2016,10,2016-10,PETROLERA CERRO NEGRO S.A.,38.8489032258065
2016,10,2016-10,PETROLERA DEL COMAHUE S.A.,4.67903225806452
2016,10,2016-10,PETROLERA EL TREBOL S.A.,605.279741935484
2016,10,2016-10,PETROLERA ENTRE LOMAS S.A.,1585.41458064516
2016,10,2016-10,PETROLERA LF COMPANY S.R.L.,339.966774193548
2016,10,2016-10,PETROLERA PAMPA S.A. ,0
2016,10,2016-10,PETROLERA PATAGONIA S.R.L.,0
2016,10,2016-10,PETROLERA PIEDRA DEL AGUILA S.A.,0
2016,10,2016-10,PETROMINERA CHUBUT S.E.,7.33764516129032
2016,10,2016-10,PETROQUIMICA COMODORO RIVADAVIA S.A.,1129.96838709677
2016,10,2016-10,PLUSPETROL ENERGY S.A.,128.445483870968
2016,10,2016-10,PLUSPETROL S.A.,4943.77064711774
2016,10,2016-10,PRESIDENT PETROLEUM S.A.,61.1283870967742
2016,10,2016-10,QUINTANA E&P ARGENTINA S.R.L.,43.5161290322581
2016,10,2016-10,ROCH S.A.,273.426330870968
2016,10,2016-10,SAN JORGE PETROLEUM S.A.,98.6475161290323
2016,10,2016-10,"SINOPEC ARGENTINA EXPLORATION AND PRODUCTION, INC.",4402.73083870968
2016,10,2016-10,TECPETROL S.A.,2318.94216129032
2016,10,2016-10,TOTAL AUSTRAL S.A.,1671.28719354839
2016,10,2016-10,UNITEC ENERGY S.A.,5.12193548387097
2016,10,2016-10,WINTERSHALL ENERGIA S.A.,23.9758064516129
2016,10,2016-10,YPF S.A.,36781.1777419355
2016,10,2016-10,YSUR ENERGÍA ARGENTINA S.R.L.,869.030322580645
2016,10,2016-10,YSUR PETROLERA ARGENTINA S.A.,116.836774193548
2016,11,2016-11,AMERICAS PETROGAS ARGENTINA S.A.,112.465
2016,11,2016-11,APCO OIL AND GAS INTERNATIONAL INC (SUCURSAL ARGENTINA),118.301333333333
2016,11,2016-11,ARGENTA ENERGIA S.A.,0
2016,11,2016-11,CAPEX S.A.,123.9
2016,11,2016-11,CENTRAL INTERNATIONAL CORPORATION (SUCURSAL ARGENTINA),145.066666666667
2016,11,2016-11,CHAÑARES ENERGIA S.A.,348.178433333333
2016,11,2016-11,CHEVRON ARGENTINA S.R.L.,1645.88766666667
2016,11,2016-11,COLHUE HUAPI S.A.,79.9666666666667
2016,11,2016-11,COMPAÑÍA GENERAL DE COMBUSTIBLES S.A.,753.118302333333
2016,11,2016-11,COMPAÑÍAS ASOCIADAS PETROLERAS S.A.,1861.26666666667
2016,11,2016-11,COPESA CIA CONSTRUCTORA PETROLERA SA,0
2016,11,2016-11,"CRI HOLDING, INC.",8.86576666666667
2016,11,2016-11,CROWN POINT ENERGIA S.A.,0
2016,11,2016-11,DAPETROL S.A.,2.33333333333333
2016,11,2016-11,ENAP SIPETROL ARGENTINA S.A.,1221.76566666667
2016,11,2016-11,ENERGICON S.A.,0
2016,11,2016-11,EXXONMOBIL EXPLORATION ARGENTINA S.R.L.,0
2016,11,2016-11,FOMICRUZ S.E.,0.914666666666667
2016,11,2016-11,GAS Y PETROLEO DEL NEUQUEN S.A.,5.42044
2016,11,2016-11,GEOPARK ARGENTINA LTD. (SUCURSAL ARGENTINA),0
2016,11,2016-11,GRECOIL y CIA. S.R.L.,13.5
2016,11,2016-11,HIGH LUCK GROUP LTD. - SUCURSAL ARGENTINA,131.211666666667
2016,11,2016-11,INGENIERIA ALPA S.A.,35.5816666666667
2016,11,2016-11,INGENIERIA SIMA S.A.,2.19866666666667
2016,11,2016-11,JHP INTERNATIONAL PETROLEUM ENGINEERING LTD,0
2016,11,2016-11,KILWER S.A.,0
2016,11,2016-11,MADALENA AUSTRAL S.A.,1.715
2016,11,2016-11,MADALENA ENERGY ARGENTINA SRL ,160.607266666667
2016,11,2016-11,MADALENA PETROLEUM (AMERICAS) LTD. (SUCURSAL ARGENTINA),122.602
2016,11,2016-11,MEDANITO S.A.,247.865333333333
2016,11,2016-11,O&G DEVELOPMENTS LTD S.A.,10.8573333333333
2016,11,2016-11,OIL M&S S.A.,0
2016,11,2016-11,OILSTONE ENERGIA S.A.,243.370666666667
2016,11,2016-11,PAMPETROL S.A.P.E.M,8.94
2016,11,2016-11,PAN AMERICAN ENERGY (SUCURSAL ARGENTINA) LLC,15598.5683333333
2016,11,2016-11,PETRO AP S.A.,33
2016,11,2016-11,PETROBRAS ARGENTINA S.A.,1123.60033333333
2016,11,2016-11,PETROFARO S.A.,0.541666666666667
2016,11,2016-11,PETROLEOS SUDAMERICANOS S.A.,245.78
2016,11,2016-11,PETROLERA CERRO NEGRO S.A.,38.2773333333333
2016,11,2016-11,PETROLERA DEL COMAHUE S.A.,3.73666666666667
2016,11,2016-11,PETROLERA EL TREBOL S.A.,600.2597
2016,11,2016-11,PETROLERA ENTRE LOMAS S.A.,1592.93366666667
2016,11,2016-11,PETROLERA LF COMPANY S.R.L.,345.462666666667
2016,11,2016-11,PETROLERA PAMPA S.A. ,585.390866666667
2016,11,2016-11,PETROLERA PATAGONIA S.R.L.,0
2016,11,2016-11,PETROLERA PIEDRA DEL AGUILA S.A.,0
2016,11,2016-11,PETROMINERA CHUBUT S.E.,0
2016,11,2016-11,PETROQUIMICA COMODORO RIVADAVIA S.A.,1168.425
2016,11,2016-11,PLUSPETROL ENERGY S.A.,132.346
2016,11,2016-11,PLUSPETROL S.A.,5011.19325564233
2016,11,2016-11,PRESIDENT PETROLEUM S.A.,50.4664666666667
2016,11,2016-11,QUINTANA E&P ARGENTINA S.R.L.,30.81
2016,11,2016-11,ROCH S.A.,278.4096041
2016,11,2016-11,SAN JORGE PETROLEUM S.A.,99.4293333333333
2016,11,2016-11,"SINOPEC ARGENTINA EXPLORATION AND PRODUCTION, INC.",4286.63676666667
2016,11,2016-11,TECPETROL S.A.,2310.4089
2016,11,2016-11,TOTAL AUSTRAL S.A.,1439.36626666667
2016,11,2016-11,UNITEC ENERGY S.A.,4.741
2016,11,2016-11,WINTERSHALL ENERGIA S.A.,24.928
2016,11,2016-11,YPF S.A.,36485.5253333333
2016,11,2016-11,YSUR ENERGÍA ARGENTINA S.R.L.,812.282333333333
2016,11,2016-11,YSUR PETROLERA ARGENTINA S.A.,108.66
2016,12,2016-12,AMERICAS PETROGAS ARGENTINA S.A.,119.462580645161
2016,12,2016-12,APCO OIL AND GAS INTERNATIONAL INC (SUCURSAL ARGENTINA),104.360967741935
2016,12,2016-12,ARGENTA ENERGIA S.A.,0
2016,12,2016-12,CAPEX S.A.,117.483870967742
2016,12,2016-12,CENTRAL INTERNATIONAL CORPORATION (SUCURSAL ARGENTINA),138.097096774194
2016,12,2016-12,CHAÑARES ENERGIA S.A.,334.158387096774
2016,12,2016-12,CHEVRON ARGENTINA S.R.L.,1607.44225806452
2016,12,2016-12,COLHUE HUAPI S.A.,80.5632258064516
2016,12,2016-12,COMPAÑÍA GENERAL DE COMBUSTIBLES S.A.,745.27487916129
2016,12,2016-12,COMPAÑÍAS ASOCIADAS PETROLERAS S.A.,1886.25806451613
2016,12,2016-12,COPESA CIA CONSTRUCTORA PETROLERA SA,0
2016,12,2016-12,"CRI HOLDING, INC.",3.64061732698645
2016,12,2016-12,CROWN POINT ENERGIA S.A.,0
2016,12,2016-12,DAPETROL S.A.,20.8709677419355
2016,12,2016-12,ENAP SIPETROL ARGENTINA S.A.,1136.35483870968
2016,12,2016-12,ENERGICON S.A.,0
2016,12,2016-12,EXXONMOBIL EXPLORATION ARGENTINA S.R.L.,0
2016,12,2016-12,FOMICRUZ S.E.,2.72612903225806
2016,12,2016-12,GAS Y PETROLEO DEL NEUQUEN S.A.,2.5946064516129
2016,12,2016-12,GEOPARK ARGENTINA LTD. (SUCURSAL ARGENTINA),0
2016,12,2016-12,GRECOIL y CIA. S.R.L.,19.741935483871
2016,12,2016-12,HIGH LUCK GROUP LTD. - SUCURSAL ARGENTINA,145.895161290323
2016,12,2016-12,INGENIERIA ALPA S.A.,36.3670967741935
2016,12,2016-12,INGENIERIA SIMA S.A.,1.42193548387097
2016,12,2016-12,JHP INTERNATIONAL PETROLEUM ENGINEERING LTD,0
2016,12,2016-12,KILWER S.A.,0
2016,12,2016-12,MADALENA AUSTRAL S.A.,1.40096774193548
2016,12,2016-12,MADALENA ENERGY ARGENTINA SRL ,169.005161290323
2016,12,2016-12,MADALENA PETROLEUM (AMERICAS) LTD. (SUCURSAL ARGENTINA),120.782903225806
2016,12,2016-12,MEDANITO S.A.,228.396129032258
2016,12,2016-12,O&G DEVELOPMENTS LTD S.A.,181.069032258065
2016,12,2016-12,OIL M&S S.A.,0
2016,12,2016-12,OILSTONE ENERGIA S.A.,231.703870967742
2016,12,2016-12,PAMPETROL S.A.P.E.M,10.5496774193548
2016,12,2016-12,PAN AMERICAN ENERGY (SUCURSAL ARGENTINA) LLC,15652.2009677419
2016,12,2016-12,PETRO AP S.A.,33.1235483870968
2016,12,2016-12,PETROBRAS ARGENTINA S.A.,1069.24370967742
2016,12,2016-12,PETROFARO S.A.,0.208064516129032
2016,12,2016-12,PETROLEOS SUDAMERICANOS S.A.,225.64064516129
2016,12,2016-12,PETROLERA CERRO NEGRO S.A.,38.9736774193548
2016,12,2016-12,PETROLERA DEL COMAHUE S.A.,3.74612903225806
2016,12,2016-12,PETROLERA EL TREBOL S.A.,613.042387096774
2016,12,2016-12,PETROLERA ENTRE LOMAS S.A.,1512.37903225806
2016,12,2016-12,PETROLERA LF COMPANY S.R.L.,343.884838709677
2016,12,2016-12,PETROLERA PAMPA S.A. ,565.137387096774
2016,12,2016-12,PETROLERA PATAGONIA S.R.L.,0
2016,12,2016-12,PETROLERA PIEDRA DEL AGUILA S.A.,0
2016,12,2016-12,PETROMINERA CHUBUT S.E.,0
2016,12,2016-12,PETROQUIMICA COMODORO RIVADAVIA S.A.,1109.42129032258
2016,12,2016-12,PLUSPETROL ENERGY S.A.,133.102580645161
2016,12,2016-12,PLUSPETROL S.A.,4821.27418458032
2016,12,2016-12,PRESIDENT PETROLEUM S.A.,45.8391935483871
2016,12,2016-12,QUINTANA E&P ARGENTINA S.R.L.,26.9225806451613
2016,12,2016-12,ROCH S.A.,290.096887290323
2016,12,2016-12,SAN JORGE PETROLEUM S.A.,88.0558387096774
2016,12,2016-12,"SINOPEC ARGENTINA EXPLORATION AND PRODUCTION, INC.",4187.45451612903
2016,12,2016-12,TECPETROL S.A.,2237.09567741936
2016,12,2016-12,TOTAL AUSTRAL S.A.,1492.86577419355
2016,12,2016-12,UNITEC ENERGY S.A.,4.73741935483871
2016,12,2016-12,WINTERSHALL ENERGIA S.A.,17.3864516129032
2016,12,2016-12,YPF S.A.,35742.3732258065
2016,12,2016-12,YSUR ENERGÍA ARGENTINA S.R.L.,848.568387096774
2016,12,2016-12,YSUR PETROLERA ARGENTINA S.A.,105.902903225806
2017,1,2017-01,AMERICAS PETROGAS ARGENTINA S.A.,123.107419354839
2017,1,2017-01,APCO OIL AND GAS INTERNATIONAL INC (SUCURSAL ARGENTINA),97.1367741935484
2017,1,2017-01,ARGENTA ENERGIA S.A.,0
2017,1,2017-01,CAPEX S.A.,124.082903225806
2017,1,2017-01,CENTRAL INTERNATIONAL CORPORATION (SUCURSAL ARGENTINA),157.860322580645
2017,1,2017-01,CHAÑARES ENERGIA S.A.,332.168161290323
2017,1,2017-01,CHEVRON ARGENTINA S.R.L.,1564.74580645161
2017,1,2017-01,COLHUE HUAPI S.A.,84.0645161290323
2017,1,2017-01,COMPAÑÍA GENERAL DE COMBUSTIBLES S.A.,685.434346354839
2017,1,2017-01,COMPAÑÍAS ASOCIADAS PETROLERAS S.A.,1963.77419354839
2017,1,2017-01,COPESA CIA CONSTRUCTORA PETROLERA SA,0
2017,1,2017-01,"CRI HOLDING, INC.",11.4383026665274
2017,1,2017-01,CROWN POINT ENERGIA S.A.,0
2017,1,2017-01,DAPETROL S.A.,27.4838709677419
2017,1,2017-01,ENAP SIPETROL ARGENTINA S.A.,1292.03193548387
2017,1,2017-01,ENERGICON S.A.,0
2017,1,2017-01,EXXONMOBIL EXPLORATION ARGENTINA S.R.L.,0
2017,1,2017-01,FOMICRUZ S.E.,4.76967741935484
2017,1,2017-01,GAS Y PETROLEO DEL NEUQUEN S.A.,1.29221935483871
2017,1,2017-01,GEOPARK ARGENTINA LTD. (SUCURSAL ARGENTINA),0
2017,1,2017-01,GRECOIL y CIA. S.R.L.,23.9677419354839
2017,1,2017-01,HIGH LUCK GROUP LTD. - SUCURSAL ARGENTINA,143.046774193548
2017,1,2017-01,INGENIERIA ALPA S.A.,35.0590322580645
2017,1,2017-01,INGENIERIA SIMA S.A.,1.76903225806452
2017,1,2017-01,JHP INTERNATIONAL PETROLEUM ENGINEERING LTD,0
2017,1,2017-01,KILWER S.A.,0
2017,1,2017-01,MADALENA AUSTRAL S.A.,0
2017,1,2017-01,MADALENA ENERGY ARGENTINA SRL ,152.566774193548
2017,1,2017-01,MADALENA PETROLEUM (AMERICAS) LTD. (SUCURSAL ARGENTINA),118.168709677419
2017,1,2017-01,MEDANITO S.A.,227.741935483871
2017,1,2017-01,O&G DEVELOPMENTS LTD S.A.,361.192580645161
2017,1,2017-01,OIL M&S S.A.,0
2017,1,2017-01,OILSTONE ENERGIA S.A.,226.410967741935
2017,1,2017-01,PAMPETROL S.A.P.E.M,9.36806451612903
2017,1,2017-01,PAN AMERICAN ENERGY (SUCURSAL ARGENTINA) LLC,15452.71
2017,1,2017-01,PETRO AP S.A.,34.75
2017,1,2017-01,PETROBRAS ARGENTINA S.A.,1069.67961290323
2017,1,2017-01,PETROFARO S.A.,0.572903225806452
2017,1,2017-01,PETROLEOS SUDAMERICANOS S.A.,247.68
2017,1,2017-01,PETROLERA CERRO NEGRO S.A.,39.7427741935484
2017,1,2017-01,PETROLERA DEL COMAHUE S.A.,4.01451612903226
2017,1,2017-01,PETROLERA EL TREBOL S.A.,590.598161290323
2017,1,2017-01,PETROLERA ENTRE LOMAS S.A.,1542.78290322581
2017,1,2017-01,PETROLERA LF COMPANY S.R.L.,329.062258064516
2017,1,2017-01,PETROLERA PAMPA S.A. ,570.463838709677
2017,1,2017-01,PETROLERA PATAGONIA S.R.L.,0
2017,1,2017-01,PETROLERA PIEDRA DEL AGUILA S.A.,0
2017,1,2017-01,PETROMINERA CHUBUT S.E.,0
2017,1,2017-01,PETROQUIMICA COMODORO RIVADAVIA S.A.,1130.09290322581
2017,1,2017-01,PLUSPETROL ENERGY S.A.,129.539032258065
2017,1,2017-01,PLUSPETROL S.A.,4797.29992515387
2017,1,2017-01,PRESIDENT PETROLEUM S.A.,47.3132258064516
2017,1,2017-01,QUINTANA E&P ARGENTINA S.R.L.,25.0064516129032
2017,1,2017-01,ROCH S.A.,287.289869419355
2017,1,2017-01,SAN JORGE PETROLEUM S.A.,107.923096774194
2017,1,2017-01,"SINOPEC ARGENTINA EXPLORATION AND PRODUCTION, INC.",4163.62864516129
2017,1,2017-01,TECPETROL S.A.,2187.92067741935
2017,1,2017-01,TOTAL AUSTRAL S.A.,1467.55129032258
2017,1,2017-01,UNITEC ENERGY S.A.,4.77612903225806
2017,1,2017-01,WINTERSHALL ENERGIA S.A.,17.2206451612903
2017,1,2017-01,YPF S.A.,36126.3461290323
2017,1,2017-01,YSUR ENERGÍA ARGENTINA S.R.L.,819.457741935484
2017,1,2017-01,YSUR PETROLERA ARGENTINA S.A.,109.503225806452
2017,2,2017-02,AMERICAS PETROGAS ARGENTINA S.A.,190.078928571429
2017,2,2017-02,APCO OIL AND GAS INTERNATIONAL INC (SUCURSAL ARGENTINA),98.6467857142857
2017,2,2017-02,ARGENTA ENERGIA S.A.,0
2017,2,2017-02,CAPEX S.A.,120.645714285714
2017,2,2017-02,CENTRAL INTERNATIONAL CORPORATION (SUCURSAL ARGENTINA),155.710357142857
2017,2,2017-02,CHAÑARES ENERGIA S.A.,323.820928571429
2017,2,2017-02,CHEVRON ARGENTINA S.R.L.,1508.51035714286
2017,2,2017-02,COLHUE HUAPI S.A.,85.6428571428571
2017,2,2017-02,COMPAÑÍA GENERAL DE COMBUSTIBLES S.A.,656.084804571429
2017,2,2017-02,COMPAÑÍAS ASOCIADAS PETROLERAS S.A.,1916.39285714286
2017,2,2017-02,COPESA CIA CONSTRUCTORA PETROLERA SA,0
2017,2,2017-02,"CRI HOLDING, INC.",13.6162101550068
2017,2,2017-02,CROWN POINT ENERGIA S.A.,0
2017,2,2017-02,DAPETROL S.A.,27.8928571428571
2017,2,2017-02,ENAP SIPETROL ARGENTINA S.A.,1225.37142857143
2017,2,2017-02,ENERGICON S.A.,0
2017,2,2017-02,EXXONMOBIL EXPLORATION ARGENTINA S.R.L.,0
2017,2,2017-02,FOMICRUZ S.E.,4.41785714285714
2017,2,2017-02,GAS Y PETROLEO DEL NEUQUEN S.A.,0.803721428571429
2017,2,2017-02,GEOPARK ARGENTINA LTD. (SUCURSAL ARGENTINA),0
2017,2,2017-02,GRECOIL y CIA. S.R.L.,19.8571428571429
2017,2,2017-02,HIGH LUCK GROUP LTD. - SUCURSAL ARGENTINA,138.075857142857
2017,2,2017-02,INGENIERIA ALPA S.A.,31.5614285714286
2017,2,2017-02,INGENIERIA SIMA S.A.,1.79
2017,2,2017-02,JHP INTERNATIONAL PETROLEUM ENGINEERING LTD,0
2017,2,2017-02,KILWER S.A.,0
2017,2,2017-02,MADALENA AUSTRAL S.A.,0
2017,2,2017-02,MADALENA ENERGY ARGENTINA SRL ,172.7495
2017,2,2017-02,MADALENA PETROLEUM (AMERICAS) LTD. (SUCURSAL ARGENTINA),114.214642857143
2017,2,2017-02,MEDANITO S.A.,246.054285714286
2017,2,2017-02,O&G DEVELOPMENTS LTD S.A.,272.029285714286
2017,2,2017-02,OIL M&S S.A.,0
2017,2,2017-02,OILSTONE ENERGIA S.A.,228.6375
2017,2,2017-02,PAMPETROL S.A.P.E.M,8.12714285714286
2017,2,2017-02,PAN AMERICAN ENERGY (SUCURSAL ARGENTINA) LLC,15561.1617857143
2017,2,2017-02,PETRO AP S.A.,35.1678571428571
2017,2,2017-02,PETROBRAS ARGENTINA S.A.,1066.12035714286
2017,2,2017-02,PETROFARO S.A.,0.617857142857143
2017,2,2017-02,PETROLEOS SUDAMERICANOS S.A.,245.510357142857
2017,2,2017-02,PETROLERA CERRO NEGRO S.A.,39.59925
2017,2,2017-02,PETROLERA DEL COMAHUE S.A.,3.73678571428571
2017,2,2017-02,PETROLERA EL TREBOL S.A.,570.157857142857
2017,2,2017-02,PETROLERA ENTRE LOMAS S.A.,1477.21964285714
2017,2,2017-02,PETROLERA LF COMPANY S.R.L.,314.795
2017,2,2017-02,PETROLERA PAMPA S.A. ,568.967321428571
2017,2,2017-02,PETROLERA PATAGONIA S.R.L.,0
2017,2,2017-02,PETROLERA PIEDRA DEL AGUILA S.A.,0
2017,2,2017-02,PETROMINERA CHUBUT S.E.,0
2017,2,2017-02,PETROQUIMICA COMODORO RIVADAVIA S.A.,1207.055
2017,2,2017-02,PLUSPETROL ENERGY S.A.,131.043214285714
2017,2,2017-02,PLUSPETROL S.A.,4656.858650955
2017,2,2017-02,PRESIDENT PETROLEUM S.A.,47.5489285714286
2017,2,2017-02,QUINTANA E&P ARGENTINA S.R.L.,29.5928571428571
2017,2,2017-02,ROCH S.A.,303.659177678571
2017,2,2017-02,SAN JORGE PETROLEUM S.A.,109.623214285714
2017,2,2017-02,"SINOPEC ARGENTINA EXPLORATION AND PRODUCTION, INC.",4243.6335
2017,2,2017-02,TECPETROL S.A.,2160.34017857143
2017,2,2017-02,TOTAL AUSTRAL S.A.,1144.86932142857
2017,2,2017-02,UNITEC ENERGY S.A.,3.75964285714286
2017,2,2017-02,WINTERSHALL ENERGIA S.A.,16.6571428571429
2017,2,2017-02,YPF S.A.,34881.5346428571
2017,2,2017-02,YSUR ENERGÍA ARGENTINA S.R.L.,739.2675
2017,2,2017-02,YSUR PETROLERA ARGENTINA S.A.,105.7875
2017,3,2017-03,AMERICAS PETROGAS ARGENTINA S.A.,182.658709677419
2017,3,2017-03,APCO OIL AND GAS INTERNATIONAL INC (SUCURSAL ARGENTINA),82.1661290322581
2017,3,2017-03,ARGENTA ENERGIA S.A.,0
2017,3,2017-03,CAPEX S.A.,140.065483870968
2017,3,2017-03,CENTRAL INTERNATIONAL CORPORATION (SUCURSAL ARGENTINA),21.1870967741935
2017,3,2017-03,CHAÑARES ENERGIA S.A.,317.706
2017,3,2017-03,CHEVRON ARGENTINA S.R.L.,1448.33774193548
2017,3,2017-03,COLHUE HUAPI S.A.,84.8387096774194
2017,3,2017-03,COMPAÑÍA GENERAL DE COMBUSTIBLES S.A.,643.022633451613
2017,3,2017-03,COMPAÑÍAS ASOCIADAS PETROLERAS S.A.,1810.8064516129
2017,3,2017-03,COPESA CIA CONSTRUCTORA PETROLERA SA,0
2017,3,2017-03,"CRI HOLDING, INC.",8.41914300714935
2017,3,2017-03,CROWN POINT ENERGIA S.A.,0
2017,3,2017-03,DAPETROL S.A.,26.3225806451613
2017,3,2017-03,EDHIPSA,102.809677419355
2017,3,2017-03,ENAP SIPETROL ARGENTINA S.A.,1206.55516129032
2017,3,2017-03,ENERGICON S.A.,0
2017,3,2017-03,EXXONMOBIL EXPLORATION ARGENTINA S.R.L.,0
2017,3,2017-03,FOMICRUZ S.E.,6.65870967741935
2017,3,2017-03,GAS Y PETROLEO DEL NEUQUEN S.A.,0
2017,3,2017-03,GEOPARK ARGENTINA LTD. (SUCURSAL ARGENTINA),0
2017,3,2017-03,GRECOIL y CIA. S.R.L.,23.741935483871
2017,3,2017-03,HIGH LUCK GROUP LTD. - SUCURSAL ARGENTINA,129.975580645161
2017,3,2017-03,INGENIERIA ALPA S.A.,31.0225806451613
2017,3,2017-03,INGENIERIA SIMA S.A.,2.41032258064516
2017,3,2017-03,JHP INTERNATIONAL PETROLEUM ENGINEERING LTD,0
2017,3,2017-03,KILWER S.A.,0
2017,3,2017-03,MADALENA AUSTRAL S.A.,0
2017,3,2017-03,MADALENA ENERGY ARGENTINA SRL ,170.621967741935
2017,3,2017-03,MADALENA PETROLEUM (AMERICAS) LTD. (SUCURSAL ARGENTINA),115.691935483871
2017,3,2017-03,MEDANITO S.A.,244.10935483871
2017,3,2017-03,O&G DEVELOPMENTS LTD S.A.,283.23935483871
2017,3,2017-03,OIL M&S S.A.,0
2017,3,2017-03,OILSTONE ENERGIA S.A.,232.447419354839
2017,3,2017-03,PAMPETROL S.A.P.E.M,17.9116129032258
2017,3,2017-03,PAN AMERICAN ENERGY (SUCURSAL ARGENTINA) LLC,15465.0983870968
2017,3,2017-03,PETRO AP S.A.,34.4320322580645
2017,3,2017-03,PETROBRAS ARGENTINA S.A.,1155.11922580645
2017,3,2017-03,PETROFARO S.A.,0.103870967741935
2017,3,2017-03,PETROLEOS SUDAMERICANOS S.A.,240.78
2017,3,2017-03,PETROLERA CERRO NEGRO S.A.,38.9539032258064
2017,3,2017-03,PETROLERA DEL COMAHUE S.A.,3.26096774193548
2017,3,2017-03,PETROLERA EL TREBOL S.A.,558.532161290323
2017,3,2017-03,PETROLERA ENTRE LOMAS S.A.,1492.22193548387
2017,3,2017-03,PETROLERA LF COMPANY S.R.L.,326.927419354839
2017,3,2017-03,PETROLERA PAMPA S.A. ,548.760419354839
2017,3,2017-03,PETROLERA PATAGONIA S.R.L.,0
2017,3,2017-03,PETROLERA PIEDRA DEL AGUILA S.A.,0
2017,3,2017-03,PETROMINERA CHUBUT S.E.,0
2017,3,2017-03,PETROQUIMICA COMODORO RIVADAVIA S.A.,1124.48838709677
2017,3,2017-03,PLUSPETROL ENERGY S.A.,130.464516129032
2017,3,2017-03,PLUSPETROL S.A.,4648.65342428774
2017,3,2017-03,PRESIDENT PETROLEUM S.A.,67.9796129032258
2017,3,2017-03,QUINTANA E&P ARGENTINA S.R.L.,26.5096774193548
2017,3,2017-03,ROCH S.A.,286.493797903226
2017,3,2017-03,SAN JORGE PETROLEUM S.A.,114.45735483871
2017,3,2017-03,"SINOPEC ARGENTINA EXPLORATION AND PRODUCTION, INC.",4165.17283870968
2017,3,2017-03,TECPETROL S.A.,2092.02822580645
2017,3,2017-03,TOTAL AUSTRAL S.A.,1407.01661290323
2017,3,2017-03,UNITEC ENERGY S.A.,4.01193548387097
2017,3,2017-03,WINTERSHALL ENERGIA S.A.,8.77161290322581
2017,3,2017-03,YPF S.A.,34998.0048387097
2017,3,2017-03,YSUR ENERGÍA ARGENTINA S.R.L.,792.083870967742
2017,3,2017-03,YSUR PETROLERA ARGENTINA S.A.,112.78
2017,4,2017-04,AMERICAS PETROGAS ARGENTINA S.A.,159.820666666667
2017,4,2017-04,APCO OIL AND GAS INTERNATIONAL INC (SUCURSAL ARGENTINA),67.2323333333333
2017,4,2017-04,ARGENTA ENERGIA S.A.,0
2017,4,2017-04,CAPEX S.A.,174.679666666667
2017,4,2017-04,CENTRAL INTERNATIONAL CORPORATION (SUCURSAL ARGENTINA),0
2017,4,2017-04,CHAÑARES ENERGIA S.A.,308.323566666667
2017,4,2017-04,CHEVRON ARGENTINA S.R.L.,1495.05233333333
2017,4,2017-04,COLHUE HUAPI S.A.,38.4
2017,4,2017-04,COMPAÑÍA GENERAL DE COMBUSTIBLES S.A.,729.1847992
2017,4,2017-04,COMPAÑÍAS ASOCIADAS PETROLERAS S.A.,1568.5
2017,4,2017-04,COPESA CIA CONSTRUCTORA PETROLERA SA,0
2017,4,2017-04,"CRI HOLDING, INC.",3.23198297912343
2017,4,2017-04,CROWN POINT ENERGIA S.A.,0
2017,4,2017-04,DAPETROL S.A.,4.23333333333333
2017,4,2017-04,EDHIPSA,99.2533333333333
2017,4,2017-04,ENAP SIPETROL ARGENTINA S.A.,1057.85833333333
2017,4,2017-04,ENERGICON S.A.,0
2017,4,2017-04,EXXONMOBIL EXPLORATION ARGENTINA S.R.L.,0
2017,4,2017-04,FOMICRUZ S.E.,2.06916666666667
2017,4,2017-04,GAS Y PETROLEO DEL NEUQUEN S.A.,2.36611
2017,4,2017-04,GEOPARK ARGENTINA LTD. (SUCURSAL ARGENTINA),0
2017,4,2017-04,GRECOIL y CIA. S.R.L.,19.2666666666667
2017,4,2017-04,HIGH LUCK GROUP LTD. - SUCURSAL ARGENTINA,130.245333333333
2017,4,2017-04,INGENIERIA ALPA S.A.,24.3356666666667
2017,4,2017-04,INGENIERIA SIMA S.A.,2.582
2017,4,2017-04,JHP INTERNATIONAL PETROLEUM ENGINEERING LTD,0
2017,4,2017-04,KILWER S.A.,0
2017,4,2017-04,MADALENA AUSTRAL S.A.,0
2017,4,2017-04,MADALENA ENERGY ARGENTINA SRL ,153.291666666667
2017,4,2017-04,MADALENA PETROLEUM (AMERICAS) LTD. (SUCURSAL ARGENTINA),118.199333333333
2017,4,2017-04,MEDANITO S.A.,236.539
2017,4,2017-04,O&G DEVELOPMENTS LTD S.A.,273
2017,4,2017-04,OIL M&S S.A.,0
2017,4,2017-04,OILSTONE ENERGIA S.A.,232.178333333333
2017,4,2017-04,PAMPETROL S.A.P.E.M,19.2766666666667
2017,4,2017-04,PAN AMERICAN ENERGY (SUCURSAL ARGENTINA) LLC,15072.3823333333
2017,4,2017-04,PETRO AP S.A.,34.5417333333333
2017,4,2017-04,PETROBRAS ARGENTINA S.A.,1184.40713333333
2017,4,2017-04,PETROFARO S.A.,0.3806
2017,4,2017-04,PETROLEOS SUDAMERICANOS S.A.,244.600333333333
2017,4,2017-04,PETROLERA CERRO NEGRO S.A.,38.6588333333333
2017,4,2017-04,PETROLERA DEL COMAHUE S.A.,3.352
2017,4,2017-04,PETROLERA EL TREBOL S.A.,560.918733333333
2017,4,2017-04,PETROLERA ENTRE LOMAS S.A.,1454.90333333333
2017,4,2017-04,PETROLERA LF COMPANY S.R.L.,306.478333333333
2017,4,2017-04,PETROLERA PAMPA S.A. ,522.147333333333
2017,4,2017-04,PETROLERA PATAGONIA S.R.L.,0
2017,4,2017-04,PETROLERA PIEDRA DEL AGUILA S.A.,0
2017,4,2017-04,PETROMINERA CHUBUT S.E.,0
2017,4,2017-04,PETROQUIMICA COMODORO RIVADAVIA S.A.,1028.694
2017,4,2017-04,PLUSPETROL ENERGY S.A.,127.725666666667
2017,4,2017-04,PLUSPETROL S.A.,4558.64061240433
2017,4,2017-04,PRESIDENT PETROLEUM S.A.,102.2197
2017,4,2017-04,QUINTANA E&P ARGENTINA S.R.L.,31.8066666666667
2017,4,2017-04,ROCH S.A.,295.5729042
2017,4,2017-04,SAN JORGE PETROLEUM S.A.,108.4509
2017,4,2017-04,"SINOPEC ARGENTINA EXPLORATION AND PRODUCTION, INC.",3903.90636666667
2017,4,2017-04,TECPETROL S.A.,1108.8003
2017,4,2017-04,TOTAL AUSTRAL S.A.,1276.89283333333
2017,4,2017-04,UNITEC ENERGY S.A.,2.91066666666667
2017,4,2017-04,WINTERSHALL ENERGIA S.A.,57.4676666666667
2017,4,2017-04,YPF S.A.,32268.9796666667
2017,4,2017-04,YSUR ENERGÍA ARGENTINA S.R.L.,829.493
2017,4,2017-04,YSUR PETROLERA ARGENTINA S.A.,115.498333333333
2017,5,2017-05,AMERICAS PETROGAS ARGENTINA S.A.,152.984193548387
2017,5,2017-05,APCO OIL AND GAS INTERNATIONAL INC (SUCURSAL ARGENTINA),50.4077419354839
2017,5,2017-05,ARGENTA ENERGIA S.A.,0
2017,5,2017-05,CAPEX S.A.,174.542903225806
2017,5,2017-05,CHAÑARES ENERGIA S.A.,297.803064516129
2017,5,2017-05,CHEVRON ARGENTINA S.R.L.,1466.07290322581
2017,5,2017-05,COLHUE HUAPI S.A.,76.2258064516129
2017,5,2017-05,COMPAÑÍA GENERAL DE COMBUSTIBLES S.A.,749.711687870968
2017,5,2017-05,COMPAÑÍAS ASOCIADAS PETROLERAS S.A.,1656.29032258065
2017,5,2017-05,COPESA CIA CONSTRUCTORA PETROLERA SA,0
2017,5,2017-05,"CRI HOLDING, INC.",5.68319782781774
2017,5,2017-05,CROWN POINT ENERGIA S.A.,0
2017,5,2017-05,DAPETROL S.A.,19.9032258064516
2017,5,2017-05,EDHIPSA,93.8412903225806
2017,5,2017-05,ENAP SIPETROL ARGENTINA S.A.,1133.35870967742
2017,5,2017-05,ENERGICON S.A.,0
2017,5,2017-05,EXXONMOBIL EXPLORATION ARGENTINA S.R.L.,0
2017,5,2017-05,FOMICRUZ S.E.,7.68348387096774
2017,5,2017-05,GAS Y PETROLEO DEL NEUQUEN S.A.,2.03778387096774
2017,5,2017-05,GEOPARK ARGENTINA LTD. (SUCURSAL ARGENTINA),0
2017,5,2017-05,GRECOIL y CIA. S.R.L.,20.5483870967742
2017,5,2017-05,HIGH LUCK GROUP LTD. - SUCURSAL ARGENTINA,128.869677419355
2017,5,2017-05,INGENIERIA ALPA S.A.,31.9929032258065
2017,5,2017-05,INGENIERIA SIMA S.A.,2.1441935483871
2017,5,2017-05,JHP INTERNATIONAL PETROLEUM ENGINEERING LTD,0
2017,5,2017-05,KILWER S.A.,0
2017,5,2017-05,MADALENA AUSTRAL S.A.,0
2017,5,2017-05,MADALENA ENERGY ARGENTINA SRL ,127.307451612903
2017,5,2017-05,MADALENA PETROLEUM (AMERICAS) LTD. (SUCURSAL ARGENTINA),119.644193548387
2017,5,2017-05,MEDANITO S.A.,238.17
2017,5,2017-05,O&G DEVELOPMENTS LTD S.A.,381.354838709677
2017,5,2017-05,OIL M&S S.A.,0
2017,5,2017-05,OILSTONE ENERGIA S.A.,226.688064516129
2017,5,2017-05,PAMPETROL S.A.P.E.M,18.5993548387097
2017,5,2017-05,PAN AMERICAN ENERGY (SUCURSAL ARGENTINA) LLC,15394.6290322581
2017,5,2017-05,PETRO AP S.A.,35.2
2017,5,2017-05,PETROBRAS ARGENTINA S.A.,1155.95438709677
2017,5,2017-05,PETROFARO S.A.,0.557870967741935
2017,5,2017-05,PETROLEOS SUDAMERICANOS S.A.,241.340322580645
2017,5,2017-05,PETROLERA CERRO NEGRO S.A.,38.2047419354839
2017,5,2017-05,PETROLERA DEL COMAHUE S.A.,3.37129032258065
2017,5,2017-05,PETROLERA EL TREBOL S.A.,575.84564516129
2017,5,2017-05,PETROLERA ENTRE LOMAS S.A.,1444.62903225806
2017,5,2017-05,PETROLERA LF COMPANY S.R.L.,313.754838709677
2017,5,2017-05,PETROLERA PAMPA S.A. ,517.347935483871
2017,5,2017-05,PETROLERA PATAGONIA S.R.L.,0
2017,5,2017-05,PETROLERA PIEDRA DEL AGUILA S.A.,0
2017,5,2017-05,PETROMINERA CHUBUT S.E.,0
2017,5,2017-05,PETROQUIMICA COMODORO RIVADAVIA S.A.,1069.53129032258
2017,5,2017-05,PLUSPETROL ENERGY S.A.,127.329677419355
2017,5,2017-05,PLUSPETROL S.A.,4151.18667173516
2017,5,2017-05,PRESIDENT PETROLEUM S.A.,90.0051290322581
2017,5,2017-05,QUINTANA E&P ARGENTINA S.R.L.,30.3193548387097
2017,5,2017-05,ROCH S.A.,279.560826548387
2017,5,2017-05,SAN JORGE PETROLEUM S.A.,100.97635483871
2017,5,2017-05,"SINOPEC ARGENTINA EXPLORATION AND PRODUCTION, INC.",3970.33683856774
2017,5,2017-05,TECPETROL S.A.,1705.51219354839
2017,5,2017-05,TOTAL AUSTRAL S.A.,1350.11277419355
2017,5,2017-05,UNITEC ENERGY S.A.,4.36838709677419
2017,5,2017-05,WINTERSHALL ENERGIA S.A.,75.2503225806452
2017,5,2017-05,YPF S.A.,33903.7925806452
2017,5,2017-05,YSUR ENERGÍA ARGENTINA S.R.L.,833.372903225806
2017,5,2017-05,YSUR PETROLERA ARGENTINA S.A.,102.138387096774
2017,6,2017-06,AMERICAS PETROGAS ARGENTINA S.A.,149.184666666667
2017,6,2017-06,APCO OIL AND GAS INTERNATIONAL INC (SUCURSAL ARGENTINA),59.035
2017,6,2017-06,ARGENTA ENERGIA S.A.,0
2017,6,2017-06,CAPEX S.A.,175.043333333333
2017,6,2017-06,CHAÑARES ENERGIA S.A.,298.222
2017,6,2017-06,CHEVRON ARGENTINA S.R.L.,1487.26966666667
2017,6,2017-06,COLHUE HUAPI S.A.,73.2
2017,6,2017-06,COMPAÑÍA GENERAL DE COMBUSTIBLES S.A.,707.139397866667
2017,6,2017-06,COMPAÑÍAS ASOCIADAS PETROLERAS S.A.,1590.73333333333
2017,6,2017-06,COPESA CIA CONSTRUCTORA PETROLERA SA,0
2017,6,2017-06,"CRI HOLDING, INC.",7.368124440721
2017,6,2017-06,CROWN POINT ENERGIA S.A.,0
2017,6,2017-06,DAPETROL S.A.,18.6333333333333
2017,6,2017-06,EDHIPSA,102.026666666667
2017,6,2017-06,ENAP SIPETROL ARGENTINA S.A.,938.243666666667
2017,6,2017-06,ENERGICON S.A.,0
2017,6,2017-06,EXXONMOBIL EXPLORATION ARGENTINA S.R.L.,0
2017,6,2017-06,FOMICRUZ S.E.,3.97893333333333
2017,6,2017-06,GAS Y PETROLEO DEL NEUQUEN S.A.,0
2017,6,2017-06,GEOPARK ARGENTINA LTD. (SUCURSAL ARGENTINA),0
2017,6,2017-06,GRECOIL y CIA. S.R.L.,17.5666666666667
2017,6,2017-06,HIGH LUCK GROUP LTD. - SUCURSAL ARGENTINA,124.741666666667
2017,6,2017-06,INGENIERIA ALPA S.A.,29.0276666666667
2017,6,2017-06,INGENIERIA SIMA S.A.,2.06633333333333
2017,6,2017-06,JHP INTERNATIONAL PETROLEUM ENGINEERING LTD,0
2017,6,2017-06,KILWER S.A.,0
2017,6,2017-06,MADALENA AUSTRAL S.A.,0
2017,6,2017-06,MADALENA ENERGY ARGENTINA SRL ,141.041233333333
2017,6,2017-06,MADALENA PETROLEUM (AMERICAS) LTD. (SUCURSAL ARGENTINA),111.716
2017,6,2017-06,MEDANITO S.A.,222.569
2017,6,2017-06,O&G DEVELOPMENTS LTD S.A.,414.9
2017,6,2017-06,OIL M&S S.A.,0
2017,6,2017-06,OILSTONE ENERGIA S.A.,224.633333333333
2017,6,2017-06,PAMPETROL S.A.P.E.M,18.9886666666667
2017,6,2017-06,PAN AMERICAN ENERGY (SUCURSAL ARGENTINA) LLC,14782.893
2017,6,2017-06,PETRO AP S.A.,35.56
2017,6,2017-06,PETROBRAS ARGENTINA S.A.,1174.25516666667
2017,6,2017-06,PETROFARO S.A.,0.3512
2017,6,2017-06,PETROLEOS SUDAMERICANOS S.A.,236.19
2017,6,2017-06,PETROLERA CERRO NEGRO S.A.,35.7982
2017,6,2017-06,PETROLERA DEL COMAHUE S.A.,3.62566666666667
2017,6,2017-06,PETROLERA EL TREBOL S.A.,653.384666666667
2017,6,2017-06,PETROLERA ENTRE LOMAS S.A.,1406.97
2017,6,2017-06,PETROLERA LF COMPANY S.R.L.,314.488
2017,6,2017-06,PETROLERA PAMPA S.A. ,505.265766666667
2017,6,2017-06,PETROLERA PATAGONIA S.R.L.,0
2017,6,2017-06,PETROLERA PIEDRA DEL AGUILA S.A.,0
2017,6,2017-06,PETROMINERA CHUBUT S.E.,0
2017,6,2017-06,PETROQUIMICA COMODORO RIVADAVIA S.A.,1082.97366666667
2017,6,2017-06,PLUSPETROL ENERGY S.A.,120.375
2017,6,2017-06,PLUSPETROL S.A.,4659.62349183
2017,6,2017-06,PRESIDENT PETROLEUM S.A.,85.2751333333333
2017,6,2017-06,QUINTANA E&P ARGENTINA S.R.L.,27.0866666666667
2017,6,2017-06,ROCH S.A.,276.4975025
2017,6,2017-06,SAN JORGE PETROLEUM S.A.,125.333166666667
2017,6,2017-06,"SINOPEC ARGENTINA EXPLORATION AND PRODUCTION, INC.",3904.19933333333
2017,6,2017-06,TECPETROL S.A.,1781.0511
2017,6,2017-06,TOTAL AUSTRAL S.A.,1344.75546333333
2017,6,2017-06,UNITEC ENERGY S.A.,3.39333333333333
2017,6,2017-06,WINTERSHALL ENERGIA S.A.,75.2816666666667
2017,6,2017-06,YPF S.A.,32814.549
2017,6,2017-06,YSUR ENERGÍA ARGENTINA S.R.L.,922.569
2017,6,2017-06,YSUR PETROLERA ARGENTINA S.A.,90.9296666666667
2017,7,2017-07,AMERICAS PETROGAS ARGENTINA S.A.,148.926451612903
2017,7,2017-07,APCO OIL AND GAS INTERNATIONAL INC (SUCURSAL ARGENTINA),69.1174193548387
2017,7,2017-07,ARGENTA ENERGIA S.A.,0
2017,7,2017-07,CAPEX S.A.,156.296774193548
2017,7,2017-07,CHAÑARES ENERGIA S.A.,294.731129032258
2017,7,2017-07,CHEVRON ARGENTINA S.R.L.,1444.84870967742
2017,7,2017-07,COLHUE HUAPI S.A.,71.4516129032258
2017,7,2017-07,COMPAÑÍA GENERAL DE COMBUSTIBLES S.A.,688.199010129032
2017,7,2017-07,COMPAÑÍAS ASOCIADAS PETROLERAS S.A.,1764.90322580645
2017,7,2017-07,COPESA CIA CONSTRUCTORA PETROLERA SA,0
2017,7,2017-07,"CRI HOLDING, INC.",8.80630911814032
2017,7,2017-07,CROWN POINT ENERGIA S.A.,0
2017,7,2017-07,DAPETROL S.A.,27.2258064516129
2017,7,2017-07,EDHIPSA,102.798064516129
2017,7,2017-07,ENAP SIPETROL ARGENTINA S.A.,622.69
2017,7,2017-07,ENERGICON S.A.,0
2017,7,2017-07,EXXONMOBIL EXPLORATION ARGENTINA S.R.L.,39.9354838709677
2017,7,2017-07,FOMICRUZ S.E.,7.78612903225806
2017,7,2017-07,GAS Y PETROLEO DEL NEUQUEN S.A.,0
2017,7,2017-07,GEOPARK ARGENTINA LTD. (SUCURSAL ARGENTINA),0
2017,7,2017-07,GRECOIL y CIA. S.R.L.,20.8322580645161
2017,7,2017-07,HIGH LUCK GROUP LTD. - SUCURSAL ARGENTINA,123.097419354839
2017,7,2017-07,INGENIERIA ALPA S.A.,23.1867741935484
2017,7,2017-07,INGENIERIA SIMA S.A.,0.679677419354839
2017,7,2017-07,INTERENERGY ARGENTINA S.A.,0
2017,7,2017-07,JHP INTERNATIONAL PETROLEUM ENGINEERING LTD,0
2017,7,2017-07,KILWER S.A.,0
2017,7,2017-07,MADALENA AUSTRAL S.A.,0
2017,7,2017-07,MADALENA ENERGY ARGENTINA SRL ,132.191612903226
2017,7,2017-07,MADALENA PETROLEUM (AMERICAS) LTD. (SUCURSAL ARGENTINA),117.699032258065
2017,7,2017-07,MEDANITO S.A.,208.709677419355
2017,7,2017-07,O&G DEVELOPMENTS LTD S.A.,438.58064516129
2017,7,2017-07,OIL M&S S.A.,0
2017,7,2017-07,OILSTONE ENERGIA S.A.,224.057419354839
2017,7,2017-07,PAMPETROL S.A.P.E.M,17.688064516129
2017,7,2017-07,PAN AMERICAN ENERGY (SUCURSAL ARGENTINA) LLC,15057.3158064516
2017,7,2017-07,PETRO AP S.A.,36.1
2017,7,2017-07,PETROBRAS ARGENTINA S.A.,1163.73183870968
2017,7,2017-07,PETROFARO S.A.,0.730258064516129
2017,7,2017-07,PETROLEOS SUDAMERICANOS S.A.,224.35064516129
2017,7,2017-07,PETROLERA CERRO NEGRO S.A.,40.0806129032258
2017,7,2017-07,PETROLERA DEL COMAHUE S.A.,3.7458064516129
2017,7,2017-07,PETROLERA EL TREBOL S.A.,644.544580645161
2017,7,2017-07,PETROLERA ENTRE LOMAS S.A.,1362.55806451613
2017,7,2017-07,PETROLERA LF COMPANY S.R.L.,313.249677419355
2017,7,2017-07,PETROLERA PAMPA S.A. ,478.962612903226
2017,7,2017-07,PETROLERA PATAGONIA S.R.L.,0
2017,7,2017-07,PETROLERA PIEDRA DEL AGUILA S.A.,0
2017,7,2017-07,PETROMINERA CHUBUT S.E.,0
2017,7,2017-07,PETROQUIMICA COMODORO RIVADAVIA S.A.,1075.56612903226
2017,7,2017-07,PLUSPETROL ENERGY S.A.,120.465806451613
2017,7,2017-07,PLUSPETROL S.A.,4872.44318102677
2017,7,2017-07,PRESIDENT PETROLEUM S.A.,76.9984838709677
2017,7,2017-07,QUINTANA E&P ARGENTINA S.R.L.,30.2258064516129
2017,7,2017-07,ROCH S.A.,285.029636225806
2017,7,2017-07,SAN JORGE PETROLEUM S.A.,118.067258064516
2017,7,2017-07,"SINOPEC ARGENTINA EXPLORATION AND PRODUCTION, INC.",3902.79629032258
2017,7,2017-07,TECPETROL S.A.,1973.23212903226
2017,7,2017-07,TOTAL AUSTRAL S.A.,1398.18164516129
2017,7,2017-07,UNITEC ENERGY S.A.,4.04741935483871
2017,7,2017-07,WINTERSHALL ENERGIA S.A.,86.911935483871
2017,7,2017-07,YPF S.A.,34126.7825806452
2017,7,2017-07,YSUR ENERGÍA ARGENTINA S.R.L.,1019.78741935484
2017,7,2017-07,YSUR PETROLERA ARGENTINA S.A.,98.9683870967742
2017,8,2017-08,AMERICAS PETROGAS ARGENTINA S.A.,145.059032258065
2017,8,2017-08,APCO OIL AND GAS INTERNATIONAL INC (SUCURSAL ARGENTINA),91.151935483871
2017,8,2017-08,ARGENTA ENERGIA S.A.,0
2017,8,2017-08,CAPEX S.A.,147.725806451613
2017,8,2017-08,CHAÑARES ENERGIA S.A.,291.443193548387
2017,8,2017-08,CHEVRON ARGENTINA S.R.L.,1451.9764516129
2017,8,2017-08,COLHUE HUAPI S.A.,77.2258064516129
2017,8,2017-08,COMPAÑÍA GENERAL DE COMBUSTIBLES S.A.,617.409626
2017,8,2017-08,COMPAÑÍAS ASOCIADAS PETROLERAS S.A.,1802.93548387097
2017,8,2017-08,COPESA CIA CONSTRUCTORA PETROLERA SA,0
2017,8,2017-08,"CRI HOLDING, INC.",4.7771576495671
2017,8,2017-08,CROWN POINT ENERGIA S.A.,0
2017,8,2017-08,DAPETROL S.A.,24.1935483870968
2017,8,2017-08,EDHIPSA,108.683870967742
2017,8,2017-08,ENAP SIPETROL ARGENTINA S.A.,1185.74451612903
2017,8,2017-08,ENERGICON S.A.,0
2017,8,2017-08,EXXONMOBIL EXPLORATION ARGENTINA S.R.L.,27.1290322580645
2017,8,2017-08,FOMICRUZ S.E.,10.4893548387097
2017,8,2017-08,GAS Y PETROLEO DEL NEUQUEN S.A.,0
2017,8,2017-08,GEOPARK ARGENTINA LTD. (SUCURSAL ARGENTINA),0
2017,8,2017-08,GRECOIL y CIA. S.R.L.,23.3809677419355
2017,8,2017-08,HIGH LUCK GROUP LTD. - SUCURSAL ARGENTINA,131.715161290323
2017,8,2017-08,INGENIERIA ALPA S.A.,29.1854838709677
2017,8,2017-08,INGENIERIA SIMA S.A.,0.619032258064516
2017,8,2017-08,INTERENERGY ARGENTINA S.A.,37.741935483871
2017,8,2017-08,JHP INTERNATIONAL PETROLEUM ENGINEERING LTD,0
2017,8,2017-08,KILWER S.A.,0
2017,8,2017-08,MADALENA AUSTRAL S.A.,0
2017,8,2017-08,MADALENA ENERGY ARGENTINA SRL ,127.613193548387
2017,8,2017-08,MADALENA PETROLEUM (AMERICAS) LTD. (SUCURSAL ARGENTINA),127.545806451613
2017,8,2017-08,MEDANITO S.A.,202.94064516129
2017,8,2017-08,O&G DEVELOPMENTS LTD S.A.,380.935483870968
2017,8,2017-08,OIL M&S S.A.,0
2017,8,2017-08,OILSTONE ENERGIA S.A.,215.536774193548
2017,8,2017-08,PAMPETROL S.A.P.E.M,18.2687096774194
2017,8,2017-08,PAN AMERICAN ENERGY (SUCURSAL ARGENTINA) LLC,15311.2190322581
2017,8,2017-08,PETRO AP S.A.,36.1
2017,8,2017-08,PETROBRAS ARGENTINA S.A.,1177.89967741935
2017,8,2017-08,PETROFARO S.A.,0.0503225806451613
2017,8,2017-08,PETROLEOS SUDAMERICANOS S.A.,230.57
2017,8,2017-08,PETROLERA CERRO NEGRO S.A.,13.0967419354839
2017,8,2017-08,PETROLERA DEL COMAHUE S.A.,3.69451612903226
2017,8,2017-08,PETROLERA EL TREBOL S.A.,635.771935483871
2017,8,2017-08,PETROLERA ENTRE LOMAS S.A.,1295.64838709677
2017,8,2017-08,PETROLERA LF COMPANY S.R.L.,314.764193548387
2017,8,2017-08,PETROLERA PAMPA S.A. ,470.454258064516
2017,8,2017-08,PETROLERA PATAGONIA S.R.L.,0
2017,8,2017-08,PETROLERA PIEDRA DEL AGUILA S.A.,0
2017,8,2017-08,PETROMINERA CHUBUT S.E.,0
2017,8,2017-08,PETROQUIMICA COMODORO RIVADAVIA S.A.,1032.03870967742
2017,8,2017-08,PLUSPETROL ENERGY S.A.,115.292903225806
2017,8,2017-08,PLUSPETROL S.A.,4731.18792476742
2017,8,2017-08,PRESIDENT PETROLEUM S.A.,78.8762580645161
2017,8,2017-08,QUINTANA E&P ARGENTINA S.R.L.,29.6709677419355
2017,8,2017-08,ROCH S.A.,279.732678612903
2017,8,2017-08,SAN JORGE PETROLEUM S.A.,113.464612903226
2017,8,2017-08,"SINOPEC ARGENTINA EXPLORATION AND PRODUCTION, INC.",3989.70335483871
2017,8,2017-08,TECPETROL S.A.,1994.42596774194
2017,8,2017-08,TOTAL AUSTRAL S.A.,1398.55119354839
2017,8,2017-08,UNITEC ENERGY S.A.,4.5558064516129
2017,8,2017-08,WINTERSHALL ENERGIA S.A.,156.287096774194
2017,8,2017-08,YPF S.A.,34379.5490322581
2017,8,2017-08,YSUR ENERGÍA ARGENTINA S.R.L.,992.678387096774
2017,8,2017-08,YSUR PETROLERA ARGENTINA S.A.,93.0945161290323
2017,9,2017-09,AMERICAS PETROGAS ARGENTINA S.A.,137.028666666667
2017,9,2017-09,APCO OIL AND GAS INTERNATIONAL INC (SUCURSAL ARGENTINA),96.3616666666667
2017,9,2017-09,ARGENTA ENERGIA S.A.,0
2017,9,2017-09,CAPEX S.A.,142.933333333333
2017,9,2017-09,CHAÑARES ENERGIA S.A.,296.306733333333
2017,9,2017-09,CHEVRON ARGENTINA S.R.L.,1474.79533333333
2017,9,2017-09,COLHUE HUAPI S.A.,81.5333333333333
2017,9,2017-09,COMPAÑÍA GENERAL DE COMBUSTIBLES S.A.,622.5546411
2017,9,2017-09,COMPAÑÍAS ASOCIADAS PETROLERAS S.A.,1851.03333333333
2017,9,2017-09,COPESA CIA CONSTRUCTORA PETROLERA SA,0
2017,9,2017-09,"CRI HOLDING, INC.",7.30365777405433
2017,9,2017-09,CROWN POINT ENERGIA S.A.,0
2017,9,2017-09,DAPETROL S.A.,27.7
2017,9,2017-09,EDHIPSA,117.84
2017,9,2017-09,ENAP SIPETROL ARGENTINA S.A.,868.224666666667
2017,9,2017-09,ENERGIA COMPAÑIA PETROLERA S.A.,10.7666666666667
2017,9,2017-09,ENERGICON S.A.,0
2017,9,2017-09,EXXONMOBIL EXPLORATION ARGENTINA S.R.L.,0
2017,9,2017-09,FOMICRUZ S.E.,9.109
2017,9,2017-09,GAS Y PETROLEO DEL NEUQUEN S.A.,0
2017,9,2017-09,GEOPARK ARGENTINA LTD. (SUCURSAL ARGENTINA),0
2017,9,2017-09,GRECOIL y CIA. S.R.L.,20.398
2017,9,2017-09,HIGH LUCK GROUP LTD. - SUCURSAL ARGENTINA,131.34
2017,9,2017-09,INGENIERIA ALPA S.A.,29.1433333333333
2017,9,2017-09,INGENIERIA SIMA S.A.,1.204
2017,9,2017-09,INTERENERGY ARGENTINA S.A.,106.3
2017,9,2017-09,JHP INTERNATIONAL PETROLEUM ENGINEERING LTD,0
2017,9,2017-09,KILWER S.A.,0
2017,9,2017-09,MADALENA AUSTRAL S.A.,0
2017,9,2017-09,MADALENA ENERGY ARGENTINA SRL ,121.710533333333
2017,9,2017-09,MADALENA PETROLEUM (AMERICAS) LTD. (SUCURSAL ARGENTINA),111.490666666667
2017,9,2017-09,MEDANITO S.A.,204.152433333333
2017,9,2017-09,O&G DEVELOPMENTS LTD S.A.,326.7
2017,9,2017-09,OIL M&S S.A.,0
2017,9,2017-09,OILSTONE ENERGIA S.A.,212.821333333333
2017,9,2017-09,PAMPETROL S.A.P.E.M,16.6958666666667
2017,9,2017-09,PAN AMERICAN ENERGY (SUCURSAL ARGENTINA) LLC,15653.7136666667
2017,9,2017-09,PETRO AP S.A.,36.1
2017,9,2017-09,PETROBRAS ARGENTINA S.A.,1149.12323333333
2017,9,2017-09,PETROFARO S.A.,0
2017,9,2017-09,PETROLEOS SUDAMERICANOS S.A.,233.88
2017,9,2017-09,PETROLERA CERRO NEGRO S.A.,28.4865
2017,9,2017-09,PETROLERA DEL COMAHUE S.A.,3.803
2017,9,2017-09,PETROLERA EL TREBOL S.A.,651.933966666667
2017,9,2017-09,PETROLERA ENTRE LOMAS S.A.,1281.41333333333
2017,9,2017-09,PETROLERA LF COMPANY S.R.L.,305.831333333333
2017,9,2017-09,PETROLERA PAMPA S.A. ,456.9298
2017,9,2017-09,PETROLERA PATAGONIA S.R.L.,10.705
2017,9,2017-09,PETROLERA PIEDRA DEL AGUILA S.A.,0
2017,9,2017-09,PETROMINERA CHUBUT S.E.,0
2017,9,2017-09,PETROQUIMICA COMODORO RIVADAVIA S.A.,1020.76866666667
2017,9,2017-09,PLUSPETROL ENERGY S.A.,115.971333333333
2017,9,2017-09,PLUSPETROL S.A.,4946.76538575233
2017,9,2017-09,PRESIDENT PETROLEUM S.A.,79.4994
2017,9,2017-09,QUINTANA E&P ARGENTINA S.R.L.,30.6733333333333
2017,9,2017-09,ROCH S.A.,345.426599133333
2017,9,2017-09,SAN JORGE PETROLEUM S.A.,134.651333333333
2017,9,2017-09,"SINOPEC ARGENTINA EXPLORATION AND PRODUCTION, INC.",4062.21336666667
2017,9,2017-09,TECPETROL S.A.,2074.23466666667
2017,9,2017-09,TOTAL AUSTRAL S.A.,1389.92436666667
2017,9,2017-09,UNITEC ENERGY S.A.,4.37966666666667
2017,9,2017-09,WINTERSHALL ENERGIA S.A.,153.154333333333
2017,9,2017-09,YPF S.A.,34835.1343333333
2017,9,2017-09,YSUR ENERGÍA ARGENTINA S.R.L.,927.411333333333
2017,9,2017-09,YSUR PETROLERA ARGENTINA S.A.,81.9036666666667
2017,10,2017-10,AMERICAS PETROGAS ARGENTINA S.A.,126.703225806452
2017,10,2017-10,APCO OIL AND GAS INTERNATIONAL INC (SUCURSAL ARGENTINA),84.7570967741935
2017,10,2017-10,ARGENTA ENERGIA S.A.,0
2017,10,2017-10,CAPEX S.A.,144.03935483871
2017,10,2017-10,CHAÑARES ENERGIA S.A.,277.114096774194
2017,10,2017-10,CHEVRON ARGENTINA S.R.L.,1248.31870967742
2017,10,2017-10,COLHUE HUAPI S.A.,83.6129032258064
2017,10,2017-10,COMPAÑÍA GENERAL DE COMBUSTIBLES S.A.,639.803041193548
2017,10,2017-10,COMPAÑÍAS ASOCIADAS PETROLERAS S.A.,1910.45032258065
2017,10,2017-10,COPESA CIA CONSTRUCTORA PETROLERA SA,0
2017,10,2017-10,"CRI HOLDING, INC.",7.58992202136613
2017,10,2017-10,CROWN POINT ENERGIA S.A.,0
2017,10,2017-10,DAPETROL S.A.,27.5806451612903
2017,10,2017-10,EDHIPSA,112.008709677419
2017,10,2017-10,ENAP SIPETROL ARGENTINA S.A.,1181.20709677419
2017,10,2017-10,ENERGIA COMPAÑIA PETROLERA S.A.,10.6451612903226
2017,10,2017-10,ENERGICON S.A.,0
2017,10,2017-10,EXXONMOBIL EXPLORATION ARGENTINA S.R.L.,0
2017,10,2017-10,FOMICRUZ S.E.,7.87451612903226
2017,10,2017-10,GAS Y PETROLEO DEL NEUQUEN S.A.,0
2017,10,2017-10,GEOPARK ARGENTINA LTD. (SUCURSAL ARGENTINA),4.1741935483871
2017,10,2017-10,GRECOIL y CIA. S.R.L.,25.9222580645161
2017,10,2017-10,HIGH LUCK GROUP LTD. - SUCURSAL ARGENTINA,126.206774193548
2017,10,2017-10,INGENIERIA ALPA S.A.,35.2274193548387
2017,10,2017-10,INGENIERIA SIMA S.A.,1.83774193548387
2017,10,2017-10,INTERENERGY ARGENTINA S.A.,108.903225806452
2017,10,2017-10,JHP INTERNATIONAL PETROLEUM ENGINEERING LTD,0
2017,10,2017-10,KILWER S.A.,0
2017,10,2017-10,MADALENA AUSTRAL S.A.,0
2017,10,2017-10,MADALENA ENERGY ARGENTINA SRL ,102.243806451613
2017,10,2017-10,MADALENA PETROLEUM (AMERICAS) LTD. (SUCURSAL ARGENTINA),110.624193548387
2017,10,2017-10,MEDANITO S.A.,209.544
2017,10,2017-10,O&G DEVELOPMENTS LTD S.A.,476.483870967742
2017,10,2017-10,OIL M&S S.A.,0
2017,10,2017-10,OILSTONE ENERGIA S.A.,210.445161290323
2017,10,2017-10,PAMPETROL S.A.P.E.M,17.9741935483871
2017,10,2017-10,PAN AMERICAN ENERGY (SUCURSAL ARGENTINA) LLC,15855.1625806452
2017,10,2017-10,PETRO AP S.A.,35.7267741935484
2017,10,2017-10,PETROBRAS ARGENTINA S.A.,1146.73167741935
2017,10,2017-10,PETROFARO S.A.,0.110645161290323
2017,10,2017-10,PETROLEOS SUDAMERICANOS S.A.,238.18
2017,10,2017-10,PETROLERA CERRO NEGRO S.A.,38.9713225806452
2017,10,2017-10,PETROLERA DEL COMAHUE S.A.,3.71258064516129
2017,10,2017-10,PETROLERA EL TREBOL S.A.,669.493387096774
2017,10,2017-10,PETROLERA ENTRE LOMAS S.A.,1330.89570967742
2017,10,2017-10,PETROLERA LF COMPANY S.R.L.,307.82935483871
2017,10,2017-10,PETROLERA PAMPA S.A. ,0
2017,10,2017-10,PETROLERA PATAGONIA S.R.L.,7.74806451612903
2017,10,2017-10,PETROLERA PIEDRA DEL AGUILA S.A.,0
2017,10,2017-10,PETROMINERA CHUBUT S.E.,0
2017,10,2017-10,PETROQUIMICA COMODORO RIVADAVIA S.A.,1400.36903225806
2017,10,2017-10,PLUSPETROL ENERGY S.A.,112.709032258065
2017,10,2017-10,PLUSPETROL S.A.,4903.30432916806
2017,10,2017-10,PRESIDENT PETROLEUM S.A.,274.987870967742
2017,10,2017-10,QUINTANA E&P ARGENTINA S.R.L.,29.6290322580645
2017,10,2017-10,ROCH S.A.,391.532455903226
2017,10,2017-10,SAN JORGE PETROLEUM S.A.,131.841741935484
2017,10,2017-10,"SINOPEC ARGENTINA EXPLORATION AND PRODUCTION, INC.",3944.34077419355
2017,10,2017-10,TECPETROL S.A.,2124.00790322581
2017,10,2017-10,TOTAL AUSTRAL S.A.,1405.44729032258
2017,10,2017-10,UNITEC ENERGY S.A.,4.48774193548387
2017,10,2017-10,WINTERSHALL ENERGIA S.A.,110.331612903226
2017,10,2017-10,YPF S.A.,34878.72
2017,10,2017-10,YSUR ENERGÍA ARGENTINA S.R.L.,1103.80870967742
2017,10,2017-10,YSUR PETROLERA ARGENTINA S.A.,73.8738709677419
2017,11,2017-11,AMERICAS PETROGAS ARGENTINA S.A.,125.417
2017,11,2017-11,APCO OIL AND GAS INTERNATIONAL INC (SUCURSAL ARGENTINA),81.1423333333333
2017,11,2017-11,ARGENTA ENERGIA S.A.,0
2017,11,2017-11,CAPEX S.A.,154.773333333333
2017,11,2017-11,CHAÑARES ENERGIA S.A.,271.187433333333
2017,11,2017-11,CHEVRON ARGENTINA S.R.L.,1207.85133333333
2017,11,2017-11,COLHUE HUAPI S.A.,81.6666666666667
2017,11,2017-11,COMPAÑÍA GENERAL DE COMBUSTIBLES S.A.,621.2135997
2017,11,2017-11,COMPAÑÍAS ASOCIADAS PETROLERAS S.A.,1869.42233333333
2017,11,2017-11,COPESA CIA CONSTRUCTORA PETROLERA SA,0
2017,11,2017-11,"CRI HOLDING, INC.",7.24471110738767
2017,11,2017-11,CROWN POINT ENERGIA S.A.,0
2017,11,2017-11,DAPETROL S.A.,22.5333333333333
2017,11,2017-11,EDHIPSA,120.394666666667
2017,11,2017-11,ENAP SIPETROL ARGENTINA S.A.,1111.76366666667
2017,11,2017-11,ENERGIA COMPAÑIA PETROLERA S.A.,11
2017,11,2017-11,ENERGICON S.A.,0
2017,11,2017-11,EXXONMOBIL EXPLORATION ARGENTINA S.R.L.,123.259666666667
2017,11,2017-11,FOMICRUZ S.E.,15.9393333333333
2017,11,2017-11,GAS Y PETROLEO DEL NEUQUEN S.A.,0
2017,11,2017-11,GEOPARK ARGENTINA LTD. (SUCURSAL ARGENTINA),8.21366666666667
2017,11,2017-11,GRECOIL y CIA. S.R.L.,25.5337
2017,11,2017-11,HIGH LUCK GROUP LTD. - SUCURSAL ARGENTINA,124.833
2017,11,2017-11,INGENIERIA ALPA S.A.,32.269
2017,11,2017-11,INGENIERIA SIMA S.A.,1.85
2017,11,2017-11,INTERENERGY ARGENTINA S.A.,119.233333333333
2017,11,2017-11,JHP INTERNATIONAL PETROLEUM ENGINEERING LTD,0
2017,11,2017-11,KILWER S.A.,0
2017,11,2017-11,MADALENA AUSTRAL S.A.,0
2017,11,2017-11,MADALENA ENERGY ARGENTINA SRL ,86.9618333333333
2017,11,2017-11,MADALENA PETROLEUM (AMERICAS) LTD. (SUCURSAL ARGENTINA),102.633666666667
2017,11,2017-11,MEDANITO S.A.,215.402733333333
2017,11,2017-11,O&G DEVELOPMENTS LTD S.A.,527.6
2017,11,2017-11,OIL M&S S.A.,0
2017,11,2017-11,OILSTONE ENERGIA S.A.,204.889
2017,11,2017-11,PAMPETROL S.A.P.E.M,17.9733333333333
2017,11,2017-11,PAN AMERICAN ENERGY (SUCURSAL ARGENTINA) LLC,15938.677
2017,11,2017-11,PETRO AP S.A.,35.6743333333333
2017,11,2017-11,PETROBRAS ARGENTINA S.A.,1129.62873333333
2017,11,2017-11,PETROFARO S.A.,0.305
2017,11,2017-11,PETROLEOS SUDAMERICANOS S.A.,232.740333333333
2017,11,2017-11,PETROLERA CERRO NEGRO S.A.,37.4827666666667
2017,11,2017-11,PETROLERA DEL COMAHUE S.A.,3.642
2017,11,2017-11,PETROLERA EL TREBOL S.A.,657.862566666667
2017,11,2017-11,PETROLERA ENTRE LOMAS S.A.,1293.4525
2017,11,2017-11,PETROLERA LF COMPANY S.R.L.,306.929
2017,11,2017-11,PETROLERA PAMPA S.A. ,0
2017,11,2017-11,PETROLERA PATAGONIA S.R.L.,0
2017,11,2017-11,PETROLERA PIEDRA DEL AGUILA S.A.,0
2017,11,2017-11,PETROMINERA CHUBUT S.E.,0
2017,11,2017-11,PETROQUIMICA COMODORO RIVADAVIA S.A.,1538.46233333333
2017,11,2017-11,PLUSPETROL ENERGY S.A.,109.784
2017,11,2017-11,PLUSPETROL S.A.,4855.00393726833
2017,11,2017-11,PRESIDENT PETROLEUM S.A.,223.709133333333
2017,11,2017-11,QUINTANA E&P ARGENTINA S.R.L.,28.5466666666667
2017,11,2017-11,ROCH S.A.,497.6747778
2017,11,2017-11,SAN JORGE PETROLEUM S.A.,133.534666666667
2017,11,2017-11,"SINOPEC ARGENTINA EXPLORATION AND PRODUCTION, INC.",3896.71693333333
2017,11,2017-11,TECPETROL S.A.,2084.4992
2017,11,2017-11,TOTAL AUSTRAL S.A.,1243.8222
2017,11,2017-11,UNITEC ENERGY S.A.,4.45766666666667
2017,11,2017-11,WINTERSHALL ENERGIA S.A.,76.536
2017,11,2017-11,YPF S.A.,35030.1363333333
2017,11,2017-11,YSUR ENERGÍA ARGENTINA S.R.L.,1009.307
2017,11,2017-11,YSUR PETROLERA ARGENTINA S.A.,75.6716666666667
2017,12,2017-12,AMERICAS PETROGAS ARGENTINA S.A.,112.707419354839
2017,12,2017-12,APCO OIL AND GAS INTERNATIONAL INC (SUCURSAL ARGENTINA),90.8425806451613
2017,12,2017-12,ARGENTA ENERGIA S.A.,0
2017,12,2017-12,CAPETROL S.A.,17.258064516129
2017,12,2017-12,CAPEX S.A.,302.6
2017,12,2017-12,CHAÑARES ENERGIA S.A.,277.074258064516
2017,12,2017-12,CHEVRON ARGENTINA S.R.L.,1036.75774193548
2017,12,2017-12,COLHUE HUAPI S.A.,77.0548387096774
2017,12,2017-12,COMPAÑÍA GENERAL DE COMBUSTIBLES S.A.,572.444380806452
2017,12,2017-12,COMPAÑÍAS ASOCIADAS PETROLERAS S.A.,1851.70967741935
2017,12,2017-12,COPESA CIA CONSTRUCTORA PETROLERA SA,0
2017,12,2017-12,"CRI HOLDING, INC.",5.97568492459194
2017,12,2017-12,CROWN POINT ENERGIA S.A.,0
2017,12,2017-12,EDHIPSA,102.374193548387
2017,12,2017-12,ENAP SIPETROL ARGENTINA S.A.,1266.45161290323
2017,12,2017-12,ENERGIA COMPAÑIA PETROLERA S.A.,8
2017,12,2017-12,ENERGICON S.A.,0
2017,12,2017-12,EXXONMOBIL EXPLORATION ARGENTINA S.R.L.,79.5048387096774
2017,12,2017-12,FOMICRUZ S.E.,12.5064516129032
2017,12,2017-12,GAS Y PETROLEO DEL NEUQUEN S.A.,0
2017,12,2017-12,GEOPARK ARGENTINA LTD. (SUCURSAL ARGENTINA),2.76129032258065
2017,12,2017-12,GRECOIL y CIA. S.R.L.,14.5872903225806
2017,12,2017-12,HIGH LUCK GROUP LTD. - SUCURSAL ARGENTINA,117.258064516129
2017,12,2017-12,INGENIERIA ALPA S.A.,33.9190322580645
2017,12,2017-12,INGENIERIA SIMA S.A.,1.5858064516129
2017,12,2017-12,INTERENERGY ARGENTINA S.A.,117.677419354839
2017,12,2017-12,JHP INTERNATIONAL PETROLEUM ENGINEERING LTD,0
2017,12,2017-12,KILWER S.A.,0
2017,12,2017-12,MADALENA AUSTRAL S.A.,0
2017,12,2017-12,MADALENA ENERGY ARGENTINA SRL ,104.245870967742
2017,12,2017-12,MADALENA PETROLEUM (AMERICAS) LTD. (SUCURSAL ARGENTINA),102.465161290323
2017,12,2017-12,MEDANITO S.A.,214.959225806452
2017,12,2017-12,O&G DEVELOPMENTS LTD S.A.,494.838709677419
2017,12,2017-12,OIL M&S S.A.,0
2017,12,2017-12,OILSTONE ENERGIA S.A.,198.869032258064
2017,12,2017-12,PAMPETROL S.A.P.E.M,17.1361290322581
2017,12,2017-12,PAN AMERICAN ENERGY (SUCURSAL ARGENTINA) LLC,16028.3212903226
2017,12,2017-12,PETRO AP S.A.,35.4738709677419
2017,12,2017-12,PETROBRAS ARGENTINA S.A.,1090.66332258065
2017,12,2017-12,PETROFARO S.A.,0.51258064516129
2017,12,2017-12,PETROLEOS SUDAMERICANOS S.A.,212.260322580645
2017,12,2017-12,PETROLERA CERRO NEGRO S.A.,35.2377419354839
2017,12,2017-12,PETROLERA DEL COMAHUE S.A.,3.44903225806452
2017,12,2017-12,PETROLERA EL TREBOL S.A.,588.395935483871
2017,12,2017-12,PETROLERA ENTRE LOMAS S.A.,1259.78419354839
2017,12,2017-12,PETROLERA LF COMPANY S.R.L.,291.763548387097
2017,12,2017-12,PETROLERA PAMPA S.A. ,0
2017,12,2017-12,PETROLERA PATAGONIA S.R.L.,73.6174193548387
2017,12,2017-12,PETROLERA PIEDRA DEL AGUILA S.A.,0
2017,12,2017-12,PETROMINERA CHUBUT S.E.,0
2017,12,2017-12,PETROQUIMICA COMODORO RIVADAVIA S.A.,1534.47612903226
2017,12,2017-12,PLUSPETROL ENERGY S.A.,108.868387096774
2017,12,2017-12,PLUSPETROL S.A.,4758.33328735774
2017,12,2017-12,PRESIDENT PETROLEUM S.A.,290.334258064516
2017,12,2017-12,QUINTANA E&P ARGENTINA S.R.L.,27.8612903225806
2017,12,2017-12,ROCH S.A.,499.869782774194
2017,12,2017-12,SAN JORGE PETROLEUM S.A.,122.560322580645
2017,12,2017-12,"SINOPEC ARGENTINA EXPLORATION AND PRODUCTION, INC.",3861.32893548387
2017,12,2017-12,TECPETROL S.A.,1973.01558064516
2017,12,2017-12,TOTAL AUSTRAL S.A.,1257.91370967742
2017,12,2017-12,UNITEC ENERGY S.A.,4.51548387096774
2017,12,2017-12,WINTERSHALL ENERGIA S.A.,67.3609677419355
2017,12,2017-12,YPF S.A.,34844.935483871
2017,12,2017-12,YSUR ENERGÍA ARGENTINA S.R.L.,1087.16935483871
2017,12,2017-12,YSUR PETROLERA ARGENTINA S.A.,80.7125806451613
2018,1,2018-01,AMERICAS PETROGAS ARGENTINA S.A.,112.532903225806
2018,1,2018-01,APCO OIL AND GAS INTERNATIONAL INC (SUCURSAL ARGENTINA),82.8429032258065
2018,1,2018-01,ARGENTA ENERGIA S.A.,0
2018,1,2018-01,CAPETROL S.A.,26.0967741935484
2018,1,2018-01,CAPEX S.A.,293.248709677419
2018,1,2018-01,CHAÑARES ENERGIA S.A.,253.63764516129
2018,1,2018-01,CHEVRON ARGENTINA S.R.L.,1012.8435483871
2018,1,2018-01,COLHUE HUAPI S.A.,74.5483870967742
2018,1,2018-01,COMPAÑÍA GENERAL DE COMBUSTIBLES S.A.,559.361150967742
2018,1,2018-01,COMPAÑÍAS ASOCIADAS PETROLERAS S.A.,1835.50161290323
2018,1,2018-01,COPESA CIA CONSTRUCTORA PETROLERA SA,0
2018,1,2018-01,"CRI HOLDING, INC.",2.84469503283968
2018,1,2018-01,CROWN POINT ENERGIA S.A.,0
2018,1,2018-01,EDHIPSA,103.145483870968
2018,1,2018-01,ENAP SIPETROL ARGENTINA S.A.,1167.44032258065
2018,1,2018-01,ENERGIA COMPAÑIA PETROLERA S.A.,5.7741935483871
2018,1,2018-01,ENERGICON S.A.,0
2018,1,2018-01,EXXONMOBIL EXPLORATION ARGENTINA S.R.L.,143.451612903226
2018,1,2018-01,FOMICRUZ S.E.,10.7445161290323
2018,1,2018-01,GAS Y PETROLEO DEL NEUQUEN S.A.,0
2018,1,2018-01,GEOPARK ARGENTINA LTD. (SUCURSAL ARGENTINA),0.0935483870967742
2018,1,2018-01,GRECOIL y CIA. S.R.L.,14.8312903225806
2018,1,2018-01,HIGH LUCK GROUP LTD. - SUCURSAL ARGENTINA,113.962580645161
2018,1,2018-01,INGENIERIA ALPA S.A.,34.1393548387097
2018,1,2018-01,INGENIERIA SIMA S.A.,1.36161290322581
2018,1,2018-01,INTERENERGY ARGENTINA S.A.,110.967741935484
2018,1,2018-01,JEMSE - JUJUY ENERGIA y MINERIA S. E.,35.0858064516129
2018,1,2018-01,JHP INTERNATIONAL PETROLEUM ENGINEERING LTD,0
2018,1,2018-01,KILWER S.A.,0
2018,1,2018-01,MADALENA AUSTRAL S.A.,0
2018,1,2018-01,MADALENA ENERGY ARGENTINA SRL ,101.393225806452
2018,1,2018-01,MADALENA PETROLEUM (AMERICAS) LTD. (SUCURSAL ARGENTINA),112.213548387097
2018,1,2018-01,MEDANITO S.A.,203.332322580645
2018,1,2018-01,O&G DEVELOPMENTS LTD S.A.,377.664516129032
2018,1,2018-01,OIL M&S S.A.,0
2018,1,2018-01,OILSTONE ENERGIA S.A.,187.939677419355
2018,1,2018-01,PAMPETROL S.A.P.E.M,13.7632258064516
2018,1,2018-01,PAN AMERICAN ENERGY (SUCURSAL ARGENTINA) LLC,15870.3090322581
2018,1,2018-01,PETRO AP S.A.,0
2018,1,2018-01,PETROBRAS ARGENTINA S.A.,1091.99890322581
2018,1,2018-01,PETROFARO S.A.,0
2018,1,2018-01,PETROLEOS SUDAMERICANOS S.A.,213.140322580645
2018,1,2018-01,PETROLERA CERRO NEGRO S.A.,36.0351290322581
2018,1,2018-01,PETROLERA DEL COMAHUE S.A.,3.47612903225806
2018,1,2018-01,PETROLERA EL TREBOL S.A.,623.757096774194
2018,1,2018-01,PETROLERA ENTRE LOMAS S.A.,1209.76987096774
2018,1,2018-01,PETROLERA LF COMPANY S.R.L.,283.651290322581
2018,1,2018-01,PETROLERA PAMPA S.A. ,0
2018,1,2018-01,PETROLERA PATAGONIA S.R.L.,0
2018,1,2018-01,PETROLERA PIEDRA DEL AGUILA S.A.,0
2018,1,2018-01,PETROMINERA CHUBUT S.E.,0
2018,1,2018-01,PETROQUIMICA COMODORO RIVADAVIA S.A.,1536.97
2018,1,2018-01,PLUSPETROL ENERGY S.A.,126.891612903226
2018,1,2018-01,PLUSPETROL S.A.,4599.16207303129
2018,1,2018-01,PRESIDENT PETROLEUM S.A.,295.11664516129
2018,1,2018-01,QUINTANA E&P ARGENTINA S.R.L.,26.9161290322581
2018,1,2018-01,ROCH S.A.,545.403555774193
2018,1,2018-01,SAN JORGE PETROLEUM S.A.,133.925161290323
2018,1,2018-01,"SINOPEC ARGENTINA EXPLORATION AND PRODUCTION, INC.",3725.89403225806
2018,1,2018-01,TECPETROL S.A.,1881.40364516129
2018,1,2018-01,TOTAL AUSTRAL S.A.,1317.37208387097
2018,1,2018-01,UNITEC ENERGY S.A.,4.29161290322581
2018,1,2018-01,WINTERSHALL ENERGIA S.A.,60.1077419354839
2018,1,2018-01,YPF S.A.,34671.205483871
2018,1,2018-01,YSUR ENERGÍA ARGENTINA S.R.L.,1139.99322580645
2018,1,2018-01,YSUR PETROLERA ARGENTINA S.A.,72.0970967741936
2018,2,2018-02,AMERICAS PETROGAS ARGENTINA S.A.,106.500357142857
2018,2,2018-02,APCO OIL AND GAS INTERNATIONAL INC (SUCURSAL ARGENTINA),79.0271428571429
2018,2,2018-02,ARGENTA ENERGIA S.A.,0
2018,2,2018-02,CAPETROL S.A.,26.6785714285714
2018,2,2018-02,CAPEX S.A.,288.72
2018,2,2018-02,CHAÑARES ENERGIA S.A.,253.864785714286
2018,2,2018-02,CHEVRON ARGENTINA S.R.L.,986.369285714286
2018,2,2018-02,COLHUE HUAPI S.A.,72.8035714285714
2018,2,2018-02,COMPAÑÍA GENERAL DE COMBUSTIBLES S.A.,539.5342285
2018,2,2018-02,COMPAÑÍAS ASOCIADAS PETROLERAS S.A.,1887.75
2018,2,2018-02,COPESA CIA CONSTRUCTORA PETROLERA SA,0
2018,2,2018-02,"CRI HOLDING, INC.",0
2018,2,2018-02,CROWN POINT ENERGIA S.A.,0
2018,2,2018-02,EDHIPSA,106.225357142857
2018,2,2018-02,ENAP SIPETROL ARGENTINA S.A.,1082.08178571429
2018,2,2018-02,ENERGIA COMPAÑIA PETROLERA S.A.,4.96428571428571
2018,2,2018-02,ENERGICON S.A.,0
2018,2,2018-02,EXXONMOBIL EXPLORATION ARGENTINA S.R.L.,313.694642857143
2018,2,2018-02,FOMICRUZ S.E.,6.46321428571429
2018,2,2018-02,GAS Y PETROLEO DEL NEUQUEN S.A.,0
2018,2,2018-02,GEOPARK ARGENTINA LTD. (SUCURSAL ARGENTINA),0.646428571428571
2018,2,2018-02,GRECOIL y CIA. S.R.L.,14.1822142857143
2018,2,2018-02,HIGH LUCK GROUP LTD. - SUCURSAL ARGENTINA,112.319285714286
2018,2,2018-02,INGENIERIA ALPA S.A.,34.8835714285714
2018,2,2018-02,INGENIERIA SIMA S.A.,0.376785714285714
2018,2,2018-02,INTERENERGY ARGENTINA S.A.,123
2018,2,2018-02,JEMSE - JUJUY ENERGIA y MINERIA S. E.,35.1300357142857
2018,2,2018-02,KILWER S.A.,0
2018,2,2018-02,MADALENA AUSTRAL S.A.,0
2018,2,2018-02,MADALENA ENERGY ARGENTINA SRL ,99.5795357142857
2018,2,2018-02,MADALENA PETROLEUM (AMERICAS) LTD. (SUCURSAL ARGENTINA),110.745357142857
2018,2,2018-02,MEDANITO S.A.,200.543214285714
2018,2,2018-02,O&G DEVELOPMENTS LTD S.A.,517.642857142857
2018,2,2018-02,OIL M&S S.A.,0
2018,2,2018-02,OILSTONE ENERGIA S.A.,189.782857142857
2018,2,2018-02,PAMPETROL S.A.P.E.M,16.575
2018,2,2018-02,PAN AMERICAN ENERGY (SUCURSAL ARGENTINA) LLC,16001.9542857143
2018,2,2018-02,PETROBRAS ARGENTINA S.A.,1059.78760714286
2018,2,2018-02,PETROFARO S.A.,0.85
2018,2,2018-02,PETROLEOS SUDAMERICANOS S.A.,212.05
2018,2,2018-02,PETROLERA CERRO NEGRO S.A.,36.2128928571429
2018,2,2018-02,PETROLERA DEL COMAHUE S.A.,3.26
2018,2,2018-02,PETROLERA EL TREBOL S.A.,575.754785714286
2018,2,2018-02,PETROLERA ENTRE LOMAS S.A.,1193.69814285714
2018,2,2018-02,PETROLERA LF COMPANY S.R.L.,281.630714285714
2018,2,2018-02,PETROLERA PAMPA S.A. ,0
2018,2,2018-02,PETROLERA PATAGONIA S.R.L.,0
2018,2,2018-02,PETROLERA PIEDRA DEL AGUILA S.A.,0
2018,2,2018-02,PETROMINERA CHUBUT S.E.,0
2018,2,2018-02,PETROQUIMICA COMODORO RIVADAVIA S.A.,1484.8375
2018,2,2018-02,PLUSPETROL ENERGY S.A.,118.284642857143
2018,2,2018-02,PLUSPETROL S.A.,4485.80662930143
2018,2,2018-02,PRESIDENT PETROLEUM S.A.,292.401321428571
2018,2,2018-02,QUINTANA E&P ARGENTINA S.R.L.,29.4571428571429
2018,2,2018-02,ROCH S.A.,546.24860325
2018,2,2018-02,SAN JORGE PETROLEUM S.A.,136.346464285714
2018,2,2018-02,SELVA MARIA OIL S.A.,0
2018,2,2018-02,"SINOPEC ARGENTINA EXPLORATION AND PRODUCTION, INC.",3708.41389285714
2018,2,2018-02,TECPETROL S.A.,1884.39503571429
2018,2,2018-02,TOTAL AUSTRAL S.A.,1311.98660714286
2018,2,2018-02,UNITEC ENERGY S.A.,4.36571428571429
2018,2,2018-02,WINTERSHALL ENERGIA S.A.,69.1871428571429
2018,2,2018-02,YPF S.A.,35030.9171428571
2018,2,2018-02,YSUR ENERGÍA ARGENTINA S.R.L.,1017.2225
2018,2,2018-02,YSUR PETROLERA ARGENTINA S.A.,71.7828571428571
2018,3,2018-03,AMERICAS PETROGAS ARGENTINA S.A.,101.001290322581
2018,3,2018-03,APCO OIL AND GAS INTERNATIONAL INC (SUCURSAL ARGENTINA),78.8916129032258
2018,3,2018-03,ARGENTA ENERGIA S.A.,0
2018,3,2018-03,CAPETROL S.A.,30.658064516129
2018,3,2018-03,CAPEX S.A.,302.182258064516
2018,3,2018-03,CHAÑARES ENERGIA S.A.,250.52235483871
2018,3,2018-03,CHEVRON ARGENTINA S.R.L.,1017.47677419355
2018,3,2018-03,COLHUE HUAPI S.A.,72.741935483871
2018,3,2018-03,COMPAÑÍA GENERAL DE COMBUSTIBLES S.A.,539.854392548387
2018,3,2018-03,COMPAÑÍAS ASOCIADAS PETROLERAS S.A.,1895.54838709677
2018,3,2018-03,COPESA CIA CONSTRUCTORA PETROLERA SA,0
2018,3,2018-03,"CRI HOLDING, INC.",0
2018,3,2018-03,CROWN POINT ENERGIA S.A.,0
2018,3,2018-03,EDHIPSA,108.739032258065
2018,3,2018-03,ENAP SIPETROL ARGENTINA S.A.,1116.5
2018,3,2018-03,ENERGIA COMPAÑIA PETROLERA S.A.,13.5483870967742
2018,3,2018-03,ENERGICON S.A.,0
2018,3,2018-03,EXXONMOBIL EXPLORATION ARGENTINA S.R.L.,325.435483870968
2018,3,2018-03,FOMICRUZ S.E.,6.48677419354839
2018,3,2018-03,GAS Y PETROLEO DEL NEUQUEN S.A.,0
2018,3,2018-03,GEOPARK ARGENTINA LTD. (SUCURSAL ARGENTINA),265.854838709677
2018,3,2018-03,GRECOIL y CIA. S.R.L.,9.85358064516129
2018,3,2018-03,HIGH LUCK GROUP LTD. - SUCURSAL ARGENTINA,104.361612903226
2018,3,2018-03,INGENIERIA ALPA S.A.,37.2761290322581
2018,3,2018-03,INGENIERIA SIMA S.A.,0
2018,3,2018-03,INTERENERGY ARGENTINA S.A.,123.774193548387
2018,3,2018-03,JEMSE - JUJUY ENERGIA y MINERIA S. E.,33.611935483871
2018,3,2018-03,KILWER S.A.,0
2018,3,2018-03,MADALENA AUSTRAL S.A.,0
2018,3,2018-03,MADALENA ENERGY ARGENTINA SRL ,95.8810967741935
2018,3,2018-03,MADALENA PETROLEUM (AMERICAS) LTD. (SUCURSAL ARGENTINA),108.461612903226
2018,3,2018-03,MEDANITO S.A.,197.181193548387
2018,3,2018-03,O&G DEVELOPMENTS LTD S.A.,646.831935483871
2018,3,2018-03,OIL M&S S.A.,0
2018,3,2018-03,OILSTONE ENERGIA S.A.,192.023225806452
2018,3,2018-03,PAMPETROL S.A.P.E.M,14.5451612903226
2018,3,2018-03,PAN AMERICAN ENERGY (SUCURSAL ARGENTINA) LLC,16222.0380645161
2018,3,2018-03,PETROBRAS ARGENTINA S.A.,1060.81903225806
2018,3,2018-03,PETROFARO S.A.,0.104193548387097
2018,3,2018-03,PETROLEOS SUDAMERICANOS S.A.,209.63935483871
2018,3,2018-03,PETROLERA CERRO NEGRO S.A.,34.3973225806452
2018,3,2018-03,PETROLERA DEL COMAHUE S.A.,3.18290322580645
2018,3,2018-03,PETROLERA EL TREBOL S.A.,496.774193548387
2018,3,2018-03,PETROLERA ENTRE LOMAS S.A.,1190.5234516129
2018,3,2018-03,PETROLERA LF COMPANY S.R.L.,271.998709677419
2018,3,2018-03,PETROLERA PAMPA S.A. ,0
2018,3,2018-03,PETROLERA PATAGONIA S.R.L.,20.6496774193548
2018,3,2018-03,PETROLERA PIEDRA DEL AGUILA S.A.,0
2018,3,2018-03,PETROMINERA CHUBUT S.E.,0
2018,3,2018-03,PETROQUIMICA COMODORO RIVADAVIA S.A.,1433.08161290323
2018,3,2018-03,PLUSPETROL ENERGY S.A.,110.16935483871
2018,3,2018-03,PLUSPETROL S.A.,4337.2391623129
2018,3,2018-03,PRESIDENT PETROLEUM S.A.,295.082451612903
2018,3,2018-03,QUINTANA E&P ARGENTINA S.R.L.,26.3
2018,3,2018-03,ROCH S.A.,543.968453580645
2018,3,2018-03,SAN JORGE PETROLEUM S.A.,133.400129032258
2018,3,2018-03,SELVA MARIA OIL S.A.,0
2018,3,2018-03,"SINOPEC ARGENTINA EXPLORATION AND PRODUCTION, INC.",3614.53787096774
2018,3,2018-03,TECPETROL S.A.,1937.53393548387
2018,3,2018-03,TOTAL AUSTRAL S.A.,1237.57967741935
2018,3,2018-03,UNITEC ENERGY S.A.,4.25516129032258
2018,3,2018-03,WINTERSHALL ENERGIA S.A.,56.14
2018,3,2018-03,YPF S.A.,35456.9174193548
2018,3,2018-03,YSUR ENERGÍA ARGENTINA S.R.L.,1016.36741935484
2018,3,2018-03,YSUR PETROLERA ARGENTINA S.A.,82.9203225806452
2018,4,2018-04,AMERICAS PETROGAS ARGENTINA S.A.,95.8463333333333
2018,4,2018-04,APCO OIL AND GAS INTERNATIONAL INC (SUCURSAL ARGENTINA),58.02
2018,4,2018-04,ARGENTA ENERGIA S.A.,0
2018,4,2018-04,CAPETROL S.A.,44.1333333333333
2018,4,2018-04,CAPEX S.A.,293.022333333333
2018,4,2018-04,CHAÑARES ENERGIA S.A.,272.264733333333
2018,4,2018-04,CHEVRON ARGENTINA S.R.L.,1004.17933333333
2018,4,2018-04,COLHUE HUAPI S.A.,72.2166666666667
2018,4,2018-04,COMPAÑÍA GENERAL DE COMBUSTIBLES S.A.,558.558880366667
2018,4,2018-04,COMPAÑÍAS ASOCIADAS PETROLERAS S.A.,1952.5
2018,4,2018-04,COPESA CIA CONSTRUCTORA PETROLERA SA,0
2018,4,2018-04,"CRI HOLDING, INC.",0.766666666666667
2018,4,2018-04,CROWN POINT ENERGIA S.A.,0
2018,4,2018-04,EDHIPSA,116.88
2018,4,2018-04,ENAP SIPETROL ARGENTINA S.A.,1044.736
2018,4,2018-04,ENERGIA COMPAÑIA PETROLERA S.A.,19.7433333333333
2018,4,2018-04,ENERGICON S.A.,0
2018,4,2018-04,EXXONMOBIL EXPLORATION ARGENTINA S.R.L.,451.759
2018,4,2018-04,FOMICRUZ S.E.,9.07766666666667
2018,4,2018-04,GAS Y PETROLEO DEL NEUQUEN S.A.,0
2018,4,2018-04,GEOPARK ARGENTINA LTD. (SUCURSAL ARGENTINA),257.058666666667
2018,4,2018-04,GRECOIL y CIA. S.R.L.,6.8102
2018,4,2018-04,HIGH LUCK GROUP LTD. - SUCURSAL ARGENTINA,109.880333333333
2018,4,2018-04,INGENIERIA ALPA S.A.,29.147
2018,4,2018-04,INGENIERIA SIMA S.A.,0
2018,4,2018-04,INTERENERGY ARGENTINA S.A.,124.733333333333
2018,4,2018-04,JEMSE - JUJUY ENERGIA y MINERIA S. E.,33.4909333333333
2018,4,2018-04,KILWER S.A.,0
2018,4,2018-04,MADALENA AUSTRAL S.A.,0
2018,4,2018-04,MADALENA ENERGY ARGENTINA SRL ,102.443366666667
2018,4,2018-04,MADALENA PETROLEUM (AMERICAS) LTD. (SUCURSAL ARGENTINA),106.200333333333
2018,4,2018-04,MEDANITO S.A.,195.317766666667
2018,4,2018-04,O&G DEVELOPMENTS LTD S.A.,612.469333333333
2018,4,2018-04,OIL M&S S.A.,0
2018,4,2018-04,OILSTONE ENERGIA S.A.,194.981
2018,4,2018-04,PAMPETROL S.A.P.E.M,13.078
2018,4,2018-04,PAN AMERICAN ENERGY (SUCURSAL ARGENTINA) LLC,16331.3533333333
2018,4,2018-04,PETROBRAS ARGENTINA S.A.,25.0543333333333
2018,4,2018-04,PETROFARO S.A.,0.503666666666667
2018,4,2018-04,PETROLEOS SUDAMERICANOS S.A.,203.039666666667
2018,4,2018-04,PETROLERA CERRO NEGRO S.A.,33.5169666666667
2018,4,2018-04,PETROLERA DEL COMAHUE S.A.,3.05133333333333
2018,4,2018-04,PETROLERA EL TREBOL S.A.,524.7299
2018,4,2018-04,PETROLERA ENTRE LOMAS S.A.,2186.0671
2018,4,2018-04,PETROLERA LF COMPANY S.R.L.,293.235666666667
2018,4,2018-04,PETROLERA PAMPA S.A. ,0
2018,4,2018-04,PETROLERA PATAGONIA S.R.L.,23.3353333333333
2018,4,2018-04,PETROLERA PIEDRA DEL AGUILA S.A.,0
2018,4,2018-04,PETROMINERA CHUBUT S.E.,0
2018,4,2018-04,PETROQUIMICA COMODORO RIVADAVIA S.A.,1461.515
2018,4,2018-04,PLUSPETROL ENERGY S.A.,112.896333333333
2018,4,2018-04,PLUSPETROL S.A.,4379.37604425333
2018,4,2018-04,PRESIDENT PETROLEUM S.A.,266.778
2018,4,2018-04,QUINTANA E&P ARGENTINA S.R.L.,24.4033333333333
2018,4,2018-04,ROCH S.A.,537.0381777
2018,4,2018-04,SAN JORGE PETROLEUM S.A.,133.583566666667
2018,4,2018-04,SELVA MARIA OIL S.A.,0
2018,4,2018-04,"SINOPEC ARGENTINA EXPLORATION AND PRODUCTION, INC.",3535.00986666667
2018,4,2018-04,TECPETROL S.A.,1836.1988
2018,4,2018-04,TOTAL AUSTRAL S.A.,1352.2941
2018,4,2018-04,UNITEC ENERGY S.A.,4.311
2018,4,2018-04,WINTERSHALL ENERGIA S.A.,43.7413333333333
2018,4,2018-04,YPF S.A.,35157.3543333333
2018,4,2018-04,YSUR ENERGÍA ARGENTINA S.R.L.,1035.30633333333
2018,4,2018-04,YSUR PETROLERA ARGENTINA S.A.,87.4226666666667
2018,5,2018-05,ALIANZA PETROLERA ARGENTINA S.A.,3.1158064516129
2018,5,2018-05,AMERICAS PETROGAS ARGENTINA S.A.,102.968387096774
2018,5,2018-05,APCO OIL AND GAS INTERNATIONAL INC (SUCURSAL ARGENTINA),87.8870967741936
2018,5,2018-05,ARGENTA ENERGIA S.A.,0
2018,5,2018-05,CAPETROL S.A.,37.7548387096774
2018,5,2018-05,CAPEX S.A.,297.154193548387
2018,5,2018-05,CHAÑARES ENERGIA S.A.,259.907741935484
2018,5,2018-05,CHEVRON ARGENTINA S.R.L.,979.383225806452
2018,5,2018-05,COLHUE HUAPI S.A.,71.9354838709677
2018,5,2018-05,COMPAÑÍA GENERAL DE COMBUSTIBLES S.A.,569.824199516129
2018,5,2018-05,COMPAÑÍAS ASOCIADAS PETROLERAS S.A.,1908.45161290323
2018,5,2018-05,COPESA CIA CONSTRUCTORA PETROLERA SA,0.484838709677419
2018,5,2018-05,"CRI HOLDING, INC.",4.90354838709677
2018,5,2018-05,CROWN POINT ENERGIA S.A.,0
2018,5,2018-05,EDHIPSA,107.125806451613
2018,5,2018-05,ENAP SIPETROL ARGENTINA S.A.,1150.02096774194
2018,5,2018-05,ENERGIA COMPAÑIA PETROLERA S.A.,23.2258064516129
2018,5,2018-05,ENERGICON S.A.,0
2018,5,2018-05,EXXONMOBIL EXPLORATION ARGENTINA S.R.L.,446.596451612903
2018,5,2018-05,FOMICRUZ S.E.,9.93225806451613
2018,5,2018-05,GAS Y PETROLEO DEL NEUQUEN S.A.,0
2018,5,2018-05,GEOPARK ARGENTINA LTD. (SUCURSAL ARGENTINA),253.914516129032
2018,5,2018-05,GRECOIL y CIA. S.R.L.,2.61812903225806
2018,5,2018-05,HIGH LUCK GROUP LTD. - SUCURSAL ARGENTINA,102.792903225806
2018,5,2018-05,INGENIERIA ALPA S.A.,31.4841935483871
2018,5,2018-05,INGENIERIA SIMA S.A.,0.564193548387097
2018,5,2018-05,INTERENERGY ARGENTINA S.A.,112.645161290323
2018,5,2018-05,JEMSE - JUJUY ENERGIA y MINERIA S. E.,34.6209677419355
2018,5,2018-05,KILWER S.A.,0
2018,5,2018-05,MADALENA AUSTRAL S.A.,0
2018,5,2018-05,MADALENA ENERGY ARGENTINA SRL ,95.3187096774194
2018,5,2018-05,MADALENA PETROLEUM (AMERICAS) LTD. (SUCURSAL ARGENTINA),96.8461290322581
2018,5,2018-05,MEDANITO S.A.,190.210935483871
2018,5,2018-05,O&G DEVELOPMENTS LTD S.A.,648.718387096774
2018,5,2018-05,OIL M&S S.A.,0
2018,5,2018-05,OILSTONE ENERGIA S.A.,193.31064516129
2018,5,2018-05,PAMPA ENERGIA S.A.,24.2970967741935
2018,5,2018-05,PAMPETROL S.A.P.E.M,10.7738709677419
2018,5,2018-05,PAN AMERICAN ENERGY (SUCURSAL ARGENTINA) LLC,16228.5209677419
2018,5,2018-05,PETROFARO S.A.,1.78096774193548
2018,5,2018-05,PETROLEOS SUDAMERICANOS S.A.,198.179677419355
2018,5,2018-05,PETROLERA CERRO NEGRO S.A.,33.7302580645161
2018,5,2018-05,PETROLERA DEL COMAHUE S.A.,3.04935483870968
2018,5,2018-05,PETROLERA EL TREBOL S.A.,493.468967741936
2018,5,2018-05,PETROLERA ENTRE LOMAS S.A.,2155.06558064516
2018,5,2018-05,PETROLERA LF COMPANY S.R.L.,289.578387096774
2018,5,2018-05,PETROLERA PAMPA S.A. ,0
2018,5,2018-05,PETROLERA PATAGONIA S.R.L.,9.89322580645161
2018,5,2018-05,PETROLERA PIEDRA DEL AGUILA S.A.,0
2018,5,2018-05,PETROMINERA CHUBUT S.E.,0
2018,5,2018-05,PETROQUIMICA COMODORO RIVADAVIA S.A.,1490.97580645161
2018,5,2018-05,PLUSPETROL ENERGY S.A.,112.560322580645
2018,5,2018-05,PLUSPETROL S.A.,4272.7068653871
2018,5,2018-05,PRESIDENT PETROLEUM S.A.,273.952548387097
2018,5,2018-05,QUINTANA E&P ARGENTINA S.R.L.,24.4806451612903
2018,5,2018-05,ROCH S.A.,552.424681677419
2018,5,2018-05,SAN JORGE PETROLEUM S.A.,124.003290322581
2018,5,2018-05,SELVA MARIA OIL S.A.,0
2018,5,2018-05,"SINOPEC ARGENTINA EXPLORATION AND PRODUCTION, INC.",3469.27864516129
2018,5,2018-05,TECPETROL S.A.,1934.30648387097
2018,5,2018-05,TOTAL AUSTRAL S.A.,1342.62041935484
2018,5,2018-05,UNITEC ENERGY S.A.,4.01225806451613
2018,5,2018-05,WINTERSHALL ENERGIA S.A.,54.9154838709677
2018,5,2018-05,YPF S.A.,35092.5022580645
2018,5,2018-05,YSUR ENERGÍA ARGENTINA S.R.L.,1033.6635483871
2018,5,2018-05,YSUR PETROLERA ARGENTINA S.A.,89.1035483870968
2018,6,2018-06,ALIANZA PETROLERA ARGENTINA S.A.,3.49166666666667
2018,6,2018-06,AMERICAS PETROGAS ARGENTINA S.A.,95.2206666666667
2018,6,2018-06,APCO OIL AND GAS INTERNATIONAL INC (SUCURSAL ARGENTINA),79.2633333333333
2018,6,2018-06,ARGENTA ENERGIA S.A.,0
2018,6,2018-06,CAPETROL S.A.,37.9
2018,6,2018-06,CAPEX S.A.,304.397666666667
2018,6,2018-06,CHAÑARES ENERGIA S.A.,258.789066666667
2018,6,2018-06,CHEVRON ARGENTINA S.R.L.,970.939333333333
2018,6,2018-06,COLHUE HUAPI S.A.,70.1166666666667
2018,6,2018-06,COMPAÑÍA GENERAL DE COMBUSTIBLES S.A.,530.927860833333
2018,6,2018-06,COMPAÑÍAS ASOCIADAS PETROLERAS S.A.,1895.06666666667
2018,6,2018-06,COPESA CIA CONSTRUCTORA PETROLERA SA,0.871666666666667
2018,6,2018-06,"CRI HOLDING, INC.",5.694
2018,6,2018-06,CROWN POINT ENERGIA S.A.,0
2018,6,2018-06,EDHIPSA,93.53
2018,6,2018-06,ENAP SIPETROL ARGENTINA S.A.,1438.009
2018,6,2018-06,ENERGIA COMPAÑIA PETROLERA S.A.,26.0666666666667
2018,6,2018-06,ENERGICON S.A.,0
2018,6,2018-06,EXXONMOBIL EXPLORATION ARGENTINA S.R.L.,410.085666666667
2018,6,2018-06,FOMICRUZ S.E.,6.10866666666667
2018,6,2018-06,GAS Y PETROLEO DEL NEUQUEN S.A.,0
2018,6,2018-06,GEOPARK ARGENTINA LTD. (SUCURSAL ARGENTINA),251.471
2018,6,2018-06,GRECOIL y CIA. S.R.L.,9.09293333333333
2018,6,2018-06,HIGH LUCK GROUP LTD. - SUCURSAL ARGENTINA,102.689333333333
2018,6,2018-06,INGENIERIA ALPA S.A.,38.689
2018,6,2018-06,INGENIERIA SIMA S.A.,0.826
2018,6,2018-06,INTERENERGY ARGENTINA S.A.,109.3
2018,6,2018-06,JEMSE - JUJUY ENERGIA y MINERIA S. E.,36.1
2018,6,2018-06,KILWER S.A.,0
2018,6,2018-06,MADALENA AUSTRAL S.A.,0
2018,6,2018-06,MADALENA ENERGY ARGENTINA SRL ,90.9783666666667
2018,6,2018-06,MADALENA PETROLEUM (AMERICAS) LTD. (SUCURSAL ARGENTINA),92.0852333333333
2018,6,2018-06,MEDANITO S.A.,188.235766666667
2018,6,2018-06,O&G DEVELOPMENTS LTD S.A.,665.815666666667
2018,6,2018-06,OIL M&S S.A.,0
2018,6,2018-06,OILSTONE ENERGIA S.A.,164.995333333333
2018,6,2018-06,PAMPA ENERGIA S.A.,16.1466666666667
2018,6,2018-06,PAMPETROL S.A.P.E.M,15.4706666666667
2018,6,2018-06,PAN AMERICAN ENERGY (SUCURSAL ARGENTINA) LLC,15938.08
2018,6,2018-06,PETROFARO S.A.,1.15866666666667
2018,6,2018-06,PETROLEOS SUDAMERICANOS S.A.,204.979333333333
2018,6,2018-06,PETROLERA CERRO NEGRO S.A.,30.7702
2018,6,2018-06,PETROLERA DEL COMAHUE S.A.,3.1
2018,6,2018-06,PETROLERA EL TREBOL S.A.,456.533933333333
2018,6,2018-06,PETROLERA ENTRE LOMAS S.A.,2188.802
2018,6,2018-06,PETROLERA LF COMPANY S.R.L.,296.444666666667
2018,6,2018-06,PETROLERA PAMPA S.A. ,0
2018,6,2018-06,PETROLERA PATAGONIA S.R.L.,1.67666666666667
2018,6,2018-06,PETROLERA PIEDRA DEL AGUILA S.A.,0
2018,6,2018-06,PETROMINERA CHUBUT S.E.,0
2018,6,2018-06,PETROQUIMICA COMODORO RIVADAVIA S.A.,1461.75833333333
2018,6,2018-06,PLUSPETROL ENERGY S.A.,110.57
2018,6,2018-06,PLUSPETROL S.A.,4350.603130979
2018,6,2018-06,PRESIDENT PETROLEUM S.A.,375.782366666667
2018,6,2018-06,QUINTANA E&P ARGENTINA S.R.L.,23.0233333333333
2018,6,2018-06,ROCH S.A.,550.256377133333
2018,6,2018-06,SAN JORGE PETROLEUM S.A.,121.745066666667
2018,6,2018-06,SELVA MARIA OIL S.A.,0
2018,6,2018-06,"SINOPEC ARGENTINA EXPLORATION AND PRODUCTION, INC.",3407.19043333333
2018,6,2018-06,TECPETROL S.A.,1988.7761
2018,6,2018-06,TOTAL AUSTRAL S.A.,1347.83733333333
2018,6,2018-06,UNITEC ENERGY S.A.,2.47533333333333
2018,6,2018-06,WINTERSHALL ENERGIA S.A.,118.279
2018,6,2018-06,YPF S.A.,34961.167
2018,6,2018-06,YSUR ENERGÍA ARGENTINA S.R.L.,1045.622
2018,6,2018-06,YSUR PETROLERA ARGENTINA S.A.,82.5103333333333
2018,7,2018-07,ALIANZA PETROLERA ARGENTINA S.A.,3.11774193548387
2018,7,2018-07,AMERICAS PETROGAS ARGENTINA S.A.,22.7154838709677
2018,7,2018-07,APCO OIL AND GAS INTERNATIONAL INC (SUCURSAL ARGENTINA),73.3838709677419
2018,7,2018-07,ARGENTA ENERGIA S.A.,0
2018,7,2018-07,CAPETROL S.A.,34.8387096774194
2018,7,2018-07,CAPEX S.A.,304.965161290323
2018,7,2018-07,CHAÑARES ENERGIA S.A.,259.094387096774
2018,7,2018-07,CHEVRON ARGENTINA S.R.L.,961.297096774194
2018,7,2018-07,COLHUE HUAPI S.A.,75.2903225806452
2018,7,2018-07,COMPAÑÍA GENERAL DE COMBUSTIBLES S.A.,518.262473419355
2018,7,2018-07,COMPAÑÍAS ASOCIADAS PETROLERAS S.A.,1909.61290322581
2018,7,2018-07,COPESA CIA CONSTRUCTORA PETROLERA SA,2.54032258064516
2018,7,2018-07,"CRI HOLDING, INC.",6.65
2018,7,2018-07,CROWN POINT ENERGIA S.A.,0
2018,7,2018-07,EDHIPSA,94.0916129032258
2018,7,2018-07,ENAP SIPETROL ARGENTINA S.A.,1480.0535483871
2018,7,2018-07,ENERGIA COMPAÑIA PETROLERA S.A.,27.3870967741935
2018,7,2018-07,ENERGICON S.A.,0
2018,7,2018-07,EXXONMOBIL EXPLORATION ARGENTINA S.R.L.,351.87935483871
2018,7,2018-07,FOMICRUZ S.E.,1.93741935483871
2018,7,2018-07,GAS Y PETROLEO DEL NEUQUEN S.A.,0
2018,7,2018-07,GEOPARK ARGENTINA LTD. (SUCURSAL ARGENTINA),235.377870967742
2018,7,2018-07,GRECOIL y CIA. S.R.L.,7.49570967741935
2018,7,2018-07,HIGH LUCK GROUP LTD. - SUCURSAL ARGENTINA,102.49
2018,7,2018-07,INGENIERIA ALPA S.A.,29.6451612903226
2018,7,2018-07,INGENIERIA SIMA S.A.,1.15096774193548
2018,7,2018-07,INTERENERGY ARGENTINA S.A.,121.58064516129
2018,7,2018-07,JEMSE - JUJUY ENERGIA y MINERIA S. E.,33.0574193548387
2018,7,2018-07,KILWER S.A.,0
2018,7,2018-07,MADALENA AUSTRAL S.A.,0
2018,7,2018-07,MADALENA ENERGY ARGENTINA SRL ,87.4685806451613
2018,7,2018-07,MADALENA PETROLEUM (AMERICAS) LTD. (SUCURSAL ARGENTINA),88.3092258064516
2018,7,2018-07,MEDANITO S.A.,185.456451612903
2018,7,2018-07,O&G DEVELOPMENTS LTD S.A.,538.548387096774
2018,7,2018-07,OIL M&S S.A.,0
2018,7,2018-07,OILSTONE ENERGIA S.A.,188.701612903226
2018,7,2018-07,PAMPA ENERGIA S.A.,18.6554838709677
2018,7,2018-07,PAMPETROL S.A.P.E.M,92.1570967741935
2018,7,2018-07,PAN AMERICAN ENERGY (SUCURSAL ARGENTINA) LLC,16014.6641935484
2018,7,2018-07,PETROFARO S.A.,0.740322580645161
2018,7,2018-07,PETROLEOS SUDAMERICANOS S.A.,213.38
2018,7,2018-07,PETROLERA CERRO NEGRO S.A.,16.3383225806452
2018,7,2018-07,PETROLERA DEL COMAHUE S.A.,3.08451612903226
2018,7,2018-07,PETROLERA EL TREBOL S.A.,467.652129032258
2018,7,2018-07,PETROLERA LF COMPANY S.R.L.,306.00064516129
2018,7,2018-07,PETROLERA PAMPA S.A. ,0
2018,7,2018-07,PETROLERA PATAGONIA S.R.L.,3.29612903225806
2018,7,2018-07,PETROLERA PIEDRA DEL AGUILA S.A.,0
2018,7,2018-07,PETROMINERA CHUBUT S.E.,0
2018,7,2018-07,PETROQUIMICA COMODORO RIVADAVIA S.A.,1491.66419354839
2018,7,2018-07,PLUSPETROL ENERGY S.A.,116.667741935484
2018,7,2018-07,PLUSPETROL S.A.,4208.59408876452
2018,7,2018-07,PRESIDENT PETROLEUM S.A.,374.977580645161
2018,7,2018-07,QUINTANA E&P ARGENTINA S.R.L.,24.1161290322581
2018,7,2018-07,ROCH S.A.,612.729383354839
2018,7,2018-07,SAN JORGE PETROLEUM S.A.,142.777838709677
2018,7,2018-07,SELVA MARIA OIL S.A.,0
2018,7,2018-07,"SINOPEC ARGENTINA EXPLORATION AND PRODUCTION, INC.",3366.61522580645
2018,7,2018-07,TECPETROL S.A.,2121.49722580645
2018,7,2018-07,TOTAL AUSTRAL S.A.,1323.35225806452
2018,7,2018-07,UNITEC ENERGY S.A.,2.44032258064516
2018,7,2018-07,Vista Oil & Gas Argentina SA,2228.40929032258
2018,7,2018-07,WINTERSHALL ENERGIA S.A.,177.314193548387
2018,7,2018-07,YPF S.A.,34751.3332258065
2018,7,2018-07,YSUR ENERGÍA ARGENTINA S.R.L.,966.236451612903
2018,7,2018-07,YSUR PETROLERA ARGENTINA S.A.,79.4
2018,8,2018-08,ALIANZA PETROLERA ARGENTINA S.A.,2.25032258064516
2018,8,2018-08,APCO OIL AND GAS INTERNATIONAL INC (SUCURSAL ARGENTINA),87.941935483871
2018,8,2018-08,ARGENTA ENERGIA S.A.,0
2018,8,2018-08,CAPETROL S.A.,33.9354838709677
2018,8,2018-08,CAPEX S.A.,878.549032258065
2018,8,2018-08,CHAÑARES ENERGIA S.A.,232.010419354839
2018,8,2018-08,CHEVRON ARGENTINA S.R.L.,971.438709677419
2018,8,2018-08,COLHUE HUAPI S.A.,76.0967741935484
2018,8,2018-08,COMPAÑÍA GENERAL DE COMBUSTIBLES S.A.,553.708613096774
2018,8,2018-08,COMPAÑÍAS ASOCIADAS PETROLERAS S.A.,1941.32258064516
2018,8,2018-08,COPESA CIA CONSTRUCTORA PETROLERA SA,0.980645161290323
2018,8,2018-08,"CRI HOLDING, INC.",7.1
2018,8,2018-08,CROWN POINT ENERGIA S.A.,0
2018,8,2018-08,EDHIPSA,96.9529032258065
2018,8,2018-08,ENAP SIPETROL ARGENTINA S.A.,927.530322580645
2018,8,2018-08,ENERGIA COMPAÑIA PETROLERA S.A.,26.3548387096774
2018,8,2018-08,ENERGICON S.A.,0
2018,8,2018-08,EXXONMOBIL EXPLORATION ARGENTINA S.R.L.,327.582580645161
2018,8,2018-08,FOMICRUZ S.E.,4.89064516129032
2018,8,2018-08,GAS Y PETROLEO DEL NEUQUEN S.A.,0
2018,8,2018-08,GEOPARK ARGENTINA LTD. (SUCURSAL ARGENTINA),237.044516129032
2018,8,2018-08,GRECOIL y CIA. S.R.L.,6.73706451612903
2018,8,2018-08,HIGH LUCK GROUP LTD. - SUCURSAL ARGENTINA,105.47
2018,8,2018-08,INGENIERIA ALPA S.A.,36.3625806451613
2018,8,2018-08,INGENIERIA SIMA S.A.,1.03193548387097
2018,8,2018-08,INTERENERGY ARGENTINA S.A.,118.096774193548
2018,8,2018-08,JEMSE - JUJUY ENERGIA y MINERIA S. E.,32.9487096774194
2018,8,2018-08,KILWER S.A.,0
2018,8,2018-08,MADALENA ENERGY ARGENTINA SRL ,86.6159677419355
2018,8,2018-08,MADALENA PETROLEUM (AMERICAS) LTD. (SUCURSAL ARGENTINA),81.9113870967742
2018,8,2018-08,MEDANITO S.A.,176.309483870968
2018,8,2018-08,O&G DEVELOPMENTS LTD S.A.,624.86
2018,8,2018-08,OIL M&S S.A.,0
2018,8,2018-08,OILSTONE ENERGIA S.A.,188.791935483871
2018,8,2018-08,PAMPA ENERGIA S.A.,18.7445161290323
2018,8,2018-08,PAMPETROL S.A.P.E.M,85.253064516129
2018,8,2018-08,PAN AMERICAN ENERGY (SUCURSAL ARGENTINA) LLC,16030.0593548387
2018,8,2018-08,PETROFARO S.A.,0
2018,8,2018-08,PETROLEOS SUDAMERICANOS S.A.,210.020322580645
2018,8,2018-08,Petrolera Aconcagua Energia S.A.,40.9523870967742
2018,8,2018-08,PETROLERA CERRO NEGRO S.A.,27.8087096774194
2018,8,2018-08,PETROLERA DEL COMAHUE S.A.,2.45967741935484
2018,8,2018-08,PETROLERA EL TREBOL S.A.,435.728612903226
2018,8,2018-08,PETROLERA PAMPA S.A. ,0
2018,8,2018-08,PETROLERA PATAGONIA S.R.L.,8.05290322580645
2018,8,2018-08,PETROLERA PIEDRA DEL AGUILA S.A.,0
2018,8,2018-08,PETROMINERA CHUBUT S.E.,0
2018,8,2018-08,PETROQUIMICA COMODORO RIVADAVIA S.A.,1440.50806451613
2018,8,2018-08,PLUSPETROL ENERGY S.A.,121.657096774194
2018,8,2018-08,PLUSPETROL S.A.,4197.49133674323
2018,8,2018-08,PRESIDENT PETROLEUM S.A.,375.551419354839
2018,8,2018-08,QUINTANA E&P ARGENTINA S.R.L.,24.3774193548387
2018,8,2018-08,ROCH S.A.,626.735197612903
2018,8,2018-08,SAN JORGE PETROLEUM S.A.,132.062838709677
2018,8,2018-08,SELVA MARIA OIL S.A.,0
2018,8,2018-08,"SINOPEC ARGENTINA EXPLORATION AND PRODUCTION, INC.",3337.63774183871
2018,8,2018-08,TECPETROL S.A.,2414.65696774194
2018,8,2018-08,TOTAL AUSTRAL S.A.,1309.13677419355
2018,8,2018-08,UNITEC ENERGY S.A.,0
2018,8,2018-08,Vista Oil & Gas Argentina SA,2244.36625806452
2018,8,2018-08,WINTERSHALL ENERGIA S.A.,224.042193548387
2018,8,2018-08,YPF S.A.,36907.6538709677
2018,9,2018-09,ALIANZA PETROLERA ARGENTINA S.A.,2.32533333333333
2018,9,2018-09,APCO OIL AND GAS INTERNATIONAL INC (SUCURSAL ARGENTINA),76.1346666666667
2018,9,2018-09,ARGENTA ENERGIA S.A.,0
2018,9,2018-09,CAPETROL S.A.,38
2018,9,2018-09,CAPEX S.A.,901.76
2018,9,2018-09,CHAÑARES ENERGIA S.A.,225.7664
2018,9,2018-09,CHEVRON ARGENTINA S.R.L.,946.631666666667
2018,9,2018-09,COLHUE HUAPI S.A.,74
2018,9,2018-09,COMPAÑÍA GENERAL DE COMBUSTIBLES S.A.,542.596096533333
2018,9,2018-09,COMPAÑÍAS ASOCIADAS PETROLERAS S.A.,2000.8
2018,9,2018-09,COPESA CIA CONSTRUCTORA PETROLERA SA,0
2018,9,2018-09,"CRI HOLDING, INC.",8.816
2018,9,2018-09,CROWN POINT ENERGIA S.A.,0
2018,9,2018-09,EDHIPSA,94.244
2018,9,2018-09,ENAP SIPETROL ARGENTINA S.A.,944.299333333333
2018,9,2018-09,ENERGIA COMPAÑIA PETROLERA S.A.,21.8333333333333
2018,9,2018-09,ENERGICON S.A.,0
2018,9,2018-09,EXXONMOBIL EXPLORATION ARGENTINA S.R.L.,232.688333333333
2018,9,2018-09,FOMICRUZ S.E.,8.06166666666667
2018,9,2018-09,GAS Y PETROLEO DEL NEUQUEN S.A.,0
2018,9,2018-09,GEOPARK ARGENTINA LTD. (SUCURSAL ARGENTINA),243.374433333333
2018,9,2018-09,GRECOIL y CIA. S.R.L.,4.92343333333333
2018,9,2018-09,HIGH LUCK GROUP LTD. - SUCURSAL ARGENTINA,97.3903333333333
2018,9,2018-09,INGENIERIA ALPA S.A.,32.049
2018,9,2018-09,INGENIERIA SIMA S.A.,1.15733333333333
2018,9,2018-09,INTERENERGY ARGENTINA S.A.,119.066666666667
2018,9,2018-09,JEMSE - JUJUY ENERGIA y MINERIA S. E.,32.1245
2018,9,2018-09,KILWER S.A.,0
2018,9,2018-09,MADALENA ENERGY ARGENTINA SRL ,84.1183333333333
2018,9,2018-09,MADALENA PETROLEUM (AMERICAS) LTD. (SUCURSAL ARGENTINA),86.7878333333333
2018,9,2018-09,MEDANITO S.A.,188.0704
2018,9,2018-09,O&G DEVELOPMENTS LTD S.A.,696.566666666667
2018,9,2018-09,OIL M&S S.A.,0
2018,9,2018-09,OILSTONE ENERGIA S.A.,194.929666666667
2018,9,2018-09,PAMPA ENERGIA S.A.,17.2163333333333
2018,9,2018-09,PAMPETROL S.A.P.E.M,81.8386666666667
2018,9,2018-09,PAN AMERICAN ENERGY (SUCURSAL ARGENTINA) LLC,16003.044
2018,9,2018-09,PETROFARO S.A.,0
2018,9,2018-09,PETROLEOS SUDAMERICANOS S.A.,197.939666666667
2018,9,2018-09,Petrolera Aconcagua Energia S.A.,54.2656666666667
2018,9,2018-09,PETROLERA CERRO NEGRO S.A.,33.1589666666667
2018,9,2018-09,PETROLERA DEL COMAHUE S.A.,1.633
2018,9,2018-09,PETROLERA EL TREBOL S.A.,390.0702
2018,9,2018-09,PETROLERA PAMPA S.A. ,0
2018,9,2018-09,PETROLERA PATAGONIA S.R.L.,8.366
2018,9,2018-09,PETROLERA PIEDRA DEL AGUILA S.A.,0
2018,9,2018-09,PETROMINERA CHUBUT S.E.,0
2018,9,2018-09,PETROQUIMICA COMODORO RIVADAVIA S.A.,1492.971
2018,9,2018-09,PLUSPETROL ENERGY S.A.,111.503666666667
2018,9,2018-09,PLUSPETROL S.A.,4168.163444675
2018,9,2018-09,PRESIDENT PETROLEUM S.A.,363.277433333333
2018,9,2018-09,QUINTANA E&P ARGENTINA S.R.L.,23.2
2018,9,2018-09,ROCH S.A.,821.187086066667
2018,9,2018-09,SAN JORGE PETROLEUM S.A.,137.466866666667
2018,9,2018-09,SELVA MARIA OIL S.A.,0
2018,9,2018-09,"SINOPEC ARGENTINA EXPLORATION AND PRODUCTION, INC.",3269.5916
2018,9,2018-09,TECPETROL S.A.,2761.47246666667
2018,9,2018-09,TOTAL AUSTRAL S.A.,1368.99966666667
2018,9,2018-09,UNITEC ENERGY S.A.,0
2018,9,2018-09,Vista Oil & Gas Argentina SA,2217.06213333333
2018,9,2018-09,WINTERSHALL ENERGIA S.A.,205.888333333333
2018,9,2018-09,YPF S.A.,37642.515
2018,10,2018-10,ALIANZA PETROLERA ARGENTINA S.A.,5.09548387096774
2018,10,2018-10,APCO OIL AND GAS INTERNATIONAL INC (SUCURSAL ARGENTINA),74.941935483871
2018,10,2018-10,ARGENTA ENERGIA S.A.,0
2018,10,2018-10,CAPETROL S.A.,32.9354838709677
2018,10,2018-10,CAPEX S.A.,914.115483870968
2018,10,2018-10,CHAÑARES ENERGIA S.A.,180.004290322581
2018,10,2018-10,CHEVRON ARGENTINA S.R.L.,906.910967741936
2018,10,2018-10,COLHUE HUAPI S.A.,71.9354838709677
2018,10,2018-10,COMPAÑÍA GENERAL DE COMBUSTIBLES S.A.,530.930920612903
2018,10,2018-10,COMPAÑÍAS ASOCIADAS PETROLERAS S.A.,1980.78419354839
2018,10,2018-10,COPESA CIA CONSTRUCTORA PETROLERA SA,4.66129032258065
2018,10,2018-10,"CRI HOLDING, INC.",3.74096774193548
2018,10,2018-10,CROWN POINT ENERGIA S.A.,0
2018,10,2018-10,EDHIPSA,97.2529032258065
2018,10,2018-10,ENAP SIPETROL ARGENTINA S.A.,867.477741935484
2018,10,2018-10,ENERGIA COMPAÑIA PETROLERA S.A.,20.4838709677419
2018,10,2018-10,ENERGICON S.A.,0
2018,10,2018-10,EXXONMOBIL EXPLORATION ARGENTINA S.R.L.,239.789032258065
2018,10,2018-10,FOMICRUZ S.E.,6.72258064516129
2018,10,2018-10,GAS Y PETROLEO DEL NEUQUEN S.A.,0
2018,10,2018-10,GEOPARK ARGENTINA LTD. (SUCURSAL ARGENTINA),249.159677419355
2018,10,2018-10,GRECOIL y CIA. S.R.L.,2.78596774193548
2018,10,2018-10,HIGH LUCK GROUP LTD. - SUCURSAL ARGENTINA,82.9387096774194
2018,10,2018-10,INGENIERIA ALPA S.A.,35.3974193548387
2018,10,2018-10,INGENIERIA SIMA S.A.,1.35064516129032
2018,10,2018-10,INTEGRACION ENERGETICA ARGENTINA S.A.,0
2018,10,2018-10,INTERENERGY ARGENTINA S.A.,108.354838709677
2018,10,2018-10,JEMSE - JUJUY ENERGIA y MINERIA S. E.,31.3875161290323
2018,10,2018-10,KILWER S.A.,16.4088387096774
2018,10,2018-10,MADALENA ENERGY ARGENTINA SRL ,75.3664516129032
2018,10,2018-10,MADALENA PETROLEUM (AMERICAS) LTD. (SUCURSAL ARGENTINA),91.6784838709677
2018,10,2018-10,MEDANITO S.A.,192.220935483871
2018,10,2018-10,O&G DEVELOPMENTS LTD S.A.,718.774193548387
2018,10,2018-10,OIL M&S S.A.,0
2018,10,2018-10,OILSTONE ENERGIA S.A.,190.063225806452
2018,10,2018-10,PAMPA ENERGIA S.A.,15.0445161290323
2018,10,2018-10,PAMPETROL S.A.P.E.M,93.4993548387097
2018,10,2018-10,PAN AMERICAN ENERGY (SUCURSAL ARGENTINA) LLC,16177.8277419355
2018,10,2018-10,PETROFARO S.A.,-0.00032258064516129
2018,10,2018-10,PETROLEOS SUDAMERICANOS S.A.,193.529677419355
2018,10,2018-10,Petrolera Aconcagua Energia S.A.,55.8654838709677
2018,10,2018-10,PETROLERA CERRO NEGRO S.A.,32.8324838709677
2018,10,2018-10,PETROLERA DEL COMAHUE S.A.,1.36290322580645
2018,10,2018-10,PETROLERA EL TREBOL S.A.,434.322451612903
2018,10,2018-10,PETROLERA PAMPA S.A. ,0
2018,10,2018-10,PETROLERA PATAGONIA S.R.L.,24.1806451612903
2018,10,2018-10,PETROLERA PIEDRA DEL AGUILA S.A.,0
2018,10,2018-10,PETROMINERA CHUBUT S.E.,0
2018,10,2018-10,PETROQUIMICA COMODORO RIVADAVIA S.A.,1427.15225806452
2018,10,2018-10,PLUSPETROL ENERGY S.A.,115.333225806452
2018,10,2018-10,PLUSPETROL S.A.,4205.56761446613
2018,10,2018-10,PRESIDENT PETROLEUM S.A.,359.792161290323
2018,10,2018-10,QUINTANA E&P ARGENTINA S.R.L.,24.2867741935484
2018,10,2018-10,ROCH S.A.,861.804160032258
2018,10,2018-10,SAN JORGE PETROLEUM S.A.,137.601225806452
2018,10,2018-10,SELVA MARIA OIL S.A.,1.84367741935484
2018,10,2018-10,"SINOPEC ARGENTINA EXPLORATION AND PRODUCTION, INC.",3267.44561290323
2018,10,2018-10,TECPETROL S.A.,2649.571
2018,10,2018-10,TOTAL AUSTRAL S.A.,1458.82064516129
2018,10,2018-10,UNITEC ENERGY S.A.,3.10645161290323
2018,10,2018-10,Vista Oil & Gas Argentina SA,2201.94990322581
2018,10,2018-10,WINTERSHALL ENERGIA S.A.,174.632870967742
2018,10,2018-10,YPF S.A.,37559.7916129032
2018,11,2018-11,ALIANZA PETROLERA ARGENTINA S.A.,4.13433333333333
2018,11,2018-11,APCO OIL AND GAS INTERNATIONAL INC (SUCURSAL ARGENTINA),61.9833333333333
2018,11,2018-11,ARGENTA ENERGIA S.A.,0
2018,11,2018-11,CAPETROL S.A.,34.0333333333333
2018,11,2018-11,CAPEX S.A.,900.523333333333
2018,11,2018-11,CHAÑARES ENERGIA S.A.,177.949166666667
2018,11,2018-11,CHEVRON ARGENTINA S.R.L.,891.403666666667
2018,11,2018-11,COLHUE HUAPI S.A.,70.5666666666667
2018,11,2018-11,COMPAÑÍA GENERAL DE COMBUSTIBLES S.A.,688.837256
2018,11,2018-11,COMPAÑÍAS ASOCIADAS PETROLERAS S.A.,2002.95
2018,11,2018-11,COPESA CIA CONSTRUCTORA PETROLERA SA,2.41866666666667
2018,11,2018-11,"CRI HOLDING, INC.",8.69329277405433
2018,11,2018-11,CROWN POINT ENERGIA S.A.,0
2018,11,2018-11,ENAP SIPETROL ARGENTINA S.A.,668.516666666667
2018,11,2018-11,ENERGIA COMPAÑIA PETROLERA S.A.,24.1333333333333
2018,11,2018-11,ENERGICON S.A.,0
2018,11,2018-11,EXXONMOBIL EXPLORATION ARGENTINA S.R.L.,332.083333333333
2018,11,2018-11,FOMICRUZ S.E.,8.89466666666667
2018,11,2018-11,GEOPARK ARGENTINA LTD. (SUCURSAL ARGENTINA),252.135
2018,11,2018-11,GRECOIL y CIA. S.R.L.,5.0083
2018,11,2018-11,HIGH LUCK GROUP LTD. - SUCURSAL ARGENTINA,81.7283333333333
2018,11,2018-11,INGENIERIA ALPA S.A.,31.602
2018,11,2018-11,INGENIERIA SIMA S.A.,1.42033333333333
2018,11,2018-11,INTEGRACION ENERGETICA ARGENTINA S.A.,0
2018,11,2018-11,INTERENERGY ARGENTINA S.A.,107.533333333333
2018,11,2018-11,JEMSE - JUJUY ENERGIA y MINERIA S. E.,32.9663333333333
2018,11,2018-11,KILWER S.A.,0
2018,11,2018-11,MADALENA ENERGY ARGENTINA SRL ,68.9316
2018,11,2018-11,MADALENA PETROLEUM (AMERICAS) LTD. (SUCURSAL ARGENTINA),92.7984666666667
2018,11,2018-11,MEDANITO S.A.,192.723733333333
2018,11,2018-11,O&G DEVELOPMENTS LTD S.A.,748.519333333333
2018,11,2018-11,OIL M&S S.A.,0
2018,11,2018-11,OILSTONE ENERGIA S.A.,200.677666666667
2018,11,2018-11,PAMPA ENERGIA S.A.,12.762
2018,11,2018-11,PAMPETROL S.A.P.E.M,88.2483333333333
2018,11,2018-11,PAN AMERICAN ENERGY (SUCURSAL ARGENTINA) LLC,16550.9346666667
2018,11,2018-11,PETROFARO S.A.,0.77
2018,11,2018-11,PETROLEOS SUDAMERICANOS S.A.,194.429666666667
2018,11,2018-11,Petrolera Aconcagua Energia S.A.,158.518333333333
2018,11,2018-11,PETROLERA CERRO NEGRO S.A.,16.0590333333333
2018,11,2018-11,PETROLERA DEL COMAHUE S.A.,1.299
2018,11,2018-11,PETROLERA EL TREBOL S.A.,424.202233333333
2018,11,2018-11,PETROLERA PAMPA S.A. ,0
2018,11,2018-11,PETROLERA PATAGONIA S.R.L.,4.005
2018,11,2018-11,PETROLERA PIEDRA DEL AGUILA S.A.,0
2018,11,2018-11,PETROMINERA CHUBUT S.E.,0
2018,11,2018-11,PETROQUIMICA COMODORO RIVADAVIA S.A.,1483.722
2018,11,2018-11,PLUSPETROL ENERGY S.A.,111.768
2018,11,2018-11,PLUSPETROL S.A.,4220.22483390667
2018,11,2018-11,PRESIDENT PETROLEUM S.A.,355.004433333333
2018,11,2018-11,QUINTANA E&P ARGENTINA S.R.L.,22.5633333333333
2018,11,2018-11,ROCH S.A.,885.3024411
2018,11,2018-11,SAN JORGE PETROLEUM S.A.,134.328133333333
2018,11,2018-11,SELVA MARIA OIL S.A.,11.429
2018,11,2018-11,"SINOPEC ARGENTINA EXPLORATION AND PRODUCTION, INC.",3217.1285
2018,11,2018-11,TECPETROL S.A.,2621.90466666667
2018,11,2018-11,TOTAL AUSTRAL S.A.,1087.52966666667
2018,11,2018-11,Vista Oil & Gas Argentina SA,2206.75296666667
2018,11,2018-11,WINTERSHALL ENERGIA S.A.,159.863
2018,11,2018-11,YPF S.A.,37204.5276666667
2018,12,2018-12,ALIANZA PETROLERA ARGENTINA S.A.,3.38322580645161
2018,12,2018-12,APCO OIL AND GAS INTERNATIONAL INC (SUCURSAL ARGENTINA),72.87
2018,12,2018-12,ARGENTA ENERGIA S.A.,0
2018,12,2018-12,CAPETROL S.A.,35.4193548387097
2018,12,2018-12,CAPEX S.A.,895.660322580645
2018,12,2018-12,CHAÑARES ENERGIA S.A.,180.392709677419
2018,12,2018-12,CHEVRON ARGENTINA S.R.L.,898.096774193548
2018,12,2018-12,COLHUE HUAPI S.A.,68.8774193548387
2018,12,2018-12,COMPAÑÍA GENERAL DE COMBUSTIBLES S.A.,752.086959645161
2018,12,2018-12,COMPAÑÍAS ASOCIADAS PETROLERAS S.A.,2009.90322580645
2018,12,2018-12,COPESA CIA CONSTRUCTORA PETROLERA SA,0.584838709677419
2018,12,2018-12,"CRI HOLDING, INC.",8.17129032258065
2018,12,2018-12,CROWN POINT ENERGIA S.A.,0
2018,12,2018-12,ENAP SIPETROL ARGENTINA S.A.,741.192580645161
2018,12,2018-12,ENERGIA COMPAÑIA PETROLERA S.A.,27.5483870967742
2018,12,2018-12,ENERGICON S.A.,0
2018,12,2018-12,EXXONMOBIL EXPLORATION ARGENTINA S.R.L.,245.331290322581
2018,12,2018-12,FOMICRUZ S.E.,9.5458064516129
2018,12,2018-12,GEOPARK ARGENTINA LTD. (SUCURSAL ARGENTINA),259.910548387097
2018,12,2018-12,GRECOIL y CIA. S.R.L.,3.35087096774194
2018,12,2018-12,HIGH LUCK GROUP LTD. - SUCURSAL ARGENTINA,2.659
2018,12,2018-12,INGENIERIA ALPA S.A.,36.0329032258065
2018,12,2018-12,INGENIERIA SIMA S.A.,1.00161290322581
2018,12,2018-12,INTEGRACION ENERGETICA ARGENTINA S.A.,0
2018,12,2018-12,INTERENERGY ARGENTINA S.A.,104.58064516129
2018,12,2018-12,JEMSE - JUJUY ENERGIA y MINERIA S. E.,29.6253225806452
2018,12,2018-12,KILWER S.A.,0
2018,12,2018-12,MADALENA ENERGY ARGENTINA SRL ,170.277806451613
2018,12,2018-12,MADALENA PETROLEUM (AMERICAS) LTD. (SUCURSAL ARGENTINA),85.9609032258064
2018,12,2018-12,MEDANITO S.A.,182.438806451613
2018,12,2018-12,O&G DEVELOPMENTS LTD S.A.,720.073870967742
2018,12,2018-12,OIL M&S S.A.,0
2018,12,2018-12,OILSTONE ENERGIA S.A.,222.71
2018,12,2018-12,PAMPA ENERGIA S.A.,11.198064516129
2018,12,2018-12,PAMPETROL S.A.P.E.M,93.1712903225806
2018,12,2018-12,PAN AMERICAN ENERGY (SUCURSAL ARGENTINA) LLC,16639.6070967742
2018,12,2018-12,PETROFARO S.A.,1.54129032258065
2018,12,2018-12,PETROLEOS SUDAMERICANOS S.A.,197.450322580645
2018,12,2018-12,Petrolera Aconcagua Energia S.A.,165.282903225806
2018,12,2018-12,PETROLERA CERRO NEGRO S.A.,13.8287419354839
2018,12,2018-12,PETROLERA DEL COMAHUE S.A.,1.17290322580645
2018,12,2018-12,PETROLERA EL TREBOL S.A.,419.848967741935
2018,12,2018-12,PETROLERA PAMPA S.A. ,0
2018,12,2018-12,PETROLERA PATAGONIA S.R.L.,4.93774193548387
2018,12,2018-12,PETROLERA PIEDRA DEL AGUILA S.A.,0
2018,12,2018-12,PETROMINERA CHUBUT S.E.,0
2018,12,2018-12,PETROQUIMICA COMODORO RIVADAVIA S.A.,1454.48709677419
2018,12,2018-12,PLUSPETROL ENERGY S.A.,111.307096774194
2018,12,2018-12,PLUSPETROL S.A.,4187.25896484742
2018,12,2018-12,PRESIDENT PETROLEUM S.A.,396.369516129032
2018,12,2018-12,QUINTANA E&P ARGENTINA S.R.L.,22.7967741935484
2018,12,2018-12,ROCH S.A.,889.048963612903
2018,12,2018-12,SAN JORGE PETROLEUM S.A.,133.035322580645
2018,12,2018-12,SELVA MARIA OIL S.A.,23.3129032258065
2018,12,2018-12,"SINOPEC ARGENTINA EXPLORATION AND PRODUCTION, INC.",3198.80174183871
2018,12,2018-12,TECPETROL S.A.,2417.54809677419
2018,12,2018-12,TOTAL AUSTRAL S.A.,1434.62225806452
2018,12,2018-12,Vista Oil & Gas Argentina SA,2193.87412903226
2018,12,2018-12,WINTERSHALL ENERGIA S.A.,116.928064516129
2018,12,2018-12,YPF S.A.,37401.8693548387
2019,1,2019-01,ALIANZA PETROLERA ARGENTINA S.A.,2.18161290322581
2019,1,2019-01,APCO OIL AND GAS INTERNATIONAL INC (SUCURSAL ARGENTINA),64.7061290322581
2019,1,2019-01,ARGENTA ENERGIA S.A.,0
2019,1,2019-01,CAPETROL S.A.,34.2474516129032
2019,1,2019-01,CAPEX S.A.,985.16
2019,1,2019-01,CHAÑARES ENERGIA S.A.,174.928258064516
2019,1,2019-01,CHEVRON ARGENTINA S.R.L.,882.530322580645
2019,1,2019-01,COLHUE HUAPI S.A.,69.4516129032258
2019,1,2019-01,COMPAÑÍA GENERAL DE COMBUSTIBLES S.A.,665.668746322581
2019,1,2019-01,COMPAÑÍAS ASOCIADAS PETROLERAS S.A.,1975.03225806452
2019,1,2019-01,COPESA CIA CONSTRUCTORA PETROLERA SA,0.766129032258065
2019,1,2019-01,"CRI HOLDING, INC.",2.62096774193548
2019,1,2019-01,CROWN POINT ENERGIA S.A.,0
2019,1,2019-01,ENAP SIPETROL ARGENTINA S.A.,795.552580645161
2019,1,2019-01,ENERGIA COMPAÑIA PETROLERA S.A.,27.6451612903226
2019,1,2019-01,ENERGICON S.A.,0
2019,1,2019-01,EXXONMOBIL EXPLORATION ARGENTINA S.R.L.,232.746774193548
2019,1,2019-01,FOMICRUZ S.E.,9.51225806451613
2019,1,2019-01,GEOPARK ARGENTINA LTD. (SUCURSAL ARGENTINA),273.570096774194
2019,1,2019-01,GRECOIL y CIA. S.R.L.,2.88361290322581
2019,1,2019-01,HATTRICK ENERGY SAS,1.03225806451613
2019,1,2019-01,HIGH LUCK GROUP LTD. - SUCURSAL ARGENTINA,70.2307096774194
2019,1,2019-01,INGENIERIA ALPA S.A.,34.9109677419355
2019,1,2019-01,INGENIERIA SIMA S.A.,1.56483870967742
2019,1,2019-01,INTEGRACION ENERGETICA ARGENTINA S.A.,0
2019,1,2019-01,INTERENERGY ARGENTINA S.A.,106.096774193548
2019,1,2019-01,JEMSE - JUJUY ENERGIA y MINERIA S. E.,31.3601612903226
2019,1,2019-01,KILWER S.A.,0
2019,1,2019-01,MADALENA ENERGY ARGENTINA SRL ,165.80935483871
2019,1,2019-01,MADALENA PETROLEUM (AMERICAS) LTD. (SUCURSAL ARGENTINA),84.9791935483871
2019,1,2019-01,MEDANITO S.A.,183.493709677419
2019,1,2019-01,O&G DEVELOPMENTS LTD S.A.,723.014516129032
2019,1,2019-01,OIL M&S S.A.,0
2019,1,2019-01,OILSTONE ENERGIA S.A.,249.700322580645
2019,1,2019-01,PAMPA ENERGIA S.A.,11.0529032258065
2019,1,2019-01,PAMPETROL S.A.P.E.M,109.576129032258
2019,1,2019-01,PAN AMERICAN ENERGY (SUCURSAL ARGENTINA) LLC,16464.1661290323
2019,1,2019-01,PETROFARO S.A.,0
2019,1,2019-01,PETROLEOS SUDAMERICANOS S.A.,453.182903225806
2019,1,2019-01,Petrolera Aconcagua Energia S.A.,142.384193548387
2019,1,2019-01,PETROLERA CERRO NEGRO S.A.,8.25806451612903
2019,1,2019-01,PETROLERA DEL COMAHUE S.A.,0.920322580645161
2019,1,2019-01,PETROLERA EL TREBOL S.A.,415.384709677419
2019,1,2019-01,PETROLERA PAMPA S.A. ,0
2019,1,2019-01,PETROLERA PATAGONIA S.R.L.,0.663548387096774
2019,1,2019-01,PETROLERA PIEDRA DEL AGUILA S.A.,0
2019,1,2019-01,PETROMINERA CHUBUT S.E.,0
2019,1,2019-01,PETROQUIMICA COMODORO RIVADAVIA S.A.,1466.88
2019,1,2019-01,PLUSPETROL ENERGY S.A.,104.963548387097
2019,1,2019-01,PLUSPETROL S.A.,4126.34287714258
2019,1,2019-01,PRESIDENT PETROLEUM S.A.,448.173096774194
2019,1,2019-01,QUINTANA E&P ARGENTINA S.R.L.,23.6129032258065
2019,1,2019-01,ROCH S.A.,875.159435032258
2019,1,2019-01,SAN JORGE PETROLEUM S.A.,130.234677419355
2019,1,2019-01,SELVA MARIA OIL S.A.,4.74
2019,1,2019-01,"SINOPEC ARGENTINA EXPLORATION AND PRODUCTION, INC.",3193.31832258065
2019,1,2019-01,TECPETROL S.A.,2464.51896774194
2019,1,2019-01,TOTAL AUSTRAL S.A.,1601.32758064516
2019,1,2019-01,Vista Oil & Gas Argentina SA,2148.31051612903
2019,1,2019-01,WINTERSHALL ENERGIA S.A.,101.624838709677
2019,1,2019-01,YPF S.A.,37483.5135483871
2019,2,2019-02,ALIANZA PETROLERA ARGENTINA S.A.,2.38857142857143
2019,2,2019-02,APCO OIL AND GAS INTERNATIONAL INC (SUCURSAL ARGENTINA),50.6685714285714
2019,2,2019-02,ARGENTA ENERGIA S.A.,0
2019,2,2019-02,CAPETROL S.A.,36.3507142857143
2019,2,2019-02,CAPEX S.A.,1006.88321428571
2019,2,2019-02,CHAÑARES ENERGIA S.A.,190.95075
2019,2,2019-02,CHEVRON ARGENTINA S.R.L.,852.446071428571
2019,2,2019-02,COLHUE HUAPI S.A.,68.1785714285714
2019,2,2019-02,COMPAÑÍA GENERAL DE COMBUSTIBLES S.A.,563.367476107143
2019,2,2019-02,COMPAÑÍAS ASOCIADAS PETROLERAS S.A.,2060.78571428571
2019,2,2019-02,COPESA CIA CONSTRUCTORA PETROLERA SA,0
2019,2,2019-02,"CRI HOLDING, INC.",4.57285714285714
2019,2,2019-02,CROWN POINT ENERGIA S.A.,0
2019,2,2019-02,ENAP SIPETROL ARGENTINA S.A.,815.641785714286
2019,2,2019-02,ENERGIA COMPAÑIA PETROLERA S.A.,27.1071428571429
2019,2,2019-02,ENERGICON S.A.,0
2019,2,2019-02,EXXONMOBIL EXPLORATION ARGENTINA S.R.L.,205.319285714286
2019,2,2019-02,FOMICRUZ S.E.,11.7428571428571
2019,2,2019-02,GEOPARK ARGENTINA LTD. (SUCURSAL ARGENTINA),271.347321428571
2019,2,2019-02,GRECOIL y CIA. S.R.L.,3.21042857142857
2019,2,2019-02,HATTRICK ENERGY SAS,19.74
2019,2,2019-02,HIGH LUCK GROUP LTD. - SUCURSAL ARGENTINA,206.303678571429
2019,2,2019-02,INGENIERIA ALPA S.A.,32.0592857142857
2019,2,2019-02,INGENIERIA SIMA S.A.,1.29964285714286
2019,2,2019-02,INTEGRACION ENERGETICA ARGENTINA S.A.,0
2019,2,2019-02,INTERENERGY ARGENTINA S.A.,107.285714285714
2019,2,2019-02,JEMSE - JUJUY ENERGIA y MINERIA S. E.,29.166
2019,2,2019-02,KILWER S.A.,0
2019,2,2019-02,MADALENA ENERGY ARGENTINA SRL ,140.329642857143
2019,2,2019-02,MADALENA PETROLEUM (AMERICAS) LTD. (SUCURSAL ARGENTINA),78.95275
2019,2,2019-02,MEDANITO S.A.,180.235285714286
2019,2,2019-02,O&G DEVELOPMENTS LTD S.A.,646.474285714286
2019,2,2019-02,OIL M&S S.A.,0
2019,2,2019-02,OILSTONE ENERGIA S.A.,258.219642857143
2019,2,2019-02,PAMPA ENERGIA S.A.,9.27428571428571
2019,2,2019-02,PAMPETROL S.A.P.E.M,110.451071428571
2019,2,2019-02,PAN AMERICAN ENERGY SL,16669.2628571429
2019,2,2019-02,PETROFARO S.A.,1.80107142857143
2019,2,2019-02,PETROLEOS SUDAMERICANOS S.A.,462.884285714286
2019,2,2019-02,Petrolera Aconcagua Energia S.A.,143.628214285714
2019,2,2019-02,PETROLERA DEL COMAHUE S.A.,0.916428571428571
2019,2,2019-02,PETROLERA EL TREBOL S.A.,423.489285714286
2019,2,2019-02,PETROLERA PAMPA S.A. ,0
2019,2,2019-02,PETROLERA PATAGONIA S.R.L.,1.78571428571429
2019,2,2019-02,PETROLERA PIEDRA DEL AGUILA S.A.,0
2019,2,2019-02,PETROLERA SAN MIGUEL S.A.,0
2019,2,2019-02,PETROMINERA CHUBUT S.E.,0
2019,2,2019-02,PETROQUIMICA COMODORO RIVADAVIA S.A.,1589.18571428571
2019,2,2019-02,PLUSPETROL ENERGY S.A.,102.514642857143
2019,2,2019-02,PLUSPETROL S.A.,4056.96253150357
2019,2,2019-02,PRESIDENT PETROLEUM S.A.,415.818071428571
2019,2,2019-02,QUINTANA E&P ARGENTINA S.R.L.,22.2857142857143
2019,2,2019-02,ROCH S.A.,886.314206142857
2019,2,2019-02,SAN JORGE PETROLEUM S.A.,113.17475
2019,2,2019-02,SELVA MARIA OIL S.A.,7.23607142857143
2019,2,2019-02,"SINOPEC ARGENTINA EXPLORATION AND PRODUCTION, INC.",3150.42771428571
2019,2,2019-02,TECPETROL S.A.,2333.62196428571
2019,2,2019-02,TOTAL AUSTRAL S.A.,1371.86635714286
2019,2,2019-02,Vista Oil & Gas Argentina SA,2185.67257142857
2019,2,2019-02,WINTERSHALL ENERGIA S.A.,85.6921428571429
2019,2,2019-02,YPF S.A.,37740.2907142857
2019,3,2019-03,ALIANZA PETROLERA ARGENTINA S.A.,2.32032258064516
2019,3,2019-03,APCO OIL AND GAS INTERNATIONAL INC (SUCURSAL ARGENTINA),63.9635483870968
2019,3,2019-03,ARGENTA ENERGIA S.A.,0
2019,3,2019-03,CAPETROL S.A.,31.5593548387097
2019,3,2019-03,CAPEX S.A.,1022.62129032258
2019,3,2019-03,CHAÑARES ENERGIA S.A.,196.358774193548
2019,3,2019-03,CHEVRON ARGENTINA S.R.L.,865.131290322581
2019,3,2019-03,COLHUE HUAPI S.A.,66.258064516129
2019,3,2019-03,COMPAÑÍA GENERAL DE COMBUSTIBLES S.A.,579.218304225806
2019,3,2019-03,COMPAÑÍAS ASOCIADAS PETROLERAS S.A.,2084.16129032258
2019,3,2019-03,COPESA CIA CONSTRUCTORA PETROLERA SA,0
2019,3,2019-03,"CRI HOLDING, INC.",5.85483870967742
2019,3,2019-03,CROWN POINT ENERGIA S.A.,0
2019,3,2019-03,ENAP SIPETROL ARGENTINA S.A.,873.052580645161
2019,3,2019-03,ENERGIA COMPAÑIA PETROLERA S.A.,26.8709677419355
2019,3,2019-03,ENERGICON S.A.,0
2019,3,2019-03,EXXONMOBIL EXPLORATION ARGENTINA S.R.L.,195.138387096774
2019,3,2019-03,FOMICRUZ S.E.,5.81290322580645
2019,3,2019-03,GEOPARK ARGENTINA LTD. (SUCURSAL ARGENTINA),253.784709677419
2019,3,2019-03,GRECOIL y CIA. S.R.L.,4.01041935483871
2019,3,2019-03,HATTRICK ENERGY SAS,15.8537096774194
2019,3,2019-03,HIGH LUCK GROUP LTD. - SUCURSAL ARGENTINA,164.553709677419
2019,3,2019-03,INGENIERIA ALPA S.A.,32.5903225806452
2019,3,2019-03,INGENIERIA SIMA S.A.,1.31548387096774
2019,3,2019-03,INTEGRACION ENERGETICA ARGENTINA S.A.,0
2019,3,2019-03,INTERENERGY ARGENTINA S.A.,102.129032258065
2019,3,2019-03,JEMSE - JUJUY ENERGIA y MINERIA S. E.,30.4037741935484
2019,3,2019-03,KILWER S.A.,0
2019,3,2019-03,MADALENA ENERGY ARGENTINA SRL ,167.902258064516
2019,3,2019-03,MADALENA PETROLEUM (AMERICAS) LTD. (SUCURSAL ARGENTINA),82.4148387096774
2019,3,2019-03,MEDANITO S.A.,179.120419354839
2019,3,2019-03,O&G DEVELOPMENTS LTD S.A.,555.506129032258
2019,3,2019-03,OIL M&S S.A.,0
2019,3,2019-03,OILSTONE ENERGIA S.A.,248.603548387097
2019,3,2019-03,PAMPA ENERGIA S.A.,14.7425806451613
2019,3,2019-03,PAMPETROL S.A.P.E.M,100.582258064516
2019,3,2019-03,PAN AMERICAN ENERGY SL,16671.6016129032
2019,3,2019-03,PETROFARO S.A.,1.28870967741935
2019,3,2019-03,PETROLEOS SUDAMERICANOS S.A.,487.567419354839
2019,3,2019-03,Petrolera Aconcagua Energia S.A.,134.427419354839
2019,3,2019-03,PETROLERA DEL COMAHUE S.A.,0.801290322580645
2019,3,2019-03,PETROLERA EL TREBOL S.A.,403.539387096774
2019,3,2019-03,PETROLERA PAMPA S.A. ,0
2019,3,2019-03,PETROLERA PATAGONIA S.R.L.,4.83870967741935
2019,3,2019-03,PETROLERA PIEDRA DEL AGUILA S.A.,0
2019,3,2019-03,PETROLERA SAN MIGUEL S.A.,0
2019,3,2019-03,PETROMINERA CHUBUT S.E.,0
2019,3,2019-03,PETROQUIMICA COMODORO RIVADAVIA S.A.,1673.21967741935
2019,3,2019-03,PLUSPETROL ENERGY S.A.,100.238064516129
2019,3,2019-03,PLUSPETROL S.A.,4226.58948402903
2019,3,2019-03,PRESIDENT PETROLEUM S.A.,406.011416129032
2019,3,2019-03,QUINTANA E&P ARGENTINA S.R.L.,22.7129032258065
2019,3,2019-03,ROCH S.A.,887.88659216129
2019,3,2019-03,SAN JORGE PETROLEUM S.A.,124.848096774194
2019,3,2019-03,SELVA MARIA OIL S.A.,3.10129032258064
2019,3,2019-03,"SINOPEC ARGENTINA EXPLORATION AND PRODUCTION, INC.",3125.32435483871
2019,3,2019-03,TECPETROL S.A.,2293.55774193548
2019,3,2019-03,TOTAL AUSTRAL S.A.,1307.14283870968
2019,3,2019-03,Vista Oil & Gas Argentina SA,2478.31964516129
2019,3,2019-03,WINTERSHALL ENERGIA S.A.,57.9041935483871
2019,3,2019-03,YPF S.A.,37513.235483871
2019,4,2019-04,ALIANZA PETROLERA ARGENTINA S.A.,2.077
2019,4,2019-04,APCO OIL AND GAS INTERNATIONAL INC (SUCURSAL ARGENTINA),68.8043333333333
2019,4,2019-04,ARGENTA ENERGIA S.A.,0
2019,4,2019-04,CAPETROL S.A.,32.1116666666667
2019,4,2019-04,CAPEX S.A.,1048.33333333333
2019,4,2019-04,CHAÑARES ENERGIA S.A.,179.536866666667
2019,4,2019-04,CHEVRON ARGENTINA S.R.L.,877.698333333333
2019,4,2019-04,COLHUE HUAPI S.A.,63.3666666666667
2019,4,2019-04,COMPAÑÍA GENERAL DE COMBUSTIBLES S.A.,599.396778733333
2019,4,2019-04,COMPAÑÍAS ASOCIADAS PETROLERAS S.A.,2063.23333333333
2019,4,2019-04,COPESA CIA CONSTRUCTORA PETROLERA SA,1.27
2019,4,2019-04,"CRI HOLDING, INC.",7.954
2019,4,2019-04,CROWN POINT ENERGIA S.A.,0
2019,4,2019-04,ENAP SIPETROL ARGENTINA S.A.,932.484333333333
2019,4,2019-04,ENERGIA COMPAÑIA PETROLERA S.A.,27
2019,4,2019-04,ENERGICON S.A.,0
2019,4,2019-04,EXXONMOBIL EXPLORATION ARGENTINA S.R.L.,176.351333333333
2019,4,2019-04,FOMICRUZ S.E.,9.867
2019,4,2019-04,GEOPARK ARGENTINA LTD. (SUCURSAL ARGENTINA),252.227
2019,4,2019-04,GRECOIL y CIA. S.R.L.,4.8897
2019,4,2019-04,HATTRICK ENERGY SAS,13.2603333333333
2019,4,2019-04,HIGH LUCK GROUP LTD. - SUCURSAL ARGENTINA,0
2019,4,2019-04,INGENIERIA ALPA S.A.,36.177
2019,4,2019-04,INGENIERIA SIMA S.A.,1.32666666666667
2019,4,2019-04,INTEGRACION ENERGETICA ARGENTINA S.A.,0
2019,4,2019-04,INTERENERGY ARGENTINA S.A.,98.1666666666667
2019,4,2019-04,JEMSE - JUJUY ENERGIA y MINERIA S. E.,30.8846666666667
2019,4,2019-04,KILWER S.A.,0
2019,4,2019-04,MADALENA ENERGY ARGENTINA SRL ,170.767
2019,4,2019-04,MADALENA PETROLEUM (AMERICAS) LTD. (SUCURSAL ARGENTINA),78.8908
2019,4,2019-04,MEDANITO S.A.,180.8329
2019,4,2019-04,OIL M&S S.A.,0
2019,4,2019-04,OILSTONE ENERGIA S.A.,244.810333333333
2019,4,2019-04,PAMPA ENERGIA S.A.,12.7276666666667
2019,4,2019-04,PAMPETROL S.A.P.E.M,85.706
2019,4,2019-04,PAN AMERICAN ENERGY SL,16772.879
2019,4,2019-04,PETROFARO S.A.,4.10066666666667
2019,4,2019-04,PETROLEOS SUDAMERICANOS S.A.,495.691333333333
2019,4,2019-04,Petrolera Aconcagua Energia S.A.,129.505333333333
2019,4,2019-04,PETROLERA DEL COMAHUE S.A.,0.631333333333333
2019,4,2019-04,PETROLERA EL TREBOL S.A.,394.4379
2019,4,2019-04,PETROLERA PAMPA S.A. ,0
2019,4,2019-04,PETROLERA PATAGONIA S.R.L.,5.33333333333333
2019,4,2019-04,PETROLERA PIEDRA DEL AGUILA S.A.,0
2019,4,2019-04,PETROLERA SAN MIGUEL S.A.,0
2019,4,2019-04,PETROMINERA CHUBUT S.E.,0
2019,4,2019-04,PETROQUIMICA COMODORO RIVADAVIA S.A.,1683.66833333333
2019,4,2019-04,PLUSPETROL ENERGY S.A.,96.669
2019,4,2019-04,PLUSPETROL S.A.,4135.722685562
2019,4,2019-04,PRESIDENT PETROLEUM S.A.,369.365533333333
2019,4,2019-04,QUINTANA E&P ARGENTINA S.R.L.,20.8333333333333
2019,4,2019-04,ROCH S.A.,900.1489875
2019,4,2019-04,SAN JORGE PETROLEUM S.A.,130.256966666667
2019,4,2019-04,SELVA MARIA OIL S.A.,2.18183333333333
2019,4,2019-04,SHELL ARGENTINA S.A.,704.338
2019,4,2019-04,"SINOPEC ARGENTINA EXPLORATION AND PRODUCTION, INC.",3125.20993333333
2019,4,2019-04,TECPETROL S.A.,2240.7422
2019,4,2019-04,TOTAL AUSTRAL S.A.,1431.222
2019,4,2019-04,Vista Oil & Gas Argentina SA,3035.595
2019,4,2019-04,WINTERSHALL ENERGIA S.A.,76.7386666666667
2019,4,2019-04,YPF S.A.,37662.888
2019,5,2019-05,ALIANZA PETROLERA ARGENTINA S.A.,2.03741935483871
2019,5,2019-05,APCO OIL AND GAS INTERNATIONAL INC (SUCURSAL ARGENTINA),69.0338709677419
2019,5,2019-05,ARGENTA ENERGIA S.A.,0
2019,5,2019-05,CAPETROL S.A.,27.1935483870968
2019,5,2019-05,CAPEX S.A.,1077.49741935484
2019,5,2019-05,CHAÑARES ENERGIA S.A.,174.038612903226
2019,5,2019-05,CHEVRON ARGENTINA S.R.L.,872.183225806452
2019,5,2019-05,COLHUE HUAPI S.A.,63.6774193548387
2019,5,2019-05,COMPAÑÍA GENERAL DE COMBUSTIBLES S.A.,601.773997387097
2019,5,2019-05,COMPAÑÍAS ASOCIADAS PETROLERAS S.A.,2070.94
2019,5,2019-05,COPESA CIA CONSTRUCTORA PETROLERA SA,0.651612903225806
2019,5,2019-05,"CRI HOLDING, INC.",7.0141935483871
2019,5,2019-05,CROWN POINT ENERGIA S.A.,0
2019,5,2019-05,ENAP SIPETROL ARGENTINA S.A.,951.62
2019,5,2019-05,ENERGIA COMPAÑIA PETROLERA S.A.,26.9677419354839
2019,5,2019-05,ENERGICON S.A.,0
2019,5,2019-05,EXXONMOBIL EXPLORATION ARGENTINA S.R.L.,188.918387096774
2019,5,2019-05,FOMICRUZ S.E.,9.48677419354839
2019,5,2019-05,GEOPARK ARGENTINA LTD. (SUCURSAL ARGENTINA),257.122903225806
2019,5,2019-05,GRECOIL y CIA. S.R.L.,2.29106451612903
2019,5,2019-05,HATTRICK ENERGY SAS,15.1467741935484
2019,5,2019-05,HIGH LUCK GROUP LTD. - SUCURSAL ARGENTINA,0
2019,5,2019-05,INGENIERIA ALPA S.A.,33.0161290322581
2019,5,2019-05,INGENIERIA SIMA S.A.,1.32483870967742
2019,5,2019-05,INTEGRACION ENERGETICA ARGENTINA S.A.,0
2019,5,2019-05,INTERENERGY ARGENTINA S.A.,95
2019,5,2019-05,JEMSE - JUJUY ENERGIA y MINERIA S. E.,30.0767419354839
2019,5,2019-05,KILWER S.A.,0
2019,5,2019-05,MADALENA ENERGY ARGENTINA SRL ,142.761935483871
2019,5,2019-05,MADALENA PETROLEUM (AMERICAS) LTD. (SUCURSAL ARGENTINA),79.7742258064516
2019,5,2019-05,MEDANITO S.A.,176.816580645161
2019,5,2019-05,OIL M&S S.A.,0
2019,5,2019-05,OILSTONE ENERGIA S.A.,245.316774193548
2019,5,2019-05,PAMPA ENERGIA S.A.,15.5661290322581
2019,5,2019-05,PAMPETROL S.A.P.E.M,102.831935483871
2019,5,2019-05,PAN AMERICAN ENERGY SL,16598.4532258065
2019,5,2019-05,PETROFARO S.A.,9.57935483870968
2019,5,2019-05,PETROLEOS SUDAMERICANOS S.A.,493.05064516129
2019,5,2019-05,Petrolera Aconcagua Energia S.A.,131.455806451613
2019,5,2019-05,PETROLERA DEL COMAHUE S.A.,0.540645161290323
2019,5,2019-05,PETROLERA EL TREBOL S.A.,402.220838709677
2019,5,2019-05,PETROLERA PAMPA S.A. ,0
2019,5,2019-05,PETROLERA PATAGONIA S.R.L.,5.58064516129032
2019,5,2019-05,PETROLERA PIEDRA DEL AGUILA S.A.,0
2019,5,2019-05,PETROLERA SAN MIGUEL S.A.,0
2019,5,2019-05,PETROMINERA CHUBUT S.E.,0
2019,5,2019-05,PETROQUIMICA COMODORO RIVADAVIA S.A.,1725.34129032258
2019,5,2019-05,PLUSPETROL ENERGY S.A.,99.4425806451613
2019,5,2019-05,PLUSPETROL S.A.,4182.26959907355
2019,5,2019-05,PRESIDENT PETROLEUM S.A.,313.754
2019,5,2019-05,QUINTANA E&P ARGENTINA S.R.L.,20.6
2019,5,2019-05,ROCH S.A.,880.748449516129
2019,5,2019-05,SAN JORGE PETROLEUM S.A.,131.611741935484
2019,5,2019-05,SELVA MARIA OIL S.A.,1.57032258064516
2019,5,2019-05,SHELL ARGENTINA S.A.,844.935161290323
2019,5,2019-05,"SINOPEC ARGENTINA EXPLORATION AND PRODUCTION, INC.",3060.49893548387
2019,5,2019-05,TECPETROL S.A.,2273.68603225806
2019,5,2019-05,TOTAL AUSTRAL S.A.,1506.4135483871
2019,5,2019-05,Vista Oil & Gas Argentina SA,2822.97296774194
2019,5,2019-05,WINTERSHALL ENERGIA S.A.,66.7496774193548
2019,5,2019-05,YPF S.A.,37551.3341935484
2019,6,2019-06,ALIANZA PETROLERA ARGENTINA S.A.,1.74866666666667
2019,6,2019-06,APCO OIL AND GAS INTERNATIONAL INC (SUCURSAL ARGENTINA),72.6116666666667
2019,6,2019-06,ARGENTA ENERGIA S.A.,0
2019,6,2019-06,CAPETROL S.A.,27.4666666666667
2019,6,2019-06,CAPEX S.A.,1080.52466666667
2019,6,2019-06,CHAÑARES ENERGIA S.A.,181.715166666667
2019,6,2019-06,CHEVRON ARGENTINA S.R.L.,822.457666666667
2019,6,2019-06,COLHUE HUAPI S.A.,66
2019,6,2019-06,COMPAÑÍA GENERAL DE COMBUSTIBLES S.A.,572.3276409
2019,6,2019-06,COMPAÑÍAS ASOCIADAS PETROLERAS S.A.,1963.86666666667
2019,6,2019-06,COPESA CIA CONSTRUCTORA PETROLERA SA,0
2019,6,2019-06,"CRI HOLDING, INC.",6.58433333333333
2019,6,2019-06,CROWN POINT ENERGIA S.A.,0
2019,6,2019-06,ENAP SIPETROL ARGENTINA S.A.,1003.15766666667
2019,6,2019-06,ENERGIA COMPAÑIA PETROLERA S.A.,26.5
2019,6,2019-06,ENERGICON S.A.,0
2019,6,2019-06,EXXONMOBIL EXPLORATION ARGENTINA S.R.L.,171.581
2019,6,2019-06,FOMICRUZ S.E.,11.828
2019,6,2019-06,GEOPARK ARGENTINA LTD. (SUCURSAL ARGENTINA),250.211
2019,6,2019-06,GRECOIL y CIA. S.R.L.,5.787
2019,6,2019-06,HATTRICK ENERGY SAS,13.2866666666667
2019,6,2019-06,HIGH LUCK GROUP LTD. - SUCURSAL ARGENTINA,0
2019,6,2019-06,INGENIERIA ALPA S.A.,36.164
2019,6,2019-06,INGENIERIA SIMA S.A.,1.43333333333333
2019,6,2019-06,INTERENERGY ARGENTINA S.A.,86.9333333333333
2019,6,2019-06,JEMSE - JUJUY ENERGIA y MINERIA S. E.,30.1665
2019,6,2019-06,KILWER S.A.,9.63733333333333
2019,6,2019-06,MADALENA ENERGY ARGENTINA SRL ,171.1130308
2019,6,2019-06,MADALENA PETROLEUM (AMERICAS) LTD. (SUCURSAL ARGENTINA),74.1851678666667
2019,6,2019-06,MEDANITO S.A.,172.819533333333
2019,6,2019-06,OIL M&S S.A.,0
2019,6,2019-06,OILSTONE ENERGIA S.A.,240.471666666667
2019,6,2019-06,PAMPA ENERGIA S.A.,14.251
2019,6,2019-06,PAMPETROL S.A.P.E.M,69.1153333333333
2019,6,2019-06,PAN AMERICAN ENERGY SL,16644.5226666667
2019,6,2019-06,PETROFARO S.A.,9.84433333333333
2019,6,2019-06,PETROLEOS SUDAMERICANOS S.A.,481.133333333333
2019,6,2019-06,Petrolera Aconcagua Energia S.A.,128.580666666667
2019,6,2019-06,PETROLERA DEL COMAHUE S.A.,0.502
2019,6,2019-06,PETROLERA EL TREBOL S.A.,408.0001
2019,6,2019-06,PETROLERA PAMPA S.A. ,0
2019,6,2019-06,PETROLERA PATAGONIA S.R.L.,3.26666666666667
2019,6,2019-06,PETROLERA PIEDRA DEL AGUILA S.A.,0
2019,6,2019-06,PETROLERA SAN MIGUEL S.A.,0
2019,6,2019-06,PETROMINERA CHUBUT S.E.,0
2019,6,2019-06,PETROQUIMICA COMODORO RIVADAVIA S.A.,1644.05233333333
2019,6,2019-06,PLUSPETROL ENERGY S.A.,104.242
2019,6,2019-06,PLUSPETROL S.A.,4192.532146635
2019,6,2019-06,PRESIDENT PETROLEUM S.A.,310.315066666667
2019,6,2019-06,QUINTANA E&P ARGENTINA S.R.L.,23.14
2019,6,2019-06,ROCH S.A.,868.1377536
2019,6,2019-06,SAN JORGE PETROLEUM S.A.,126.634666666667
2019,6,2019-06,SELVA MARIA OIL S.A.,1.02633333333333
2019,6,2019-06,SHELL ARGENTINA S.A.,833.077666666667
2019,6,2019-06,"SINOPEC ARGENTINA EXPLORATION AND PRODUCTION, INC.",3036.55656666667
2019,6,2019-06,TECPETROL S.A.,2159.26043333333
2019,6,2019-06,TOTAL AUSTRAL S.A.,1498.60766666667
2019,6,2019-06,Vista Oil & Gas Argentina SA,2644.43486666667
2019,6,2019-06,WINTERSHALL ENERGIA S.A.,60.693
2019,6,2019-06,YPF S.A.,36830.199
2019,7,2019-07,ALIANZA PETROLERA ARGENTINA S.A.,1.68677419354839
2019,7,2019-07,ARGENTA ENERGIA S.A.,0
2019,7,2019-07,CAPETROL S.A.,29.1935483870968
2019,7,2019-07,CAPEX S.A.,1083.06387096774
2019,7,2019-07,CHAÑARES ENERGIA S.A.,209.640451612903
2019,7,2019-07,CHEVRON ARGENTINA S.R.L.,873.475806451613
2019,7,2019-07,COLHUE HUAPI S.A.,68.9032258064516
2019,7,2019-07,COMPAÑÍA GENERAL DE COMBUSTIBLES S.A.,524.229701419355
2019,7,2019-07,COMPAÑÍAS ASOCIADAS PETROLERAS S.A.,1976.2835483871
2019,7,2019-07,COPESA CIA CONSTRUCTORA PETROLERA SA,0
2019,7,2019-07,"CRI HOLDING, INC.",4.31870967741935
2019,7,2019-07,CROWN POINT ENERGIA S.A.,0
2019,7,2019-07,ENAP SIPETROL ARGENTINA S.A.,992.884838709677
2019,7,2019-07,ENERGIA COMPAÑIA PETROLERA S.A.,24.9677419354839
2019,7,2019-07,ENERGICON S.A.,0
2019,7,2019-07,EXXONMOBIL EXPLORATION ARGENTINA S.R.L.,269.682258064516
2019,7,2019-07,FOMICRUZ S.E.,14.001935483871
2019,7,2019-07,GEOPARK ARGENTINA LTD. (SUCURSAL ARGENTINA),251.091935483871
2019,7,2019-07,GRECOIL y CIA. S.R.L.,8.38303225806452
2019,7,2019-07,HATTRICK ENERGY SAS,26.4935483870968
2019,7,2019-07,HIGH LUCK GROUP LTD. - SUCURSAL ARGENTINA,0
2019,7,2019-07,INGENIERIA ALPA S.A.,31.5722580645161
2019,7,2019-07,INGENIERIA SIMA S.A.,1.40451612903226
2019,7,2019-07,INTERENERGY ARGENTINA S.A.,89.9032258064516
2019,7,2019-07,JEMSE - JUJUY ENERGIA y MINERIA S. E.,29.4712580645161
2019,7,2019-07,KILWER S.A.,175.558387096774
2019,7,2019-07,MADALENA ENERGY ARGENTINA SRL ,172.288261935484
2019,7,2019-07,MADALENA PETROLEUM (AMERICAS) LTD. (SUCURSAL ARGENTINA),74.4498124516129
2019,7,2019-07,MEDANITO S.A.,164.597225806452
2019,7,2019-07,OIL M&S S.A.,0
2019,7,2019-07,OILSTONE ENERGIA S.A.,215.438709677419
2019,7,2019-07,PAMPA ENERGIA S.A.,17.2793548387097
2019,7,2019-07,PAMPETROL S.A.P.E.M,91.1096774193548
2019,7,2019-07,PAN AMERICAN ENERGY SL,16408.8883870968
2019,7,2019-07,PETROFARO S.A.,18.2787096774194
2019,7,2019-07,PETROLEOS SUDAMERICANOS S.A.,508.381290322581
2019,7,2019-07,Petrolera Aconcagua Energia S.A.,131.988064516129
2019,7,2019-07,PETROLERA DEL COMAHUE S.A.,0.511612903225806
2019,7,2019-07,PETROLERA EL TREBOL S.A.,394.881774193548
2019,7,2019-07,PETROLERA PAMPA S.A. ,0
2019,7,2019-07,PETROLERA PATAGONIA S.R.L.,1.54838709677419
2019,7,2019-07,PETROLERA PIEDRA DEL AGUILA S.A.,0
2019,7,2019-07,PETROLERA SAN MIGUEL S.A.,0
2019,7,2019-07,PETROMINERA CHUBUT S.E.,0
2019,7,2019-07,PETROQUIMICA COMODORO RIVADAVIA S.A.,1656.37806451613
2019,7,2019-07,PLUSPETROL ENERGY S.A.,95.0690322580645
2019,7,2019-07,PLUSPETROL S.A.,4086.39787553
2019,7,2019-07,PRESIDENT PETROLEUM S.A.,345.70364516129
2019,7,2019-07,QUINTANA E&P ARGENTINA S.R.L.,22.241935483871
2019,7,2019-07,ROCH S.A.,873.255774032258
2019,7,2019-07,SAN JORGE PETROLEUM S.A.,123.495258064516
2019,7,2019-07,SELVA MARIA OIL S.A.,1.02312903225806
2019,7,2019-07,SHELL ARGENTINA S.A.,1010.16741935484
2019,7,2019-07,"SINOPEC ARGENTINA EXPLORATION AND PRODUCTION, INC.",3121.66512903226
2019,7,2019-07,TECPETROL S.A.,2259.27
2019,7,2019-07,TOTAL AUSTRAL S.A.,1590.62329032258
2019,7,2019-07,Vista Oil & Gas Argentina SA,2813.96558064516
2019,7,2019-07,WINTERSHALL ENERGIA S.A.,55.9090322580645
2019,7,2019-07,YPF S.A.,37377.8751612903
2019,8,2019-08,ALIANZA PETROLERA ARGENTINA S.A.,1.77064516129032
2019,8,2019-08,ARGENTA ENERGIA S.A.,0
2019,8,2019-08,CAPETROL S.A.,31.5161290322581
2019,8,2019-08,CAPEX S.A.,1087.76064516129
2019,8,2019-08,CHAÑARES ENERGIA S.A.,191.12435483871
2019,8,2019-08,CHEVRON ARGENTINA S.R.L.,874.833870967742
2019,8,2019-08,COLHUE HUAPI S.A.,71.6451612903226
2019,8,2019-08,COMPAÑÍA GENERAL DE COMBUSTIBLES S.A.,554.969503709677
2019,8,2019-08,COMPAÑÍAS ASOCIADAS PETROLERAS S.A.,1995.99677419355
2019,8,2019-08,COPESA CIA CONSTRUCTORA PETROLERA SA,0
2019,8,2019-08,"CRI HOLDING, INC.",5.22725898064516
2019,8,2019-08,CROWN POINT ENERGIA S.A.,0
2019,8,2019-08,ENAP SIPETROL ARGENTINA S.A.,979.484838709677
2019,8,2019-08,ENERGIA COMPAÑIA PETROLERA S.A.,25
2019,8,2019-08,ENERGICON S.A.,0
2019,8,2019-08,EXXONMOBIL EXPLORATION ARGENTINA S.R.L.,330.873225806452
2019,8,2019-08,FOMICRUZ S.E.,15.8470967741935
2019,8,2019-08,GEOPARK ARGENTINA LTD. (SUCURSAL ARGENTINA),243.61835483871
2019,8,2019-08,GRECOIL y CIA. S.R.L.,7.335
2019,8,2019-08,HATTRICK ENERGY SAS,24.4916129032258
2019,8,2019-08,HIGH LUCK GROUP LTD. - SUCURSAL ARGENTINA,0
2019,8,2019-08,INGENIERIA ALPA S.A.,33.3041935483871
2019,8,2019-08,INGENIERIA SIMA S.A.,1.41161290322581
2019,8,2019-08,INTERENERGY ARGENTINA S.A.,88.3870967741936
2019,8,2019-08,JEMSE - JUJUY ENERGIA y MINERIA S. E.,29.5029032258065
2019,8,2019-08,KILWER S.A.,221.312258064516
2019,8,2019-08,MADALENA ENERGY ARGENTINA SRL ,168.667827419355
2019,8,2019-08,MADALENA PETROLEUM (AMERICAS) LTD. (SUCURSAL ARGENTINA),71.9542404193548
2019,8,2019-08,MEDANITO S.A.,167.121225806452
2019,8,2019-08,OIL M&S S.A.,0
2019,8,2019-08,OILSTONE ENERGIA S.A.,326.708103322581
2019,8,2019-08,PAMPA ENERGIA S.A.,18.2145161290323
2019,8,2019-08,PAMPETROL S.A.P.E.M,98.3429032258065
2019,8,2019-08,PAN AMERICAN ENERGY SL,16805.5416129032
2019,8,2019-08,PETROFARO S.A.,29.7748387096774
2019,8,2019-08,PETROLEOS SUDAMERICANOS S.A.,505.885483870968
2019,8,2019-08,Petrolera Aconcagua Energia S.A.,125.170967741935
2019,8,2019-08,PETROLERA DEL COMAHUE S.A.,0.505806451612903
2019,8,2019-08,PETROLERA EL TREBOL S.A.,393.583451612903
2019,8,2019-08,PETROLERA PAMPA S.A. ,0
2019,8,2019-08,PETROLERA PATAGONIA S.R.L.,0
2019,8,2019-08,PETROLERA PIEDRA DEL AGUILA S.A.,0
2019,8,2019-08,PETROLERA SAN MIGUEL S.A.,0
2019,8,2019-08,PETROMINERA CHUBUT S.E.,0
2019,8,2019-08,PETROQUIMICA COMODORO RIVADAVIA S.A.,1636.61870967742
2019,8,2019-08,PLUSPETROL ENERGY S.A.,96.3506451612903
2019,8,2019-08,PLUSPETROL S.A.,4084.5168420829
2019,8,2019-08,PRESIDENT PETROLEUM S.A.,346.280451612903
2019,8,2019-08,QUINTANA E&P ARGENTINA S.R.L.,20.9225806451613
2019,8,2019-08,ROCH S.A.,916.152862580645
2019,8,2019-08,SAN JORGE PETROLEUM S.A.,128.051806451613
2019,8,2019-08,SELVA MARIA OIL S.A.,5.12877419354839
2019,8,2019-08,SHELL ARGENTINA S.A.,1151.49387096774
2019,8,2019-08,"SINOPEC ARGENTINA EXPLORATION AND PRODUCTION, INC.",3051.57606451613
2019,8,2019-08,TECPETROL S.A.,2340.11374193548
2019,8,2019-08,TOTAL AUSTRAL S.A.,1639.66290322581
2019,8,2019-08,VISTA OIL & GAS ARGENTINA SAU,3372.664
2019,8,2019-08,WINTERSHALL ENERGIA S.A.,91.5670967741935
2019,8,2019-08,YPF S.A.,38168.2970967742
2019,9,2019-09,ALIANZA PETROLERA ARGENTINA S.A.,1.792
2019,9,2019-09,ARGENTA ENERGIA S.A.,0
2019,9,2019-09,CAPETROL S.A.,35.4333333333333
2019,9,2019-09,CAPEX S.A.,1089.72666666667
2019,9,2019-09,CHAÑARES ENERGIA S.A.,192.4559
2019,9,2019-09,CHEVRON ARGENTINA S.R.L.,863.077333333333
2019,9,2019-09,COLHUE HUAPI S.A.,68.3666666666667
2019,9,2019-09,COMPAÑÍA GENERAL DE COMBUSTIBLES S.A.,527.128828066667
2019,9,2019-09,COMPAÑÍAS ASOCIADAS PETROLERAS S.A.,1978.86666666667
2019,9,2019-09,COPESA CIA CONSTRUCTORA PETROLERA SA,0
2019,9,2019-09,"CRI HOLDING, INC.",5.857
2019,9,2019-09,CROWN POINT ENERGIA S.A.,0
2019,9,2019-09,ENAP SIPETROL ARGENTINA S.A.,952.555
2019,9,2019-09,ENERGIA COMPAÑIA PETROLERA S.A.,23.4
2019,9,2019-09,ENERGICON S.A.,0
2019,9,2019-09,EXXONMOBIL EXPLORATION ARGENTINA S.R.L.,331.557666666667
2019,9,2019-09,FOMICRUZ S.E.,16.2743333333333
2019,9,2019-09,GEOPARK ARGENTINA LTD. (SUCURSAL ARGENTINA),252.231266666667
2019,9,2019-09,GRECOIL y CIA. S.R.L.,7.3093
2019,9,2019-09,HATTRICK ENERGY SAS,23.1613333333333
2019,9,2019-09,HIGH LUCK GROUP LTD. - SUCURSAL ARGENTINA,0
2019,9,2019-09,INGENIERIA ALPA S.A.,35.6873333333333
2019,9,2019-09,INGENIERIA SIMA S.A.,1.41366666666667
2019,9,2019-09,INTERENERGY ARGENTINA S.A.,88.1666666666667
2019,9,2019-09,JEMSE - JUJUY ENERGIA y MINERIA S. E.,30.1815666666667
2019,9,2019-09,KILWER S.A.,136.746
2019,9,2019-09,MADALENA ENERGY ARGENTINA SRL ,165.9098549
2019,9,2019-09,MADALENA PETROLEUM (AMERICAS) LTD. (SUCURSAL ARGENTINA),73.5705314666667
2019,9,2019-09,MEDANITO S.A.,159.620033333333
2019,9,2019-09,OIL M&S S.A.,0
2019,9,2019-09,OILSTONE ENERGIA S.A.,322.026217633333
2019,9,2019-09,PAMPA ENERGIA S.A.,29.1113333333333
2019,9,2019-09,PAMPETROL S.A.P.E.M,88.6196666666667
2019,9,2019-09,PAN AMERICAN ENERGY SL,16853.346
2019,9,2019-09,PETROFARO S.A.,0.465333333333333
2019,9,2019-09,PETROLEOS SUDAMERICANOS S.A.,506.699666666667
2019,9,2019-09,Petrolera Aconcagua Energia S.A.,131.147666666667
2019,9,2019-09,PETROLERA DEL COMAHUE S.A.,0.505333333333333
2019,9,2019-09,PETROLERA EL TREBOL S.A.,408.103
2019,9,2019-09,PETROLERA PAMPA S.A. ,0
2019,9,2019-09,PETROLERA PATAGONIA S.R.L.,0
2019,9,2019-09,PETROLERA PIEDRA DEL AGUILA S.A.,0
2019,9,2019-09,PETROLERA SAN MIGUEL S.A.,0
2019,9,2019-09,PETROMINERA CHUBUT S.E.,0
2019,9,2019-09,PETROQUIMICA COMODORO RIVADAVIA S.A.,1679.20333333333
2019,9,2019-09,PLUSPETROL ENERGY S.A.,105.473333333333
2019,9,2019-09,PLUSPETROL S.A.,4264.11100212833
2019,9,2019-09,PRESIDENT PETROLEUM S.A.,339.657733333333
2019,9,2019-09,QUINTANA E&P ARGENTINA S.R.L.,21.4666666666667
2019,9,2019-09,ROCH S.A.,776.6216896
2019,9,2019-09,SAN JORGE PETROLEUM S.A.,125.5366
2019,9,2019-09,SELVA MARIA OIL S.A.,7.87993333333333
2019,9,2019-09,SHELL ARGENTINA S.A.,1000.61266666667
2019,9,2019-09,"SINOPEC ARGENTINA EXPLORATION AND PRODUCTION, INC.",3015.5886
2019,9,2019-09,TECPETROL S.A.,2392.74003333333
2019,9,2019-09,TOTAL AUSTRAL S.A.,1645.75733333333
2019,9,2019-09,VISTA OIL & GAS ARGENTINA SAU,3258.05366666667
2019,9,2019-09,WINTERSHALL DEA ARGENTINA S.A,260.550333333333
2019,9,2019-09,YPF S.A.,37925.5093333333
2019,10,2019-10,ALIANZA PETROLERA ARGENTINA S.A.,1.7341935483871
2019,10,2019-10,ARGENTA ENERGIA S.A.,0
2019,10,2019-10,CAPETROL S.A.,34.6451612903226
2019,10,2019-10,CAPEX S.A.,1105.86129032258
2019,10,2019-10,CHAÑARES ENERGIA S.A.,165.637290322581
2019,10,2019-10,CHEVRON ARGENTINA S.R.L.,869.716774193548
2019,10,2019-10,COLHUE HUAPI S.A.,65.8709677419355
2019,10,2019-10,COMPAÑÍA GENERAL DE COMBUSTIBLES S.A.,527.031684774194
2019,10,2019-10,COMPAÑÍAS ASOCIADAS PETROLERAS S.A.,1988.32258064516
2019,10,2019-10,COPESA CIA CONSTRUCTORA PETROLERA SA,0
2019,10,2019-10,"CRI HOLDING, INC.",5.60838709677419
2019,10,2019-10,CROWN POINT ENERGIA S.A.,0
2019,10,2019-10,ENAP SIPETROL ARGENTINA S.A.,903.013870967742
2019,10,2019-10,ENERGIA COMPAÑIA PETROLERA S.A.,24.4838709677419
2019,10,2019-10,ENERGICON S.A.,0
2019,10,2019-10,EXXONMOBIL EXPLORATION AND PRODUCTION OFFSHORE ARGENTINA S.R.L.,0
2019,10,2019-10,EXXONMOBIL EXPLORATION ARGENTINA S.R.L.,110.719677419355
2019,10,2019-10,FOMICRUZ S.E.,21.77
2019,10,2019-10,GEOPARK ARGENTINA LTD. (SUCURSAL ARGENTINA),244.895838709677
2019,10,2019-10,GRECOIL y CIA. S.R.L.,6.19383870967742
2019,10,2019-10,HATTRICK ENERGY SAS,18.7806451612903
2019,10,2019-10,HIGH LUCK GROUP LTD. - SUCURSAL ARGENTINA,0
2019,10,2019-10,INGENIERIA ALPA S.A.,36.1296774193548
2019,10,2019-10,INGENIERIA SIMA S.A.,1.42483870967742
2019,10,2019-10,INTERENERGY ARGENTINA S.A.,87.1935483870968
2019,10,2019-10,JEMSE - JUJUY ENERGIA y MINERIA S. E.,34.0098387096774
2019,10,2019-10,KILWER S.A.,123.044903225806
2019,10,2019-10,MADALENA ENERGY ARGENTINA SRL ,160.601808193548
2019,10,2019-10,MADALENA PETROLEUM (AMERICAS) LTD. (SUCURSAL ARGENTINA),74.5693381935484
2019,10,2019-10,MEDANITO S.A.,163.287612903226
2019,10,2019-10,OIL M&S S.A.,0
2019,10,2019-10,OILSTONE ENERGIA S.A.,311.239806258065
2019,10,2019-10,PAMPA ENERGIA S.A.,19.9564516129032
2019,10,2019-10,PAMPETROL S.A.P.E.M,87.1741935483871
2019,10,2019-10,PAN AMERICAN ENERGY SL,17110.7325806452
2019,10,2019-10,PETROFARO S.A.,1.37225806451613
2019,10,2019-10,PETROLEOS SUDAMERICANOS S.A.,525.76
2019,10,2019-10,Petrolera Aconcagua Energia S.A.,128.717741935484
2019,10,2019-10,PETROLERA DEL COMAHUE S.A.,0.503548387096774
2019,10,2019-10,PETROLERA EL TREBOL S.A.,385.992096774193
2019,10,2019-10,PETROLERA PAMPA S.A. ,0
2019,10,2019-10,PETROLERA PATAGONIA S.R.L.,0
2019,10,2019-10,PETROLERA PIEDRA DEL AGUILA S.A.,0
2019,10,2019-10,PETROLERA SAN MIGUEL S.A.,0
2019,10,2019-10,PETROMINERA CHUBUT S.E.,0
2019,10,2019-10,PETROQUIMICA COMODORO RIVADAVIA S.A.,1639.85096774194
2019,10,2019-10,PLUSPETROL ENERGY S.A.,109.909032258065
2019,10,2019-10,PLUSPETROL S.A.,4480.4430033029
2019,10,2019-10,PRESIDENT PETROLEUM S.A.,382.049222580645
2019,10,2019-10,QUINTANA E&P ARGENTINA S.R.L.,20.3935483870968
2019,10,2019-10,ROCH S.A.,612.714382612903
2019,10,2019-10,SAN JORGE PETROLEUM S.A.,120.201290322581
2019,10,2019-10,SELVA MARIA OIL S.A.,7.92322580645161
2019,10,2019-10,SHELL ARGENTINA S.A.,1069.26193548387
2019,10,2019-10,"SINOPEC ARGENTINA EXPLORATION AND PRODUCTION, INC.",2990.45670967742
2019,10,2019-10,TECPETROL S.A.,2356.69041935484
2019,10,2019-10,TOTAL AUSTRAL S.A.,1617.18938709677
2019,10,2019-10,VISTA OIL & GAS ARGENTINA SAU,2974.62432258065
2019,10,2019-10,WINTERSHALL DEA ARGENTINA S.A,324.468064516129
2019,10,2019-10,YPF S.A.,37704.3716129032
2019,11,2019-11,ALIANZA PETROLERA ARGENTINA S.A.,1.66166666666667
2019,11,2019-11,ARGENTA ENERGIA S.A.,0
2019,11,2019-11,CAPETROL ARGENTINA S.A.,5.9
2019,11,2019-11,CAPETROL S.A.,36.7666666666667
2019,11,2019-11,CAPEX S.A.,1095.3
2019,11,2019-11,CHAÑARES ENERGIA S.A.,169.275466666667
2019,11,2019-11,CHEVRON ARGENTINA S.R.L.,886.870333333333
2019,11,2019-11,COLHUE HUAPI S.A.,64.4333333333333
2019,11,2019-11,COMPAÑÍA GENERAL DE COMBUSTIBLES S.A.,503.806688433333
2019,11,2019-11,COMPAÑÍAS ASOCIADAS PETROLERAS S.A.,2017.80666666667
2019,11,2019-11,COPESA CIA CONSTRUCTORA PETROLERA SA,0
2019,11,2019-11,"CRI HOLDING, INC.",4.53424330664567
2019,11,2019-11,CROWN POINT ENERGIA S.A.,0
2019,11,2019-11,ENAP SIPETROL ARGENTINA S.A.,920.540333333333
2019,11,2019-11,ENERGIA COMPAÑIA PETROLERA S.A.,24.5
2019,11,2019-11,ENERGICON S.A.,0
2019,11,2019-11,EXXONMOBIL EXPLORATION AND PRODUCTION OFFSHORE ARGENTINA S.R.L.,0
2019,11,2019-11,EXXONMOBIL EXPLORATION ARGENTINA S.R.L.,205.323
2019,11,2019-11,FOMICRUZ S.E.,16.8866666666667
2019,11,2019-11,GEOPARK ARGENTINA LTD. (SUCURSAL ARGENTINA),241.2085
2019,11,2019-11,GRECOIL y CIA. S.R.L.,7.30813333333333
2019,11,2019-11,HATTRICK ENERGY SAS,18.233
2019,11,2019-11,HIGH LUCK GROUP LTD. - SUCURSAL ARGENTINA,118.551633333333
2019,11,2019-11,INGENIERIA ALPA S.A.,33.2623333333333
2019,11,2019-11,INGENIERIA SIMA S.A.,1.38266666666667
2019,11,2019-11,INTERENERGY ARGENTINA S.A.,88.7
2019,11,2019-11,JEMSE - JUJUY ENERGIA y MINERIA S. E.,34.55
2019,11,2019-11,KILWER S.A.,106.805333333333
2019,11,2019-11,MADALENA ENERGY ARGENTINA SRL ,155.560490833333
2019,11,2019-11,MADALENA PETROLEUM (AMERICAS) LTD. (SUCURSAL ARGENTINA),69.5546635333333
2019,11,2019-11,MEDANITO S.A.,156.429133333333
2019,11,2019-11,OIL M&S S.A.,0
2019,11,2019-11,OILSTONE ENERGIA S.A.,312.3139898
2019,11,2019-11,PAMPA ENERGIA S.A.,18.537
2019,11,2019-11,PAMPETROL S.A.P.E.M,78.9823333333333
2019,11,2019-11,PAN AMERICAN ENERGY SL,16990.8086666667
2019,11,2019-11,PETROFARO S.A.,0.344
2019,11,2019-11,PETROLEOS SUDAMERICANOS S.A.,553.371666666667
2019,11,2019-11,Petrolera Aconcagua Energia S.A.,126.522333333333
2019,11,2019-11,PETROLERA DEL COMAHUE S.A.,0.470666666666667
2019,11,2019-11,PETROLERA EL TREBOL S.A.,388.721766666667
2019,11,2019-11,PETROLERA PAMPA S.A. ,0
2019,11,2019-11,PETROLERA PIEDRA DEL AGUILA S.A.,0
2019,11,2019-11,PETROLERA SAN MIGUEL S.A.,0
2019,11,2019-11,PETROMINERA CHUBUT S.E.,0
2019,11,2019-11,PETROQUIMICA COMODORO RIVADAVIA S.A.,1568.03166666667
2019,11,2019-11,PLUSPETROL ENERGY S.A.,101.376
2019,11,2019-11,PLUSPETROL S.A.,4593.465030781
2019,11,2019-11,PRESIDENT PETROLEUM S.A.,357.158166666667
2019,11,2019-11,QUINTANA E&P ARGENTINA S.R.L.,20.86
2019,11,2019-11,ROCH S.A.,614.8379351
2019,11,2019-11,SAN JORGE PETROLEUM S.A.,105.466866666667
2019,11,2019-11,SELVA MARIA OIL S.A.,7.92666666666667
2019,11,2019-11,SHELL ARGENTINA S.A.,1037.64333333333
2019,11,2019-11,"SINOPEC ARGENTINA EXPLORATION AND PRODUCTION, INC.",3032.02356666667
2019,11,2019-11,TECPETROL S.A.,2298.26576666667
2019,11,2019-11,TOTAL AUSTRAL S.A.,1539.43433333333
2019,11,2019-11,VISTA OIL & GAS ARGENTINA SAU,2926.5961
2019,11,2019-11,WINTERSHALL DEA ARGENTINA S.A,289.984666666667
2019,11,2019-11,YPF S.A.,37791.226
2019,12,2019-12,ALIANZA PETROLERA ARGENTINA S.A.,1.34870967741935
2019,12,2019-12,ARGENTA ENERGIA S.A.,0
2019,12,2019-12,CAPETROL ARGENTINA S.A.,6.09677419354839
2019,12,2019-12,CAPETROL S.A.,35.3870967741936
2019,12,2019-12,CAPEX S.A.,1148.79677419355
2019,12,2019-12,CHAÑARES ENERGIA S.A.,192.905903225806
2019,12,2019-12,CHEVRON ARGENTINA S.R.L.,850.716774193548
2019,12,2019-12,COLHUE HUAPI S.A.,65.7916129032258
2019,12,2019-12,COMPAÑÍA GENERAL DE COMBUSTIBLES S.A.,524.639244
2019,12,2019-12,COMPAÑÍAS ASOCIADAS PETROLERAS S.A.,2048.41935483871
2019,12,2019-12,COPESA CIA CONSTRUCTORA PETROLERA SA,0
2019,12,2019-12,"CRI HOLDING, INC.",4.13734861503774
2019,12,2019-12,CROWN POINT ENERGIA S.A.,0
2019,12,2019-12,ENAP SIPETROL ARGENTINA S.A.,883.913870967742
2019,12,2019-12,ENERGIA COMPAÑIA PETROLERA S.A.,23.0645161290323
2019,12,2019-12,ENERGICON S.A.,0
2019,12,2019-12,EXXONMOBIL EXPLORATION AND PRODUCTION OFFSHORE ARGENTINA S.R.L.,0
2019,12,2019-12,EXXONMOBIL EXPLORATION ARGENTINA S.R.L.,525.937096774193
2019,12,2019-12,FOMICRUZ S.E.,13.0164516129032
2019,12,2019-12,GEOPARK ARGENTINA LTD. (SUCURSAL ARGENTINA),268.538387096774
2019,12,2019-12,GRECOIL y CIA. S.R.L.,8.9658064516129
2019,12,2019-12,HATTRICK ENERGY SAS,20.98
2019,12,2019-12,HIGH LUCK GROUP LTD. - SUCURSAL ARGENTINA,92.1526451612903
2019,12,2019-12,INGENIERIA ALPA S.A.,36.5738709677419
2019,12,2019-12,INGENIERIA SIMA S.A.,1.32967741935484
2019,12,2019-12,INTERENERGY ARGENTINA S.A.,85.8709677419355
2019,12,2019-12,JEMSE - JUJUY ENERGIA y MINERIA S. E.,34.4020967741935
2019,12,2019-12,KILWER S.A.,96.4937741935484
2019,12,2019-12,MADALENA ENERGY ARGENTINA SRL ,156.978775322581
2019,12,2019-12,MADALENA PETROLEUM (AMERICAS) LTD. (SUCURSAL ARGENTINA),67.2875968709677
2019,12,2019-12,MEDANITO S.A.,162.952225806452
2019,12,2019-12,OIL M&S S.A.,0
2019,12,2019-12,OILSTONE ENERGIA S.A.,302.332839806452
2019,12,2019-12,PAMPA ENERGIA S.A.,119.942258064516
2019,12,2019-12,PAMPETROL S.A.P.E.M,76.9938709677419
2019,12,2019-12,PAN AMERICAN ENERGY SL,17004.9032258065
2019,12,2019-12,PETROFARO S.A.,3.67064516129032
2019,12,2019-12,PETROLEOS SUDAMERICANOS S.A.,559.014516129032
2019,12,2019-12,Petrolera Aconcagua Energia S.A.,135.363870967742
2019,12,2019-12,PETROLERA DEL COMAHUE S.A.,0.445483870967742
2019,12,2019-12,PETROLERA EL TREBOL S.A.,366.889387096774
2019,12,2019-12,PETROLERA PAMPA S.A. ,0
2019,12,2019-12,PETROLERA PIEDRA DEL AGUILA S.A.,0
2019,12,2019-12,PETROLERA SAN MIGUEL S.A.,0
2019,12,2019-12,PETROMINERA CHUBUT S.E.,0
2019,12,2019-12,PETROQUIMICA COMODORO RIVADAVIA S.A.,1607.81064516129
2019,12,2019-12,PLUSPETROL ENERGY S.A.,94.038064516129
2019,12,2019-12,PLUSPETROL S.A.,4643.63458598613
2019,12,2019-12,PRESIDENT PETROLEUM S.A.,353.496483870968
2019,12,2019-12,QUINTANA E&P ARGENTINA S.R.L.,20.5516129032258
2019,12,2019-12,ROCH S.A.,695.248062516129
2019,12,2019-12,SAN JORGE PETROLEUM S.A.,124.910096774194
2019,12,2019-12,SELVA MARIA OIL S.A.,9.11096774193548
2019,12,2019-12,SHELL ARGENTINA S.A.,1202.34096774194
2019,12,2019-12,"SINOPEC ARGENTINA EXPLORATION AND PRODUCTION, INC.",2999.45229032258
2019,12,2019-12,TECPETROL S.A.,2314.97790322581
2019,12,2019-12,TOTAL AUSTRAL S.A.,1543.60967741935
2019,12,2019-12,VISTA OIL & GAS ARGENTINA SAU,2784.001
2019,12,2019-12,WINTERSHALL DEA ARGENTINA S.A,252.529677419355
2019,12,2019-12,YPF S.A.,37638.5958064516
2020,1,2020-01,ALIANZA PETROLERA ARGENTINA S.A.,2.03774193548387
2020,1,2020-01,ARGENTA ENERGIA S.A.,0
2020,1,2020-01,CAPETROL ARGENTINA S.A.,6.12903225806452
2020,1,2020-01,CAPETROL S.A.,34.2258064516129
2020,1,2020-01,CAPEX S.A.,1118.36774193548
2020,1,2020-01,CHAÑARES ENERGIA S.A.,174.119935483871
2020,1,2020-01,CHEVRON ARGENTINA S.R.L.,842.679677419355
2020,1,2020-01,COLHUE HUAPI S.A.,68.7741935483871
2020,1,2020-01,COMPAÑÍA GENERAL DE COMBUSTIBLES S.A.,505.115660903226
2020,1,2020-01,COMPAÑÍAS ASOCIADAS PETROLERAS S.A.,1990.29032258065
2020,1,2020-01,COPESA CIA CONSTRUCTORA PETROLERA SA,0
2020,1,2020-01,"CRI HOLDING, INC.",2.75783643140977
2020,1,2020-01,CROWN POINT ENERGIA S.A.,0
2020,1,2020-01,ENAP SIPETROL ARGENTINA S.A.,942.658387096774
2020,1,2020-01,ENERGIA COMPAÑIA PETROLERA S.A.,27.0322580645161
2020,1,2020-01,ENERGICON S.A.,0
2020,1,2020-01,EXXONMOBIL EXPLORATION AND PRODUCTION OFFSHORE ARGENTINA S.R.L.,0
2020,1,2020-01,EXXONMOBIL EXPLORATION ARGENTINA S.R.L.,731.091935483871
2020,1,2020-01,FOMICRUZ S.E.,18.3548387096774
2020,1,2020-01,GEOPARK ARGENTINA LTD. (SUCURSAL ARGENTINA),261.241290322581
2020,1,2020-01,GRECOIL y CIA. S.R.L.,8.21212903225806
2020,1,2020-01,HATTRICK ENERGY SAS,22.7138709677419
2020,1,2020-01,HIGH LUCK GROUP LTD. - SUCURSAL ARGENTINA,91.9938709677419
2020,1,2020-01,INGENIERIA ALPA S.A.,38.4635483870968
2020,1,2020-01,INGENIERIA SIMA S.A.,1.30838709677419
2020,1,2020-01,INTERENERGY ARGENTINA S.A.,87.3870967741936
2020,1,2020-01,JEMSE - JUJUY ENERGIA y MINERIA S. E.,33.5979032258065
2020,1,2020-01,KILWER S.A.,87.9915161290323
2020,1,2020-01,MADALENA ENERGY ARGENTINA SRL ,218.339948096774
2020,1,2020-01,MEDANITO S.A.,158.097451612903
2020,1,2020-01,OIL M&S S.A.,0
2020,1,2020-01,OILSTONE ENERGIA S.A.,296.195836935484
2020,1,2020-01,PAMPA ENERGIA S.A.,124.436451612903
2020,1,2020-01,PAMPETROL S.A.P.E.M,75.0512903225807
2020,1,2020-01,PAN AMERICAN ENERGY SL,16963.8225806452
2020,1,2020-01,PETROFARO S.A.,1
2020,1,2020-01,PETROLEOS SUDAMERICANOS S.A.,542.540967741935
2020,1,2020-01,Petrolera Aconcagua Energia S.A.,131.138709677419
2020,1,2020-01,PETROLERA DEL COMAHUE S.A.,0.442322580645161
2020,1,2020-01,PETROLERA EL TREBOL S.A.,370.152193548387
2020,1,2020-01,PETROLERA PAMPA S.A. ,0
2020,1,2020-01,PETROLERA PIEDRA DEL AGUILA S.A.,0
2020,1,2020-01,PETROLERA SAN MIGUEL S.A.,0
2020,1,2020-01,PETROMINERA CHUBUT S.E.,0
2020,1,2020-01,PETROQUIMICA COMODORO RIVADAVIA S.A.,1596.25935483871
2020,1,2020-01,PLUSPETROL ENERGY S.A.,102.924193548387
2020,1,2020-01,PLUSPETROL S.A.,4532.12196014806
2020,1,2020-01,PRESIDENT PETROLEUM S.A.,342.75135483871
2020,1,2020-01,QUINTANA E&P ARGENTINA S.R.L.,20.758064516129
2020,1,2020-01,ROCH S.A.,670.230213193548
2020,1,2020-01,SAN JORGE PETROLEUM S.A.,131.054161290323
2020,1,2020-01,SELVA MARIA OIL S.A.,8.34225806451613
2020,1,2020-01,SHELL ARGENTINA S.A.,1321.55096774194
2020,1,2020-01,"SINOPEC ARGENTINA EXPLORATION AND PRODUCTION, INC.",2918.20222580645
2020,1,2020-01,TECPETROL S.A.,2263.66435483871
2020,1,2020-01,TOTAL AUSTRAL S.A.,1424.34419354839
2020,1,2020-01,VENOIL S.A.,0
2020,1,2020-01,VISTA OIL & GAS ARGENTINA SAU,2625.48816129032
2020,1,2020-01,WINTERSHALL DEA ARGENTINA S.A,227.34064516129
2020,1,2020-01,YPF S.A.,37442.95
2020,2,2020-02,ALIANZA PETROLERA ARGENTINA S.A.,4.74379310344828
2020,2,2020-02,ARGENTA ENERGIA S.A.,0
2020,2,2020-02,CAPETROL ARGENTINA S.A.,5.24137931034483
2020,2,2020-02,CAPETROL S.A.,32.9310344827586
2020,2,2020-02,CAPEX S.A.,1203.46896551724
2020,2,2020-02,CHAÑARES ENERGIA S.A.,188.057172413793
2020,2,2020-02,CHEVRON ARGENTINA S.R.L.,850.026896551724
2020,2,2020-02,COLHUE HUAPI S.A.,66.0689655172414
2020,2,2020-02,COMPAÑÍA GENERAL DE COMBUSTIBLES S.A.,486.295856896552
2020,2,2020-02,COMPAÑÍAS ASOCIADAS PETROLERAS S.A.,2037.73448275862
2020,2,2020-02,COPESA CIA CONSTRUCTORA PETROLERA SA,0
2020,2,2020-02,"CRI HOLDING, INC.",5.39190840952759
2020,2,2020-02,CROWN POINT ENERGIA S.A.,0
2020,2,2020-02,ENAP SIPETROL ARGENTINA S.A.,982.524137931034
2020,2,2020-02,ENERGIA COMPAÑIA PETROLERA S.A.,24
2020,2,2020-02,ENERGICON S.A.,0
2020,2,2020-02,EXXONMOBIL EXPLORATION AND PRODUCTION OFFSHORE ARGENTINA S.R.L.,0
2020,2,2020-02,EXXONMOBIL EXPLORATION ARGENTINA S.R.L.,1048.96172413793
2020,2,2020-02,FOMICRUZ S.E.,15.9965517241379
2020,2,2020-02,GEOPARK ARGENTINA LTD. (SUCURSAL ARGENTINA),247.386793103448
2020,2,2020-02,GRECOIL y CIA. S.R.L.,8.11658620689655
2020,2,2020-02,HATTRICK ENERGY SAS,24.0915172413793
2020,2,2020-02,HIGH LUCK GROUP LTD. - SUCURSAL ARGENTINA,91.711724137931
2020,2,2020-02,INGENIERIA ALPA S.A.,37.1741379310345
2020,2,2020-02,INGENIERIA SIMA S.A.,0.990689655172414
2020,2,2020-02,JEMSE - JUJUY ENERGIA y MINERIA S. E.,31.7699655172414
2020,2,2020-02,KILWER S.A.,115.161724137931
2020,2,2020-02,MADALENA ENERGY ARGENTINA SRL ,217.085192137931
2020,2,2020-02,MEDANITO S.A.,151.758482758621
2020,2,2020-02,OIL M&S S.A.,0
2020,2,2020-02,OILSTONE ENERGIA S.A.,289.724998551724
2020,2,2020-02,PAMPA ENERGIA S.A.,87.8803448275862
2020,2,2020-02,PAMPETROL S.A.P.E.M,72.4731034482759
2020,2,2020-02,PAN AMERICAN ENERGY SL,17001.1093103448
2020,2,2020-02,PETROFARO S.A.,0.286551724137931
2020,2,2020-02,PETROLEOS SUDAMERICANOS S.A.,580.148965517241
2020,2,2020-02,Petrolera Aconcagua Energia S.A.,122.305862068966
2020,2,2020-02,PETROLERA DEL COMAHUE S.A.,0.345413793103448
2020,2,2020-02,PETROLERA EL TREBOL S.A.,357.606965517241
2020,2,2020-02,PETROLERA PAMPA S.A. ,0
2020,2,2020-02,PETROLERA PIEDRA DEL AGUILA S.A.,0
2020,2,2020-02,PETROLERA SAN MIGUEL S.A.,0
2020,2,2020-02,PETROMINERA CHUBUT S.E.,0
2020,2,2020-02,PETROQUIMICA COMODORO RIVADAVIA S.A.,1605.70275862069
2020,2,2020-02,PLUSPETROL ENERGY S.A.,98.411724137931
2020,2,2020-02,PLUSPETROL S.A.,4429.76918304379
2020,2,2020-02,PRESIDENT PETROLEUM S.A.,334.599034482759
2020,2,2020-02,QUINTANA E&P ARGENTINA S.R.L.,20.5379310344828
2020,2,2020-02,ROCH S.A.,479.984096137931
2020,2,2020-02,SAN JORGE PETROLEUM S.A.,131.309379310345
2020,2,2020-02,SELVA MARIA OIL S.A.,6.71896551724138
2020,2,2020-02,SHELL ARGENTINA S.A.,1521.78034482759
2020,2,2020-02,"SINOPEC ARGENTINA EXPLORATION AND PRODUCTION, INC.",2773.05989655172
2020,2,2020-02,TECPETROL S.A.,2163.03937931034
2020,2,2020-02,TOTAL AUSTRAL S.A.,1370.42931034483
2020,2,2020-02,VENOIL S.A.,0
2020,2,2020-02,VISTA OIL & GAS ARGENTINA SAU,2617.55755172414
2020,2,2020-02,WINTERSHALL DEA ARGENTINA S.A,213.577931034483
2020,2,2020-02,YPF S.A.,37924.4631034483
2020,3,2020-03,ALIANZA PETROLERA ARGENTINA S.A.,6.36709677419355
2020,3,2020-03,ARGENTA ENERGIA S.A.,0
2020,3,2020-03,CAPETROL ARGENTINA S.A.,8.80645161290323
2020,3,2020-03,CAPETROL S.A.,33.3548387096774
2020,3,2020-03,CAPEX S.A.,1245.18709677419
2020,3,2020-03,CHAÑARES ENERGIA S.A.,191.150064516129
2020,3,2020-03,CHEVRON ARGENTINA S.R.L.,779.209032258065
2020,3,2020-03,COLHUE HUAPI S.A.,63.3548387096774
2020,3,2020-03,COMPAÑÍA GENERAL DE COMBUSTIBLES S.A.,431.300599774194
2020,3,2020-03,COMPAÑÍAS ASOCIADAS PETROLERAS S.A.,2039.71548387097
2020,3,2020-03,COPESA CIA CONSTRUCTORA PETROLERA SA,0
2020,3,2020-03,"CRI HOLDING, INC.",7.54483870967742
2020,3,2020-03,CROWN POINT ENERGIA S.A.,0
2020,3,2020-03,ENAP SIPETROL ARGENTINA S.A.,839.767096774194
2020,3,2020-03,ENERGIA COMPAÑIA PETROLERA S.A.,16.1290322580645
2020,3,2020-03,ENERGICON S.A.,0
2020,3,2020-03,EXXONMOBIL EXPLORATION AND PRODUCTION OFFSHORE ARGENTINA S.R.L.,0
2020,3,2020-03,EXXONMOBIL EXPLORATION ARGENTINA S.R.L.,825.464516129032
2020,3,2020-03,FOMICRUZ S.E.,14.8903225806452
2020,3,2020-03,GEOPARK ARGENTINA LTD. (SUCURSAL ARGENTINA),244.424548387097
2020,3,2020-03,GRECOIL y CIA. S.R.L.,8.91229032258065
2020,3,2020-03,HATTRICK ENERGY SAS,22.4826451612903
2020,3,2020-03,HIGH LUCK GROUP LTD. - SUCURSAL ARGENTINA,91.6175806451613
2020,3,2020-03,INGENIERIA ALPA S.A.,38.6764516129032
2020,3,2020-03,INGENIERIA SIMA S.A.,0.854838709677419
2020,3,2020-03,JEMSE - JUJUY ENERGIA y MINERIA S. E.,32.094935483871
2020,3,2020-03,KILWER S.A.,96.2951612903226
2020,3,2020-03,MADALENA ENERGY ARGENTINA SRL ,204.243196741935
2020,3,2020-03,MEDANITO S.A.,156.24664516129
2020,3,2020-03,OIL M&S S.A.,0
2020,3,2020-03,OILSTONE ENERGIA S.A.,293.715121354839
2020,3,2020-03,PAMPA ENERGIA S.A.,73.6722580645161
2020,3,2020-03,PAMPETROL S.A.P.E.M,69.4635483870968
2020,3,2020-03,PAN AMERICAN ENERGY SL,17325.5119354839
2020,3,2020-03,PETROFARO S.A.,1.6758064516129
2020,3,2020-03,PETROLEOS SUDAMERICANOS S.A.,519.257096774194
2020,3,2020-03,Petrolera Aconcagua Energia S.A.,113.118387096774
2020,3,2020-03,PETROLERA DEL COMAHUE S.A.,0
2020,3,2020-03,PETROLERA EL TREBOL S.A.,317.953419354839
2020,3,2020-03,PETROLERA PAMPA S.A. ,0
2020,3,2020-03,PETROLERA PIEDRA DEL AGUILA S.A.,0
2020,3,2020-03,PETROLERA SAN MIGUEL S.A.,0
2020,3,2020-03,PETROMINERA CHUBUT S.E.,0
2020,3,2020-03,PETROQUIMICA COMODORO RIVADAVIA S.A.,1512.64387096774
2020,3,2020-03,PLUSPETROL ENERGY S.A.,99.8870967741936
2020,3,2020-03,PLUSPETROL S.A.,4530.1649616029
2020,3,2020-03,PRESIDENT PETROLEUM S.A.,308.293096774194
2020,3,2020-03,QUINTANA E&P ARGENTINA S.R.L.,20.8483870967742
2020,3,2020-03,ROCH S.A.,397.634203451613
2020,3,2020-03,SAN JORGE PETROLEUM S.A.,125.450935483871
2020,3,2020-03,SELVA MARIA OIL S.A.,7.67474193548387
2020,3,2020-03,SHELL ARGENTINA S.A.,1582.06225806452
2020,3,2020-03,"SINOPEC ARGENTINA EXPLORATION AND PRODUCTION, INC.",2850.04819354839
2020,3,2020-03,TECPETROL S.A.,2158.28825806452
2020,3,2020-03,TOTAL AUSTRAL S.A.,1345.34806451613
2020,3,2020-03,VENOIL S.A.,0
2020,3,2020-03,VISTA OIL & GAS ARGENTINA SAU,2651.22970967742
2020,3,2020-03,WINTERSHALL DEA ARGENTINA S.A,214.215161290323
2020,3,2020-03,YPF S.A.,38515.4222580645
2020,4,2020-04,ALIANZA PETROLERA ARGENTINA S.A.,4.671
2020,4,2020-04,ARGENTA ENERGIA S.A.,0
2020,4,2020-04,CAPETROL ARGENTINA S.A.,10.3666666666667
2020,4,2020-04,CAPETROL S.A.,32.6666666666667
2020,4,2020-04,CAPEX S.A.,1255.07666666667
2020,4,2020-04,CHAÑARES ENERGIA S.A.,44.6450333333333
2020,4,2020-04,CHEVRON ARGENTINA S.R.L.,799.814666666667
2020,4,2020-04,COLHUE HUAPI S.A.,61.5
2020,4,2020-04,COMPAÑÍA GENERAL DE COMBUSTIBLES S.A.,415.9184101
2020,4,2020-04,COMPAÑÍAS ASOCIADAS PETROLERAS S.A.,1977.83333333333
2020,4,2020-04,COPESA CIA CONSTRUCTORA PETROLERA SA,0
2020,4,2020-04,"CRI HOLDING, INC.",8.43366666666667
2020,4,2020-04,CROWN POINT ENERGIA S.A.,0
2020,4,2020-04,ENAP SIPETROL ARGENTINA S.A.,620.445
2020,4,2020-04,ENERGIA COMPAÑIA PETROLERA S.A.,25.5
2020,4,2020-04,ENERGICON S.A.,0
2020,4,2020-04,EXXONMOBIL EXPLORATION AND PRODUCTION OFFSHORE ARGENTINA S.R.L.,0
2020,4,2020-04,EXXONMOBIL EXPLORATION ARGENTINA S.R.L.,260.331333333333
2020,4,2020-04,FOMICRUZ S.E.,10.9566666666667
2020,4,2020-04,GEOPARK ARGENTINA LTD. (SUCURSAL ARGENTINA),196.007
2020,4,2020-04,GRECOIL y CIA. S.R.L.,3.30636666666667
2020,4,2020-04,HATTRICK ENERGY SAS,10.8895666666667
2020,4,2020-04,HIGH LUCK GROUP LTD. - SUCURSAL ARGENTINA,39.8096666666667
2020,4,2020-04,INGENIERIA ALPA S.A.,36.725
2020,4,2020-04,INGENIERIA SIMA S.A.,1.013
2020,4,2020-04,JEMSE - JUJUY ENERGIA y MINERIA S. E.,32.4253333333333
2020,4,2020-04,KILWER S.A.,47.7746666666667
2020,4,2020-04,MADALENA ENERGY ARGENTINA SRL ,193.104451866667
2020,4,2020-04,MEDANITO S.A.,150.937933333333
2020,4,2020-04,OIL M&S S.A.,0
2020,4,2020-04,OILSTONE ENERGIA S.A.,285.836823333333
2020,4,2020-04,PAMPA ENERGIA S.A.,13.85
2020,4,2020-04,PAMPETROL S.A.P.E.M,68.8903333333333
2020,4,2020-04,PAN AMERICAN ENERGY SL,17143.4926666667
2020,4,2020-04,PETROFARO S.A.,1
2020,4,2020-04,PETROLEOS SUDAMERICANOS S.A.,539.058
2020,4,2020-04,Petrolera Aconcagua Energia S.A.,115.981666666667
2020,4,2020-04,PETROLERA DEL COMAHUE S.A.,0.15
2020,4,2020-04,PETROLERA EL TREBOL S.A.,113.201066666667
2020,4,2020-04,PETROLERA PAMPA S.A. ,0
2020,4,2020-04,PETROLERA PIEDRA DEL AGUILA S.A.,0
2020,4,2020-04,PETROLERA SAN MIGUEL S.A.,0
2020,4,2020-04,PETROMINERA CHUBUT S.E.,0
2020,4,2020-04,PETROQUIMICA COMODORO RIVADAVIA S.A.,1324.16833333333
2020,4,2020-04,PLUSPETROL ENERGY S.A.,96.597
2020,4,2020-04,PLUSPETROL S.A.,3289.18481857333
2020,4,2020-04,PRESIDENT PETROLEUM S.A.,305.315666666667
2020,4,2020-04,QUINTANA E&P ARGENTINA S.R.L.,20.3733333333333
2020,4,2020-04,ROCH S.A.,102.728955666667
2020,4,2020-04,SAN JORGE PETROLEUM S.A.,82.0140333333333
2020,4,2020-04,SELVA MARIA OIL S.A.,6.01713333333333
2020,4,2020-04,SHELL ARGENTINA S.A.,1534.045
2020,4,2020-04,"SINOPEC ARGENTINA EXPLORATION AND PRODUCTION, INC.",2619.84076666667
2020,4,2020-04,TECPETROL S.A.,1500.82696666667
2020,4,2020-04,TOTAL AUSTRAL S.A.,1098.82043286667
2020,4,2020-04,VENOIL S.A.,0
2020,4,2020-04,VISTA OIL & GAS ARGENTINA SAU,1820.0905
2020,4,2020-04,WINTERSHALL DEA ARGENTINA S.A,206.283666666667
2020,4,2020-04,YPF S.A.,34724.045
2020,5,2020-05,ALIANZA PETROLERA ARGENTINA S.A.,4.85354838709677
2020,5,2020-05,ARGENTA ENERGIA S.A.,0
2020,5,2020-05,CAPETROL ARGENTINA S.A.,15.4193548387097
2020,5,2020-05,CAPETROL S.A.,31.258064516129
2020,5,2020-05,CAPEX S.A.,1207.36935483871
2020,5,2020-05,CHAÑARES ENERGIA S.A.,0
2020,5,2020-05,CHEVRON ARGENTINA S.R.L.,802.812258064516
2020,5,2020-05,COLHUE HUAPI S.A.,60.1935483870968
2020,5,2020-05,COMPAÑÍA GENERAL DE COMBUSTIBLES S.A.,415.806037258065
2020,5,2020-05,COMPAÑÍAS ASOCIADAS PETROLERAS S.A.,1849.90322580645
2020,5,2020-05,COPESA CIA CONSTRUCTORA PETROLERA SA,0
2020,5,2020-05,"CRI HOLDING, INC.",9.9458064516129
2020,5,2020-05,CROWN POINT ENERGIA S.A.,0
2020,5,2020-05,ENAP SIPETROL ARGENTINA S.A.,676.080967741935
2020,5,2020-05,ENERGIA COMPAÑIA PETROLERA S.A.,22.6451612903226
2020,5,2020-05,ENERGICON S.A.,0
2020,5,2020-05,EXXONMOBIL EXPLORATION AND PRODUCTION OFFSHORE ARGENTINA S.R.L.,0
2020,5,2020-05,EXXONMOBIL EXPLORATION ARGENTINA S.R.L.,832.253548387097
2020,5,2020-05,FOMICRUZ S.E.,9.65806451612903
2020,5,2020-05,GEOPARK ARGENTINA LTD. (SUCURSAL ARGENTINA),195.095193548387
2020,5,2020-05,GRECOIL y CIA. S.R.L.,0
2020,5,2020-05,HATTRICK ENERGY SAS,21.0564838709677
2020,5,2020-05,HIGH LUCK GROUP LTD. - SUCURSAL ARGENTINA,11.7220967741935
2020,5,2020-05,INGENIERIA ALPA S.A.,34.7364516129032
2020,5,2020-05,INGENIERIA SIMA S.A.,0.769354838709677
2020,5,2020-05,JEMSE - JUJUY ENERGIA y MINERIA S. E.,31.5564516129032
2020,5,2020-05,KILWER S.A.,0
2020,5,2020-05,MADALENA ENERGY ARGENTINA SRL ,179.852064129032
2020,5,2020-05,MEDANITO S.A.,138.953903225806
2020,5,2020-05,OIL M&S S.A.,0
2020,5,2020-05,OILSTONE ENERGIA S.A.,278.647962903226
2020,5,2020-05,PAMPA ENERGIA S.A.,10.0235483870968
2020,5,2020-05,PAMPETROL S.A.P.E.M,69.2883870967742
2020,5,2020-05,PAN AMERICAN ENERGY SL,16731.4696774194
2020,5,2020-05,PETROFARO S.A.,1.00967741935484
2020,5,2020-05,PETROLEOS SUDAMERICANOS S.A.,522.352258064516
2020,5,2020-05,Petrolera Aconcagua Energia S.A.,101.676129032258
2020,5,2020-05,PETROLERA DEL COMAHUE S.A.,0
2020,5,2020-05,PETROLERA EL TREBOL S.A.,0
2020,5,2020-05,PETROLERA PAMPA S.A. ,0
2020,5,2020-05,PETROLERA PIEDRA DEL AGUILA S.A.,0
2020,5,2020-05,PETROLERA SAN MIGUEL S.A.,0
2020,5,2020-05,PETROMINERA CHUBUT S.E.,0
2020,5,2020-05,PETROQUIMICA COMODORO RIVADAVIA S.A.,1338.37580645161
2020,5,2020-05,PLUSPETROL ENERGY S.A.,98.6106451612903
2020,5,2020-05,PLUSPETROL S.A.,3737.81647587419
2020,5,2020-05,PRESIDENT PETROLEUM S.A.,314.957838709677
2020,5,2020-05,QUINTANA E&P ARGENTINA S.R.L.,20.2354838709677
2020,5,2020-05,ROCH S.A.,24.3161290322581
2020,5,2020-05,SAN JORGE PETROLEUM S.A.,59.8493225806452
2020,5,2020-05,SELVA MARIA OIL S.A.,12.7991612903226
2020,5,2020-05,SHELL ARGENTINA S.A.,1476.59193548387
2020,5,2020-05,"SINOPEC ARGENTINA EXPLORATION AND PRODUCTION, INC.",2434.12987096774
2020,5,2020-05,TECPETROL S.A.,1461.50341935484
2020,5,2020-05,TOTAL AUSTRAL S.A.,1275.54709677419
2020,5,2020-05,VENOIL S.A.,0
2020,5,2020-05,VISTA OIL & GAS ARGENTINA SAU,1909.87341935484
2020,5,2020-05,WINTERSHALL DEA ARGENTINA S.A,194.089032258065
2020,5,2020-05,YPF S.A.,32548.0922580645
2020,6,2020-06,ALIANZA PETROLERA ARGENTINA S.A.,4.50533333333333
2020,6,2020-06,ARGENTA ENERGIA S.A.,0
2020,6,2020-06,CAPETROL ARGENTINA S.A.,9.06666666666667
2020,6,2020-06,CAPETROL S.A.,28.2
2020,6,2020-06,CAPEX S.A.,1168.85
2020,6,2020-06,CHAÑARES ENERGIA S.A.,0
2020,6,2020-06,CHEVRON ARGENTINA S.R.L.,789.539
2020,6,2020-06,COLHUE HUAPI S.A.,60.0333333333333
2020,6,2020-06,COMPAÑÍA GENERAL DE COMBUSTIBLES S.A.,397.871074
2020,6,2020-06,COMPAÑÍAS ASOCIADAS PETROLERAS S.A.,1911.36666666667
2020,6,2020-06,COPESA CIA CONSTRUCTORA PETROLERA SA,0
2020,6,2020-06,"CRI HOLDING, INC.",11.5378
2020,6,2020-06,CROWN POINT ENERGIA S.A.,0
2020,6,2020-06,ENAP SIPETROL ARGENTINA S.A.,896.584333333333
2020,6,2020-06,ENERGIA COMPAÑIA PETROLERA S.A.,23.5
2020,6,2020-06,ENERGICON S.A.,0
2020,6,2020-06,EXXONMOBIL EXPLORATION AND PRODUCTION OFFSHORE ARGENTINA S.R.L.,0
2020,6,2020-06,EXXONMOBIL EXPLORATION ARGENTINA S.R.L.,842.093666666667
2020,6,2020-06,FOMICRUZ S.E.,8.90333333333333
2020,6,2020-06,GEOPARK ARGENTINA LTD. (SUCURSAL ARGENTINA),211.624666666667
2020,6,2020-06,GRECOIL y CIA. S.R.L.,14.5433333333333
2020,6,2020-06,HATTRICK ENERGY SAS,20.3235666666667
2020,6,2020-06,HIGH LUCK GROUP LTD. - SUCURSAL ARGENTINA,2.88853333333333
2020,6,2020-06,INGENIERIA ALPA S.A.,36.043
2020,6,2020-06,INGENIERIA SIMA S.A.,0.987333333333333
2020,6,2020-06,JEMSE - JUJUY ENERGIA y MINERIA S. E.,31.8053666666667
2020,6,2020-06,KILWER S.A.,0
2020,6,2020-06,MADALENA ENERGY ARGENTINA SRL ,179.669985
2020,6,2020-06,MEDANITO S.A.,153.5302
2020,6,2020-06,OIL M&S S.A.,0
2020,6,2020-06,OILSTONE ENERGIA S.A.,263.775296566667
2020,6,2020-06,PAMPA ENERGIA S.A.,10.9443333333333
2020,6,2020-06,PAMPETROL S.A.P.E.M,67.279
2020,6,2020-06,PAN AMERICAN ENERGY SL,16221.9976666667
2020,6,2020-06,PETROFARO S.A.,1.34766666666667
2020,6,2020-06,PETROLEOS SUDAMERICANOS S.A.,521.998
2020,6,2020-06,Petrolera Aconcagua Energia S.A.,110.289333333333
2020,6,2020-06,PETROLERA DEL COMAHUE S.A.,0
2020,6,2020-06,PETROLERA EL TREBOL S.A.,0
2020,6,2020-06,PETROLERA PAMPA S.A. ,0
2020,6,2020-06,PETROLERA PIEDRA DEL AGUILA S.A.,0
2020,6,2020-06,PETROLERA SAN MIGUEL S.A.,0
2020,6,2020-06,PETROMINERA CHUBUT S.E.,0
2020,6,2020-06,PETROQUIMICA COMODORO RIVADAVIA S.A.,1334.71866666667
2020,6,2020-06,PLUSPETROL ENERGY S.A.,94.4983333333333
2020,6,2020-06,PLUSPETROL S.A.,4028.96908209067
2020,6,2020-06,PRESIDENT PETROLEUM S.A.,301.567833333333
2020,6,2020-06,QUINTANA E&P ARGENTINA S.R.L.,19.5333333333333
2020,6,2020-06,ROCH S.A.,23.0676666666667
2020,6,2020-06,SAN JORGE PETROLEUM S.A.,58.2526666666667
2020,6,2020-06,SELVA MARIA OIL S.A.,11.5456333333333
2020,6,2020-06,SHELL ARGENTINA S.A.,1492.097
2020,6,2020-06,"SINOPEC ARGENTINA EXPLORATION AND PRODUCTION, INC.",2260.4509
2020,6,2020-06,TECPETROL S.A.,1887.76323333333
2020,6,2020-06,TOTAL AUSTRAL S.A.,1334.91333333333
2020,6,2020-06,VENOIL S.A.,0
2020,6,2020-06,VISTA OIL & GAS ARGENTINA SAU,3586.91053333333
2020,6,2020-06,WINTERSHALL DEA ARGENTINA S.A,184.257
2020,6,2020-06,YPF S.A.,34460.0246666667
2020,7,2020-07,ALIANZA PETROLERA ARGENTINA S.A.,4.05612903225806
2020,7,2020-07,ARGENTA ENERGIA S.A.,0
2020,7,2020-07,CAPETROL ARGENTINA S.A.,6.38709677419355
2020,7,2020-07,CAPETROL S.A.,28
2020,7,2020-07,CAPEX S.A.,1148.88548387097
2020,7,2020-07,CHAÑARES ENERGIA S.A.,98.473935483871
2020,7,2020-07,CHEVRON ARGENTINA S.R.L.,754.92
2020,7,2020-07,COLHUE HUAPI S.A.,67.0967741935484
2020,7,2020-07,COMPAÑÍA GENERAL DE COMBUSTIBLES S.A.,360.43636083871
2020,7,2020-07,COMPAÑÍAS ASOCIADAS PETROLERAS S.A.,1830.48387096774
2020,7,2020-07,COPESA CIA CONSTRUCTORA PETROLERA SA,0
2020,7,2020-07,"CRI HOLDING, INC.",10.7303870967742
2020,7,2020-07,CROWN POINT ENERGIA S.A.,0
2020,7,2020-07,ENAP SIPETROL ARGENTINA S.A.,842.354193548387
2020,7,2020-07,ENERGIA COMPAÑIA PETROLERA S.A.,24.6774193548387
2020,7,2020-07,ENERGICON S.A.,0
2020,7,2020-07,EXXONMOBIL EXPLORATION AND PRODUCTION OFFSHORE ARGENTINA S.R.L.,0
2020,7,2020-07,EXXONMOBIL EXPLORATION ARGENTINA S.R.L.,505.399677419355
2020,7,2020-07,FOMICRUZ S.E.,8.18709677419355
2020,7,2020-07,GEOPARK ARGENTINA LTD. (SUCURSAL ARGENTINA),224.664193548387
2020,7,2020-07,GRECOIL y CIA. S.R.L.,5.87032258064516
2020,7,2020-07,HATTRICK ENERGY SAS,19.746935483871
2020,7,2020-07,HIGH LUCK GROUP LTD. - SUCURSAL ARGENTINA,36.2297096774194
2020,7,2020-07,INGENIERIA ALPA S.A.,35.8793548387097
2020,7,2020-07,INGENIERIA SIMA S.A.,0.182258064516129
2020,7,2020-07,JEMSE - JUJUY ENERGIA y MINERIA S. E.,32.3301612903226
2020,7,2020-07,KILWER S.A.,0
2020,7,2020-07,MADALENA ENERGY ARGENTINA SRL ,176.436366967742
2020,7,2020-07,MEDANITO S.A.,142.194322580645
2020,7,2020-07,OIL M&S S.A.,0
2020,7,2020-07,OILSTONE ENERGIA S.A.,236.387887129032
2020,7,2020-07,PAMPA ENERGIA S.A.,12.9045161290323
2020,7,2020-07,PAMPETROL S.A.P.E.M,70.3993548387097
2020,7,2020-07,PAN AMERICAN ENERGY SL,16125.9777419355
2020,7,2020-07,PETROFARO S.A.,1.38322580645161
2020,7,2020-07,PETROLEOS SUDAMERICANOS S.A.,498.714193548387
2020,7,2020-07,Petrolera Aconcagua Energia S.A.,103.364193548387
2020,7,2020-07,PETROLERA DEL COMAHUE S.A.,0.553225806451613
2020,7,2020-07,PETROLERA EL TREBOL S.A.,65.7654838709677
2020,7,2020-07,PETROLERA PAMPA S.A. ,0
2020,7,2020-07,PETROLERA SAN MIGUEL S.A.,0
2020,7,2020-07,PETROMINERA CHUBUT S.E.,0
2020,7,2020-07,PETROQUIMICA COMODORO RIVADAVIA S.A.,1315.26387096774
2020,7,2020-07,PLUSPETROL ENERGY S.A.,100.012903225806
2020,7,2020-07,PLUSPETROL S.A.,4164.27597128548
2020,7,2020-07,PRESIDENT PETROLEUM S.A.,295.218774193548
2020,7,2020-07,QUINTANA E&P ARGENTINA S.R.L.,21.1129032258065
2020,7,2020-07,ROCH S.A.,22.5493548387097
2020,7,2020-07,SAN JORGE PETROLEUM S.A.,107.098419354839
2020,7,2020-07,SELVA MARIA OIL S.A.,13.0411612903226
2020,7,2020-07,SHELL ARGENTINA S.A.,1524.52516129032
2020,7,2020-07,"SINOPEC ARGENTINA EXPLORATION AND PRODUCTION, INC.",2138.3655483871
2020,7,2020-07,TECPETROL S.A.,1947.79409677419
2020,7,2020-07,TOTAL AUSTRAL S.A.,1411.16516129032
2020,7,2020-07,VENOIL S.A.,0
2020,7,2020-07,VISTA OIL & GAS ARGENTINA SAU,3020.52567741935
2020,7,2020-07,WINTERSHALL DEA ARGENTINA S.A,135.950322580645
2020,7,2020-07,YPF S.A.,34947.5290322581
2020,8,2020-08,ALIANZA PETROLERA ARGENTINA S.A.,3.07870967741935
2020,8,2020-08,ARGENTA ENERGIA S.A.,0
2020,8,2020-08,CAPETROL ARGENTINA S.A.,9.93548387096774
2020,8,2020-08,CAPETROL S.A.,28
2020,8,2020-08,CAPEX S.A.,1141.78548387097
2020,8,2020-08,CHAÑARES ENERGIA S.A.,133.240129032258
2020,8,2020-08,CHEVRON ARGENTINA S.R.L.,765.517741935484
2020,8,2020-08,COLHUE HUAPI S.A.,60.0967741935484
2020,8,2020-08,COMPAÑÍA GENERAL DE COMBUSTIBLES S.A.,348.126586612903
2020,8,2020-08,COMPAÑÍAS ASOCIADAS PETROLERAS S.A.,1781.64516129032
2020,8,2020-08,COPESA CIA CONSTRUCTORA PETROLERA SA,0
2020,8,2020-08,"CRI HOLDING, INC.",12.819
2020,8,2020-08,CROWN POINT ENERGIA S.A.,0
2020,8,2020-08,ENAP SIPETROL ARGENTINA S.A.,833.153548387097
2020,8,2020-08,ENERGIA COMPAÑIA PETROLERA S.A.,24
2020,8,2020-08,ENERGICON S.A.,0
2020,8,2020-08,EXXONMOBIL EXPLORATION AND PRODUCTION OFFSHORE ARGENTINA S.R.L.,0
2020,8,2020-08,EXXONMOBIL EXPLORATION ARGENTINA S.R.L.,834.999032258065
2020,8,2020-08,FOMICRUZ S.E.,9.07741935483871
2020,8,2020-08,GEOPARK ARGENTINA LTD. (SUCURSAL ARGENTINA),222.998709677419
2020,8,2020-08,GRECOIL y CIA. S.R.L.,0
2020,8,2020-08,HATTRICK ENERGY SAS,19.8531935483871
2020,8,2020-08,HIGH LUCK GROUP LTD. - SUCURSAL ARGENTINA,68.2637096774194
2020,8,2020-08,INGENIERIA ALPA S.A.,30.7732258064516
2020,8,2020-08,INGENIERIA SIMA S.A.,0.23258064516129
2020,8,2020-08,JEMSE - JUJUY ENERGIA y MINERIA S. E.,32.4877419354839
2020,8,2020-08,JUJUY HIDROCARBUROS SAU,32.4877419354839
2020,8,2020-08,KILWER S.A.,0
2020,8,2020-08,MADALENA ENERGY ARGENTINA SRL ,173.024826419355
2020,8,2020-08,MEDANITO S.A.,133.512096774194
2020,8,2020-08,OIL M&S S.A.,0
2020,8,2020-08,OILSTONE ENERGIA S.A.,247.319105096774
2020,8,2020-08,PAMPA ENERGIA S.A.,13.4364516129032
2020,8,2020-08,PAMPETROL S.A.P.E.M,71.2906451612903
2020,8,2020-08,PAN AMERICAN ENERGY SL,16032.5270967742
2020,8,2020-08,PETROFARO S.A.,1.37129032258065
2020,8,2020-08,PETROLEOS SUDAMERICANOS S.A.,506.17064516129
2020,8,2020-08,Petrolera Aconcagua Energia S.A.,104.808709677419
2020,8,2020-08,PETROLERA DEL COMAHUE S.A.,0.57258064516129
2020,8,2020-08,PETROLERA EL TREBOL S.A.,339.438387096774
2020,8,2020-08,PETROLERA PAMPA S.A. ,0
2020,8,2020-08,PETROLERA SAN MIGUEL S.A.,0
2020,8,2020-08,PETROMINERA CHUBUT S.E.,0
2020,8,2020-08,PETROQUIMICA COMODORO RIVADAVIA S.A.,1364.11967741935
2020,8,2020-08,PLUSPETROL ENERGY S.A.,103.077419354839
2020,8,2020-08,PLUSPETROL S.A.,4155.41039401806
2020,8,2020-08,PRESIDENT PETROLEUM S.A.,262.249516129032
2020,8,2020-08,QUINTANA E&P ARGENTINA S.R.L.,21.5193548387097
2020,8,2020-08,ROCH S.A.,28.24
2020,8,2020-08,SAN JORGE PETROLEUM S.A.,126.525741935484
2020,8,2020-08,SELVA MARIA OIL S.A.,17.4068709677419
2020,8,2020-08,SHELL ARGENTINA S.A.,1563.69129032258
2020,8,2020-08,"SINOPEC ARGENTINA EXPLORATION AND PRODUCTION, INC.",2141.35206451613
2020,8,2020-08,TECPETROL S.A.,1949.76551612903
2020,8,2020-08,TOTAL AUSTRAL S.A.,1572.22187096774
2020,8,2020-08,VENOIL S.A.,0
2020,8,2020-08,VISTA OIL & GAS ARGENTINA SAU,2731.6355483871
2020,8,2020-08,WINTERSHALL DEA ARGENTINA S.A,173.347741935484
2020,8,2020-08,YPF S.A.,34937.1122580645
2020,9,2020-09,ALIANZA PETROLERA ARGENTINA S.A.,3.37266666666667
2020,9,2020-09,ARGENTA ENERGIA S.A.,0
2020,9,2020-09,CAPETROL ARGENTINA S.A.,8.6
2020,9,2020-09,CAPETROL S.A.,29
2020,9,2020-09,CAPEX S.A.,1146.345
2020,9,2020-09,CHAÑARES ENERGIA S.A.,138.7374
2020,9,2020-09,CHEVRON ARGENTINA S.R.L.,763.944
2020,9,2020-09,COLHUE HUAPI S.A.,59.7333333333333
2020,9,2020-09,COMPAÑÍA GENERAL DE COMBUSTIBLES S.A.,376.130436966667
2020,9,2020-09,COMPAÑÍAS ASOCIADAS PETROLERAS S.A.,1733.067
2020,9,2020-09,COPESA CIA CONSTRUCTORA PETROLERA SA,0
2020,9,2020-09,"CRI HOLDING, INC.",13.5064666666667
2020,9,2020-09,CROWN POINT ENERGIA S.A.,0
2020,9,2020-09,ENAP SIPETROL ARGENTINA S.A.,794.465666666667
2020,9,2020-09,ENERGIA COMPAÑIA PETROLERA S.A.,24.5
2020,9,2020-09,ENERGICON S.A.,0
2020,9,2020-09,EXXONMOBIL EXPLORATION AND PRODUCTION OFFSHORE ARGENTINA S.R.L.,0
2020,9,2020-09,EXXONMOBIL EXPLORATION ARGENTINA S.R.L.,852.27
2020,9,2020-09,FOMICRUZ S.E.,10.0366666666667
2020,9,2020-09,GEOPARK ARGENTINA LTD. (SUCURSAL ARGENTINA),211.146333333333
2020,9,2020-09,GRECOIL y CIA. S.R.L.,4.98713333333333
2020,9,2020-09,HATTRICK ENERGY SAS,14.4201
2020,9,2020-09,HIGH LUCK GROUP LTD. - SUCURSAL ARGENTINA,92.5256666666667
2020,9,2020-09,INGENIERIA ALPA S.A.,35.9776666666667
2020,9,2020-09,INGENIERIA SIMA S.A.,0.259666666666667
2020,9,2020-09,JEMSE - JUJUY ENERGIA y MINERIA S. E.,32.6545
2020,9,2020-09,JUJUY HIDROCARBUROS SAU,32.6545
2020,9,2020-09,KILWER S.A.,0
2020,9,2020-09,MADALENA ENERGY ARGENTINA SRL ,166.855352233333
2020,9,2020-09,MEDANITO S.A.,102.715133333333
2020,9,2020-09,OILSTONE ENERGIA S.A.,259.3204666
2020,9,2020-09,PAMPA ENERGIA S.A.,11.511
2020,9,2020-09,PAMPETROL S.A.P.E.M,68.1486666666667
2020,9,2020-09,PAN AMERICAN ENERGY SL,16222.702
2020,9,2020-09,PETROFARO S.A.,1.433
2020,9,2020-09,PETROLEOS SUDAMERICANOS S.A.,514.985666666667
2020,9,2020-09,Petrolera Aconcagua Energia S.A.,98.965
2020,9,2020-09,PETROLERA DEL COMAHUE S.A.,0.593333333333333
2020,9,2020-09,PETROLERA EL TREBOL S.A.,303.523366666667
2020,9,2020-09,PETROLERA PAMPA S.A. ,0
2020,9,2020-09,PETROLERA SAN MIGUEL S.A.,0
2020,9,2020-09,PETROMINERA CHUBUT S.E.,0
2020,9,2020-09,PETROQUIMICA COMODORO RIVADAVIA S.A.,1374.98633333333
2020,9,2020-09,PLUSPETROL ENERGY S.A.,101.284666666667
2020,9,2020-09,PLUSPETROL S.A.,4095.21185474833
2020,9,2020-09,PRESIDENT PETROLEUM S.A.,265.495866666667
2020,9,2020-09,QUINTANA E&P ARGENTINA S.R.L.,19.4633333333333
2020,9,2020-09,ROCH S.A.,409.3148
2020,9,2020-09,SAN JORGE PETROLEUM S.A.,123.801666666667
2020,9,2020-09,SELVA MARIA OIL S.A.,26.0940014
2020,9,2020-09,SHELL ARGENTINA S.A.,1660.54133333333
2020,9,2020-09,"SINOPEC ARGENTINA EXPLORATION AND PRODUCTION, INC.",2317.73403333333
2020,9,2020-09,TECPETROL S.A.,1987.5036
2020,9,2020-09,TOTAL AUSTRAL S.A.,1566.88966666667
2020,9,2020-09,VENOIL S.A.,0
2020,9,2020-09,VISTA OIL & GAS ARGENTINA SAU,2402.78256666667
2020,9,2020-09,WINTERSHALL DEA ARGENTINA S.A,160.422666666667
2020,9,2020-09,YPF S.A.,34192.9636666667
2020,10,2020-10,ALIANZA PETROLERA ARGENTINA S.A.,3.23548387096774
2020,10,2020-10,ARGENTA ENERGIA S.A.,0
2020,10,2020-10,CAPETROL ARGENTINA S.A.,25.6129032258065
2020,10,2020-10,CAPETROL S.A.,31.9354838709677
2020,10,2020-10,CAPEX S.A.,1127.66258064516
2020,10,2020-10,CHAÑARES ENERGIA S.A.,144.640032258065
2020,10,2020-10,CHEVRON ARGENTINA S.R.L.,752.407741935484
2020,10,2020-10,COLHUE HUAPI S.A.,57.5806451612903
2020,10,2020-10,COMPAÑÍA GENERAL DE COMBUSTIBLES S.A.,394.457116129032
2020,10,2020-10,COMPAÑÍAS ASOCIADAS PETROLERAS S.A.,1738.03258064516
2020,10,2020-10,COPESA CIA CONSTRUCTORA PETROLERA SA,0
2020,10,2020-10,"CRI HOLDING, INC.",14.2172580645161
2020,10,2020-10,CROWN POINT ENERGIA S.A.,0
2020,10,2020-10,ENAP SIPETROL ARGENTINA S.A.,766.577741935484
2020,10,2020-10,ENERGIA COMPAÑIA PETROLERA S.A.,23.5483870967742
2020,10,2020-10,ENERGICON S.A.,0
2020,10,2020-10,EXXONMOBIL EXPLORATION AND PRODUCTION OFFSHORE ARGENTINA S.R.L.,0
2020,10,2020-10,EXXONMOBIL EXPLORATION ARGENTINA S.R.L.,913.53064516129
2020,10,2020-10,FOMICRUZ S.E.,10.0838709677419
2020,10,2020-10,GEOPARK ARGENTINA LTD. (SUCURSAL ARGENTINA),198.351903225806
2020,10,2020-10,GRECOIL y CIA. S.R.L.,14.0149677419355
2020,10,2020-10,HATTRICK ENERGY SAS,19.3114193548387
2020,10,2020-10,HIGH LUCK GROUP LTD. - SUCURSAL ARGENTINA,125.041064516129
2020,10,2020-10,INGENIERIA ALPA S.A.,38.1654838709677
2020,10,2020-10,INGENIERIA SIMA S.A.,0.226774193548387
2020,10,2020-10,JEMSE - JUJUY ENERGIA y MINERIA S. E.,31.8150967741935
2020,10,2020-10,JUJUY HIDROCARBUROS SAU,31.8150967741935
2020,10,2020-10,KILWER S.A.,0
2020,10,2020-10,MADALENA ENERGY ARGENTINA SRL ,148.538400387097
2020,10,2020-10,MEDANITO S.A.,126.85164516129
2020,10,2020-10,OILSTONE ENERGIA S.A.,276.42001583871
2020,10,2020-10,PAMPA ENERGIA S.A.,11.2532258064516
2020,10,2020-10,PAMPETROL S.A.P.E.M,60.9235483870968
2020,10,2020-10,PAN AMERICAN ENERGY SL,16364.0522580645
2020,10,2020-10,PETROFARO S.A.,1.32677419354839
2020,10,2020-10,PETROLEOS SUDAMERICANOS S.A.,508.493870967742
2020,10,2020-10,Petrolera Aconcagua Energia S.A.,101.827741935484
2020,10,2020-10,PETROLERA DEL COMAHUE S.A.,0.370967741935484
2020,10,2020-10,PETROLERA EL TREBOL S.A.,273.272387096774
2020,10,2020-10,PETROLERA PAMPA S.A. ,0
2020,10,2020-10,PETROLERA SAN MIGUEL S.A.,0
2020,10,2020-10,PETROMINERA CHUBUT S.E.,0
2020,10,2020-10,PETROQUIMICA COMODORO RIVADAVIA S.A.,1290.97322580645
2020,10,2020-10,PLUSPETROL ENERGY S.A.,98.0490322580645
2020,10,2020-10,PLUSPETROL S.A.,4012.03831991516
2020,10,2020-10,PRESIDENT PETROLEUM S.A.,262.094451612903
2020,10,2020-10,QUINTANA E&P ARGENTINA S.R.L.,20.3483870967742
2020,10,2020-10,ROCH S.A.,462.173838709677
2020,10,2020-10,SAN JORGE PETROLEUM S.A.,120.66
2020,10,2020-10,SELVA MARIA OIL S.A.,26.3086881612903
2020,10,2020-10,SHELL ARGENTINA S.A.,1696.22741935484
2020,10,2020-10,"SINOPEC ARGENTINA EXPLORATION AND PRODUCTION, INC.",2308.5075483871
2020,10,2020-10,TECPETROL S.A.,1933.62725806452
2020,10,2020-10,TOTAL AUSTRAL S.A.,1617.02129032258
2020,10,2020-10,VENOIL S.A.,0
2020,10,2020-10,VISTA OIL & GAS ARGENTINA SAU,3367.47541935484
2020,10,2020-10,WINTERSHALL DEA ARGENTINA S.A,147.961290322581
2020,10,2020-10,YPF S.A.,33728.9609677419
2020,11,2020-11,ALIANZA PETROLERA ARGENTINA S.A.,3.315
2020,11,2020-11,ARGENTA ENERGIA S.A.,0
2020,11,2020-11,CAPETROL ARGENTINA S.A.,8.2
2020,11,2020-11,CAPETROL S.A.,29.4
2020,11,2020-11,CAPEX S.A.,1125.97733333333
2020,11,2020-11,CHAÑARES ENERGIA S.A.,131.319233333333
2020,11,2020-11,CHEVRON ARGENTINA S.R.L.,804.984
2020,11,2020-11,COLHUE HUAPI S.A.,56.8666666666667
2020,11,2020-11,COMPAÑÍA GENERAL DE COMBUSTIBLES S.A.,423.2607212
2020,11,2020-11,COMPAÑÍAS ASOCIADAS PETROLERAS S.A.,1777.19966666667
2020,11,2020-11,COPESA CIA CONSTRUCTORA PETROLERA SA,0
2020,11,2020-11,"CRI HOLDING, INC.",13.7441333333333
2020,11,2020-11,CROWN POINT ENERGIA S.A.,0
2020,11,2020-11,ENAP SIPETROL ARGENTINA S.A.,657.785666666667
2020,11,2020-11,ENERGIA COMPAÑIA PETROLERA S.A.,23
2020,11,2020-11,ENERGICON S.A.,0
2020,11,2020-11,EXXONMOBIL EXPLORATION AND PRODUCTION OFFSHORE ARGENTINA S.R.L.,0
2020,11,2020-11,EXXONMOBIL EXPLORATION ARGENTINA S.R.L.,867.145
2020,11,2020-11,FOMICRUZ S.E.,9.49666666666667
2020,11,2020-11,GEOPARK ARGENTINA LTD. (SUCURSAL ARGENTINA),193.729433333333
2020,11,2020-11,GRECOIL y CIA. S.R.L.,6.8992
2020,11,2020-11,HATTRICK ENERGY SAS,26.1899333333333
2020,11,2020-11,HIGH LUCK GROUP LTD. - SUCURSAL ARGENTINA,123.983422713887
2020,11,2020-11,INGENIERIA ALPA S.A.,39.1416666666667
2020,11,2020-11,INGENIERIA SIMA S.A.,0.226
2020,11,2020-11,JEMSE - JUJUY ENERGIA y MINERIA S. E.,29.8818333333333
2020,11,2020-11,JUJUY HIDROCARBUROS SAU,29.8818333333333
2020,11,2020-11,KILWER S.A.,56.2161
2020,11,2020-11,MADALENA ENERGY ARGENTINA SRL ,107.976184433333
2020,11,2020-11,MEDANITO S.A.,136.363533333333
2020,11,2020-11,OILSTONE ENERGIA S.A.,259.451936
2020,11,2020-11,PAMPA ENERGIA S.A.,10.1256666666667
2020,11,2020-11,PAMPETROL S.A.P.E.M,71.524
2020,11,2020-11,PAN AMERICAN ENERGY SL,16165.0956666667
2020,11,2020-11,PETROFARO S.A.,1.27133333333333
2020,11,2020-11,PETROLEOS SUDAMERICANOS S.A.,500.434333333333
2020,11,2020-11,Petrolera Aconcagua Energia S.A.,99.592
2020,11,2020-11,PETROLERA DEL COMAHUE S.A.,0.04
2020,11,2020-11,PETROLERA EL TREBOL S.A.,276.631133333333
2020,11,2020-11,PETROLERA PAMPA S.A. ,0
2020,11,2020-11,PETROLERA SAN MIGUEL S.A.,0
2020,11,2020-11,PETROMINERA CHUBUT S.E.,0
2020,11,2020-11,PETROQUIMICA COMODORO RIVADAVIA S.A.,1253.453
2020,11,2020-11,PLUSPETROL ENERGY S.A.,94.4573333333333
2020,11,2020-11,PLUSPETROL S.A.,3972.00983265833
2020,11,2020-11,PRESIDENT PETROLEUM S.A.,268.153033333333
2020,11,2020-11,QUINTANA E&P ARGENTINA S.R.L.,19.9133333333333
2020,11,2020-11,ROCH S.A.,404.201033333333
2020,11,2020-11,SAN JORGE PETROLEUM S.A.,120.4601
2020,11,2020-11,SELVA MARIA OIL S.A.,31.4775875
2020,11,2020-11,SHELL ARGENTINA S.A.,1915.96133333333
2020,11,2020-11,"SINOPEC ARGENTINA EXPLORATION AND PRODUCTION, INC.",2346.04933333333
2020,11,2020-11,TECPETROL S.A.,1883.21153333333
2020,11,2020-11,TOTAL AUSTRAL S.A.,1553.962
2020,11,2020-11,VENOIL S.A.,0
2020,11,2020-11,VISTA OIL & GAS ARGENTINA SAU,3565.06123333333
2020,11,2020-11,WINTERSHALL DEA ARGENTINA S.A,139.572666666667
2020,11,2020-11,YPF S.A.,33725.018
2020,12,2020-12,ALIANZA PETROLERA ARGENTINA S.A.,3.75064516129032
2020,12,2020-12,ARGENTA ENERGIA S.A.,0
2020,12,2020-12,CAPETROL ARGENTINA S.A.,22.4516129032258
2020,12,2020-12,CAPETROL S.A.,29.6774193548387
2020,12,2020-12,CAPEX S.A.,1111.72387096774
2020,12,2020-12,CHAÑARES ENERGIA S.A.,105.166806451613
2020,12,2020-12,CHEVRON ARGENTINA S.R.L.,957.607741935484
2020,12,2020-12,COLHUE HUAPI S.A.,56.5351612903226
2020,12,2020-12,COMPAÑÍA GENERAL DE COMBUSTIBLES S.A.,436.463083225806
2020,12,2020-12,COMPAÑÍAS ASOCIADAS PETROLERAS S.A.,1781.61290322581
2020,12,2020-12,COPESA CIA CONSTRUCTORA PETROLERA SA,0
2020,12,2020-12,"CRI HOLDING, INC.",14.2935806451613
2020,12,2020-12,CROWN POINT ENERGIA S.A.,0
2020,12,2020-12,ENAP SIPETROL ARGENTINA S.A.,774.342580645161
2020,12,2020-12,ENERGIA COMPAÑIA PETROLERA S.A.,20.9677419354839
2020,12,2020-12,ENERGICON S.A.,0
2020,12,2020-12,EXXONMOBIL EXPLORATION AND PRODUCTION OFFSHORE ARGENTINA S.R.L.,0
2020,12,2020-12,EXXONMOBIL EXPLORATION ARGENTINA S.R.L.,701.636451612903
2020,12,2020-12,FOMICRUZ S.E.,9.20967741935484
2020,12,2020-12,GEOPARK ARGENTINA LTD. (SUCURSAL ARGENTINA),195.974838709677
2020,12,2020-12,GRECOIL y CIA. S.R.L.,8.51829032258065
2020,12,2020-12,HATTRICK ENERGY SAS,24.294064516129
2020,12,2020-12,HIGH LUCK GROUP LTD. - SUCURSAL ARGENTINA,119.223641935484
2020,12,2020-12,INGENIERIA ALPA S.A.,38.6877419354839
2020,12,2020-12,INGENIERIA SIMA S.A.,0.212903225806452
2020,12,2020-12,JEMSE - JUJUY ENERGIA y MINERIA S. E.,32.9579032258065
2020,12,2020-12,JUJUY HIDROCARBUROS SAU,32.9579032258065
2020,12,2020-12,KILWER S.A.,100.028032258065
2020,12,2020-12,MADALENA ENERGY ARGENTINA SRL ,111.918193548387
2020,12,2020-12,MEDANITO S.A.,142.912161290323
2020,12,2020-12,OILSTONE ENERGIA S.A.,262.93409783871
2020,12,2020-12,PAMPA ENERGIA S.A.,7.60870967741935
2020,12,2020-12,PAMPETROL S.A.P.E.M,75.0922580645161
2020,12,2020-12,PAN AMERICAN ENERGY SL,16213.3851612903
2020,12,2020-12,PETROFARO S.A.,1.1241935483871
2020,12,2020-12,PETROLEOS SUDAMERICANOS S.A.,494.846129032258
2020,12,2020-12,Petrolera Aconcagua Energia S.A.,98.7861290322581
2020,12,2020-12,PETROLERA DEL COMAHUE S.A.,0.1
2020,12,2020-12,PETROLERA EL TREBOL S.A.,276.708096774194
2020,12,2020-12,PETROLERA PAMPA S.A. ,0
2020,12,2020-12,PETROLERA SAN MIGUEL S.A.,0
2020,12,2020-12,PETROMINERA CHUBUT S.E.,0
2020,12,2020-12,PETROQUIMICA COMODORO RIVADAVIA S.A.,1189.05258064516
2020,12,2020-12,PLUSPETROL ENERGY S.A.,92.4106451612903
2020,12,2020-12,PLUSPETROL S.A.,3686.72037880064
2020,12,2020-12,PRESIDENT PETROLEUM S.A.,294.772193548387
2020,12,2020-12,QUINTANA E&P ARGENTINA S.R.L.,19.3387096774194
2020,12,2020-12,ROCH S.A.,376.533870967742
2020,12,2020-12,SAN JORGE PETROLEUM S.A.,121.495193548387
2020,12,2020-12,SELVA MARIA OIL S.A.,33.8876949032258
2020,12,2020-12,SHELL ARGENTINA S.A.,2038.01129032258
2020,12,2020-12,"SINOPEC ARGENTINA EXPLORATION AND PRODUCTION, INC.",2321.21038709677
2020,12,2020-12,TECPETROL S.A.,1854.16003225806
2020,12,2020-12,TOTAL AUSTRAL S.A.,1466.56867741935
2020,12,2020-12,VENOIL S.A.,0
2020,12,2020-12,VISTA OIL & GAS ARGENTINA SAU,3869.941
2020,12,2020-12,WINTERSHALL DEA ARGENTINA S.A,135.74935483871
2020,12,2020-12,YPF S.A.,34514.7461290323
2021,1,2021-01,ALIANZA PETROLERA ARGENTINA S.A.,3.66645161290323
2021,1,2021-01,ARGENTA ENERGIA S.A.,0
2021,1,2021-01,CAPETROL ARGENTINA S.A.,16
2021,1,2021-01,CAPETROL S.A.,26.7741935483871
2021,1,2021-01,CAPEX S.A.,1150.02451612903
2021,1,2021-01,CHAÑARES ENERGIA S.A.,83.8706129032258
2021,1,2021-01,CHEVRON ARGENTINA S.R.L.,1062.8464516129
2021,1,2021-01,COLHUE HUAPI S.A.,56
2021,1,2021-01,COMPAÑÍA GENERAL DE COMBUSTIBLES S.A.,420.695249935484
2021,1,2021-01,COMPAÑÍAS ASOCIADAS PETROLERAS S.A.,1813.74193548387
2021,1,2021-01,COPESA CIA CONSTRUCTORA PETROLERA SA,0
2021,1,2021-01,"CRI HOLDING, INC.",13.9516129032258
2021,1,2021-01,CROWN POINT ENERGIA S.A.,0
2021,1,2021-01,ENAP SIPETROL ARGENTINA S.A.,725.141290322581
2021,1,2021-01,ENERGIA COMPAÑIA PETROLERA S.A.,20.9677419354839
2021,1,2021-01,ENERGICON S.A.,0
2021,1,2021-01,EXXONMOBIL EXPLORATION AND PRODUCTION OFFSHORE ARGENTINA S.R.L.,0
2021,1,2021-01,EXXONMOBIL EXPLORATION ARGENTINA S.R.L.,640.74064516129
2021,1,2021-01,FOMICRUZ S.E.,8.53870967741936
2021,1,2021-01,GEOPARK ARGENTINA LTD. (SUCURSAL ARGENTINA),208.676096774194
2021,1,2021-01,GRECOIL y CIA. S.R.L.,8.00567741935484
2021,1,2021-01,HATTRICK ENERGY SAS,20.8241612903226
2021,1,2021-01,HIGH LUCK GROUP LTD. - SUCURSAL ARGENTINA,0
2021,1,2021-01,INGENIERIA ALPA S.A.,35.9290322580645
2021,1,2021-01,INGENIERIA SIMA S.A.,0.214516129032258
2021,1,2021-01,JEMSE - JUJUY ENERGIA y MINERIA S. E.,32.4006451612903
2021,1,2021-01,JUJUY HIDROCARBUROS SAU,32.4006451612903
2021,1,2021-01,KILWER S.A.,88.116064516129
2021,1,2021-01,MADALENA ENERGY ARGENTINA SRL ,78.884
2021,1,2021-01,MEDANITO S.A.,139.957806451613
2021,1,2021-01,OILSTONE ENERGIA S.A.,242.09326883871
2021,1,2021-01,PAMPA ENERGIA S.A.,7.47451612903226
2021,1,2021-01,PAMPETROL S.A.P.E.M,76.6832258064516
2021,1,2021-01,PAN AMERICAN ENERGY SL,15969.1151612903
2021,1,2021-01,PETROFARO S.A.,0.655806451612903
2021,1,2021-01,PETROLEOS SUDAMERICANOS S.A.,488.891612903226
2021,1,2021-01,Petrolera Aconcagua Energia S.A.,100.705806451613
2021,1,2021-01,PETROLERA DEL COMAHUE S.A.,0.192903225806452
2021,1,2021-01,PETROLERA EL TREBOL S.A.,243.050580645161
2021,1,2021-01,PETROLERA PAMPA S.A. ,0
2021,1,2021-01,PETROLERA SAN MIGUEL S.A.,0
2021,1,2021-01,PETROMINERA CHUBUT S.E.,0
2021,1,2021-01,PETROQUIMICA COMODORO RIVADAVIA S.A.,1181.4264516129
2021,1,2021-01,PLUSPETROL ENERGY S.A.,92.201935483871
2021,1,2021-01,PLUSPETROL S.A.,3704.09047226032
2021,1,2021-01,PRESIDENT PETROLEUM S.A.,296.885161290323
2021,1,2021-01,QUINTANA E&P ARGENTINA S.R.L.,19.8354838709677
2021,1,2021-01,RECURSOS Y ENERGIA FORMOSA S.A.,36.2224193548387
2021,1,2021-01,ROCH S.A.,351.087870967742
2021,1,2021-01,SAN JORGE PETROLEUM S.A.,117.013032258065
2021,1,2021-01,SELVA MARIA OIL S.A.,31.3435806451613
2021,1,2021-01,SHELL ARGENTINA S.A.,2080.59096774194
2021,1,2021-01,"SINOPEC ARGENTINA EXPLORATION AND PRODUCTION, INC.",2305.54690322581
2021,1,2021-01,TECPETROL S.A.,1842.57338709677
2021,1,2021-01,TOTAL AUSTRAL S.A.,1502.01161290323
2021,1,2021-01,VENOIL S.A.,0
2021,1,2021-01,VISTA OIL & GAS ARGENTINA SAU,3998.90474193548
2021,1,2021-01,WINTERSHALL DEA ARGENTINA S.A,129.631612903226
2021,1,2021-01,YPF S.A.,35982.1809677419
2021,2,2021-02,ALIANZA PETROLERA ARGENTINA S.A.,3.67214285714286
2021,2,2021-02,ARGENTA ENERGIA S.A.,0
2021,2,2021-02,CAPETROL ARGENTINA S.A.,23.0357142857143
2021,2,2021-02,CAPETROL S.A.,30.0714285714286
2021,2,2021-02,CAPEX S.A.,1164.84678571429
2021,2,2021-02,CHEVRON ARGENTINA S.R.L.,1116.74321428571
2021,2,2021-02,COLHUE HUAPI S.A.,55.5357142857143
2021,2,2021-02,COMPAÑÍA GENERAL DE COMBUSTIBLES S.A.,418.002568107143
2021,2,2021-02,COMPAÑÍAS ASOCIADAS PETROLERAS S.A.,1832.10714285714
2021,2,2021-02,COPESA CIA CONSTRUCTORA PETROLERA SA,0
2021,2,2021-02,"CRI HOLDING, INC.",13.4321428571429
2021,2,2021-02,CROWN POINT ENERGIA S.A.,0
2021,2,2021-02,ENAP SIPETROL ARGENTINA S.A.,747.602857142857
2021,2,2021-02,ENERGIA COMPAÑIA PETROLERA S.A.,21
2021,2,2021-02,ENERGICON S.A.,0
2021,2,2021-02,EXXONMOBIL EXPLORATION AND PRODUCTION OFFSHORE ARGENTINA S.R.L.,0
2021,2,2021-02,EXXONMOBIL EXPLORATION ARGENTINA S.R.L.,505.791071428571
2021,2,2021-02,FOMICRUZ S.E.,8.91071428571429
2021,2,2021-02,GEOPARK ARGENTINA LTD. (SUCURSAL ARGENTINA),207.353928571429
2021,2,2021-02,GRECOIL y CIA. S.R.L.,6.78564285714286
2021,2,2021-02,HATTRICK ENERGY SAS,21.6363928571429
2021,2,2021-02,HIGH LUCK GROUP LTD. - SUCURSAL ARGENTINA,68.5276785714286
2021,2,2021-02,INGENIERIA ALPA S.A.,38.4332142857143
2021,2,2021-02,INGENIERIA SIMA S.A.,0.215
2021,2,2021-02,JEMSE - JUJUY ENERGIA y MINERIA S. E.,32.4366071428571
2021,2,2021-02,JUJUY HIDROCARBUROS SAU,32.4366071428571
2021,2,2021-02,KILWER S.A.,81.5357142857143
2021,2,2021-02,MADALENA ENERGY ARGENTINA SRL ,77.3891071428571
2021,2,2021-02,MEDANITO S.A.,140.192464285714
2021,2,2021-02,OILSTONE ENERGIA S.A.,249.399843892857
2021,2,2021-02,PAMPA ENERGIA S.A.,7.85571428571429
2021,2,2021-02,PAMPETROL S.A.P.E.M,79.0075
2021,2,2021-02,PAN AMERICAN ENERGY SL,15877.95
2021,2,2021-02,PETROFARO S.A.,1.25892857142857
2021,2,2021-02,PETROLEOS SUDAMERICANOS S.A.,484.813928571429
2021,2,2021-02,Petrolera Aconcagua Energia S.A.,98.7403571428571
2021,2,2021-02,PETROLERA DEL COMAHUE S.A.,0.215714285714286
2021,2,2021-02,PETROLERA EL TREBOL S.A.,238.771821428571
2021,2,2021-02,PETROLERA PAMPA S.A. ,0
2021,2,2021-02,PETROLERA SAN MIGUEL S.A.,0
2021,2,2021-02,PETROMINERA CHUBUT S.E.,0
2021,2,2021-02,PETROQUIMICA COMODORO RIVADAVIA S.A.,1140.43107142857
2021,2,2021-02,PLUSPETROL ENERGY S.A.,98.0807142857143
2021,2,2021-02,PLUSPETROL S.A.,4226.28284699679
2021,2,2021-02,PRESIDENT PETROLEUM S.A.,271.796071428571
2021,2,2021-02,QUINTANA E&P ARGENTINA S.R.L.,19.1428571428571
2021,2,2021-02,RECURSOS Y ENERGIA FORMOSA S.A.,45.5
2021,2,2021-02,ROCH S.A.,353.621535714286
2021,2,2021-02,SAN JORGE PETROLEUM S.A.,116.968321428571
2021,2,2021-02,SELVA MARIA OIL S.A.,32.1763928571429
2021,2,2021-02,SHELL ARGENTINA S.A.,2180.36035714286
2021,2,2021-02,"SINOPEC ARGENTINA EXPLORATION AND PRODUCTION, INC.",2300.16442857143
2021,2,2021-02,TECPETROL S.A.,1885.997
2021,2,2021-02,TOTAL AUSTRAL S.A.,1433.57996428571
2021,2,2021-02,VENOIL S.A.,0
2021,2,2021-02,VISTA OIL & GAS ARGENTINA SAU,3908.30689285714
2021,2,2021-02,WINTERSHALL DEA ARGENTINA S.A,126.949285714286
2021,2,2021-02,YPF S.A.,36501.675
2021,3,2021-03,ALIANZA PETROLERA ARGENTINA S.A.,3.7841935483871
2021,3,2021-03,ARGENTA ENERGIA S.A.,0
2021,3,2021-03,CAPETROL ARGENTINA S.A.,13.2903225806452
2021,3,2021-03,CAPETROL S.A.,30.1612903225806
2021,3,2021-03,CAPEX S.A.,1138.05548387097
2021,3,2021-03,CHEVRON ARGENTINA S.R.L.,1143.45161290323
2021,3,2021-03,COLHUE HUAPI S.A.,61.9032258064516
2021,3,2021-03,COMPAÑÍA GENERAL DE COMBUSTIBLES S.A.,404.952432032258
2021,3,2021-03,COMPAÑÍAS ASOCIADAS PETROLERAS S.A.,1791.83870967742
2021,3,2021-03,COPESA CIA CONSTRUCTORA PETROLERA SA,0
2021,3,2021-03,"CRI HOLDING, INC.",13.6903225806452
2021,3,2021-03,CROWN POINT ENERGIA S.A.,0
2021,3,2021-03,ENAP SIPETROL ARGENTINA S.A.,686.813225806452
2021,3,2021-03,ENERGIA COMPAÑIA PETROLERA S.A.,21
2021,3,2021-03,ENERGICON S.A.,0
2021,3,2021-03,EXXONMOBIL EXPLORATION AND PRODUCTION OFFSHORE ARGENTINA S.R.L.,0
2021,3,2021-03,EXXONMOBIL EXPLORATION ARGENTINA S.R.L.,496.13
2021,3,2021-03,FOMICRUZ S.E.,9.51612903225806
2021,3,2021-03,GEOPARK ARGENTINA LTD. (SUCURSAL ARGENTINA),205.105193548387
2021,3,2021-03,GRECOIL y CIA. S.R.L.,9.48387096774194
2021,3,2021-03,HATTRICK ENERGY SAS,18.4996774193548
2021,3,2021-03,HIGH LUCK GROUP LTD. - SUCURSAL ARGENTINA,92.2752258064516
2021,3,2021-03,INGENIERIA ALPA S.A.,38.9748387096774
2021,3,2021-03,INGENIERIA SIMA S.A.,0.232903225806452
2021,3,2021-03,JEMSE - JUJUY ENERGIA y MINERIA S. E.,32.4866129032258
2021,3,2021-03,JUJUY HIDROCARBUROS SAU,32.4866129032258
2021,3,2021-03,KILWER S.A.,71.7867741935484
2021,3,2021-03,MADALENA ENERGY ARGENTINA SRL ,80.0742903225806
2021,3,2021-03,MEDANITO S.A.,130.792322580645
2021,3,2021-03,OILSTONE ENERGIA S.A.,261.708041483871
2021,3,2021-03,PAMPA ENERGIA S.A.,8.41548387096774
2021,3,2021-03,PAMPETROL S.A.P.E.M,74.9461290322581
2021,3,2021-03,PAN AMERICAN ENERGY SL,15648.1525806452
2021,3,2021-03,PETROFARO S.A.,0.363548387096774
2021,3,2021-03,PETROLEOS SUDAMERICANOS S.A.,471.555548387097
2021,3,2021-03,Petrolera Aconcagua Energia S.A.,180.388387096774
2021,3,2021-03,PETROLERA DEL COMAHUE S.A.,0.16
2021,3,2021-03,PETROLERA EL TREBOL S.A.,228.932290322581
2021,3,2021-03,PETROLERA PAMPA S.A. ,0
2021,3,2021-03,PETROLERA SAN MIGUEL S.A.,0
2021,3,2021-03,PETROMINERA CHUBUT S.E.,0
2021,3,2021-03,PETROQUIMICA COMODORO RIVADAVIA S.A.,1157.61903225806
2021,3,2021-03,PLUSPETROL ENERGY S.A.,98.7622580645161
2021,3,2021-03,PLUSPETROL S.A.,4270.84279779419
2021,3,2021-03,PRESIDENT PETROLEUM S.A.,254.978709677419
2021,3,2021-03,QUINTANA E&P ARGENTINA S.R.L.,20.2032258064516
2021,3,2021-03,RECURSOS Y ENERGIA FORMOSA S.A.,42.6632258064516
2021,3,2021-03,ROCH S.A.,374.013580645161
2021,3,2021-03,SAN JORGE PETROLEUM S.A.,122.976096774194
2021,3,2021-03,SELVA MARIA OIL S.A.,40.5698340322581
2021,3,2021-03,SHELL ARGENTINA S.A.,1644.51548387097
2021,3,2021-03,"SINOPEC ARGENTINA EXPLORATION AND PRODUCTION, INC.",2093.2185483871
2021,3,2021-03,TECPETROL S.A.,1951.39625806452
2021,3,2021-03,TOTAL AUSTRAL S.A.,1416.47438709677
2021,3,2021-03,VENOIL S.A.,0
2021,3,2021-03,VISTA OIL & GAS ARGENTINA SAU,4502.57361290323
2021,3,2021-03,WINTERSHALL DEA ARGENTINA S.A,109.758064516129
2021,3,2021-03,YPF S.A.,37578.9741935484
2021,4,2021-04,ALIANZA PETROLERA ARGENTINA S.A.,3.47533333333333
2021,4,2021-04,ARGENTA ENERGIA S.A.,0
2021,4,2021-04,CAPETROL ARGENTINA S.A.,13.0333333333333
2021,4,2021-04,CAPETROL S.A.,28.4666666666667
2021,4,2021-04,CAPEX S.A.,1150.26433333333
2021,4,2021-04,CHEVRON ARGENTINA S.R.L.,1106.898
2021,4,2021-04,COLHUE HUAPI S.A.,55.1666666666667
2021,4,2021-04,COMPAÑÍA GENERAL DE COMBUSTIBLES S.A.,448.8055274
2021,4,2021-04,COMPAÑÍAS ASOCIADAS PETROLERAS S.A.,1837.96666666667
2021,4,2021-04,COPESA CIA CONSTRUCTORA PETROLERA SA,0
2021,4,2021-04,"CRI HOLDING, INC.",16.0733333333333
2021,4,2021-04,CROWN POINT ENERGIA S.A.,0
2021,4,2021-04,ENAP SIPETROL ARGENTINA S.A.,735.514
2021,4,2021-04,ENERGIA COMPAÑIA PETROLERA S.A.,20
2021,4,2021-04,ENERGICON S.A.,0
2021,4,2021-04,EXXONMOBIL EXPLORATION AND PRODUCTION OFFSHORE ARGENTINA S.R.L.,0
2021,4,2021-04,EXXONMOBIL EXPLORATION ARGENTINA S.R.L.,305.704
2021,4,2021-04,FOMICRUZ S.E.,9.43333333333333
2021,4,2021-04,GEOPARK ARGENTINA LTD. (SUCURSAL ARGENTINA),207.4965
2021,4,2021-04,GRECOIL y CIA. S.R.L.,6.76666666666667
2021,4,2021-04,HATTRICK ENERGY SAS,17.0484
2021,4,2021-04,HIGH LUCK GROUP LTD. - SUCURSAL ARGENTINA,91.9218
2021,4,2021-04,INGENIERIA ALPA S.A.,39.249
2021,4,2021-04,INGENIERIA SIMA S.A.,0.378666666666667
2021,4,2021-04,JEMSE - JUJUY ENERGIA y MINERIA S. E.,30.4145
2021,4,2021-04,JUJUY HIDROCARBUROS SAU,30.4145
2021,4,2021-04,KILWER S.A.,65.6275333333333
2021,4,2021-04,MADALENA ENERGY ARGENTINA SRL ,81.448
2021,4,2021-04,MEDANITO S.A.,119.864933333333
2021,4,2021-04,OILSTONE ENERGIA S.A.,259.2015857
2021,4,2021-04,PAMPA ENERGIA S.A.,7.96933333333333
2021,4,2021-04,PAMPETROL S.A.P.E.M,75.4926666666667
2021,4,2021-04,PAN AMERICAN ENERGY SL,15562.5226666667
2021,4,2021-04,PETROFARO S.A.,1.20066666666667
2021,4,2021-04,PETROLEOS SUDAMERICANOS S.A.,476.787666666667
2021,4,2021-04,Petrolera Aconcagua Energia S.A.,246.702333333333
2021,4,2021-04,PETROLERA DEL COMAHUE S.A.,0.163
2021,4,2021-04,PETROLERA EL TREBOL S.A.,241.974366666667
2021,4,2021-04,PETROLERA PAMPA S.A. ,0
2021,4,2021-04,PETROLERA SAN MIGUEL S.A.,0
2021,4,2021-04,PETROMINERA CHUBUT S.E.,0
2021,4,2021-04,PETROQUIMICA COMODORO RIVADAVIA S.A.,1143.473
2021,4,2021-04,PLUSPETROL ENERGY S.A.,93.2173333333333
2021,4,2021-04,PLUSPETROL S.A.,4248.72408594967
2021,4,2021-04,PRESIDENT PETROLEUM S.A.,276.130766666667
2021,4,2021-04,QUINTANA E&P ARGENTINA S.R.L.,19.4633333333333
2021,4,2021-04,RECURSOS Y ENERGIA FORMOSA S.A.,49.3773333333333
2021,4,2021-04,ROCH S.A.,360.666066666667
2021,4,2021-04,SAN JORGE PETROLEUM S.A.,117.986966666667
2021,4,2021-04,SELVA MARIA OIL S.A.,40.4037597333333
2021,4,2021-04,SHELL ARGENTINA S.A.,1940.90133333333
2021,4,2021-04,"SINOPEC ARGENTINA EXPLORATION AND PRODUCTION, INC.",2258.99633333333
2021,4,2021-04,TECPETROL S.A.,1906.16066666667
2021,4,2021-04,TOTAL AUSTRAL S.A.,1219.30913333333
2021,4,2021-04,VENOIL S.A.,0
2021,4,2021-04,VISTA OIL & GAS ARGENTINA SAU,5235.24103333333
2021,4,2021-04,WINTERSHALL DEA ARGENTINA S.A,105.974
2021,4,2021-04,YPF S.A.,37666.2526666667
2021,5,2021-05,ALIANZA PETROLERA ARGENTINA S.A.,3.41032258064516
2021,5,2021-05,ARGENTA ENERGIA S.A.,0
2021,5,2021-05,CAPETROL ARGENTINA S.A.,13.4193548387097
2021,5,2021-05,CAPETROL S.A.,28.1935483870968
2021,5,2021-05,CAPEX S.A.,1218.76580645161
2021,5,2021-05,CHEVRON ARGENTINA S.R.L.,1043.93161290323
2021,5,2021-05,COLHUE HUAPI S.A.,52.3225806451613
2021,5,2021-05,COMPAÑÍA GENERAL DE COMBUSTIBLES S.A.,411.812828516129
2021,5,2021-05,COMPAÑÍAS ASOCIADAS PETROLERAS S.A.,1858.35483870968
2021,5,2021-05,COPESA CIA CONSTRUCTORA PETROLERA SA,0
2021,5,2021-05,"CRI HOLDING, INC.",14.1327419354839
2021,5,2021-05,CROWN POINT ENERGIA S.A.,0
2021,5,2021-05,ENAP SIPETROL ARGENTINA S.A.,696.225483870968
2021,5,2021-05,ENERGIA COMPAÑIA PETROLERA S.A.,19.3548387096774
2021,5,2021-05,ENERGICON S.A.,0
2021,5,2021-05,EXXONMOBIL EXPLORATION AND PRODUCTION OFFSHORE ARGENTINA S.R.L.,0
2021,5,2021-05,EXXONMOBIL EXPLORATION ARGENTINA S.R.L.,469.695161290323
2021,5,2021-05,FOMICRUZ S.E.,9.88064516129032
2021,5,2021-05,GEOPARK ARGENTINA LTD. (SUCURSAL ARGENTINA),213.350870967742
2021,5,2021-05,GRECOIL y CIA. S.R.L.,4.16103225806452
2021,5,2021-05,HATTRICK ENERGY SAS,19.9008387096774
2021,5,2021-05,HIGH LUCK GROUP LTD. - SUCURSAL ARGENTINA,91.8088964309129
2021,5,2021-05,INGENIERIA ALPA S.A.,44.7012903225806
2021,5,2021-05,INGENIERIA SIMA S.A.,0.415806451612903
2021,5,2021-05,JEMSE - JUJUY ENERGIA y MINERIA S. E.,31.6040322580645
2021,5,2021-05,JUJUY HIDROCARBUROS SAU,31.6011290322581
2021,5,2021-05,KILWER S.A.,61.7805483870968
2021,5,2021-05,MADALENA ENERGY ARGENTINA SRL ,65.2306451612903
2021,5,2021-05,MEDANITO S.A.,119.662774193548
2021,5,2021-05,OILSTONE ENERGIA S.A.,269.361733483871
2021,5,2021-05,PAMPA ENERGIA S.A.,11.7961290322581
2021,5,2021-05,PAMPETROL S.A.P.E.M,75.1496774193548
2021,5,2021-05,PAN AMERICAN ENERGY SL,15811.9083870968
2021,5,2021-05,PETROFARO S.A.,1.11548387096774
2021,5,2021-05,PETROLEOS SUDAMERICANOS S.A.,553.228709677419
2021,5,2021-05,Petrolera Aconcagua Energia S.A.,266.745806451613
2021,5,2021-05,PETROLERA DEL COMAHUE S.A.,0.19
2021,5,2021-05,PETROLERA EL TREBOL S.A.,254.762548387097
2021,5,2021-05,PETROLERA PAMPA S.A. ,0
2021,5,2021-05,PETROLERA SAN MIGUEL S.A.,0
2021,5,2021-05,PETROMINERA CHUBUT S.E.,0
2021,5,2021-05,PETROQUIMICA COMODORO RIVADAVIA S.A.,1181.75032258065
2021,5,2021-05,Pilgrim Energy S.A.,2.12278387096774
2021,5,2021-05,PLUSPETROL ENERGY S.A.,93.2777419354839
2021,5,2021-05,PLUSPETROL S.A.,4125.85630525968
2021,5,2021-05,PRESIDENT PETROLEUM S.A.,292.049709677419
2021,5,2021-05,QUINTANA E&P ARGENTINA S.R.L.,19.2709677419355
2021,5,2021-05,RECURSOS Y ENERGIA FORMOSA S.A.,27.4358064516129
2021,5,2021-05,ROCH S.A.,340.070774193548
2021,5,2021-05,SAN JORGE PETROLEUM S.A.,115.996903225806
2021,5,2021-05,SELVA MARIA OIL S.A.,43.270922483871
2021,5,2021-05,SHELL ARGENTINA S.A.,1942.16419354839
2021,5,2021-05,"SINOPEC ARGENTINA EXPLORATION AND PRODUCTION, INC.",2244.72612903226
2021,5,2021-05,TECPETROL S.A.,1948.18890322581
2021,5,2021-05,TOTAL AUSTRAL S.A.,1438.09790322581
2021,5,2021-05,VENOIL S.A.,0
2021,5,2021-05,VISTA OIL & GAS ARGENTINA SAU,5031.62712903226
2021,5,2021-05,WINTERSHALL DEA ARGENTINA S.A,119.785806451613
2021,5,2021-05,YPF S.A.,37460.3219354839
2021,6,2021-06,ALIANZA PETROLERA ARGENTINA S.A.,2.74533333333333
2021,6,2021-06,ARGENTA ENERGIA S.A.,0
2021,6,2021-06,CAPETROL ARGENTINA S.A.,15.6666666666667
2021,6,2021-06,CAPETROL S.A.,20.8666666666667
2021,6,2021-06,CAPEX S.A.,1265.476
2021,6,2021-06,CHEVRON ARGENTINA S.R.L.,1003.201
2021,6,2021-06,COLHUE HUAPI S.A.,53.9
2021,6,2021-06,COMPAÑÍA GENERAL DE COMBUSTIBLES S.A.,428.0288329
2021,6,2021-06,COMPAÑÍAS ASOCIADAS PETROLERAS S.A.,1851.86666666667
2021,6,2021-06,COPESA CIA CONSTRUCTORA PETROLERA SA,0
2021,6,2021-06,"CRI HOLDING, INC.",11.6966666666667
2021,6,2021-06,CROWN POINT ENERGIA S.A.,0
2021,6,2021-06,ENAP SIPETROL ARGENTINA S.A.,691.754666666667
2021,6,2021-06,ENERGIA COMPAÑIA PETROLERA S.A.,19
2021,6,2021-06,ENERGICON S.A.,0
2021,6,2021-06,EXXONMOBIL EXPLORATION AND PRODUCTION OFFSHORE ARGENTINA S.R.L.,0
2021,6,2021-06,EXXONMOBIL EXPLORATION ARGENTINA S.R.L.,422.259
2021,6,2021-06,FOMICRUZ S.E.,9.44
2021,6,2021-06,GEOPARK ARGENTINA LTD. (SUCURSAL ARGENTINA),207.513366666667
2021,6,2021-06,GRECOIL y CIA. S.R.L.,4.73376666666667
2021,6,2021-06,HATTRICK ENERGY SAS,30.1198666666667
2021,6,2021-06,HIGH LUCK GROUP LTD. - SUCURSAL ARGENTINA,91.69956548882
2021,6,2021-06,INGENIERIA ALPA S.A.,35.7683333333333
2021,6,2021-06,INGENIERIA SIMA S.A.,0.42
2021,6,2021-06,JUJUY HIDROCARBUROS SAU,30.045
2021,6,2021-06,KILWER S.A.,60.5391666666667
2021,6,2021-06,MADALENA ENERGY ARGENTINA SRL ,70.2066666666667
2021,6,2021-06,MEDANITO S.A.,122.115366666667
2021,6,2021-06,OILSTONE ENERGIA S.A.,267.754635033333
2021,6,2021-06,PAMPA ENERGIA S.A.,8.44266666666667
2021,6,2021-06,PAMPETROL S.A.P.E.M,75.165
2021,6,2021-06,PAN AMERICAN ENERGY SL,15834.9573333333
2021,6,2021-06,PETROFARO S.A.,1.00733333333333
2021,6,2021-06,PETROLEOS SUDAMERICANOS S.A.,484.286666666667
2021,6,2021-06,Petrolera Aconcagua Energia S.A.,250.591
2021,6,2021-06,PETROLERA DEL COMAHUE S.A.,0.19
2021,6,2021-06,PETROLERA EL TREBOL S.A.,270.605933333333
2021,6,2021-06,PETROLERA PAMPA S.A. ,0
2021,6,2021-06,PETROLERA SAN MIGUEL S.A.,0
2021,6,2021-06,PETROMINERA CHUBUT S.E.,0
2021,6,2021-06,PETROQUIMICA COMODORO RIVADAVIA S.A.,1161.59266666667
2021,6,2021-06,Pilgrim Energy S.A.,23.4072666666667
2021,6,2021-06,PLUSPETROL ENERGY S.A.,96.1686666666667
2021,6,2021-06,PLUSPETROL S.A.,4228.52088920967
2021,6,2021-06,PRESIDENT PETROLEUM S.A.,277.4662
2021,6,2021-06,QUINTANA E&P ARGENTINA S.R.L.,19.06
2021,6,2021-06,RECURSOS Y ENERGIA FORMOSA S.A.,19.931
2021,6,2021-06,ROCH S.A.,340.6216
2021,6,2021-06,SAN JORGE PETROLEUM S.A.,114.872933333333
2021,6,2021-06,SELVA MARIA OIL S.A.,36.3508567
2021,6,2021-06,SHELL ARGENTINA S.A.,2560.043
2021,6,2021-06,"SINOPEC ARGENTINA EXPLORATION AND PRODUCTION, INC.",2135.84033333333
2021,6,2021-06,TECPETROL S.A.,2129.1533
2021,6,2021-06,TOTAL AUSTRAL S.A.,1298.3445
2021,6,2021-06,VENOIL S.A.,3.73733333333333
2021,6,2021-06,VISTA OIL & GAS ARGENTINA SAU,4595.96836666667
2021,6,2021-06,WINTERSHALL DEA ARGENTINA S.A,116.409
2021,6,2021-06,YPF S.A.,37107.227
2021,7,2021-07,ALIANZA PETROLERA ARGENTINA S.A.,2.40322580645161
2021,7,2021-07,ARGENTA ENERGIA S.A.,0
2021,7,2021-07,CAPETROL ARGENTINA S.A.,15.1612903225806
2021,7,2021-07,CAPETROL S.A.,22.1612903225806
2021,7,2021-07,CAPEX S.A.,1276.29870967742
2021,7,2021-07,CHEVRON ARGENTINA S.R.L.,1064.33129032258
2021,7,2021-07,COLHUE HUAPI S.A.,54.1290322580645
2021,7,2021-07,COMPAÑÍA GENERAL DE COMBUSTIBLES S.A.,462.368600677419
2021,7,2021-07,COMPAÑÍAS ASOCIADAS PETROLERAS S.A.,1801.45193548387
2021,7,2021-07,COPESA CIA CONSTRUCTORA PETROLERA SA,0
2021,7,2021-07,"CRI HOLDING, INC.",9.97096774193549
2021,7,2021-07,CROWN POINT ENERGIA S.A.,0
2021,7,2021-07,ENAP SIPETROL ARGENTINA S.A.,667.066774193548
2021,7,2021-07,ENERGIA COMPAÑIA PETROLERA S.A.,18
2021,7,2021-07,ENERGICON S.A.,0
2021,7,2021-07,EXXONMOBIL EXPLORATION AND PRODUCTION OFFSHORE ARGENTINA S.R.L.,0
2021,7,2021-07,EXXONMOBIL EXPLORATION ARGENTINA S.R.L.,385.641612903226
2021,7,2021-07,FOMICRUZ S.E.,8.79677419354839
2021,7,2021-07,GEOPARK ARGENTINA LTD. (SUCURSAL ARGENTINA),203.168387096774
2021,7,2021-07,GRECOIL y CIA. S.R.L.,5.12912903225806
2021,7,2021-07,HATTRICK ENERGY SAS,30.2415161290323
2021,7,2021-07,HIGH LUCK GROUP LTD. - SUCURSAL ARGENTINA,91.7585483870968
2021,7,2021-07,INGENIERIA ALPA S.A.,33.011935483871
2021,7,2021-07,INGENIERIA SIMA S.A.,0.441612903225806
2021,7,2021-07,JUJUY HIDROCARBUROS SAU,29.1225806451613
2021,7,2021-07,KILWER S.A.,56.7244193548387
2021,7,2021-07,MADALENA ENERGY ARGENTINA SRL ,74.4406451612903
2021,7,2021-07,MEDANITO S.A.,98.6035806451613
2021,7,2021-07,OILSTONE ENERGIA S.A.,271.337143645161
2021,7,2021-07,PAMPA ENERGIA S.A.,10.361935483871
2021,7,2021-07,PAMPETROL S.A.P.E.M,74.8354838709677
2021,7,2021-07,PAN AMERICAN ENERGY SL,15884.6593548387
2021,7,2021-07,PETROFARO S.A.,1.72903225806452
2021,7,2021-07,PETROLEOS SUDAMERICANOS S.A.,496.377419354839
2021,7,2021-07,Petrolera Aconcagua Energia S.A.,287.895806451613
2021,7,2021-07,PETROLERA DEL COMAHUE S.A.,0.16
2021,7,2021-07,PETROLERA EL TREBOL S.A.,256.67
2021,7,2021-07,PETROLERA PAMPA S.A. ,0
2021,7,2021-07,PETROLERA SAN MIGUEL S.A.,0
2021,7,2021-07,PETROMINERA CHUBUT S.E.,0
2021,7,2021-07,PETROQUIMICA COMODORO RIVADAVIA S.A.,1182.39580645161
2021,7,2021-07,Pilgrim Energy S.A.,16.5882935483871
2021,7,2021-07,PLUSPETROL ENERGY S.A.,92.94
2021,7,2021-07,PLUSPETROL S.A.,4736.18984276161
2021,7,2021-07,PRESIDENT PETROLEUM S.A.,271.689193548387
2021,7,2021-07,QUINTANA E&P ARGENTINA S.R.L.,19.5774193548387
2021,7,2021-07,RECURSOS Y ENERGIA FORMOSA S.A.,31.281935483871
2021,7,2021-07,ROCH S.A.,333.865548387097
2021,7,2021-07,SAN JORGE PETROLEUM S.A.,118.429806451613
2021,7,2021-07,SELVA MARIA OIL S.A.,36.9323800322581
2021,7,2021-07,SHELL ARGENTINA S.A.,2784.81161290323
2021,7,2021-07,"SINOPEC ARGENTINA EXPLORATION AND PRODUCTION, INC.",2218.48967741935
2021,7,2021-07,TECPETROL S.A.,2340.75141935484
2021,7,2021-07,TOTAL AUSTRAL S.A.,1345.85635483871
2021,7,2021-07,VENOIL S.A.,10.5635483870968
2021,7,2021-07,VISTA OIL & GAS ARGENTINA SAU,5045.32748387097
2021,7,2021-07,WINTERSHALL DEA ARGENTINA S.A,107.043870967742
2021,7,2021-07,YPF S.A.,37002.0277419355
2021,8,2021-08,ALIANZA PETROLERA ARGENTINA S.A.,2.37516129032258
2021,8,2021-08,ARGENTA ENERGIA S.A.,0
2021,8,2021-08,CAPETROL ARGENTINA S.A.,13.1290322580645
2021,8,2021-08,CAPETROL S.A.,24.4838709677419
2021,8,2021-08,CAPEX S.A.,1308.11838709677
2021,8,2021-08,CHEVRON ARGENTINA S.R.L.,1156.90709677419
2021,8,2021-08,COLHUE HUAPI S.A.,53.5161290322581
2021,8,2021-08,COMPAÑÍA GENERAL DE COMBUSTIBLES S.A.,446.533703032258
2021,8,2021-08,COMPAÑÍAS ASOCIADAS PETROLERAS S.A.,1830.03225806452
2021,8,2021-08,COPESA CIA CONSTRUCTORA PETROLERA SA,0
2021,8,2021-08,"CRI HOLDING, INC.",11.4903225806452
2021,8,2021-08,CROWN POINT ENERGIA S.A.,0
2021,8,2021-08,ENAP SIPETROL ARGENTINA S.A.,667.400322580645
2021,8,2021-08,ENERGIA COMPAÑIA PETROLERA S.A.,16.5
2021,8,2021-08,ENERGICON S.A.,0
2021,8,2021-08,EXXONMOBIL EXPLORATION AND PRODUCTION OFFSHORE ARGENTINA S.R.L.,0
2021,8,2021-08,EXXONMOBIL EXPLORATION ARGENTINA S.R.L.,372.866129032258
2021,8,2021-08,FOMICRUZ S.E.,9.35161290322581
2021,8,2021-08,GEOPARK ARGENTINA LTD. (SUCURSAL ARGENTINA),190.695967741935
2021,8,2021-08,GRECOIL y CIA. S.R.L.,3.87103225806452
2021,8,2021-08,HATTRICK ENERGY SAS,31.2915161290323
2021,8,2021-08,HIGH LUCK GROUP LTD. - SUCURSAL ARGENTINA,121.851129032258
2021,8,2021-08,INGENIERIA ALPA S.A.,37.8838709677419
2021,8,2021-08,INGENIERIA SIMA S.A.,0.487741935483871
2021,8,2021-08,JUJUY HIDROCARBUROS SAU,29.0362903225806
2021,8,2021-08,KILWER S.A.,53.3150967741935
2021,8,2021-08,MADALENA ENERGY ARGENTINA SRL ,73.8109677419355
2021,8,2021-08,MEDANITO S.A.,116.359838709677
2021,8,2021-08,OILSTONE ENERGIA S.A.,272.966872
2021,8,2021-08,PAMPA ENERGIA S.A.,13.958064516129
2021,8,2021-08,PAMPETROL S.A.P.E.M,77.8983870967742
2021,8,2021-08,PAN AMERICAN ENERGY SL,16048.7538709677
2021,8,2021-08,PETROFARO S.A.,1.17774193548387
2021,8,2021-08,PETROLEOS SUDAMERICANOS S.A.,497.023870967742
2021,8,2021-08,Petrolera Aconcagua Energia S.A.,320.197419354839
2021,8,2021-08,PETROLERA DEL COMAHUE S.A.,0.123225806451613
2021,8,2021-08,PETROLERA EL TREBOL S.A.,253.309580645161
2021,8,2021-08,PETROLERA PAMPA S.A. ,0
2021,8,2021-08,PETROLERA SAN MIGUEL S.A.,0
2021,8,2021-08,PETROMINERA CHUBUT S.E.,0
2021,8,2021-08,PETROQUIMICA COMODORO RIVADAVIA S.A.,1233.24806451613
2021,8,2021-08,Pilgrim Energy S.A.,12.9043548387097
2021,8,2021-08,PLUSPETROL ENERGY S.A.,91.3722580645161
2021,8,2021-08,PLUSPETROL S.A.,4657.55325578484
2021,8,2021-08,PRESIDENT PETROLEUM S.A.,270.677903225806
2021,8,2021-08,QUINTANA E&P ARGENTINA S.R.L.,17.9135483870968
2021,8,2021-08,RECURSOS Y ENERGIA FORMOSA S.A.,31.6061290322581
2021,8,2021-08,ROCH S.A.,341.549903225806
2021,8,2021-08,SAN JORGE PETROLEUM S.A.,109.764064516129
2021,8,2021-08,SELVA MARIA OIL S.A.,44.1377331935484
2021,8,2021-08,SHELL ARGENTINA S.A.,2109.22580645161
2021,8,2021-08,"SINOPEC ARGENTINA EXPLORATION AND PRODUCTION, INC.",2217.2364516129
2021,8,2021-08,TECPETROL S.A.,2250.55074193548
2021,8,2021-08,TOTAL AUSTRAL S.A.,1280.60406451613
2021,8,2021-08,VENOIL S.A.,12.5829032258065
2021,8,2021-08,VISTA OIL & GAS ARGENTINA SAU,4851.17929032258
2021,8,2021-08,WINTERSHALL DEA ARGENTINA S.A,110.324516129032
2021,8,2021-08,YPF S.A.,37186.7941935484
2021,9,2021-09,ALIANZA PETROLERA ARGENTINA S.A.,2.172
2021,9,2021-09,ARGENTA ENERGIA S.A.,0
2021,9,2021-09,CAPETROL ARGENTINA S.A.,12.9
2021,9,2021-09,CAPETROL S.A.,24.3
2021,9,2021-09,CAPEX S.A.,1252.07733333333
2021,9,2021-09,CHEVRON ARGENTINA S.R.L.,1207.903
2021,9,2021-09,COLHUE HUAPI S.A.,54.8
2021,9,2021-09,COMPAÑÍA GENERAL DE COMBUSTIBLES S.A.,426.763182333333
2021,9,2021-09,COMPAÑÍAS ASOCIADAS PETROLERAS S.A.,1847.19966666667
2021,9,2021-09,COPESA CIA CONSTRUCTORA PETROLERA SA,0
2021,9,2021-09,"CRI HOLDING, INC.",10.2466666666667
2021,9,2021-09,CROWN POINT ENERGIA S.A.,0
2021,9,2021-09,ENAP SIPETROL ARGENTINA S.A.,645.801333333333
2021,9,2021-09,ENERGIA COMPAÑIA PETROLERA S.A.,16.5
2021,9,2021-09,ENERGICON S.A.,0
2021,9,2021-09,EXXONMOBIL EXPLORATION AND PRODUCTION OFFSHORE ARGENTINA S.R.L.,0
2021,9,2021-09,EXXONMOBIL EXPLORATION ARGENTINA S.R.L.,740.299666666667
2021,9,2021-09,FOMICRUZ S.E.,9.19
2021,9,2021-09,GEOPARK ARGENTINA LTD. (SUCURSAL ARGENTINA),181.496433333333
2021,9,2021-09,GRECOIL y CIA. S.R.L.,4.1671
2021,9,2021-09,HATTRICK ENERGY SAS,33.1704666666667
2021,9,2021-09,HIGH LUCK GROUP LTD. - SUCURSAL ARGENTINA,124.049533333333
2021,9,2021-09,INGENIERIA ALPA S.A.,34.693
2021,9,2021-09,INGENIERIA SIMA S.A.,0.652333333333333
2021,9,2021-09,JUJUY HIDROCARBUROS SAU,29.162
2021,9,2021-09,KILWER S.A.,50.2942
2021,9,2021-09,MADALENA ENERGY ARGENTINA SRL ,73.9613333333333
2021,9,2021-09,MEDANITO S.A.,115.208833333333
2021,9,2021-09,OILSTONE ENERGIA S.A.,280.907058833333
2021,9,2021-09,PAMPA ENERGIA S.A.,12.0446666666667
2021,9,2021-09,PAMPETROL S.A.P.E.M,76.984
2021,9,2021-09,PAN AMERICAN ENERGY SL,16155.3933333333
2021,9,2021-09,PETROFARO S.A.,1.07133333333333
2021,9,2021-09,PETROLEOS SUDAMERICANOS S.A.,493.766
2021,9,2021-09,Petrolera Aconcagua Energia S.A.,290.464
2021,9,2021-09,PETROLERA DEL COMAHUE S.A.,0.1
2021,9,2021-09,PETROLERA EL TREBOL S.A.,259.390333333333
2021,9,2021-09,PETROLERA PAMPA S.A. ,0
2021,9,2021-09,PETROLERA SAN MIGUEL S.A.,0
2021,9,2021-09,PETROMINERA CHUBUT S.E.,0
2021,9,2021-09,PETROQUIMICA COMODORO RIVADAVIA S.A.,1192.75033333333
2021,9,2021-09,Pilgrim Energy S.A.,25.6068066666667
2021,9,2021-09,PLUSPETROL ENERGY S.A.,93.4453333333333
2021,9,2021-09,PLUSPETROL S.A.,4550.94733862133
2021,9,2021-09,PRESIDENT PETROLEUM S.A.,260.488166666667
2021,9,2021-09,QUINTANA E&P ARGENTINA S.R.L.,18.0566666666667
2021,9,2021-09,RECURSOS Y ENERGIA FORMOSA S.A.,38.8766666666667
2021,9,2021-09,ROCH S.A.,329.526133333333
2021,9,2021-09,SAN JORGE PETROLEUM S.A.,96.2865666666667
2021,9,2021-09,SELVA MARIA OIL S.A.,58.2690155
2021,9,2021-09,SHELL ARGENTINA S.A.,2638.573
2021,9,2021-09,"SINOPEC ARGENTINA EXPLORATION AND PRODUCTION, INC.",2196.76666666667
2021,9,2021-09,TECPETROL S.A.,2269.48843333333
2021,9,2021-09,TOTAL AUSTRAL S.A.,1224.1809
2021,9,2021-09,VENOIL S.A.,19.1783333333333
2021,9,2021-09,VISTA OIL & GAS ARGENTINA SAU,4631.2627
2021,9,2021-09,WINTERSHALL DEA ARGENTINA S.A,108.797
2021,9,2021-09,YPF S.A.,39002.12
2021,10,2021-10,ALIANZA PETROLERA ARGENTINA S.A.,1.57645161290323
2021,10,2021-10,ARGENTA ENERGIA S.A.,0
2021,10,2021-10,CAPETROL ARGENTINA S.A.,12.2258064516129
2021,10,2021-10,CAPETROL S.A.,27.5806451612903
2021,10,2021-10,CAPEX S.A.,1279.63774193548
2021,10,2021-10,CHEVRON ARGENTINA S.R.L.,1211.71774193548
2021,10,2021-10,COLHUE HUAPI S.A.,62.1290322580645
2021,10,2021-10,COMPAÑÍA GENERAL DE COMBUSTIBLES S.A.,420.664478419355
2021,10,2021-10,COMPAÑÍAS ASOCIADAS PETROLERAS S.A.,1835.90322580645
2021,10,2021-10,COPESA CIA CONSTRUCTORA PETROLERA SA,0
2021,10,2021-10,"CRI HOLDING, INC.",8.78064516129032
2021,10,2021-10,CROWN POINT ENERGIA S.A.,0
2021,10,2021-10,ENAP SIPETROL ARGENTINA S.A.,605.510967741935
2021,10,2021-10,ENERGIA COMPAÑIA PETROLERA S.A.,16
2021,10,2021-10,ENERGICON S.A.,0
2021,10,2021-10,EXXONMOBIL EXPLORATION AND PRODUCTION OFFSHORE ARGENTINA S.R.L.,0
2021,10,2021-10,EXXONMOBIL EXPLORATION ARGENTINA S.R.L.,1060.50838709677
2021,10,2021-10,FOMICRUZ S.E.,9.56774193548387
2021,10,2021-10,GEOPARK ARGENTINA LTD. (SUCURSAL ARGENTINA),171.122580645161
2021,10,2021-10,GRECOIL y CIA. S.R.L.,4.43896774193548
2021,10,2021-10,HATTRICK ENERGY SAS,29.8140967741935
2021,10,2021-10,HIGH LUCK GROUP LTD. - SUCURSAL ARGENTINA,123.544258937419
2021,10,2021-10,INGENIERIA ALPA S.A.,41.5187096774194
2021,10,2021-10,INGENIERIA SIMA S.A.,0.630645161290323
2021,10,2021-10,JUJUY HIDROCARBUROS SAU,28.7625806451613
2021,10,2021-10,KILWER S.A.,48.8536774193548
2021,10,2021-10,MADALENA ENERGY ARGENTINA SRL ,73.4235483870968
2021,10,2021-10,MEDANITO S.A.,112.307612903226
2021,10,2021-10,OILSTONE ENERGIA S.A.,274.254641677419
2021,10,2021-10,PAMPA ENERGIA S.A.,14.4290322580645
2021,10,2021-10,PAMPETROL S.A.P.E.M,74.5670967741935
2021,10,2021-10,PAN AMERICAN ENERGY SL,15595.315483871
2021,10,2021-10,PETROFARO S.A.,0.910645161290323
2021,10,2021-10,PETROLEOS SUDAMERICANOS S.A.,501.227096774194
2021,10,2021-10,Petrolera Aconcagua Energia S.A.,297.823870967742
2021,10,2021-10,PETROLERA DEL COMAHUE S.A.,0.1
2021,10,2021-10,PETROLERA EL TREBOL S.A.,261.211096774194
2021,10,2021-10,PETROLERA PAMPA S.A. ,0
2021,10,2021-10,PETROLERA SAN MIGUEL S.A.,0
2021,10,2021-10,PETROMINERA CHUBUT S.E.,0
2021,10,2021-10,PETROQUIMICA COMODORO RIVADAVIA S.A.,1242.45387096774
2021,10,2021-10,Pilgrim Energy S.A.,32.8084290322581
2021,10,2021-10,PLUSPETROL ENERGY S.A.,91.5006451612903
2021,10,2021-10,PLUSPETROL S.A.,4495.09496385935
2021,10,2021-10,PRESIDENT PETROLEUM S.A.,244.331351612903
2021,10,2021-10,QUINTANA E&P ARGENTINA S.R.L.,18.4774193548387
2021,10,2021-10,RECURSOS Y ENERGIA FORMOSA S.A.,50.0977419354839
2021,10,2021-10,ROCH S.A.,317.811193548387
2021,10,2021-10,SAN JORGE PETROLEUM S.A.,108.401483870968
2021,10,2021-10,SELVA MARIA OIL S.A.,49.9042258064516
2021,10,2021-10,SHELL ARGENTINA S.A.,3095.54935483871
2021,10,2021-10,"SINOPEC ARGENTINA EXPLORATION AND PRODUCTION, INC.",2171.93290322581
2021,10,2021-10,TECPETROL S.A.,2458.61664516129
2021,10,2021-10,TOTAL AUSTRAL S.A.,1134.56119354839
2021,10,2021-10,VENOIL S.A.,12.0829032258065
2021,10,2021-10,VISTA OIL & GAS ARGENTINA SAU,4751.13283870968
2021,10,2021-10,WINTERSHALL DEA ARGENTINA S.A,107.44064516129
2021,10,2021-10,YPF S.A.,40158.1980645161
2021,11,2021-11,ALIANZA PETROLERA ARGENTINA S.A.,0.254666666666667
2021,11,2021-11,ARGENTA ENERGIA S.A.,0
2021,11,2021-11,CAPETROL ARGENTINA S.A.,11.7333333333333
2021,11,2021-11,CAPETROL S.A.,30
2021,11,2021-11,CAPEX S.A.,1297.79333333333
2021,11,2021-11,CHEVRON ARGENTINA S.R.L.,1142.50933333333
2021,11,2021-11,COLHUE HUAPI S.A.,56.9
2021,11,2021-11,COMPAÑÍA GENERAL DE COMBUSTIBLES S.A.,408.1874139
2021,11,2021-11,COMPAÑÍAS ASOCIADAS PETROLERAS S.A.,1894.8
2021,11,2021-11,COPESA CIA CONSTRUCTORA PETROLERA SA,0
2021,11,2021-11,"CRI HOLDING, INC.",9.3
2021,11,2021-11,CROWN POINT ENERGIA S.A.,0
2021,11,2021-11,ENAP SIPETROL ARGENTINA S.A.,619.030333333333
2021,11,2021-11,ENERGIA COMPAÑIA PETROLERA S.A.,11.9833333333333
2021,11,2021-11,ENERGICON S.A.,0
2021,11,2021-11,EXXONMOBIL EXPLORATION AND PRODUCTION OFFSHORE ARGENTINA S.R.L.,0
2021,11,2021-11,EXXONMOBIL EXPLORATION ARGENTINA S.R.L.,1296.05333333333
2021,11,2021-11,FOMICRUZ S.E.,9.98666666666667
2021,11,2021-11,GEOPARK ARGENTINA LTD. (SUCURSAL ARGENTINA),167.703833333333
2021,11,2021-11,GRECOIL y CIA. S.R.L.,5.88323333333333
2021,11,2021-11,HATTRICK ENERGY SAS,30.3613
2021,11,2021-11,HIGH LUCK GROUP LTD. - SUCURSAL ARGENTINA,123.135750899553
2021,11,2021-11,INGENIERIA ALPA S.A.,40.7516666666667
2021,11,2021-11,INGENIERIA SIMA S.A.,0.627333333333333
2021,11,2021-11,JUJUY HIDROCARBUROS SAU,29.2106666666667
2021,11,2021-11,KILWER S.A.,47.7355
2021,11,2021-11,MADALENA ENERGY ARGENTINA SRL ,71.0383333333333
2021,11,2021-11,MEDANITO S.A.,111.3034
2021,11,2021-11,OILSTONE ENERGIA S.A.,272.535468766667
2021,11,2021-11,PAMPA ENERGIA S.A.,16.4206666666667
2021,11,2021-11,PAMPETROL S.A.P.E.M,65.8783333333333
2021,11,2021-11,PAN AMERICAN ENERGY SL,16352.704
2021,11,2021-11,PETROFARO S.A.,0.947666666666667
2021,11,2021-11,PETROLEOS SUDAMERICANOS S.A.,500.990333333333
2021,11,2021-11,Petrolera Aconcagua Energia S.A.,303.338
2021,11,2021-11,PETROLERA DEL COMAHUE S.A.,0.1
2021,11,2021-11,PETROLERA EL TREBOL S.A.,249.3793
2021,11,2021-11,PETROLERA PAMPA S.A. ,0
2021,11,2021-11,PETROLERA SAN MIGUEL S.A.,0
2021,11,2021-11,PETROMINERA CHUBUT S.E.,0
2021,11,2021-11,PETROQUIMICA COMODORO RIVADAVIA S.A.,1539.18766666667
2021,11,2021-11,Pilgrim Energy S.A.,35.7696666666667
2021,11,2021-11,PLUSPETROL ENERGY S.A.,90.8656666666667
2021,11,2021-11,PLUSPETROL S.A.,4365.13308587628
2021,11,2021-11,PRESIDENT PETROLEUM S.A.,245.15403
2021,11,2021-11,QUINTANA E&P ARGENTINA S.R.L.,18.6866666666667
2021,11,2021-11,RECURSOS Y ENERGIA FORMOSA S.A.,52.1906666666667
2021,11,2021-11,ROCH S.A.,287.3603
2021,11,2021-11,SAN JORGE PETROLEUM S.A.,116.717566666667
2021,11,2021-11,SELVA MARIA OIL S.A.,49.3401666666667
2021,11,2021-11,SHELL ARGENTINA S.A.,2931.56966666667
2021,11,2021-11,"SINOPEC ARGENTINA EXPLORATION AND PRODUCTION, INC.",2227.04726666667
2021,11,2021-11,TECPETROL S.A.,2625.81523333333
2021,11,2021-11,TOTAL AUSTRAL S.A.,1146.36673333333
2021,11,2021-11,VENOIL S.A.,11.7636666666667
2021,11,2021-11,VISTA OIL & GAS ARGENTINA SAU,5342.7645
2021,11,2021-11,WINTERSHALL DEA ARGENTINA S.A,103.297
2021,11,2021-11,YPF S.A.,40652.729
2021,12,2021-12,ALIANZA PETROLERA ARGENTINA S.A.,1.18387096774194
2021,12,2021-12,ARGENTA ENERGIA S.A.,0
2021,12,2021-12,CAPETROL ARGENTINA S.A.,106.129032258065
2021,12,2021-12,CAPETROL S.A.,29.1290322580645
2021,12,2021-12,CAPEX S.A.,1267.84129032258
2021,12,2021-12,CHEVRON ARGENTINA S.R.L.,1059.51
2021,12,2021-12,COLHUE HUAPI S.A.,56.6615161290323
2021,12,2021-12,COMPAÑÍA GENERAL DE COMBUSTIBLES S.A.,411.504337483871
2021,12,2021-12,COMPAÑÍAS ASOCIADAS PETROLERAS S.A.,1869.06451612903
2021,12,2021-12,COPESA CIA CONSTRUCTORA PETROLERA SA,0
2021,12,2021-12,"CRI HOLDING, INC.",9.89490322580645
2021,12,2021-12,CROWN POINT ENERGIA S.A.,0
2021,12,2021-12,ENAP SIPETROL ARGENTINA S.A.,462.562903225806
2021,12,2021-12,ENERGIA COMPAÑIA PETROLERA S.A.,8.38709677419355
2021,12,2021-12,ENERGICON S.A.,0
2021,12,2021-12,EXXONMOBIL EXPLORATION AND PRODUCTION OFFSHORE ARGENTINA S.R.L.,0
2021,12,2021-12,EXXONMOBIL EXPLORATION ARGENTINA S.R.L.,1548.65903225806
2021,12,2021-12,FOMICRUZ S.E.,9.08709677419355
2021,12,2021-12,GEOPARK ARGENTINA LTD. (SUCURSAL ARGENTINA),155.207419354839
2021,12,2021-12,GRECOIL y CIA. S.R.L.,5.54841935483871
2021,12,2021-12,HATTRICK ENERGY SAS,29.0381612903226
2021,12,2021-12,HIGH LUCK GROUP LTD. - SUCURSAL ARGENTINA,122.945564046374
2021,12,2021-12,INGENIERIA ALPA S.A.,38.9887096774194
2021,12,2021-12,INGENIERIA SIMA S.A.,0.471935483870968
2021,12,2021-12,JUJUY HIDROCARBUROS SAU,28.8012903225806
2021,12,2021-12,KILWER S.A.,46.5653870967742
2021,12,2021-12,MADALENA ENERGY ARGENTINA SRL ,68.5774193548387
2021,12,2021-12,MEDANITO S.A.,14.8827096774194
2021,12,2021-12,OILSTONE ENERGIA S.A.,274.58293316129
2021,12,2021-12,PAMPA ENERGIA S.A.,12.0751612903226
2021,12,2021-12,PAMPETROL S.A.P.E.M,63.8641935483871
2021,12,2021-12,PAN AMERICAN ENERGY SL,16415.3480645161
2021,12,2021-12,PETROFARO S.A.,1.02903225806452
2021,12,2021-12,PETROLEOS SUDAMERICANOS S.A.,490.748064516129
2021,12,2021-12,Petrolera Aconcagua Energia S.A.,273.27064516129
2021,12,2021-12,PETROLERA DEL COMAHUE S.A.,0.1
2021,12,2021-12,PETROLERA EL TREBOL S.A.,249.467838709677
2021,12,2021-12,PETROLERA PAMPA S.A. ,0
2021,12,2021-12,PETROLERA SAN MIGUEL S.A.,0
2021,12,2021-12,PETROMINERA CHUBUT S.E.,0
2021,12,2021-12,PETROQUIMICA COMODORO RIVADAVIA S.A.,1457.5335483871
2021,12,2021-12,Pilgrim Energy S.A.,36.2150967741935
2021,12,2021-12,PLUSPETROL ENERGY S.A.,92.8548387096774
2021,12,2021-12,PLUSPETROL S.A.,4299.14577540677
2021,12,2021-12,PRESIDENT PETROLEUM S.A.,253.655467741935
2021,12,2021-12,QUINTANA E&P ARGENTINA S.R.L.,15.6258064516129
2021,12,2021-12,RECURSOS Y ENERGIA FORMOSA S.A.,52.0393548387097
2021,12,2021-12,ROCH S.A.,266.698612903226
2021,12,2021-12,SAN JORGE PETROLEUM S.A.,114.700903225806
2021,12,2021-12,SELVA MARIA OIL S.A.,39.9432177419355
2021,12,2021-12,SHELL ARGENTINA S.A.,3189.38419354839
2021,12,2021-12,"SINOPEC ARGENTINA EXPLORATION AND PRODUCTION, INC.",2285.05225806452
2021,12,2021-12,TECPETROL S.A.,2341.48132258065
2021,12,2021-12,TOTAL AUSTRAL S.A.,1157.70019354839
2021,12,2021-12,VENOIL S.A.,9.52612903225806
2021,12,2021-12,VISTA OIL & GAS ARGENTINA SAU,5484.86890322581
2021,12,2021-12,WINTERSHALL DEA ARGENTINA S.A,102.161935483871
2021,12,2021-12,YPF S.A.,41023.7680645161
2022,1,2022-01,ALIANZA PETROLERA ARGENTINA S.A.,39.9112903225806
2022,1,2022-01,ARGENTA ENERGIA S.A.,0
2022,1,2022-01,CAPETROL ARGENTINA S.A.,105.870967741935
2022,1,2022-01,CAPETROL S.A.,23.9032258064516
2022,1,2022-01,CAPEX S.A.,1255.18838709677
2022,1,2022-01,CHEVRON ARGENTINA S.R.L.,916.520322580645
2022,1,2022-01,COLHUE HUAPI S.A.,55.0645161290323
2022,1,2022-01,COMPAÑÍA GENERAL DE COMBUSTIBLES S.A.,394.51875883871
2022,1,2022-01,COMPAÑÍAS ASOCIADAS PETROLERAS S.A.,1870.25806451613
2022,1,2022-01,COPESA CIA CONSTRUCTORA PETROLERA SA,0
2022,1,2022-01,"CRI HOLDING, INC.",10.4967741935484
2022,1,2022-01,CROWN POINT ENERGIA S.A.,0
2022,1,2022-01,ENAP SIPETROL ARGENTINA S.A.,529.495483870968
2022,1,2022-01,ENERGIA COMPAÑIA PETROLERA S.A.,6.55483870967742
2022,1,2022-01,ENERGICON S.A.,0
2022,1,2022-01,EXXONMOBIL EXPLORATION AND PRODUCTION OFFSHORE ARGENTINA S.R.L.,0
2022,1,2022-01,EXXONMOBIL EXPLORATION ARGENTINA S.R.L.,1417.86322580645
2022,1,2022-01,FOMICRUZ S.E.,3.88387096774194
2022,1,2022-01,GEOPARK ARGENTINA LTD. (SUCURSAL ARGENTINA),148.903290322581
2022,1,2022-01,GRECOIL y CIA. S.R.L.,5.90332258064516
2022,1,2022-01,HATTRICK ENERGY SAS,28.3164193548387
2022,1,2022-01,HIGH LUCK GROUP LTD. - SUCURSAL ARGENTINA,122.617384955106
2022,1,2022-01,INGENIERIA ALPA S.A.,39.8987096774194
2022,1,2022-01,INGENIERIA SIMA S.A.,0.184838709677419
2022,1,2022-01,JUJUY HIDROCARBUROS SAU,29.168064516129
2022,1,2022-01,KILWER S.A.,38.1353548387097
2022,1,2022-01,MADALENA ENERGY ARGENTINA SRL ,64.5438709677419
2022,1,2022-01,MEDANITO S.A.,15.1340967741935
2022,1,2022-01,OILSTONE ENERGIA S.A.,267.282635612903
2022,1,2022-01,PAMPA ENERGIA S.A.,9.14225806451613
2022,1,2022-01,PAMPETROL S.A.P.E.M,63.3216129032258
2022,1,2022-01,PAN AMERICAN ENERGY SL,16329.4509677419
2022,1,2022-01,PETROFARO S.A.,0.965483870967742
2022,1,2022-01,PETROLEOS SUDAMERICANOS S.A.,488.615806451613
2022,1,2022-01,Petrolera Aconcagua Energia S.A.,403.448548387097
2022,1,2022-01,PETROLERA DEL COMAHUE S.A.,0.1
2022,1,2022-01,PETROLERA EL TREBOL S.A.,251.692
2022,1,2022-01,PETROLERA PAMPA S.A. ,0
2022,1,2022-01,PETROLERA SAN MIGUEL S.A.,0
2022,1,2022-01,PETROMINERA CHUBUT S.E.,0
2022,1,2022-01,PETROQUIMICA COMODORO RIVADAVIA S.A.,1504.15064516129
2022,1,2022-01,Pilgrim Energy S.A.,36.1411935483871
2022,1,2022-01,PLUSPETROL ENERGY S.A.,91.3064516129032
2022,1,2022-01,PLUSPETROL S.A.,4350.93987910032
2022,1,2022-01,PRESIDENT PETROLEUM S.A.,236.990406451613
2022,1,2022-01,QUINTANA E&P ARGENTINA S.R.L.,22.0741935483871
2022,1,2022-01,RECURSOS Y ENERGIA FORMOSA S.A.,53.6054838709677
2022,1,2022-01,ROCH S.A.,266.951741935484
2022,1,2022-01,SAN JORGE PETROLEUM S.A.,0
2022,1,2022-01,SELVA MARIA OIL S.A.,48.8776666774193
2022,1,2022-01,SHELL ARGENTINA S.A.,3885.21290322581
2022,1,2022-01,"SINOPEC ARGENTINA EXPLORATION AND PRODUCTION, INC.",2256.85
2022,1,2022-01,TECPETROL S.A.,2174.26535483871
2022,1,2022-01,TOTAL AUSTRAL S.A.,1151.03138709677
2022,1,2022-01,VENOIL S.A.,9.44451612903226
2022,1,2022-01,VISTA OIL & GAS ARGENTINA SAU,6128.48122580645
2022,1,2022-01,YPF S.A.,41863.8887096774
2022,2,2022-02,ALIANZA PETROLERA ARGENTINA S.A.,41.7167857142857
2022,2,2022-02,ARGENTA ENERGIA S.A.,0
2022,2,2022-02,CAPETROL ARGENTINA S.A.,107.155357142857
2022,2,2022-02,CAPETROL S.A.,19.3214285714286
2022,2,2022-02,CAPEX S.A.,1305.74785714286
2022,2,2022-02,CHEVRON ARGENTINA S.R.L.,900.965714285714
2022,2,2022-02,COLHUE HUAPI S.A.,55
2022,2,2022-02,COMPAÑÍA GENERAL DE COMBUSTIBLES S.A.,382.36021575
2022,2,2022-02,COMPAÑÍAS ASOCIADAS PETROLERAS S.A.,1876.1075
2022,2,2022-02,COPESA CIA CONSTRUCTORA PETROLERA SA,0
2022,2,2022-02,"CRI HOLDING, INC.",10.0092857142857
2022,2,2022-02,CROWN POINT ENERGIA S.A.,0
2022,2,2022-02,ENAP SIPETROL ARGENTINA S.A.,517.756071428571
2022,2,2022-02,ENERGIA COMPAÑIA PETROLERA S.A.,6.57142857142857
2022,2,2022-02,ENERGICON S.A.,0
2022,2,2022-02,EXXONMOBIL EXPLORATION AND PRODUCTION OFFSHORE ARGENTINA S.R.L.,0
2022,2,2022-02,EXXONMOBIL EXPLORATION ARGENTINA S.R.L.,1498.62321428571
2022,2,2022-02,FOMICRUZ S.E.,2.14642857142857
2022,2,2022-02,GRECOIL y CIA. S.R.L.,6.53592857142857
2022,2,2022-02,HATTRICK ENERGY SAS,31.487
2022,2,2022-02,HIGH LUCK GROUP LTD. - SUCURSAL ARGENTINA,130.580522513868
2022,2,2022-02,INGENIERIA ALPA S.A.,40.6414285714286
2022,2,2022-02,INGENIERIA SIMA S.A.,0.158214285714286
2022,2,2022-02,JUJUY HIDROCARBUROS SAU,30.1416071428571
2022,2,2022-02,KILWER S.A.,50.3253571428571
2022,2,2022-02,MADALENA ENERGY ARGENTINA SRL ,63.0260714285714
2022,2,2022-02,MEDANITO S.A.,15.4970357142857
2022,2,2022-02,OILSTONE ENERGIA S.A.,410.270820178571
2022,2,2022-02,PAMPA ENERGIA S.A.,12.9075
2022,2,2022-02,PAMPETROL S.A.P.E.M,62.8860714285714
2022,2,2022-02,PAN AMERICAN ENERGY SL,16712.0457142857
2022,2,2022-02,PETROFARO S.A.,1.05821428571429
2022,2,2022-02,PETROLEOS SUDAMERICANOS S.A.,501.260357142857
2022,2,2022-02,Petrolera Aconcagua Energia S.A.,402.793214285714
2022,2,2022-02,PETROLERA DEL COMAHUE S.A.,0.1
2022,2,2022-02,PETROLERA EL TREBOL S.A.,240.396857142857
2022,2,2022-02,PETROLERA PAMPA S.A. ,0
2022,2,2022-02,PETROLERA SAN MIGUEL S.A.,0
2022,2,2022-02,PETROMINERA CHUBUT S.E.,0
2022,2,2022-02,PETROQUIMICA COMODORO RIVADAVIA S.A.,1487.40214285714
2022,2,2022-02,Pilgrim Energy S.A.,35.8460285714286
2022,2,2022-02,PLUSPETROL ENERGY S.A.,93.1482142857143
2022,2,2022-02,PLUSPETROL S.A.,4285.89262901507
2022,2,2022-02,PRESIDENT PETROLEUM S.A.,239.126039285714
2022,2,2022-02,QUINTANA E&P ARGENTINA S.R.L.,19.9607142857143
2022,2,2022-02,RECURSOS Y ENERGIA FORMOSA S.A.,58.9764285714286
2022,2,2022-02,ROCH S.A.,273.56975
2022,2,2022-02,SAN JORGE PETROLEUM S.A.,0
2022,2,2022-02,SELVA MARIA OIL S.A.,43.3086428571429
2022,2,2022-02,SHELL ARGENTINA S.A.,4039.315
2022,2,2022-02,"SINOPEC ARGENTINA EXPLORATION AND PRODUCTION, INC.",2306.58071428571
2022,2,2022-02,TECPETROL S.A.,2042.31492857143
2022,2,2022-02,TOTAL AUSTRAL S.A.,1123.21914285714
2022,2,2022-02,VENOIL S.A.,8.47714285714286
2022,2,2022-02,VISTA OIL & GAS ARGENTINA SAU,5946.04785714286
2022,2,2022-02,YPF S.A.,41517.0357142857
2022,3,2022-03,ALIANZA PETROLERA ARGENTINA S.A.,33.9254838709677
2022,3,2022-03,ARGENTA ENERGIA S.A.,0
2022,3,2022-03,CAPETROL ARGENTINA S.A.,111.024838709677
2022,3,2022-03,CAPETROL S.A.,20.7096774193548
2022,3,2022-03,CAPEX S.A.,1328.69903225806
2022,3,2022-03,CHEVRON ARGENTINA S.R.L.,811.451935483871
2022,3,2022-03,COLHUE HUAPI S.A.,52.741935483871
2022,3,2022-03,COMPAÑÍA GENERAL DE COMBUSTIBLES S.A.,382.815188354839
2022,3,2022-03,COMPAÑÍAS ASOCIADAS PETROLERAS S.A.,1845.12903225806
2022,3,2022-03,COPESA CIA CONSTRUCTORA PETROLERA SA,0
2022,3,2022-03,"CRI HOLDING, INC.",10.2718709677419
2022,3,2022-03,CROWN POINT ENERGIA S.A.,0
2022,3,2022-03,ENAP SIPETROL ARGENTINA S.A.,510.866451612903
2022,3,2022-03,ENERGIA COMPAÑIA PETROLERA S.A.,6.2
2022,3,2022-03,ENERGICON S.A.,0
2022,3,2022-03,EXXONMOBIL EXPLORATION AND PRODUCTION OFFSHORE ARGENTINA S.R.L.,0
2022,3,2022-03,EXXONMOBIL EXPLORATION ARGENTINA S.R.L.,1230.97322580645
2022,3,2022-03,FOMICRUZ S.E.,9.70322580645161
2022,3,2022-03,GRECOIL y CIA. S.R.L.,5.77448387096774
2022,3,2022-03,HATTRICK ENERGY SAS,27.1424838709677
2022,3,2022-03,HIGH LUCK GROUP LTD. - SUCURSAL ARGENTINA,151.315401378226
2022,3,2022-03,INGENIERIA ALPA S.A.,38.3458064516129
2022,3,2022-03,INGENIERIA SIMA S.A.,0.155161290322581
2022,3,2022-03,JUJUY HIDROCARBUROS SAU,30.5138064516129
2022,3,2022-03,KILWER S.A.,69.845935483871
2022,3,2022-03,MADALENA ENERGY ARGENTINA SRL ,63.941935483871
2022,3,2022-03,MEDANITO S.A.,13.6820322580645
2022,3,2022-03,OILSTONE ENERGIA S.A.,418.807699354839
2022,3,2022-03,PAMPA ENERGIA S.A.,12.0554838709677
2022,3,2022-03,PAMPETROL S.A.P.E.M,60.6135483870968
2022,3,2022-03,PAN AMERICAN ENERGY SL,16459.1251612903
2022,3,2022-03,PETROFARO S.A.,1.11870967741935
2022,3,2022-03,PETROLEOS SUDAMERICANOS S.A.,495.103548387097
2022,3,2022-03,Petrolera Aconcagua Energia S.A.,390.373
2022,3,2022-03,PETROLERA DEL COMAHUE S.A.,0.1
2022,3,2022-03,PETROLERA EL TREBOL S.A.,244.444
2022,3,2022-03,PETROLERA PAMPA S.A. ,0
2022,3,2022-03,PETROLERA SAN MIGUEL S.A.,0
2022,3,2022-03,PETROMINERA CHUBUT S.E.,0
2022,3,2022-03,PETROQUIMICA COMODORO RIVADAVIA S.A.,1446.72806451613
2022,3,2022-03,Pilgrim Energy S.A.,33.9314258064516
2022,3,2022-03,PLUSPETROL ENERGY S.A.,89.8429032258065
2022,3,2022-03,PLUSPETROL S.A.,4131.49895942388
2022,3,2022-03,PRESIDENT PETROLEUM S.A.,216.239096774194
2022,3,2022-03,QUINTANA E&P ARGENTINA S.R.L.,20.5
2022,3,2022-03,RECURSOS Y ENERGIA FORMOSA S.A.,64.001935483871
2022,3,2022-03,ROCH S.A.,281.753774193548
2022,3,2022-03,SAN JORGE PETROLEUM S.A.,0
2022,3,2022-03,SELVA MARIA OIL S.A.,60.8756021612903
2022,3,2022-03,SHELL ARGENTINA S.A.,4445.71258064516
2022,3,2022-03,"SINOPEC ARGENTINA EXPLORATION AND PRODUCTION, INC.",2319.37612903226
2022,3,2022-03,TECPETROL S.A.,2083.11077419355
2022,3,2022-03,TOTAL AUSTRAL S.A.,888.225258064516
2022,3,2022-03,VENOIL S.A.,8.83677419354839
2022,3,2022-03,VISTA OIL & GAS ARGENTINA SAU,5809.24948387097
2022,3,2022-03,YPF S.A.,42732.2751612903
2022,4,2022-04,ALIANZA PETROLERA ARGENTINA S.A.,33.6583333333333
2022,4,2022-04,ARGENTA ENERGIA S.A.,0
2022,4,2022-04,CAPETROL ARGENTINA S.A.,110.961
2022,4,2022-04,CAPETROL S.A.,21.8666666666667
2022,4,2022-04,CAPEX S.A.,1309.53366666667
2022,4,2022-04,CHEVRON ARGENTINA S.R.L.,602.332
2022,4,2022-04,COLHUE HUAPI S.A.,49.9333333333333
2022,4,2022-04,COMPAÑÍA GENERAL DE COMBUSTIBLES S.A.,388.3098423
2022,4,2022-04,COMPAÑÍAS ASOCIADAS PETROLERAS S.A.,1839.53333333333
2022,4,2022-04,COPESA CIA CONSTRUCTORA PETROLERA SA,0
2022,4,2022-04,"CRI HOLDING, INC.",9.7853
2022,4,2022-04,CROWN POINT ENERGIA S.A.,0
2022,4,2022-04,ENAP SIPETROL ARGENTINA S.A.,501.766
2022,4,2022-04,ENERGIA COMPAÑIA PETROLERA S.A.,6.15
2022,4,2022-04,ENERGICON S.A.,0
2022,4,2022-04,EXXONMOBIL EXPLORATION AND PRODUCTION OFFSHORE ARGENTINA S.R.L.,0
2022,4,2022-04,EXXONMOBIL EXPLORATION ARGENTINA S.R.L.,988.729333333333
2022,4,2022-04,FOMICRUZ S.E.,7.91666666666667
2022,4,2022-04,GRECOIL y CIA. S.R.L.,6.6001
2022,4,2022-04,HATTRICK ENERGY SAS,28.2867
2022,4,2022-04,HIGH LUCK GROUP LTD. - SUCURSAL ARGENTINA,149.968942050583
2022,4,2022-04,INGENIERIA ALPA S.A.,38.3183333333333
2022,4,2022-04,INGENIERIA SIMA S.A.,0.147
2022,4,2022-04,JUJUY HIDROCARBUROS SAU,30.1936666666667
2022,4,2022-04,KILWER S.A.,58.7629666666667
2022,4,2022-04,MADALENA ENERGY ARGENTINA SRL ,63.847
2022,4,2022-04,MEDANITO S.A.,12.7019666666667
2022,4,2022-04,OILSTONE ENERGIA S.A.,437.0310527
2022,4,2022-04,PAMPA ENERGIA S.A.,5.809
2022,4,2022-04,PAMPETROL S.A.P.E.M,61.056
2022,4,2022-04,PAN AMERICAN ENERGY SL,16607.599
2022,4,2022-04,PETROFARO S.A.,1.005
2022,4,2022-04,PETROLEOS SUDAMERICANOS S.A.,493.795666666667
2022,4,2022-04,Petrolera Aconcagua Energia S.A.,371.9976
2022,4,2022-04,PETROLERA DEL COMAHUE S.A.,0.1
2022,4,2022-04,PETROLERA EL TREBOL S.A.,225.958166666667
2022,4,2022-04,PETROLERA PAMPA S.A. ,0
2022,4,2022-04,PETROLERA SAN MIGUEL S.A.,0
2022,4,2022-04,PETROMINERA CHUBUT S.E.,0
2022,4,2022-04,PETROQUIMICA COMODORO RIVADAVIA S.A.,1431.439
2022,4,2022-04,Pilgrim Energy S.A.,30.46089
2022,4,2022-04,PLUSPETROL ENERGY S.A.,92.044
2022,4,2022-04,PLUSPETROL S.A.,4177.95771191742
2022,4,2022-04,PRESIDENT PETROLEUM S.A.,216.7889
2022,4,2022-04,QUINTANA E&P ARGENTINA S.R.L.,21.1766666666667
2022,4,2022-04,RECURSOS Y ENERGIA FORMOSA S.A.,62.81
2022,4,2022-04,ROCH S.A.,292.593933333333
2022,4,2022-04,SAN JORGE PETROLEUM S.A.,0
2022,4,2022-04,SELVA MARIA OIL S.A.,54.5342666666667
2022,4,2022-04,SHELL ARGENTINA S.A.,4517.94033333333
2022,4,2022-04,"SINOPEC ARGENTINA EXPLORATION AND PRODUCTION, INC.",2310.528
2022,4,2022-04,TECPETROL S.A.,2083.1147
2022,4,2022-04,TOTAL AUSTRAL S.A.,1056.41343333333
2022,4,2022-04,VENOIL S.A.,7.65
2022,4,2022-04,VISTA OIL & GAS ARGENTINA SAU,6077.39083333333
2022,4,2022-04,YPF S.A.,43602.0883333333
2022,5,2022-05,ALIANZA PETROLERA ARGENTINA S.A.,31.2958064516129
2022,5,2022-05,ARGENTA ENERGIA S.A.,0
2022,5,2022-05,CAPETROL ARGENTINA S.A.,89.2764516129032
2022,5,2022-05,CAPETROL S.A.,23.5161290322581
2022,5,2022-05,CAPEX S.A.,1406.15
2022,5,2022-05,CHEVRON ARGENTINA S.R.L.,699.610322580645
2022,5,2022-05,COLHUE HUAPI S.A.,51.8387096774194
2022,5,2022-05,COMPAÑÍA GENERAL DE COMBUSTIBLES S.A.,406.019228548387
2022,5,2022-05,COMPAÑÍAS ASOCIADAS PETROLERAS S.A.,1803.41870967742
2022,5,2022-05,COPESA CIA CONSTRUCTORA PETROLERA SA,0
2022,5,2022-05,"CRI HOLDING, INC.",10.2545483870968
2022,5,2022-05,CROWN POINT ENERGIA S.A.,0
2022,5,2022-05,ENAP SIPETROL ARGENTINA S.A.,556.996129032258
2022,5,2022-05,ENERGIA COMPAÑIA PETROLERA S.A.,5.80322580645161
2022,5,2022-05,ENERGICON S.A.,0
2022,5,2022-05,EXXONMOBIL EXPLORATION AND PRODUCTION OFFSHORE ARGENTINA S.R.L.,0
2022,5,2022-05,EXXONMOBIL EXPLORATION ARGENTINA S.R.L.,1138.21322580645
2022,5,2022-05,FOMICRUZ S.E.,8.68387096774194
2022,5,2022-05,GRECOIL y CIA. S.R.L.,23.6186451612903
2022,5,2022-05,HATTRICK ENERGY SAS,27.6465161290323
2022,5,2022-05,HIGH LUCK GROUP LTD. - SUCURSAL ARGENTINA,183.600891653684
2022,5,2022-05,INGENIERIA ALPA S.A.,38.9058064516129
2022,5,2022-05,INGENIERIA SIMA S.A.,0.143548387096774
2022,5,2022-05,INTEROIL ARGENTINA S A,50.761935483871
2022,5,2022-05,JUJUY HIDROCARBUROS SAU,30.4987741935484
2022,5,2022-05,KILWER S.A.,54.2144193548387
2022,5,2022-05,MADALENA ENERGY ARGENTINA SRL ,45.8235483870968
2022,5,2022-05,MEDANITO S.A.,13.7607419354839
2022,5,2022-05,OILSTONE ENERGIA S.A.,452.530193903226
2022,5,2022-05,PAMPA ENERGIA S.A.,10.0758064516129
2022,5,2022-05,PAMPETROL S.A.P.E.M,61.8974193548387
2022,5,2022-05,PAN AMERICAN ENERGY SL,16591.5516129032
2022,5,2022-05,PETROFARO S.A.,1.02451612903226
2022,5,2022-05,PETROLEOS SUDAMERICANOS S.A.,476.522258064516
2022,5,2022-05,Petrolera Aconcagua Energia S.A.,395.84364516129
2022,5,2022-05,PETROLERA DEL COMAHUE S.A.,0.1
2022,5,2022-05,PETROLERA EL TREBOL S.A.,232.864967741935
2022,5,2022-05,PETROLERA PAMPA S.A. ,0
2022,5,2022-05,PETROLERA SAN MIGUEL S.A.,0
2022,5,2022-05,PETROMINERA CHUBUT S.E.,0
2022,5,2022-05,PETROQUIMICA COMODORO RIVADAVIA S.A.,1375.76806451613
2022,5,2022-05,Pilgrim Energy S.A.,28.821064516129
2022,5,2022-05,PLUSPETROL ENERGY S.A.,88.8822580645161
2022,5,2022-05,PLUSPETROL S.A.,4432.07795567155
2022,5,2022-05,PRESIDENT PETROLEUM S.A.,214.020516129032
2022,5,2022-05,QUINTANA E&P ARGENTINA S.R.L.,20.7645161290323
2022,5,2022-05,RECURSOS Y ENERGIA FORMOSA S.A.,64.9800096774194
2022,5,2022-05,ROCH S.A.,362.159709677419
2022,5,2022-05,SAN JORGE PETROLEUM S.A.,0
2022,5,2022-05,SELVA MARIA OIL S.A.,52.4248387096774
2022,5,2022-05,SHELL ARGENTINA S.A.,4753.72290322581
2022,5,2022-05,"SINOPEC ARGENTINA EXPLORATION AND PRODUCTION, INC.",2288.81580645161
2022,5,2022-05,TECPETROL S.A.,2154.84274193548
2022,5,2022-05,TOTAL AUSTRAL S.A.,1076.57906451613
2022,5,2022-05,VENOIL S.A.,7.6
2022,5,2022-05,VISTA ENERGY ARGENTINA SAU,6119.36483870968
2022,5,2022-05,YPF S.A.,43695.5235483871
2022,6,2022-06,ALIANZA PETROLERA ARGENTINA S.A.,27.7046666666667
2022,6,2022-06,ARGENTA ENERGIA S.A.,0
2022,6,2022-06,CAPETROL ARGENTINA S.A.,86.1136666666667
2022,6,2022-06,CAPETROL S.A.,24.4333333333333
2022,6,2022-06,CAPEX S.A.,1451.55566666667
2022,6,2022-06,CHEVRON ARGENTINA S.R.L.,801.459333333333
2022,6,2022-06,COLHUE HUAPI S.A.,49.4333333333333
2022,6,2022-06,COMPAÑÍA GENERAL DE COMBUSTIBLES S.A.,388.673917566667
2022,6,2022-06,COMPAÑÍAS ASOCIADAS PETROLERAS S.A.,1843.767
2022,6,2022-06,COPESA CIA CONSTRUCTORA PETROLERA SA,0
2022,6,2022-06,"CRI HOLDING, INC.",10.4901
2022,6,2022-06,CROWN POINT ENERGIA S.A.,0
2022,6,2022-06,ENAP SIPETROL ARGENTINA S.A.,553.856333333333
2022,6,2022-06,ENERGIA COMPAÑIA PETROLERA S.A.,5.71333333333333
2022,6,2022-06,ENERGICON S.A.,0
2022,6,2022-06,EXXONMOBIL EXPLORATION AND PRODUCTION OFFSHORE ARGENTINA S.R.L.,0
2022,6,2022-06,EXXONMOBIL EXPLORATION ARGENTINA S.R.L.,1102.421
2022,6,2022-06,FOMICRUZ S.E.,10.0766666666667
2022,6,2022-06,GRECOIL y CIA. S.R.L.,8.93573333333333
2022,6,2022-06,HATTRICK ENERGY SAS,28.3699
2022,6,2022-06,HIGH LUCK GROUP LTD. - SUCURSAL ARGENTINA,184.948838141773
2022,6,2022-06,INGENIERIA ALPA S.A.,38.1453333333333
2022,6,2022-06,INGENIERIA SIMA S.A.,0.152
2022,6,2022-06,INTEROIL ARGENTINA S A,51.7796222333333
2022,6,2022-06,JUJUY HIDROCARBUROS SAU,30.4803333333333
2022,6,2022-06,KILWER S.A.,50.9442333333333
2022,6,2022-06,MADALENA ENERGY ARGENTINA SRL ,30.2643333333333
2022,6,2022-06,MEDANITO S.A.,20.0785666666667
2022,6,2022-06,OILSTONE ENERGIA S.A.,459.162540666667
2022,6,2022-06,PAMPA ENERGIA S.A.,11.187
2022,6,2022-06,PAMPETROL S.A.P.E.M,55.8366666666667
2022,6,2022-06,PAN AMERICAN ENERGY SL,16614.2896666667
2022,6,2022-06,PETROFARO S.A.,1.14033333333333
2022,6,2022-06,PETROLEOS SUDAMERICANOS S.A.,474.760333333333
2022,6,2022-06,Petrolera Aconcagua Energia S.A.,373.595766666667
2022,6,2022-06,PETROLERA DEL COMAHUE S.A.,0.1
2022,6,2022-06,PETROLERA EL TREBOL S.A.,229.858633333333
2022,6,2022-06,PETROLERA PAMPA S.A. ,0
2022,6,2022-06,PETROLERA SAN MIGUEL S.A.,0
2022,6,2022-06,PETROMINERA CHUBUT S.E.,0
2022,6,2022-06,PETROQUIMICA COMODORO RIVADAVIA S.A.,1404.24066666667
2022,6,2022-06,Pilgrim Energy S.A.,25.5536666666667
2022,6,2022-06,PLUSPETROL ENERGY S.A.,88.104
2022,6,2022-06,PLUSPETROL S.A.,4277.51478119244
2022,6,2022-06,PRESIDENT PETROLEUM S.A.,225.229866666667
2022,6,2022-06,QUINTANA E&P ARGENTINA S.R.L.,51.9533333333333
2022,6,2022-06,RECURSOS Y ENERGIA FORMOSA S.A.,74.5033333333333
2022,6,2022-06,ROCH S.A.,355.744833333333
2022,6,2022-06,SAN JORGE PETROLEUM S.A.,0
2022,6,2022-06,SELVA MARIA OIL S.A.,53.3476222333333
2022,6,2022-06,SHELL ARGENTINA S.A.,5110.943
2022,6,2022-06,"SINOPEC ARGENTINA EXPLORATION AND PRODUCTION, INC.",2229.56166666667
2022,6,2022-06,TECPETROL S.A.,2062.3592
2022,6,2022-06,TOTAL AUSTRAL S.A.,1054.59116666667
2022,6,2022-06,VENOIL S.A.,29.3143333333333
2022,6,2022-06,VISTA ENERGY ARGENTINA SAU,6080.011
2022,6,2022-06,YPF S.A.,43085.525
2022,7,2022-07,ALIANZA PETROLERA ARGENTINA S.A.,25.5635483870968
2022,7,2022-07,ARGENTA ENERGIA S.A.,0
2022,7,2022-07,CAPETROL ARGENTINA S.A.,81.8016129032258
2022,7,2022-07,CAPETROL S.A.,23.258064516129
2022,7,2022-07,CAPEX S.A.,1365.24419354839
2022,7,2022-07,CHEVRON ARGENTINA S.R.L.,882.855806451613
2022,7,2022-07,COLHUE HUAPI S.A.,49.3548387096774
2022,7,2022-07,COMPAÑÍA GENERAL DE COMBUSTIBLES S.A.,401.682668741936
2022,7,2022-07,COMPAÑÍAS ASOCIADAS PETROLERAS S.A.,1846.06419354839
2022,7,2022-07,COPESA CIA CONSTRUCTORA PETROLERA SA,0
2022,7,2022-07,"CRI HOLDING, INC.",9.80812903225807
2022,7,2022-07,CROWN POINT ENERGIA S.A.,0
2022,7,2022-07,ENAP SIPETROL ARGENTINA S.A.,507.928064516129
2022,7,2022-07,ENERGIA COMPAÑIA PETROLERA S.A.,5.74193548387097
2022,7,2022-07,ENERGICON S.A.,0
2022,7,2022-07,EXXONMOBIL EXPLORATION AND PRODUCTION OFFSHORE ARGENTINA S.R.L.,0
2022,7,2022-07,EXXONMOBIL EXPLORATION ARGENTINA S.R.L.,1151.50806451613
2022,7,2022-07,FOMICRUZ S.E.,7.96451612903226
2022,7,2022-07,GRECOIL y CIA. S.R.L.,7.47387096774194
2022,7,2022-07,HATTRICK ENERGY SAS,40.3555483870968
2022,7,2022-07,HIGH LUCK GROUP LTD. - SUCURSAL ARGENTINA,183.494306427581
2022,7,2022-07,INGENIERIA ALPA S.A.,34.4874193548387
2022,7,2022-07,INGENIERIA SIMA S.A.,0.146774193548387
2022,7,2022-07,INTEROIL ARGENTINA S A,57.6594838709677
2022,7,2022-07,JUJUY HIDROCARBUROS SAU,30.1663870967742
2022,7,2022-07,KILWER S.A.,404.990290322581
2022,7,2022-07,MADALENA ENERGY ARGENTINA SRL ,65.1848387096774
2022,7,2022-07,MEDANITO S.A.,23.0407096774194
2022,7,2022-07,OILSTONE ENERGIA S.A.,457.493920225806
2022,7,2022-07,PAMPA ENERGIA S.A.,11.2354838709677
2022,7,2022-07,PAMPETROL S.A.P.E.M,56.4132258064516
2022,7,2022-07,PAN AMERICAN ENERGY SL,16529.8296774194
2022,7,2022-07,PETROFARO S.A.,1.08806451612903
2022,7,2022-07,PETROLEOS SUDAMERICANOS S.A.,485.005774193548
2022,7,2022-07,Petrolera Aconcagua Energia S.A.,372.76464516129
2022,7,2022-07,PETROLERA DEL COMAHUE S.A.,0
2022,7,2022-07,PETROLERA EL TREBOL S.A.,227.447677419355
2022,7,2022-07,PETROLERA PAMPA S.A. ,0
2022,7,2022-07,PETROLERA SAN MIGUEL S.A.,0
2022,7,2022-07,PETROMINERA CHUBUT S.E.,0
2022,7,2022-07,PETROQUIMICA COMODORO RIVADAVIA S.A.,1373.01483870968
2022,7,2022-07,Pilgrim Energy S.A.,32.8349322580645
2022,7,2022-07,PLUSPETROL ENERGY S.A.,89.6606451612903
2022,7,2022-07,PLUSPETROL S.A.,4399.48529640197
2022,7,2022-07,PRESIDENT PETROLEUM S.A.,203.212848387097
2022,7,2022-07,QUINTANA E&P ARGENTINA S.R.L.,62.5758064516129
2022,7,2022-07,RECURSOS Y ENERGIA FORMOSA S.A.,99.4258064516129
2022,7,2022-07,ROCH S.A.,303.805967741935
2022,7,2022-07,SAN JORGE PETROLEUM S.A.,0
2022,7,2022-07,SELVA MARIA OIL S.A.,59.2343225806452
2022,7,2022-07,SHELL ARGENTINA S.A.,4740.79774193548
2022,7,2022-07,"SINOPEC ARGENTINA EXPLORATION AND PRODUCTION, INC.",2309.56096774194
2022,7,2022-07,TECPETROL S.A.,2029.77251612903
2022,7,2022-07,TOTAL AUSTRAL S.A.,1112.38683870968
2022,7,2022-07,VENOIL S.A.,24.3216129032258
2022,7,2022-07,VISTA ENERGY ARGENTINA SAU,6328.89612903226
2022,7,2022-07,YPF S.A.,43660.0896774194
2022,8,2022-08,ALIANZA PETROLERA ARGENTINA S.A.,25.7222580645161
2022,8,2022-08,ARGENTA ENERGIA S.A.,0
2022,8,2022-08,CAPETROL ARGENTINA S.A.,92.9829032258064
2022,8,2022-08,CAPETROL S.A.,23.2903225806452
2022,8,2022-08,CAPEX S.A.,1477.63838709677
2022,8,2022-08,CHEVRON ARGENTINA S.R.L.,863.24
2022,8,2022-08,COLHUE HUAPI S.A.,48.741935483871
2022,8,2022-08,COMPAÑÍA GENERAL DE COMBUSTIBLES S.A.,401.059483580645
2022,8,2022-08,COMPAÑÍAS ASOCIADAS PETROLERAS S.A.,1866.1935483871
2022,8,2022-08,COPESA CIA CONSTRUCTORA PETROLERA SA,0
2022,8,2022-08,"CRI HOLDING, INC.",8.93548387096774
2022,8,2022-08,CROWN POINT ENERGIA S.A.,0
2022,8,2022-08,ENAP SIPETROL ARGENTINA S.A.,502.246451612903
2022,8,2022-08,ENERGIA COMPAÑIA PETROLERA S.A.,7.75483870967742
2022,8,2022-08,ENERGICON S.A.,0
2022,8,2022-08,EXXONMOBIL EXPLORATION AND PRODUCTION OFFSHORE ARGENTINA S.R.L.,0
2022,8,2022-08,EXXONMOBIL EXPLORATION ARGENTINA S.R.L.,1020.03
2022,8,2022-08,FOMICRUZ S.E.,9.90645161290323
2022,8,2022-08,GRECOIL y CIA. S.R.L.,6.03774193548387
2022,8,2022-08,HATTRICK ENERGY SAS,39.4546774193548
2022,8,2022-08,HIGH LUCK GROUP LTD. - SUCURSAL ARGENTINA,180.643022152006
2022,8,2022-08,INGENIERIA ALPA S.A.,34.5035483870968
2022,8,2022-08,INGENIERIA SIMA S.A.,0.0932258064516129
2022,8,2022-08,INTEROIL ARGENTINA S A,47.9188064193549
2022,8,2022-08,JUJUY HIDROCARBUROS SAU,28.7234838709677
2022,8,2022-08,KILWER S.A.,679.69
2022,8,2022-08,MADALENA ENERGY ARGENTINA SRL ,86.3609677419355
2022,8,2022-08,MEDANITO S.A.,18.1140322580645
2022,8,2022-08,OILSTONE ENERGIA S.A.,438.599384258065
2022,8,2022-08,PAMPA ENERGIA S.A.,15.2941935483871
2022,8,2022-08,PAMPETROL S.A.P.E.M,60.84
2022,8,2022-08,PAN AMERICAN ENERGY SL,15999.9490322581
2022,8,2022-08,PETROFARO S.A.,1.02870967741935
2022,8,2022-08,PETROLEOS SUDAMERICANOS S.A.,472.146774193548
2022,8,2022-08,Petrolera Aconcagua Energia S.A.,388.189548387097
2022,8,2022-08,PETROLERA DEL COMAHUE S.A.,0
2022,8,2022-08,PETROLERA EL TREBOL S.A.,221.286774193548
2022,8,2022-08,PETROLERA PAMPA S.A. ,0
2022,8,2022-08,PETROLERA SAN MIGUEL S.A.,0
2022,8,2022-08,PETROMINERA CHUBUT S.E.,0
2022,8,2022-08,PETROQUIMICA COMODORO RIVADAVIA S.A.,1417.28677419355
2022,8,2022-08,Pilgrim Energy S.A.,32.7932806451613
2022,8,2022-08,PLUSPETROL ENERGY S.A.,89.4661290322581
2022,8,2022-08,PLUSPETROL S.A.,4560.35398111187
2022,8,2022-08,PRESIDENT PETROLEUM S.A.,114.538580645161
2022,8,2022-08,QUINTANA E&P ARGENTINA S.R.L.,65.1003225806452
2022,8,2022-08,RECURSOS Y ENERGIA FORMOSA S.A.,95.0032258064516
2022,8,2022-08,ROCH S.A.,259.115677419355
2022,8,2022-08,SAN JORGE PETROLEUM S.A.,0
2022,8,2022-08,SELVA MARIA OIL S.A.,49.4836451290323
2022,8,2022-08,SHELL ARGENTINA S.A.,4394.18096774194
2022,8,2022-08,"SINOPEC ARGENTINA EXPLORATION AND PRODUCTION, INC.",2369.70129032258
2022,8,2022-08,TECPETROL S.A.,2113.17670967742
2022,8,2022-08,TOTAL AUSTRAL S.A.,1090.36690322581
2022,8,2022-08,VENOIL S.A.,22.228064516129
2022,8,2022-08,VISTA ENERGY ARGENTINA SAU,7098.6535483871
2022,8,2022-08,YPF S.A.,44025.1522580645
2022,9,2022-09,ALIANZA PETROLERA ARGENTINA S.A.,23.5093333333333
2022,9,2022-09,ARGENTA ENERGIA S.A.,0
2022,9,2022-09,CAPETROL ARGENTINA S.A.,101.476333333333
2022,9,2022-09,CAPETROL S.A.,23.4666666666667
2022,9,2022-09,CAPEX S.A.,1455.88933333333
2022,9,2022-09,CHEVRON ARGENTINA S.R.L.,863.010666666667
2022,9,2022-09,COLHUE HUAPI S.A.,47.7666666666667
2022,9,2022-09,COMPAÑÍA GENERAL DE COMBUSTIBLES S.A.,396.617297133333
2022,9,2022-09,COMPAÑÍAS ASOCIADAS PETROLERAS S.A.,1906.6
2022,9,2022-09,COPESA CIA CONSTRUCTORA PETROLERA SA,0
2022,9,2022-09,"CRI HOLDING, INC.",8.84666666666667
2022,9,2022-09,CROWN POINT ENERGIA S.A.,0
2022,9,2022-09,ENAP SIPETROL ARGENTINA S.A.,499.249
2022,9,2022-09,ENERGIA COMPAÑIA PETROLERA S.A.,9.31333333333333
2022,9,2022-09,ENERGICON S.A.,0
2022,9,2022-09,EXXONMOBIL EXPLORATION AND PRODUCTION OFFSHORE ARGENTINA S.R.L.,0
2022,9,2022-09,EXXONMOBIL EXPLORATION ARGENTINA S.R.L.,1145.317
2022,9,2022-09,FOMICRUZ S.E.,10.1213333333333
2022,9,2022-09,GRECOIL y CIA. S.R.L.,5.326
2022,9,2022-09,HATTRICK ENERGY SAS,47.4074666666667
2022,9,2022-09,HIGH LUCK GROUP LTD. - SUCURSAL ARGENTINA,182.05658185926
2022,9,2022-09,INGENIERIA ALPA S.A.,38.2573333333333
2022,9,2022-09,INGENIERIA SIMA S.A.,0.105666666666667
2022,9,2022-09,INTEROIL ARGENTINA S A,56.8539555333333
2022,9,2022-09,JUJUY HIDROCARBUROS SAU,28.9831333333333
2022,9,2022-09,KILWER S.A.,515.976333333333
2022,9,2022-09,MADALENA ENERGY ARGENTINA SRL ,52.308
2022,9,2022-09,MEDANITO S.A.,17.3555666666667
2022,9,2022-09,OILSTONE ENERGIA S.A.,446.5840554
2022,9,2022-09,PAMPA ENERGIA S.A.,12.4286666666667
2022,9,2022-09,PAMPETROL S.A.P.E.M,59.876
2022,9,2022-09,PAN AMERICAN ENERGY SL,16265.6523333333
2022,9,2022-09,PETROFARO S.A.,1.022
2022,9,2022-09,PETROLEOS SUDAMERICANOS S.A.,478.374333333333
2022,9,2022-09,Petrolera Aconcagua Energia S.A.,400.771933333333
2022,9,2022-09,PETROLERA DEL COMAHUE S.A.,0
2022,9,2022-09,PETROLERA EL TREBOL S.A.,223.4447
2022,9,2022-09,PETROLERA PAMPA S.A. ,0
2022,9,2022-09,PETROLERA SAN MIGUEL S.A.,0
2022,9,2022-09,PETROMINERA CHUBUT S.E.,0
2022,9,2022-09,PETROQUIMICA COMODORO RIVADAVIA S.A.,1376.046
2022,9,2022-09,Pilgrim Energy S.A.,30.984
2022,9,2022-09,PLUSPETROL ENERGY S.A.,91.696
2022,9,2022-09,PLUSPETROL S.A.,4438.11495563567
2022,9,2022-09,PRESIDENT PETROLEUM S.A.,90.1766
2022,9,2022-09,QUINTANA E&P ARGENTINA S.R.L.,60.799
2022,9,2022-09,RECURSOS Y ENERGIA FORMOSA S.A.,116.370333333333
2022,9,2022-09,ROCH S.A.,190.087966666667
2022,9,2022-09,SAN JORGE PETROLEUM S.A.,0
2022,9,2022-09,SELVA MARIA OIL S.A.,58.4619555333333
2022,9,2022-09,SHELL ARGENTINA S.A.,4675.948
2022,9,2022-09,"SINOPEC ARGENTINA EXPLORATION AND PRODUCTION, INC.",2374.73733333333
2022,9,2022-09,TECPETROL S.A.,2046.52093333333
2022,9,2022-09,TOTAL AUSTRAL S.A.,1076.07296666667
2022,9,2022-09,VENOIL S.A.,15.2203333333333
2022,9,2022-09,VISTA ENERGY ARGENTINA SAU,7903.93266666667
2022,9,2022-09,YPF S.A.,44670.9493333333
2022,10,2022-10,ALIANZA PETROLERA ARGENTINA S.A.,24.5612903225806
2022,10,2022-10,ARGENTA ENERGIA S.A.,0
2022,10,2022-10,CAPETROL ARGENTINA S.A.,17
2022,10,2022-10,CAPETROL S.A.,24.7096774193548
2022,10,2022-10,CAPEX S.A.,1387.90032258065
2022,10,2022-10,CGC ENERGIA SAU,2631.31290322581
2022,10,2022-10,CHEVRON ARGENTINA S.R.L.,845.781290322581
2022,10,2022-10,COLHUE HUAPI S.A.,44.1129032258064
2022,10,2022-10,COMPAÑÍA GENERAL DE COMBUSTIBLES S.A.,396.881385806452
2022,10,2022-10,COMPAÑÍAS ASOCIADAS PETROLERAS S.A.,2040.87096774194
2022,10,2022-10,COPESA CIA CONSTRUCTORA PETROLERA SA,0
2022,10,2022-10,"CRI HOLDING, INC.",9.71612903225806
2022,10,2022-10,CROWN POINT ENERGIA S.A.,0
2022,10,2022-10,ENAP SIPETROL ARGENTINA S.A.,511.450967741935
2022,10,2022-10,ENERGIA COMPAÑIA PETROLERA S.A.,12.1296774193548
2022,10,2022-10,ENERGICON S.A.,0
2022,10,2022-10,EXXONMOBIL EXPLORATION AND PRODUCTION OFFSHORE ARGENTINA S.R.L.,0
2022,10,2022-10,EXXONMOBIL EXPLORATION ARGENTINA S.R.L.,1030.05419354839
2022,10,2022-10,FOMICRUZ S.E.,10.8245161290323
2022,10,2022-10,GRECOIL y CIA. S.R.L.,5.86522580645161
2022,10,2022-10,HATTRICK ENERGY SAS,26.5760322580645
2022,10,2022-10,HIGH LUCK GROUP LTD. - SUCURSAL ARGENTINA,210.145546472068
2022,10,2022-10,INGENIERIA ALPA S.A.,34.7283870967742
2022,10,2022-10,INGENIERIA SIMA S.A.,0.138387096774194
2022,10,2022-10,INTEROIL ARGENTINA S A,61.2371827741936
2022,10,2022-10,JUJUY HIDROCARBUROS SAU,29.1856774193548
2022,10,2022-10,KILWER S.A.,501.224935483871
2022,10,2022-10,MADALENA ENERGY ARGENTINA SRL ,49.9664516129032
2022,10,2022-10,MEDANITO S.A.,22.3725806451613
2022,10,2022-10,OILSTONE ENERGIA S.A.,463.626681096774
2022,10,2022-10,PAMPA ENERGIA S.A.,11.9177419354839
2022,10,2022-10,PAMPETROL S.A.P.E.M,60.871935483871
2022,10,2022-10,PAN AMERICAN ENERGY SL,16442.1603225806
2022,10,2022-10,PATAGONIA ENERGY S.A.,81.3658064516129
2022,10,2022-10,PETROFARO S.A.,1.71774193548387
2022,10,2022-10,PETROLEOS SUDAMERICANOS S.A.,465.158387096774
2022,10,2022-10,Petrolera Aconcagua Energia S.A.,387.701225806452
2022,10,2022-10,PETROLERA DEL COMAHUE S.A.,0
2022,10,2022-10,PETROLERA EL TREBOL S.A.,210.562129032258
2022,10,2022-10,PETROLERA PAMPA S.A. ,0
2022,10,2022-10,PETROLERA SAN MIGUEL S.A.,0
2022,10,2022-10,PETROMINERA CHUBUT S.E.,0
2022,10,2022-10,PETROQUIMICA COMODORO RIVADAVIA S.A.,1469.9635483871
2022,10,2022-10,Pilgrim Energy S.A.,30.5166548387097
2022,10,2022-10,PLUSPETROL ENERGY S.A.,86.3006451612903
2022,10,2022-10,PLUSPETROL S.A.,4503.30831083839
2022,10,2022-10,PRESIDENT PETROLEUM S.A.,124.877058064516
2022,10,2022-10,QUINTANA E&P ARGENTINA S.R.L.,55.7109677419355
2022,10,2022-10,RECURSOS Y ENERGIA FORMOSA S.A.,119.087096774194
2022,10,2022-10,ROCH S.A.,139.147193548387
2022,10,2022-10,SAN JORGE PETROLEUM S.A.,0
2022,10,2022-10,SELVA MARIA OIL S.A.,62.7746021290323
2022,10,2022-10,SHELL ARGENTINA S.A.,4742.57580645161
2022,10,2022-10,TECPETROL S.A.,2087.801
2022,10,2022-10,TOTAL AUSTRAL S.A.,998.91535483871
2022,10,2022-10,VENOIL S.A.,16.8203225806452
2022,10,2022-10,VISTA ENERGY ARGENTINA SAU,8292.02193548387
2022,10,2022-10,YPF S.A.,46140.8612903226
2022,11,2022-11,ALIANZA PETROLERA ARGENTINA S.A.,29.429
2022,11,2022-11,ARGENTA ENERGIA S.A.,0
2022,11,2022-11,CAPETROL ARGENTINA S.A.,17.4333333333333
2022,11,2022-11,CAPETROL S.A.,26.1333333333333
2022,11,2022-11,CAPEX S.A.,1419.27833333333
2022,11,2022-11,CGC ENERGIA SAU,2577.512
2022,11,2022-11,CHEVRON ARGENTINA S.R.L.,846.686333333333
2022,11,2022-11,COLHUE HUAPI S.A.,42.8333333333333
2022,11,2022-11,COMPAÑÍA GENERAL DE COMBUSTIBLES S.A.,373.9186771
2022,11,2022-11,COMPAÑÍAS ASOCIADAS PETROLERAS S.A.,1984.5
2022,11,2022-11,COPESA CIA CONSTRUCTORA PETROLERA SA,0
2022,11,2022-11,"CRI HOLDING, INC.",10.2003333333333
2022,11,2022-11,CROWN POINT ENERGIA S.A.,0
2022,11,2022-11,ENAP SIPETROL ARGENTINA S.A.,464.863
2022,11,2022-11,ENERGIA COMPAÑIA PETROLERA S.A.,16.5
2022,11,2022-11,ENERGICON S.A.,0
2022,11,2022-11,EXXONMOBIL EXPLORATION AND PRODUCTION OFFSHORE ARGENTINA S.R.L.,0
2022,11,2022-11,EXXONMOBIL EXPLORATION ARGENTINA S.R.L.,1439.8
2022,11,2022-11,FOMICRUZ S.E.,9.02133333333333
2022,11,2022-11,GRECOIL y CIA. S.R.L.,6.9411
2022,11,2022-11,HATTRICK ENERGY SAS,15.7149333333333
2022,11,2022-11,HIGH LUCK GROUP LTD. - SUCURSAL ARGENTINA,207.180614063897
2022,11,2022-11,INGENIERIA ALPA S.A.,40.13
2022,11,2022-11,INGENIERIA SIMA S.A.,0.176
2022,11,2022-11,INTEROIL ARGENTINA S A,51.9752777333333
2022,11,2022-11,JUJUY HIDROCARBUROS SAU,27.8183
2022,11,2022-11,KILWER S.A.,751.2929
2022,11,2022-11,MADALENA ENERGY ARGENTINA SRL ,45.1563333333333
2022,11,2022-11,MEDANITO S.A.,21.5325666666667
2022,11,2022-11,OILSTONE ENERGIA S.A.,444.350282833333
2022,11,2022-11,PAMPA ENERGIA S.A.,12.5496666666667
2022,11,2022-11,PAMPETROL S.A.P.E.M,51.3823333333333
2022,11,2022-11,PAN AMERICAN ENERGY SL,16654.016
2022,11,2022-11,PATAGONIA ENERGY S.A.,81.947
2022,11,2022-11,PETROFARO S.A.,0.897
2022,11,2022-11,PETROLEOS SUDAMERICANOS S.A.,465.451666666667
2022,11,2022-11,Petrolera Aconcagua Energia S.A.,405.554633333333
2022,11,2022-11,PETROLERA DEL COMAHUE S.A.,0
2022,11,2022-11,PETROLERA EL TREBOL S.A.,215.987666666667
2022,11,2022-11,PETROLERA PAMPA S.A. ,0
2022,11,2022-11,PETROLERA SAN MIGUEL S.A.,3.409
2022,11,2022-11,PETROMINERA CHUBUT S.E.,0
2022,11,2022-11,PETROQUIMICA COMODORO RIVADAVIA S.A.,1386.86266666667
2022,11,2022-11,Pilgrim Energy S.A.,33.4847666666667
2022,11,2022-11,PLUSPETROL ENERGY S.A.,90.6603333333333
2022,11,2022-11,PLUSPETROL S.A.,4346.38066666667
2022,11,2022-11,PRESIDENT PETROLEUM S.A.,212.096936666667
2022,11,2022-11,QUINTANA E&P ARGENTINA S.R.L.,59.479
2022,11,2022-11,RECURSOS Y ENERGIA FORMOSA S.A.,126.586333333333
2022,11,2022-11,ROCH S.A.,209.4651
2022,11,2022-11,SAN JORGE PETROLEUM S.A.,0
2022,11,2022-11,SELVA MARIA OIL S.A.,53.4946110666667
2022,11,2022-11,SHELL ARGENTINA S.A.,5081.913
2022,11,2022-11,TECPETROL S.A.,2061.2063
2022,11,2022-11,TOTAL AUSTRAL S.A.,977.5648
2022,11,2022-11,VENOIL S.A.,15.8453333333333
2022,11,2022-11,VISTA ENERGY ARGENTINA SAU,7888.553
2022,11,2022-11,YPF S.A.,45509.0013333333
2022,12,2022-12,ALIANZA PETROLERA ARGENTINA S.A.,29.158064516129
2022,12,2022-12,ARGENTA ENERGIA S.A.,0
2022,12,2022-12,CAPETROL ARGENTINA S.A.,16.6451612903226
2022,12,2022-12,CAPETROL S.A.,25.7096774193548
2022,12,2022-12,CAPEX S.A.,1434.56419354839
2022,12,2022-12,CGC ENERGIA SAU,2599.66935483871
2022,12,2022-12,CHEVRON ARGENTINA S.R.L.,773.617741935484
2022,12,2022-12,COLHUE HUAPI S.A.,47.9077419354839
2022,12,2022-12,COMPAÑÍA GENERAL DE COMBUSTIBLES S.A.,366.306189774194
2022,12,2022-12,COMPAÑÍAS ASOCIADAS PETROLERAS S.A.,2004.32290322581
2022,12,2022-12,COPESA CIA CONSTRUCTORA PETROLERA SA,0
2022,12,2022-12,"CRI HOLDING, INC.",6.91935483870968
2022,12,2022-12,CROWN POINT ENERGIA S.A.,0
2022,12,2022-12,ENAP SIPETROL ARGENTINA S.A.,453.861290322581
2022,12,2022-12,ENERGIA COMPAÑIA PETROLERA S.A.,12.1032258064516
2022,12,2022-12,ENERGICON S.A.,0
2022,12,2022-12,EXXONMOBIL EXPLORATION AND PRODUCTION OFFSHORE ARGENTINA S.R.L.,0
2022,12,2022-12,EXXONMOBIL EXPLORATION ARGENTINA S.R.L.,1284.88677419355
2022,12,2022-12,FOMICRUZ S.E.,9.82548387096774
2022,12,2022-12,GRECOIL y CIA. S.R.L.,6.33567741935484
2022,12,2022-12,HATTRICK ENERGY SAS,14.9687741935484
2022,12,2022-12,HIGH LUCK GROUP LTD. - SUCURSAL ARGENTINA,197.713377066587
2022,12,2022-12,INGENIERIA ALPA S.A.,41.4270967741936
2022,12,2022-12,INGENIERIA SIMA S.A.,0.169677419354839
2022,12,2022-12,INTEROIL ARGENTINA S A,54.3119677419355
2022,12,2022-12,JUJUY HIDROCARBUROS SAU,27.4233870967742
2022,12,2022-12,KILWER S.A.,905.010322580645
2022,12,2022-12,MADALENA ENERGY ARGENTINA SRL ,42.8364516129032
2022,12,2022-12,MEDANITO S.A.,17.8784516129032
2022,12,2022-12,OILSTONE ENERGIA S.A.,425.729627580645
2022,12,2022-12,PAMPA ENERGIA S.A.,16.9483870967742
2022,12,2022-12,PAMPETROL S.A.P.E.M,50.7948387096774
2022,12,2022-12,PAN AMERICAN ENERGY SL,16937.9867741935
2022,12,2022-12,PATAGONIA ENERGY S.A.,81.99
2022,12,2022-12,PETROFARO S.A.,1.00903225806452
2022,12,2022-12,PETROLEOS SUDAMERICANOS S.A.,456.753225806452
2022,12,2022-12,Petrolera Aconcagua Energia S.A.,411.927096774194
2022,12,2022-12,PETROLERA DEL COMAHUE S.A.,0
2022,12,2022-12,PETROLERA EL TREBOL S.A.,219.111074193548
2022,12,2022-12,PETROLERA PAMPA S.A. ,0
2022,12,2022-12,PETROLERA SAN MIGUEL S.A.,6.12903225806452
2022,12,2022-12,PETROLSUR ENERGIA S.A. ,0.596451612903226
2022,12,2022-12,PETROMINERA CHUBUT S.E.,0
2022,12,2022-12,PETROQUIMICA COMODORO RIVADAVIA S.A.,1336.04161290323
2022,12,2022-12,Pilgrim Energy S.A.,33.3919096774194
2022,12,2022-12,PLUSPETROL ENERGY S.A.,88.0922580645161
2022,12,2022-12,PLUSPETROL S.A.,4535.42993548387
2022,12,2022-12,PRESIDENT PETROLEUM S.A.,213.30475483871
2022,12,2022-12,QUINTANA E&P ARGENTINA S.R.L.,56.0864516129032
2022,12,2022-12,RECURSOS Y ENERGIA FORMOSA S.A.,144.448387096774
2022,12,2022-12,ROCH S.A.,143.199032258065
2022,12,2022-12,SAN JORGE PETROLEUM S.A.,0
2022,12,2022-12,SELVA MARIA OIL S.A.,55.8416451612903
2022,12,2022-12,SHELL ARGENTINA S.A.,4777.66322580645
2022,12,2022-12,TECPETROL S.A.,2645.88667741935
2022,12,2022-12,TOTAL AUSTRAL S.A.,955.286032258064
2022,12,2022-12,VENOIL S.A.,15.5629032258065
2022,12,2022-12,VISTA ENERGY ARGENTINA SAU,7493.56709677419
2022,12,2022-12,YPF S.A.,45745.4319354839
2023,1,2023-01,ALIANZA PETROLERA ARGENTINA S.A.,29.9
2023,1,2023-01,ARGENTA ENERGIA S.A.,0
2023,1,2023-01,CAPETROL ARGENTINA S.A.,13.5483870967742
2023,1,2023-01,CAPETROL S.A.,24.6129032258065
2023,1,2023-01,CAPEX S.A.,1467.09129032258
2023,1,2023-01,CGC ENERGIA SAU,2702.7235483871
2023,1,2023-01,CHEVRON ARGENTINA S.R.L.,690.574193548387
2023,1,2023-01,COLHUE HUAPI S.A.,53.0967741935484
2023,1,2023-01,COMPAÑÍA GENERAL DE COMBUSTIBLES S.A.,345.469095516129
2023,1,2023-01,COMPAÑÍAS ASOCIADAS PETROLERAS S.A.,1952.38709677419
2023,1,2023-01,COPESA CIA CONSTRUCTORA PETROLERA SA,0
2023,1,2023-01,CROWN POINT ENERGIA S.A.,0
2023,1,2023-01,ENAP SIPETROL ARGENTINA S.A.,469.556129032258
2023,1,2023-01,ENERGIA COMPAÑIA PETROLERA S.A.,8.00322580645161
2023,1,2023-01,ENERGICON S.A.,0
2023,1,2023-01,EXXONMOBIL EXPLORATION AND PRODUCTION OFFSHORE ARGENTINA S.R.L.,0
2023,1,2023-01,EXXONMOBIL EXPLORATION ARGENTINA S.R.L.,1282.00258064516
2023,1,2023-01,FOMICRUZ S.E.,9.83677419354839
2023,1,2023-01,GRECOIL y CIA. S.R.L.,5.87348387096774
2023,1,2023-01,HATTRICK ENERGY SAS,25.9832903225806
2023,1,2023-01,HIGH LUCK GROUP LTD. - SUCURSAL ARGENTINA,203.663709677419
2023,1,2023-01,INGENIERIA ALPA S.A.,39.0383870967742
2023,1,2023-01,INGENIERIA SIMA S.A.,0.199032258064516
2023,1,2023-01,INTEROIL ARGENTINA S A,34.5205914193548
2023,1,2023-01,JUJUY HIDROCARBUROS SAU,28.0265806451613
2023,1,2023-01,KILWER S.A.,1056.7235483871
2023,1,2023-01,MADALENA ENERGY ARGENTINA SRL ,42.3890322580645
2023,1,2023-01,MEDANITO S.A.,15.2413225806452
2023,1,2023-01,OILSTONE ENERGIA S.A.,413.820467387097
2023,1,2023-01,PAMPA ENERGIA S.A.,10.1432258064516
2023,1,2023-01,PAMPETROL S.A.P.E.M,52.178064516129
2023,1,2023-01,PAN AMERICAN ENERGY SL,16959.7412903226
2023,1,2023-01,PATAGONIA ENERGY S.A.,77.6529032258064
2023,1,2023-01,PETROFARO S.A.,1.22129032258065
2023,1,2023-01,PETROLEOS SUDAMERICANOS S.A.,462.912258064516
2023,1,2023-01,Petrolera Aconcagua Energia S.A.,420.195032258065
2023,1,2023-01,PETROLERA DEL COMAHUE S.A.,0
2023,1,2023-01,PETROLERA EL TREBOL S.A.,209.416516129032
2023,1,2023-01,PETROLERA PAMPA S.A. ,0
2023,1,2023-01,PETROLERA SAN MIGUEL S.A.,3.84193548387097
2023,1,2023-01,PETROLSUR ENERGIA S.A. ,0.679677419354839
2023,1,2023-01,PETROMINERA CHUBUT S.E.,0
2023,1,2023-01,PETROQUIMICA COMODORO RIVADAVIA S.A.,1324.24903225806
2023,1,2023-01,Pilgrim Energy S.A.,30.7852161290323
2023,1,2023-01,PLUSPETROL ENERGY S.A.,86.7987096774194
2023,1,2023-01,PLUSPETROL S.A.,4425.40229032258
2023,1,2023-01,PRESIDENT PETROLEUM S.A.,203.001070967742
2023,1,2023-01,QUINTANA E&P ARGENTINA S.R.L.,50.531935483871
2023,1,2023-01,RECURSOS Y ENERGIA FORMOSA S.A.,148.470677419355
2023,1,2023-01,ROCH S.A.,133.761161290323
2023,1,2023-01,SAN JORGE PETROLEUM S.A.,0
2023,1,2023-01,SELVA MARIA OIL S.A.,36.0025269032258
2023,1,2023-01,SHELL ARGENTINA S.A.,4622.06935483871
2023,1,2023-01,TECPETROL S.A.,2651.77129032258
2023,1,2023-01,TOTAL AUSTRAL S.A.,907.173193548387
2023,1,2023-01,VENOIL S.A.,15.5541935483871
2023,1,2023-01,VISTA ENERGY ARGENTINA SAU,7315.71974193548
2023,1,2023-01,YPF S.A.,46869.8441935484
2023,2,2023-02,ALIANZA PETROLERA ARGENTINA S.A.,30.9475
2023,2,2023-02,ARGENTA ENERGIA S.A.,0
2023,2,2023-02,CAPETROL ARGENTINA S.A.,13.0357142857143
2023,2,2023-02,CAPETROL S.A.,25.5714285714286
2023,2,2023-02,CAPEX S.A.,1411.02785714286
2023,2,2023-02,CGC ENERGIA SAU,2760.63535714286
2023,2,2023-02,CHEVRON ARGENTINA S.R.L.,691.757857142857
2023,2,2023-02,COLHUE HUAPI S.A.,55.5357142857143
2023,2,2023-02,COMPAÑÍA GENERAL DE COMBUSTIBLES S.A.,346.454674214286
2023,2,2023-02,COMPAÑÍAS ASOCIADAS PETROLERAS S.A.,1910.85714285714
2023,2,2023-02,COPESA CIA CONSTRUCTORA PETROLERA SA,0
2023,2,2023-02,CROWN POINT ENERGIA S.A.,0
2023,2,2023-02,ENAP SIPETROL ARGENTINA S.A.,502.410714285714
2023,2,2023-02,ENERGIA COMPAÑIA PETROLERA S.A.,10.7357142857143
2023,2,2023-02,ENERGICON S.A.,0
2023,2,2023-02,EXXONMOBIL EXPLORATION AND PRODUCTION OFFSHORE ARGENTINA S.R.L.,0
2023,2,2023-02,EXXONMOBIL EXPLORATION ARGENTINA S.R.L.,1186.85857142857
2023,2,2023-02,FOMICRUZ S.E.,4.86285714285714
2023,2,2023-02,GRECOIL y CIA. S.R.L.,7.49785714285714
2023,2,2023-02,HATTRICK ENERGY SAS,19.4467142857143
2023,2,2023-02,HIGH LUCK GROUP LTD. - SUCURSAL ARGENTINA,203.976592894318
2023,2,2023-02,INGENIERIA ALPA S.A.,38.7239285714286
2023,2,2023-02,INGENIERIA SIMA S.A.,0.230357142857143
2023,2,2023-02,INTEROIL ARGENTINA S A,53.4602142857143
2023,2,2023-02,JUJUY HIDROCARBUROS SAU,29.1224642857143
2023,2,2023-02,KILWER S.A.,908.613071428572
2023,2,2023-02,MADALENA ENERGY ARGENTINA SRL ,39.8721428571429
2023,2,2023-02,MEDANITO S.A.,15.8740357142857
2023,2,2023-02,OILSTONE ENERGIA S.A.,410.214614607143
2023,2,2023-02,PAMPA ENERGIA S.A.,14.8160714285714
2023,2,2023-02,PAMPETROL S.A.P.E.M,52.48
2023,2,2023-02,PAN AMERICAN ENERGY SL,16780.7271428571
2023,2,2023-02,PATAGONIA ENERGY S.A.,79.0778571428571
2023,2,2023-02,PETROFARO S.A.,0.966071428571429
2023,2,2023-02,PETROLEOS SUDAMERICANOS S.A.,514.583571428571
2023,2,2023-02,Petrolera Aconcagua Energia S.A.,423.026464285714
2023,2,2023-02,PETROLERA DEL COMAHUE S.A.,0
2023,2,2023-02,PETROLERA EL TREBOL S.A.,220.810178571429
2023,2,2023-02,PETROLERA PAMPA S.A. ,0
2023,2,2023-02,PETROLERA SAN MIGUEL S.A.,4.19642857142857
2023,2,2023-02,PETROLSUR ENERGIA S.A. ,0.606785714285714
2023,2,2023-02,PETROMINERA CHUBUT S.E.,0
2023,2,2023-02,PETROQUIMICA COMODORO RIVADAVIA S.A.,1399.11928571429
2023,2,2023-02,Pilgrim Energy S.A.,31.5924107142857
2023,2,2023-02,PLUSPETROL ENERGY S.A.,87.7757142857143
2023,2,2023-02,PLUSPETROL S.A.,4757.58371428571
2023,2,2023-02,PRESIDENT PETROLEUM S.A.,199.692260714286
2023,2,2023-02,QUINTANA E&P ARGENTINA S.R.L.,55.0042857142857
2023,2,2023-02,RECURSOS Y ENERGIA FORMOSA S.A.,139.2
2023,2,2023-02,ROCH S.A.,127.988464285714
2023,2,2023-02,SAN JORGE PETROLEUM S.A.,0
2023,2,2023-02,SELVA MARIA OIL S.A.,54.9534285714286
2023,2,2023-02,SHELL ARGENTINA S.A.,4667.26392857143
2023,2,2023-02,TECPETROL S.A.,2723.18821428571
2023,2,2023-02,TOTAL AUSTRAL S.A.,1035.22525
2023,2,2023-02,VENOIL S.A.,14.3046428571429
2023,2,2023-02,VISTA ENERGY ARGENTINA SAU,8243.63717857143
2023,2,2023-02,YPF S.A.,47418.5010714286
2023,3,2023-03,ALIANZA PETROLERA ARGENTINA S.A.,52.0048387096774
2023,3,2023-03,ARGENTA ENERGIA S.A.,0
2023,3,2023-03,CAPETROL ARGENTINA S.A.,12.5161290322581
2023,3,2023-03,CAPETROL S.A.,24.3225806451613
2023,3,2023-03,CAPEX S.A.,1405.97806451613
2023,3,2023-03,CGC ENERGIA SAU,2656.16451612903
2023,3,2023-03,CHEVRON ARGENTINA S.R.L.,728.444838709677
2023,3,2023-03,COLHUE HUAPI S.A.,51.6451612903226
2023,3,2023-03,COMPAÑÍA GENERAL DE COMBUSTIBLES S.A.,342.881505
2023,3,2023-03,COMPAÑÍAS ASOCIADAS PETROLERAS S.A.,1809.83806451613
2023,3,2023-03,COPESA CIA CONSTRUCTORA PETROLERA SA,0
2023,3,2023-03,CROWN POINT ENERGIA S.A.,0
2023,3,2023-03,ENAP SIPETROL ARGENTINA S.A.,490.115483870968
2023,3,2023-03,ENERGIA COMPAÑIA PETROLERA S.A.,6
2023,3,2023-03,ENERGICON S.A.,0
2023,3,2023-03,EXXONMOBIL EXPLORATION AND PRODUCTION OFFSHORE ARGENTINA S.R.L.,0
2023,3,2023-03,EXXONMOBIL EXPLORATION ARGENTINA S.R.L.,1207.18870967742
2023,3,2023-03,FOMICRUZ S.E.,2.1941935483871
2023,3,2023-03,GRECOIL y CIA. S.R.L.,8.08929032258064
2023,3,2023-03,HATTRICK ENERGY SAS,37.8245161290323
2023,3,2023-03,HIGH LUCK GROUP LTD. - SUCURSAL ARGENTINA,203.046903225806
2023,3,2023-03,INGENIERIA ALPA S.A.,40.1087096774193
2023,3,2023-03,INGENIERIA SIMA S.A.,0.368064516129032
2023,3,2023-03,INTEROIL ARGENTINA S A,1.56516129032259
2023,3,2023-03,JUJUY HIDROCARBUROS SAU,29.4821935483871
2023,3,2023-03,KILWER S.A.,1010.17480645161
2023,3,2023-03,MADALENA ENERGY ARGENTINA SRL ,34.6554838709677
2023,3,2023-03,MEDANITO S.A.,16.2767419354839
2023,3,2023-03,OILSTONE ENERGIA S.A.,402.795132645161
2023,3,2023-03,PAMPA ENERGIA S.A.,14.3838709677419
2023,3,2023-03,PAMPETROL S.A.P.E.M,53.2251612903226
2023,3,2023-03,PAN AMERICAN ENERGY SL,16970.8922580645
2023,3,2023-03,PATAGONIA ENERGY S.A.,76.6909677419355
2023,3,2023-03,PETROFARO S.A.,0.999677419354839
2023,3,2023-03,PETROLEOS SUDAMERICANOS S.A.,517.961527647277
2023,3,2023-03,Petrolera Aconcagua Energia S.A.,1502.85116129032
2023,3,2023-03,PETROLERA DEL COMAHUE S.A.,0
2023,3,2023-03,PETROLERA EL TREBOL S.A.,212.54535483871
2023,3,2023-03,PETROLERA PAMPA S.A. ,0
2023,3,2023-03,PETROLERA SAN MIGUEL S.A.,3.32741935483871
2023,3,2023-03,PETROLSUR ENERGIA S.A. ,0.72258064516129
2023,3,2023-03,PETROMINERA CHUBUT S.E.,0
2023,3,2023-03,PETROQUIMICA COMODORO RIVADAVIA S.A.,1335.75870967742
2023,3,2023-03,Pilgrim Energy S.A.,30.5588451612903
2023,3,2023-03,PLUSPETROL ENERGY S.A.,86.4658064516129
2023,3,2023-03,PLUSPETROL S.A.,4888.71461290323
2023,3,2023-03,PRESIDENT PETROLEUM S.A.,180.810767741935
2023,3,2023-03,QUINTANA E&P ARGENTINA S.R.L.,43.7125806451613
2023,3,2023-03,RECURSOS Y ENERGIA FORMOSA S.A.,131.924516129032
2023,3,2023-03,ROCH S.A.,192.290516129032
2023,3,2023-03,SAN JORGE PETROLEUM S.A.,0
2023,3,2023-03,SELVA MARIA OIL S.A.,34.1293010645161
2023,3,2023-03,SHELL ARGENTINA S.A.,4608.78032258065
2023,3,2023-03,TECPETROL S.A.,2627.68635483871
2023,3,2023-03,TOTAL AUSTRAL S.A.,1041.18080645161
2023,3,2023-03,VENOIL S.A.,16.0509677419355
2023,3,2023-03,VISTA ENERGY ARGENTINA SAU,6946.30338709677
2023,3,2023-03,YPF S.A.,48250.0783870968
2023,4,2023-04,ALIANZA PETROLERA ARGENTINA S.A.,36.505
2023,4,2023-04,ARGENTA ENERGIA S.A.,0
2023,4,2023-04,CAPETROL ARGENTINA S.A.,11.9
2023,4,2023-04,CAPETROL S.A.,24.7333333333333
2023,4,2023-04,CAPEX S.A.,1454.18
2023,4,2023-04,CGC ENERGIA SAU,2661.201
2023,4,2023-04,CHEVRON ARGENTINA S.R.L.,727.729
2023,4,2023-04,COLHUE HUAPI S.A.,49.8
2023,4,2023-04,COMPAÑÍA GENERAL DE COMBUSTIBLES S.A.,362.5137958
2023,4,2023-04,COMPAÑÍAS ASOCIADAS PETROLERAS S.A.,1887.40033333333
2023,4,2023-04,COPESA CIA CONSTRUCTORA PETROLERA SA,0
2023,4,2023-04,CROWN POINT ENERGIA S.A.,0
2023,4,2023-04,ENAP SIPETROL ARGENTINA S.A.,286.888333333333
2023,4,2023-04,ENERGIA COMPAÑIA PETROLERA S.A.,5.4
2023,4,2023-04,ENERGICON S.A.,0
2023,4,2023-04,EXXONMOBIL EXPLORATION AND PRODUCTION OFFSHORE ARGENTINA S.R.L.,0
2023,4,2023-04,EXXONMOBIL EXPLORATION ARGENTINA S.R.L.,1210.36566666667
2023,4,2023-04,FOMICRUZ S.E.,13.5746666666667
2023,4,2023-04,GRECOIL y CIA. S.R.L.,8.12
2023,4,2023-04,HATTRICK ENERGY SAS,29.9431
2023,4,2023-04,HIGH LUCK GROUP LTD. - SUCURSAL ARGENTINA,202.552251714133
2023,4,2023-04,INGENIERIA ALPA S.A.,36.5606666666667
2023,4,2023-04,INGENIERIA SIMA S.A.,0.462
2023,4,2023-04,INTEROIL ARGENTINA S A,1.50533333333334
2023,4,2023-04,JUJUY HIDROCARBUROS SAU,28.5212666666667
2023,4,2023-04,KILWER S.A.,757.303866666667
2023,4,2023-04,MADALENA ENERGY ARGENTINA SRL ,35.9953333333333
2023,4,2023-04,MEDANITO S.A.,20.0840333333333
2023,4,2023-04,OILSTONE ENERGIA S.A.,407.4354091
2023,4,2023-04,PAMPA ENERGIA S.A.,15.2796666666667
2023,4,2023-04,PAMPETROL S.A.P.E.M,58.9426666666667
2023,4,2023-04,PAN AMERICAN ENERGY SL,17002.413
2023,4,2023-04,PATAGONIA ENERGY S.A.,75.2746666666667
2023,4,2023-04,PETROFARO S.A.,0.731666666666667
2023,4,2023-04,PETROLEOS SUDAMERICANOS S.A.,503.615863779228
2023,4,2023-04,Petrolera Aconcagua Energia S.A.,1507.646
2023,4,2023-04,PETROLERA DEL COMAHUE S.A.,0
2023,4,2023-04,PETROLERA EL TREBOL S.A.,216.707033333333
2023,4,2023-04,PETROLERA PAMPA S.A. ,0
2023,4,2023-04,PETROLERA SAN MIGUEL S.A.,2.99333333333333
2023,4,2023-04,PETROLSUR ENERGIA S.A. ,0.349
2023,4,2023-04,PETROMINERA CHUBUT S.E.,0
2023,4,2023-04,PETROQUIMICA COMODORO RIVADAVIA S.A.,1389.086
2023,4,2023-04,Pilgrim Energy S.A.,30.12425
2023,4,2023-04,PLUSPETROL ENERGY S.A.,83.893
2023,4,2023-04,PLUSPETROL S.A.,4605.9422
2023,4,2023-04,PRESIDENT PETROLEUM S.A.,193.33374
2023,4,2023-04,QUINTANA E&P ARGENTINA S.R.L.,49.003
2023,4,2023-04,RECURSOS Y ENERGIA FORMOSA S.A.,124.202666666667
2023,4,2023-04,ROCH S.A.,191.073166666667
2023,4,2023-04,SAN JORGE PETROLEUM S.A.,0
2023,4,2023-04,SELVA MARIA OIL S.A.,23.2226464446667
2023,4,2023-04,SHELL ARGENTINA S.A.,4539.681
2023,4,2023-04,TECPETROL S.A.,2656.71023333333
2023,4,2023-04,TOTAL AUSTRAL S.A.,1043.69366666667
2023,4,2023-04,VENOIL S.A.,15.183
2023,4,2023-04,VISTA ENERGY ARGENTINA SAU,6452.6796
2023,4,2023-04,YPF S.A.,48776.4243333333
2023,5,2023-05,ALIANZA PETROLERA ARGENTINA S.A.,36.6996774193548
2023,5,2023-05,ARGENTA ENERGIA S.A.,0
2023,5,2023-05,CAPETROL ARGENTINA S.A.,9.38709677419355
2023,5,2023-05,CAPETROL S.A.,24.9677419354839
2023,5,2023-05,CAPEX S.A.,1476.67225806452
2023,5,2023-05,CGC ENERGIA SAU,2654.64741935484
2023,5,2023-05,CHEVRON ARGENTINA S.R.L.,611.719032258065
2023,5,2023-05,COLHUE HUAPI S.A.,49.5
2023,5,2023-05,COMPAÑÍA GENERAL DE COMBUSTIBLES S.A.,372.287281451613
2023,5,2023-05,COMPAÑÍAS ASOCIADAS PETROLERAS S.A.,1903.06451612903
2023,5,2023-05,COPESA CIA CONSTRUCTORA PETROLERA SA,0
2023,5,2023-05,CROWN POINT ENERGIA S.A.,0
2023,5,2023-05,ENAP SIPETROL ARGENTINA S.A.,484.870967741935
2023,5,2023-05,ENERGIA COMPAÑIA PETROLERA S.A.,5.01
2023,5,2023-05,ENERGICON S.A.,0
2023,5,2023-05,EXXONMOBIL EXPLORATION AND PRODUCTION OFFSHORE ARGENTINA S.R.L.,0
2023,5,2023-05,EXXONMOBIL EXPLORATION ARGENTINA S.R.L.,1223.0335483871
2023,5,2023-05,FOMICRUZ S.E.,4.37322580645161
2023,5,2023-05,GRECOIL y CIA. S.R.L.,8.01654838709677
2023,5,2023-05,HATTRICK ENERGY SAS,36.0725161290323
2023,5,2023-05,HIGH LUCK GROUP LTD. - SUCURSAL ARGENTINA,201.625108602468
2023,5,2023-05,INGENIERIA ALPA S.A.,36.4125806451613
2023,5,2023-05,INGENIERIA SIMA S.A.,0.57
2023,5,2023-05,INTEROIL ARGENTINA S A,1.27490322580645
2023,5,2023-05,JUJUY HIDROCARBUROS SAU,28.1138709677419
2023,5,2023-05,KILWER S.A.,722.241548387097
2023,5,2023-05,MADALENA ENERGY ARGENTINA SRL ,33.0135483870968
2023,5,2023-05,MEDANITO S.A.,23.1806451612903
2023,5,2023-05,OILSTONE ENERGIA S.A.,403.399445709677
2023,5,2023-05,PAMPA ENERGIA S.A.,14.7409677419355
2023,5,2023-05,PAMPETROL S.A.P.E.M,53.048064516129
2023,5,2023-05,PAN AMERICAN ENERGY SL,16580.5906451613
2023,5,2023-05,PATAGONIA ENERGY S.A.,73.7893548387097
2023,5,2023-05,PETROFARO S.A.,1.07064516129032
2023,5,2023-05,PETROLEOS SUDAMERICANOS S.A.,477.326295483871
2023,5,2023-05,Petrolera Aconcagua Energia S.A.,1521.9414516129
2023,5,2023-05,PETROLERA DEL COMAHUE S.A.,0
2023,5,2023-05,PETROLERA EL TREBOL S.A.,230.102709677419
2023,5,2023-05,PETROLERA PAMPA S.A. ,0
2023,5,2023-05,PETROLERA SAN MIGUEL S.A.,3.5141935483871
2023,5,2023-05,PETROLSUR ENERGIA S.A. ,0.484193548387097
2023,5,2023-05,PETROMINERA CHUBUT S.E.,0
2023,5,2023-05,PETROQUIMICA COMODORO RIVADAVIA S.A.,1365.7335483871
2023,5,2023-05,Pilgrim Energy S.A.,33.2770419354839
2023,5,2023-05,PLUSPETROL ENERGY S.A.,84.9474193548387
2023,5,2023-05,PLUSPETROL S.A.,4734.92232258065
2023,5,2023-05,PRESIDENT PETROLEUM S.A.,202.704303225806
2023,5,2023-05,QUINTANA E&P ARGENTINA S.R.L.,42.5703225806452
2023,5,2023-05,RECURSOS Y ENERGIA FORMOSA S.A.,130.033548387097
2023,5,2023-05,ROCH S.A.,152.16364516129
2023,5,2023-05,SAN JORGE PETROLEUM S.A.,0
2023,5,2023-05,SELVA MARIA OIL S.A.,32.2052707164516
2023,5,2023-05,SHELL ARGENTINA S.A.,4708.14774193548
2023,5,2023-05,TECPETROL S.A.,2529.05
2023,5,2023-05,TOTAL AUSTRAL S.A.,1047.78332258065
2023,5,2023-05,VENOIL S.A.,14.1341935483871
2023,5,2023-05,VISTA ENERGY ARGENTINA SAU,6481.44429032258
2023,5,2023-05,YPF S.A.,48976.9364516129
2023,6,2023-06,ALIANZA PETROLERA ARGENTINA S.A.,36.7383333333333
2023,6,2023-06,ARGENTA ENERGIA S.A.,0
2023,6,2023-06,CAPETROL ARGENTINA S.A.,8.2
2023,6,2023-06,CAPETROL S.A.,25.2
2023,6,2023-06,CAPEX S.A.,1448.86066666667
2023,6,2023-06,CGC ENERGIA SAU,2730.801
2023,6,2023-06,CHEVRON ARGENTINA S.R.L.,581.655
2023,6,2023-06,COLHUE HUAPI S.A.,48.25
2023,6,2023-06,COMPAÑÍA GENERAL DE COMBUSTIBLES S.A.,344.917823833333
2023,6,2023-06,COMPAÑÍAS ASOCIADAS PETROLERAS S.A.,1909.80033333333
2023,6,2023-06,COPESA CIA CONSTRUCTORA PETROLERA SA,0
2023,6,2023-06,CROWN POINT ENERGIA S.A.,0
2023,6,2023-06,ENAP SIPETROL ARGENTINA S.A.,465.384333333333
2023,6,2023-06,ENERGIA COMPAÑIA PETROLERA S.A.,0.900666666666667
2023,6,2023-06,ENERGICON S.A.,0
2023,6,2023-06,EXXONMOBIL EXPLORATION AND PRODUCTION OFFSHORE ARGENTINA S.R.L.,0
2023,6,2023-06,EXXONMOBIL EXPLORATION ARGENTINA S.R.L.,1168.13733333333
2023,6,2023-06,FOMICRUZ S.E.,11.316
2023,6,2023-06,GRECOIL y CIA. S.R.L.,6.7708
2023,6,2023-06,HATTRICK ENERGY SAS,33.6444666666667
2023,6,2023-06,HIGH LUCK GROUP LTD. - SUCURSAL ARGENTINA,200.53191552301
2023,6,2023-06,INGENIERIA ALPA S.A.,33.0106666666667
2023,6,2023-06,INGENIERIA SIMA S.A.,0.57
2023,6,2023-06,INTEROIL ARGENTINA S A,1.26006666666667
2023,6,2023-06,JUJUY HIDROCARBUROS SAU,26.2856
2023,6,2023-06,KILWER S.A.,859.804166666667
2023,6,2023-06,MADALENA ENERGY ARGENTINA SRL ,31.1456666666667
2023,6,2023-06,MEDANITO S.A.,21.0483
2023,6,2023-06,OILSTONE ENERGIA S.A.,397.255603633333
2023,6,2023-06,PAMPA ENERGIA S.A.,16.2353333333333
2023,6,2023-06,PAMPETROL S.A.P.E.M,54.3076666666667
2023,6,2023-06,PAN AMERICAN ENERGY SL,16404.2033333333
2023,6,2023-06,PATAGONIA ENERGY S.A.,71.9966666666667
2023,6,2023-06,PETROFARO S.A.,1.056
2023,6,2023-06,PETROLEOS SUDAMERICANOS S.A.,508.448566666667
2023,6,2023-06,Petrolera Aconcagua Energia S.A.,1450.01176666667
2023,6,2023-06,PETROLERA DEL COMAHUE S.A.,0.1
2023,6,2023-06,PETROLERA EL TREBOL S.A.,217.1702
2023,6,2023-06,PETROLERA PAMPA S.A. ,0
2023,6,2023-06,PETROLERA SAN MIGUEL S.A.,1.91533333333333
2023,6,2023-06,PETROLSUR ENERGIA S.A. ,0.715666666666667
2023,6,2023-06,PETROMINERA CHUBUT S.E.,0
2023,6,2023-06,PETROQUIMICA COMODORO RIVADAVIA S.A.,1389.327
2023,6,2023-06,Pilgrim Energy S.A.,35.1638866666667
2023,6,2023-06,PLUSPETROL ENERGY S.A.,82.905
2023,6,2023-06,PLUSPETROL S.A.,4744.25896666667
2023,6,2023-06,PRESIDENT PETROLEUM S.A.,195.84118
2023,6,2023-06,QUINTANA E&P ARGENTINA S.R.L.,42.196
2023,6,2023-06,RECURSOS Y ENERGIA FORMOSA S.A.,128.64
2023,6,2023-06,ROCH S.A.,118.402233333333
2023,6,2023-06,SAN JORGE PETROLEUM S.A.,0
2023,6,2023-06,SELVA MARIA OIL S.A.,39.5701687633333
2023,6,2023-06,SHELL ARGENTINA S.A.,4562.84066666667
2023,6,2023-06,TECPETROL S.A.,2446.18376666667
2023,6,2023-06,TOTAL AUSTRAL S.A.,1100.94843333333
2023,6,2023-06,VENOIL S.A.,12.3536666666667
2023,6,2023-06,VISTA ENERGY ARGENTINA SAU,5922.4253
2023,6,2023-06,YPF S.A.,48677.5553333333
2023,7,2023-07,ALIANZA PETROLERA ARGENTINA S.A.,37.1267741935484
2023,7,2023-07,ARGENTA ENERGIA S.A.,0
2023,7,2023-07,CAPETROL ARGENTINA S.A.,9.96774193548387
2023,7,2023-07,CAPETROL S.A.,24.6451612903226
2023,7,2023-07,CAPEX S.A.,1543.33225806452
2023,7,2023-07,CGC ENERGIA SAU,2825.67838709677
2023,7,2023-07,CHEVRON ARGENTINA S.R.L.,600.925806451613
2023,7,2023-07,COLHUE HUAPI S.A.,46.8709677419355
2023,7,2023-07,COMPAÑÍA GENERAL DE COMBUSTIBLES S.A.,309.284502677419
2023,7,2023-07,COMPAÑÍAS ASOCIADAS PETROLERAS S.A.,1862.61290322581
2023,7,2023-07,COPESA CIA CONSTRUCTORA PETROLERA SA,0
2023,7,2023-07,CROWN POINT ENERGIA S.A.,0
2023,7,2023-07,ENAP SIPETROL ARGENTINA S.A.,465.075483870968
2023,7,2023-07,ENERGIA COMPAÑIA PETROLERA S.A.,0.193548387096774
2023,7,2023-07,ENERGICON S.A.,0
2023,7,2023-07,EXXONMOBIL EXPLORATION AND PRODUCTION OFFSHORE ARGENTINA S.R.L.,0
2023,7,2023-07,EXXONMOBIL EXPLORATION ARGENTINA S.R.L.,1113.60516129032
2023,7,2023-07,FOMICRUZ S.E.,8.75612903225806
2023,7,2023-07,GRECOIL y CIA. S.R.L.,10.2293225806452
2023,7,2023-07,HATTRICK ENERGY SAS,37.0190322580645
2023,7,2023-07,HIGH LUCK GROUP LTD. - SUCURSAL ARGENTINA,199.616
2023,7,2023-07,INGENIERIA ALPA S.A.,40.6387096774194
2023,7,2023-07,INGENIERIA SIMA S.A.,0.673870967741936
2023,7,2023-07,INTEROIL ARGENTINA S A,1.44506451612903
2023,7,2023-07,JUJUY HIDROCARBUROS SAU,27.6713225806452
2023,7,2023-07,KILWER S.A.,1503.21561290323
2023,7,2023-07,MADALENA ENERGY ARGENTINA SRL ,29.3103225806452
2023,7,2023-07,MEDANITO S.A.,19.1688709677419
2023,7,2023-07,OILSTONE ENERGIA S.A.,395.606254483871
2023,7,2023-07,PAMPA ENERGIA S.A.,15.4061290322581
2023,7,2023-07,PAMPETROL S.A.P.E.M,51.0509677419355
2023,7,2023-07,PAN AMERICAN ENERGY SL,16001.3719354839
2023,7,2023-07,PATAGONIA ENERGY S.A.,70.0041935483871
2023,7,2023-07,PETROFARO S.A.,1.07064516129032
2023,7,2023-07,PETROLEOS SUDAMERICANOS S.A.,486.484516129032
2023,7,2023-07,Petrolera Aconcagua Energia S.A.,1487.76267741935
2023,7,2023-07,PETROLERA DEL COMAHUE S.A.,0.1
2023,7,2023-07,PETROLERA EL TREBOL S.A.,258.451193548387
2023,7,2023-07,PETROLERA PAMPA S.A. ,0
2023,7,2023-07,PETROLERA SAN MIGUEL S.A.,1.98032258064516
2023,7,2023-07,PETROLSUR ENERGIA S.A. ,0.215483870967742
2023,7,2023-07,PETROMINERA CHUBUT S.E.,0
2023,7,2023-07,PETROQUIMICA COMODORO RIVADAVIA S.A.,1378.57774193548
2023,7,2023-07,Pilgrim Energy S.A.,33.3173129032258
2023,7,2023-07,PLUSPETROL ENERGY S.A.,82.4432258064516
2023,7,2023-07,PLUSPETROL S.A.,4424.99193548387
2023,7,2023-07,PRESIDENT PETROLEUM S.A.,205.227396774194
2023,7,2023-07,QUINTANA E&P ARGENTINA S.R.L.,39.3464516129032
2023,7,2023-07,RECURSOS Y ENERGIA FORMOSA S.A.,121.255483870968
2023,7,2023-07,ROCH S.A.,125.878451612903
2023,7,2023-07,SAN JORGE PETROLEUM S.A.,0
2023,7,2023-07,SELVA MARIA OIL S.A.,32.3528925212903
2023,7,2023-07,SHELL ARGENTINA S.A.,4703.65580645161
2023,7,2023-07,TECPETROL S.A.,2412.85896774194
2023,7,2023-07,TOTAL AUSTRAL S.A.,1003.90990322581
2023,7,2023-07,VENOIL S.A.,12.4777419354839
2023,7,2023-07,VISTA ENERGY ARGENTINA SAU,6043.10393548387
2023,7,2023-07,YPF S.A.,47967.9906451613
2023,8,2023-08,ALIANZA PETROLERA ARGENTINA S.A.,36.3009677419355
2023,8,2023-08,ARGENTA ENERGIA S.A.,0
2023,8,2023-08,CAPETROL ARGENTINA S.A.,7.06451612903226
2023,8,2023-08,CAPETROL S.A.,20.1290322580645
2023,8,2023-08,CAPEX S.A.,1534.0864516129
2023,8,2023-08,CGC ENERGIA SAU,2802.75193548387
2023,8,2023-08,CHEVRON ARGENTINA S.R.L.,624.673225806452
2023,8,2023-08,COLHUE HUAPI S.A.,46.4193548387097
2023,8,2023-08,COMPAÑÍA GENERAL DE COMBUSTIBLES S.A.,323.124052774194
2023,8,2023-08,COMPAÑÍAS ASOCIADAS PETROLERAS S.A.,1753.87096774194
2023,8,2023-08,COPESA CIA CONSTRUCTORA PETROLERA SA,0
2023,8,2023-08,CROWN POINT ENERGIA S.A.,0
2023,8,2023-08,ENAP SIPETROL ARGENTINA S.A.,457.226129032258
2023,8,2023-08,ENERGIA COMPAÑIA PETROLERA S.A.,1.29032258064516
2023,8,2023-08,ENERGICON S.A.,0
2023,8,2023-08,EXXONMOBIL EXPLORATION AND PRODUCTION OFFSHORE ARGENTINA S.R.L.,0
2023,8,2023-08,EXXONMOBIL EXPLORATION ARGENTINA S.R.L.,1220.37193548387
2023,8,2023-08,FOMICRUZ S.E.,13.1345161290323
2023,8,2023-08,GRECOIL y CIA. S.R.L.,11.4158709677419
2023,8,2023-08,HATTRICK ENERGY SAS,42.168
2023,8,2023-08,HIGH LUCK GROUP LTD. - SUCURSAL ARGENTINA,199.181967741935
2023,8,2023-08,INGENIERIA ALPA S.A.,43.5161290322581
2023,8,2023-08,INGENIERIA SIMA S.A.,0.682258064516129
2023,8,2023-08,INTEROIL ARGENTINA S A,1.93306451612903
2023,8,2023-08,JUJUY HIDROCARBUROS SAU,27.653
2023,8,2023-08,KILWER S.A.,1206.22996774194
2023,8,2023-08,MADALENA ENERGY ARGENTINA SRL ,37.9158064516129
2023,8,2023-08,MEDANITO S.A.,21.1622903225806
2023,8,2023-08,OILSTONE ENERGIA S.A.,385.352480225806
2023,8,2023-08,PAMPA ENERGIA S.A.,11.9429032258065
2023,8,2023-08,PAMPETROL S.A.P.E.M,54.0541935483871
2023,8,2023-08,PAN AMERICAN ENERGY SL,15964.6674193548
2023,8,2023-08,PATAGONIA ENERGY S.A.,69.9065483870968
2023,8,2023-08,PETROFARO S.A.,1.06161290322581
2023,8,2023-08,PETROLEOS SUDAMERICANOS S.A.,497.139677419355
2023,8,2023-08,Petrolera Aconcagua Energia S.A.,1479.405
2023,8,2023-08,PETROLERA DEL COMAHUE S.A.,0.1
2023,8,2023-08,PETROLERA EL TREBOL S.A.,248.614838709677
2023,8,2023-08,PETROLERA PAMPA S.A. ,0
2023,8,2023-08,PETROLERA SAN MIGUEL S.A.,0
2023,8,2023-08,PETROLSUR ENERGIA S.A. ,0.785806451612903
2023,8,2023-08,PETROMINERA CHUBUT S.E.,0
2023,8,2023-08,PETROQUIMICA COMODORO RIVADAVIA S.A.,1408.07838709677
2023,8,2023-08,Pilgrim Energy S.A.,33.1730903225806
2023,8,2023-08,PLUSPETROL ENERGY S.A.,80.5822580645161
2023,8,2023-08,PLUSPETROL S.A.,4654.4425483871
2023,8,2023-08,PRESIDENT PETROLEUM S.A.,190.995848387097
2023,8,2023-08,QUINTANA E&P ARGENTINA S.R.L.,37.7858064516129
2023,8,2023-08,RECURSOS Y ENERGIA FORMOSA S.A.,111.712580645161
2023,8,2023-08,ROCH S.A.,116.575483870968
2023,8,2023-08,SAN JORGE PETROLEUM S.A.,0
2023,8,2023-08,SELVA MARIA OIL S.A.,30.3030216064516
2023,8,2023-08,SHELL ARGENTINA S.A.,4592.06322580645
2023,8,2023-08,TECPETROL S.A.,2325.71570967742
2023,8,2023-08,TOTAL AUSTRAL S.A.,1249.29770967742
2023,8,2023-08,VENOIL S.A.,9.73451612903226
2023,8,2023-08,VISTA ENERGY ARGENTINA SAU,6953.71480645161
2023,8,2023-08,YPF S.A.,47961
2023,9,2023-09,ALIANZA PETROLERA ARGENTINA S.A.,34.3126666666667
2023,9,2023-09,ARGENTA ENERGIA S.A.,0
2023,9,2023-09,CAPETROL ARGENTINA S.A.,6.06666666666667
2023,9,2023-09,CAPETROL S.A.,10.3333333333333
2023,9,2023-09,CAPEX S.A.,1544.34
2023,9,2023-09,CGC ENERGIA SAU,2818.572
2023,9,2023-09,CHEVRON ARGENTINA S.R.L.,638.365666666667
2023,9,2023-09,COLHUE HUAPI S.A.,48.5666666666667
2023,9,2023-09,COMPAÑÍA GENERAL DE COMBUSTIBLES S.A.,311.862632066667
2023,9,2023-09,COMPAÑÍAS ASOCIADAS PETROLERAS S.A.,1832.46666666667
2023,9,2023-09,COPESA CIA CONSTRUCTORA PETROLERA SA,0
2023,9,2023-09,CROWN POINT ENERGIA S.A.,0
2023,9,2023-09,ENAP SIPETROL ARGENTINA S.A.,448.872666666667
2023,9,2023-09,ENERGIA COMPAÑIA PETROLERA S.A.,2.13666666666667
2023,9,2023-09,ENERGICON S.A.,0
2023,9,2023-09,EXXONMOBIL EXPLORATION AND PRODUCTION OFFSHORE ARGENTINA S.R.L.,0
2023,9,2023-09,EXXONMOBIL EXPLORATION ARGENTINA S.R.L.,1182.627
2023,9,2023-09,FOMICRUZ S.E.,14.5703333333333
2023,9,2023-09,GRECOIL y CIA. S.R.L.,9.16763333333333
2023,9,2023-09,HATTRICK ENERGY SAS,49.1933333333333
2023,9,2023-09,HIGH LUCK GROUP LTD. - SUCURSAL ARGENTINA,192.579801479193
2023,9,2023-09,INGENIERIA ALPA S.A.,37.309
2023,9,2023-09,INGENIERIA SIMA S.A.,0.672333333333333
2023,9,2023-09,INTEROIL ARGENTINA S A,3.98683333333333
2023,9,2023-09,JUJUY HIDROCARBUROS SAU,27.7502
2023,9,2023-09,KILWER S.A.,1069.6257
2023,9,2023-09,MADALENA ENERGY ARGENTINA SRL ,49.7213333333333
2023,9,2023-09,MEDANITO S.A.,21.3928
2023,9,2023-09,OILSTONE ENERGIA S.A.,391.748808766667
2023,9,2023-09,PAMPA ENERGIA S.A.,15.278
2023,9,2023-09,PAMPETROL S.A.P.E.M,50.6713333333333
2023,9,2023-09,PAN AMERICAN ENERGY SL,16097.7456666667
2023,9,2023-09,PATAGONIA ENERGY S.A.,68.0938333333333
2023,9,2023-09,PETROFARO S.A.,1.06366666666667
2023,9,2023-09,PETROLEOS SUDAMERICANOS S.A.,499.503333333333
2023,9,2023-09,Petrolera Aconcagua Energia S.A.,1464.73006666667
2023,9,2023-09,PETROLERA DEL COMAHUE S.A.,0
2023,9,2023-09,PETROLERA EL TREBOL S.A.,254.5532
2023,9,2023-09,PETROLERA PAMPA S.A. ,0
2023,9,2023-09,PETROLERA SAN MIGUEL S.A.,0
2023,9,2023-09,PETROLSUR ENERGIA S.A. ,0.819333333333333
2023,9,2023-09,PETROMINERA CHUBUT S.E.,0
2023,9,2023-09,PETROQUIMICA COMODORO RIVADAVIA S.A.,1350.181
2023,9,2023-09,Pilgrim Energy S.A.,31.98511
2023,9,2023-09,PLUSPETROL ENERGY S.A.,85.6443333333333
2023,9,2023-09,PLUSPETROL S.A.,4709.80403333333
2023,9,2023-09,PRESIDENT PETROLEUM S.A.,179.791103333333
2023,9,2023-09,QUINTANA E&P ARGENTINA S.R.L.,38.641
2023,9,2023-09,RECURSOS Y ENERGIA FORMOSA S.A.,110.019666666667
2023,9,2023-09,ROCH S.A.,144.597666666667
2023,9,2023-09,SAN JORGE PETROLEUM S.A.,0
2023,9,2023-09,SELVA MARIA OIL S.A.,33.5543029066667
2023,9,2023-09,SHELL ARGENTINA S.A.,4258.271
2023,9,2023-09,TECPETROL S.A.,2423.56906666667
2023,9,2023-09,TOTAL AUSTRAL S.A.,1478.13923333333
2023,9,2023-09,VENOIL S.A.,7.70933333333333
2023,9,2023-09,VISTA ENERGY ARGENTINA SAU,7297.50013333333
2023,9,2023-09,YPF S.A.,49902.3056666667
2023,10,2023-10,ALIANZA PETROLERA ARGENTINA S.A.,31.4106451612903
2023,10,2023-10,ARGENTA ENERGIA S.A.,0
2023,10,2023-10,CAPETROL ARGENTINA S.A.,10.258064516129
2023,10,2023-10,CAPETROL S.A.,5.03225806451613
2023,10,2023-10,CAPEX S.A.,1537.10032258065
2023,10,2023-10,CGC ENERGIA SAU,2882.97129032258
2023,10,2023-10,CHEVRON ARGENTINA S.R.L.,741.972258064516
2023,10,2023-10,COLHUE HUAPI S.A.,48.9677419354839
2023,10,2023-10,COMPAÑÍA GENERAL DE COMBUSTIBLES S.A.,315.591168967742
2023,10,2023-10,COMPAÑÍAS ASOCIADAS PETROLERAS S.A.,1820.96774193548
2023,10,2023-10,COPESA CIA CONSTRUCTORA PETROLERA SA,0
2023,10,2023-10,CROWN POINT ENERGIA S.A.,0
2023,10,2023-10,ENAP SIPETROL ARGENTINA S.A.,462.965806451613
2023,10,2023-10,ENERGIA COMPAÑIA PETROLERA S.A.,7.09677419354839
2023,10,2023-10,ENERGICON S.A.,0
2023,10,2023-10,EXXONMOBIL EXPLORATION AND PRODUCTION OFFSHORE ARGENTINA S.R.L.,0
2023,10,2023-10,EXXONMOBIL EXPLORATION ARGENTINA S.R.L.,1238.80387096774
2023,10,2023-10,FOMICRUZ S.E.,14.6032258064516
2023,10,2023-10,GRECOIL y CIA. S.R.L.,12.7261290322581
2023,10,2023-10,HATTRICK ENERGY SAS,55.4102903225807
2023,10,2023-10,HIGH LUCK GROUP LTD. - SUCURSAL ARGENTINA,130.171720431503
2023,10,2023-10,INGENIERIA ALPA S.A.,38.3435483870968
2023,10,2023-10,INGENIERIA SIMA S.A.,0.683225806451613
2023,10,2023-10,INTEROIL ARGENTINA S A,5.25348387096774
2023,10,2023-10,JUJUY HIDROCARBUROS SAU,27.2625806451613
2023,10,2023-10,KILWER S.A.,1494.58541935484
2023,10,2023-10,MADALENA ENERGY ARGENTINA SRL ,53.8693548387097
2023,10,2023-10,MEDANITO S.A.,19.3054838709677
2023,10,2023-10,OILSTONE ENERGIA S.A.,382.478414580645
2023,10,2023-10,PAMPA ENERGIA S.A.,9.95548387096774
2023,10,2023-10,PAMPETROL S.A.P.E.M,48.2535483870968
2023,10,2023-10,PAN AMERICAN ENERGY SL,16019.4361290323
2023,10,2023-10,PATAGONIA ENERGY S.A.,67.2498064516129
2023,10,2023-10,PETROFARO S.A.,1.02
2023,10,2023-10,PETROLEOS SUDAMERICANOS S.A.,493.224516129032
2023,10,2023-10,Petrolera Aconcagua Energia S.A.,1449.94696774194
2023,10,2023-10,PETROLERA DEL COMAHUE S.A.,0
2023,10,2023-10,PETROLERA EL TREBOL S.A.,259.830451612903
2023,10,2023-10,PETROLERA PAMPA S.A. ,0
2023,10,2023-10,PETROLERA SAN MIGUEL S.A.,0
2023,10,2023-10,PETROLSUR ENERGIA S.A. ,0.635483870967742
2023,10,2023-10,PETROMINERA CHUBUT S.E.,0
2023,10,2023-10,PETROQUIMICA COMODORO RIVADAVIA S.A.,1342.31129032258
2023,10,2023-10,Pilgrim Energy S.A.,31.0579290322581
2023,10,2023-10,PLUSPETROL ENERGY S.A.,84
2023,10,2023-10,PLUSPETROL S.A.,4482.16235483871
2023,10,2023-10,PRESIDENT PETROLEUM S.A.,178.006209677419
2023,10,2023-10,QUINTANA E&P ARGENTINA S.R.L.,36.6841935483871
2023,10,2023-10,RECURSOS Y ENERGIA FORMOSA S.A.,108.167741935484
2023,10,2023-10,ROCH S.A.,110.172387096774
2023,10,2023-10,SAN JORGE PETROLEUM S.A.,0
2023,10,2023-10,SELVA MARIA OIL S.A.,25.2143742845161
2023,10,2023-10,SHELL ARGENTINA S.A.,3783.73903225806
2023,10,2023-10,TECPETROL S.A.,2269.90483870968
2023,10,2023-10,TOTAL AUSTRAL S.A.,1480.99929032258
2023,10,2023-10,VENOIL S.A.,9.73258064516129
2023,10,2023-10,VISTA ENERGY ARGENTINA SAU,7824.97322580645
2023,10,2023-10,YPF S.A.,52452.854516129
2023,11,2023-11,ALIANZA PETROLERA ARGENTINA S.A.,31.4613333333333
2023,11,2023-11,ARGENTA ENERGIA S.A.,0
2023,11,2023-11,CAPETROL ARGENTINA S.A.,8.03333333333333
2023,11,2023-11,CAPETROL S.A.,8.83333333333333
2023,11,2023-11,CAPEX S.A.,1485.479
2023,11,2023-11,CGC ENERGIA SAU,2838.36433333333
2023,11,2023-11,CHEVRON ARGENTINA S.R.L.,769.203666666667
2023,11,2023-11,COLHUE HUAPI S.A.,49.8666666666667
2023,11,2023-11,COMPAÑÍA GENERAL DE COMBUSTIBLES S.A.,325.4635413
2023,11,2023-11,COMPAÑÍAS ASOCIADAS PETROLERAS S.A.,1774.167
2023,11,2023-11,COPESA CIA CONSTRUCTORA PETROLERA SA,0
2023,11,2023-11,CROWN POINT ENERGIA S.A.,0
2023,11,2023-11,ENAP SIPETROL ARGENTINA S.A.,413.421333333333
2023,11,2023-11,ENERGIA COMPAÑIA PETROLERA S.A.,7.11666666666667
2023,11,2023-11,ENERGICON S.A.,0
2023,11,2023-11,EXXONMOBIL EXPLORATION AND PRODUCTION OFFSHORE ARGENTINA S.R.L.,0
2023,11,2023-11,EXXONMOBIL EXPLORATION ARGENTINA S.R.L.,1126.127
2023,11,2023-11,FOMICRUZ S.E.,17.2333333333333
2023,11,2023-11,HATTRICK ENERGY SAS,61.5023333333333
2023,11,2023-11,HIGH LUCK GROUP LTD. - SUCURSAL ARGENTINA,177.160562742883
2023,11,2023-11,INGENIERIA ALPA S.A.,42.0536666666667
2023,11,2023-11,INGENIERIA SIMA S.A.,0.692333333333333
2023,11,2023-11,INTEROIL ARGENTINA S A,45.324996008
2023,11,2023-11,JUJUY HIDROCARBUROS SAU,26.9781
2023,11,2023-11,KILWER S.A.,1328.5229
2023,11,2023-11,MADALENA ENERGY ARGENTINA SRL ,55.5966666666667
2023,11,2023-11,MEDANITO S.A.,17.7581
2023,11,2023-11,OILSTONE ENERGIA S.A.,378.258036266667
2023,11,2023-11,PAMPA ENERGIA S.A.,12.3596666666667
2023,11,2023-11,PAMPETROL S.A.P.E.M,43.2183333333333
2023,11,2023-11,PAN AMERICAN ENERGY SL,16701.2193333333
2023,11,2023-11,PATAGONIA ENERGY S.A.,66.1436666666667
2023,11,2023-11,PETROFARO S.A.,0.996
2023,11,2023-11,PETROLEOS SUDAMERICANOS S.A.,494.521266666667
2023,11,2023-11,Petrolera Aconcagua Energia S.A.,1389.3416
2023,11,2023-11,PETROLERA DEL COMAHUE S.A.,0
2023,11,2023-11,PETROLERA EL TREBOL S.A.,165.679066666667
2023,11,2023-11,PETROLERA PAMPA S.A. ,0
2023,11,2023-11,PETROLERA SAN MIGUEL S.A.,0
2023,11,2023-11,PETROLSUR ENERGIA S.A. ,1.02333333333333
2023,11,2023-11,PETROMINERA CHUBUT S.E.,0
2023,11,2023-11,PETROQUIMICA COMODORO RIVADAVIA S.A.,1399.37733333333
2023,11,2023-11,Pilgrim Energy S.A.,29.421
2023,11,2023-11,PLUSPETROL ENERGY S.A.,87.6243333333333
2023,11,2023-11,PLUSPETROL S.A.,4196.6742
2023,11,2023-11,PRESIDENT PETROLEUM S.A.,170.3962
2023,11,2023-11,QUINTANA E&P ARGENTINA S.R.L.,35.905
2023,11,2023-11,RECURSOS Y ENERGIA FORMOSA S.A.,107.04
2023,11,2023-11,ROCH S.A.,109.234833333333
2023,11,2023-11,SAN JORGE PETROLEUM S.A.,0
2023,11,2023-11,SELVA MARIA OIL S.A.,0
2023,11,2023-11,SHELL ARGENTINA S.A.,4456.33066666667
2023,11,2023-11,TECPETROL S.A.,2350.3269
2023,11,2023-11,TOTAL AUSTRAL S.A.,1492.30793333333
2023,11,2023-11,VENOIL S.A.,8.85866666666667
2023,11,2023-11,VISTA ENERGY ARGENTINA SAU,8034.02133333333
2023,11,2023-11,YPF S.A.,53624.527
2023,12,2023-12,ALIANZA PETROLERA ARGENTINA S.A.,27.3812903225806
2023,12,2023-12,ARGENTA ENERGIA S.A.,0
2023,12,2023-12,CAPETROL ARGENTINA S.A.,3.83870967741935
2023,12,2023-12,CAPETROL S.A.,10.0967741935484
2023,12,2023-12,CAPEX S.A.,1481.08
2023,12,2023-12,CGC ENERGIA SAU,2839.92387096774
2023,12,2023-12,CHEVRON ARGENTINA S.R.L.,803.947096774194
2023,12,2023-12,COLHUE HUAPI S.A.,51.8548387096774
2023,12,2023-12,COMPAÑÍA GENERAL DE COMBUSTIBLES S.A.,363.023277419355
2023,12,2023-12,COMPAÑÍAS ASOCIADAS PETROLERAS S.A.,1769.16096774194
2023,12,2023-12,COPESA CIA CONSTRUCTORA PETROLERA SA,0
2023,12,2023-12,CROWN POINT ENERGIA S.A.,0
2023,12,2023-12,ENAP SIPETROL ARGENTINA S.A.,475.431612903226
2023,12,2023-12,ENERGIA COMPAÑIA PETROLERA S.A.,4.96774193548387
2023,12,2023-12,ENERGICON S.A.,0
2023,12,2023-12,EXXONMOBIL EXPLORATION AND PRODUCTION OFFSHORE ARGENTINA S.R.L.,0
2023,12,2023-12,EXXONMOBIL EXPLORATION ARGENTINA S.R.L.,1188.93838709677
2023,12,2023-12,FOMICRUZ S.E.,17.6967741935484
2023,12,2023-12,HATTRICK ENERGY SAS,60.2222580645161
2023,12,2023-12,HIGH LUCK GROUP LTD. - SUCURSAL ARGENTINA,148.791362833713
2023,12,2023-12,INGENIERIA ALPA S.A.,34.4770967741935
2023,12,2023-12,INGENIERIA SIMA S.A.,0.711612903225806
2023,12,2023-12,INTEROIL ARGENTINA S A,46.1783529516129
2023,12,2023-12,JUJUY HIDROCARBUROS SAU,27.3878709677419
2023,12,2023-12,KILWER S.A.,1330.9335483871
2023,12,2023-12,MADALENA ENERGY ARGENTINA SRL ,53.6845161290323
2023,12,2023-12,MEDANITO S.A.,19.0052580645161
2023,12,2023-12,OILSTONE ENERGIA S.A.,370.726792096774
2023,12,2023-12,PAMPA ENERGIA S.A.,155.05064516129
2023,12,2023-12,PAMPETROL S.A.P.E.M,45.8003225806452
2023,12,2023-12,PAN AMERICAN ENERGY SL,16690.6806451613
2023,12,2023-12,PATAGONIA ENERGY S.A.,57.2992580645161
2023,12,2023-12,PETROFARO S.A.,1.01064516129032
2023,12,2023-12,PETROLEOS SUDAMERICANOS S.A.,491.173548387097
2023,12,2023-12,Petrolera Aconcagua Energia S.A.,1406.8134516129
2023,12,2023-12,PETROLERA DEL COMAHUE S.A.,0
2023,12,2023-12,PETROLERA EL TREBOL S.A.,163.328935483871
2023,12,2023-12,PETROLERA PAMPA S.A. ,0
2023,12,2023-12,PETROLERA SAN MIGUEL S.A.,0
2023,12,2023-12,PETROLSUR ENERGIA S.A. ,0.363548387096774
2023,12,2023-12,PETROMINERA CHUBUT S.E.,0
2023,12,2023-12,PETROQUIMICA COMODORO RIVADAVIA S.A.,1354.37580645161
2023,12,2023-12,Pilgrim Energy S.A.,28.9703483870968
2023,12,2023-12,PLUSPETROL ENERGY S.A.,86.7448387096774
2023,12,2023-12,PLUSPETROL S.A.,4381.70432258065
2023,12,2023-12,PRESIDENT PETROLEUM S.A.,200.027770967742
2023,12,2023-12,QUINTANA E&P ARGENTINA S.R.L.,36.6045161290323
2023,12,2023-12,RECURSOS Y ENERGIA FORMOSA S.A.,104.803225806452
2023,12,2023-12,ROCH S.A.,129.46
2023,12,2023-12,SAN JORGE PETROLEUM S.A.,0
2023,12,2023-12,SELVA MARIA OIL S.A.,0
2023,12,2023-12,SHELL ARGENTINA S.A.,4984.64451612903
2023,12,2023-12,TECPETROL S.A.,2345.85941935484
2023,12,2023-12,TOTAL AUSTRAL S.A.,1309.76270967742
2023,12,2023-12,VENOIL S.A.,9.79806451612903
2023,12,2023-12,VISTA ENERGY ARGENTINA SAU,8019.09870967742
2023,12,2023-12,YPF S.A.,54520.3190322581
2024,1,2024-01,ALIANZA PETROLERA ARGENTINA S.A.,31.198064516129
2024,1,2024-01,ARGENTA ENERGIA S.A.,0
2024,1,2024-01,CAPETROL ARGENTINA S.A.,3.03225806451613
2024,1,2024-01,CAPETROL S.A.,10.8064516129032
2024,1,2024-01,CAPEX S.A.,1396.64967741935
2024,1,2024-01,CGC ENERGIA SAU,2892.51774193548
2024,1,2024-01,CHEVRON ARGENTINA S.R.L.,952.528709677419
2024,1,2024-01,COLHUE HUAPI S.A.,49.6774193548387
2024,1,2024-01,COMPAÑÍA GENERAL DE COMBUSTIBLES S.A.,352.334674548387
2024,1,2024-01,COMPAÑÍAS ASOCIADAS PETROLERAS S.A.,1835.70967741935
2024,1,2024-01,COPESA CIA CONSTRUCTORA PETROLERA SA,0
2024,1,2024-01,CROWN POINT ENERGIA S.A.,0
2024,1,2024-01,ENAP SIPETROL ARGENTINA S.A.,483.092903225806
2024,1,2024-01,ENERGICON S.A.,0
2024,1,2024-01,EXXONMOBIL EXPLORATION AND PRODUCTION OFFSHORE ARGENTINA S.R.L.,0
2024,1,2024-01,EXXONMOBIL EXPLORATION ARGENTINA S.R.L.,1043.21193548387
2024,1,2024-01,FOMICRUZ S.E.,17.1709677419355
2024,1,2024-01,HATTRICK ENERGY SAS,56.8641935483871
2024,1,2024-01,HIGH LUCK GROUP LTD. - SUCURSAL ARGENTINA,109.472796928771
2024,1,2024-01,INGENIERIA ALPA S.A.,37.3312903225806
2024,1,2024-01,INGENIERIA SIMA S.A.,0.709032258064516
2024,1,2024-01,INTEROIL ARGENTINA S A,46.8641693722581
2024,1,2024-01,JUJUY HIDROCARBUROS SAU,27.000064516129
2024,1,2024-01,KILWER S.A.,1426.18583870968
2024,1,2024-01,MADALENA ENERGY ARGENTINA SRL ,45.7761290322581
2024,1,2024-01,MEDANITO S.A.,20.4204516129032
2024,1,2024-01,OILSTONE ENERGIA S.A.,354.156030677419
2024,1,2024-01,PAMPA ENERGIA S.A.,146.545806451613
2024,1,2024-01,PAMPETROL S.A.P.E.M,37.2
2024,1,2024-01,PAN AMERICAN ENERGY SL,16613.7103225806
2024,1,2024-01,PATAGONIA ENERGY S.A.,59.9289032258065
2024,1,2024-01,PETROFARO S.A.,1.06193548387097
2024,1,2024-01,PETROLEOS SUDAMERICANOS S.A.,462.671548387097
2024,1,2024-01,Petrolera Aconcagua Energia S.A.,1419.46706451613
2024,1,2024-01,PETROLERA DEL COMAHUE S.A.,0
2024,1,2024-01,PETROLERA EL TREBOL S.A.,151.638
2024,1,2024-01,PETROLERA PAMPA S.A. ,0
2024,1,2024-01,PETROLERA SAN MIGUEL S.A.,0
2024,1,2024-01,PETROLSUR ENERGIA S.A. ,0.163548387096774
2024,1,2024-01,PETROMINERA CHUBUT S.E.,0
2024,1,2024-01,PETROQUIMICA COMODORO RIVADAVIA S.A.,1309.75451612903
2024,1,2024-01,Pilgrim Energy S.A.,29.4038709677419
2024,1,2024-01,PLUSPETROL ENERGY S.A.,85.1535483870968
2024,1,2024-01,PLUSPETROL S.A.,4375.80996774193
2024,1,2024-01,PRESIDENT PETROLEUM S.A.,207.106187096774
2024,1,2024-01,QUINTANA E&P ARGENTINA S.R.L.,35.6567741935484
2024,1,2024-01,RECURSOS Y ENERGIA FORMOSA S.A.,108.912903225806
2024,1,2024-01,ROCH S.A.,133.984548387097
2024,1,2024-01,SAN JORGE PETROLEUM S.A.,0
2024,1,2024-01,SELVA MARIA OIL S.A.,0
2024,1,2024-01,SHELL ARGENTINA S.A.,4835.9335483871
2024,1,2024-01,TECPETROL S.A.,2446.30158064516
2024,1,2024-01,TOTAL AUSTRAL S.A.,1345.71048387097
2024,1,2024-01,VENOIL S.A.,14.0016129032258
2024,1,2024-01,VISTA ENERGY ARGENTINA SAU,7899.46161290323
2024,1,2024-01,YPF S.A.,53547.5074193548
2024,2,2024-02,ALIANZA PETROLERA ARGENTINA S.A.,0.8
2024,2,2024-02,ARGENTA ENERGIA S.A.,0
2024,2,2024-02,CAPETROL ARGENTINA S.A.,3.37931034482759
2024,2,2024-02,CAPETROL S.A.,2.72413793103448
2024,2,2024-02,CAPEX S.A.,1344.22206896552
2024,2,2024-02,CGC ENERGIA SAU,2831.76379310345
2024,2,2024-02,CHEVRON ARGENTINA S.R.L.,974.87724137931
2024,2,2024-02,COLHUE HUAPI S.A.,47.7241379310345
2024,2,2024-02,COMPAÑÍA GENERAL DE COMBUSTIBLES S.A.,368.388387103448
2024,2,2024-02,COMPAÑÍAS ASOCIADAS PETROLERAS S.A.,1830.55172413793
2024,2,2024-02,COPESA CIA CONSTRUCTORA PETROLERA SA,0
2024,2,2024-02,CROWN POINT ENERGIA S.A.,0
2024,2,2024-02,E.M.E.S.A,2.4951724137931
2024,2,2024-02,ENAP SIPETROL ARGENTINA S.A.,466.564137931035
2024,2,2024-02,ENERGICON S.A.,0
2024,2,2024-02,EXXONMOBIL EXPLORATION AND PRODUCTION OFFSHORE ARGENTINA S.R.L.,0
2024,2,2024-02,EXXONMOBIL EXPLORATION ARGENTINA S.R.L.,1168.32413793103
2024,2,2024-02,FOMICRUZ S.E.,18.5793103448276
2024,2,2024-02,HATTRICK ENERGY SAS,56.6620689655172
2024,2,2024-02,HIGH LUCK GROUP LTD. - SUCURSAL ARGENTINA,1.85181455862069
2024,2,2024-02,INGENIERIA ALPA S.A.,41.3744827586207
2024,2,2024-02,INGENIERIA SIMA S.A.,0.196206896551724
2024,2,2024-02,INTEROIL ARGENTINA S A,45.6406412951724
2024,2,2024-02,JUJUY HIDROCARBUROS SAU,26.9589655172414
2024,2,2024-02,KILWER S.A.,1712.44017241379
2024,2,2024-02,MADALENA ENERGY ARGENTINA SRL ,43.55
2024,2,2024-02,MEDANITO S.A.,17.3650344827586
2024,2,2024-02,OILSTONE ENERGIA S.A.,353.079015931034
2024,2,2024-02,PAMPA ENERGIA S.A.,155.749310344828
2024,2,2024-02,PAMPETROL S.A.P.E.M,41.7372413793103
2024,2,2024-02,PAN AMERICAN ENERGY SL,16741.7313793103
2024,2,2024-02,PATAGONIA ENERGY S.A.,65.4246206896552
2024,2,2024-02,PETROFARO S.A.,1.00965517241379
2024,2,2024-02,PETROLEOS SUDAMERICANOS S.A.,435.427172413793
2024,2,2024-02,Petrolera Aconcagua Energia S.A.,1396.13920689655
2024,2,2024-02,PETROLERA DEL COMAHUE S.A.,0
2024,2,2024-02,PETROLERA EL TREBOL S.A.,151.917175862069
2024,2,2024-02,PETROLERA PAMPA S.A. ,0
2024,2,2024-02,PETROLERA SAN MIGUEL S.A.,0
2024,2,2024-02,PETROLSUR ENERGIA S.A. ,0
2024,2,2024-02,PETROMINERA CHUBUT S.E.,0
2024,2,2024-02,PETROQUIMICA COMODORO RIVADAVIA S.A.,1313.00620689655
2024,2,2024-02,Pilgrim Energy S.A.,28.9662068965517
2024,2,2024-02,PLUSPETROL ENERGY S.A.,83.5403448275862
2024,2,2024-02,PLUSPETROL S.A.,4376.68220689655
2024,2,2024-02,PRESIDENT PETROLEUM S.A.,216.487606896552
2024,2,2024-02,QUINTANA E&P ARGENTINA S.R.L.,35.8268965517241
2024,2,2024-02,RECURSOS Y ENERGIA FORMOSA S.A.,107.934827586207
2024,2,2024-02,ROCH S.A.,108.351275862069
2024,2,2024-02,SAN JORGE PETROLEUM S.A.,0
2024,2,2024-02,SELVA MARIA OIL S.A.,0
2024,2,2024-02,SHELL ARGENTINA S.A.,5615.24448275862
2024,2,2024-02,TECPETROL S.A.,2365.18068965517
2024,2,2024-02,TOTAL AUSTRAL S.A.,1433.70975862069
2024,2,2024-02,VENOIL S.A.,23.5668965517241
2024,2,2024-02,VISTA ENERGY ARGENTINA SAU,7342.43655172414
2024,2,2024-02,YPF S.A.,53194.8520689655
2024,3,2024-03,ALIANZA PETROLERA ARGENTINA S.A.,0.683870967741935
2024,3,2024-03,ARGENTA ENERGIA S.A.,0
2024,3,2024-03,CAPETROL ARGENTINA S.A.,6.48387096774194
2024,3,2024-03,CAPETROL S.A.,4.64516129032258
2024,3,2024-03,CAPEX S.A.,1538.27483870968
2024,3,2024-03,CGC ENERGIA SAU,2846.97967741935
2024,3,2024-03,CHEVRON ARGENTINA S.R.L.,993.174193548387
2024,3,2024-03,COLHUE HUAPI S.A.,46.8387096774194
2024,3,2024-03,COMPAÑÍA GENERAL DE COMBUSTIBLES S.A.,377.391591290323
2024,3,2024-03,COMPAÑÍAS ASOCIADAS PETROLERAS S.A.,1759.32225806452
2024,3,2024-03,COPESA CIA CONSTRUCTORA PETROLERA SA,0
2024,3,2024-03,CROWN POINT ENERGIA S.A.,0
2024,3,2024-03,E.M.E.S.A,30.6025806451613
2024,3,2024-03,ENAP SIPETROL ARGENTINA S.A.,453.87064516129
2024,3,2024-03,ENERGICON S.A.,0
2024,3,2024-03,EXXONMOBIL EXPLORATION AND PRODUCTION OFFSHORE ARGENTINA S.R.L.,0
2024,3,2024-03,EXXONMOBIL EXPLORATION ARGENTINA S.R.L.,1200.57580645161
2024,3,2024-03,FOMICRUZ S.E.,20.7354838709677
2024,3,2024-03,HATTRICK ENERGY SAS,55.9838709677419
2024,3,2024-03,HIGH LUCK GROUP LTD. - SUCURSAL ARGENTINA,52.4267334865581
2024,3,2024-03,INGENIERIA ALPA S.A.,37.781935483871
2024,3,2024-03,INGENIERIA SIMA S.A.,0.415483870967742
2024,3,2024-03,INTEROIL ARGENTINA S A,36.8882374841935
2024,3,2024-03,JUJUY HIDROCARBUROS SAU,27.1574516129032
2024,3,2024-03,KILWER S.A.,1873.04190322581
2024,3,2024-03,MADALENA ENERGY ARGENTINA SRL ,46.6277419354839
2024,3,2024-03,MEDANITO S.A.,17.3715161290323
2024,3,2024-03,OILSTONE ENERGIA S.A.,360.647492193548
2024,3,2024-03,PAMPA ENERGIA S.A.,213.766129032258
2024,3,2024-03,PAMPETROL S.A.P.E.M,38.0641935483871
2024,3,2024-03,PAN AMERICAN ENERGY SL,16726.3306451613
2024,3,2024-03,PATAGONIA ENERGY S.A.,74.1307741935484
2024,3,2024-03,PETROFARO S.A.,1.03483870967742
2024,3,2024-03,PETROLEOS SUDAMERICANOS S.A.,438.172
2024,3,2024-03,Petrolera Aconcagua Energia S.A.,1429.68212903226
2024,3,2024-03,PETROLERA DEL COMAHUE S.A.,0
2024,3,2024-03,PETROLERA EL TREBOL S.A.,156.366096774194
2024,3,2024-03,PETROLERA PAMPA S.A. ,0
2024,3,2024-03,PETROLERA SAN MIGUEL S.A.,0
2024,3,2024-03,PETROLSUR ENERGIA S.A. ,0
2024,3,2024-03,PETROMINERA CHUBUT S.E.,0
2024,3,2024-03,PETROQUIMICA COMODORO RIVADAVIA S.A.,1296.30612903226
2024,3,2024-03,Pilgrim Energy S.A.,28.5549193548387
2024,3,2024-03,PLUSPETROL ENERGY S.A.,85.3503225806452
2024,3,2024-03,PLUSPETROL S.A.,4466.87806451613
2024,3,2024-03,PRESIDENT PETROLEUM S.A.,214.164329032258
2024,3,2024-03,QUINTANA E&P ARGENTINA S.R.L.,36.2077419354839
2024,3,2024-03,RECURSOS Y ENERGIA FORMOSA S.A.,113.38064516129
2024,3,2024-03,ROCH S.A.,117.884096774194
2024,3,2024-03,SAN JORGE PETROLEUM S.A.,0
2024,3,2024-03,SELVA MARIA OIL S.A.,0
2024,3,2024-03,SHELL ARGENTINA S.A.,5735.84193548387
2024,3,2024-03,TECPETROL S.A.,2402.77622580645
2024,3,2024-03,TOTAL AUSTRAL S.A.,1375.55848387097
2024,3,2024-03,VENOIL S.A.,22.9996774193548
2024,3,2024-03,VISTA ENERGY ARGENTINA SAU,7475.15909677419
2024,3,2024-03,YPF S.A.,53510.7983870968
2024,4,2024-04,ALIANZA PETROLERA ARGENTINA S.A.,0.593333333333333
2024,4,2024-04,ARGENTA ENERGIA S.A.,0
2024,4,2024-04,CAPETROL ARGENTINA S.A.,5.73333333333333
2024,4,2024-04,CAPETROL S.A.,6.53333333333333
2024,4,2024-04,CAPEX S.A.,1672.07466666667
2024,4,2024-04,CGC ENERGIA SAU,2902.976
2024,4,2024-04,CHEVRON ARGENTINA S.R.L.,1054.31333333333
2024,4,2024-04,COLHUE HUAPI S.A.,47.6333333333333
2024,4,2024-04,COMPAÑÍA GENERAL DE COMBUSTIBLES S.A.,387.045641733333
2024,4,2024-04,COMPAÑÍAS ASOCIADAS PETROLERAS S.A.,1712.53333333333
2024,4,2024-04,COPESA CIA CONSTRUCTORA PETROLERA SA,0
2024,4,2024-04,CROWN POINT ENERGIA S.A.,0
2024,4,2024-04,E.M.E.S.A,28.0183333333333
2024,4,2024-04,ENAP SIPETROL ARGENTINA S.A.,419.813666666667
2024,4,2024-04,ENERGICON S.A.,0
2024,4,2024-04,EXXONMOBIL EXPLORATION ARGENTINA S.R.L.,1202.90433333333
2024,4,2024-04,FOMICRUZ S.E.,21.35
2024,4,2024-04,HATTRICK ENERGY SAS,56.271
2024,4,2024-04,HIGH LUCK GROUP LTD. - SUCURSAL ARGENTINA,88.1568054530533
2024,4,2024-04,INGENIERIA ALPA S.A.,37.8063333333333
2024,4,2024-04,INGENIERIA SIMA S.A.,0.622
2024,4,2024-04,INTEROIL ARGENTINA S A,41.3678377153333
2024,4,2024-04,JUJUY HIDROCARBUROS SAU,27.1588333333333
2024,4,2024-04,KILWER S.A.,1974.91376666667
2024,4,2024-04,MADALENA ENERGY ARGENTINA SRL ,58.1656666666667
2024,4,2024-04,MEDANITO S.A.,17.3346
2024,4,2024-04,OILSTONE ENERGIA S.A.,355.833300633333
2024,4,2024-04,PAMPA ENERGIA S.A.,273.428
2024,4,2024-04,PAMPETROL S.A.P.E.M,40.2486666666667
2024,4,2024-04,PAN AMERICAN ENERGY SL,16540.489
2024,4,2024-04,PATAGONIA ENERGY S.A.,79.1423666666667
2024,4,2024-04,PETROFARO S.A.,1.00866666666667
2024,4,2024-04,PETROLEOS SUDAMERICANOS S.A.,454.1928
2024,4,2024-04,Petrolera Aconcagua Energia S.A.,1451.71586666667
2024,4,2024-04,PETROLERA DEL COMAHUE S.A.,0
2024,4,2024-04,PETROLERA EL TREBOL S.A.,155.726266666667
2024,4,2024-04,PETROLERA PAMPA S.A. ,0
2024,4,2024-04,PETROLERA SAN MIGUEL S.A.,0
2024,4,2024-04,PETROLSUR ENERGIA S.A. ,0
2024,4,2024-04,PETROMINERA CHUBUT S.E.,0
2024,4,2024-04,PETROQUIMICA COMODORO RIVADAVIA S.A.,1248.923
2024,4,2024-04,Pilgrim Energy S.A.,28.4354433333333
2024,4,2024-04,PLUSPETROL ENERGY S.A.,84.6536666666667
2024,4,2024-04,PLUSPETROL S.A.,4399.95723333333
2024,4,2024-04,PRESIDENT PETROLEUM S.A.,187.139873333333
2024,4,2024-04,QUINTANA E&P ARGENTINA S.R.L.,34.911
2024,4,2024-04,RECURSOS Y ENERGIA FORMOSA S.A.,101.686666666667
2024,4,2024-04,ROCH S.A.,116.249933333333
2024,4,2024-04,SAN JORGE PETROLEUM S.A.,0
2024,4,2024-04,SELVA MARIA OIL S.A.,0
2024,4,2024-04,SHELL ARGENTINA S.A.,5716.75166666667
2024,4,2024-04,TECPETROL S.A.,2461.73226666667
2024,4,2024-04,TOTAL AUSTRAL S.A.,1419.57356666667
2024,4,2024-04,VENOIL S.A.,28.6016666666667
2024,4,2024-04,VISTA ENERGY ARGENTINA SAU,8339.34833333333
2024,4,2024-04,YPF S.A.,52906.1603333333
2024,5,2024-05,ALIANZA PETROLERA ARGENTINA S.A.,0.703225806451613
2024,5,2024-05,ARGENTA ENERGIA S.A.,0
2024,5,2024-05,CAPETROL ARGENTINA S.A.,5.19354838709677
2024,5,2024-05,CAPETROL S.A.,10.0645161290323
2024,5,2024-05,CAPEX S.A.,1588.46483870968
2024,5,2024-05,CGC ENERGIA SAU,2852.12064516129
2024,5,2024-05,CHEVRON ARGENTINA S.R.L.,1055.5835483871
2024,5,2024-05,COLHUE HUAPI S.A.,47
2024,5,2024-05,COMPAÑÍA GENERAL DE COMBUSTIBLES S.A.,390.385445322581
2024,5,2024-05,COMPAÑÍAS ASOCIADAS PETROLERAS S.A.,1723.96774193548
2024,5,2024-05,COPESA CIA CONSTRUCTORA PETROLERA SA,0
2024,5,2024-05,CROWN POINT ENERGIA S.A.,0
2024,5,2024-05,E.M.E.S.A,28.8929032258064
2024,5,2024-05,ENAP SIPETROL ARGENTINA S.A.,437.465161290323
2024,5,2024-05,ENERGICON S.A.,0
2024,5,2024-05,EXXONMOBIL EXPLORATION ARGENTINA S.R.L.,1188.92612903226
2024,5,2024-05,FOMICRUZ S.E.,18.6387096774194
2024,5,2024-05,HATTRICK ENERGY SAS,53.7414838709677
2024,5,2024-05,HIGH LUCK GROUP LTD. - SUCURSAL ARGENTINA,76.3752932806452
2024,5,2024-05,INGENIERIA ALPA S.A.,37.7406451612903
2024,5,2024-05,INGENIERIA SIMA S.A.,0.550322580645161
2024,5,2024-05,INTEROIL ARGENTINA S A,40.0381295503226
2024,5,2024-05,JUJUY HIDROCARBUROS SAU,27.0469032258064
2024,5,2024-05,KILWER S.A.,1932.63493548387
2024,5,2024-05,MADALENA ENERGY ARGENTINA SRL ,64.9067741935484
2024,5,2024-05,MEDANITO S.A.,14.0488709677419
2024,5,2024-05,OILSTONE ENERGIA S.A.,357.121647580645
2024,5,2024-05,PAMPA ENERGIA S.A.,253.287419354839
2024,5,2024-05,PAMPETROL S.A.P.E.M,39.8783870967742
2024,5,2024-05,PAN AMERICAN ENERGY SL,16694.7425806452
2024,5,2024-05,PATAGONIA ENERGY S.A.,70.2630322580645
2024,5,2024-05,PETROFARO S.A.,1.0158064516129
2024,5,2024-05,PETROLEOS SUDAMERICANOS S.A.,473.147387096774
2024,5,2024-05,Petrolera Aconcagua Energia S.A.,1358.52770967742
2024,5,2024-05,PETROLERA DEL COMAHUE S.A.,0
2024,5,2024-05,PETROLERA EL TREBOL S.A.,157.526129032258
2024,5,2024-05,PETROLERA PAMPA S.A. ,0
2024,5,2024-05,PETROLERA SAN MIGUEL S.A.,0
2024,5,2024-05,PETROLSUR ENERGIA S.A. ,0.370967741935484
2024,5,2024-05,PETROMINERA CHUBUT S.E.,0
2024,5,2024-05,PETROQUIMICA COMODORO RIVADAVIA S.A.,1286.29741935484
2024,5,2024-05,Pilgrim Energy S.A.,27.8735483870968
2024,5,2024-05,PLUSPETROL S.A.,4917.00425806452
2024,5,2024-05,PRESIDENT PETROLEUM S.A.,166.019438709677
2024,5,2024-05,QUINTANA E&P ARGENTINA S.R.L.,36.3238709677419
2024,5,2024-05,RECURSOS Y ENERGIA FORMOSA S.A.,95.3870967741936
2024,5,2024-05,ROCH S.A.,112.964806451613
2024,5,2024-05,SAN JORGE PETROLEUM S.A.,0
2024,5,2024-05,SELVA MARIA OIL S.A.,0
2024,5,2024-05,SHELL ARGENTINA S.A.,4730.68129032258
2024,5,2024-05,TECPETROL S.A.,2736.8545483871
2024,5,2024-05,TOTAL AUSTRAL S.A.,1587.40490322581
2024,5,2024-05,VENOIL S.A.,21.1532258064516
2024,5,2024-05,VISTA ENERGY ARGENTINA SAU,9183.81967741935
2024,5,2024-05,YPF S.A.,52765.6196774194
2024,6,2024-06,ALIANZA PETROLERA ARGENTINA S.A.,0.793333333333333
2024,6,2024-06,ARGENTA ENERGIA S.A.,0
2024,6,2024-06,CAPETROL ARGENTINA S.A.,5.1
2024,6,2024-06,CAPETROL S.A.,6.93333333333333
2024,6,2024-06,CAPEX S.A.,1290.516
2024,6,2024-06,CGC ENERGIA SAU,2805.36766666667
2024,6,2024-06,CHEVRON ARGENTINA S.R.L.,816.986333333333
2024,6,2024-06,COLHUE HUAPI S.A.,43.1666666666667
2024,6,2024-06,COMPAÑÍA GENERAL DE COMBUSTIBLES S.A.,326.2926648
2024,6,2024-06,COMPAÑÍAS ASOCIADAS PETROLERAS S.A.,1163.83333333333
2024,6,2024-06,COPESA CIA CONSTRUCTORA PETROLERA SA,0
2024,6,2024-06,CROWN POINT ENERGIA S.A.,0
2024,6,2024-06,E.M.E.S.A,26.7063333333333
2024,6,2024-06,ENAP SIPETROL ARGENTINA S.A.,428.912666666667
2024,6,2024-06,ENERGICON S.A.,0
2024,6,2024-06,EXXONMOBIL EXPLORATION ARGENTINA S.R.L.,1147.93266666667
2024,6,2024-06,FOMICRUZ S.E.,17.2266666666667
2024,6,2024-06,HATTRICK ENERGY SAS,50.966
2024,6,2024-06,HIGH LUCK GROUP LTD. - SUCURSAL ARGENTINA,52.7551534066667
2024,6,2024-06,INGENIERIA ALPA S.A.,29.962
2024,6,2024-06,INGENIERIA SIMA S.A.,0.079
2024,6,2024-06,INTEROIL ARGENTINA S A,27.0440213106667
2024,6,2024-06,JUJUY HIDROCARBUROS SAU,27.1188333333333
2024,6,2024-06,KILWER S.A.,1659.61783333333
2024,6,2024-06,MADALENA ENERGY ARGENTINA SRL ,68.6273333333333
2024,6,2024-06,MEDANITO S.A.,15.7432333333333
2024,6,2024-06,OILSTONE ENERGIA S.A.,342.026752966667
2024,6,2024-06,PAMPA ENERGIA S.A.,243.762333333333
2024,6,2024-06,PAMPETROL S.A.P.E.M,34.6536666666667
2024,6,2024-06,PAN AMERICAN ENERGY SL,16164.194
2024,6,2024-06,PATAGONIA ENERGY S.A.,64.8977666666667
2024,6,2024-06,PETROFARO S.A.,1.019
2024,6,2024-06,PETROLEOS SUDAMERICANOS S.A.,454.619866666667
2024,6,2024-06,Petrolera Aconcagua Energia S.A.,1339.92046666667
2024,6,2024-06,PETROLERA DEL COMAHUE S.A.,0
2024,6,2024-06,PETROLERA EL TREBOL S.A.,157.8683
2024,6,2024-06,PETROLERA PAMPA S.A. ,0
2024,6,2024-06,PETROLERA SAN MIGUEL S.A.,0
2024,6,2024-06,PETROLSUR ENERGIA S.A. ,0.395
2024,6,2024-06,PETROMINERA CHUBUT S.E.,0
2024,6,2024-06,PETROQUIMICA COMODORO RIVADAVIA S.A.,1282.49833333333
2024,6,2024-06,Pilgrim Energy S.A.,25.6531833333333
2024,6,2024-06,PLUSPETROL S.A.,5438.92316666667
2024,6,2024-06,PRESIDENT PETROLEUM S.A.,164.24524
2024,6,2024-06,QUINTANA E&P ARGENTINA S.R.L.,30.8646666666667
2024,6,2024-06,RECURSOS Y ENERGIA FORMOSA S.A.,92.5733333333333
2024,6,2024-06,ROCH S.A.,110.9878
2024,6,2024-06,SAN JORGE PETROLEUM S.A.,0
2024,6,2024-06,SELVA MARIA OIL S.A.,0
2024,6,2024-06,SHELL ARGENTINA S.A.,5189.43533333333
2024,6,2024-06,TECPETROL S.A.,2662.55066666667
2024,6,2024-06,TOTAL AUSTRAL S.A.,1594.2225
2024,6,2024-06,VENOIL S.A.,13.0493333333333
2024,6,2024-06,VISTA ENERGY ARGENTINA SAU,9673.09066666667
2024,6,2024-06,YPF S.A.,49988.8056666667
2024,7,2024-07,ALIANZA PETROLERA ARGENTINA S.A.,0.403225806451613
2024,7,2024-07,ARGENTA ENERGIA S.A.,0
2024,7,2024-07,CAPETROL ARGENTINA S.A.,4.70967741935484
2024,7,2024-07,CAPETROL S.A.,0
2024,7,2024-07,CAPEX S.A.,1588.03161290323
2024,7,2024-07,CGC ENERGIA SAU,2790.00774193548
2024,7,2024-07,CHEVRON ARGENTINA S.R.L.,1127.76096774194
2024,7,2024-07,COLHUE HUAPI S.A.,38.1774193548387
2024,7,2024-07,COMPAÑÍA GENERAL DE COMBUSTIBLES S.A.,307.629712
2024,7,2024-07,COMPAÑÍAS ASOCIADAS PETROLERAS S.A.,1516.64516129032
2024,7,2024-07,COPESA CIA CONSTRUCTORA PETROLERA SA,0
2024,7,2024-07,CROWN POINT ENERGIA S.A.,0
2024,7,2024-07,E.M.E.S.A,25.0332258064516
2024,7,2024-07,ENAP SIPETROL ARGENTINA S.A.,420.105483870968
2024,7,2024-07,ENERGICON S.A.,0
2024,7,2024-07,EXXONMOBIL EXPLORATION ARGENTINA S.R.L.,1144.3835483871
2024,7,2024-07,FOMICRUZ S.E.,17.9677419354839
2024,7,2024-07,HATTRICK ENERGY SAS,50.0393225806452
2024,7,2024-07,HIGH LUCK GROUP LTD. - SUCURSAL ARGENTINA,59.7968008548387
2024,7,2024-07,INGENIERIA ALPA S.A.,29.9948387096774
2024,7,2024-07,INGENIERIA SIMA S.A.,0
2024,7,2024-07,INTEROIL ARGENTINA S A,5.96238793451613
2024,7,2024-07,JUJUY HIDROCARBUROS SAU,26.7023225806452
2024,7,2024-07,KILWER S.A.,1628.01877419355
2024,7,2024-07,MADALENA ENERGY ARGENTINA SRL ,63.4248387096774
2024,7,2024-07,MEDANITO S.A.,16.2414838709677
2024,7,2024-07,OILSTONE ENERGIA S.A.,339.137827387097
2024,7,2024-07,PAMPA ENERGIA S.A.,266.281290322581
2024,7,2024-07,PAMPETROL S.A.P.E.M,44.6141935483871
2024,7,2024-07,PAN AMERICAN ENERGY SL,16289.4816129032
2024,7,2024-07,PATAGONIA ENERGY S.A.,66.1868709677419
2024,7,2024-07,PETROFARO S.A.,0.985161290322581
2024,7,2024-07,PETROLEOS SUDAMERICANOS S.A.,443.55435483871
2024,7,2024-07,Petrolera Aconcagua Energia S.A.,1343.08216129032
2024,7,2024-07,PETROLERA DEL COMAHUE S.A.,0
2024,7,2024-07,PETROLERA EL TREBOL S.A.,149.618419354839
2024,7,2024-07,PETROLERA PAMPA S.A. ,0
2024,7,2024-07,PETROLERA SAN MIGUEL S.A.,0
2024,7,2024-07,PETROLSUR ENERGIA S.A. ,0.491612903225806
2024,7,2024-07,PETROMINERA CHUBUT S.E.,0
2024,7,2024-07,PETROQUIMICA COMODORO RIVADAVIA S.A.,1278.90483870968
2024,7,2024-07,Pilgrim Energy S.A.,27.2842483870968
2024,7,2024-07,PLUSPETROL S.A.,5899.15819354839
2024,7,2024-07,PRESIDENT PETROLEUM S.A.,181.504677419355
2024,7,2024-07,QUINTANA E&P ARGENTINA S.R.L.,29.5083870967742
2024,7,2024-07,RECURSOS Y ENERGIA FORMOSA S.A.,88.4870967741935
2024,7,2024-07,ROCH S.A.,126.176709677419
2024,7,2024-07,SAN JORGE PETROLEUM S.A.,0
2024,7,2024-07,SELVA MARIA OIL S.A.,0
2024,7,2024-07,SHELL ARGENTINA S.A.,5322.82419354839
2024,7,2024-07,TECPETROL S.A.,2994.25567741935
2024,7,2024-07,TOTAL AUSTRAL S.A.,1542.03493548387
2024,7,2024-07,VENOIL S.A.,6.61612903225806
2024,7,2024-07,VISTA ENERGY ARGENTINA SAU,9962.10677419355
2024,7,2024-07,YPF S.A.,50243.7825806452
2024,8,2024-08,ALIANZA PETROLERA ARGENTINA S.A.,0.943548387096774
2024,8,2024-08,ARGENTA ENERGIA S.A.,0
2024,8,2024-08,CAPETROL ARGENTINA S.A.,0
2024,8,2024-08,CAPETROL S.A.,0
2024,8,2024-08,CAPEX S.A.,1672.90677419355
2024,8,2024-08,CGC ENERGIA SAU,2796.19225806452
2024,8,2024-08,CHEVRON ARGENTINA S.R.L.,1362.64483870968
2024,8,2024-08,COLHUE HUAPI S.A.,45.4838709677419
2024,8,2024-08,COMPAÑÍA GENERAL DE COMBUSTIBLES S.A.,336.715527225806
2024,8,2024-08,COMPAÑÍAS ASOCIADAS PETROLERAS S.A.,1694.32258064516
2024,8,2024-08,COPESA CIA CONSTRUCTORA PETROLERA SA,0
2024,8,2024-08,CROWN POINT ENERGIA S.A.,0
2024,8,2024-08,E.M.E.S.A,26.7190322580645
2024,8,2024-08,ENAP SIPETROL ARGENTINA S.A.,406.755483870968
2024,8,2024-08,ENERGICON S.A.,0
2024,8,2024-08,EXXONMOBIL EXPLORATION ARGENTINA S.R.L.,894.245806451613
2024,8,2024-08,FOMICRUZ S.E.,18.4677419354839
2024,8,2024-08,HATTRICK ENERGY SAS,47.5162903225807
2024,8,2024-08,HIGH LUCK GROUP LTD. - SUCURSAL ARGENTINA,45.0342883650516
2024,8,2024-08,INGENIERIA ALPA S.A.,30.1506451612903
2024,8,2024-08,INGENIERIA SIMA S.A.,0
2024,8,2024-08,INTEROIL ARGENTINA S A,3.49951613774193
2024,8,2024-08,JUJUY HIDROCARBUROS SAU,27.1103225806452
2024,8,2024-08,KILWER S.A.,1974.75561290323
2024,8,2024-08,MADALENA ENERGY ARGENTINA SRL ,56.1809677419355
2024,8,2024-08,MEDANITO S.A.,18.1257741935484
2024,8,2024-08,OILSTONE ENERGIA S.A.,338.938443935484
2024,8,2024-08,PAMPA ENERGIA S.A.,245.202258064516
2024,8,2024-08,PAMPETROL S.A.P.E.M,45.318064516129
2024,8,2024-08,PAN AMERICAN ENERGY SL,16428.0935483871
2024,8,2024-08,PATAGONIA ENERGY S.A.,76.4604516129032
2024,8,2024-08,PATAGONIA RESOURCES S.A. ,4
2024,8,2024-08,PETROFARO S.A.,1
2024,8,2024-08,PETROLEOS SUDAMERICANOS S.A.,466.530709677419
2024,8,2024-08,Petrolera Aconcagua Energia S.A.,1296.39648387097
2024,8,2024-08,PETROLERA DEL COMAHUE S.A.,0
2024,8,2024-08,PETROLERA EL TREBOL S.A.,145.974677419355
2024,8,2024-08,PETROLERA PAMPA S.A. ,0
2024,8,2024-08,PETROLERA SAN MIGUEL S.A.,0
2024,8,2024-08,PETROLSUR ENERGIA S.A. ,1.03032258064516
2024,8,2024-08,PETROMINERA CHUBUT S.E.,0
2024,8,2024-08,PETROQUIMICA COMODORO RIVADAVIA S.A.,1316.22967741935
2024,8,2024-08,Pilgrim Energy S.A.,27.2895967741935
2024,8,2024-08,PLUSPETROL S.A.,6155.18696774194
2024,8,2024-08,PRESIDENT PETROLEUM S.A.,191.877129032258
2024,8,2024-08,QUINTANA E&P ARGENTINA S.R.L.,36.3716129032258
2024,8,2024-08,RECURSOS Y ENERGIA FORMOSA S.A.,89.2806451612903
2024,8,2024-08,ROCH S.A.,94.8874838709677
2024,8,2024-08,SAN JORGE PETROLEUM S.A.,0
2024,8,2024-08,SELVA MARIA OIL S.A.,0
2024,8,2024-08,SHELL ARGENTINA S.A.,5298.00709677419
2024,8,2024-08,TECPETROL S.A.,3106.23090978491
2024,8,2024-08,TOTAL AUSTRAL S.A.,1511.23435483871
2024,8,2024-08,VENOIL S.A.,11.2329032258065
2024,8,2024-08,VISTA ENERGY ARGENTINA SAU,9609.45677419355
2024,8,2024-08,YPF S.A.,55140.9770967742
2024,9,2024-09,ALIANZA PETROLERA ARGENTINA S.A.,0.953333333333333
2024,9,2024-09,ARGENTA ENERGIA S.A.,0
2024,9,2024-09,CAPETROL ARGENTINA S.A.,0
2024,9,2024-09,CAPETROL S.A.,0
2024,9,2024-09,CAPEX S.A.,1681.14933333333
2024,9,2024-09,CGC ENERGIA SAU,2957.38533333333
2024,9,2024-09,CHEVRON ARGENTINA S.R.L.,1296.95433333333
2024,9,2024-09,COLHUE HUAPI S.A.,80.5333333333333
2024,9,2024-09,COMPAÑÍA GENERAL DE COMBUSTIBLES S.A.,333.871381433333
2024,9,2024-09,COMPAÑÍAS ASOCIADAS PETROLERAS S.A.,1714.23333333333
2024,9,2024-09,COPESA CIA CONSTRUCTORA PETROLERA SA,0
2024,9,2024-09,CROWN POINT ENERGIA S.A.,0
2024,9,2024-09,E.M.E.S.A,27.8534666666667
2024,9,2024-09,ENAP SIPETROL ARGENTINA S.A.,414.296666666667
2024,9,2024-09,ENERGICON S.A.,0
2024,9,2024-09,EXXONMOBIL EXPLORATION ARGENTINA S.R.L.,813.861666666667
2024,9,2024-09,FOMICRUZ S.E.,18.1633333333333
2024,9,2024-09,G Y G OIL SERVICE SRL,0
2024,9,2024-09,HATTRICK ENERGY SAS,46.4917666666667
2024,9,2024-09,HIGH LUCK GROUP LTD. - SUCURSAL ARGENTINA,45.0026034238867
2024,9,2024-09,INGENIERIA ALPA S.A.,35.997
2024,9,2024-09,INGENIERIA SIMA S.A.,0
2024,9,2024-09,INTEROIL ARGENTINA S A,29.9008355893333
2024,9,2024-09,JUJUY HIDROCARBUROS SAU,26.1867666666667
2024,9,2024-09,KILWER S.A.,2036.85846666667
2024,9,2024-09,MADALENA ENERGY ARGENTINA SRL ,56.4076666666667
2024,9,2024-09,MEDANITO S.A.,17.8290333333333
2024,9,2024-09,OILSTONE ENERGIA S.A.,346.327000733333
2024,9,2024-09,PAMPA ENERGIA S.A.,222.196333333333
2024,9,2024-09,PAMPETROL S.A.P.E.M,42.3953333333333
2024,9,2024-09,PAN AMERICAN ENERGY SL,16885.5563333333
2024,9,2024-09,PATAGONIA ENERGY S.A.,83.9641333333333
2024,9,2024-09,PATAGONIA RESOURCES S.A. ,3.13333333333333
2024,9,2024-09,PETROFARO S.A.,1
2024,9,2024-09,PETROLEOS SUDAMERICANOS S.A.,479.273566666667
2024,9,2024-09,Petrolera Aconcagua Energia S.A.,1304.265
2024,9,2024-09,PETROLERA DEL COMAHUE S.A.,0
2024,9,2024-09,PETROLERA EL TREBOL S.A.,147.815133333333
2024,9,2024-09,PETROLERA PAMPA S.A. ,0
2024,9,2024-09,PETROLERA SAN MIGUEL S.A.,0
2024,9,2024-09,PETROLSUR ENERGIA S.A. ,0.996666666666667
2024,9,2024-09,PETROMINERA CHUBUT S.E.,0
2024,9,2024-09,PETROQUIMICA COMODORO RIVADAVIA S.A.,1342.00633333333
2024,9,2024-09,Pilgrim Energy S.A.,27.49275
2024,9,2024-09,PLUSPETROL S.A.,6516.0827
2024,9,2024-09,PRESIDENT PETROLEUM S.A.,196.958533333333
2024,9,2024-09,QUINTANA E&P ARGENTINA S.R.L.,41.2826666666667
2024,9,2024-09,RECURSOS Y ENERGIA FORMOSA S.A.,84.0066666666667
2024,9,2024-09,ROCH S.A.,155.122
2024,9,2024-09,SAN JORGE PETROLEUM S.A.,0
2024,9,2024-09,SELVA MARIA OIL S.A.,0
2024,9,2024-09,SHELL ARGENTINA S.A.,5264.44533333333
2024,9,2024-09,TECPETROL S.A.,2910.7365
2024,9,2024-09,TOTAL AUSTRAL S.A.,1555.50516666667
2024,9,2024-09,VENOIL S.A.,11.007
2024,9,2024-09,VISTA ENERGY ARGENTINA SAU,10785.0693333333
2024,9,2024-09,YPF S.A.,56529.778
2024,10,2024-10,ALIANZA PETROLERA ARGENTINA S.A.,0.880645161290323
2024,10,2024-10,ARGENTA ENERGIA S.A.,0
2024,10,2024-10,CAPETROL ARGENTINA S.A.,0
2024,10,2024-10,CAPETROL S.A.,0
2024,10,2024-10,CAPEX S.A.,1644.77419354839
2024,10,2024-10,CGC ENERGIA SAU,2962.44225806452
2024,10,2024-10,CHEVRON ARGENTINA S.R.L.,1449.91161290323
2024,10,2024-10,COLHUE HUAPI S.A.,75.0161290322581
2024,10,2024-10,COMPAÑÍA GENERAL DE COMBUSTIBLES S.A.,335.077936129032
2024,10,2024-10,COMPAÑÍAS ASOCIADAS PETROLERAS S.A.,1780.93548387097
2024,10,2024-10,COPESA CIA CONSTRUCTORA PETROLERA SA,0
2024,10,2024-10,CROWN POINT ENERGIA S.A.,0
2024,10,2024-10,E.M.E.S.A,24.8207096774194
2024,10,2024-10,ENAP SIPETROL ARGENTINA S.A.,409.898387096774
2024,10,2024-10,ENERGICON S.A.,0
2024,10,2024-10,EXXONMOBIL EXPLORATION ARGENTINA S.R.L.,546.607741935484
2024,10,2024-10,FOMICRUZ S.E.,18.3290322580645
2024,10,2024-10,G Y G OIL SERVICE SRL,8.48483870967742
2024,10,2024-10,HATTRICK ENERGY SAS,48.3903225806452
2024,10,2024-10,HIGH LUCK GROUP LTD. - SUCURSAL ARGENTINA,34.9343393473097
2024,10,2024-10,INGENIERIA ALPA S.A.,37.8390322580645
2024,10,2024-10,INGENIERIA SIMA S.A.,0
2024,10,2024-10,INTEROIL ARGENTINA S A,44.3529000574194
2024,10,2024-10,JUJUY HIDROCARBUROS SAU,27.247064516129
2024,10,2024-10,KILWER S.A.,2021.33690322581
2024,10,2024-10,MADALENA ENERGY ARGENTINA SRL ,54.3051612903226
2024,10,2024-10,MEDANITO S.A.,16.9113870967742
2024,10,2024-10,OILSTONE ENERGIA S.A.,343.583293096774
2024,10,2024-10,PAMPA ENERGIA S.A.,210.531612903226
2024,10,2024-10,PAMPETROL S.A.P.E.M,43.9058064516129
2024,10,2024-10,PAN AMERICAN ENERGY SL,17148.2612903226
2024,10,2024-10,PATAGONIA ENERGY S.A.,82.3539032258064
2024,10,2024-10,PATAGONIA RESOURCES S.A. ,2.54838709677419
2024,10,2024-10,PETROFARO S.A.,1
2024,10,2024-10,PETROLEOS SUDAMERICANOS S.A.,485.469129032258
2024,10,2024-10,Petrolera Aconcagua Energia S.A.,1291.84248387097
2024,10,2024-10,PETROLERA DEL COMAHUE S.A.,0
2024,10,2024-10,PETROLERA EL TREBOL S.A.,253.568322580645
2024,10,2024-10,PETROLERA PAMPA S.A. ,0
2024,10,2024-10,PETROLERA SAN MIGUEL S.A.,0
2024,10,2024-10,PETROLSUR ENERGIA S.A. ,0.934193548387097
2024,10,2024-10,PETROMINERA CHUBUT S.E.,0
2024,10,2024-10,PETROQUIMICA COMODORO RIVADAVIA S.A.,1375.28677419355
2024,10,2024-10,Pilgrim Energy S.A.,27.4657258064516
2024,10,2024-10,PLUSPETROL S.A.,6369.39941935484
2024,10,2024-10,PRESIDENT PETROLEUM S.A.,194.472480645161
2024,10,2024-10,QUINTANA E&P ARGENTINA S.R.L.,37.2145161290323
2024,10,2024-10,RECURSOS Y ENERGIA FORMOSA S.A.,81.098064516129
2024,10,2024-10,ROCH S.A.,122.089709677419
2024,10,2024-10,SAN JORGE PETROLEUM S.A.,0
2024,10,2024-10,SELVA MARIA OIL S.A.,0
2024,10,2024-10,SHELL ARGENTINA S.A.,5243.25612903226
2024,10,2024-10,TECPETROL S.A.,2653.11919354839
2024,10,2024-10,TOTAL AUSTRAL S.A.,1539.56735483871
2024,10,2024-10,VENOIL S.A.,8.32354838709677
2024,10,2024-10,VISTA ENERGY ARGENTINA SAU,11695.4061290323
2024,10,2024-10,YPF S.A.,56168.7748387097
2024,11,2024-11,ALIANZA PETROLERA ARGENTINA S.A.,0.846666666666667
2024,11,2024-11,ARGENTA ENERGIA S.A.,0
2024,11,2024-11,CAPETROL ARGENTINA S.A.,0
2024,11,2024-11,CAPETROL S.A.,0
2024,11,2024-11,CAPEX S.A.,1632.63266666667
2024,11,2024-11,CGC ENERGIA SAU,3052.28666666667
2024,11,2024-11,CHEVRON ARGENTINA S.R.L.,1874.40233333333
2024,11,2024-11,COLHUE HUAPI S.A.,75.4333333333333
2024,11,2024-11,COMPAÑÍA GENERAL DE COMBUSTIBLES S.A.,342.134666666667
2024,11,2024-11,COMPAÑÍAS ASOCIADAS PETROLERAS S.A.,1821.46633333333
2024,11,2024-11,COPESA CIA CONSTRUCTORA PETROLERA SA,0
2024,11,2024-11,CROWN POINT ENERGIA S.A.,524.891333333333
2024,11,2024-11,E.M.E.S.A,23.076
2024,11,2024-11,ENAP SIPETROL ARGENTINA S.A.,335.771666666667
2024,11,2024-11,ENERGICON S.A.,0
2024,11,2024-11,EXXONMOBIL EXPLORATION ARGENTINA S.R.L.,840.213333333333
2024,11,2024-11,FOMICRUZ S.E.,17.3566666666667
2024,11,2024-11,G Y G OIL SERVICE SRL,6.499
2024,11,2024-11,HATTRICK ENERGY SAS,87.5303333333333
2024,11,2024-11,HIGH LUCK GROUP LTD. - SUCURSAL ARGENTINA,33.5565785186433
2024,11,2024-11,INGENIERIA ALPA S.A.,43.3746666666667
2024,11,2024-11,INGENIERIA SIMA S.A.,0
2024,11,2024-11,INTEROIL ARGENTINA S A,28.6561514226667
2024,11,2024-11,JUJUY HIDROCARBUROS SAU,27.2351333333333
2024,11,2024-11,KILWER S.A.,1744.20833333333
2024,11,2024-11,MADALENA ENERGY ARGENTINA SRL ,50.5293333333333
2024,11,2024-11,MEDANITO S.A.,16.2204333333333
2024,11,2024-11,OILSTONE ENERGIA S.A.,334.6985814
2024,11,2024-11,PAMPA ENERGIA S.A.,190.730666666667
2024,11,2024-11,PAMPETROL S.A.P.E.M,43.1966666666667
2024,11,2024-11,PAN AMERICAN ENERGY SL,16977.9103333333
2024,11,2024-11,PATAGONIA ENERGY S.A.,75.6304
2024,11,2024-11,PATAGONIA RESOURCES S.A. ,3.33333333333333
2024,11,2024-11,PECOM SERVICIOS ENERGIA SAU,1032.54856666667
2024,11,2024-11,PETROFARO S.A.,1
2024,11,2024-11,PETROLEOS SUDAMERICANOS S.A.,481.400866666667
2024,11,2024-11,Petrolera Aconcagua Energia S.A.,1274.87423333333
2024,11,2024-11,PETROLERA DEL COMAHUE S.A.,0
2024,11,2024-11,PETROLERA EL TREBOL S.A.,800.613266666667
2024,11,2024-11,PETROLERA PAMPA S.A. ,0
2024,11,2024-11,PETROLERA SAN MIGUEL S.A.,0
2024,11,2024-11,PETROLSUR ENERGIA S.A. ,0.916
2024,11,2024-11,PETROMINERA CHUBUT S.E.,0
2024,11,2024-11,PETROQUIMICA COMODORO RIVADAVIA S.A.,1332.892
2024,11,2024-11,Pilgrim Energy S.A.,28.5965133333333
2024,11,2024-11,PLUSPETROL S.A.,7001.03116666667
2024,11,2024-11,PRESIDENT PETROLEUM S.A.,200.4159
2024,11,2024-11,QUINTANA E&P ARGENTINA S.R.L.,32.886
2024,11,2024-11,RECURSOS Y ENERGIA FORMOSA S.A.,94.9233333333333
2024,11,2024-11,ROCH S.A.,102.102966666667
2024,11,2024-11,SAN JORGE PETROLEUM S.A.,0
2024,11,2024-11,SELVA MARIA OIL S.A.,0
2024,11,2024-11,SHELL ARGENTINA S.A.,5157.21433333333
2024,11,2024-11,TECPETROL S.A.,2414.50333333333
2024,11,2024-11,TOTAL AUSTRAL S.A.,1368.7125
2024,11,2024-11,VENOIL S.A.,6.87933333333333
2024,11,2024-11,VISTA ENERGY ARGENTINA SAU,11477.3186666667
2024,11,2024-11,YPF S.A.,56446.428
2024,12,2024-12,ALIANZA PETROLERA ARGENTINA S.A.,0.806451612903226
2024,12,2024-12,ARGENTA ENERGIA S.A.,0
2024,12,2024-12,CAPETROL ARGENTINA S.A.,0
2024,12,2024-12,CAPETROL S.A.,0
2024,12,2024-12,CAPEX S.A.,1605.11032258065
2024,12,2024-12,CGC ENERGIA SAU,3030.49709677419
2024,12,2024-12,CHEVRON ARGENTINA S.R.L.,2032.66193548387
2024,12,2024-12,COLHUE HUAPI S.A.,68.8574193548387
2024,12,2024-12,COMPAÑÍA GENERAL DE COMBUSTIBLES S.A.,281.60935483871
2024,12,2024-12,COMPAÑÍAS ASOCIADAS PETROLERAS S.A.,1803.0964516129
2024,12,2024-12,COPESA CIA CONSTRUCTORA PETROLERA SA,0
2024,12,2024-12,CROWN POINT ENERGIA S.A.,502.472903225806
2024,12,2024-12,E.M.E.S.A,26.4196774193548
2024,12,2024-12,ENAP SIPETROL ARGENTINA S.A.,396.033870967742
2024,12,2024-12,ENERGICON S.A.,0
2024,12,2024-12,EXXONMOBIL EXPLORATION ARGENTINA S.R.L.,933.743548387097
2024,12,2024-12,FOMICRUZ S.E.,15.6806451612903
2024,12,2024-12,G Y G OIL SERVICE SRL,5.42
2024,12,2024-12,HATTRICK ENERGY SAS,102.982258064516
2024,12,2024-12,HIGH LUCK GROUP LTD. - SUCURSAL ARGENTINA,29.6303109145161
2024,12,2024-12,INGENIERIA ALPA S.A.,39.41
2024,12,2024-12,INGENIERIA SIMA S.A.,0
2024,12,2024-12,INTEROIL ARGENTINA S A,32.2657402767742
2024,12,2024-12,JUJUY HIDROCARBUROS SAU,27.0347419354839
2024,12,2024-12,KILWER S.A.,1545.38648387097
2024,12,2024-12,MADALENA ENERGY ARGENTINA SRL ,46.6009677419355
2024,12,2024-12,MEDANITO S.A.,16.2977419354839
2024,12,2024-12,OILSTONE ENERGIA S.A.,320.137428967742
2024,12,2024-12,PAMPA ENERGIA S.A.,178.254838709677
2024,12,2024-12,PAMPETROL S.A.P.E.M,39.3067741935484
2024,12,2024-12,PAN AMERICAN ENERGY SL,16823.5635483871
2024,12,2024-12,PATAGONIA ENERGY S.A.,75.0057419354839
2024,12,2024-12,PATAGONIA RESOURCES S.A. ,5.06451612903226
2024,12,2024-12,PECOM SERVICIOS ENERGIA SAU,1040.71741935484
2024,12,2024-12,PETROFARO S.A.,1
2024,12,2024-12,PETROLEOS SUDAMERICANOS S.A.,474.555709677419
2024,12,2024-12,Petrolera Aconcagua Energia S.A.,1271.95435483871
2024,12,2024-12,PETROLERA DEL COMAHUE S.A.,0
2024,12,2024-12,PETROLERA EL TREBOL S.A.,843.020387096774
2024,12,2024-12,PETROLERA PAMPA S.A. ,0
2024,12,2024-12,PETROLERA SAN MIGUEL S.A.,0
2024,12,2024-12,PETROLSUR ENERGIA S.A. ,0.950322580645161
2024,12,2024-12,PETROMINERA CHUBUT S.E.,0
2024,12,2024-12,PETROQUIMICA COMODORO RIVADAVIA S.A.,1568.82258064516
2024,12,2024-12,Pilgrim Energy S.A.,28.7684677419355
2024,12,2024-12,PLUSPETROL S.A.,7099.78574193548
2024,12,2024-12,PRESIDENT PETROLEUM S.A.,200.752387096774
2024,12,2024-12,QUINTANA E&P ARGENTINA S.R.L.,33.9616129032258
2024,12,2024-12,RECURSOS Y ENERGIA FORMOSA S.A.,94.2645161290323
2024,12,2024-12,ROCH S.A.,106.325322580645
2024,12,2024-12,SAN JORGE PETROLEUM S.A.,0
2024,12,2024-12,SELVA MARIA OIL S.A.,0
2024,12,2024-12,SHELL ARGENTINA S.A.,4958.29870967742
2024,12,2024-12,TECPETROL S.A.,2507.18638709677
2024,12,2024-12,TOTAL AUSTRAL S.A.,1214.69619354839
2024,12,2024-12,VENOIL S.A.,61.4290322580645
2024,12,2024-12,VISTA ENERGY ARGENTINA SAU,11740.2322580645
2024,12,2024-12,YPF S.A.,57277.8922580645
2025,1,2025-01,ALIANZA PETROLERA ARGENTINA S.A.,0.790322580645161
2025,1,2025-01,ARGENTA ENERGIA S.A.,0
2025,1,2025-01,CAPETROL ARGENTINA S.A.,0
2025,1,2025-01,CAPETROL S.A.,0
2025,1,2025-01,CAPEX S.A.,1591.55258064516
2025,1,2025-01,CGC ENERGIA SAU,2915.69064516129
2025,1,2025-01,CHEVRON ARGENTINA S.R.L.,1644.92161290323
2025,1,2025-01,COLHUE HUAPI S.A.,65.4516129032258
2025,1,2025-01,COMPAÑÍA GENERAL DE COMBUSTIBLES S.A.,275.154516129032
2025,1,2025-01,COMPAÑÍAS ASOCIADAS PETROLERAS S.A.,1700.16161290323
2025,1,2025-01,COPESA CIA CONSTRUCTORA PETROLERA SA,0
2025,1,2025-01,CROWN POINT ENERGIA S.A.,495.885806451613
2025,1,2025-01,E.M.E.S.A,28.1512903225806
2025,1,2025-01,ENAP SIPETROL ARGENTINA S.A.,390.93
2025,1,2025-01,ENERGICON S.A.,0
2025,1,2025-01,EXXONMOBIL EXPLORATION ARGENTINA S.R.L.,1030.49
2025,1,2025-01,FOMICRUZ S.E.,14.5677419354839
2025,1,2025-01,G Y G OIL SERVICE SRL,3.1058064516129
2025,1,2025-01,HATTRICK ENERGY SAS,114.282580645161
2025,1,2025-01,HIGH LUCK GROUP LTD. - SUCURSAL ARGENTINA,26.1615386505374
2025,1,2025-01,INGENIERIA ALPA S.A.,43.1222580645161
2025,1,2025-01,INGENIERIA SIMA S.A.,0
2025,1,2025-01,INTEROIL ARGENTINA S A,30.8440957335484
2025,1,2025-01,JUJUY HIDROCARBUROS SAU,26.8949032258065
2025,1,2025-01,KILWER S.A.,1536.02980645161
2025,1,2025-01,MADALENA ENERGY ARGENTINA SRL ,46.0393548387097
2025,1,2025-01,MEDANITO S.A.,15.7436774193548
2025,1,2025-01,OILSTONE ENERGIA S.A.,310.449533645161
2025,1,2025-01,PAMPA ENERGIA S.A.,165.104838709677
2025,1,2025-01,PAMPETROL S.A.P.E.M,40.2177419354839
2025,1,2025-01,PAN AMERICAN ENERGY SL,16531.735483871
2025,1,2025-01,PATAGONIA ENERGY S.A.,78.9212903225806
2025,1,2025-01,PATAGONIA RESOURCES S.A. ,3.74193548387097
2025,1,2025-01,PECOM SERVICIOS ENERGIA SAU,1037.20870967742
2025,1,2025-01,PETROFARO S.A.,1.06193548387097
2025,1,2025-01,PETROLEOS SUDAMERICANOS S.A.,463.256548387097
2025,1,2025-01,Petrolera Aconcagua Energia S.A.,1245.72809677419
2025,1,2025-01,PETROLERA DEL COMAHUE S.A.,0
2025,1,2025-01,PETROLERA EL TREBOL S.A.,865.202419354839
2025,1,2025-01,PETROLERA PAMPA S.A. ,0
2025,1,2025-01,PETROLERA SAN MIGUEL S.A.,0
2025,1,2025-01,PETROLSUR ENERGIA S.A. ,0.823225806451613
2025,1,2025-01,PETROMINERA CHUBUT S.E.,0
2025,1,2025-01,PETROQUIMICA COMODORO RIVADAVIA S.A.,1522.99677419355
2025,1,2025-01,Pilgrim Energy S.A.,28.8267193548387
2025,1,2025-01,PLUSPETROL S.A.,7316.87932258064
2025,1,2025-01,PRESIDENT PETROLEUM S.A.,187.487387096774
2025,1,2025-01,QUINTANA E&P ARGENTINA S.R.L.,31.9903225806452
2025,1,2025-01,RECURSOS Y ENERGIA FORMOSA S.A.,92.241935483871
2025,1,2025-01,ROCH S.A.,94.6686774193548
2025,1,2025-01,SAN JORGE PETROLEUM S.A.,0
2025,1,2025-01,SELVA MARIA OIL S.A.,0
2025,1,2025-01,SHELL ARGENTINA S.A.,4863.95225806452
2025,1,2025-01,TECPETROL S.A.,2794.46251612903
2025,1,2025-01,TOTAL AUSTRAL S.A.,1526.86296774194
2025,1,2025-01,VENOIL S.A.,51.3438709677419
2025,1,2025-01,VISTA ENERGY ARGENTINA SAU,11312.5741935484
2025,1,2025-01,YPF S.A.,56297.1974193548
2025,2,2025-02,ALIANZA PETROLERA ARGENTINA S.A.,0.792857142857143
2025,2,2025-02,ARGENTA ENERGIA S.A.,0
2025,2,2025-02,CAPETROL ARGENTINA S.A.,0
2025,2,2025-02,CAPETROL S.A.,0
2025,2,2025-02,CAPEX S.A.,1543.43035714286
2025,2,2025-02,CGC ENERGIA SAU,2807.94178571429
2025,2,2025-02,CHEVRON ARGENTINA S.R.L.,1511.29821428571
2025,2,2025-02,COLHUE HUAPI S.A.,63.7142857142857
2025,2,2025-02,COMPAÑÍA GENERAL DE COMBUSTIBLES S.A.,253.333928571429
2025,2,2025-02,COMPAÑÍAS ASOCIADAS PETROLERAS S.A.,1650.03571428571
2025,2,2025-02,COPESA CIA CONSTRUCTORA PETROLERA SA,0
2025,2,2025-02,CROWN POINT ENERGIA S.A.,490.945714285714
2025,2,2025-02,E.M.E.S.A,28.6410714285714
2025,2,2025-02,ENAP SIPETROL ARGENTINA S.A.,382.841785714286
2025,2,2025-02,ENERGICON S.A.,0
2025,2,2025-02,FOMICRUZ S.E.,14.8071428571429
2025,2,2025-02,G Y G OIL SERVICE SRL,4.93035714285714
2025,2,2025-02,HATTRICK ENERGY SAS,141.560464285714
2025,2,2025-02,HIGH LUCK GROUP LTD. - SUCURSAL ARGENTINA,24.2524649035714
2025,2,2025-02,INGENIERIA ALPA S.A.,43.095
2025,2,2025-02,INGENIERIA SIMA S.A.,0
2025,2,2025-02,INTEROIL ARGENTINA S A,29.231216565
2025,2,2025-02,JUJUY HIDROCARBUROS SAU,27.2167142857143
2025,2,2025-02,KILWER S.A.,1639.19732142857
2025,2,2025-02,MADALENA ENERGY ARGENTINA SRL ,44.6432142857143
2025,2,2025-02,MEDANITO S.A.,15.2231071428571
2025,2,2025-02,OILSTONE ENERGIA S.A.,293.288488071429
2025,2,2025-02,PAMPA ENERGIA S.A.,150.638214285714
2025,2,2025-02,PAMPETROL S.A.P.E.M,38.005
2025,2,2025-02,PAN AMERICAN ENERGY SL,16678.7717857143
2025,2,2025-02,PATAGONIA ENERGY S.A.,70.4366785714286
2025,2,2025-02,PATAGONIA RESOURCES S.A. ,2.96428571428571
2025,2,2025-02,PECOM SERVICIOS ENERGIA SAU,1456.12982142857
2025,2,2025-02,PETROFARO S.A.,1.10714285714286
2025,2,2025-02,PETROLEOS SUDAMERICANOS S.A.,445.005357142857
2025,2,2025-02,Petrolera Aconcagua Energia S.A.,1253.65814285714
2025,2,2025-02,PETROLERA DEL COMAHUE S.A.,0
2025,2,2025-02,PETROLERA EL TREBOL S.A.,791.684892857143
2025,2,2025-02,PETROLERA PAMPA S.A. ,0
2025,2,2025-02,PETROLERA SAN MIGUEL S.A.,0
2025,2,2025-02,PETROLSUR ENERGIA S.A. ,0.771428571428571
2025,2,2025-02,PETROMINERA CHUBUT S.E.,0
2025,2,2025-02,PETROQUIMICA COMODORO RIVADAVIA S.A.,1472.42678571429
2025,2,2025-02,Pilgrim Energy S.A.,27.85
2025,2,2025-02,PLUSPETROL CUENCA NEUQUINA S.R.L.,1072.34964285714
2025,2,2025-02,PLUSPETROL S.A.,7447.82246428571
2025,2,2025-02,PRESIDENT PETROLEUM S.A.,179.422571428571
2025,2,2025-02,QUINTANA E&P ARGENTINA S.R.L.,234.448571428571
2025,2,2025-02,RECURSOS Y ENERGIA FORMOSA S.A.,90.0792857142857
2025,2,2025-02,ROCH S.A.,94.5026428571429
2025,2,2025-02,SAN JORGE PETROLEUM S.A.,0
2025,2,2025-02,SELVA MARIA OIL S.A.,0
2025,2,2025-02,SHELL ARGENTINA S.A.,4731.20821428571
2025,2,2025-02,TECPETROL S.A.,3239.95514285714
2025,2,2025-02,TOTAL AUSTRAL S.A.,1820.30396428571
2025,2,2025-02,VENOIL S.A.,60.5975
2025,2,2025-02,VISTA ENERGY ARGENTINA SAU,10405.6353571429
2025,2,2025-02,YPF S.A.,55804.2507142857
2025,3,2025-03,ALIANZA PETROLERA ARGENTINA S.A.,0.706451612903226
2025,3,2025-03,ARGENTA ENERGIA S.A.,0
2025,3,2025-03,CAPETROL ARGENTINA S.A.,0
2025,3,2025-03,CAPETROL S.A.,0
2025,3,2025-03,CAPEX S.A.,1577.82870967742
2025,3,2025-03,CGC ENERGIA SAU,2823.03419354839
2025,3,2025-03,CHEVRON ARGENTINA S.R.L.,1181.09774193548
2025,3,2025-03,COLHUE HUAPI S.A.,68.1290322580645
2025,3,2025-03,COMPAÑÍA GENERAL DE COMBUSTIBLES S.A.,255.673870967742
2025,3,2025-03,COMPAÑÍAS ASOCIADAS PETROLERAS S.A.,1678.1935483871
2025,3,2025-03,COPESA CIA CONSTRUCTORA PETROLERA SA,0
2025,3,2025-03,CROWN POINT ENERGIA S.A.,479.161290322581
2025,3,2025-03,E.M.E.S.A,27.5900322580645
2025,3,2025-03,ENAP SIPETROL ARGENTINA S.A.,371.616774193548
2025,3,2025-03,ENERGICON S.A.,0
2025,3,2025-03,FOMICRUZ S.E.,15.1387096774194
2025,3,2025-03,G Y G OIL SERVICE SRL,9.13258064516129
2025,3,2025-03,HATTRICK ENERGY SAS,133.50064516129
2025,3,2025-03,HIGH LUCK GROUP LTD. - SUCURSAL ARGENTINA,22.9850564080645
2025,3,2025-03,INGENIERIA ALPA S.A.,52.9870967741935
2025,3,2025-03,INGENIERIA SIMA S.A.,0
2025,3,2025-03,INTEROIL ARGENTINA S A,38.1463844967742
2025,3,2025-03,JUJUY HIDROCARBUROS SAU,27.2247096774194
2025,3,2025-03,KILWER S.A.,1824.13183870968
2025,3,2025-03,MADALENA ENERGY ARGENTINA SRL ,42.8490322580645
2025,3,2025-03,MEDANITO S.A.,15.2542903225806
2025,3,2025-03,OILSTONE ENERGIA S.A.,287.775908387097
2025,3,2025-03,PAMPA ENERGIA S.A.,170.559032258065
2025,3,2025-03,PAMPETROL S.A.P.E.M,34.9403225806452
2025,3,2025-03,PAN AMERICAN ENERGY SL,17488.3387096774
2025,3,2025-03,PATAGONIA ENERGY S.A.,62.7033870967742
2025,3,2025-03,PATAGONIA RESOURCES S.A. ,2.09677419354839
2025,3,2025-03,PECOM SERVICIOS ENERGIA SAU,1404.01583870968
2025,3,2025-03,PETROFARO S.A.,1
2025,3,2025-03,PETROLEOS SUDAMERICANOS S.A.,467.764516129032
2025,3,2025-03,Petrolera Aconcagua Energia S.A.,1235.70677419355
2025,3,2025-03,PETROLERA DEL COMAHUE S.A.,0
2025,3,2025-03,PETROLERA EL TREBOL S.A.,763.457387096774
2025,3,2025-03,PETROLERA PAMPA S.A. ,0
2025,3,2025-03,PETROLERA SAN MIGUEL S.A.,0
2025,3,2025-03,PETROLSUR ENERGIA S.A. ,32.1090322580645
2025,3,2025-03,PETROMINERA CHUBUT S.E.,0
2025,3,2025-03,PETROQUIMICA COMODORO RIVADAVIA S.A.,1479.60322580645
2025,3,2025-03,Pilgrim Energy S.A.,27.9732258064516
2025,3,2025-03,PLUSPETROL CUENCA NEUQUINA S.R.L.,1485.55451612903
2025,3,2025-03,PLUSPETROL S.A.,6777.52216129032
2025,3,2025-03,PRESIDENT PETROLEUM S.A.,184.980677419355
2025,3,2025-03,QUINTANA E&P ARGENTINA S.R.L.,233.488387096774
2025,3,2025-03,RECURSOS Y ENERGIA FORMOSA S.A.,91.8029038612903
2025,3,2025-03,ROCH S.A.,95.8263225806452
2025,3,2025-03,SAN JORGE PETROLEUM S.A.,0
2025,3,2025-03,SELVA MARIA OIL S.A.,0
2025,3,2025-03,SHELL ARGENTINA S.A.,4266.01225806452
2025,3,2025-03,TECPETROL S.A.,3358.32558064516
2025,3,2025-03,TOTAL AUSTRAL S.A.,1777.11367741935
2025,3,2025-03,VENOIL S.A.,52.148064516129
2025,3,2025-03,VISTA ENERGY ARGENTINA SAU,10093.9180645161
2025,3,2025-03,YPF S.A.,56489.0793548387
2025,4,2025-04,ALIANZA PETROLERA ARGENTINA S.A.,0.61
2025,4,2025-04,ARGENTA ENERGIA S.A.,0
2025,4,2025-04,CAPETROL ARGENTINA S.A.,0
2025,4,2025-04,CAPETROL S.A.,0
2025,4,2025-04,CAPEX S.A.,1418.69466666667
2025,4,2025-04,CGC ENERGIA SAU,2721.093
2025,4,2025-04,CHEVRON ARGENTINA S.R.L.,1936.379
2025,4,2025-04,COLHUE HUAPI S.A.,70.1
2025,4,2025-04,COMPAÑÍA GENERAL DE COMBUSTIBLES S.A.,239.126666666667
2025,4,2025-04,COMPAÑÍAS ASOCIADAS PETROLERAS S.A.,1751.00033333333
2025,4,2025-04,COPESA CIA CONSTRUCTORA PETROLERA SA,0
2025,4,2025-04,CROWN POINT ENERGIA S.A.,475.499
2025,4,2025-04,E.M.E.S.A,25.5766666666667
2025,4,2025-04,ENAP SIPETROL ARGENTINA S.A.,359.639333333333
2025,4,2025-04,ENERGICON S.A.,0
2025,4,2025-04,FOMICRUZ S.E.,12.7566666666667
2025,4,2025-04,G Y G OIL SERVICE SRL,10.1806666666667
2025,4,2025-04,HATTRICK ENERGY SAS,126.794
2025,4,2025-04,HIGH LUCK GROUP LTD. - SUCURSAL ARGENTINA,21.47694657
2025,4,2025-04,INGENIERIA ALPA S.A.,41.9163333333333
2025,4,2025-04,INGENIERIA SIMA S.A.,0
2025,4,2025-04,INTEROIL ARGENTINA S A,20.276832701
2025,4,2025-04,JUJUY HIDROCARBUROS SAU,27.1083333333333
2025,4,2025-04,KILWER S.A.,1742.25976666667
2025,4,2025-04,MADALENA ENERGY ARGENTINA SRL ,40.5703333333333
2025,4,2025-04,MEDANITO S.A.,14.7299333333333
2025,4,2025-04,OILSTONE ENERGIA S.A.,282.348347766667
2025,4,2025-04,PAMPA ENERGIA S.A.,204.42
2025,4,2025-04,PAMPETROL S.A.P.E.M,31.313
2025,4,2025-04,PAN AMERICAN ENERGY SL,17303.3463333333
2025,4,2025-04,PATAGONIA ENERGY S.A.,56.6290666666667
2025,4,2025-04,PATAGONIA RESOURCES S.A. ,1.9198
2025,4,2025-04,PECOM SERVICIOS ENERGIA SAU,1391.877
2025,4,2025-04,PETROFARO S.A.,1
2025,4,2025-04,PETROLEOS SUDAMERICANOS S.A.,2342.05686666667
2025,4,2025-04,Petrolera Aconcagua Energia S.A.,1247.89723333333
2025,4,2025-04,PETROLERA DEL COMAHUE S.A.,0
2025,4,2025-04,PETROLERA EL TREBOL S.A.,748.115333333333
2025,4,2025-04,PETROLERA PAMPA S.A. ,0
2025,4,2025-04,PETROLERA SAN MIGUEL S.A.,0
2025,4,2025-04,PETROLSUR ENERGIA S.A. ,0.687333333333333
2025,4,2025-04,PETROMINERA CHUBUT S.E.,0
2025,4,2025-04,PETROQUIMICA COMODORO RIVADAVIA S.A.,1447.03333333333
2025,4,2025-04,Pilgrim Energy S.A.,27.0223333333333
2025,4,2025-04,PLUSPETROL CUENCA NEUQUINA S.R.L.,1609.54466666667
2025,4,2025-04,PLUSPETROL S.A.,7054.5694
2025,4,2025-04,PRESIDENT PETROLEUM S.A.,177.735113333333
2025,4,2025-04,QUINTANA E&P ARGENTINA S.R.L.,231.178666666667
2025,4,2025-04,RECURSOS Y ENERGIA FORMOSA S.A.,94.766
2025,4,2025-04,ROCH S.A.,97.7883
2025,4,2025-04,SAN JORGE PETROLEUM S.A.,0
2025,4,2025-04,SELVA MARIA OIL S.A.,0
2025,4,2025-04,SHELL ARGENTINA S.A.,3791.91533333333
2025,4,2025-04,TECPETROL S.A.,3369.7361
2025,4,2025-04,TOTAL AUSTRAL S.A.,1618.69716666667
2025,4,2025-04,VENOIL S.A.,262.548666666667
2025,4,2025-04,VISTA ENERGY ARGENTINA SAU,10273.315
2025,4,2025-04,YPF S.A.,53263.873
2025,5,2025-05,ALIANZA PETROLERA ARGENTINA S.A.,0.57741935483871
2025,5,2025-05,ARGENTA ENERGIA S.A.,0
2025,5,2025-05,CAPETROL ARGENTINA S.A.,0
2025,5,2025-05,CAPETROL S.A.,0
2025,5,2025-05,CAPEX S.A.,1560.58483870968
2025,5,2025-05,CGC ENERGIA SAU,2706.2235483871
2025,5,2025-05,CHEVRON ARGENTINA S.R.L.,1837.02129032258
2025,5,2025-05,COLHUE HUAPI S.A.,69.1612903225806
2025,5,2025-05,COMPAÑÍA GENERAL DE COMBUSTIBLES S.A.,228.741612903226
2025,5,2025-05,COMPAÑÍAS ASOCIADAS PETROLERAS S.A.,1742.70967741935
2025,5,2025-05,COPESA CIA CONSTRUCTORA PETROLERA SA,0
2025,5,2025-05,CROWN POINT ENERGIA S.A.,473.190322580645
2025,5,2025-05,E.M.E.S.A,24.3441935483871
2025,5,2025-05,ENAP SIPETROL ARGENTINA S.A.,359.575806451613
2025,5,2025-05,ENERGICON S.A.,0
2025,5,2025-05,FOMICRUZ S.E.,13.5967741935484
2025,5,2025-05,G Y G OIL SERVICE SRL,10.6667741935484
2025,5,2025-05,HATTRICK ENERGY SAS,121.88935483871
2025,5,2025-05,HIGH LUCK GROUP LTD. - SUCURSAL ARGENTINA,21.5448836645161
2025,5,2025-05,INGENIERIA ALPA S.A.,40.4370967741935
2025,5,2025-05,INGENIERIA SIMA S.A.,0
2025,5,2025-05,INTEROIL ARGENTINA S A,9.61522680258065
2025,5,2025-05,JUJUY HIDROCARBUROS SAU,27.240064516129
2025,5,2025-05,KILWER S.A.,1377.78174193548
2025,5,2025-05,MADALENA ENERGY ARGENTINA SRL ,37.8035483870968
2025,5,2025-05,MEDANITO S.A.,14.7387741935484
2025,5,2025-05,OILSTONE ENERGIA S.A.,281.806993774194
2025,5,2025-05,PAMPA ENERGIA S.A.,1018.68129032258
2025,5,2025-05,PAMPETROL S.A.P.E.M,31.2764516129032
2025,5,2025-05,PAN AMERICAN ENERGY SL,16795.3174193548
2025,5,2025-05,PATAGONIA ENERGY S.A.,63.6298064516129
2025,5,2025-05,PATAGONIA RESOURCES S.A. ,1.53483870967742
2025,5,2025-05,PECOM SERVICIOS ENERGIA SAU,1398.57516129032
2025,5,2025-05,PETROFARO S.A.,1
2025,5,2025-05,PETROLEOS SUDAMERICANOS S.A.,2331.38877419355
2025,5,2025-05,Petrolera Aconcagua Energia S.A.,1229.7884516129
2025,5,2025-05,PETROLERA DEL COMAHUE S.A.,0
2025,5,2025-05,PETROLERA EL TREBOL S.A.,587.348
2025,5,2025-05,PETROLERA PAMPA S.A. ,0
2025,5,2025-05,PETROLERA SAN MIGUEL S.A.,0
2025,5,2025-05,PETROLSUR ENERGIA S.A. ,0.791935483870968
2025,5,2025-05,PETROMINERA CHUBUT S.E.,0
2025,5,2025-05,PETROQUIMICA COMODORO RIVADAVIA S.A.,1427.98064516129
2025,5,2025-05,Pilgrim Energy S.A.,26.4287096774194
2025,5,2025-05,PLUSPETROL CUENCA NEUQUINA S.R.L.,1799.69064516129
2025,5,2025-05,PLUSPETROL S.A.,7079.02980645161
2025,5,2025-05,PRESIDENT PETROLEUM S.A.,188.125032258065
2025,5,2025-05,QUINTANA E&P ARGENTINA S.R.L.,226.608064516129
2025,5,2025-05,RECURSOS Y ENERGIA FORMOSA S.A.,85.5529032258064
2025,5,2025-05,ROCH S.A.,97.2981935483871
2025,5,2025-05,SAN JORGE PETROLEUM S.A.,0
2025,5,2025-05,SELVA MARIA OIL S.A.,0
2025,5,2025-05,SHELL ARGENTINA S.A.,3856.45483870968
2025,5,2025-05,TECPETROL S.A.,3545.31409677419
2025,5,2025-05,TOTAL AUSTRAL S.A.,1845.34396774194
2025,5,2025-05,VENOIL S.A.,260.938387096774
2025,5,2025-05,VISTA ENERGY ARGENTINA SAU,10552.5067741935
2025,5,2025-05,YPF S.A.,53485.3
2025,6,2025-06,ALIANZA PETROLERA ARGENTINA S.A.,0.48
2025,6,2025-06,ARGENTA ENERGIA S.A.,0
2025,6,2025-06,BENTIA ENERGY S.A.,435.335
2025,6,2025-06,CAPETROL ARGENTINA S.A.,0
2025,6,2025-06,CAPETROL S.A.,0
2025,6,2025-06,CAPEX S.A.,1978.07366666667
2025,6,2025-06,CGC ENERGIA SAU,2698.07066666667
2025,6,2025-06,CHEVRON ARGENTINA S.R.L.,2238.83
2025,6,2025-06,COLHUE HUAPI S.A.,62.9
2025,6,2025-06,COMPAÑÍA GENERAL DE COMBUSTIBLES S.A.,219.766666666667
2025,6,2025-06,COMPAÑÍAS ASOCIADAS PETROLERAS S.A.,1824.59266666667
2025,6,2025-06,COPESA CIA CONSTRUCTORA PETROLERA SA,0
2025,6,2025-06,CROWN POINT ENERGIA S.A.,464.075
2025,6,2025-06,E.M.E.S.A,21.774
2025,6,2025-06,ENAP SIPETROL ARGENTINA S.A.,344.189333333333
2025,6,2025-06,ENERGICON S.A.,0
2025,6,2025-06,FOMICRUZ S.E.,11.32
2025,6,2025-06,G Y G OIL SERVICE SRL,8.22366666666667
2025,6,2025-06,HATTRICK ENERGY SAS,110.685666666667
2025,6,2025-06,HIGH LUCK GROUP LTD. - SUCURSAL ARGENTINA,20.358318586111
2025,6,2025-06,INGENIERIA ALPA S.A.,51.1463333333333
2025,6,2025-06,INGENIERIA SIMA S.A.,0
2025,6,2025-06,INTEROIL ARGENTINA S A,5.10380013333333
2025,6,2025-06,JUJUY HIDROCARBUROS SAU,27.2415
2025,6,2025-06,KILWER S.A.,1685.6139
2025,6,2025-06,MADALENA ENERGY ARGENTINA SRL ,37.9713333333333
2025,6,2025-06,MEDANITO S.A.,14.9529666666667
2025,6,2025-06,OILSTONE ENERGIA S.A.,272.9848657
2025,6,2025-06,PAMPA ENERGIA S.A.,1414.87033333333
2025,6,2025-06,PAMPETROL S.A.P.E.M,26.1053333333333
2025,6,2025-06,PAN AMERICAN ENERGY SL,16570.3586666667
2025,6,2025-06,PATAGONIA ENERGY S.A.,59.0226
2025,6,2025-06,PATAGONIA RESOURCES S.A. ,2.50666666666667
2025,6,2025-06,PECOM SERVICIOS ENERGIA SAU,1393.72366666667
2025,6,2025-06,PETROFARO S.A.,1
2025,6,2025-06,PETROLEOS SUDAMERICANOS S.A.,2300.48006666667
2025,6,2025-06,Petrolera Aconcagua Energia S.A.,1213.5712
2025,6,2025-06,PETROLERA DEL COMAHUE S.A.,0
2025,6,2025-06,PETROLERA EL TREBOL S.A.,556.237933333333
2025,6,2025-06,PETROLERA PAMPA S.A. ,0
2025,6,2025-06,PETROLERA SAN MIGUEL S.A.,0
2025,6,2025-06,PETROLSUR ENERGIA S.A. ,0.261333333333333
2025,6,2025-06,PETROMINERA CHUBUT S.E.,0
2025,6,2025-06,PETROQUIMICA COMODORO RIVADAVIA S.A.,1403.19433333333
2025,6,2025-06,Pilgrim Energy S.A.,26.2696733333333
2025,6,2025-06,PLUSPETROL CUENCA NEUQUINA S.R.L.,1956.06333333333
2025,6,2025-06,PLUSPETROL S.A.,6656.2258
2025,6,2025-06,PRESIDENT PETROLEUM S.A.,163.066166666667
2025,6,2025-06,QUINTANA E&P ARGENTINA S.R.L.,223.225
2025,6,2025-06,RECURSOS Y ENERGIA FORMOSA S.A.,84.3363333333333
2025,6,2025-06,ROCH S.A.,101.954
2025,6,2025-06,SAN JORGE PETROLEUM S.A.,0
2025,6,2025-06,SELVA MARIA OIL S.A.,0
2025,6,2025-06,SHELL ARGENTINA S.A.,4797.06966666667
2025,6,2025-06,TECPETROL S.A.,3484.54193333333
2025,6,2025-06,TOTAL AUSTRAL S.A.,1754.34776666667
2025,6,2025-06,VENOIL S.A.,270.040333333333
2025,6,2025-06,VISTA ENERGY ARGENTINA SAU,10533.3033333333
2025,6,2025-06,YPF S.A.,55708.1506666667
2025,7,2025-07,ALIANZA PETROLERA ARGENTINA S.A.,0.419354838709677
2025,7,2025-07,ARGENTA ENERGIA S.A.,0
2025,7,2025-07,BENTIA ENERGY S.A.,449.463548387097
2025,7,2025-07,CAPETROL ARGENTINA S.A.,0
2025,7,2025-07,CAPETROL S.A.,0
2025,7,2025-07,CAPEX S.A.,2091.32290322581
2025,7,2025-07,CGC ENERGIA SAU,2703.31870967742
2025,7,2025-07,CHEVRON ARGENTINA S.R.L.,2431.2864516129
2025,7,2025-07,COLHUE HUAPI S.A.,57.0645161290323
2025,7,2025-07,COMPAÑÍA GENERAL DE COMBUSTIBLES S.A.,238.860322580645
2025,7,2025-07,COMPAÑÍAS ASOCIADAS PETROLERAS S.A.,1753.75516129032
2025,7,2025-07,COPESA CIA CONSTRUCTORA PETROLERA SA,0
2025,7,2025-07,CROWN POINT ENERGIA S.A.,462.656774193548
2025,7,2025-07,E.M.E.S.A,24.62
2025,7,2025-07,ENERGICON S.A.,0
2025,7,2025-07,FOMICRUZ S.E.,12.9483870967742
2025,7,2025-07,G Y G OIL SERVICE SRL,6.93903225806452
2025,7,2025-07,HATTRICK ENERGY SAS,109.17
2025,7,2025-07,HIGH LUCK GROUP LTD. - SUCURSAL ARGENTINA,19.4850374467742
2025,7,2025-07,INGENIERIA ALPA S.A.,48.2167741935484
2025,7,2025-07,INGENIERIA SIMA S.A.,0
2025,7,2025-07,INTEROIL ARGENTINA S A,15.1492236774194
2025,7,2025-07,JUJUY HIDROCARBUROS SAU,27.1533548387097
2025,7,2025-07,KILWER S.A.,2315.47951612903
2025,7,2025-07,MADALENA ENERGY ARGENTINA SRL ,40.0103225806452
2025,7,2025-07,MEDANITO S.A.,14.7054193548387
2025,7,2025-07,OILSTONE ENERGIA S.A.,277.126368419355
2025,7,2025-07,PAMPA ENERGIA S.A.,1963.30387096774
2025,7,2025-07,PAMPETROL S.A.P.E.M,31.7483870967742
2025,7,2025-07,PAN AMERICAN ENERGY SL,16904.3374193548
2025,7,2025-07,PATAGONIA ENERGY S.A.,58.6197419354839
2025,7,2025-07,PATAGONIA RESOURCES S.A. ,2.33535483870968
2025,7,2025-07,PECOM SERVICIOS ENERGIA SAU,1335.87387096774
2025,7,2025-07,PETROFARO S.A.,1
2025,7,2025-07,PETROLEOS SUDAMERICANOS S.A.,2287.27577419355
2025,7,2025-07,Petrolera Aconcagua Energia S.A.,1220.47574193548
2025,7,2025-07,PETROLERA DEL COMAHUE S.A.,0
2025,7,2025-07,PETROLERA EL TREBOL S.A.,497.402
2025,7,2025-07,PETROLERA PAMPA S.A. ,0
2025,7,2025-07,PETROLERA SAN MIGUEL S.A.,0
2025,7,2025-07,PETROLERA SANTA MARIA SAU,350.468709677419
2025,7,2025-07,PETROLSUR ENERGIA S.A. ,0.32
2025,7,2025-07,PETROMINERA CHUBUT S.E.,0
2025,7,2025-07,PETROQUIMICA COMODORO RIVADAVIA S.A.,1409.25258064516
2025,7,2025-07,Pilgrim Energy S.A.,25.6532258064516
2025,7,2025-07,PLUSPETROL CUENCA NEUQUINA S.R.L.,2087.35290322581
2025,7,2025-07,PLUSPETROL S.A.,7113.78522580645
2025,7,2025-07,PRESIDENT PETROLEUM S.A.,138.776838709677
2025,7,2025-07,QUINTANA E&P ARGENTINA S.R.L.,590.260321363016
2025,7,2025-07,RECURSOS Y ENERGIA FORMOSA S.A.,85.0087096774194
2025,7,2025-07,ROCH S.A.,103.827612903226
2025,7,2025-07,SAN JORGE PETROLEUM S.A.,0
2025,7,2025-07,SELVA MARIA OIL S.A.,0
2025,7,2025-07,SHELL ARGENTINA S.A.,5294.66290322581
2025,7,2025-07,TECPETROL S.A.,3359.08467741935
2025,7,2025-07,TOTAL AUSTRAL S.A.,1934.34009677419
2025,7,2025-07,VENOIL S.A.,245.664193548387
2025,7,2025-07,VISTA ENERGY ARGENTINA SAU,10306.644516129
2025,7,2025-07,YPF S.A.,57594.3741935484
2025,8,2025-08,ALIANZA PETROLERA ARGENTINA S.A.,0.393548387096774
2025,8,2025-08,ARGENTA ENERGIA S.A.,0
2025,8,2025-08,BENTIA ENERGY S.A.,482.396129032258
2025,8,2025-08,CAPETROL ARGENTINA S.A.,0
2025,8,2025-08,CAPETROL S.A.,0
2025,8,2025-08,CAPEX S.A.,1921.01193548387
2025,8,2025-08,CGC ENERGIA SAU,2672.15096774194
2025,8,2025-08,CHEVRON ARGENTINA S.R.L.,2788.34258064516
2025,8,2025-08,COLHUE HUAPI S.A.,57.5806451612903
2025,8,2025-08,COMPAÑÍA GENERAL DE COMBUSTIBLES S.A.,235.020967741935
2025,8,2025-08,COMPAÑÍAS ASOCIADAS PETROLERAS S.A.,1736.39161290323
2025,8,2025-08,COPESA CIA CONSTRUCTORA PETROLERA SA,0
2025,8,2025-08,CROWN POINT ENERGIA S.A.,469.12
2025,8,2025-08,E.M.E.S.A,27.8870967741935
2025,8,2025-08,ENERGICON S.A.,0
2025,8,2025-08,FLXS OGE S.A ,41.4174193548387
2025,8,2025-08,FOMICRUZ S.E.,11.4161290322581
2025,8,2025-08,G Y G OIL SERVICE SRL,5.91
2025,8,2025-08,HATTRICK ENERGY SAS,105.303870967742
2025,8,2025-08,HIGH LUCK GROUP LTD. - SUCURSAL ARGENTINA,18.8378376
2025,8,2025-08,INGENIERIA ALPA S.A.,48.1674193548387
2025,8,2025-08,INGENIERIA SIMA S.A.,0
2025,8,2025-08,INTEROIL ARGENTINA S A,20.3800012419355
2025,8,2025-08,JUJUY HIDROCARBUROS SAU,26.8382903225806
2025,8,2025-08,KILWER S.A.,2145.19590322581
2025,8,2025-08,MADALENA ENERGY ARGENTINA SRL ,33.4738709677419
2025,8,2025-08,MEDANITO S.A.,15.3230322580645
2025,8,2025-08,OILSTONE ENERGIA S.A.,286.330631387097
2025,8,2025-08,PAMPA ENERGIA S.A.,2470.5964516129
2025,8,2025-08,PAMPETROL S.A.P.E.M,36.0858064516129
2025,8,2025-08,PAN AMERICAN ENERGY SL,16958.4083870968
2025,8,2025-08,PATAGONIA ENERGY S.A.,55.4621612903226
2025,8,2025-08,PATAGONIA RESOURCES S.A. ,1.77629032258065
2025,8,2025-08,PECOM SERVICIOS ENERGIA SAU,1369.67612903226
2025,8,2025-08,PETROFARO S.A.,1
2025,8,2025-08,PETROLEOS SUDAMERICANOS S.A.,2259.35119354839
2025,8,2025-08,Petrolera Aconcagua Energia S.A.,1213.15406451613
2025,8,2025-08,PETROLERA DEL COMAHUE S.A.,0
2025,8,2025-08,PETROLERA EL TREBOL S.A.,465.228774193548
2025,8,2025-08,PETROLERA PAMPA S.A. ,0
2025,8,2025-08,PETROLERA SAN MIGUEL S.A.,0
2025,8,2025-08,PETROLERA SANTA MARIA SAU,341.695806451613
2025,8,2025-08,PETROLSUR ENERGIA S.A. ,0.966774193548387
2025,8,2025-08,PETROMINERA CHUBUT S.E.,0
2025,8,2025-08,PETROQUIMICA COMODORO RIVADAVIA S.A.,1386.84548387097
2025,8,2025-08,Pilgrim Energy S.A.,25.615264516129
2025,8,2025-08,PLUSPETROL CUENCA NEUQUINA S.R.L.,2111.58193548387
2025,8,2025-08,PLUSPETROL S.A.,7648.02603225806
2025,8,2025-08,QUINTANA E&P ARGENTINA S.R.L.,347.80035483871
2025,8,2025-08,RECURSOS Y ENERGIA FORMOSA S.A.,80.0706451612903
2025,8,2025-08,ROCH S.A.,107.187193548387
2025,8,2025-08,SAN JORGE PETROLEUM S.A.,0
2025,8,2025-08,SELVA MARIA OIL S.A.,0
2025,8,2025-08,SHELL ARGENTINA S.A.,4730.33935483871
2025,8,2025-08,TECPETROL S.A.,3530.42535483871
2025,8,2025-08,TOTAL AUSTRAL S.A.,2039.85329032258
2025,8,2025-08,VENOIL S.A.,241.488064516129
2025,8,2025-08,VISTA ENERGY ARGENTINA SAU,10537.8932258065
2025,8,2025-08,YPF S.A.,58826.9380645161
2025,9,2025-09,ALIANZA PETROLERA ARGENTINA S.A.,0.38
2025,9,2025-09,ARGENTA ENERGIA S.A.,0
2025,9,2025-09,BENTIA ENERGY S.A.,452.042
2025,9,2025-09,CAPETROL ARGENTINA S.A.,0
2025,9,2025-09,CAPETROL S.A.,0
2025,9,2025-09,CAPEX S.A.,1821.76633333333
2025,9,2025-09,CGC ENERGIA SAU,2695.938
2025,9,2025-09,CHEVRON ARGENTINA S.R.L.,3014.08166666667
2025,9,2025-09,COLHUE HUAPI S.A.,59.5
2025,9,2025-09,COMPAÑÍA GENERAL DE COMBUSTIBLES S.A.,246.221333333333
2025,9,2025-09,COMPAÑÍAS ASOCIADAS PETROLERAS S.A.,1698.84466666667
2025,9,2025-09,COPESA CIA CONSTRUCTORA PETROLERA SA,0
2025,9,2025-09,CROWN POINT ENERGIA S.A.,453.481
2025,9,2025-09,EDHIPSA,78.7026666666667
2025,9,2025-09,E.M.E.S.A,27.948
2025,9,2025-09,ENERGICON S.A.,0
2025,9,2025-09,FLXS OGE S.A ,43.961
2025,9,2025-09,FOMICRUZ S.E.,13.48
2025,9,2025-09,G Y G OIL SERVICE SRL,4.762
2025,9,2025-09,HATTRICK ENERGY SAS,147.301333333333
2025,9,2025-09,HIGH LUCK GROUP LTD. - SUCURSAL ARGENTINA,18.2303351194443
2025,9,2025-09,INGENIERIA ALPA S.A.,50.3263333333333
2025,9,2025-09,INGENIERIA SIMA S.A.,0
2025,9,2025-09,INTEROIL ARGENTINA S A,15.43633205
2025,9,2025-09,JUJUY HIDROCARBUROS SAU,27.2441666666667
2025,9,2025-09,KILWER S.A.,2047.3122
2025,9,2025-09,MADALENA ENERGY ARGENTINA SRL ,33.005
2025,9,2025-09,MEDANITO S.A.,15.0687333333333
2025,9,2025-09,OILSTONE ENERGIA S.A.,224.666735866667
2025,9,2025-09,PAMPA ENERGIA S.A.,2546.188
2025,9,2025-09,PAMPETROL S.A.P.E.M,40.3073333333333
2025,9,2025-09,PAN AMERICAN ENERGY SL,17198.9509333333
2025,9,2025-09,PATAGONIA ENERGY S.A.,56.6512666666667
2025,9,2025-09,PATAGONIA RESOURCES S.A. ,2.85
2025,9,2025-09,PECOM SERVICIOS ENERGIA SAU,1367.949
2025,9,2025-09,PETROFARO S.A.,1
2025,9,2025-09,PETROLEOS SUDAMERICANOS S.A.,2255.90763333333
2025,9,2025-09,Petrolera Aconcagua Energia S.A.,1242.16423333333
2025,9,2025-09,PETROLERA DEL COMAHUE S.A.,0
2025,9,2025-09,PETROLERA EL TREBOL S.A.,454.2767
2025,9,2025-09,PETROLERA PAMPA S.A. ,0
2025,9,2025-09,PETROLERA SAN MIGUEL S.A.,0
2025,9,2025-09,PETROLERA SANTA MARIA SAU,342.236
2025,9,2025-09,PETROLSUR ENERGIA S.A. ,0.231666666666667
2025,9,2025-09,PETROMINERA CHUBUT S.E.,0
2025,9,2025-09,PETROQUIMICA COMODORO RIVADAVIA S.A.,1373.054
2025,9,2025-09,Pilgrim Energy S.A.,27.036
2025,9,2025-09,PLUSPETROL CUENCA NEUQUINA S.R.L.,2001.27666666667
2025,9,2025-09,PLUSPETROL S.A.,7474.01446666667
2025,9,2025-09,QUINTANA E&P ARGENTINA S.R.L.,337.779272718892
2025,9,2025-09,RECURSOS Y ENERGIA FORMOSA S.A.,80.8366666666667
2025,9,2025-09,ROCH S.A.,100.315033333333
2025,9,2025-09,SAN JORGE PETROLEUM S.A.,0
2025,9,2025-09,SELVA MARIA OIL S.A.,0
2025,9,2025-09,SHELL ARGENTINA S.A.,4661.57566666667
2025,9,2025-09,TECPETROL S.A.,3283.99146666667
2025,9,2025-09,TOTAL AUSTRAL S.A.,1802.99723333333
2025,9,2025-09,VENOIL S.A.,264.653333333333
2025,9,2025-09,VISTA ENERGY ARGENTINA SAU,12310.4333333333
2025,9,2025-09,YPF S.A.,60237.922
2025,10,2025-10,ALIANZA PETROLERA ARGENTINA S.A.,0.361290322580645
2025,10,2025-10,ARGENTA ENERGIA S.A.,0
2025,10,2025-10,BENTIA ENERGY S.A.,425.912903225806
2025,10,2025-10,CAPETROL ARGENTINA S.A.,0
2025,10,2025-10,CAPETROL S.A.,0
2025,10,2025-10,CAPEX S.A.,1720.80774193548
2025,10,2025-10,CGC ENERGIA SAU,2636.11322580645
2025,10,2025-10,CHEVRON ARGENTINA S.R.L.,3561.90129032258
2025,10,2025-10,COLHUE HUAPI S.A.,55.4838709677419
2025,10,2025-10,COMPAÑÍA GENERAL DE COMBUSTIBLES S.A.,234.965483870968
2025,10,2025-10,COMPAÑÍAS ASOCIADAS PETROLERAS S.A.,1722.37
2025,10,2025-10,COPESA CIA CONSTRUCTORA PETROLERA SA,0
2025,10,2025-10,CROWN POINT ENERGIA S.A.,441.651290322581
2025,10,2025-10,EDHIPSA,77.1035483870968
2025,10,2025-10,E.M.E.S.A,25.368064516129
2025,10,2025-10,ENERGICON S.A.,0
2025,10,2025-10,FLXS OGE S.A ,37.0745161290323
2025,10,2025-10,FOMICRUZ S.E.,13.3290322580645
2025,10,2025-10,G Y G OIL SERVICE SRL,9.40903225806452
2025,10,2025-10,HATTRICK ENERGY SAS,191.688903225806
2025,10,2025-10,HIGH LUCK GROUP LTD. - SUCURSAL ARGENTINA,18.3271290322581
2025,10,2025-10,INGENIERIA ALPA S.A.,50.3641935483871
2025,10,2025-10,INGENIERIA SIMA S.A.,0
2025,10,2025-10,INTEROIL ARGENTINA S A,16.6552576387097
2025,10,2025-10,JUJUY HIDROCARBUROS SAU,28.3176129032258
2025,10,2025-10,KILWER S.A.,1853.04977419355
2025,10,2025-10,MADALENA ENERGY ARGENTINA SRL ,29.651935483871
2025,10,2025-10,MEDANITO S.A.,14.6687741935484
2025,10,2025-10,OILSTONE ENERGIA S.A.,264.338215064516
2025,10,2025-10,PAMPA ENERGIA S.A.,2515.98548387097
2025,10,2025-10,PAMPETROL S.A.P.E.M,40.3683870967742
2025,10,2025-10,PAN AMERICAN ENERGY SL,17688.1390322581
2025,10,2025-10,PATAGONIA ENERGY S.A.,54.7705483870968
2025,10,2025-10,PATAGONIA RESOURCES S.A. ,3.10096774193548
2025,10,2025-10,PECOM SERVICIOS ENERGIA SAU,1289.27677419355
2025,10,2025-10,PETROFARO S.A.,1
2025,10,2025-10,PETROLEOS SUDAMERICANOS S.A.,2253.14177419355
2025,10,2025-10,Petrolera Aconcagua Energia S.A.,1200.47474193548
2025,10,2025-10,PETROLERA DEL COMAHUE S.A.,0
2025,10,2025-10,PETROLERA EL TREBOL S.A.,436.191483870968
2025,10,2025-10,PETROLERA PAMPA S.A. ,0
2025,10,2025-10,PETROLERA SAN MIGUEL S.A.,0
2025,10,2025-10,PETROLERA SANTA MARIA SAU,324.936129032258
2025,10,2025-10,PETROLSUR ENERGIA S.A. ,0.403225806451613
2025,10,2025-10,PETROQUIMICA COMODORO RIVADAVIA S.A.,1407.19129032258
2025,10,2025-10,Pilgrim Energy S.A.,36.8863387096774
2025,10,2025-10,PLUSPETROL CUENCA NEUQUINA S.R.L.,2289.55096774194
2025,10,2025-10,PLUSPETROL S.A.,6722.26719354839
2025,10,2025-10,QUINTANA E&P ARGENTINA S.R.L.,336.972561921808
2025,10,2025-10,RECURSOS Y ENERGIA FORMOSA S.A.,80.3609677419355
2025,10,2025-10,ROCH S.A.,90.7807419354839
2025,10,2025-10,SAN JORGE PETROLEUM S.A.,0
2025,10,2025-10,SELVA MARIA OIL S.A.,0
2025,10,2025-10,SHELL ARGENTINA S.A.,5507.98903225806
2025,10,2025-10,TECPETROL S.A.,3256.0245483871
2025,10,2025-10,TOTAL AUSTRAL S.A.,930.30464516129
2025,10,2025-10,VACA MUERTA INVERSIONES SAU,755.47
2025,10,2025-10,VENOIL S.A.,264.461935483871
2025,10,2025-10,VISTA ENERGY ARGENTINA SAU,12469.3722580645
2025,10,2025-10,YPF S.A.,61980.0390322581
2025,11,2025-11,ALIANZA PETROLERA ARGENTINA S.A.,0.396666666666667
2025,11,2025-11,ARGENTA ENERGIA S.A.,0
2025,11,2025-11,BENTIA ENERGY S.A.,447.646
2025,11,2025-11,CAPETROL ARGENTINA S.A.,0
2025,11,2025-11,CAPETROL S.A.,0
2025,11,2025-11,CAPEX S.A.,1643.25766666667
2025,11,2025-11,CGC ENERGIA SAU,2596.288
2025,11,2025-11,CHEVRON ARGENTINA S.R.L.,3341.99166666667
2025,11,2025-11,COLHUE HUAPI S.A.,52.0666666666667
2025,11,2025-11,COMPAÑÍA GENERAL DE COMBUSTIBLES S.A.,222.754666666667
2025,11,2025-11,COMPAÑÍAS ASOCIADAS PETROLERAS S.A.,1752.22533333333
2025,11,2025-11,COPESA CIA CONSTRUCTORA PETROLERA SA,0
2025,11,2025-11,CROWN POINT ENERGIA S.A.,402.965333333333
2025,11,2025-11,EDHIPSA,84.2257031333333
2025,11,2025-11,E.M.E.S.A,25.1076666666667
2025,11,2025-11,ENERGICON S.A.,0
2025,11,2025-11,FLXS OGE S.A ,31.3206666666667
2025,11,2025-11,FOMICRUZ S.E.,12.0266666666667
2025,11,2025-11,GEOPARK ARGENTINA LTD. (SUCURSAL ARGENTINA),217.196
2025,11,2025-11,G Y G OIL SERVICE SRL,8.927
2025,11,2025-11,HATTRICK ENERGY SAS,192.343156666667
2025,11,2025-11,HIGH LUCK GROUP LTD. - SUCURSAL ARGENTINA,17.7026
2025,11,2025-11,INGENIERIA ALPA S.A.,49.1203333333333
2025,11,2025-11,INGENIERIA SIMA S.A.,0
2025,11,2025-11,INTEROIL ARGENTINA S A,21.45090043
2025,11,2025-11,JUJUY HIDROCARBUROS SAU,28.5488
2025,11,2025-11,KILWER S.A.,1624.4748
2025,11,2025-11,MADALENA ENERGY ARGENTINA SRL ,28.4433333333333
2025,11,2025-11,MEDANITO S.A.,13.7578
2025,11,2025-11,OILSTONE ENERGIA S.A.,269.318919866667
2025,11,2025-11,PAMPA ENERGIA S.A.,2714.13466666667
2025,11,2025-11,PAMPETROL S.A.P.E.M,42.2696666666667
2025,11,2025-11,PAN AMERICAN ENERGY SL,16829.923
2025,11,2025-11,PATAGONIA ENERGY S.A.,57.9013
2025,11,2025-11,PATAGONIA RESOURCES S.A. ,4.17466666666667
2025,11,2025-11,PECOM SERVICIOS ENERGIA SAU,1268.07033333333
2025,11,2025-11,PETROFARO S.A.,1
2025,11,2025-11,PETROLEOS SUDAMERICANOS S.A.,2238.00946666667
2025,11,2025-11,Petrolera Aconcagua Energia S.A.,1129.7372
2025,11,2025-11,PETROLERA DEL COMAHUE S.A.,0
2025,11,2025-11,PETROLERA EL TREBOL S.A.,1057.36933333333
2025,11,2025-11,PETROLERA PAMPA S.A. ,0
2025,11,2025-11,PETROLERA SAN MIGUEL S.A.,0
2025,11,2025-11,PETROLERA SANTA MARIA SAU,352.407333333333
2025,11,2025-11,PETROLSUR ENERGIA S.A. ,0.675333333333333
2025,11,2025-11,PETROQUIMICA COMODORO RIVADAVIA S.A.,1401.565
2025,11,2025-11,Pilgrim Energy S.A.,40.4908533333333
2025,11,2025-11,PLUSPETROL CUENCA NEUQUINA S.R.L.,2717.88033333333
2025,11,2025-11,PLUSPETROL S.A.,6292.20653333333
2025,11,2025-11,QUINTANA E&P ARGENTINA S.R.L.,308.49551329524
2025,11,2025-11,RECURSOS Y ENERGIA FORMOSA S.A.,74.57
2025,11,2025-11,ROCH S.A.,105.222066666667
2025,11,2025-11,SAN JORGE PETROLEUM S.A.,0
2025,11,2025-11,SELVA MARIA OIL S.A.,0
2025,11,2025-11,SHELL ARGENTINA S.A.,5537.55133333333
2025,11,2025-11,TECPETROL S.A.,3028.31176666667
2025,11,2025-11,TOTAL AUSTRAL S.A.,980.734633333333
2025,11,2025-11,VACA MUERTA INVERSIONES SAU,751.185666666667
2025,11,2025-11,VENOIL S.A.,280.124666666667
2025,11,2025-11,VISTA ENERGY ARGENTINA SAU,11479.389
2025,11,2025-11,YPF S.A.,63184.8046666667
2025,12,2025-12,ALIANZA PETROLERA ARGENTINA S.A.,0.390322580645161
2025,12,2025-12,ARGENTA ENERGIA S.A.,0
2025,12,2025-12,AZRUGE S.A.,13.5770967741935
2025,12,2025-12,BENTIA ENERGY S.A.,473.304838709677
2025,12,2025-12,BREST S.A. DE SERVICIOS PETROLEROS,246.467096774194
2025,12,2025-12,CAPETROL ARGENTINA S.A.,0
2025,12,2025-12,CAPETROL S.A.,0
2025,12,2025-12,CAPEX S.A.,1635.9264516129
2025,12,2025-12,CGC ENERGIA SAU,2627.61129032258
2025,12,2025-12,CHEVRON ARGENTINA S.R.L.,3397.0164516129
2025,12,2025-12,Clear Petroleum S.A.,1344.53612903226
2025,12,2025-12,COLHUE HUAPI S.A.,56.8151612903226
2025,12,2025-12,COMPAÑÍA GENERAL DE COMBUSTIBLES S.A.,220.303548387097
2025,12,2025-12,COMPAÑÍAS ASOCIADAS PETROLERAS S.A.,1772.88258064516
2025,12,2025-12,COPESA CIA CONSTRUCTORA PETROLERA SA,0
2025,12,2025-12,CROWN POINT ENERGIA S.A.,1136.87738709677
2025,12,2025-12,EDHIPSA,84.0912903225806
2025,12,2025-12,E.M.E.S.A,30.4512903225806
2025,12,2025-12,ENERGICON S.A.,0
2025,12,2025-12,FLXS OGE S.A ,33.041935483871
2025,12,2025-12,FOMICRUZ S.E.,12.0290322580645
2025,12,2025-12,GEOPARK ARGENTINA LTD. (SUCURSAL ARGENTINA),232.029032258065
2025,12,2025-12,GEOPETROL DRILLING S.A.,3.3
2025,12,2025-12,G Y G OIL SERVICE SRL,5.62161290322581
2025,12,2025-12,HATTRICK ENERGY SAS,184.497667741935
2025,12,2025-12,HIGH LUCK GROUP LTD. - SUCURSAL ARGENTINA,17.2604196354839
2025,12,2025-12,INGENIERIA ALPA S.A.,44.6577419354839
2025,12,2025-12,INGENIERIA SIMA S.A.,0
2025,12,2025-12,INTEROIL ARGENTINA S A,16.5723236774194
2025,12,2025-12,JUJUY HIDROCARBUROS SAU,27.8845161290323
2025,12,2025-12,MADALENA ENERGY ARGENTINA SRL ,26.6677419354839
2025,12,2025-12,MEDANITO S.A.,13.0208387096774
2025,12,2025-12,OILSTONE ENERGIA S.A.,251.928166741935
2025,12,2025-12,PAMPA ENERGIA S.A.,2961.76225806452
2025,12,2025-12,PAMPETROL S.A.P.E.M,39.7474193548387
2025,12,2025-12,PAN AMERICAN ENERGY SL,16814.8083870968
2025,12,2025-12,PATAGONIA ENERGY S.A.,43.6933870967742
2025,12,2025-12,PATAGONIA RESOURCES S.A. ,1170.98712903226
2025,12,2025-12,PECOM SERVICIOS ENERGIA SAU,1337.63225806452
2025,12,2025-12,PETROFARO S.A.,1
2025,12,2025-12,PETROLEOS SUDAMERICANOS S.A.,2198.03996774194
2025,12,2025-12,Petrolera Aconcagua Energia S.A.,1215.5134516129
2025,12,2025-12,PETROLERA DEL COMAHUE S.A.,0
2025,12,2025-12,PETROLERA EL TREBOL S.A.,2703.53180645161
2025,12,2025-12,PETROLERA PAMPA S.A. ,0
2025,12,2025-12,PETROLERA SAN MIGUEL S.A.,0
2025,12,2025-12,PETROLERA SANTA MARIA SAU,350.068387096774
2025,12,2025-12,PETROLSUR ENERGIA S.A. ,0.933548387096774
2025,12,2025-12,PETROQUIMICA COMODORO RIVADAVIA S.A.,1387.20612903226
2025,12,2025-12,Pilgrim Energy S.A.,35.6677419354839
2025,12,2025-12,PLUSPETROL CUENCA NEUQUINA S.R.L.,3630.90419354839
2025,12,2025-12,PLUSPETROL S.A.,6314.63222580645
2025,12,2025-12,QUINTANA E&P ARGENTINA S.R.L.,1264.4511444351
2025,12,2025-12,RECURSOS Y ENERGIA FORMOSA S.A.,74.8612903225806
2025,12,2025-12,ROCH S.A.,1032.64525806452
2025,12,2025-12,SAN JORGE PETROLEUM S.A.,0
2025,12,2025-12,SELVA MARIA OIL S.A.,0
2025,12,2025-12,SHELL ARGENTINA S.A.,5370.08806451613
2025,12,2025-12,TECPETROL S.A.,2104.5514516129
2025,12,2025-12,TOTAL AUSTRAL S.A.,1050.56038709677
2025,12,2025-12,VACA MUERTA INVERSIONES SAU,780.703225806452
2025,12,2025-12,VENOIL S.A.,257.025806451613
2025,12,2025-12,VISTA ENERGY ARGENTINA SAU,11073.4538709677
2025,12,2025-12,YPF S.A.,61114.295483871
2026,1,2026-01,ALIANZA PETROLERA ARGENTINA S.A.,0.438709677419355
2026,1,2026-01,ARGENTA ENERGIA S.A.,0
2026,1,2026-01,AZRUGE S.A.,13.218064516129
2026,1,2026-01,BENTIA ENERGY S.A.,478.101612903226
2026,1,2026-01,BREST S.A. DE SERVICIOS PETROLEROS,271.108387096774
2026,1,2026-01,CAPETROL ARGENTINA S.A.,0
2026,1,2026-01,CAPETROL S.A.,0
2026,1,2026-01,CAPEX S.A.,1585.25677419355
2026,1,2026-01,CGC ENERGIA SAU,2599.48838709677
2026,1,2026-01,CHEVRON ARGENTINA S.R.L.,3409.66548387097
2026,1,2026-01,Clear Petroleum S.A.,1340.46451612903
2026,1,2026-01,COLHUE HUAPI S.A.,54.5806451612903
2026,1,2026-01,COMPAÑÍA GENERAL DE COMBUSTIBLES S.A.,215.134838709677
2026,1,2026-01,COMPAÑÍAS ASOCIADAS PETROLERAS S.A.,1714.88258064516
2026,1,2026-01,COPESA CIA CONSTRUCTORA PETROLERA SA,0
2026,1,2026-01,CROWN POINT ENERGIA S.A.,1106.51270967742
2026,1,2026-01,EDHIPSA,83.1361290322581
2026,1,2026-01,E.M.E.S.A,29.9761290322581
2026,1,2026-01,ENERGICON S.A.,0
2026,1,2026-01,FLXS OGE S.A ,31.7945161290323
2026,1,2026-01,FOMICRUZ S.E.,12.3612903225806
2026,1,2026-01,GEOPARK ARGENTINA LTD. (SUCURSAL ARGENTINA),168.177741935484
2026,1,2026-01,GEOPETROL DRILLING S.A.,3.26270967741935
2026,1,2026-01,G Y G OIL SERVICE SRL,6.5141935483871
2026,1,2026-01,HATTRICK ENERGY SAS,173.116548387097
2026,1,2026-01,HIGH LUCK GROUP LTD. - SUCURSAL ARGENTINA,16.7443698
2026,1,2026-01,INGENIERIA ALPA S.A.,38.4838709677419
2026,1,2026-01,INGENIERIA SIMA S.A.,0
2026,1,2026-01,INTEROIL ARGENTINA S A,16.5522913903226
2026,1,2026-01,JUJUY HIDROCARBUROS SAU,27.3391935483871
2026,1,2026-01,MADALENA ENERGY ARGENTINA SRL ,35.6225806451613
2026,1,2026-01,MEDANITO S.A.,12.4645161290323
2026,1,2026-01,OILSTONE ENERGIA S.A.,235.877013548387
2026,1,2026-01,PAMPA ENERGIA S.A.,2872.13967741935
2026,1,2026-01,PAMPETROL S.A.P.E.M,40.6696774193548
2026,1,2026-01,PAN AMERICAN ENERGY SL,16545.1603225806
2026,1,2026-01,PATAGONIA ENERGY S.A.,30.7270967741935
2026,1,2026-01,PATAGONIA RESOURCES S.A. ,1167.54548387097
2026,1,2026-01,PECOM SERVICIOS ENERGIA SAU,1312.08451612903
2026,1,2026-01,PETROFARO S.A.,1
2026,1,2026-01,PETROLEOS SUDAMERICANOS S.A.,2126.32622580645
2026,1,2026-01,Petrolera Aconcagua Energia S.A.,1178.26180645161
2026,1,2026-01,PETROLERA DEL COMAHUE S.A.,0
2026,1,2026-01,PETROLERA EL TREBOL S.A.,3138.62787096774
2026,1,2026-01,PETROLERA PAMPA S.A. ,0
2026,1,2026-01,PETROLERA SAN MIGUEL S.A.,0
2026,1,2026-01,PETROLERA SANTA MARIA SAU,358.992580645161
2026,1,2026-01,PETROLSUR ENERGIA S.A. ,0.711612903225806
2026,1,2026-01,PETROQUIMICA COMODORO RIVADAVIA S.A.,1357.70451612903
2026,1,2026-01,Pilgrim Energy S.A.,38.3651612903226
2026,1,2026-01,PLUSPETROL CUENCA NEUQUINA S.R.L.,3900.28838709677
2026,1,2026-01,PLUSPETROL S.A.,6755.00980645161
2026,1,2026-01,QUINTANA E&P ARGENTINA S.R.L.,1279.65229032258
2026,1,2026-01,RECURSOS Y ENERGIA FORMOSA S.A.,72.4141935483871
2026,1,2026-01,ROCH S.A.,1009.38822580645
2026,1,2026-01,SAN JORGE PETROLEUM S.A.,0
2026,1,2026-01,SELVA MARIA OIL S.A.,0
2026,1,2026-01,SHELL ARGENTINA S.A.,5823.06064516129
2026,1,2026-01,TECPETROL S.A.,2367.63283870968
2026,1,2026-01,TOTAL AUSTRAL S.A.,1006.66477419355
2026,1,2026-01,VACA MUERTA INVERSIONES SAU,769.442903225806
2026,1,2026-01,VENOIL S.A.,269.542903225806
2026,1,2026-01,VISTA ENERGY ARGENTINA SAU,10608.6670967742
2026,1,2026-01,YPF S.A.,61380.8516129032
2026,2,2026-02,ALIANZA PETROLERA ARGENTINA S.A.,0.442857142857143
2026,2,2026-02,ARGENTA ENERGIA S.A.,0
2026,2,2026-02,AZRUGE S.A.,16.6217857142857
2026,2,2026-02,BENTIA ENERGY S.A.,552.951071428571
2026,2,2026-02,BREST S.A. DE SERVICIOS PETROLEROS,211.618571428571
2026,2,2026-02,CAPETROL ARGENTINA S.A.,0
2026,2,2026-02,CAPETROL S.A.,0
2026,2,2026-02,CAPEX S.A.,1556.99464285714
2026,2,2026-02,CGC ENERGIA SAU,2616.79
2026,2,2026-02,CHEVRON ARGENTINA S.R.L.,3491.495
2026,2,2026-02,Clear Petroleum S.A.,1311.58142857143
2026,2,2026-02,COLHUE HUAPI S.A.,53.1071428571429
2026,2,2026-02,COMPAÑÍA GENERAL DE COMBUSTIBLES S.A.,224.218214285714
2026,2,2026-02,COMPAÑÍAS ASOCIADAS PETROLERAS S.A.,1736.66321428571
2026,2,2026-02,CONTINENTAL RESOURCES ARGENTINA SAU.,0
2026,2,2026-02,COPESA CIA CONSTRUCTORA PETROLERA SA,43.7360714285714
2026,2,2026-02,CROWN POINT ENERGIA S.A.,1106.58671428571
2026,2,2026-02,EDHIPSA,81.8217857142857
2026,2,2026-02,E.M.E.S.A,30.39
2026,2,2026-02,ENERGICON S.A.,0
2026,2,2026-02,FLXS OGE S.A ,31.3653571428571
2026,2,2026-02,FOMICRUZ S.E.,12.2678571428571
2026,2,2026-02,GEOPARK ARGENTINA S.A.,212.029071428571
2026,2,2026-02,GEOPETROL DRILLING S.A.,3.55464285714286
2026,2,2026-02,G Y G OIL SERVICE SRL,5.94678571428571
2026,2,2026-02,HATTRICK ENERGY SAS,160.015357142857
2026,2,2026-02,HIGH LUCK GROUP LTD. - SUCURSAL ARGENTINA,16.5712704321429
2026,2,2026-02,INGENIERIA ALPA S.A.,43.1582142857143
2026,2,2026-02,INGENIERIA SIMA S.A.,0
2026,2,2026-02,INTEROIL ARGENTINA S A,12.8782156921429
2026,2,2026-02,JUJUY HIDROCARBUROS SAU,27.1763571428571
2026,2,2026-02,MADALENA ENERGY ARGENTINA SRL ,39.6395357142857
2026,2,2026-02,MEDANITO S.A.,11.2652142857143
2026,2,2026-02,OILSTONE ENERGIA S.A.,147.072344571429
2026,2,2026-02,PAMPA ENERGIA S.A.,2537.66142857143
2026,2,2026-02,PAMPETROL S.A.P.E.M,43.2585714285714
2026,2,2026-02,PAN AMERICAN ENERGY SL,16305.2935714286
2026,2,2026-02,PATAGONIA ENERGY S.A.,26.8157142857143
2026,2,2026-02,PATAGONIA RESOURCES S.A. ,1146.89321428571
2026,2,2026-02,PECOM SERVICIOS ENERGIA SAU,1319.91214285714
2026,2,2026-02,PETROFARO S.A.,1
2026,2,2026-02,PETROLEOS SUDAMERICANOS S.A.,2135.42035714286
2026,2,2026-02,Petrolera Aconcagua Energia S.A.,1105.31260714286
2026,2,2026-02,PETROLERA DEL COMAHUE S.A.,0
2026,2,2026-02,PETROLERA EL TREBOL S.A.,3344.23514285714
2026,2,2026-02,PETROLERA PAMPA S.A. ,0
2026,2,2026-02,PETROLERA SAN MIGUEL S.A.,0
2026,2,2026-02,PETROLERA SANTA MARIA SAU,338.682142857143
2026,2,2026-02,PETROLSUR ENERGIA S.A. ,0.872857142857143
2026,2,2026-02,PETROQUIMICA COMODORO RIVADAVIA S.A.,1303.95
2026,2,2026-02,Pilgrim Energy S.A.,38.2557142857143
2026,2,2026-02,PLUSPETROL CUENCA NEUQUINA S.R.L.,3878.88714285714
2026,2,2026-02,PLUSPETROL S.A.,6681.82892857143
2026,2,2026-02,QUINTANA E&P ARGENTINA S.R.L.,1303.21921180402
2026,2,2026-02,RECURSOS Y ENERGIA FORMOSA S.A.,71.8253571428571
2026,2,2026-02,ROCH S.A.,1024.94057142857
2026,2,2026-02,SAN JORGE PETROLEUM S.A.,0
2026,2,2026-02,SELVA MARIA OIL S.A.,0
2026,2,2026-02,SHELL ARGENTINA S.A.,5485.17892857143
2026,2,2026-02,TECPETROL S.A.,2905.03021428571
2026,2,2026-02,TOTAL AUSTRAL S.A.,1128.87064285714
2026,2,2026-02,VACA MUERTA INVERSIONES SAU,715.463571428571
2026,2,2026-02,VENOIL S.A.,274.673214285714
2026,2,2026-02,VISTA ENERGY ARGENTINA SAU,11702.0289285714
2026,2,2026-02,YPF S.A.,58947.1932142857
2026,3,2026-03,ALIANZA PETROLERA ARGENTINA S.A.,0.45
2026,3,2026-03,ARGENTA ENERGIA S.A.,0
2026,3,2026-03,AZRUGE S.A.,17.5145161290323
2026,3,2026-03,BENTIA ENERGY S.A.,542.05
2026,3,2026-03,BREST S.A. DE SERVICIOS PETROLEROS,232.083548387097
2026,3,2026-03,CAPETROL ARGENTINA S.A.,0
2026,3,2026-03,CAPETROL S.A.,0
2026,3,2026-03,CAPEX S.A.,1555.78806451613
2026,3,2026-03,CHEVRON ARGENTINA S.R.L.,2570.62290322581
2026,3,2026-03,Clear Petroleum S.A.,1307.00274193548
2026,3,2026-03,COLHUE HUAPI S.A.,51.5806451612903
2026,3,2026-03,COMPAÑÍA GENERAL DE COMBUSTIBLES S.A.,2798.91032258065
2026,3,2026-03,COMPAÑÍAS ASOCIADAS PETROLERAS S.A.,1717.67161290323
2026,3,2026-03,CONTINENTAL RESOURCES ARGENTINA SAU.,0
2026,3,2026-03,COPESA CIA CONSTRUCTORA PETROLERA SA,36.6748387096774
2026,3,2026-03,CROWN POINT ENERGIA S.A.,1102.23348387097
2026,3,2026-03,EDHIPSA,44.0053870967742
2026,3,2026-03,E.M.E.S.A,33.8567741935484
2026,3,2026-03,ENERGICON S.A.,0
2026,3,2026-03,FLXS OGE S.A ,32.0906451612903
2026,3,2026-03,FOMICRUZ S.E.,12.3903225806452
2026,3,2026-03,GEOPARK ARGENTINA S.A.,250.339677419355
2026,3,2026-03,GEOPETROL DRILLING S.A.,3.26032258064516
2026,3,2026-03,G Y G OIL SERVICE SRL,5.68032258064516
2026,3,2026-03,HATTRICK ENERGY SAS,152.510580645161
2026,3,2026-03,HIGH LUCK GROUP LTD. - SUCURSAL ARGENTINA,16.336930233871
2026,3,2026-03,INGENIERIA ALPA S.A.,43.9341935483871
2026,3,2026-03,INGENIERIA SIMA S.A.,0
2026,3,2026-03,INTEROIL ARGENTINA S A,19.9252844990323
2026,3,2026-03,JUJUY HIDROCARBUROS SAU,27.2062903225806
2026,3,2026-03,MADALENA ENERGY ARGENTINA SRL ,41.3096774193548
2026,3,2026-03,MEDANITO S.A.,9.71012903225806
2026,3,2026-03,OILSTONE ENERGIA S.A.,208.314748225806
2026,3,2026-03,PAMPA ENERGIA S.A.,3348.65096774194
2026,3,2026-03,PAMPETROL S.A.P.E.M,40.5658064516129
2026,3,2026-03,PAN AMERICAN ENERGY SL,15370.5209677419
2026,3,2026-03,PATAGONIA ENERGY S.A.,21.4607419354839
2026,3,2026-03,PATAGONIA RESOURCES S.A. ,1155.37451612903
2026,3,2026-03,PECOM SERVICIOS ENERGIA SAU,1330.73258064516
2026,3,2026-03,PETROFARO S.A.,1
2026,3,2026-03,PETROLEOS SUDAMERICANOS S.A.,2133.80632258064
2026,3,2026-03,Petrolera Aconcagua Energia S.A.,1138.97490322581
2026,3,2026-03,PETROLERA DEL COMAHUE S.A.,0
2026,3,2026-03,PETROLERA PAMPA S.A. ,0
2026,3,2026-03,PETROLERA SAN MIGUEL S.A.,0
2026,3,2026-03,PETROLERA SANTA MARIA SAU,340.847096774194
2026,3,2026-03,PETROLSUR ENERGIA S.A. ,0.773870967741935
2026,3,2026-03,PETROQUIMICA COMODORO RIVADAVIA S.A.,1284.01903225806
2026,3,2026-03,PHOENIX GLOBAL RESOURCES S.A.,3436.50303225806
2026,3,2026-03,Pilgrim Energy S.A.,35.3713967741935
2026,3,2026-03,PLUSPETROL CUENCA NEUQUINA S.R.L.,3714.4264516129
2026,3,2026-03,PLUSPETROL S.A.,6874.23722580645
2026,3,2026-03,QUINTANA E&P ARGENTINA S.R.L.,1298.31967780266
2026,3,2026-03,RECURSOS Y ENERGIA FORMOSA S.A.,71.7258064516129
2026,3,2026-03,ROCH S.A.,1007.79138709677
2026,3,2026-03,SAN JORGE PETROLEUM S.A.,0
2026,3,2026-03,SELVA MARIA OIL S.A.,0
2026,3,2026-03,SHELL ARGENTINA S.A.,5244.96322580645
2026,3,2026-03,TECPETROL S.A.,3088.57606451613
2026,3,2026-03,TOTAL AUSTRAL S.A.,1104.34522580645
2026,3,2026-03,VACA MUERTA INVERSIONES SAU,732.106129032258
2026,3,2026-03,VENOIL S.A.,257.16064516129
2026,3,2026-03,VISTA ENERGY ARGENTINA SAU,12585.6903225806
2026,3,2026-03,YPF S.A.,59856.2332258064
2026,4,2026-04,ALIANZA PETROLERA ARGENTINA S.A.,1.06666666666667
2026,4,2026-04,ARGENTA ENERGIA S.A.,0
2026,4,2026-04,AZRUGE S.A.,17.6633333333333
2026,4,2026-04,BENTIA ENERGY S.A.,513.114333333333
2026,4,2026-04,BREST S.A. DE SERVICIOS PETROLEROS,451.518666666667
2026,4,2026-04,CAPETROL ARGENTINA S.A.,0
2026,4,2026-04,CAPETROL S.A.,0
2026,4,2026-04,CAPEX S.A.,1537.70733333333
2026,4,2026-04,CHEVRON ARGENTINA S.R.L.,3860.144
2026,4,2026-04,Clear Petroleum S.A.,1322.06566666667
2026,4,2026-04,COLHUE HUAPI S.A.,53.8
2026,4,2026-04,COMPAÑÍA GENERAL DE COMBUSTIBLES S.A.,2551.00533333333
2026,4,2026-04,COMPAÑÍAS ASOCIADAS PETROLERAS S.A.,1707.47733333333
2026,4,2026-04,CONTINENTAL RESOURCES ARGENTINA SAU.,0
2026,4,2026-04,COPESA CIA CONSTRUCTORA PETROLERA SA,37.318
2026,4,2026-04,CROWN POINT ENERGIA S.A.,1103.83636666667
2026,4,2026-04,EDHIPSA,93.0683333333333
2026,4,2026-04,E.M.E.S.A,25.4403666666667
2026,4,2026-04,ENERGICON S.A.,0
2026,4,2026-04,FLXS OGE S.A ,34.7973333333333
2026,4,2026-04,FOMICRUZ S.E.,6.58666666666667
2026,4,2026-04,GEOPARK ARGENTINA S.A.,243.454
2026,4,2026-04,GEOPETROL DRILLING S.A.,3.45066666666667
2026,4,2026-04,G Y G OIL SERVICE SRL,6.53366666666667
2026,4,2026-04,HATTRICK ENERGY SAS,147.095333333333
2026,4,2026-04,HIGH LUCK GROUP LTD. - SUCURSAL ARGENTINA,15.9083896366667
2026,4,2026-04,INGENIERIA ALPA S.A.,39.707
2026,4,2026-04,INGENIERIA SIMA S.A.,0
2026,4,2026-04,INTEROIL ARGENTINA S A,20.5277988476667
2026,4,2026-04,JUJUY HIDROCARBUROS SAU,26.8203666666667
2026,4,2026-04,MEDANITO S.A.,7.32473333333333
2026,4,2026-04,OILSTONE ENERGIA S.A.,235.814491766667
2026,4,2026-04,PAMPA ENERGIA S.A.,3270.014
2026,4,2026-04,PAMPETROL S.A.P.E.M,39.052
2026,4,2026-04,PAN AMERICAN ENERGY SL,15052.2893333333
2026,4,2026-04,PATAGONIA ENERGY S.A.,22.4676333333333
2026,4,2026-04,PATAGONIA RESOURCES S.A. ,1151.21116666667
2026,4,2026-04,PECOM SERVICIOS ENERGIA SAU,1350.264
2026,4,2026-04,PETROFARO S.A.,1
2026,4,2026-04,PETROLEOS SUDAMERICANOS S.A.,2132.08866666667
2026,4,2026-04,PETROLERA DEL COMAHUE S.A.,0
2026,4,2026-04,PETROLERA PAMPA S.A. ,0
2026,4,2026-04,PETROLERA SAN MIGUEL S.A.,0
2026,4,2026-04,PETROLERA SANTA MARIA SAU,303.112333333333
2026,4,2026-04,PETROLSUR ENERGIA S.A. ,0.526
2026,4,2026-04,PETROQUIMICA COMODORO RIVADAVIA S.A.,1278.361
2026,4,2026-04,PHOENIX GLOBAL RESOURCES S.A.,3467.0735
2026,4,2026-04,Pilgrim Energy S.A.,31.301
2026,4,2026-04,PLUSPETROL CUENCA NEUQUINA S.R.L.,3943.85733333333
2026,4,2026-04,PLUSPETROL S.A.,7162.21286666667
2026,4,2026-04,QUINTANA E&P ARGENTINA S.R.L.,1294.399
2026,4,2026-04,RECURSOS Y ENERGIA FORMOSA S.A.,70.8616666666667
2026,4,2026-04,ROCH S.A.,996.960866666667
2026,4,2026-04,SAN JORGE PETROLEUM S.A.,0
2026,4,2026-04,SELVA MARIA OIL S.A.,0
2026,4,2026-04,SHELL ARGENTINA S.A.,4963.07033333333
2026,4,2026-04,TANGO ENERGY ARGENTINA S.A.,1160.5464
2026,4,2026-04,TECPETROL S.A.,3271.204
2026,4,2026-04,TOTAL AUSTRAL S.A.,1150.5032
2026,4,2026-04,VACA MUERTA INVERSIONES SAU,730.091333333333
2026,4,2026-04,VENOIL S.A.,247.142
2026,4,2026-04,VISTA ENERGY ARGENTINA SAU,12704.5096666667
2026,4,2026-04,YPF S.A.,60845.633
2026,5,2026-05,ALIANZA PETROLERA ARGENTINA S.A.,1.08387096774194
2026,5,2026-05,ARGENTA ENERGIA S.A.,0
2026,5,2026-05,AZRUGE S.A.,20.9470967741936
2026,5,2026-05,BENTIA ENERGY S.A.,523.435806451613
2026,5,2026-05,BREST S.A. DE SERVICIOS PETROLEROS,449.131612903226
2026,5,2026-05,CAPETROL ARGENTINA S.A.,0
2026,5,2026-05,CAPETROL S.A.,0
2026,5,2026-05,CAPEX S.A.,1577.99129032258
2026,5,2026-05,CHEVRON ARGENTINA S.R.L.,3907.86870967742
2026,5,2026-05,Clear Petroleum S.A.,1311.56806451613
2026,5,2026-05,COLHUE HUAPI S.A.,56.8387096774194
2026,5,2026-05,COMPAÑÍA GENERAL DE COMBUSTIBLES S.A.,2551.39064516129
2026,5,2026-05,COMPAÑÍAS ASOCIADAS PETROLERAS S.A.,1773.47451612903
2026,5,2026-05,CONTINENTAL RESOURCES ARGENTINA SAU.,0
2026,5,2026-05,COPESA CIA CONSTRUCTORA PETROLERA SA,47.011935483871
2026,5,2026-05,CROWN POINT ENERGIA S.A.,1106.58164516129
2026,5,2026-05,EDHIPSA,98.6058064516129
2026,5,2026-05,E.M.E.S.A,26.2391612903226
2026,5,2026-05,ENERGICON S.A.,0
2026,5,2026-05,FLXS OGE S.A ,39.8248387096774
2026,5,2026-05,FOMICRUZ S.E.,12.1387096774194
2026,5,2026-05,GEOPARK ARGENTINA S.A.,233.93064516129
2026,5,2026-05,GEOPETROL DRILLING S.A.,3.13548387096774
2026,5,2026-05,G Y G OIL SERVICE SRL,5.63258064516129
2026,5,2026-05,HATTRICK ENERGY SAS,148.351612903226
2026,5,2026-05,HIGH LUCK GROUP LTD. - SUCURSAL ARGENTINA,15.6514838709677
2026,5,2026-05,INGENIERIA ALPA S.A.,38.6677419354839
2026,5,2026-05,INGENIERIA SIMA S.A.,0
2026,5,2026-05,INTEROIL ARGENTINA S A,21.0874855322581
2026,5,2026-05,JUJUY HIDROCARBUROS SAU,27.0298387096774
2026,5,2026-05,MEDANITO S.A.,7.22441935483871
2026,5,2026-05,OILSTONE ENERGIA S.A.,237.313844935484
2026,5,2026-05,PAMPA ENERGIA S.A.,4098.74935483871
2026,5,2026-05,PAMPETROL S.A.P.E.M,37.561935483871
2026,5,2026-05,PAN AMERICAN ENERGY SL,15542.3735483871
2026,5,2026-05,PATAGONIA ENERGY S.A.,20.4812903225806
2026,5,2026-05,PATAGONIA RESOURCES S.A. ,1159.99603225806
2026,5,2026-05,PECOM SERVICIOS ENERGIA SAU,5331.26706451613
2026,5,2026-05,PETROFARO S.A.,1
2026,5,2026-05,PETROLEOS SUDAMERICANOS S.A.,2186.11587096774
2026,5,2026-05,PETROLERA DEL COMAHUE S.A.,0
2026,5,2026-05,PETROLERA PAMPA S.A. ,0
2026,5,2026-05,PETROLERA SAN MIGUEL S.A.,0
2026,5,2026-05,PETROLERA SANTA MARIA SAU,335.573225806452
2026,5,2026-05,PETROLSUR ENERGIA S.A. ,0.791935483870968
2026,5,2026-05,PETROQUIMICA COMODORO RIVADAVIA S.A.,1243.22741935484
2026,5,2026-05,PHOENIX GLOBAL RESOURCES S.A.,3717.57780645161
2026,5,2026-05,Pilgrim Energy S.A.,28.3896774193548
2026,5,2026-05,PLUSPETROL CUENCA NEUQUINA S.R.L.,4608.31258064516
2026,5,2026-05,PLUSPETROL S.A.,7282.72048387097
2026,5,2026-05,QUINTANA E&P ARGENTINA S.R.L.,1321.19096774194
2026,5,2026-05,RECURSOS Y ENERGIA FORMOSA S.A.,77.1625806451613
2026,5,2026-05,ROCH S.A.,941.219548387097
2026,5,2026-05,SAN JORGE PETROLEUM S.A.,0
2026,5,2026-05,SELVA MARIA OIL S.A.,0
2026,5,2026-05,SHELL ARGENTINA S.A.,4887.90870967742
2026,5,2026-05,TANGO ENERGY ARGENTINA S.A.,1187.08170967742
2026,5,2026-05,TECPETROL S.A.,3218.64067741936
2026,5,2026-05,TOTAL AUSTRAL S.A.,1244.38725806452
2026,5,2026-05,VACA MUERTA INVERSIONES SAU,641.722903225806
2026,5,2026-05,VELITEC S.A.,176.33535483871
2026,5,2026-05,VENOIL S.A.,243.246451612903
2026,5,2026-05,VISTA ENERGY ARGENTINA SAU,13064.0990322581
2026,5,2026-05,YPF S.A.,55392.7448387097
2026,6,2026-06,ALIANZA PETROLERA ARGENTINA S.A.,1.06666666666667
2026,6,2026-06,CAPETROL ARGENTINA S.A.,0
2026,6,2026-06,CAPETROL S.A.,0
2026,6,2026-06,CAPEX S.A.,1560.967
2026,6,2026-06,CHEVRON ARGENTINA S.R.L.,3669.06166666667
2026,6,2026-06,Clear Petroleum S.A.,1317.34266666667
2026,6,2026-06,COLHUE HUAPI S.A.,57.2333333333333
2026,6,2026-06,COMPAÑÍA GENERAL DE COMBUSTIBLES S.A.,2536.469
2026,6,2026-06,COMPAÑÍAS ASOCIADAS PETROLERAS S.A.,1791.61766666667
2026,6,2026-06,CONTINENTAL RESOURCES ARGENTINA SAU.,0
2026,6,2026-06,COPESA CIA CONSTRUCTORA PETROLERA SA,46.572
2026,6,2026-06,CROWN POINT ENERGIA S.A.,1110.2544
2026,6,2026-06,EDHIPSA,92.9756004
2026,6,2026-06,E.M.E.S.A,27.0197333333333
2026,6,2026-06,FLXS OGE S.A ,60.5616666666667
2026,6,2026-06,GEOPARK ARGENTINA S.A.,137.459333333333
2026,6,2026-06,GEOPETROL DRILLING S.A.,2.99
2026,6,2026-06,G Y G OIL SERVICE SRL,5.432
2026,6,2026-06,HIGH LUCK GROUP LTD. - SUCURSAL ARGENTINA,14.91644379
2026,6,2026-06,INGENIERIA ALPA S.A.,35.8593333333333
2026,6,2026-06,INGENIERIA SIMA S.A.,0
2026,6,2026-06,JUJUY HIDROCARBUROS SAU,27.0744333333333
2026,6,2026-06,PAMPA ENERGIA S.A.,3302.14833333333
2026,6,2026-06,PATAGONIA ENERGY S.A.,9.74266666666667
2026,6,2026-06,PATAGONIA RESOURCES S.A. ,1139.92383333333
2026,6,2026-06,PECOM SERVICIOS ENERGIA SAU,5321.51933333333
2026,6,2026-06,PETROFARO S.A.,0.266666666666667
2026,6,2026-06,PETROLEOS SUDAMERICANOS S.A.,2196.7687
2026,6,2026-06,PETROLERA PAMPA S.A. ,0
2026,6,2026-06,PETROLERA SAN MIGUEL S.A.,0
2026,6,2026-06,PETROLERA SANTA MARIA SAU,312.386
2026,6,2026-06,PLUSPETROL CUENCA NEUQUINA S.R.L.,6378.973
2026,6,2026-06,PLUSPETROL S.A.,7718.77456666667
2026,6,2026-06,QUINTANA E&P ARGENTINA S.R.L.,1332.17801254865
2026,6,2026-06,RECURSOS Y ENERGIA FORMOSA S.A.,104.827666666667
2026,6,2026-06,SAN JORGE PETROLEUM S.A.,0
2026,6,2026-06,SHELL ARGENTINA S.A.,6293.12566666667
2026,6,2026-06,TANGO ENERGY ARGENTINA S.A.,1168.06163333333
2026,6,2026-06,TECPETROL S.A.,3143.99483333333
2026,6,2026-06,TOTAL AUSTRAL S.A.,1257.66106666667
2026,6,2026-06,VACA MUERTA INVERSIONES SAU,672.160333333333
2026,6,2026-06,VENOIL S.A.,239.119333333333
2026,6,2026-06,VISTA ENERGY ARGENTINA SAU,12707.4646666667
2026,6,2026-06,YPF S.A.,54847.0636666667
